"DateTime","Temperature","Dew Point","Relative Humidity"
"2024-07-31 20:52:00",28.9,20.62,60.97
"2024-07-31 21:52:00",27.8,20.61,64.99
"2024-07-31 22:52:00",26.7,20.61,69.31
"2024-07-31 23:52:00",25.6,20.6,73.95
"2024-08-01 00:52:00",24.4,20.6,79.42
"2024-08-01 01:52:00",23.9,20.6,81.83
"2024-08-01 02:52:00",22.2,19.99,87.39
"2024-08-01 03:52:00",21.7,20,90.09
"2024-08-01 04:52:00",21.7,20,90.09
"2024-08-01 05:52:00",21.1,20,93.45
"2024-08-01 06:52:00",22.2,20.6,90.68
"2024-08-01 07:52:00",26.1,20,69.19
"2024-08-01 08:52:00",29.4,19.43,55
"2024-08-01 09:52:00",32.2,19.47,46.9
"2024-08-01 10:52:00",32.8,20.67,48.83
"2024-08-01 11:52:00",34.4,21.2,46.06
"2024-08-01 12:52:00",34.4,20.1,43.04
"2024-08-01 13:52:00",33.9,20.09,44.25
"2024-08-01 14:52:00",36.1,19.04,36.61
"2024-08-01 15:52:00",35.6,19.53,38.81
"2024-08-01 16:52:00",32.8,20.08,47.06
"2024-08-01 17:52:00",32.8,20.67,48.83
"2024-08-01 18:52:00",33.9,20.69,45.92
"2024-08-01 19:52:00",33.3,20.68,47.48
"2024-08-01 20:52:00",31.1,20.05,51.8
"2024-08-01 21:52:00",29.4,20.63,59.24
"2024-08-01 22:52:00",29.4,21.13,61.09
"2024-08-01 23:52:00",28.9,21.72,65.22
"2024-08-02 00:52:00",27.8,21.71,69.52
"2024-08-02 01:52:00",27.8,22.21,71.67
"2024-08-02 02:52:00",26.7,21.71,74.14
"2024-08-02 03:52:00",26.1,22.2,79.18
"2024-08-02 04:52:00",25.6,22.2,81.55
"2024-08-02 05:52:00",25,22.2,84.51
"2024-08-02 06:52:00",25,22.8,87.64
"2024-08-02 07:52:00",26.7,22.8,79.26
"2024-08-02 08:52:00",29.4,23.32,69.82
"2024-08-02 09:52:00",31.1,22.24,59.28
"2024-08-02 10:52:00",32.8,22.26,53.85
"2024-08-02 11:52:00",35,21.21,44.55
"2024-08-02 12:52:00",36.1,21.23,41.94
"2024-08-02 13:52:00",36.1,20.73,40.67
"2024-08-02 14:52:00",37.2,20.16,36.91
"2024-08-02 15:52:00",37.8,19.58,34.43
"2024-08-02 16:52:00",36.1,19.54,37.76
"2024-08-02 17:52:00",33.3,18.99,42.74
"2024-08-02 18:52:00",32.8,20.08,47.06
"2024-08-02 19:52:00",33.3,20.68,47.48
"2024-08-02 20:52:00",29.4,21.13,61.09
"2024-08-02 21:52:00",28.3,19.42,58.61
"2024-08-02 22:52:00",27.2,19.41,62.49
"2024-08-02 23:52:00",25.6,20,71.26
"2024-08-03 00:52:00",25,20,73.85
"2024-08-03 01:52:00",25,20,73.85
"2024-08-03 02:52:00",24.4,20,76.54
"2024-08-03 03:52:00",23.9,20.6,81.83
"2024-08-03 04:52:00",23.3,21.1,87.49
"2024-08-03 05:52:00",23.3,21.1,87.49
"2024-08-03 06:52:00",23.3,21.1,87.49
"2024-08-03 07:52:00",23.9,21.7,87.54
"2024-08-03 08:52:00",25.6,21.7,79.1
"2024-08-03 09:52:00",27.8,21.71,69.52
"2024-08-03 10:52:00",30,21.73,61.22
"2024-08-03 11:52:00",32.2,21.16,52.08
"2024-08-03 12:52:00",34.4,20.7,44.66
"2024-08-03 13:52:00",35,20.71,43.21
"2024-08-03 14:52:00",35.6,20.12,40.28
"2024-08-03 15:52:00",35.6,20.72,41.8
"2024-08-03 16:52:00",28.3,18.92,56.82
"2024-08-03 17:52:00",21.7,19.39,86.8
"2024-08-03 18:52:00",22.8,21.1,90.17
"2024-08-03 19:52:00",23.3,21.7,90.75
"2024-08-03 20:52:00",23.3,21.7,90.75
"2024-08-03 21:52:00",22.8,21.7,93.54
"2024-08-03 22:52:00",22.8,21.7,93.54
"2024-08-03 23:52:00",22.8,21.7,93.54
"2024-08-04 00:52:00",22.8,21.7,93.54
"2024-08-04 01:52:00",22.8,21.7,93.54
"2024-08-04 02:52:00",22.2,21.1,93.51
"2024-08-04 03:52:00",22.2,21.1,93.51
"2024-08-04 04:52:00",22.2,21.1,93.51
"2024-08-04 05:52:00",22.2,21.1,93.51
"2024-08-04 06:52:00",22.2,21.1,93.51
"2024-08-04 07:52:00",22.8,21.7,93.54
"2024-08-04 08:52:00",23.9,22.2,90.25
"2024-08-04 09:52:00",26.1,21.1,74.03
"2024-08-04 10:52:00",27.2,21.11,69.4
"2024-08-04 11:52:00",28.3,21.12,65.09
"2024-08-04 12:52:00",28.9,19.43,56.61
"2024-08-04 13:52:00",30.6,20.64,55.3
"2024-08-04 14:52:00",31.7,20.65,51.95
"2024-08-04 15:52:00",31.7,20.65,51.95
"2024-08-04 16:52:00",26.1,22.8,82.11
"2024-08-04 17:52:00",28.9,21.72,65.22
"2024-08-04 18:52:00",29.4,20.63,59.24
"2024-08-04 19:52:00",27.8,21.11,67.01
"2024-08-04 20:52:00",26.1,22.2,79.18
"2024-08-04 21:52:00",25.6,22.2,81.55
"2024-08-04 22:52:00",25,22.8,87.64
"2024-08-04 23:52:00",24.4,22.2,87.58
"2024-08-05 00:52:00",24.4,22.2,87.58
"2024-08-05 01:52:00",23.3,22.2,93.56
"2024-08-05 02:52:00",22.8,21.7,93.54
"2024-08-05 03:52:00",21.7,20.6,93.48
"2024-08-05 04:52:00",21.1,20.6,96.98
"2024-08-05 05:52:00",21.7,20.6,93.48
"2024-08-05 06:52:00",22.8,21.1,90.17
"2024-08-05 07:52:00",25,21.1,79.02
"2024-08-05 08:52:00",27.8,20.02,62.63
"2024-08-05 09:52:00",30,18.94,51.51
"2024-08-05 10:52:00",31.7,18.36,45.04
"2024-08-05 11:52:00",32.2,17.28,40.86
"2024-08-05 12:52:00",32.8,17.89,41.03
"2024-08-05 13:52:00",33.3,17.89,39.89
"2024-08-05 14:52:00",35.6,14.56,28.28
"2024-08-05 15:52:00",35.6,15.76,30.55
"2024-08-05 16:52:00",35,17.93,36.3
"2024-08-05 17:52:00",34.4,17.92,37.53
"2024-08-05 18:52:00",33.3,17.3,38.41
"2024-08-05 19:52:00",31.1,21.15,55.43
"2024-08-05 20:52:00",29.4,22.22,65.33
"2024-08-05 21:52:00",28.3,22.21,69.61
"2024-08-05 22:52:00",28.3,22.81,72.19
"2024-08-05 23:52:00",27.8,22.81,74.32
"2024-08-06 00:52:00",27.2,23.31,79.33
"2024-08-06 01:52:00",26.7,23.3,81.69
"2024-08-06 02:52:00",26.1,23.9,87.73
"2024-08-06 03:52:00",25.6,23.9,90.36
"2024-08-06 04:52:00",25.6,23.9,90.36
"2024-08-06 05:52:00",25,23.9,93.64
"2024-08-06 06:52:00",25,23.9,93.64
"2024-08-06 07:52:00",25.6,23.9,90.36
"2024-08-06 08:52:00",27.2,23.9,82.24
"2024-08-06 09:52:00",29.4,23.32,69.82
"2024-08-06 10:52:00",31.1,23.34,63.36
"2024-08-06 11:52:00",32.2,23.35,59.53
"2024-08-06 12:52:00",32.8,21.77,52.24
"2024-08-06 13:52:00",34.4,21.2,46.06
"2024-08-06 14:52:00",35,20.71,43.21
"2024-08-06 15:52:00",35,21.8,46.22
"2024-08-06 16:52:00",34.4,20.1,43.04
"2024-08-06 19:52:00",30,22.83,65.45
"2024-08-06 20:52:00",29.4,21.73,63.37
"2024-08-06 21:52:00",28.3,22.21,69.61
"2024-08-06 22:52:00",27.8,20.02,62.63
"2024-08-06 23:52:00",26.7,20.61,69.31
"2024-08-07 00:52:00",25.6,20,71.26
"2024-08-07 01:52:00",24.4,20,76.54
"2024-08-07 02:52:00",25,20.6,76.63
"2024-08-07 03:52:00",25,21.7,81.97
"2024-08-07 04:52:00",25,21.7,81.97
"2024-08-07 05:52:00",24.4,21.7,84.96
"2024-08-07 06:52:00",24.4,22.2,87.58
"2024-08-07 07:52:00",25,22.2,84.51
"2024-08-07 08:52:00",25,21.7,81.97
"2024-08-07 09:52:00",26.1,21.7,76.8
"2024-08-07 10:52:00",27.2,21.71,72
"2024-08-07 11:52:00",28.9,21.72,65.22
"2024-08-07 12:52:00",29.4,21.13,61.09
"2024-08-07 13:52:00",31.7,22.25,57.29
"2024-08-07 14:52:00",31.7,21.75,55.58
"2024-08-07 15:52:00",31.7,21.75,55.58
"2024-08-07 16:52:00",30.6,22.24,60.99
"2024-08-07 17:52:00",28.9,22.22,67.24
"2024-08-07 18:52:00",27.8,22.81,74.32
"2024-08-07 19:52:00",27.2,22.81,76.97
"2024-08-07 20:52:00",26.7,22.8,79.26
"2024-08-07 21:52:00",26.7,22.8,79.26
"2024-08-07 22:52:00",26.1,22.8,82.11
"2024-08-07 23:52:00",25.6,22.8,84.57
"2024-08-08 00:52:00",25.6,22.8,84.57
"2024-08-08 01:52:00",24.4,22.8,90.83
"2024-08-08 02:52:00",24.4,22.2,87.58
"2024-08-08 03:52:00",23.9,22.8,93.59
"2024-08-08 04:52:00",23.3,22.2,93.56
"2024-08-08 05:52:00",23.3,22.2,93.56
"2024-08-08 06:52:00",23.3,22.8,97.03
"2024-08-08 07:52:00",23.9,22.8,93.59
"2024-08-08 08:52:00",24.4,22.8,90.83
"2024-08-08 09:52:00",25,22.8,87.64
"2024-08-08 10:52:00",25,23.3,90.32
"2024-08-08 11:52:00",25.6,23.3,87.16
"2024-08-08 12:52:00",25.6,23.9,90.36
"2024-08-08 13:52:00",25.6,23.9,90.36
"2024-08-08 14:52:00",25,23.9,93.64
"2024-08-08 15:52:00",25,23.9,93.64
"2024-08-08 16:52:00",25.6,23.9,90.36
"2024-08-08 17:52:00",25.6,24.4,93.11
"2024-08-08 18:52:00",25.6,24.4,93.11
"2024-08-08 19:52:00",25.6,24.4,93.11
"2024-08-08 20:52:00",25.6,24.4,93.11
"2024-08-08 21:52:00",25.6,24.4,93.11
"2024-08-08 22:52:00",26.1,24.4,90.4
"2024-08-08 23:52:00",26.1,24.4,90.4
"2024-08-09 00:52:00",26.1,23.9,87.73
"2024-08-09 01:52:00",26.7,23.9,84.69
"2024-08-09 02:52:00",26.7,23.9,84.69
"2024-08-09 03:52:00",26.7,23.9,84.69
"2024-08-09 04:52:00",27.2,23.31,79.33
"2024-08-09 05:52:00",25.6,23.9,90.36
"2024-08-09 06:52:00",25.6,23.3,87.16
"2024-08-09 07:52:00",25.6,23.3,87.16
"2024-08-09 08:52:00",26.1,23.3,84.63
"2024-08-09 09:52:00",25.6,23.3,87.16
"2024-08-09 10:52:00",25.6,23.3,87.16
"2024-08-09 11:52:00",24.4,22.8,90.83
"2024-08-09 12:52:00",24.4,23.3,93.61
"2024-08-09 13:52:00",25.6,23.3,87.16
"2024-08-09 14:52:00",26.1,23.3,84.63
"2024-08-09 15:52:00",27.2,23.9,82.24
"2024-08-09 16:52:00",29.4,24.42,74.59
"2024-08-09 17:52:00",28.9,23.92,74.51
"2024-08-09 18:52:00",28.9,24.41,76.77
"2024-08-09 19:52:00",28.3,25.01,82.38
"2024-08-09 20:52:00",27.2,25,87.83
"2024-08-09 21:52:00",26.1,25,93.69
"2024-08-09 22:52:00",25.6,23.9,90.36
"2024-08-09 23:52:00",23.9,22.8,93.59
"2024-08-10 00:52:00",24.4,21.1,81.9
"2024-08-10 01:52:00",25.6,21.1,76.26
"2024-08-10 02:52:00",25,21.1,79.02
"2024-08-10 03:52:00",22.8,21.1,90.17
"2024-08-10 04:52:00",21.7,20,90.09
"2024-08-10 05:52:00",21.7,20.6,93.48
"2024-08-10 06:52:00",21.7,20,90.09
"2024-08-10 07:52:00",24.4,20,76.54
"2024-08-10 08:52:00",26.1,19.4,66.66
"2024-08-10 09:52:00",27.8,19.42,60.34
"2024-08-10 10:52:00",28.9,18.93,54.88
"2024-08-10 11:52:00",30,19.44,53.14
"2024-08-10 12:52:00",30.6,18.95,49.78
"2024-08-10 13:52:00",31.1,18.36,46.6
"2024-08-10 14:52:00",30,18.34,49.62
"2024-08-10 15:52:00",31.7,18.36,45.04
"2024-08-10 16:52:00",30.6,17.85,46.46
"2024-08-10 17:52:00",30.6,18.95,49.78
"2024-08-10 18:52:00",29.4,18.34,51.36
"2024-08-10 19:52:00",28.9,17.83,51.23
"2024-08-10 20:52:00",28.9,15.04,42.87
"2024-08-10 21:52:00",28.3,14.43,42.7
"2024-08-10 22:52:00",24.4,18.29,68.85
"2024-08-10 23:52:00",26.1,15,50.48
"2024-08-11 00:52:00",25.6,13.3,46.58
"2024-08-11 01:52:00",24.4,13.89,52.02
"2024-08-11 02:52:00",23.3,14.38,57.39
"2024-08-11 03:52:00",20,14.98,72.97
"2024-08-11 04:52:00",18.3,14.98,81.11
"2024-08-11 05:52:00",20.6,14.38,67.65
"2024-08-11 06:52:00",20.6,14.38,67.65
"2024-08-11 07:52:00",21.1,14.38,65.6
"2024-08-11 08:52:00",21.7,13.88,61.23
"2024-08-11 09:52:00",22.8,13.88,57.27
"2024-08-11 10:52:00",23.9,14.39,55.36
"2024-08-11 11:52:00",24.4,13.89,52.02
"2024-08-11 12:52:00",26.7,12.21,40.62
"2024-08-11 13:52:00",27.2,12.82,41.03
"2024-08-11 14:52:00",27.8,12.83,39.62
"2024-08-11 15:52:00",28.9,13.34,38.41
"2024-08-11 16:52:00",28.3,11.73,35.8
"2024-08-11 17:52:00",27.8,12.83,39.62
"2024-08-11 18:52:00",27.8,12.83,39.62
"2024-08-11 19:52:00",26.1,12.81,43.77
"2024-08-11 20:52:00",22.8,13.88,57.27
"2024-08-11 21:52:00",21.7,14.38,63.24
"2024-08-11 22:52:00",20,14.98,72.97
"2024-08-11 23:52:00",20,14.98,72.97
"2024-08-12 00:52:00",19.4,14.38,72.86
"2024-08-12 01:52:00",17.8,14.98,83.69
"2024-08-12 02:52:00",17.2,14.38,83.62
"2024-08-12 03:52:00",17.8,14.38,80.52
"2024-08-12 04:52:00",18.3,14.38,78.03
"2024-08-12 05:52:00",16.7,14.38,86.31
"2024-08-12 06:52:00",16.7,13.88,83.56
"2024-08-12 07:52:00",20.6,12.77,60.97
"2024-08-12 08:52:00",22.8,13.28,55.08
"2024-08-12 09:52:00",25,13.3,48.27
"2024-08-12 10:52:00",26.1,12.21,42.08
"2024-08-12 11:52:00",27.2,12.22,39.45
"2024-08-12 12:52:00",27.2,12.22,39.45
"2024-08-12 13:52:00",27.2,12.22,39.45
"2024-08-12 14:52:00",27.2,12.22,39.45
"2024-08-12 15:52:00",28.9,12.84,37.17
"2024-08-12 16:52:00",27.2,12.22,39.45
"2024-08-12 17:52:00",28.3,11.73,35.8
"2024-08-12 18:52:00",27.8,12.23,38.09
"2024-08-12 19:52:00",26.1,12.21,42.08
"2024-08-12 20:52:00",21.7,13.88,61.23
"2024-08-12 21:52:00",20.6,13.87,65.49
"2024-08-12 22:52:00",23.9,13.29,51.55
"2024-08-12 23:52:00",21.1,13.87,63.51
"2024-08-13 00:52:00",20,13.87,67.96
"2024-08-13 01:52:00",18.3,13.88,75.55
"2024-08-13 02:52:00",17.8,13.27,74.97
"2024-08-13 03:52:00",18.3,13.88,75.55
"2024-08-13 04:52:00",20,13.27,65.36
"2024-08-13 05:52:00",19.4,13.27,67.84
"2024-08-13 06:52:00",19.4,13.27,67.84
"2024-08-13 07:52:00",21.1,13.87,63.51
"2024-08-13 08:52:00",23.3,14.38,57.39
"2024-08-13 09:52:00",25,13.9,50.19
"2024-08-13 10:52:00",26.1,13.3,45.22
"2024-08-13 11:52:00",27.2,13.32,42.39
"2024-08-13 12:52:00",27.2,11.12,36.69
"2024-08-13 13:52:00",27.8,11.13,35.42
"2024-08-13 14:52:00",28.9,12.84,37.17
"2024-08-13 15:52:00",27.2,12.22,39.45
"2024-08-13 16:52:00",28.9,11.14,33.23
"2024-08-13 17:52:00",28.3,12.23,37
"2024-08-13 18:52:00",27.8,11.73,36.86
"2024-08-13 19:52:00",25.6,12.2,43.35
"2024-08-13 20:52:00",22.2,12.17,53.15
"2024-08-13 21:52:00",20.6,13.27,62.99
"2024-08-13 22:52:00",20.6,13.27,62.99
"2024-08-13 23:52:00",20.6,13.87,65.49
"2024-08-14 00:52:00",19.4,13.87,70.54
"2024-08-14 01:52:00",19.4,14.38,72.86
"2024-08-14 02:52:00",18.9,14.38,75.16
"2024-08-14 03:52:00",18.9,14.98,78.12
"2024-08-14 04:52:00",17.8,14.38,80.52
"2024-08-14 05:52:00",17.2,14.99,86.92
"2024-08-14 06:52:00",17.8,14.98,83.69
"2024-08-14 07:52:00",19.4,15.58,78.7
"2024-08-14 08:52:00",23.3,15.59,62
"2024-08-14 09:52:00",25,15.6,56
"2024-08-14 10:52:00",26.7,14.41,46.88
"2024-08-14 11:52:00",27.8,15.02,45.7
"2024-08-14 12:52:00",28.3,15.03,44.39
"2024-08-14 13:52:00",28.9,15.04,42.87
"2024-08-14 14:52:00",28.9,14.44,41.25
"2024-08-14 15:52:00",28.9,13.94,39.93
"2024-08-14 16:52:00",29.4,13.95,38.8
"2024-08-14 17:52:00",28.3,13.93,41.34
"2024-08-14 18:52:00",27.2,14.42,45.53
"2024-08-14 19:52:00",25.6,13.9,48.43
"2024-08-14 20:52:00",21.7,14.38,63.24
"2024-08-14 21:52:00",19.4,14.38,72.86
"2024-08-14 22:52:00",19.4,14.38,72.86
"2024-08-14 23:52:00",19.4,14.98,75.73
"2024-08-15 00:52:00",17.8,14.98,83.69
"2024-08-15 01:52:00",17.2,14.99,86.92
"2024-08-15 02:52:00",16.1,14.39,89.67
"2024-08-15 03:52:00",18.3,14.38,78.03
"2024-08-15 04:52:00",18.3,14.98,81.11
"2024-08-15 05:52:00",18.9,14.98,78.12
"2024-08-15 06:52:00",18.3,14.98,81.11
"2024-08-15 07:52:00",20.6,15.58,73.07
"2024-08-15 08:52:00",23.9,16.09,61.74
"2024-08-15 09:52:00",26.1,15.6,52.46
"2024-08-15 10:52:00",27.2,15.61,49.18
"2024-08-15 11:52:00",28.9,15.63,44.55
"2024-08-15 12:52:00",30,15.05,40.24
"2024-08-15 13:52:00",30.6,14.46,37.41
"2024-08-15 14:52:00",31.1,15.07,37.8
"2024-08-15 15:52:00",31.1,13.97,35.2
"2024-08-15 16:52:00",31.1,13.97,35.2
"2024-08-15 17:52:00",30,14.45,38.72
"2024-08-15 18:52:00",28.3,14.43,42.7
"2024-08-15 19:52:00",26.7,14.41,46.88
"2024-08-15 20:52:00",24.4,15.59,58.04
"2024-08-15 21:52:00",23.9,15.59,59.8
"2024-08-15 22:52:00",23.9,15.59,59.8
"2024-08-15 23:52:00",21.7,16.08,70.53
"2024-08-16 00:52:00",21.1,15.58,70.86
"2024-08-16 01:52:00",19.4,15.58,78.7
"2024-08-16 02:52:00",18.3,15.58,84.29
"2024-08-16 03:52:00",18.3,15.58,84.29
"2024-08-16 04:52:00",16.7,14.99,89.71
"2024-08-16 05:52:00",16.7,15.59,93.23
"2024-08-16 06:52:00",17.2,16.09,93.26
"2024-08-16 07:52:00",20.6,17.19,80.9
"2024-08-16 08:52:00",21.7,17.79,78.54
"2024-08-16 09:52:00",25,18.3,66.43
"2024-08-16 10:52:00",26.7,17.81,58.23
"2024-08-16 11:52:00",28.9,17.83,51.23
"2024-08-16 12:52:00",28.9,17.23,49.32
"2024-08-16 13:52:00",30.6,17.25,44.74
"2024-08-16 14:52:00",30,17.84,48.09
"2024-08-16 15:52:00",31.1,17.86,45.16
"2024-08-16 16:52:00",30,17.84,48.09
"2024-08-16 17:52:00",29.4,17.24,47.92
"2024-08-16 18:52:00",28.9,17.83,51.23
"2024-08-16 19:52:00",28.3,17.82,53.04
"2024-08-16 20:52:00",27.2,17.81,56.55
"2024-08-16 21:52:00",26.7,17.81,58.23
"2024-08-16 22:52:00",26.1,17.8,60.32
"2024-08-16 23:52:00",26.1,18.3,62.24
"2024-08-17 00:52:00",25.6,17.8,62.13
"2024-08-17 01:52:00",24.4,17.19,64.25
"2024-08-17 02:52:00",22.8,18.29,75.81
"2024-08-17 03:52:00",22.8,18.89,78.7
"2024-08-17 04:52:00",22.2,18.89,81.62
"2024-08-17 05:52:00",21.7,18.89,84.14
"2024-08-17 06:52:00",22.2,18.89,81.62
"2024-08-17 07:52:00",22.8,19.39,81.19
"2024-08-17 08:52:00",23.3,19.39,78.77
"2024-08-17 09:52:00",23.9,19.39,75.98
"2024-08-17 10:52:00",26.1,20.6,71.8
"2024-08-17 11:52:00",28.3,21.12,65.09
"2024-08-17 12:52:00",28.9,21.72,65.22
"2024-08-17 13:52:00",29.4,21.13,61.09
"2024-08-17 14:52:00",29.4,21.73,63.37
"2024-08-17 15:52:00",29.4,21.73,63.37
"2024-08-17 16:52:00",26.1,18.9,64.62
"2024-08-17 17:52:00",25.6,22.2,81.55
"2024-08-17 18:52:00",23.9,20.6,81.83
"2024-08-17 19:52:00",22.8,21.1,90.17
"2024-08-17 20:52:00",22.8,21.1,90.17
"2024-08-17 21:52:00",22.2,20.6,90.68
"2024-08-17 22:52:00",21.7,20,90.09
"2024-08-17 23:52:00",21.7,20,90.09
"2024-08-18 00:52:00",22.2,20.6,90.68
"2024-08-18 01:52:00",21.7,20.6,93.48
"2024-08-18 02:52:00",21.7,20.6,93.48
"2024-08-18 03:52:00",21.7,20.6,93.48
"2024-08-18 04:52:00",22.2,21.1,93.51
"2024-08-18 05:52:00",22.2,21.1,93.51
"2024-08-18 06:52:00",22.2,21.1,93.51
"2024-08-18 07:52:00",22.2,21.7,97
"2024-08-18 08:52:00",22.8,22.2,96.43
"2024-08-18 09:52:00",23.9,22.2,90.25
"2024-08-18 10:52:00",25.6,21.7,79.1
"2024-08-18 11:52:00",27.8,21.71,69.52
"2024-08-18 12:52:00",29.4,21.73,63.37
"2024-08-18 13:52:00",30,21.73,61.22
"2024-08-18 14:52:00",29.4,21.13,61.09
"2024-08-18 15:52:00",30.6,20.64,55.3
"2024-08-18 16:52:00",30.6,20.04,53.29
"2024-08-18 17:52:00",26.1,20.6,71.8
"2024-08-18 18:52:00",23.9,20.6,81.83
"2024-08-18 19:52:00",23.3,22.2,93.56
"2024-08-18 20:52:00",23.3,21.7,90.75
"2024-08-18 21:52:00",22.8,21.7,93.54
"2024-08-18 22:52:00",23.3,22.2,93.56
"2024-08-18 23:52:00",22.2,21.1,93.51
"2024-08-19 00:52:00",21.7,20.6,93.48
"2024-08-19 01:52:00",21.7,20,90.09
"2024-08-19 02:52:00",20.6,20,96.37
"2024-08-19 03:52:00",21.1,19.39,90.04
"2024-08-19 04:52:00",21.1,18.89,87.29
"2024-08-19 05:52:00",21.7,18.29,81.04
"2024-08-19 06:52:00",20.6,18.29,86.69
"2024-08-19 07:52:00",22.8,18.89,78.7
"2024-08-19 08:52:00",24.4,18.89,71.48
"2024-08-19 09:52:00",24.4,18.29,68.85
"2024-08-19 10:52:00",25.6,18.3,64.11
"2024-08-19 11:52:00",26.7,18.31,60.08
"2024-08-19 12:52:00",27.8,18.32,56.34
"2024-08-19 13:52:00",28.9,17.83,51.23
"2024-08-19 14:52:00",29.4,17.84,49.77
"2024-08-19 15:52:00",27.8,17.22,52.57
"2024-08-19 16:52:00",26.7,18.31,60.08
"2024-08-19 17:52:00",26.7,17.21,56.07
"2024-08-19 18:52:00",26.7,16.11,52.29
"2024-08-19 19:52:00",25,16.7,60.06
"2024-08-19 20:52:00",23.3,17.19,68.63
"2024-08-19 21:52:00",22.8,17.19,70.74
"2024-08-19 22:52:00",22.8,15.59,63.9
"2024-08-19 23:52:00",22.2,15.58,66.26
"2024-08-20 00:52:00",21.7,14.38,63.24
"2024-08-20 01:52:00",21.1,13.87,63.51
"2024-08-20 02:52:00",20.6,13.27,62.99
"2024-08-20 03:52:00",19.4,13.27,67.84
"2024-08-20 04:52:00",18.3,13.27,72.66
"2024-08-20 05:52:00",17.8,12.77,72.57
"2024-08-20 06:52:00",16.1,12.78,80.81
"2024-08-20 07:52:00",18.3,12.77,70.32
"2024-08-20 08:52:00",20,11.66,58.85
"2024-08-20 09:52:00",19.4,11.66,61.08
"2024-08-20 10:52:00",19.4,11.06,58.71
"2024-08-20 11:52:00",20,11.06,56.56
"2024-08-20 12:52:00",21.1,9.97,49.13
"2024-08-20 13:52:00",22.2,9.97,45.94
"2024-08-20 14:52:00",23.3,9.38,41.28
"2024-08-20 15:52:00",22.2,8.87,42.66
"2024-08-20 16:52:00",20,8.25,46.88
"2024-08-20 17:52:00",22.2,8.27,40.97
"2024-08-20 18:52:00",21.7,7.76,40.82
"2024-08-20 19:52:00",20.6,7.15,41.91
"2024-08-20 20:52:00",18.9,7.75,48.51
"2024-08-20 21:52:00",16.7,8.25,57.64
"2024-08-20 22:52:00",16.7,8.85,60.03
"2024-08-20 23:52:00",15,8.85,66.91
"2024-08-21 00:52:00",15,9.36,69.2
"2024-08-21 01:52:00",14.4,8.85,69.55
"2024-08-21 02:52:00",12.8,8.26,74.1
"2024-08-21 03:52:00",12.8,8.26,74.1
"2024-08-21 04:52:00",11.7,8.26,79.65
"2024-08-21 05:52:00",10.6,7.77,82.82
"2024-08-21 06:52:00",11.7,7.76,76.99
"2024-08-21 07:52:00",13.9,9.36,74.3
"2024-08-21 08:52:00",17.2,8.85,58.16
"2024-08-21 09:52:00",18.9,8.85,52.27
"2024-08-21 10:52:00",20.6,8.26,45.18
"2024-08-21 11:52:00",21.7,7.76,40.82
"2024-08-21 12:52:00",22.2,8.27,40.97
"2024-08-21 13:52:00",23.3,7.78,37.05
"2024-08-21 14:52:00",23.9,7.19,34.3
"2024-08-21 15:52:00",22.8,7.17,36.65
"2024-08-21 16:52:00",24.4,7.19,33.29
"2024-08-21 17:52:00",23.3,6.68,34.36
"2024-08-21 18:52:00",23.3,6.68,34.36
"2024-08-21 19:52:00",20.6,7.15,41.91
"2024-08-21 20:52:00",19.4,7.75,47.03
"2024-08-21 21:52:00",16.7,8.25,57.64
"2024-08-21 22:52:00",14.4,8.85,69.55
"2024-08-21 23:52:00",13.3,8.86,74.69
"2024-08-22 00:52:00",12.8,8.86,77.17
"2024-08-22 01:52:00",12.2,8.87,80.27
"2024-08-22 02:52:00",12.2,8.87,80.27
"2024-08-22 03:52:00",11.7,8.87,82.95
"2024-08-22 04:52:00",10.6,8.27,85.68
"2024-08-22 05:52:00",10.6,8.27,85.68
"2024-08-22 06:52:00",11.7,8.26,79.65
"2024-08-22 07:52:00",15.6,9.35,66.59
"2024-08-22 08:52:00",17.2,9.96,62.62
"2024-08-22 09:52:00",19.4,9.96,54.56
"2024-08-22 10:52:00",21.7,10.57,49.29
"2024-08-22 11:52:00",22.2,8.87,42.66
"2024-08-22 12:52:00",23.3,7.78,37.05
"2024-08-22 13:52:00",24.4,8.89,37.37
"2024-08-22 14:52:00",25,8.3,34.62
"2024-08-22 15:52:00",24.4,8.89,37.37
"2024-08-22 16:52:00",23.9,8.28,36.97
"2024-08-22 17:52:00",24.4,8.29,35.88
"2024-08-22 18:52:00",23.9,8.28,36.97
"2024-08-22 19:52:00",21.7,8.86,43.98
"2024-08-22 20:52:00",18.3,9.35,56.13
"2024-08-22 21:52:00",16.1,9.35,64.5
"2024-08-22 22:52:00",16.1,10.56,69.89
"2024-08-22 23:52:00",14.4,9.96,74.88
"2024-08-23 00:52:00",12.8,9.97,83.09
"2024-08-23 01:52:00",12.2,9.98,86.42
"2024-08-23 02:52:00",11.1,9.99,92.94
"2024-08-23 03:52:00",11.7,9.98,89.32
"2024-08-23 04:52:00",11.1,9.99,92.94
"2024-08-23 05:52:00",10.6,9.39,92.29
"2024-08-23 06:52:00",10.6,9.39,92.29
"2024-08-23 07:52:00",15,11.67,80.66
"2024-08-23 08:52:00",18.9,12.17,65.12
"2024-08-23 09:52:00",19.4,11.66,61.08
"2024-08-23 10:52:00",23.9,11.68,46.41
"2024-08-23 11:52:00",26.1,11.11,39.14
"2024-08-23 12:52:00",26.1,10.61,37.86
"2024-08-23 13:52:00",27.2,10.62,35.49
"2024-08-23 14:52:00",27.8,10.03,32.92
"2024-08-23 15:52:00",27.8,10.63,34.27
"2024-08-23 16:52:00",27.8,10.63,34.27
"2024-08-23 17:52:00",27.8,11.13,35.42
"2024-08-23 18:52:00",26.7,11.12,37.78
"2024-08-23 19:52:00",24.4,11.09,43.29
"2024-08-23 20:52:00",20,12.17,60.82
"2024-08-23 21:52:00",20.6,12.77,60.97
"2024-08-23 22:52:00",17.8,12.77,72.57
"2024-08-23 23:52:00",18.9,13.27,69.98
"2024-08-24 00:52:00",18.9,13.87,72.77
"2024-08-24 01:52:00",17.2,13.88,80.96
"2024-08-24 02:52:00",16.7,13.88,83.56
"2024-08-24 03:52:00",15.6,13.28,86.2
"2024-08-24 04:52:00",16.1,13.88,86.81
"2024-08-24 05:52:00",15,13.89,93.14
"2024-08-24 06:52:00",14.4,13.29,93.11
"2024-08-24 07:52:00",17.8,15.59,86.98
"2024-08-24 08:52:00",19.4,15.58,78.7
"2024-08-24 09:52:00",22.2,16.08,68.41
"2024-08-24 10:52:00",24.4,14.99,55.85
"2024-08-24 11:52:00",26.7,15.61,50.64
"2024-08-24 12:52:00",26.7,15.01,48.73
"2024-08-24 13:52:00",27.8,15.02,45.7
"2024-08-24 14:52:00",28.9,15.04,42.87
"2024-08-24 15:52:00",29.4,15.64,43.29
"2024-08-24 16:52:00",28.9,15.04,42.87
"2024-08-24 17:52:00",28.9,15.04,42.87
"2024-08-24 18:52:00",27.2,15.01,47.32
"2024-08-24 19:52:00",25.6,14.4,50.03
"2024-08-24 20:52:00",23.3,13.88,55.57
"2024-08-24 21:52:00",22.2,14.98,63.76
"2024-08-24 22:52:00",21.1,15.58,70.86
"2024-08-24 23:52:00",20.6,15.58,73.07
"2024-08-25 00:52:00",20.6,14.98,70.32
"2024-08-25 01:52:00",19.4,14.38,72.86
"2024-08-25 02:52:00",17.2,13.88,80.96
"2024-08-25 03:52:00",16.1,13.88,86.81
"2024-08-25 04:52:00",16.7,13.88,83.56
"2024-08-25 05:52:00",16.7,13.88,83.56
"2024-08-25 06:52:00",15,13.29,89.58
"2024-08-25 07:52:00",18.9,14.98,78.12
"2024-08-25 08:52:00",21.1,14.98,68.19
"2024-08-25 09:52:00",23.9,15.59,59.8
"2024-08-25 10:52:00",26.1,16.11,54.17
"2024-08-25 11:52:00",27.8,17.22,52.57
"2024-08-25 12:52:00",28.9,17.23,49.32
"2024-08-25 13:52:00",30,16.75,44.86
"2024-08-25 14:52:00",30.6,17.25,44.74
"2024-08-25 15:52:00",30.6,16.76,43.35
"2024-08-25 16:52:00",31.1,15.67,39.28
"2024-08-25 17:52:00",31.7,16.18,39.2
"2024-08-25 18:52:00",28.9,17.83,51.23
"2024-08-25 19:52:00",27.2,17.21,54.45
"2024-08-25 20:52:00",26.1,17.2,58.08
"2024-08-25 21:52:00",24.4,17.79,66.73
"2024-08-25 22:52:00",23.9,17.79,68.75
"2024-08-25 23:52:00",22.8,17.79,73.46
"2024-08-26 00:52:00",22.2,17.79,76.19
"2024-08-26 01:52:00",22.2,17.19,73.36
"2024-08-26 02:52:00",21.1,18.29,84.07
"2024-08-26 03:52:00",20.6,17.79,84.02
"2024-08-26 04:52:00",20,17.19,83.95
"2024-08-26 05:52:00",20,17.19,83.95
"2024-08-26 06:52:00",20,17.79,87.18
"2024-08-26 07:52:00",21.1,17.79,81.48
"2024-08-26 08:52:00",22.2,18.29,78.61
"2024-08-26 09:52:00",26.1,18.9,64.62
"2024-08-26 10:52:00",28.3,19.42,58.61
"2024-08-26 11:52:00",31.7,18.96,46.76
"2024-08-26 12:52:00",32.2,19.47,46.9
"2024-08-26 13:52:00",24.4,21.1,81.9
"2024-08-26 14:52:00",28.3,21.72,67.53
"2024-08-26 15:52:00",29.4,19.43,55
"2024-08-26 16:52:00",30.6,20.04,53.29
"2024-08-26 17:52:00",29.4,19.43,55
"2024-08-26 18:52:00",28.9,19.43,56.61
"2024-08-26 19:52:00",27.8,19.42,60.34
"2024-08-26 20:52:00",26.1,20,69.19
"2024-08-26 21:52:00",23.9,19.99,78.86
"2024-08-26 22:52:00",22.8,19.39,81.19
"2024-08-26 23:52:00",21.1,19.39,90.04
"2024-08-27 00:52:00",21.7,20,90.09
"2024-08-27 01:52:00",22.2,19.99,87.39
"2024-08-27 02:52:00",20,18.9,93.4
"2024-08-27 03:52:00",20,19.4,96.35
"2024-08-27 04:52:00",20,18.9,93.4
"2024-08-27 05:52:00",20,18.9,93.4
"2024-08-27 06:52:00",19.4,18.9,96.94
"2024-08-27 07:52:00",23.3,21.1,87.49
"2024-08-27 08:52:00",26.1,20.6,71.8
"2024-08-27 09:52:00",28.3,18.32,54.73
"2024-08-27 10:52:00",30.6,17.25,44.74
"2024-08-27 11:52:00",31.7,18.36,45.04
"2024-08-27 12:52:00",32.2,17.88,42.44
"2024-08-27 13:52:00",32.8,17.29,39.51
"2024-08-27 14:52:00",31.7,17.87,43.65
"2024-08-27 15:52:00",32.2,17.88,42.44
"2024-08-27 16:52:00",32.8,17.89,41.03
"2024-08-27 17:52:00",32.2,18.37,43.79
"2024-08-27 18:52:00",31.7,18.36,45.04
"2024-08-27 19:52:00",30,18.34,49.62
"2024-08-27 20:52:00",28.3,19.42,58.61
"2024-08-27 21:52:00",28.3,19.42,58.61
"2024-08-27 22:52:00",26.7,20.01,66.79
"2024-08-27 23:52:00",26.1,20.6,71.8
"2024-08-28 00:52:00",25.6,20.6,73.95
"2024-08-28 01:52:00",25.6,20.6,73.95
"2024-08-28 02:52:00",24.4,20.6,79.42
"2024-08-28 03:52:00",24.4,21.1,81.9
"2024-08-28 04:52:00",24.4,21.1,81.9
"2024-08-28 05:52:00",23.9,21.7,87.54
"2024-08-28 06:52:00",22.8,21.1,90.17
"2024-08-28 07:52:00",24.4,21.7,84.96
"2024-08-28 08:52:00",27.8,22.21,71.67
"2024-08-28 09:52:00",31.1,21.15,55.43
"2024-08-28 10:52:00",33.3,19.49,44.09
"2024-08-28 11:52:00",34.4,19.51,41.47
"2024-08-28 12:52:00",35,19.52,40.12
"2024-08-28 13:52:00",36.1,20.13,39.19
"2024-08-28 14:52:00",36.1,20.73,40.67
"2024-08-28 15:52:00",36.7,20.15,37.93
"2024-08-28 16:52:00",37.2,20.16,36.91
"2024-08-28 17:52:00",36.1,19.54,37.76
"2024-08-28 18:52:00",35.6,20.12,40.28
"2024-08-28 19:52:00",32.8,20.08,47.06
"2024-08-28 20:52:00",31.1,21.15,55.43
"2024-08-28 21:52:00",27.8,20.02,62.63
"2024-08-28 22:52:00",27.8,21.11,67.01
"2024-08-28 23:52:00",26.1,21.1,74.03
"2024-08-29 00:52:00",25.6,21.1,76.26
"2024-08-29 01:52:00",24.4,21.1,81.9
"2024-08-29 02:52:00",25,21.1,79.02
"2024-08-29 03:52:00",25,21.1,79.02
"2024-08-29 04:52:00",24.4,20.6,79.42
"2024-08-29 05:52:00",23.3,20.6,84.84
"2024-08-29 06:52:00",24.4,21.1,81.9
"2024-08-29 07:52:00",26.1,21.1,74.03
"2024-08-29 08:52:00",28.9,21.12,62.87
"2024-08-29 09:52:00",28.9,21.72,65.22
"2024-08-29 10:52:00",29.4,22.22,65.33
"2024-08-29 11:52:00",30.6,22.24,60.99
"2024-08-29 12:52:00",32.8,22.86,55.85
"2024-08-29 13:52:00",32.8,22.26,53.85
"2024-08-29 14:52:00",33.3,22.87,54.31
"2024-08-29 15:52:00",31.7,22.25,57.29
"2024-08-29 16:52:00",24.4,20.6,79.42
"2024-08-29 17:52:00",23.9,22.2,90.25
"2024-08-29 18:52:00",23.3,22.2,93.56
"2024-08-29 19:52:00",23.3,22.2,93.56
"2024-08-29 20:52:00",22.2,21.1,93.51
"2024-08-29 21:52:00",22.2,21.1,93.51
"2024-08-29 22:52:00",22.2,21.1,93.51
"2024-08-29 23:52:00",22.8,21.7,93.54
"2024-08-30 00:52:00",22.2,21.1,93.51
"2024-08-30 01:52:00",21.7,20.6,93.48
"2024-08-30 02:52:00",21.7,20.6,93.48
"2024-08-30 03:52:00",21.7,20.6,93.48
"2024-08-30 04:52:00",21.7,20.6,93.48
"2024-08-30 05:52:00",21.7,20.6,93.48
"2024-08-30 06:52:00",21.1,20.6,96.98
"2024-08-30 07:52:00",21.7,20.6,93.48
"2024-08-30 08:52:00",21.7,20.6,93.48
"2024-08-30 09:52:00",21.7,20.6,93.48
"2024-08-30 10:52:00",21.7,20.6,93.48
"2024-08-30 11:52:00",22.8,20.6,87.44
"2024-08-30 12:52:00",22.2,20.6,90.68
"2024-08-30 13:52:00",21.7,20.6,93.48
"2024-08-30 14:52:00",23.3,20.6,84.84
"2024-08-30 15:52:00",23.9,19.99,78.86
"2024-08-30 16:52:00",23.3,20.6,84.84
"2024-08-30 17:52:00",22.8,20.6,87.44
"2024-08-30 18:52:00",22.8,20.6,87.44
"2024-08-30 19:52:00",22.8,20.6,87.44
"2024-08-30 20:52:00",22.2,19.99,87.39
"2024-08-30 21:52:00",22.2,20.6,90.68
"2024-08-30 22:52:00",22.2,20.6,90.68
"2024-08-30 23:52:00",22.2,19.99,87.39
"2024-08-31 00:52:00",21.7,20,90.09
"2024-08-31 01:52:00",21.7,20,90.09
"2024-08-31 02:52:00",21.7,20,90.09
"2024-08-31 03:52:00",21.7,20,90.09
"2024-08-31 04:52:00",21.7,20,90.09
"2024-08-31 06:52:00",21.7,20,90.09
"2024-08-31 07:52:00",22.2,20.6,90.68
"2024-08-31 08:52:00",22.2,20.6,90.68
"2024-08-31 09:52:00",23.3,20.6,84.84
"2024-08-31 10:52:00",23.3,20.6,84.84
"2024-08-31 11:52:00",24.4,21.1,81.9
"2024-08-31 12:52:00",25.6,21.1,76.26
"2024-08-31 13:52:00",27.2,21.11,69.4
"2024-08-31 14:52:00",27.2,21.71,72
"2024-08-31 15:52:00",27.2,21.11,69.4
"2024-08-31 16:52:00",27.2,21.11,69.4
"2024-08-31 17:52:00",26.7,21.11,71.47
"2024-08-31 18:52:00",21.1,18.89,87.29
"2024-08-31 19:52:00",21.1,18.89,87.29
"2024-08-31 20:52:00",21.1,19.39,90.04
"2024-08-31 21:52:00",21.1,20,93.45
"2024-08-31 22:52:00",21.1,20,93.45
"2024-08-31 23:52:00",21.1,20,93.45
"2024-09-01 00:52:00",20.6,20,96.37
"2024-09-01 01:52:00",21.1,20,93.45
"2024-09-01 02:52:00",21.1,20,93.45
"2024-09-01 03:52:00",20.6,19.4,92.85
"2024-09-01 04:52:00",20.6,20,96.37
"2024-09-01 05:52:00",19.4,18.9,96.94
"2024-09-01 06:52:00",20,19.4,96.35
"2024-09-01 07:52:00",21.1,20,93.45
"2024-09-01 08:52:00",22.2,21.1,93.51
"2024-09-01 09:52:00",23.3,21.1,87.49
"2024-09-01 10:52:00",23.9,21.7,87.54
"2024-09-01 11:52:00",23.9,22.2,90.25
"2024-09-01 12:52:00",25.6,21.7,79.1
"2024-09-01 13:52:00",27.8,21.71,69.52
"2024-09-01 14:52:00",28.9,21.12,62.87
"2024-09-01 15:52:00",28.9,20.62,60.97
"2024-09-01 16:52:00",27.8,21.11,67.01
"2024-09-01 17:52:00",27.2,21.71,72
"2024-09-01 18:52:00",26.1,21.7,76.8
"2024-09-01 19:52:00",24.4,21.7,84.96
"2024-09-01 20:52:00",23.3,21.7,90.75
"2024-09-01 21:52:00",23.3,21.7,90.75
"2024-09-01 22:52:00",22.8,21.1,90.17
"2024-09-01 23:52:00",22.8,20.6,87.44
"2024-09-02 00:52:00",22.2,20.6,90.68
"2024-09-02 01:52:00",21.7,20.6,93.48
"2024-09-02 02:52:00",21.7,20,90.09
"2024-09-02 03:52:00",21.7,19.39,86.8
"2024-09-02 04:52:00",22.2,18.89,81.62
"2024-09-02 05:52:00",21.7,14.98,65.73
"2024-09-02 06:52:00",21.1,14.38,65.6
"2024-09-02 07:52:00",21.1,14.38,65.6
"2024-09-02 08:52:00",21.1,14.38,65.6
"2024-09-02 09:52:00",22.8,14.98,61.48
"2024-09-02 10:52:00",22.8,14.38,59.15
"2024-09-02 11:52:00",24.4,12.79,48.42
"2024-09-02 12:52:00",24.4,9.99,40.23
"2024-09-02 13:52:00",25,8.9,36.05
"2024-09-02 14:52:00",25,8.3,34.62
"2024-09-02 15:52:00",25.6,8.9,34.79
"2024-09-02 16:52:00",25.6,8.9,34.79
"2024-09-02 17:52:00",24.4,9.39,38.65
"2024-09-02 18:52:00",23.9,9.38,39.82
"2024-09-02 19:52:00",22.8,8.87,41.14
"2024-09-02 20:52:00",21.7,8.86,43.98
"2024-09-02 21:52:00",18.9,9.96,56.28
"2024-09-02 22:52:00",19.4,9.96,54.56
"2024-09-02 23:52:00",14.4,10.57,77.94
"2024-09-03 00:52:00",18.3,9.35,56.13
"2024-09-03 01:52:00",17.2,9.35,60.15
"2024-09-03 02:52:00",16.1,9.35,64.5
"2024-09-03 03:52:00",15.6,9.35,66.59
"2024-09-03 04:52:00",15,8.85,66.91
"2024-09-03 05:52:00",14.4,8.85,69.55
"2024-09-03 06:52:00",13.9,8.25,68.98
"2024-09-03 07:52:00",15.6,8.25,61.82
"2024-09-03 08:52:00",16.7,7.74,55.71
"2024-09-03 09:52:00",18.3,8.85,54.27
"2024-09-03 10:52:00",19.4,7.15,45.14
"2024-09-03 11:52:00",20.6,6.65,40.5
"2024-09-03 12:52:00",22.2,7.17,38.01
"2024-09-03 13:52:00",22.8,7.77,38.18
"2024-09-03 14:52:00",23.3,6.68,34.36
"2024-09-03 15:52:00",23.9,6.68,33.14
"2024-09-03 16:52:00",23.3,7.18,35.56
"2024-09-03 17:52:00",22.8,6.67,35.41
"2024-09-03 18:52:00",21.7,7.16,39.18
"2024-09-03 19:52:00",19.4,7.15,45.14
"2024-09-03 20:52:00",17.8,7.74,51.97
"2024-09-03 21:52:00",16.7,8.85,60.03
"2024-09-03 22:52:00",13.3,8.86,74.69
"2024-09-03 23:52:00",12.8,8.86,77.17
"2024-09-04 00:52:00",12.8,9.37,79.81
"2024-09-04 01:52:00",12.2,9.37,83.02
"2024-09-04 02:52:00",11.7,9.38,85.8
"2024-09-04 03:52:00",11.1,9.38,89.27
"2024-09-04 04:52:00",11.7,9.98,89.32
"2024-09-04 05:52:00",11.1,9.38,89.27
"2024-09-04 06:52:00",11.7,9.98,89.32
"2024-09-04 07:52:00",13.3,11.08,86.54
"2024-09-04 08:52:00",16.7,11.67,72.36
"2024-09-04 09:52:00",18.9,11.66,63.01
"2024-09-04 10:52:00",21.1,11.67,55
"2024-09-04 11:52:00",22.2,10.57,47.81
"2024-09-04 12:52:00",22.8,9.98,44.3
"2024-09-04 13:52:00",23.9,9.99,41.46
"2024-09-04 14:52:00",23.9,10.58,43.15
"2024-09-04 15:52:00",24.4,9.39,38.65
"2024-09-04 16:52:00",23.9,9.38,39.82
"2024-09-04 17:52:00",23.3,9.98,42.98
"2024-09-04 18:52:00",22.2,9.97,45.94
"2024-09-04 19:52:00",20.6,10.56,52.73
"2024-09-04 20:52:00",18.3,11.06,62.87
"2024-09-04 21:52:00",17.8,11.06,64.88
"2024-09-04 22:52:00",16.7,11.67,72.36
"2024-09-04 23:52:00",16.1,11.67,75.18
"2024-09-05 00:52:00",15.6,11.67,77.61
"2024-09-05 01:52:00",14.4,11.68,83.84
"2024-09-05 02:52:00",13.3,11.08,86.54
"2024-09-05 03:52:00",12.2,10.58,89.96
"2024-09-05 04:52:00",12.2,10.58,89.96
"2024-09-05 05:52:00",12.2,10.58,89.96
"2024-09-05 06:52:00",12.2,11.09,93
"2024-09-05 07:52:00",14.4,12.18,86.65
"2024-09-05 08:52:00",17.8,14.38,80.52
"2024-09-05 09:52:00",19.4,14.38,72.86
"2024-09-05 10:52:00",21.1,13.27,61.08
"2024-09-05 11:52:00",22.2,12.77,55.28
"2024-09-05 12:52:00",23.3,12.78,51.72
"2024-09-05 13:52:00",24.4,11.69,45.04
"2024-09-05 14:52:00",25,11.69,43.46
"2024-09-05 15:52:00",25.6,12.8,45.08
"2024-09-05 16:52:00",25,12.8,46.72
"2024-09-05 17:52:00",24.4,11.69,45.04
"2024-09-05 18:52:00",23.3,13.28,53.44
"2024-09-05 19:52:00",21.1,13.27,61.08
"2024-09-05 20:52:00",20.6,13.87,65.49
"2024-09-05 21:52:00",18.9,13.87,72.77
"2024-09-05 22:52:00",17.2,13.88,80.96
"2024-09-05 23:52:00",16.7,13.88,83.56
"2024-09-06 00:52:00",15,13.29,89.58
"2024-09-06 01:52:00",14.4,13.29,93.11
"2024-09-06 02:52:00",13.9,12.79,93.09
"2024-09-06 03:52:00",15.6,14.39,92.58
"2024-09-06 04:52:00",16.7,14.99,89.71
"2024-09-06 05:52:00",18.3,16.09,87.02
"2024-09-06 06:52:00",17.2,15.59,90.33
"2024-09-06 07:52:00",17.2,14.99,86.92
"2024-09-06 08:52:00",19.4,16.69,84.41
"2024-09-06 09:52:00",21.1,16.08,73.16
"2024-09-06 10:52:00",22.2,16.08,68.41
"2024-09-06 11:52:00",23.9,15.59,59.8
"2024-09-06 12:52:00",24.4,14.99,55.85
"2024-09-06 13:52:00",25,14.4,51.84
"2024-09-06 14:52:00",25.6,14.4,50.03
"2024-09-06 15:52:00",26.1,15,50.48
"2024-09-06 16:52:00",25,14.4,51.84
"2024-09-06 17:52:00",25.6,14.4,50.03
"2024-09-06 18:52:00",23.9,14.39,55.36
"2024-09-06 19:52:00",21.7,14.98,65.73
"2024-09-06 20:52:00",20.6,14.98,70.32
"2024-09-06 21:52:00",20,15.58,75.83
"2024-09-06 22:52:00",19.4,16.08,81.25
"2024-09-06 23:52:00",20,16.08,78.29
"2024-09-07 00:52:00",18.3,16.09,87.02
"2024-09-07 01:52:00",18.3,16.69,90.41
"2024-09-07 02:52:00",18.3,16.69,90.41
"2024-09-07 03:52:00",17.2,16.09,93.26
"2024-09-07 04:52:00",18.3,16.69,90.41
"2024-09-07 05:52:00",18.3,16.09,87.02
"2024-09-07 06:52:00",18.3,16.09,87.02
"2024-09-07 07:52:00",18.9,16.69,87.08
"2024-09-07 08:52:00",20,16.68,81.33
"2024-09-07 09:52:00",21.1,16.68,76.01
"2024-09-07 10:52:00",21.7,14.38,63.24
"2024-09-07 11:52:00",18.9,12.77,67.74
"2024-09-07 12:52:00",18.3,12.17,67.61
"2024-09-07 13:52:00",17.8,12.77,72.57
"2024-09-07 14:52:00",18.3,12.77,70.32
"2024-09-07 15:52:00",20,12.77,63.26
"2024-09-07 16:52:00",22.8,13.28,55.08
"2024-09-07 17:52:00",23.3,8.28,38.33
"2024-09-07 18:52:00",22.8,6.07,33.98
"2024-09-07 19:52:00",20.6,6.65,40.5
"2024-09-07 20:52:00",19.4,5.54,40.43
"2024-09-07 21:52:00",17.2,6.04,48.04
"2024-09-07 22:52:00",17.8,4.94,42.86
"2024-09-07 23:52:00",16.7,7.14,53.48
"2024-09-08 00:52:00",16.1,7.14,55.56
"2024-09-08 01:52:00",15,6.64,57.6
"2024-09-08 02:52:00",13.3,6.64,64.3
"2024-09-08 03:52:00",12.8,7.15,68.75
"2024-09-08 04:52:00",12.2,6.65,69.1
"2024-09-08 05:52:00",10,6.66,79.95
"2024-09-08 06:52:00",8.9,6.07,82.6
"2024-09-08 07:52:00",11.7,8.26,79.65
"2024-09-08 08:52:00",15.6,7.74,59.76
"2024-09-08 09:52:00",16.7,7.14,53.48
"2024-09-08 10:52:00",18.3,6.64,46.72
"2024-09-08 11:52:00",19.4,6.65,43.62
"2024-09-08 12:52:00",20,6.05,40.33
"2024-09-08 13:52:00",21.1,5.56,36.4
"2024-09-08 14:52:00",22.2,4.37,31.31
"2024-09-08 15:52:00",22.8,4.97,31.48
"2024-09-08 16:52:00",22.8,3.28,27.94
"2024-09-08 17:52:00",22.2,2.17,26.8
"2024-09-08 18:52:00",20.6,3.25,31.96
"2024-09-08 19:52:00",16.7,4.33,44.05
"2024-09-08 20:52:00",13.3,4.93,57.16
"2024-09-08 21:52:00",11.1,5.54,68.87
"2024-09-08 22:52:00",13.9,4.32,52.72
"2024-09-08 23:52:00",10.6,5.55,71.19
"2024-09-09 00:52:00",9.4,5.56,77.15
"2024-09-09 01:52:00",10,5.55,74.1
"2024-09-09 02:52:00",8.3,5.57,83.1
"2024-09-09 03:52:00",7.8,5.57,85.97
"2024-09-09 04:52:00",7.2,4.97,85.9
"2024-09-09 05:52:00",6.7,5.59,92.69
"2024-09-09 06:52:00",6.7,4.98,88.9
"2024-09-09 07:52:00",10,7.77,86.2
"2024-09-09 08:52:00",15.6,8.85,64.38
"2024-09-09 09:52:00",19.4,7.15,45.14
"2024-09-09 10:52:00",21.7,5.56,35.09
"2024-09-09 11:52:00",23.3,4.98,30.55
"2024-09-09 12:52:00",24.4,5.59,29.81
"2024-09-09 13:52:00",24.4,5,28.6
"2024-09-09 14:52:00",25,5,27.59
"2024-09-09 15:52:00",25,5.6,28.77
"2024-09-09 16:52:00",24.4,6.09,30.86
"2024-09-09 17:52:00",24.4,6.09,30.86
"2024-09-09 18:52:00",22.8,7.77,38.18
"2024-09-09 19:52:00",18.9,7.75,48.51
"2024-09-09 20:52:00",15,8.25,64.25
"2024-09-09 21:52:00",14.4,8.25,66.78
"2024-09-09 22:52:00",13.9,8.86,71.83
"2024-09-09 23:52:00",13.9,8.86,71.83
"2024-09-10 00:52:00",12.2,9.37,83.02
"2024-09-10 01:52:00",11.1,9.38,89.27
"2024-09-10 02:52:00",10.6,8.88,89.23
"2024-09-10 03:52:00",10,8.28,89.18
"2024-09-10 04:52:00",10.6,9.39,92.29
"2024-09-10 05:52:00",10,8.89,92.87
"2024-09-10 06:52:00",10,8.89,92.87
"2024-09-10 07:52:00",12.8,11.08,89.41
"2024-09-10 08:52:00",17.8,12.17,69.77
"2024-09-10 09:52:00",22.2,10.57,47.81
"2024-09-10 10:52:00",25,8.9,36.05
"2024-09-10 11:52:00",26.1,10.01,36.37
"2024-09-10 12:52:00",27.2,11.72,38.17
"2024-09-10 13:52:00",28.3,12.83,38.49
"2024-09-10 14:52:00",28.3,12.83,38.49
"2024-09-10 15:52:00",28.3,12.23,37
"2024-09-10 16:52:00",27.2,11.72,38.17
"2024-09-10 17:52:00",28.3,11.14,34.41
"2024-09-10 18:52:00",27.2,11.72,38.17
"2024-09-10 19:52:00",22.8,13.28,55.08
"2024-09-10 20:52:00",19.4,13.27,67.84
"2024-09-10 21:52:00",18.9,12.77,67.74
"2024-09-10 22:52:00",18.3,12.77,70.32
"2024-09-10 23:52:00",17.8,13.27,74.97
"2024-09-11 00:52:00",16.1,12.78,80.81
"2024-09-11 01:52:00",14.4,12.79,90.12
"2024-09-11 02:52:00",15.6,13.28,86.2
"2024-09-11 03:52:00",13.9,12.18,89.49
"2024-09-11 04:52:00",13.3,12.19,93.05
"2024-09-11 05:52:00",13.3,12.19,93.05
"2024-09-11 06:52:00",13.3,12.19,93.05
"2024-09-11 07:52:00",15,13.89,93.14
"2024-09-11 08:52:00",19.4,14.38,72.86
"2024-09-11 09:52:00",22.2,15.58,66.26
"2024-09-11 10:52:00",25,16.1,57.81
"2024-09-11 11:52:00",27.2,14.42,45.53
"2024-09-11 12:52:00",27.2,13.92,44.08
"2024-09-11 13:52:00",27.8,12.83,39.62
"2024-09-11 14:52:00",29.4,12.85,36.12
"2024-09-11 15:52:00",29.4,12.85,36.12
"2024-09-11 16:52:00",28.3,13.33,39.76
"2024-09-11 17:52:00",27.8,13.33,40.94
"2024-09-11 18:52:00",26.1,12.81,43.77
"2024-09-11 19:52:00",24.4,12.79,48.42
"2024-09-11 20:52:00",21.7,13.27,58.88
"2024-09-11 21:52:00",21.1,13.87,63.51
"2024-09-11 22:52:00",20.6,13.87,65.49
"2024-09-11 23:52:00",20,14.98,72.97
"2024-09-12 00:52:00",18.3,14.98,81.11
"2024-09-12 01:52:00",16.1,14.39,89.67
"2024-09-12 02:52:00",15,13.89,93.14
"2024-09-12 03:52:00",14.4,13.29,93.11
"2024-09-12 04:52:00",14.4,13.29,93.11
"2024-09-12 05:52:00",14.4,13.9,96.82
"2024-09-12 06:52:00",15.6,14.39,92.58
"2024-09-12 07:52:00",16.1,15.6,96.86
"2024-09-12 08:52:00",20,17.19,83.95
"2024-09-12 09:52:00",22.2,17.19,73.36
"2024-09-12 10:52:00",23.3,15.59,62
"2024-09-12 11:52:00",25.6,16.1,55.79
"2024-09-12 12:52:00",25.6,14.4,50.03
"2024-09-12 13:52:00",26.7,13.31,43.66
"2024-09-12 14:52:00",26.7,12.81,42.25
"2024-09-12 15:52:00",27.2,12.22,39.45
"2024-09-12 16:52:00",27.2,11.12,36.69
"2024-09-12 17:52:00",26.7,11.12,37.78
"2024-09-12 18:52:00",24.4,10.59,41.88
"2024-09-12 19:52:00",22.2,11.07,49.43
"2024-09-12 20:52:00",20.6,11.67,56.72
"2024-09-12 21:52:00",19.4,11.66,61.08
"2024-09-12 22:52:00",18.3,11.66,65.42
"2024-09-12 23:52:00",18.3,12.77,70.32
"2024-09-13 00:52:00",15.6,12.17,80.21
"2024-09-13 01:52:00",15,12.18,83.36
"2024-09-13 02:52:00",15.6,12.78,83.43
"2024-09-13 03:52:00",14.4,12.79,90.12
"2024-09-13 04:52:00",14.4,12.79,90.12
"2024-09-13 05:52:00",17.2,15.59,90.33
"2024-09-13 06:52:00",17.2,16.09,93.26
"2024-09-13 07:52:00",18.3,16.69,90.41
"2024-09-13 08:52:00",20,17.19,83.95
"2024-09-13 09:52:00",21.1,17.79,81.48
"2024-09-13 10:52:00",22.2,17.79,76.19
"2024-09-13 11:52:00",22.2,17.79,76.19
"2024-09-13 12:52:00",23.3,17.79,71.28
"2024-09-13 13:52:00",25,17.8,64.38
"2024-09-13 14:52:00",25.6,17.8,62.13
"2024-09-13 15:52:00",26.7,17.81,58.23
"2024-09-13 16:52:00",26.7,17.81,58.23
"2024-09-13 17:52:00",26.1,17.8,60.32
"2024-09-13 18:52:00",25,17.2,61.99
"2024-09-13 19:52:00",23.3,17.19,68.63
"2024-09-13 20:52:00",22.2,17.19,73.36
"2024-09-13 21:52:00",20.6,16.68,78.38
"2024-09-13 22:52:00",18.9,16.69,87.08
"2024-09-13 23:52:00",18.9,16.69,87.08
"2024-09-14 00:52:00",17.8,16.09,89.8
"2024-09-14 01:52:00",17.2,15.59,90.33
"2024-09-14 02:52:00",16.7,14.99,89.71
"2024-09-14 03:52:00",15.6,14.39,92.58
"2024-09-14 04:52:00",15,13.89,93.14
"2024-09-14 05:52:00",15,14.4,96.21
"2024-09-14 06:52:00",15.6,14.39,92.58
"2024-09-14 07:52:00",17.8,16.09,89.8
"2024-09-14 08:52:00",21.1,16.08,73.16
"2024-09-14 09:52:00",23.9,14.99,57.54
"2024-09-14 10:52:00",25.6,16.1,55.79
"2024-09-14 11:52:00",26.7,15.61,50.64
"2024-09-14 12:52:00",27.8,15.02,45.7
"2024-09-14 13:52:00",28.3,14.43,42.7
"2024-09-14 14:52:00",28.9,15.04,42.87
"2024-09-14 15:52:00",28.9,11.14,33.23
"2024-09-14 16:52:00",28.9,11.74,34.58
"2024-09-14 17:52:00",27.8,12.83,39.62
"2024-09-14 18:52:00",26.1,9.41,34.94
"2024-09-14 19:52:00",23.3,10.58,44.73
"2024-09-14 20:52:00",21.1,11.07,52.86
"2024-09-14 21:52:00",18.3,11.66,65.42
"2024-09-14 22:52:00",20,11.66,58.85
"2024-09-14 23:52:00",16.7,11.67,72.36
"2024-09-15 00:52:00",16.1,11.67,75.18
"2024-09-15 01:52:00",15.6,11.67,77.61
"2024-09-15 02:52:00",15,11.67,80.66
"2024-09-15 03:52:00",13.9,11.68,86.6
"2024-09-15 04:52:00",15.6,12.17,80.21
"2024-09-15 05:52:00",14.4,11.68,83.84
"2024-09-15 06:52:00",13.3,11.68,90.04
"2024-09-15 07:52:00",16.1,13.88,86.81
"2024-09-15 08:52:00",18.3,13.88,75.55
"2024-09-15 09:52:00",20.6,16.08,75.44
"2024-09-15 10:52:00",21.7,16.08,70.53
"2024-09-15 11:52:00",23.9,14.99,57.54
"2024-09-15 12:52:00",25.6,14.4,50.03
"2024-09-15 13:52:00",26.7,13.31,43.66
"2024-09-15 14:52:00",27.2,13.92,44.08
"2024-09-15 15:52:00",27.2,14.42,45.53
"2024-09-15 16:52:00",27.8,13.92,42.56
"2024-09-15 17:52:00",26.7,12.81,42.25
"2024-09-15 18:52:00",25,12.8,46.72
"2024-09-15 19:52:00",22.8,13.28,55.08
"2024-09-15 20:52:00",22.2,13.88,59.39
"2024-09-15 21:52:00",21.1,13.87,63.51
"2024-09-15 22:52:00",21.1,12.77,59.12
"2024-09-15 23:52:00",19.4,13.27,67.84
"2024-09-16 00:52:00",18.3,12.77,70.32
"2024-09-16 01:52:00",16.7,12.77,77.79
"2024-09-16 02:52:00",16.1,12.17,77.69
"2024-09-16 03:52:00",15.6,12.78,83.43
"2024-09-16 04:52:00",16.7,13.28,80.37
"2024-09-16 05:52:00",16.1,13.28,83.49
"2024-09-16 06:52:00",15.6,13.28,86.2
"2024-09-16 07:52:00",16.1,13.28,83.49
"2024-09-16 08:52:00",17.2,13.88,80.96
"2024-09-16 09:52:00",18.9,13.87,72.77
"2024-09-16 10:52:00",21.1,13.87,63.51
"2024-09-16 11:52:00",21.7,13.88,61.23
"2024-09-16 12:52:00",23.3,13.88,55.57
"2024-09-16 13:52:00",23.3,13.88,55.57
"2024-09-16 14:52:00",24.4,13.29,50.03
"2024-09-16 15:52:00",23.9,13.29,51.55
"2024-09-16 16:52:00",23.9,13.89,53.6
"2024-09-16 17:52:00",23.3,13.88,55.57
"2024-09-16 18:52:00",22.8,14.98,61.48
"2024-09-16 19:52:00",22.8,15.59,63.9
"2024-09-16 20:52:00",22.2,15.58,66.26
"2024-09-16 21:52:00",21.1,15.58,70.86
"2024-09-16 22:52:00",20.6,16.08,75.44
"2024-09-16 23:52:00",20.6,16.68,78.38
"2024-09-17 00:52:00",20,17.19,83.95
"2024-09-17 01:52:00",19.4,17.79,90.49
"2024-09-17 02:52:00",18.9,17.79,93.34
"2024-09-17 03:52:00",18.9,17.79,93.34
"2024-09-17 04:52:00",18.9,17.79,93.34
"2024-09-17 05:52:00",19.4,18.29,93.37
"2024-09-17 06:52:00",20,18.29,89.96
"2024-09-17 07:52:00",20.6,18.89,90.01
"2024-09-17 08:52:00",21.1,18.89,87.29
"2024-09-17 09:52:00",22.2,18.89,81.62
"2024-09-17 10:52:00",23.9,18.29,70.95
"2024-09-17 11:52:00",24.4,18.29,68.85
"2024-09-17 12:52:00",25,17.8,64.38
"2024-09-17 13:52:00",25.6,18.3,64.11
"2024-09-17 14:52:00",23.9,18.89,73.66
"2024-09-17 15:52:00",23.3,19.39,78.77
"2024-09-17 16:52:00",22.2,19.99,87.39
"2024-09-17 17:52:00",21.7,20.6,93.48
"2024-09-17 18:52:00",21.7,20,90.09
"2024-09-17 19:52:00",21.7,20.6,93.48
"2024-09-17 20:52:00",21.1,20,93.45
"2024-09-17 21:52:00",21.1,20,93.45
"2024-09-17 22:52:00",21.1,19.39,90.04
"2024-09-17 23:52:00",21.1,18.89,87.29
"2024-09-18 00:52:00",20.6,18.89,90.01
"2024-09-18 01:52:00",20.6,18.29,86.69
"2024-09-18 02:52:00",20.6,18.29,86.69
"2024-09-18 03:52:00",20,18.9,93.4
"2024-09-18 04:52:00",19.4,18.9,96.94
"2024-09-18 05:52:00",20,18.9,93.4
"2024-09-18 06:52:00",20,19.4,96.35
"2024-09-18 07:52:00",20.6,19.4,92.85
"2024-09-18 08:52:00",20.6,19.4,92.85
"2024-09-18 09:52:00",21.1,19.39,90.04
"2024-09-18 10:52:00",21.7,19.39,86.8
"2024-09-18 11:52:00",22.8,19.39,81.19
"2024-09-18 12:52:00",23.3,19.39,78.77
"2024-09-18 13:52:00",22.8,19.39,81.19
"2024-09-18 14:52:00",21.7,20,90.09
"2024-09-18 15:52:00",23.3,19.99,81.76
"2024-09-18 16:52:00",23.3,19.99,81.76
"2024-09-18 17:52:00",21.7,19.39,86.8
"2024-09-18 18:52:00",22.2,18.29,78.61
"2024-09-18 19:52:00",21.1,19.39,90.04
"2024-09-18 20:52:00",21.1,19.39,90.04
"2024-09-18 21:52:00",21.1,19.39,90.04
"2024-09-18 22:52:00",21.7,18.89,84.14
"2024-09-18 23:52:00",21.7,18.89,84.14
"2024-09-19 00:52:00",21.1,18.29,84.07
"2024-09-19 01:52:00",21.1,18.29,84.07
"2024-09-19 02:52:00",21.1,17.79,81.48
"2024-09-19 03:52:00",21.1,17.19,78.45
"2024-09-19 04:52:00",21.1,16.68,76.01
"2024-09-19 05:52:00",21.1,17.19,78.45
"2024-09-19 06:52:00",20.6,17.79,84.02
"2024-09-19 07:52:00",21.1,16.68,76.01
"2024-09-19 08:52:00",21.7,16.68,73.27
"2024-09-19 09:52:00",22.8,16.69,68.53
"2024-09-19 10:52:00",23.3,17.79,71.28
"2024-09-19 11:52:00",25,17.8,64.38
"2024-09-19 12:52:00",25.6,17.8,62.13
"2024-09-19 13:52:00",27.2,17.81,56.55
"2024-09-19 14:52:00",27.2,17.81,56.55
"2024-09-19 15:52:00",26.7,17.81,58.23
"2024-09-19 16:52:00",26.7,18.31,60.08
"2024-09-19 17:52:00",26.7,17.81,58.23
"2024-09-19 18:52:00",25.6,17.2,59.82
"2024-09-19 19:52:00",24.4,17.19,64.25
"2024-09-19 20:52:00",21.7,17.79,78.54
"2024-09-19 21:52:00",22.8,17.79,73.46
"2024-09-19 22:52:00",20,17.19,83.95
"2024-09-19 23:52:00",20,17.19,83.95
"2024-09-20 00:52:00",19.4,17.19,87.13
"2024-09-20 01:52:00",17.8,16.09,89.8
"2024-09-20 02:52:00",18.3,16.09,87.02
"2024-09-20 03:52:00",17.2,15.59,90.33
"2024-09-20 04:52:00",16.1,14.99,93.2
"2024-09-20 05:52:00",16.1,14.39,89.67
"2024-09-20 06:52:00",15.6,14.39,92.58
"2024-09-20 07:52:00",16.7,14.38,86.31
"2024-09-20 08:52:00",20,14.98,72.97
"2024-09-20 09:52:00",22.8,15.59,63.9
"2024-09-20 10:52:00",23.9,16.69,64.14
"2024-09-20 11:52:00",26.1,17.2,58.08
"2024-09-20 12:52:00",27.8,17.22,52.57
"2024-09-20 13:52:00",27.8,17.22,52.57
"2024-09-20 14:52:00",28.9,16.13,46
"2024-09-20 15:52:00",28.9,15.04,42.87
"2024-09-20 16:52:00",28.3,15.63,46.13
"2024-09-20 17:52:00",27.2,15.01,47.32
"2024-09-20 18:52:00",26.1,15,50.48
"2024-09-20 19:52:00",23.3,16.09,64.01
"2024-09-20 20:52:00",22.2,16.68,71.07
"2024-09-20 21:52:00",20,16.68,81.33
"2024-09-20 22:52:00",20.6,17.19,80.9
"2024-09-20 23:52:00",18.9,17.19,89.88
"2024-09-21 00:52:00",17.8,16.69,93.29
"2024-09-21 01:52:00",19.4,17.19,87.13
"2024-09-21 02:52:00",19.4,17.79,90.49
"2024-09-21 03:52:00",19.4,17.79,90.49
"2024-09-21 04:52:00",19.4,17.79,90.49
"2024-09-21 05:52:00",18.9,17.79,93.34
"2024-09-21 06:52:00",18.9,17.19,89.88
"2024-09-21 07:52:00",19.4,17.19,87.13
"2024-09-21 08:52:00",20.6,17.79,84.02
"2024-09-21 09:52:00",22.8,18.29,75.81
"2024-09-21 10:52:00",23.9,18.29,70.95
"2024-09-21 11:52:00",25,18.9,68.97
"2024-09-21 12:52:00",25.6,18.9,66.56
"2024-09-21 13:52:00",27.2,19.41,62.49
"2024-09-21 14:52:00",26.7,19.41,64.35
"2024-09-21 15:52:00",27.8,20.02,62.63
"2024-09-21 16:52:00",27.8,20.02,62.63
"2024-09-21 17:52:00",26.7,19.41,64.35
"2024-09-21 18:52:00",25,19.4,71.15
"2024-09-21 19:52:00",25,18.9,68.97
"2024-09-21 20:52:00",23.3,19.99,81.76
"2024-09-21 21:52:00",21.7,20,90.09
"2024-09-21 22:52:00",21.1,19.39,90.04
"2024-09-21 23:52:00",21.1,20,93.45
"2024-09-22 00:52:00",21.7,20,90.09
"2024-09-22 01:52:00",21.1,19.39,90.04
"2024-09-22 02:52:00",21.1,19.39,90.04
"2024-09-22 03:52:00",21.1,19.39,90.04
"2024-09-22 04:52:00",18.3,16.69,90.41
"2024-09-22 05:52:00",17.8,16.69,93.29
"2024-09-22 06:52:00",18.3,17.19,93.31
"2024-09-22 07:52:00",18.9,17.79,93.34
"2024-09-22 08:52:00",18.9,17.79,93.34
"2024-09-22 09:52:00",19.4,18.29,93.37
"2024-09-22 10:52:00",20,17.79,87.18
"2024-09-22 11:52:00",20.6,17.79,84.02
"2024-09-22 12:52:00",21.7,18.29,81.04
"2024-09-22 13:52:00",23.3,17.19,68.63
"2024-09-22 14:52:00",22.8,17.79,73.46
"2024-09-22 15:52:00",22.8,17.79,73.46
"2024-09-22 16:52:00",22.8,17.19,70.74
"2024-09-22 17:52:00",23.3,17.79,71.28
"2024-09-22 18:52:00",21.7,17.79,78.54
"2024-09-22 19:52:00",21.7,17.79,78.54
"2024-09-22 20:52:00",21.1,17.19,78.45
"2024-09-22 21:52:00",20.6,17.19,80.9
"2024-09-22 22:52:00",20,17.19,83.95
"2024-09-23 00:52:00",20,17.79,87.18
"2024-09-23 01:52:00",20,17.79,87.18
"2024-09-23 02:52:00",20,17.19,83.95
"2024-09-23 03:52:00",19.4,16.69,84.41
"2024-09-23 04:52:00",17.8,16.69,93.29
"2024-09-23 05:52:00",18.3,16.69,90.41
"2024-09-23 06:52:00",18.3,16.09,87.02
"2024-09-23 07:52:00",18.3,16.09,87.02
"2024-09-23 08:52:00",18.9,16.69,87.08
"2024-09-23 09:52:00",18.9,15.58,81.19
"2024-09-23 10:52:00",19.4,15.58,78.7
"2024-09-23 11:52:00",18.9,16.08,83.82
"2024-09-23 12:52:00",18.9,16.69,87.08
"2024-09-23 13:52:00",19.4,16.69,84.41
"2024-09-23 14:52:00",18.9,17.19,89.88
"2024-09-23 15:52:00",19.4,17.19,87.13
"2024-09-23 16:52:00",18.9,17.19,89.88
"2024-09-23 17:52:00",18.3,17.19,93.31
"2024-09-23 18:52:00",18.3,17.19,93.31
"2024-09-23 19:52:00",17.8,16.69,93.29
"2024-09-23 20:52:00",17.8,16.69,93.29
"2024-09-23 21:52:00",17.8,16.69,93.29
"2024-09-23 22:52:00",18.3,17.19,93.31
"2024-09-23 23:52:00",17.2,16.09,93.26
"2024-09-24 00:52:00",16.7,16.1,96.26
"2024-09-24 01:52:00",16.1,14.99,93.2
"2024-09-24 02:52:00",16.7,15.59,93.23
"2024-09-24 03:52:00",16.1,14.99,93.2
"2024-09-24 04:52:00",16.7,14.99,89.71
"2024-09-24 05:52:00",16.1,15.6,96.86
"2024-09-24 06:52:00",16.1,15.6,96.86
"2024-09-24 07:52:00",16.7,15.59,93.23
"2024-09-24 08:52:00",16.7,16.1,96.26
"2024-09-24 09:52:00",17.2,15.59,90.33
"2024-09-24 10:52:00",17.2,16.09,93.26
"2024-09-24 11:52:00",17.8,16.69,93.29
"2024-09-24 12:52:00",17.8,16.69,93.29
"2024-09-24 13:52:00",18.3,16.69,90.41
"2024-09-24 14:52:00",18.3,17.19,93.31
"2024-09-24 15:52:00",18.3,17.19,93.31
"2024-09-24 16:52:00",18.3,17.19,93.31
"2024-09-24 17:52:00",17.8,16.69,93.29
"2024-09-24 18:52:00",18.3,17.19,93.31
"2024-09-24 19:52:00",18.3,17.19,93.31
"2024-09-24 20:52:00",18.3,17.19,93.31
"2024-09-24 21:52:00",18.3,16.69,90.41
"2024-09-24 22:52:00",17.8,16.69,93.29
"2024-09-24 23:52:00",17.8,16.69,93.29
"2024-09-25 00:52:00",17.8,16.69,93.29
"2024-09-25 01:52:00",17.8,16.69,93.29
"2024-09-25 02:52:00",17.8,17.2,96.29
"2024-09-25 03:52:00",17.8,17.2,96.29
"2024-09-25 04:52:00",17.8,17.2,96.29
"2024-09-25 05:52:00",17.8,17.2,96.29
"2024-09-25 06:52:00",18.3,17.19,93.31
"2024-09-25 07:52:00",18.3,17.8,96.91
"2024-09-25 08:52:00",18.9,18.3,96.32
"2024-09-25 09:52:00",19.4,18.29,93.37
"2024-09-25 10:52:00",20,18.9,93.4
"2024-09-25 11:52:00",20.6,19.4,92.85
"2024-09-25 12:52:00",21.1,19.39,90.04
"2024-09-25 13:52:00",21.1,20,93.45
"2024-09-25 14:52:00",21.7,20,90.09
"2024-09-25 15:52:00",22.8,20.6,87.44
"2024-09-25 16:52:00",21.7,20,90.09
"2024-09-25 17:52:00",21.7,20,90.09
"2024-09-25 18:52:00",21.7,20.6,93.48
"2024-09-25 19:52:00",21.7,20.6,93.48
"2024-09-25 20:52:00",21.7,20.6,93.48
"2024-09-25 21:52:00",21.7,20.6,93.48
"2024-09-25 22:52:00",21.7,20.6,93.48
"2024-09-25 23:52:00",21.7,20.6,93.48
"2024-09-26 00:52:00",21.7,20.6,93.48
"2024-09-26 01:52:00",21.7,20.6,93.48
"2024-09-26 02:52:00",21.7,20,90.09
"2024-09-26 03:52:00",21.1,20,93.45
"2024-09-26 04:52:00",21.1,20.6,96.98
"2024-09-26 05:52:00",21.1,20.6,96.98
"2024-09-26 06:52:00",21.1,20.6,96.98
"2024-09-26 07:52:00",21.7,21.1,96.4
"2024-09-26 08:52:00",22.2,21.1,93.51
"2024-09-26 09:52:00",22.2,21.7,97
"2024-09-26 10:52:00",22.8,21.7,93.54
"2024-09-26 11:52:00",23.3,21.7,90.75
"2024-09-26 12:52:00",24.4,21.7,84.96
"2024-09-26 13:52:00",25.6,21.7,79.1
"2024-09-26 14:52:00",25.6,21.7,79.1
"2024-09-26 15:52:00",26.1,21.7,76.8
"2024-09-26 16:52:00",25.6,21.7,79.1
"2024-09-26 17:52:00",25,21.7,81.97
"2024-09-26 18:52:00",24.4,21.7,84.96
"2024-09-26 19:52:00",23.9,22.2,90.25
"2024-09-26 20:52:00",23.3,21.7,90.75
"2024-09-26 21:52:00",23.3,21.7,90.75
"2024-09-26 22:52:00",22.8,21.7,93.54
"2024-09-26 23:52:00",22.2,21.1,93.51
"2024-09-27 00:52:00",22.2,21.1,93.51
"2024-09-27 01:52:00",22.2,21.1,93.51
"2024-09-27 02:52:00",22.2,21.1,93.51
"2024-09-27 03:52:00",22.2,21.1,93.51
"2024-09-27 04:52:00",22.2,21.1,93.51
"2024-09-27 05:52:00",22.2,21.7,97
"2024-09-27 06:52:00",22.2,21.7,97
"2024-09-27 07:52:00",22.2,21.7,97
"2024-09-27 08:52:00",22.8,21.7,93.54
"2024-09-27 09:52:00",22.8,21.7,93.54
"2024-09-27 10:52:00",22.8,21.7,93.54
"2024-09-27 11:52:00",22.8,22.2,96.43
"2024-09-27 12:52:00",23.3,22.2,93.56
"2024-09-27 13:52:00",23.3,22.2,93.56
"2024-09-27 14:52:00",23.9,22.8,93.59
"2024-09-27 15:52:00",24.4,22.2,87.58
"2024-09-27 16:52:00",25,22.2,84.51
"2024-09-27 17:52:00",25,22.2,84.51
"2024-09-27 18:52:00",24.4,21.7,84.96
"2024-09-27 19:52:00",24.4,21.7,84.96
"2024-09-27 20:52:00",24.4,21.7,84.96
"2024-09-27 21:52:00",23.9,21.1,84.39
"2024-09-27 22:52:00",23.3,21.7,90.75
"2024-09-27 23:52:00",22.8,21.7,93.54
"2024-09-28 00:52:00",23.3,22.2,93.56
"2024-09-28 01:52:00",23.3,22.2,93.56
"2024-09-28 02:52:00",23.3,22.8,97.03
"2024-09-28 03:52:00",23.3,22.8,97.03
"2024-09-28 04:52:00",22.8,22.2,96.43
"2024-09-28 05:52:00",22.2,21.7,97
"2024-09-28 06:52:00",22.2,21.7,97
"2024-09-28 07:52:00",22.2,21.7,97
"2024-09-28 08:52:00",22.8,20.6,87.44
"2024-09-28 09:52:00",23.9,20.6,81.83
"2024-09-28 10:52:00",25.6,20.6,73.95
"2024-09-28 11:52:00",26.7,18.91,62.38
"2024-09-28 12:52:00",27.8,17.82,54.6
"2024-09-28 13:52:00",28.3,17.22,51.07
"2024-09-28 14:52:00",28.3,17.22,51.07
"2024-09-28 15:52:00",27.8,16.72,50.94
"2024-09-28 16:52:00",27.8,16.72,50.94
"2024-09-28 17:52:00",27.2,16.71,52.75
"2024-09-28 18:52:00",25.6,16.7,57.96
"2024-09-28 19:52:00",23.9,17.19,66.2
"2024-09-28 20:52:00",23.3,17.79,71.28
"2024-09-28 21:52:00",23.3,18.29,73.55
"2024-09-28 22:52:00",22.8,19.39,81.19
"2024-09-28 23:52:00",22.2,19.99,87.39
"2024-09-29 00:52:00",21.7,20,90.09
"2024-09-29 01:52:00",21.1,20,93.45
"2024-09-29 02:52:00",21.1,20,93.45
"2024-09-29 03:52:00",20.6,19.4,92.85
"2024-09-29 04:52:00",20.6,19.4,92.85
"2024-09-29 05:52:00",20,18.9,93.4
"2024-09-29 06:52:00",20,18.9,93.4
"2024-09-29 07:52:00",19.4,18.9,96.94
"2024-09-29 08:52:00",19.4,18.9,96.94
"2024-09-29 09:52:00",20,18.9,93.4
"2024-09-29 10:52:00",20.6,19.4,92.85
"2024-09-29 11:52:00",21.7,19.39,86.8
"2024-09-29 12:52:00",20.6,19.4,92.85
"2024-09-29 13:52:00",20.6,18.89,90.01
"2024-09-29 14:52:00",21.1,18.89,87.29
"2024-09-29 15:52:00",21.1,18.89,87.29
"2024-09-29 16:52:00",20.6,18.89,90.01
"2024-09-29 17:52:00",20.6,18.89,90.01
"2024-09-29 18:52:00",20,18.9,93.4
"2024-09-29 19:52:00",20,18.29,89.96
"2024-09-29 20:52:00",19.4,18.29,93.37
"2024-09-29 21:52:00",19.4,18.9,96.94
"2024-09-29 22:52:00",19.4,18.9,96.94
"2024-09-29 23:52:00",19.4,18.29,93.37
"2024-09-30 00:52:00",18.9,18.3,96.32
"2024-09-30 01:52:00",18.9,17.79,93.34
"2024-09-30 02:52:00",18.3,17.8,96.91
"2024-09-30 03:52:00",18.3,17.8,96.91
"2024-09-30 04:52:00",18.3,17.19,93.31
"2024-09-30 05:52:00",17.8,17.2,96.29
"2024-09-30 06:52:00",17.8,17.2,96.29
"2024-09-30 07:52:00",17.8,17.2,96.29
"2024-09-30 08:52:00",17.8,17.2,96.29
"2024-09-30 09:52:00",18.3,17.19,93.31
"2024-09-30 10:52:00",18.3,17.19,93.31
"2024-09-30 11:52:00",18.3,16.69,90.41
"2024-09-30 12:52:00",18.9,17.19,89.88
"2024-09-30 13:52:00",18.9,17.79,93.34
"2024-09-30 14:52:00",18.9,17.79,93.34
"2024-09-30 15:52:00",18.9,17.79,93.34
"2024-09-30 16:52:00",18.9,17.19,89.88
"2024-09-30 17:52:00",18.3,16.69,90.41
"2024-09-30 18:52:00",18.3,16.69,90.41
"2024-09-30 19:52:00",18.3,16.69,90.41
"2024-09-30 20:52:00",18.3,17.19,93.31
"2024-09-30 21:52:00",18.3,17.19,93.31
"2024-09-30 22:52:00",18.3,16.69,90.41
"2024-09-30 23:52:00",18.3,16.69,90.41
"2024-10-01 00:52:00",18.3,16.69,90.41
"2024-10-01 01:52:00",18.3,16.69,90.41
"2024-10-01 02:52:00",17.8,16.69,93.29
"2024-10-01 03:52:00",17.8,16.69,93.29
"2024-10-01 04:52:00",17.2,16.09,93.26
"2024-10-01 05:52:00",17.2,16.09,93.26
"2024-10-01 06:52:00",17.2,16.09,93.26
"2024-10-01 07:52:00",16.7,16.1,96.26
"2024-10-01 08:52:00",17.2,16.09,93.26
"2024-10-01 09:52:00",17.8,16.69,93.29
"2024-10-01 10:52:00",18.3,17.19,93.31
"2024-10-01 11:52:00",18.3,17.19,93.31
"2024-10-01 12:52:00",18.9,17.19,89.88
"2024-10-01 13:52:00",18.9,16.08,83.82
"2024-10-01 14:52:00",18.9,16.08,83.82
"2024-10-01 15:52:00",18.9,16.08,83.82
"2024-10-01 16:52:00",20,16.68,81.33
"2024-10-01 17:52:00",19.4,16.69,84.41
"2024-10-01 18:52:00",18.9,16.69,87.08
"2024-10-01 19:52:00",18.3,16.09,87.02
"2024-10-01 20:52:00",18.3,16.09,87.02
"2024-10-01 21:52:00",18.3,16.69,90.41
"2024-10-01 22:52:00",18.3,16.69,90.41
"2024-10-01 23:52:00",18.3,16.69,90.41
"2024-10-02 00:52:00",18.3,16.69,90.41
"2024-10-02 01:52:00",17.8,16.09,89.8
"2024-10-02 02:52:00",17.8,16.09,89.8
"2024-10-02 03:52:00",17.2,16.09,93.26
"2024-10-02 04:52:00",17.2,16.09,93.26
"2024-10-02 05:52:00",16.7,15.59,93.23
"2024-10-02 06:52:00",16.7,15.59,93.23
"2024-10-02 07:52:00",16.7,16.1,96.26
"2024-10-02 08:52:00",17.2,16.09,93.26
"2024-10-02 09:52:00",17.8,16.09,89.8
"2024-10-02 10:52:00",18.3,16.09,87.02
"2024-10-02 11:52:00",18.3,16.69,90.41
"2024-10-02 12:52:00",18.9,16.69,87.08
"2024-10-02 13:52:00",20,16.68,81.33
"2024-10-02 14:52:00",21.1,16.68,76.01
"2024-10-02 15:52:00",21.1,16.08,73.16
"2024-10-02 16:52:00",21.1,16.68,76.01
"2024-10-02 17:52:00",20.6,16.68,78.38
"2024-10-02 18:52:00",18.9,17.79,93.34
"2024-10-02 19:52:00",18.9,17.79,93.34
"2024-10-02 20:52:00",18.3,17.8,96.91
"2024-10-02 21:52:00",18.3,17.19,93.31
"2024-10-02 22:52:00",18.3,17.8,96.91
"2024-10-02 23:52:00",17.8,17.2,96.29
"2024-10-03 00:52:00",17.8,17.2,96.29
"2024-10-03 01:52:00",17.8,17.2,96.29
"2024-10-03 02:52:00",17.8,17.2,96.29
"2024-10-03 03:52:00",17.2,17.2,100
"2024-10-03 04:52:00",16.1,14.99,93.2
"2024-10-03 05:52:00",17.2,13.88,80.96
"2024-10-03 06:52:00",16.1,13.28,83.49
"2024-10-03 07:52:00",16.7,13.28,80.37
"2024-10-03 08:52:00",17.2,13.88,80.96
"2024-10-03 09:52:00",18.9,14.38,75.16
"2024-10-03 10:52:00",20.6,13.27,62.99
"2024-10-03 11:52:00",20.6,13.27,62.99
"2024-10-03 12:52:00",22.2,16.08,68.41
"2024-10-03 13:52:00",23.3,16.69,66.5
"2024-10-03 14:52:00",23.3,16.69,66.5
"2024-10-03 15:52:00",24.4,16.69,62.25
"2024-10-03 16:52:00",24.4,17.19,64.25
"2024-10-03 17:52:00",23.9,17.19,66.2
"2024-10-03 18:52:00",21.7,17.19,75.63
"2024-10-03 19:52:00",18.9,16.69,87.08
"2024-10-03 20:52:00",17.8,16.69,93.29
"2024-10-03 21:52:00",19.4,17.79,90.49
"2024-10-03 22:52:00",17.8,17.2,96.29
"2024-10-03 23:52:00",18.3,17.8,96.91
"2024-10-04 00:52:00",17.8,17.2,96.29
"2024-10-04 01:52:00",18.9,17.79,93.34
"2024-10-04 02:52:00",18.9,18.3,96.32
"2024-10-04 03:52:00",18.9,17.79,93.34
"2024-10-04 04:52:00",18.3,17.8,96.91
"2024-10-04 05:52:00",18.3,17.8,96.91
"2024-10-04 06:52:00",17.8,17.2,96.29
"2024-10-04 07:52:00",17.8,17.2,96.29
"2024-10-04 08:52:00",18.3,17.8,96.91
"2024-10-04 09:52:00",19.4,18.29,93.37
"2024-10-04 10:52:00",21.7,18.89,84.14
"2024-10-04 11:52:00",23.9,19.39,75.98
"2024-10-04 12:52:00",23.9,19.39,75.98
"2024-10-04 13:52:00",23.9,19.39,75.98
"2024-10-04 14:52:00",25,19.4,71.15
"2024-10-04 15:52:00",24.4,19.39,73.74
"2024-10-04 16:52:00",24.4,19.39,73.74
"2024-10-04 17:52:00",24.4,19.39,73.74
"2024-10-04 18:52:00",22.8,18.89,78.7
"2024-10-04 19:52:00",22.2,18.89,81.62
"2024-10-04 20:52:00",21.7,18.89,84.14
"2024-10-04 21:52:00",20,19.4,96.35
"2024-10-04 22:52:00",20,18.9,93.4
"2024-10-04 23:52:00",18.9,18.3,96.32
"2024-10-05 00:52:00",20,19.4,96.35
"2024-10-05 01:52:00",20,18.9,93.4
"2024-10-05 02:52:00",19.4,18.9,96.94
"2024-10-05 03:52:00",19.4,18.9,96.94
"2024-10-05 04:52:00",19.4,18.9,96.94
"2024-10-05 05:52:00",18.3,17.8,96.91
"2024-10-05 06:52:00",18.3,17.8,96.91
"2024-10-05 07:52:00",17.2,16.7,96.88
"2024-10-05 08:52:00",17.2,16.7,96.88
"2024-10-05 09:52:00",20,15.58,75.83
"2024-10-05 10:52:00",21.1,15.58,70.86
"2024-10-05 11:52:00",22.2,14.98,63.76
"2024-10-05 12:52:00",23.3,13.88,55.57
"2024-10-05 13:52:00",24.4,13.29,50.03
"2024-10-05 14:52:00",25,10.6,40.41
"2024-10-05 15:52:00",25,12.8,46.72
"2024-10-05 16:52:00",25,11.1,41.77
"2024-10-05 17:52:00",23.9,9.38,39.82
"2024-10-05 18:52:00",21.7,8.86,43.98
"2024-10-05 19:52:00",15.6,11.06,74.59
"2024-10-05 20:52:00",17.2,10.56,65.18
"2024-10-05 21:52:00",15,10.57,74.99
"2024-10-05 22:52:00",14.4,10.57,77.94
"2024-10-05 23:52:00",14.4,10.57,77.94
"2024-10-06 00:52:00",13.3,10.57,83.71
"2024-10-06 01:52:00",11.1,9.99,92.94
"2024-10-06 02:52:00",11.1,9.38,89.27
"2024-10-06 03:52:00",10.6,9.99,96.07
"2024-10-06 04:52:00",10,9.39,96.06
"2024-10-06 05:52:00",9.4,8.89,96.69
"2024-10-06 06:52:00",9.4,8.89,96.69
"2024-10-06 07:52:00",10,10,100
"2024-10-06 08:52:00",15.6,12.17,80.21
"2024-10-06 09:52:00",17.8,11.66,67.51
"2024-10-06 10:52:00",20.6,12.17,58.61
"2024-10-06 11:52:00",22.2,12.17,53.15
"2024-10-06 12:52:00",23.3,12.78,51.72
"2024-10-06 13:52:00",23.9,13.89,53.6
"2024-10-06 14:52:00",25,13.9,50.19
"2024-10-06 15:52:00",25,14.4,51.84
"2024-10-06 16:52:00",25,13.9,50.19
"2024-10-06 17:52:00",23.9,14.39,55.36
"2024-10-06 18:52:00",22.2,14.38,61.34
"2024-10-06 19:52:00",21.1,14.98,68.19
"2024-10-06 20:52:00",20.6,14.98,70.32
"2024-10-06 21:52:00",20,15.58,75.83
"2024-10-06 22:52:00",19.4,15.58,78.7
"2024-10-06 23:52:00",19.4,15.58,78.7
"2024-10-07 00:52:00",19.4,16.08,81.25
"2024-10-07 01:52:00",19.4,16.08,81.25
"2024-10-07 02:52:00",18.3,16.09,87.02
"2024-10-07 03:52:00",18.3,16.69,90.41
"2024-10-07 04:52:00",17.2,16.09,93.26
"2024-10-07 05:52:00",16.7,16.1,96.26
"2024-10-07 06:52:00",16.1,15.6,96.86
"2024-10-07 07:52:00",16.7,16.1,96.26
"2024-10-07 08:52:00",20,16.08,78.29
"2024-10-07 09:52:00",20.6,13.27,62.99
"2024-10-07 10:52:00",21.1,12.17,56.84
"2024-10-07 11:52:00",22.2,12.17,53.15
"2024-10-07 12:52:00",21.7,11.07,50.96
"2024-10-07 13:52:00",22.2,9.97,45.94
"2024-10-07 14:52:00",22.8,8.87,41.14
"2024-10-07 15:52:00",20,7.75,45.31
"2024-10-07 16:52:00",21.1,8.26,43.81
"2024-10-07 17:52:00",20,8.25,46.88
"2024-10-07 18:52:00",19.4,7.75,47.03
"2024-10-07 19:52:00",17.8,8.25,53.77
"2024-10-07 20:52:00",17.8,8.25,53.77
"2024-10-07 21:52:00",16.7,8.25,57.64
"2024-10-07 22:52:00",16.7,7.74,55.71
"2024-10-07 23:52:00",12.8,7.75,71.62
"2024-10-08 00:52:00",13.9,7.14,64
"2024-10-08 01:52:00",12.2,6.65,69.1
"2024-10-08 02:52:00",11.7,6.65,71.41
"2024-10-08 03:52:00",11.1,6.65,74.3
"2024-10-08 04:52:00",11.1,7.16,76.89
"2024-10-08 05:52:00",10.6,6.66,76.81
"2024-10-08 06:52:00",10,6.66,79.95
"2024-10-08 07:52:00",10.6,6.66,76.81
"2024-10-08 08:52:00",12.8,7.75,71.62
"2024-10-08 09:52:00",12.8,7.75,71.62
"2024-10-08 10:52:00",15.6,7.74,59.76
"2024-10-08 11:52:00",18.3,7.14,48.35
"2024-10-08 12:52:00",18.9,4.34,38.36
"2024-10-08 13:52:00",20,3.25,33.16
"2024-10-08 14:52:00",20.6,5.55,37.54
"2024-10-08 15:52:00",20,5.55,38.95
"2024-10-08 16:52:00",18.9,4.94,40
"2024-10-08 17:52:00",19.4,4.94,38.78
"2024-10-08 18:52:00",16.1,4.93,47.72
"2024-10-08 19:52:00",11.1,7.16,76.89
"2024-10-08 20:52:00",11.1,7.16,76.89
"2024-10-08 21:52:00",10,6.66,79.95
"2024-10-08 22:52:00",10.6,7.16,79.49
"2024-10-08 23:52:00",9.4,7.17,86.14
"2024-10-09 00:52:00",8.9,6.67,86.08
"2024-10-09 01:52:00",8.3,6.68,89.65
"2024-10-09 02:52:00",7.8,6.08,88.99
"2024-10-09 04:52:00",6.7,5.59,92.69
"2024-10-09 05:52:00",6.7,6.09,95.95
"2024-10-09 06:52:00",6.1,4.98,92.65
"2024-10-09 07:52:00",7.8,6.69,92.75
"2024-10-09 08:52:00",12.2,8.87,80.27
"2024-10-09 09:52:00",15.6,9.35,66.59
"2024-10-09 10:52:00",20,5.55,38.95
"2024-10-09 11:52:00",20.6,5.55,37.54
"2024-10-09 12:52:00",21.1,4.35,33.48
"2024-10-09 13:52:00",21.7,4.36,32.28
"2024-10-09 14:52:00",21.7,3.86,31.16
"2024-10-09 15:52:00",22.2,5.57,34.04
"2024-10-09 16:52:00",21.7,4.96,33.66
"2024-10-09 17:52:00",20.6,4.95,36.01
"2024-10-09 18:52:00",18.9,4.94,40
"2024-10-09 19:52:00",17.8,4.33,41.1
"2024-10-09 20:52:00",15.6,4.93,49.27
"2024-10-09 21:52:00",16.1,3.82,44.19
"2024-10-09 22:52:00",15.6,2.72,42.21
"2024-10-09 23:52:00",14.4,2.11,43.69
"2024-10-10 00:52:00",12.2,2.11,50.42
"2024-10-10 01:52:00",10.6,2.72,58.5
"2024-10-10 02:52:00",7.8,2.74,70.64
"2024-10-10 03:52:00",7.8,2.74,70.64
"2024-10-10 04:52:00",10,3.23,63.08
"2024-10-10 05:52:00",9.4,3.23,65.67
"2024-10-10 06:52:00",6.7,2.75,76.16
"2024-10-10 07:52:00",8.9,3.84,70.86
"2024-10-10 08:52:00",11.7,4.33,60.88
"2024-10-10 09:52:00",13.3,4.32,54.81
"2024-10-10 10:52:00",14.4,3.82,49.28
"2024-10-10 11:52:00",15.6,3.82,45.62
"2024-10-10 12:52:00",16.7,3.82,42.53
"2024-10-10 13:52:00",17.2,3.83,41.21
"2024-10-10 14:52:00",17.8,3.83,39.68
"2024-10-10 15:52:00",17.8,3.23,38.04
"2024-10-10 16:52:00",17.8,3.23,38.04
"2024-10-10 17:52:00",17.2,2.73,38.13
"2024-10-10 18:52:00",16.1,2.72,40.88
"2024-10-10 19:52:00",14.4,3.82,49.28
"2024-10-10 20:52:00",10.6,4.33,65.48
"2024-10-10 21:52:00",8.9,4.35,73.39
"2024-10-10 22:52:00",10,4.34,68.16
"2024-10-10 23:52:00",7.2,3.86,79.54
"2024-10-11 00:52:00",6.7,3.86,82.31
"2024-10-11 01:52:00",6.1,3.87,85.79
"2024-10-11 02:52:00",10,4.34,68.16
"2024-10-11 03:52:00",9.4,4.34,70.96
"2024-10-11 04:52:00",6.1,3.87,85.79
"2024-10-11 05:52:00",4.4,3.28,92.55
"2024-10-11 06:52:00",5,3.27,88.75
"2024-10-11 07:52:00",5,3.27,88.75
"2024-10-11 08:52:00",11.1,5.54,68.87
"2024-10-11 09:52:00",13.3,5.53,59.6
"2024-10-11 10:52:00",15.6,5.53,51.37
"2024-10-11 11:52:00",17.2,4.33,42.68
"2024-10-11 12:52:00",17.8,4.94,42.86
"2024-10-11 13:52:00",18.9,4.94,40
"2024-10-11 14:52:00",20,3.25,33.16
"2024-10-11 15:52:00",20.6,3.25,31.96
"2024-10-11 16:52:00",20.6,4.35,34.53
"2024-10-11 17:52:00",20,3.84,34.59
"2024-10-11 18:52:00",15,5.53,53.39
"2024-10-11 19:52:00",12.2,6.04,66.3
"2024-10-11 20:52:00",14.4,5.53,55.49
"2024-10-11 21:52:00",9.4,5.56,77.15
"2024-10-11 22:52:00",10.6,6.05,73.7
"2024-10-11 23:52:00",7.8,5.57,85.97
"2024-10-12 00:52:00",10,6.66,79.95
"2024-10-12 01:52:00",8.3,6.07,86.02
"2024-10-12 02:52:00",7.8,5.57,85.97
"2024-10-12 03:52:00",6.7,5.59,92.69
"2024-10-12 04:52:00",6.7,5.59,92.69
"2024-10-12 05:52:00",7.2,6.09,92.72
"2024-10-12 06:52:00",7.2,6.09,92.72
"2024-10-12 07:52:00",7.2,5.58,89.56
"2024-10-12 08:52:00",11.7,8.87,82.95
"2024-10-12 09:52:00",16.1,9.35,64.5
"2024-10-12 10:52:00",22.2,9.37,44.12
"2024-10-12 11:52:00",23.9,8.88,38.5
"2024-10-12 12:52:00",25,9.4,37.29
"2024-10-12 13:52:00",26.1,10.01,36.37
"2024-10-12 14:52:00",26.7,10.61,36.54
"2024-10-12 15:52:00",26.7,10.61,36.54
"2024-10-12 16:52:00",26.7,10.61,36.54
"2024-10-12 17:52:00",25.6,11.7,41.94
"2024-10-12 18:52:00",20,12.17,60.82
"2024-10-12 19:52:00",19.4,12.17,63.13
"2024-10-12 20:52:00",19.4,11.66,61.08
"2024-10-12 21:52:00",17.8,11.66,67.51
"2024-10-12 22:52:00",16.1,11.67,75.18
"2024-10-12 23:52:00",13.3,11.08,86.54
"2024-10-13 00:52:00",13.9,11.68,86.6
"2024-10-13 01:52:00",13.9,11.08,83.23
"2024-10-13 02:52:00",13.9,11.08,83.23
"2024-10-13 03:52:00",12.8,11.08,89.41
"2024-10-13 04:52:00",11.7,9.98,89.32
"2024-10-13 05:52:00",10.6,9.39,92.29
"2024-10-13 06:52:00",10,8.89,92.87
"2024-10-13 07:52:00",11.1,10.59,96.73
"2024-10-13 08:52:00",12.8,11.69,93.03
"2024-10-13 09:52:00",16.7,12.17,74.78
"2024-10-13 10:52:00",20,12.77,63.26
"2024-10-13 11:52:00",23.3,12.18,49.73
"2024-10-13 12:52:00",25.6,12.2,43.35
"2024-10-13 13:52:00",26.7,11.72,39.31
"2024-10-13 14:52:00",25.6,12.8,45.08
"2024-10-13 15:52:00",26.7,12.21,40.62
"2024-10-13 16:52:00",26.1,13.3,45.22
"2024-10-13 17:52:00",25,12.8,46.72
"2024-10-13 18:52:00",23.9,13.29,51.55
"2024-10-13 19:52:00",22.8,12.78,53.31
"2024-10-13 20:52:00",22.2,12.17,53.15
"2024-10-13 21:52:00",22.2,12.17,53.15
"2024-10-13 22:52:00",21.7,12.17,54.79
"2024-10-13 23:52:00",20.6,12.17,58.61
"2024-10-14 00:52:00",19.4,12.17,63.13
"2024-10-14 01:52:00",19.4,12.17,63.13
"2024-10-14 02:52:00",17.8,12.17,69.77
"2024-10-14 03:52:00",16.7,12.17,74.78
"2024-10-14 04:52:00",16.1,12.17,77.69
"2024-10-14 05:52:00",15,11.67,80.66
"2024-10-14 06:52:00",15.6,12.17,80.21
"2024-10-14 07:52:00",18.3,7.75,50.37
"2024-10-14 08:52:00",16.1,2.72,40.88
"2024-10-14 09:52:00",16.7,2.12,37.71
"2024-10-14 10:52:00",16.1,1.62,37.8
"2024-10-14 11:52:00",17.2,2.12,36.53
"2024-10-14 12:52:00",17.8,1.63,33.94
"2024-10-14 13:52:00",17.8,1.63,33.94
"2024-10-14 14:52:00",17.8,2.73,36.71
"2024-10-14 15:52:00",16.7,2.72,39.35
"2024-10-14 16:52:00",15.6,3.22,43.73
"2024-10-14 17:52:00",14.4,3.82,49.28
"2024-10-14 18:52:00",12.8,4.93,59.06
"2024-10-14 19:52:00",11.7,4.33,60.88
"2024-10-14 20:52:00",11.1,4.94,66.05
"2024-10-14 21:52:00",10.6,3.23,60.61
"2024-10-14 22:52:00",10,2.72,60.89
"2024-10-14 23:52:00",10,2.72,60.89
"2024-10-15 00:52:00",7.2,2.74,73.59
"2024-10-15 01:52:00",6.1,2.76,79.37
"2024-10-15 02:52:00",5.6,3.27,85.13
"2024-10-15 03:52:00",6.7,3.86,82.31
"2024-10-15 04:52:00",6.1,3.87,85.79
"2024-10-15 05:52:00",6.1,4.38,88.85
"2024-10-15 06:52:00",7.2,3.86,79.54
"2024-10-15 07:52:00",6.7,3.86,82.31
"2024-10-15 08:52:00",9.4,4.95,73.99
"2024-10-15 09:52:00",11.1,3.22,58.63
"2024-10-15 10:52:00",12.8,2.11,48.48
"2024-10-15 11:52:00",11.1,3.22,58.63
"2024-10-15 12:52:00",11.7,3.83,58.78
"2024-10-15 13:52:00",12.2,4.33,58.91
"2024-10-15 14:52:00",12.8,3.82,54.68
"2024-10-15 15:52:00",12.8,3.22,52.42
"2024-10-15 16:52:00",12.2,2.72,52.62
"2024-10-15 17:52:00",12.2,3.22,54.52
"2024-10-15 18:52:00",11.1,2.72,56.59
"2024-10-15 19:52:00",7.2,3.25,76.24
"2024-10-15 20:52:00",10,3.23,63.08
"2024-10-15 21:52:00",8.9,3.23,67.92
"2024-10-15 22:52:00",8.9,2.73,65.56
"2024-10-15 23:52:00",7.8,2.74,70.64
"2024-10-16 00:52:00",6.7,2.14,72.97
"2024-10-16 01:52:00",6.7,2.14,72.97
"2024-10-16 02:52:00",5.6,1.65,75.97
"2024-10-16 03:52:00",5.6,1.65,75.97
"2024-10-16 04:52:00",5.6,1.65,75.97
"2024-10-16 05:52:00",6.1,1.64,73.38
"2024-10-16 06:52:00",5.6,1.65,75.97
"2024-10-16 07:52:00",5,1.65,79.2
"2024-10-16 08:52:00",7.2,2.74,73.59
"2024-10-16 09:52:00",10,3.23,63.08
"2024-10-16 10:52:00",12.2,2.11,50.42
"2024-10-16 11:52:00",12.2,1.61,48.65
"2024-10-16 12:52:00",12.2,-0.1,43.04
"2024-10-16 13:52:00",12.8,1,44.8
"2024-10-16 14:52:00",13.3,-0.1,40.05
"2024-10-16 15:52:00",13.9,0.51,40.23
"2024-10-16 16:52:00",14.4,-0.1,37.29
"2024-10-16 17:52:00",13.3,-0.1,40.05
"2024-10-16 18:52:00",12.2,0.5,44.95
"2024-10-16 19:52:00",10.6,1.01,51.8
"2024-10-16 20:52:00",9.4,1.62,58.61
"2024-10-16 21:52:00",8.9,1.01,58.06
"2024-10-16 22:52:00",8.9,1.01,58.06
"2024-10-16 23:52:00",8.3,0.51,58.32
"2024-10-17 00:52:00",6.7,0.52,65.05
"2024-10-17 01:52:00",6.7,1.03,67.44
"2024-10-17 02:52:00",6.1,1.03,70.29
"2024-10-17 03:52:00",4.4,0.55,76.31
"2024-10-17 04:52:00",5.6,0.53,70.19
"2024-10-17 05:52:00",5,0.54,73.18
"2024-10-17 06:52:00",6.1,0.53,67.8
"2024-10-17 07:52:00",5,0.54,73.18
"2024-10-17 08:52:00",7.8,1.63,65.31
"2024-10-17 09:52:00",10,1.01,53.92
"2024-10-17 10:52:00",11.1,1.01,50.11
"2024-10-17 11:52:00",12.2,1.61,48.65
"2024-10-17 12:52:00",13.3,1,43.36
"2024-10-17 13:52:00",14.4,1.01,40.38
"2024-10-17 14:52:00",15,1.01,38.85
"2024-10-17 15:52:00",15.6,1.01,37.38
"2024-10-17 16:52:00",16.1,1.62,37.8
"2024-10-17 17:52:00",15,0.51,37.47
"2024-10-17 18:52:00",13.9,0.51,40.23
"2024-10-17 19:52:00",11.7,1.01,48.16
"2024-10-17 20:52:00",10.6,1.01,51.8
"2024-10-17 21:52:00",6.1,1.03,70.29
"2024-10-17 22:52:00",5.6,1.04,72.76
"2024-10-17 23:52:00",6.1,1.03,70.29
"2024-10-18 00:52:00",3.9,1.06,81.94
"2024-10-18 01:52:00",3.3,0.56,82.45
"2024-10-18 02:52:00",5,1.05,75.86
"2024-10-18 03:52:00",2.2,0.58,89.15
"2024-10-18 04:52:00",2.8,0.57,85.42
"2024-10-18 05:52:00",1.7,0.58,92.39
"2024-10-18 06:52:00",1.7,-0.03,88.46
"2024-10-18 07:52:00",6.1,1.64,73.38
"2024-10-18 08:52:00",9.4,2.73,63.39
"2024-10-18 09:52:00",12.8,2.71,50.59
"2024-10-18 10:52:00",14.4,2.11,43.69
"2024-10-18 11:52:00",16.1,2.12,39.18
"2024-10-18 12:52:00",17.8,1.63,33.94
"2024-10-18 13:52:00",18.9,1.63,31.68
"2024-10-18 14:52:00",20,-0.65,25.06
"2024-10-18 15:52:00",21.1,-2.83,19.91
"2024-10-18 16:52:00",20.6,0.55,26.35
"2024-10-18 17:52:00",19.4,1.04,29.42
"2024-10-18 18:52:00",16.7,1.62,36.39
"2024-10-18 19:52:00",10.6,2.72,58.5
"2024-10-18 20:52:00",9.4,2.73,63.39
"2024-10-18 21:52:00",7.8,2.74,70.64
"2024-10-18 22:52:00",6.7,2.14,72.97
"2024-10-18 23:52:00",5.6,2.15,78.73
"2024-10-19 00:52:00",6.1,2.15,76.05
"2024-10-19 01:52:00",4.4,1.66,82.59
"2024-10-19 02:52:00",7.8,2.13,67.68
"2024-10-19 03:52:00",7.2,2.14,70.51
"2024-10-19 04:52:00",3.9,1.67,85.54
"2024-10-19 05:52:00",3.3,1.68,89.24
"2024-10-19 06:52:00",3.9,1.06,81.94
"2024-10-19 07:52:00",3.9,1.67,85.54
"2024-10-19 08:52:00",10,3.83,65.81
"2024-10-19 09:52:00",13.3,3.82,52.92
"2024-10-19 10:52:00",16.1,3.82,44.19
"2024-10-19 11:52:00",18.3,3.83,38.45
"2024-10-19 12:52:00",20,3.25,33.16
"2024-10-19 13:52:00",21.7,2.16,27.63
"2024-10-19 14:52:00",22.2,2.17,26.8
"2024-10-19 15:52:00",23.3,1.68,24.19
"2024-10-19 16:52:00",22.2,1.67,25.86
"2024-10-19 17:52:00",21.1,2.16,28.66
"2024-10-19 18:52:00",14.4,3.82,49.28
"2024-10-19 19:52:00",12.2,3.22,54.52
"2024-10-19 20:52:00",10,3.23,63.08
"2024-10-19 21:52:00",9.4,3.84,68.51
"2024-10-19 22:52:00",7.2,3.25,76.24
"2024-10-19 23:52:00",6.7,3.25,78.9
"2024-10-20 00:52:00",5,3.27,88.75
"2024-10-20 01:52:00",5,2.77,85.67
"2024-10-20 02:52:00",4.4,2.78,89.33
"2024-10-20 03:52:00",3.9,2.78,92.52
"2024-10-20 04:52:00",3.3,2.18,92.49
"2024-10-20 05:52:00",2.2,1.69,96.49
"2024-10-20 06:52:00",2.2,1.69,96.49
"2024-10-20 07:52:00",2.8,2.19,95.82
"2024-10-20 08:52:00",8.3,6.07,86.02
"2024-10-20 09:52:00",13.3,6.04,61.69
"2024-10-20 10:52:00",16.7,7.14,53.48
"2024-10-20 11:52:00",20,4.95,37.36
"2024-10-20 12:52:00",21.7,6.06,36.33
"2024-10-20 13:52:00",23.3,3.88,28.28
"2024-10-20 14:52:00",23.9,3.89,27.28
"2024-10-20 15:52:00",24.4,2.8,24.5
"2024-10-20 16:52:00",23.9,2.2,24.19
"2024-10-20 17:52:00",21.7,3.26,29.87
"2024-10-20 18:52:00",15.6,4.32,47.25
"2024-10-20 19:52:00",12.2,4.33,58.91
"2024-10-20 20:52:00",11.1,4.33,63.34
"2024-10-20 21:52:00",10,4.34,68.16
"2024-10-20 22:52:00",8.9,4.35,73.39
"2024-10-20 23:52:00",8.9,4.95,76.53
"2024-10-21 00:52:00",7.2,3.86,79.54
"2024-10-21 01:52:00",6.1,3.87,85.79
"2024-10-21 02:52:00",6.1,4.38,88.85
"2024-10-21 03:52:00",5,3.88,92.59
"2024-10-21 04:52:00",5,3.27,88.75
"2024-10-21 05:52:00",4.4,3.28,92.55
"2024-10-21 06:52:00",3.9,2.78,92.52
"2024-10-21 07:52:00",3.9,3.29,95.86
"2024-10-21 08:52:00",10,7.17,82.74
"2024-10-21 09:52:00",16.7,8.85,60.03
"2024-10-21 10:52:00",20,7.75,45.31
"2024-10-21 11:52:00",22.8,6.67,35.41
"2024-10-21 12:52:00",24.4,7.79,34.68
"2024-10-21 13:52:00",25.6,5.01,26.63
"2024-10-21 14:52:00",26.1,5.02,25.85
"2024-10-21 15:52:00",26.1,3.92,23.93
"2024-10-21 16:52:00",26.1,3.32,22.94
"2024-10-21 17:52:00",23.9,4.39,28.26
"2024-10-21 18:52:00",17.8,5.54,44.68
"2024-10-21 19:52:00",13.9,6.03,59.33
"2024-10-21 20:52:00",13.3,5.53,59.6
"2024-10-21 21:52:00",11.7,6.04,68.52
"2024-10-21 22:52:00",11.1,6.05,71.29
"2024-10-21 23:52:00",10.6,6.66,76.81
"2024-10-22 00:52:00",9.4,6.67,83.23
"2024-10-22 01:52:00",10,6.66,79.95
"2024-10-22 02:52:00",8.9,6.67,86.08
"2024-10-22 03:52:00",8.3,6.68,89.65
"2024-10-22 04:52:00",7.8,6.69,92.75
"2024-10-22 05:52:00",7.2,6.09,92.72
"2024-10-22 06:52:00",7.8,6.69,92.75
"2024-10-22 07:52:00",8.3,6.68,89.65
"2024-10-22 08:52:00",13.3,9.36,77.25
"2024-10-22 09:52:00",17.2,8.85,58.16
"2024-10-22 10:52:00",21.7,9.37,45.49
"2024-10-22 11:52:00",24.4,9.99,40.23
"2024-10-22 12:52:00",26.7,7.82,30.26
"2024-10-22 13:52:00",27.2,7.83,29.39
"2024-10-22 14:52:00",27.2,7.83,29.39
"2024-10-22 15:52:00",27.8,7.84,28.38
"2024-10-22 16:52:00",26.7,8.32,31.31
"2024-10-22 17:52:00",24.4,7.19,33.29
"2024-10-22 18:52:00",21.7,7.76,40.82
"2024-10-22 19:52:00",19.4,7.75,47.03
"2024-10-22 20:52:00",18.9,8.25,50.19
"2024-10-22 21:52:00",17.2,8.25,55.84
"2024-10-22 22:52:00",15,8.25,64.25
"2024-10-22 23:52:00",14.4,7.75,64.55
"2024-10-23 00:52:00",11.7,7.15,73.9
"2024-10-23 01:52:00",10,7.17,82.74
"2024-10-23 02:52:00",10.6,7.16,79.49
"2024-10-23 03:52:00",8.9,7.18,89.09
"2024-10-23 04:52:00",7.8,6.08,88.99
"2024-10-23 05:52:00",8.9,6.67,86.08
"2024-10-23 06:52:00",6.1,4.98,92.65
"2024-10-23 07:52:00",9.4,7.17,86.14
"2024-10-23 08:52:00",12.2,8.87,80.27
"2024-10-23 09:52:00",15.6,9.35,66.59
"2024-10-23 10:52:00",14.4,9.36,71.93
"2024-10-23 11:52:00",21.1,9.97,49.13
"2024-10-23 12:52:00",22.8,9.38,42.55
"2024-10-23 13:52:00",25,8.9,36.05
"2024-10-23 14:52:00",25.6,8.31,33.41
"2024-10-23 15:52:00",25.6,8.31,33.41
"2024-10-23 16:52:00",25.6,8.31,33.41
"2024-10-23 17:52:00",23.9,8.88,38.5
"2024-10-23 18:52:00",21.1,8.26,43.81
"2024-10-23 19:52:00",18.3,9.35,56.13
"2024-10-23 20:52:00",18.9,9.96,56.28
"2024-10-23 21:52:00",16.1,9.96,67.15
"2024-10-23 22:52:00",15,9.96,72.04
"2024-10-23 23:52:00",15.6,9.96,69.32
"2024-10-24 00:52:00",12.2,8.87,80.27
"2024-10-24 01:52:00",14.4,9.36,71.93
"2024-10-24 02:52:00",18.3,9.95,58.43
"2024-10-24 03:52:00",17.8,9.35,57.92
"2024-10-24 04:52:00",17.2,9.96,62.62
"2024-10-24 05:52:00",16.1,9.96,67.15
"2024-10-24 06:52:00",15,9.36,69.2
"2024-10-24 07:52:00",14.4,7.75,64.55
"2024-10-24 08:52:00",16.1,7.14,55.56
"2024-10-24 09:52:00",16.7,6.03,49.58
"2024-10-24 10:52:00",16.7,4.93,45.94
"2024-10-24 11:52:00",18.3,5.54,43.3
"2024-10-24 12:52:00",18.9,3.23,35.5
"2024-10-24 13:52:00",19.4,1.04,29.42
"2024-10-24 14:52:00",19.4,3.24,34.42
"2024-10-24 15:52:00",19.4,1.64,30.71
"2024-10-24 16:52:00",18.9,1.63,31.68
"2024-10-24 17:52:00",17.8,0.53,31.36
"2024-10-24 18:52:00",16.7,1.02,34.85
"2024-10-24 19:52:00",15,1.61,40.56
"2024-10-24 20:52:00",12.2,2.11,50.42
"2024-10-24 21:52:00",12.8,2.11,48.48
"2024-10-24 22:52:00",12.8,2.11,48.48
"2024-10-24 23:52:00",9.4,1.62,58.61
"2024-10-25 00:52:00",5.6,1.04,72.76
"2024-10-25 01:52:00",6.1,1.64,73.38
"2024-10-25 02:52:00",5,1.05,75.86
"2024-10-25 03:52:00",3.9,1.06,81.94
"2024-10-25 04:52:00",2.8,0.57,85.42
"2024-10-25 05:52:00",2.2,0.58,89.15
"2024-10-25 06:52:00",2.8,1.07,88.56
"2024-10-25 07:52:00",2.2,1.08,92.42
"2024-10-25 08:52:00",8.9,3.23,67.92
"2024-10-25 09:52:00",12.2,2.72,52.62
"2024-10-25 10:52:00",13.9,2.71,47.09
"2024-10-25 11:52:00",15,2.72,43.87
"2024-10-25 12:52:00",17.2,2.73,38.13
"2024-10-25 13:52:00",18.3,3.23,36.86
"2024-10-25 14:52:00",19.4,3.84,35.9
"2024-10-25 15:52:00",20,3.84,34.59
"2024-10-25 16:52:00",19.4,4.94,38.78
"2024-10-25 17:52:00",18.3,4.94,41.53
"2024-10-25 18:52:00",17.2,4.93,44.51
"2024-10-25 19:52:00",16.1,5.53,49.76
"2024-10-25 20:52:00",14.4,5.53,55.49
"2024-10-25 21:52:00",14.4,6.04,57.45
"2024-10-25 22:52:00",13.3,6.04,61.69
"2024-10-25 23:52:00",11.1,6.05,71.29
"2024-10-26 00:52:00",11.7,7.15,73.9
"2024-10-26 01:52:00",12.2,7.76,74.5
"2024-10-26 02:52:00",13.3,8.25,71.72
"2024-10-26 03:52:00",13.3,8.86,74.69
"2024-10-26 04:52:00",14.4,7.75,64.55
"2024-10-26 05:52:00",11.7,7.76,76.99
"2024-10-26 06:52:00",11.1,7.76,80.11
"2024-10-26 07:52:00",10,7.17,82.74
"2024-10-26 08:52:00",16.7,8.25,57.64
"2024-10-26 09:52:00",17.8,6.04,46.25
"2024-10-26 10:52:00",18.3,4.94,41.53
"2024-10-26 11:52:00",18.3,5.54,43.3
"2024-10-26 12:52:00",17.8,4.94,42.86
"2024-10-26 13:52:00",18.9,5.54,41.71
"2024-10-26 14:52:00",17.8,5.54,44.68
"2024-10-26 15:52:00",17.8,4.94,42.86
"2024-10-26 16:52:00",17.2,3.23,39.5
"2024-10-26 17:52:00",16.1,3.22,42.36
"2024-10-26 18:52:00",15,3.22,45.45
"2024-10-26 19:52:00",11.1,3.83,61.16
"2024-10-26 20:52:00",12.2,2.11,50.42
"2024-10-26 21:52:00",10.6,1.01,51.8
"2024-10-26 22:52:00",8.9,-0.09,53.62
"2024-10-26 23:52:00",12.2,-0.7,41.2
"2024-10-27 00:52:00",11.1,-0.7,44.3
"2024-10-27 01:52:00",10.6,-0.7,45.8
"2024-10-27 02:52:00",6.7,-1.19,57.48
"2024-10-27 03:52:00",7.2,-0.08,60.19
"2024-10-27 04:52:00",4.4,-0.67,69.94
"2024-10-27 05:52:00",1.7,-0.64,84.68
"2024-10-27 06:52:00",2.2,-1.15,78.77
"2024-10-27 07:52:00",2.2,-0.64,81.7
"2024-10-27 08:52:00",5.6,2.15,78.73
"2024-10-27 09:52:00",9.4,1.01,56.14
"2024-10-27 10:52:00",10.6,-0.1,47.84
"2024-10-27 11:52:00",12.2,-0.1,43.04
"2024-10-27 12:52:00",12.8,-0.1,41.38
"2024-10-27 13:52:00",13.9,-0.7,36.87
"2024-10-27 14:52:00",14.4,-2.9,30.35
"2024-10-27 15:52:00",14.4,-2.9,30.35
"2024-10-27 16:52:00",15,-2.9,29.2
"2024-10-27 17:52:00",13.3,-2.91,32.6
"2024-10-27 18:52:00",8.3,-1.81,49.31
"2024-10-27 19:52:00",5.6,-1.18,62.02
"2024-10-27 20:52:00",5.6,-1.18,62.02
"2024-10-27 21:52:00",5.6,-0.68,64.33
"2024-10-27 22:52:00",2.2,-1.15,78.77
"2024-10-27 23:52:00",2.8,-1.16,75.48
"2024-10-28 00:52:00",2.2,-1.15,78.77
"2024-10-28 01:52:00",1.7,-1.14,81.63
"2024-10-28 02:52:00",1.1,-1.13,85.23
"2024-10-28 03:52:00",1.1,-1.13,85.23
"2024-10-28 04:52:00",0.6,-1.74,84.55
"2024-10-28 05:52:00",0,-1.73,88.3
"2024-10-28 06:52:00",0,-1.73,88.3
"2024-10-28 07:52:00",0.6,-1.13,88.36
"2024-10-28 08:52:00",5,2.16,82.09
"2024-10-28 09:52:00",9.4,3.84,68.51
"2024-10-28 10:52:00",12.8,3.82,54.68
"2024-10-28 11:52:00",15,6.64,57.6
"2024-10-28 12:52:00",16.1,6.03,51.51
"2024-10-28 13:52:00",17.2,6.04,48.04
"2024-10-28 14:52:00",17.2,5.53,46.4
"2024-10-28 15:52:00",17.8,6.04,46.25
"2024-10-28 16:52:00",17.2,5.53,46.4
"2024-10-28 17:52:00",16.1,5.53,49.76
"2024-10-28 18:52:00",13.9,4.93,54.97
"2024-10-28 19:52:00",12.8,4.93,59.06
"2024-10-28 20:52:00",12.2,3.22,54.52
"2024-10-28 21:52:00",11.7,2.11,52.11
"2024-10-28 22:52:00",8.9,2.12,62.82
"2024-10-28 23:52:00",8.3,2.13,65.42
"2024-10-29 00:52:00",5.6,1.65,75.97
"2024-10-29 01:52:00",6.1,1.64,73.38
"2024-10-29 02:52:00",5.6,1.65,75.97
"2024-10-29 03:52:00",3.3,1.68,89.24
"2024-10-29 04:52:00",3.3,1.68,89.24
"2024-10-29 05:52:00",4.4,2.17,85.6
"2024-10-29 06:52:00",5,3.27,88.75
"2024-10-29 07:52:00",7.8,4.97,82.46
"2024-10-29 08:52:00",9.4,6.67,83.23
"2024-10-29 09:52:00",12.8,6.64,66.43
"2024-10-29 10:52:00",14.4,6.64,59.87
"2024-10-29 11:52:00",15.6,6.64,55.42
"2024-10-29 12:52:00",18.9,8.25,50.19
"2024-10-29 13:52:00",18.9,8.85,52.27
"2024-10-29 14:52:00",19.4,8.85,50.67
"2024-10-29 15:52:00",20,8.86,48.82
"2024-10-29 16:52:00",18.3,8.85,54.27
"2024-10-29 17:52:00",17.2,8.85,58.16
"2024-10-29 18:52:00",15.6,8.85,64.38
"2024-10-29 19:52:00",14.4,8.85,69.55
"2024-10-29 20:52:00",14.4,8.85,69.55
"2024-10-29 21:52:00",13.9,8.86,71.83
"2024-10-29 22:52:00",11.7,8.87,82.95
"2024-10-29 23:52:00",13.3,9.36,77.25
"2024-10-30 00:52:00",10.6,8.27,85.68
"2024-10-30 01:52:00",9.4,8.29,92.84
"2024-10-30 02:52:00",8.9,8.29,96.02
"2024-10-30 03:52:00",9.4,7.78,89.74
"2024-10-30 04:52:00",9.4,8.29,92.84
"2024-10-30 05:52:00",7.8,7.19,95.99
"2024-10-30 06:52:00",6.7,6.09,95.95
"2024-10-30 07:52:00",6.7,6.09,95.95
"2024-10-30 08:52:00",11.1,10.59,96.73
"2024-10-30 09:52:00",13.9,11.08,83.23
"2024-10-30 10:52:00",17.2,11.67,70.11
"2024-10-30 11:52:00",20.6,12.17,58.61
"2024-10-30 12:52:00",23.9,12.19,47.97
"2024-10-30 13:52:00",25.6,11.1,40.31
"2024-10-30 14:52:00",26.1,11.11,39.14
"2024-10-30 15:52:00",26.7,8.92,32.61
"2024-10-30 16:52:00",26.1,9.41,34.94
"2024-10-30 17:52:00",23.3,11.08,46.25
"2024-10-30 18:52:00",21.1,13.27,61.08
"2024-10-30 19:52:00",20.6,12.77,60.97
"2024-10-30 20:52:00",20.6,13.27,62.99
"2024-10-30 21:52:00",20,14.38,70.2
"2024-10-30 22:52:00",18.9,14.38,75.16
"2024-10-30 23:52:00",18.3,14.38,78.03
"2024-10-31 00:52:00",17.8,13.88,77.95
"2024-10-31 01:52:00",16.7,13.88,83.56
"2024-10-31 02:52:00",16.1,13.88,86.81
"2024-10-31 03:52:00",16.1,13.88,86.81
"2024-10-31 04:52:00",16.1,13.88,86.81
"2024-10-31 05:52:00",15.6,13.89,89.63
"2024-10-31 06:52:00",15,13.29,89.58
"2024-10-31 07:52:00",13.9,12.79,93.09
"2024-10-31 08:52:00",16.7,13.88,83.56
"2024-10-31 09:52:00",18.3,14.38,78.03
"2024-10-31 10:52:00",21.7,14.98,65.73
"2024-10-31 11:52:00",23.9,14.39,55.36
"2024-10-31 12:52:00",26.1,15,50.48
"2024-10-31 13:52:00",27.8,14.42,43.96
"2024-10-31 14:52:00",28.3,13.93,41.34
"2024-10-31 15:52:00",28.3,14.43,42.7
"2024-10-31 16:52:00",27.2,13.92,44.08
"2024-10-31 17:52:00",25.6,13.3,46.58
"2024-10-31 18:52:00",24.4,13.29,50.03
"2024-10-31 19:52:00",23.9,13.29,51.55
"2024-10-31 20:52:00",22.8,13.28,55.08
"2024-10-31 21:52:00",22.8,13.28,55.08
"2024-10-31 22:52:00",22.2,13.28,57.12
"2024-10-31 23:52:00",21.7,13.27,58.88
"2024-11-01 00:52:00",21.1,13.27,61.08
"2024-11-01 01:52:00",20.6,13.27,62.99
"2024-11-01 02:52:00",20,13.27,65.36
"2024-11-01 03:52:00",19.4,13.27,67.84
"2024-11-01 04:52:00",19.4,13.27,67.84
"2024-11-01 05:52:00",19.4,13.27,67.84
"2024-11-01 06:52:00",18.3,13.88,75.55
"2024-11-01 07:52:00",18.3,13.88,75.55
"2024-11-01 08:52:00",18.9,13.87,72.77
"2024-11-01 09:52:00",19.4,13.87,70.54
"2024-11-01 10:52:00",21.7,14.38,63.24
"2024-11-01 11:52:00",23.3,14.38,57.39
"2024-11-01 12:52:00",23.9,13.29,51.55
"2024-11-01 13:52:00",26.7,13.31,43.66
"2024-11-01 14:52:00",26.7,11.12,37.78
"2024-11-01 15:52:00",26.7,11.12,37.78
"2024-11-01 16:52:00",25,10,38.82
"2024-11-01 17:52:00",23.3,8.28,38.33
"2024-11-01 18:52:00",22.2,6.07,35.24
"2024-11-01 19:52:00",20.6,1.65,28.52
"2024-11-01 20:52:00",18.9,-1.16,25.87
"2024-11-01 21:52:00",17.8,0.53,31.36
"2024-11-01 22:52:00",16.7,2.12,37.71
"2024-11-01 23:52:00",15,2.72,43.87
"2024-11-02 00:52:00",13.3,2.72,48.97
"2024-11-02 01:52:00",11.7,2.72,54.38
"2024-11-02 02:52:00",10.6,2.72,58.5
"2024-11-02 03:52:00",10,2.72,60.89
"2024-11-02 04:52:00",8.9,2.73,65.56
"2024-11-02 05:52:00",9.4,2.73,63.39
"2024-11-02 06:52:00",7.8,2.74,70.64
"2024-11-02 07:52:00",5.6,1.65,75.97
"2024-11-02 08:52:00",10,3.23,63.08
"2024-11-02 09:52:00",11.7,3.22,56.34
"2024-11-02 10:52:00",13.9,2.71,47.09
"2024-11-02 11:52:00",14.4,2.71,45.59
"2024-11-02 12:52:00",15.6,2.72,42.21
"2024-11-02 13:52:00",16.7,2.12,37.71
"2024-11-02 14:52:00",17.2,1.62,35.25
"2024-11-02 15:52:00",17.2,1.62,35.25
"2024-11-02 16:52:00",17.2,1.62,35.25
"2024-11-02 17:52:00",16.1,1.62,37.8
"2024-11-02 18:52:00",15,1.01,38.85
"2024-11-02 19:52:00",14.4,1.01,40.38
"2024-11-02 20:52:00",8.3,1.62,63.13
"2024-11-02 21:52:00",8.9,1.62,60.61
"2024-11-02 22:52:00",6.7,1.03,67.44
"2024-11-02 23:52:00",6.1,1.03,70.29
"2024-11-03 00:52:00",5,1.05,75.86
"2024-11-03 01:52:00",3.9,0.55,79.03
"2024-11-03 01:52:00",2.8,0.57,85.42
"2024-11-03 02:52:00",2.8,0.57,85.42
"2024-11-03 03:52:00",6.7,0.52,65.05
"2024-11-03 04:52:00",2.8,-0.04,81.79
"2024-11-03 05:52:00",5.6,-0.07,67.2
"2024-11-03 06:52:00",2.2,-0.64,81.7
"2024-11-03 07:52:00",6.1,1.64,73.38
"2024-11-03 08:52:00",9.4,1.01,56.14
"2024-11-03 09:52:00",11.1,0.5,48.34
"2024-11-03 10:52:00",12.8,-0.1,41.38
"2024-11-03 11:52:00",14.4,1.01,40.38
"2024-11-03 12:52:00",15,-0.09,35.88
"2024-11-03 13:52:00",16.1,-0.09,33.44
"2024-11-03 14:52:00",16.1,-0.09,33.44
"2024-11-03 15:52:00",15.6,-0.69,33.05
"2024-11-03 16:52:00",13.9,-0.7,36.87
"2024-11-03 17:52:00",12.2,-0.7,41.2
"2024-11-03 18:52:00",10.6,-0.7,45.8
"2024-11-03 19:52:00",8.9,-2.31,45.63
"2024-11-03 20:52:00",8.3,-4.52,40.32
"2024-11-03 21:52:00",5.6,-2.9,54.7
"2024-11-03 22:52:00",3.3,-3.39,61.9
"2024-11-03 23:52:00",3.3,-2.89,64.25
"2024-11-04 00:52:00",2.8,-2.88,66.57
"2024-11-04 01:52:00",2.8,-1.77,72.22
"2024-11-04 02:52:00",2.2,-1.76,75.37
"2024-11-04 03:52:00",2.2,-1.15,78.77
"2024-11-04 04:52:00",0.6,-1.13,88.36
"2024-11-04 05:52:00",1.7,-0.64,84.68
"2024-11-04 06:52:00",2.2,-0.03,85.35
"2024-11-04 07:52:00",5.6,3.27,85.13
"2024-11-04 08:52:00",9.4,4.95,73.99
"2024-11-04 09:52:00",12.8,6.64,66.43
"2024-11-04 10:52:00",13.3,6.64,64.3
"2024-11-04 11:52:00",14.4,7.14,61.96
"2024-11-04 12:52:00",15,7.14,59.61
"2024-11-04 13:52:00",15,7.74,62.1
"2024-11-04 14:52:00",15.6,7.74,59.76
"2024-11-04 15:52:00",15.6,7.74,59.76
"2024-11-04 16:52:00",14.4,7.75,64.55
"2024-11-04 17:52:00",13.3,8.25,71.72
"2024-11-04 18:52:00",13.3,8.25,71.72
"2024-11-04 19:52:00",13.9,8.86,71.83
"2024-11-04 20:52:00",13.9,8.86,71.83
"2024-11-04 21:52:00",13.9,9.36,74.3
"2024-11-04 22:52:00",12.2,9.37,83.02
"2024-11-04 23:52:00",12.2,9.37,83.02
"2024-11-05 00:52:00",11.7,9.38,85.8
"2024-11-05 01:52:00",11.7,8.87,82.95
"2024-11-05 02:52:00",12.8,8.86,77.17
"2024-11-05 03:52:00",11.7,8.87,82.95
"2024-11-05 04:52:00",12.2,8.87,80.27
"2024-11-05 05:52:00",11.7,8.87,82.95
"2024-11-05 06:52:00",11.1,8.88,86.31
"2024-11-05 07:52:00",13.3,9.36,77.25
"2024-11-05 08:52:00",15.6,11.06,74.59
"2024-11-05 09:52:00",17.8,12.77,72.57
"2024-11-05 10:52:00",21.1,13.87,63.51
"2024-11-05 11:52:00",23.9,14.99,57.54
"2024-11-05 12:52:00",25,13.9,50.19
"2024-11-05 13:52:00",25,13.9,50.19
"2024-11-05 14:52:00",25,14.4,51.84
"2024-11-05 15:52:00",24.4,13.89,52.02
"2024-11-05 16:52:00",22.8,13.88,57.27
"2024-11-05 17:52:00",22.8,13.88,57.27
"2024-11-05 18:52:00",21.7,13.88,61.23
"2024-11-05 19:52:00",21.1,14.38,65.6
"2024-11-05 20:52:00",21.1,13.87,63.51
"2024-11-05 21:52:00",20.6,13.87,65.49
"2024-11-05 22:52:00",18.9,13.87,72.77
"2024-11-05 23:52:00",19.4,13.87,70.54
"2024-11-06 00:52:00",18.9,13.87,72.77
"2024-11-06 01:52:00",18.3,13.88,75.55
"2024-11-06 02:52:00",18.3,13.88,75.55
"2024-11-06 03:52:00",17.2,13.88,80.96
"2024-11-06 04:52:00",16.7,13.28,80.37
"2024-11-06 05:52:00",16.7,13.88,83.56
"2024-11-06 06:52:00",16.7,14.38,86.31
"2024-11-06 07:52:00",17.8,14.98,83.69
"2024-11-06 08:52:00",20,15.58,75.83
"2024-11-06 09:52:00",22.8,16.09,65.97
"2024-11-06 10:52:00",25,16.1,57.81
"2024-11-06 11:52:00",26.7,16.11,52.29
"2024-11-06 12:52:00",27.8,16.72,50.94
"2024-11-06 13:52:00",28.3,16.73,49.48
"2024-11-06 14:52:00",27.8,16.72,50.94
"2024-11-06 15:52:00",27.2,16.71,52.75
"2024-11-06 16:52:00",26.1,16.7,56.27
"2024-11-06 17:52:00",23.9,16.69,64.14
"2024-11-06 18:52:00",23.3,16.69,66.5
"2024-11-06 19:52:00",23.3,17.19,68.63
"2024-11-06 20:52:00",22.2,17.19,73.36
"2024-11-06 21:52:00",21.7,17.19,75.63
"2024-11-06 22:52:00",21.1,17.19,78.45
"2024-11-06 23:52:00",18.3,16.09,87.02
"2024-11-07 00:52:00",17.8,16.69,93.29
"2024-11-07 01:52:00",16.7,15.59,93.23
"2024-11-07 02:52:00",16.1,15.6,96.86
"2024-11-07 03:52:00",15.6,15,96.23
"2024-11-07 04:52:00",15.6,15,96.23
"2024-11-07 05:52:00",15,14.4,96.21
"2024-11-07 06:52:00",15,14.4,96.21
"2024-11-07 07:52:00",16.7,15.59,93.23
"2024-11-07 08:52:00",18.3,17.19,93.31
"2024-11-07 09:52:00",22.8,16.09,65.97
"2024-11-07 10:52:00",25.6,16.7,57.96
"2024-11-07 11:52:00",25,15.6,56
"2024-11-07 12:52:00",25.6,15.6,54.04
"2024-11-07 13:52:00",25,14.99,53.88
"2024-11-07 14:52:00",25.6,14.4,50.03
"2024-11-07 15:52:00",25,13.9,50.19
"2024-11-07 16:52:00",22.8,13.28,55.08
"2024-11-07 17:52:00",19.4,11.66,61.08
"2024-11-07 18:52:00",21.1,10.56,51.13
"2024-11-07 19:52:00",20.6,10.56,52.73
"2024-11-07 20:52:00",20,9.36,50.49
"2024-11-07 21:52:00",18.3,8.25,52.11
"2024-11-07 22:52:00",17.8,8.25,53.77
"2024-11-07 23:52:00",15.6,7.74,59.76
"2024-11-08 00:52:00",16.7,7.74,55.71
"2024-11-08 01:52:00",17.2,7.14,51.81
"2024-11-08 02:52:00",12.2,7.15,71.51
"2024-11-08 03:52:00",13.9,7.75,66.67
"2024-11-08 04:52:00",13.9,7.14,64
"2024-11-08 05:52:00",15,7.14,59.61
"2024-11-08 06:52:00",13.3,7.15,66.54
"2024-11-08 07:52:00",14.4,7.14,61.96
"2024-11-08 08:52:00",16.7,7.74,55.71
"2024-11-08 09:52:00",18.3,7.75,50.37
"2024-11-08 10:52:00",19.4,6.65,43.62
"2024-11-08 11:52:00",20,4.35,35.83
"2024-11-08 12:52:00",21.7,3.86,31.16
"2024-11-08 13:52:00",22.8,2.78,26.97
"2024-11-08 14:52:00",22.8,2.18,25.84
"2024-11-08 15:52:00",22.2,1.07,24.77
"2024-11-08 16:52:00",20,-0.05,26.18
"2024-11-08 17:52:00",17.8,-0.07,30.03
"2024-11-08 18:52:00",18.3,-0.67,27.85
"2024-11-08 19:52:00",17.8,-0.07,30.03
"2024-11-08 20:52:00",17.2,-0.08,31.18
"2024-11-08 21:52:00",16.7,-0.08,32.19
"2024-11-08 22:52:00",15.6,-0.09,34.52
"2024-11-08 23:52:00",15,-0.09,35.88
"2024-11-09 00:52:00",13.3,1.61,45.27
"2024-11-09 01:52:00",11.1,2.11,54.22
"2024-11-09 02:52:00",10.6,2.12,56.05
"2024-11-09 03:52:00",9.4,1.62,58.61
"2024-11-09 04:52:00",8.3,1.62,63.13
"2024-11-09 05:52:00",7.2,1.63,68.04
"2024-11-09 06:52:00",9.4,1.01,56.14
"2024-11-09 07:52:00",9.4,-1.21,47.84
"2024-11-09 08:52:00",10,-2.31,42.38
"2024-11-09 09:52:00",11.7,-2.92,36.2
"2024-11-09 10:52:00",12.8,-3.41,32.45
"2024-11-09 11:52:00",13.9,-4.51,27.81
"2024-11-09 12:52:00",13.9,-5.71,25.39
"2024-11-09 13:52:00",15,-5.7,23.65
"2024-11-09 14:52:00",15,-5.7,23.65
"2024-11-09 15:52:00",13.3,-5.71,26.4
"2024-11-09 16:52:00",12.8,-5.11,28.55
"2024-11-09 17:52:00",10.6,-4.02,35.87
"2024-11-09 18:52:00",6.7,-2.91,50.7
"2024-11-09 19:52:00",6.7,-2.91,50.7
"2024-11-09 20:52:00",7.8,-2.91,47.02
"2024-11-09 21:52:00",7.2,-2.31,51.22
"2024-11-09 22:52:00",3.9,-2.28,64.4
"2024-11-09 23:52:00",3.3,-2.28,67.18
"2024-11-10 00:52:00",3.3,-2.28,67.18
"2024-11-10 01:52:00",3.3,-1.16,72.85
"2024-11-10 02:52:00",3.9,-1.17,69.83
"2024-11-10 03:52:00",5,-1.18,64.66
"2024-11-10 04:52:00",6.1,-1.19,59.91
"2024-11-10 05:52:00",6.1,-0.68,62.14
"2024-11-10 06:52:00",7.8,-1.2,53.31
"2024-11-10 07:52:00",8.3,0.51,58.32
"2024-11-10 08:52:00",10,1.01,53.92
"2024-11-10 09:52:00",11.1,2.11,54.22
"2024-11-10 10:52:00",12.2,2.72,52.62
"2024-11-10 11:52:00",13.3,2.11,46.92
"2024-11-10 12:52:00",15,1.01,38.85
"2024-11-10 13:52:00",15.6,-0.69,33.05
"2024-11-10 14:52:00",15.6,-1.19,31.86
"2024-11-10 15:52:00",15.6,5.53,51.37
"2024-11-10 16:52:00",13.9,7.75,66.67
"2024-11-10 17:52:00",11.7,9.38,85.8
"2024-11-10 18:52:00",11.1,9.99,92.94
"2024-11-10 19:52:00",11.7,9.98,89.32
"2024-11-10 20:52:00",11.7,10.59,92.97
"2024-11-10 21:52:00",12.2,10.58,89.96
"2024-11-10 22:52:00",12.8,11.08,89.41
"2024-11-10 23:52:00",13.3,11.68,90.04
"2024-11-11 00:52:00",13.9,12.18,89.49
"2024-11-11 01:52:00",13.9,12.18,89.49
"2024-11-11 02:52:00",14.4,12.79,90.12
"2024-11-11 03:52:00",14.4,12.79,90.12
"2024-11-11 04:52:00",14.4,12.79,90.12
"2024-11-11 05:52:00",14.4,12.79,90.12
"2024-11-11 06:52:00",13.9,12.79,93.09
"2024-11-11 07:52:00",14.4,12.79,90.12
"2024-11-11 08:52:00",16.1,13.28,83.49
"2024-11-11 09:52:00",17.8,13.88,77.95
"2024-11-11 10:52:00",20.6,13.87,65.49
"2024-11-11 11:52:00",22.2,12.17,53.15
"2024-11-11 12:52:00",22.8,11.08,47.66
"2024-11-11 13:52:00",23.3,10.58,44.73
"2024-11-11 14:52:00",24.4,9.99,40.23
"2024-11-11 15:52:00",23.9,7.19,34.3
"2024-11-11 16:52:00",21.7,6.06,36.33
"2024-11-11 17:52:00",18.9,6.04,43.18
"2024-11-11 18:52:00",18.3,4.94,41.53
"2024-11-11 19:52:00",17.8,3.83,39.68
"2024-11-11 20:52:00",16.1,4.93,47.72
"2024-11-11 21:52:00",17.2,4.93,44.51
"2024-11-11 22:52:00",17.8,4.94,42.86
"2024-11-11 23:52:00",17.2,4.93,44.51
"2024-11-12 00:52:00",16.1,4.33,45.77
"2024-11-12 01:52:00",13.3,4.32,54.81
"2024-11-12 02:52:00",15.6,4.32,47.25
"2024-11-12 03:52:00",14.4,4.32,51.04
"2024-11-12 04:52:00",13.9,2.71,47.09
"2024-11-12 05:52:00",12.8,2.71,50.59
"2024-11-12 06:52:00",11.1,1.61,52.32
"2024-11-12 07:52:00",11.7,1.01,48.16
"2024-11-12 08:52:00",12.2,1,46.6
"2024-11-12 09:52:00",13.3,1,43.36
"2024-11-12 10:52:00",14.4,1.61,42.16
"2024-11-12 11:52:00",15,1.61,40.56
"2024-11-12 12:52:00",15,1.61,40.56
"2024-11-12 13:52:00",16.1,0.51,34.92
"2024-11-12 14:52:00",15.6,-0.09,34.52
"2024-11-12 15:52:00",14.4,-0.7,35.7
"2024-11-12 16:52:00",12.8,-1.81,36.54
"2024-11-12 17:52:00",11.7,-2.31,37.85
"2024-11-12 18:52:00",10.6,-2.31,40.72
"2024-11-12 19:52:00",9.4,-2.31,44.12
"2024-11-12 20:52:00",8.3,-3.42,43.79
"2024-11-12 21:52:00",7.8,-4.02,43.31
"2024-11-12 22:52:00",6.7,-4.02,46.7
"2024-11-12 23:52:00",6.1,-4.52,46.87
"2024-11-13 00:52:00",5,-4.01,52.53
"2024-11-13 01:52:00",3.9,-4,56.73
"2024-11-13 02:52:00",3.9,-4,56.73
"2024-11-13 03:52:00",3.3,-4,59.18
"2024-11-13 04:52:00",2.8,-3.99,61.32
"2024-11-13 05:52:00",2.2,-3.99,63.99
"2024-11-13 06:52:00",0,-4.47,72.2
"2024-11-13 07:52:00",2.2,-3.38,66.93
"2024-11-13 08:52:00",5.6,-2.9,54.7
"2024-11-13 09:52:00",6.1,-4.01,48.67
"2024-11-13 10:52:00",7.8,-4.02,43.31
"2024-11-13 11:52:00",8.9,-4.02,40.2
"2024-11-13 12:52:00",8.9,-4.53,38.71
"2024-11-13 13:52:00",10.6,-4.52,34.54
"2024-11-13 14:52:00",10.6,-5.73,31.54
"2024-11-13 15:52:00",10.6,-5.73,31.54
"2024-11-13 16:52:00",8.3,-5.73,36.81
"2024-11-13 17:52:00",5.6,-5.12,46.37
"2024-11-13 18:52:00",3.9,-4.51,54.64
"2024-11-13 19:52:00",5,-4.51,50.59
"2024-11-13 20:52:00",4.4,-4.51,52.75
"2024-11-13 21:52:00",3.9,-4,56.73
"2024-11-13 22:52:00",3.3,-4,59.18
"2024-11-13 23:52:00",2.8,-3.39,64.13
"2024-11-14 00:52:00",2.8,-2.88,66.57
"2024-11-14 01:52:00",2.8,-1.77,72.22
"2024-11-14 02:52:00",2.2,-1.76,75.37
"2024-11-14 03:52:00",3.3,-1.16,72.85
"2024-11-14 04:52:00",1.7,-1.14,81.63
"2024-11-14 05:52:00",2.8,-0.04,81.79
"2024-11-14 06:52:00",4.4,1.05,79.11
"2024-11-14 07:52:00",5.6,1.65,75.97
"2024-11-14 08:52:00",7.2,1.63,68.04
"2024-11-14 09:52:00",8.3,1.62,63.13
"2024-11-14 10:52:00",8.9,2.12,62.82
"2024-11-14 11:52:00",9.4,2.12,60.74
"2024-11-14 12:52:00",10,2.72,60.89
"2024-11-14 13:52:00",10,2.72,60.89
"2024-11-14 14:52:00",8.9,5.56,79.79
"2024-11-14 15:52:00",8.3,6.68,89.65
"2024-11-14 16:52:00",8.3,6.68,89.65
"2024-11-14 17:52:00",8.3,7.19,92.78
"2024-11-14 18:52:00",8.3,7.19,92.78
"2024-11-14 19:52:00",8.3,7.19,92.78
"2024-11-14 20:52:00",8.3,7.19,92.78
"2024-11-14 21:52:00",8.3,7.19,92.78
"2024-11-14 22:52:00",8.3,7.19,92.78
"2024-11-14 23:52:00",8.3,7.19,92.78
"2024-11-15 00:52:00",8.3,6.68,89.65
"2024-11-15 01:52:00",7.8,6.69,92.75
"2024-11-15 02:52:00",7.8,6.69,92.75
"2024-11-15 03:52:00",7.8,6.08,88.99
"2024-11-15 04:52:00",7.2,6.09,92.72
"2024-11-15 05:52:00",7.8,6.08,88.99
"2024-11-15 06:52:00",7.8,6.08,88.99
"2024-11-15 07:52:00",7.8,6.08,88.99
"2024-11-15 08:52:00",7.8,6.08,88.99
"2024-11-15 09:52:00",8.3,6.07,86.02
"2024-11-15 10:52:00",8.9,6.67,86.08
"2024-11-15 11:52:00",9.4,6.67,83.23
"2024-11-15 12:52:00",10.6,7.16,79.49
"2024-11-15 13:52:00",10.6,6.66,76.81
"2024-11-15 14:52:00",10.6,7.16,79.49
"2024-11-15 15:52:00",11.1,7.76,80.11
"2024-11-15 16:52:00",10.6,7.16,79.49
"2024-11-15 17:52:00",8.9,7.18,89.09
"2024-11-15 18:52:00",11.7,8.26,79.65
"2024-11-15 19:52:00",11.7,8.26,79.65
"2024-11-15 20:52:00",11.7,8.26,79.65
"2024-11-15 21:52:00",12.8,8.26,74.1
"2024-11-15 22:52:00",12.8,7.75,71.62
"2024-11-15 23:52:00",13.3,6.64,64.3
"2024-11-16 00:52:00",12.8,6.64,66.43
"2024-11-16 01:52:00",12.8,6.04,63.74
"2024-11-16 02:52:00",12.2,6.04,66.3
"2024-11-16 03:52:00",12.2,5.54,64.04
"2024-11-16 04:52:00",12.2,5.54,64.04
"2024-11-16 05:52:00",12.2,5.54,64.04
"2024-11-16 06:52:00",12.2,5.54,64.04
"2024-11-16 07:52:00",12.2,4.93,61.43
"2024-11-16 08:52:00",13.3,3.82,52.92
"2024-11-16 09:52:00",13.3,3.82,52.92
"2024-11-16 10:52:00",14.4,3.82,49.28
"2024-11-16 11:52:00",15.6,4.32,47.25
"2024-11-16 12:52:00",15.6,3.22,43.73
"2024-11-16 13:52:00",16.1,3.22,42.36
"2024-11-16 14:52:00",15.6,2.72,42.21
"2024-11-16 15:52:00",15,2.72,43.87
"2024-11-16 16:52:00",13.9,2.71,47.09
"2024-11-16 17:52:00",12.8,2.71,50.59
"2024-11-16 18:52:00",12.2,2.72,52.62
"2024-11-16 19:52:00",11.1,2.11,54.22
"2024-11-16 20:52:00",9.4,2.12,60.74
"2024-11-16 21:52:00",8.3,2.13,65.42
"2024-11-16 22:52:00",8.9,2.12,62.82
"2024-11-16 23:52:00",7.2,2.14,70.51
"2024-11-17 00:52:00",7.2,2.14,70.51
"2024-11-17 01:52:00",6.7,2.14,72.97
"2024-11-17 02:52:00",7.2,2.14,70.51
"2024-11-17 03:52:00",6.1,1.64,73.38
"2024-11-17 04:52:00",6.1,1.64,73.38
"2024-11-17 05:52:00",6.1,1.64,73.38
"2024-11-17 06:52:00",2.8,-0.04,81.79
"2024-11-17 07:52:00",6.1,2.15,76.05
"2024-11-17 08:52:00",8.9,3.23,67.92
"2024-11-17 09:52:00",10.6,3.23,60.61
"2024-11-17 10:52:00",11.7,3.22,56.34
"2024-11-17 11:52:00",13.3,3.82,52.92
"2024-11-17 12:52:00",14.4,2.71,45.59
"2024-11-17 13:52:00",15,2.11,42.03
"2024-11-17 14:52:00",15,2.72,43.87
"2024-11-17 15:52:00",13.9,3.22,48.79
"2024-11-17 16:52:00",12.2,3.22,54.52
"2024-11-17 17:52:00",9.4,3.23,65.67
"2024-11-17 18:52:00",10.6,3.23,60.61
"2024-11-17 19:52:00",7.2,2.74,73.59
"2024-11-17 20:52:00",6.7,3.25,78.9
"2024-11-17 21:52:00",5.6,2.15,78.73
"2024-11-17 22:52:00",5,2.16,82.09
"2024-11-17 23:52:00",4.4,2.17,85.6
"2024-11-18 00:52:00",5,2.16,82.09
"2024-11-18 01:52:00",3.9,2.18,88.66
"2024-11-18 02:52:00",2.8,1.07,88.56
"2024-11-18 03:52:00",2.2,1.08,92.42
"2024-11-18 04:52:00",3.3,2.18,92.49
"2024-11-18 05:52:00",5,3.27,88.75
"2024-11-18 06:52:00",6.1,3.87,85.79
"2024-11-18 07:52:00",7.8,5.57,85.97
"2024-11-18 08:52:00",11.7,6.65,71.41
"2024-11-18 09:52:00",16.1,7.74,57.88
"2024-11-18 10:52:00",18.9,8.85,52.27
"2024-11-18 11:52:00",20,9.36,50.49
"2024-11-18 12:52:00",21.1,9.36,47.19
"2024-11-18 13:52:00",22.2,9.37,44.12
"2024-11-18 14:52:00",21.7,9.37,45.49
"2024-11-18 15:52:00",21.1,9.36,47.19
"2024-11-18 16:52:00",19.4,8.85,50.67
"2024-11-18 17:52:00",18.3,8.85,54.27
"2024-11-18 18:52:00",17.2,8.85,58.16
"2024-11-18 19:52:00",15.6,9.35,66.59
"2024-11-18 20:52:00",15,9.36,69.2
"2024-11-18 21:52:00",16.7,9.35,62.08
"2024-11-18 22:52:00",15,9.36,69.2
"2024-11-18 23:52:00",13.9,9.36,74.3
"2024-11-19 00:52:00",12.2,8.26,77.07
"2024-11-19 01:52:00",12.2,8.87,80.27
"2024-11-19 02:52:00",10,8.28,89.18
"2024-11-19 03:52:00",10,7.77,86.2
"2024-11-19 04:52:00",8.9,7.18,89.09
"2024-11-19 05:52:00",8.3,6.68,89.65
"2024-11-19 06:52:00",7.2,6.09,92.72
"2024-11-19 07:52:00",10,8.28,89.18
"2024-11-19 08:52:00",13.3,5.53,59.6
"2024-11-19 09:52:00",13.3,3.82,52.92
"2024-11-19 10:52:00",13.9,3.22,48.79
"2024-11-19 11:52:00",14.4,3.82,49.28
"2024-11-19 12:52:00",15,4.32,49.1
"2024-11-19 13:52:00",15.6,4.93,49.27
"2024-11-19 14:52:00",15.6,4.93,49.27
"2024-11-19 15:52:00",15,4.93,51.21
"2024-11-19 16:52:00",12.2,5.54,64.04
"2024-11-19 17:52:00",14.4,5.53,55.49
"2024-11-19 18:52:00",13.9,6.03,59.33
"2024-11-19 19:52:00",13.3,6.64,64.3
"2024-11-19 20:52:00",12.8,6.64,66.43
"2024-11-19 21:52:00",11.7,8.26,79.65
"2024-11-19 22:52:00",12.2,8.26,77.07
"2024-11-19 23:52:00",12.2,8.26,77.07
"2024-11-20 00:52:00",11.1,8.88,86.31
"2024-11-20 01:52:00",10.6,8.88,89.23
"2024-11-20 02:52:00",11.7,8.87,82.95
"2024-11-20 03:52:00",10.6,8.88,89.23
"2024-11-20 04:52:00",10,8.28,89.18
"2024-11-20 05:52:00",10,7.77,86.2
"2024-11-20 06:52:00",10.6,8.27,85.68
"2024-11-20 07:52:00",11.7,8.26,79.65
"2024-11-20 08:52:00",12.2,9.37,83.02
"2024-11-20 09:52:00",14.4,9.36,71.93
"2024-11-20 10:52:00",15,9.36,69.2
"2024-11-20 11:52:00",16.1,9.96,67.15
"2024-11-20 12:52:00",16.7,10.56,67.27
"2024-11-20 13:52:00",17.8,10.56,62.76
"2024-11-20 14:52:00",17.8,10.56,62.76
"2024-11-20 15:52:00",17.8,11.06,64.88
"2024-11-20 16:52:00",16.7,11.06,69.55
"2024-11-20 17:52:00",16.7,11.67,72.36
"2024-11-20 18:52:00",16.1,12.17,77.69
"2024-11-20 19:52:00",15,13.29,89.58
"2024-11-20 20:52:00",10.6,7.77,82.82
"2024-11-20 21:52:00",10,3.23,63.08
"2024-11-20 22:52:00",9.4,3.23,65.67
"2024-11-20 23:52:00",7.8,3.85,76.34
"2024-11-21 00:52:00",7.8,1.02,62.55
"2024-11-21 01:52:00",6.7,-1.19,57.48
"2024-11-21 02:52:00",5.6,-1.18,62.02
"2024-11-21 03:52:00",5,-1.18,64.66
"2024-11-21 04:52:00",3.9,-1.17,69.83
"2024-11-21 05:52:00",3.3,-1.16,72.85
"2024-11-21 06:52:00",2.8,-1.16,75.48
"2024-11-21 07:52:00",5,-0.07,70.06
"2024-11-21 08:52:00",7.2,0.52,62.86
"2024-11-21 09:52:00",9.4,1.62,58.61
"2024-11-21 10:52:00",10,0.51,52.01
"2024-11-21 11:52:00",9.4,-0.7,49.63
"2024-11-21 12:52:00",9.4,-0.1,51.84
"2024-11-21 13:52:00",6.1,1.64,73.38
"2024-11-21 14:52:00",6.7,1.64,70.41
"2024-11-21 15:52:00",7.2,0.52,62.86
"2024-11-21 16:52:00",6.7,0.52,65.05
"2024-11-21 17:52:00",6.7,1.03,67.44
"2024-11-21 18:52:00",4.4,1.05,79.11
"2024-11-21 19:52:00",5,0.54,73.18
"2024-11-21 20:52:00",3.9,-0.66,72.44
"2024-11-21 21:52:00",4.4,-2.29,62.18
"2024-11-21 22:52:00",3.3,-4,59.18
"2024-11-21 23:52:00",2.2,-4.49,61.63
"2024-11-22 00:52:00",2.2,-5.1,58.89
"2024-11-22 01:52:00",1.7,-5.09,61.04
"2024-11-22 02:52:00",1.1,-4.48,66.68
"2024-11-22 03:52:00",1.7,-5.09,61.04
"2024-11-22 04:52:00",1.1,-5.09,63.72
"2024-11-22 05:52:00",1.7,-5.09,61.04
"2024-11-22 06:52:00",1.7,-5.7,58.32
"2024-11-22 07:52:00",2.2,-5.1,58.89
"2024-11-22 08:52:00",3.3,-4.5,57
"2024-11-22 09:52:00",3.9,-4,56.73
"2024-11-22 10:52:00",3.3,-1.16,72.85
"2024-11-22 11:52:00",2.8,0.57,85.42
"2024-11-22 12:52:00",3.9,-0.06,75.67
"2024-11-22 13:52:00",3.9,-0.06,75.67
"2024-11-22 14:52:00",3.9,0.55,79.03
"2024-11-22 15:52:00",3.3,1.07,85.48
"2024-11-22 16:52:00",3.3,1.07,85.48
"2024-11-22 17:52:00",3.3,1.68,89.24
"2024-11-22 18:52:00",5,1.65,79.2
"2024-11-22 19:52:00",6.1,1.03,70.29
"2024-11-22 20:52:00",6.7,1.64,70.41
"2024-11-22 21:52:00",7.2,1.03,65.17
"2024-11-22 22:52:00",7.2,1.63,68.04
"2024-11-22 23:52:00",7.2,1.63,68.04
"2024-11-23 00:52:00",7.2,1.63,68.04
"2024-11-23 01:52:00",6.7,1.64,70.41
"2024-11-23 02:52:00",6.7,1.64,70.41
"2024-11-23 03:52:00",6.7,1.64,70.41
"2024-11-23 04:52:00",6.1,1.64,73.38
"2024-11-23 05:52:00",6.7,0.52,65.05
"2024-11-23 06:52:00",6.1,0.53,67.8
"2024-11-23 07:52:00",7.2,1.03,65.17
"2024-11-23 08:52:00",8.9,1.62,60.61
"2024-11-23 09:52:00",9.4,1.62,58.61
"2024-11-23 10:52:00",10,2.12,58.34
"2024-11-23 11:52:00",10.6,2.72,58.5
"2024-11-23 12:52:00",12.2,2.72,52.62
"2024-11-23 13:52:00",12.8,3.22,52.42
"2024-11-23 14:52:00",12.8,2.71,50.59
"2024-11-23 15:52:00",12.2,2.72,52.62
"2024-11-23 16:52:00",11.1,2.11,54.22
"2024-11-23 17:52:00",10.6,1.61,54.09
"2024-11-23 18:52:00",10,2.12,58.34
"2024-11-23 19:52:00",10,2.12,58.34
"2024-11-23 20:52:00",9.4,1.62,58.61
"2024-11-23 21:52:00",9.4,1.62,58.61
"2024-11-23 22:52:00",10,1.62,56.3
"2024-11-23 23:52:00",9.4,1.62,58.61
"2024-11-24 00:52:00",9.4,1.62,58.61
"2024-11-24 01:52:00",8.9,1.62,60.61
"2024-11-24 02:52:00",8.9,2.12,62.82
"2024-11-24 03:52:00",9.4,2.12,60.74
"2024-11-24 04:52:00",8.9,2.12,62.82
"2024-11-24 05:52:00",8.9,2.12,62.82
"2024-11-24 06:52:00",9.4,1.62,58.61
"2024-11-24 07:52:00",8.9,1.62,60.61
"2024-11-24 08:52:00",10.6,1.61,54.09
"2024-11-24 09:52:00",11.7,2.11,52.11
"2024-11-24 10:52:00",11.1,2.11,54.22
"2024-11-24 11:52:00",12.2,2.11,50.42
"2024-11-24 12:52:00",13.3,2.11,46.92
"2024-11-24 13:52:00",12.8,2.11,48.48
"2024-11-24 14:52:00",13.9,2.11,45.13
"2024-11-24 15:52:00",13.9,2.11,45.13
"2024-11-24 16:52:00",12.2,1.61,48.65
"2024-11-24 17:52:00",7.8,2.13,67.68
"2024-11-24 18:52:00",10,0.51,52.01
"2024-11-24 19:52:00",10,1.62,56.3
"2024-11-24 20:52:00",7.2,1.63,68.04
"2024-11-24 21:52:00",8.3,1.02,60.46
"2024-11-24 22:52:00",7.8,1.02,62.55
"2024-11-24 23:52:00",5,0.54,73.18
"2024-11-25 00:52:00",3.3,0.56,82.45
"2024-11-25 01:52:00",3.3,0.56,82.45
"2024-11-25 02:52:00",2.8,0.57,85.42
"2024-11-25 03:52:00",1.7,-0.03,88.46
"2024-11-25 04:52:00",1.1,-1.13,85.23
"2024-11-25 05:52:00",0,-1.73,88.3
"2024-11-25 06:52:00",0,-1.73,88.3
"2024-11-25 07:52:00",1.1,-0.02,92.35
"2024-11-25 08:52:00",6.1,2.15,76.05
"2024-11-25 09:52:00",8.9,2.12,62.82
"2024-11-25 10:52:00",10.6,2.12,56.05
"2024-11-25 11:52:00",12.2,2.72,52.62
"2024-11-25 12:52:00",13.3,3.22,50.73
"2024-11-25 13:52:00",14.4,2.71,45.59
"2024-11-25 14:52:00",15,3.22,45.45
"2024-11-25 15:52:00",14.4,3.22,47.24
"2024-11-25 16:52:00",12.8,3.22,52.42
"2024-11-25 17:52:00",12.2,3.83,56.88
"2024-11-25 18:52:00",12.2,3.83,56.88
"2024-11-25 19:52:00",12.2,4.33,58.91
"2024-11-25 20:52:00",11.7,4.93,63.48
"2024-11-25 21:52:00",12.2,5.54,64.04
"2024-11-25 22:52:00",11.7,5.54,66.19
"2024-11-25 23:52:00",11.7,4.93,63.48
"2024-11-26 00:52:00",11.1,4.94,66.05
"2024-11-26 01:52:00",10.6,6.05,73.7
"2024-11-26 02:52:00",10,7.17,82.74
"2024-11-26 03:52:00",11.1,6.65,74.3
"2024-11-26 04:52:00",11.1,6.65,74.3
"2024-11-26 05:52:00",10.6,6.66,76.81
"2024-11-26 06:52:00",9.4,8.29,92.84
"2024-11-26 07:52:00",10,8.89,92.87
"2024-11-26 08:52:00",11.7,8.87,82.95
"2024-11-26 09:52:00",15.6,9.35,66.59
"2024-11-26 10:52:00",16.7,7.14,53.48
"2024-11-26 11:52:00",17.2,5.53,46.4
"2024-11-26 12:52:00",17.2,4.33,42.68
"2024-11-26 13:52:00",17.2,1.02,33.77
"2024-11-26 14:52:00",16.7,0.52,33.62
"2024-11-26 15:52:00",15.6,-2.89,28.1
"2024-11-26 16:52:00",13.9,-2.3,32.78
"2024-11-26 17:52:00",12.2,-2.31,36.63
"2024-11-26 18:52:00",11.7,-1.81,39.28
"2024-11-26 19:52:00",7.8,-1.81,51.01
"2024-11-26 20:52:00",8.3,-1.81,49.31
"2024-11-26 21:52:00",8.3,-1.2,51.53
"2024-11-26 22:52:00",8.9,-1.81,47.35
"2024-11-26 23:52:00",5.6,-1.79,59.34
"2024-11-27 00:52:00",4.4,-1.78,64.52
"2024-11-27 01:52:00",3.9,-1.78,66.82
"2024-11-27 02:52:00",6.1,-2.3,55.24
"2024-11-27 03:52:00",7.8,-2.91,47.02
"2024-11-27 04:52:00",4.4,-2.89,59.47
"2024-11-27 05:52:00",1.7,-2.26,75.28
"2024-11-27 06:52:00",0.6,-2.85,77.93
"2024-11-27 07:52:00",0.6,-2.85,77.93
"2024-11-27 08:52:00",7.8,-1.2,53.31
"2024-11-27 09:52:00",10,-2.31,42.38
"2024-11-27 10:52:00",11.1,-2.91,37.67
"2024-11-27 11:52:00",12.2,-1.81,38
"2024-11-27 12:52:00",10.6,-0.7,45.8
"2024-11-27 13:52:00",10.6,-1.81,42.25
"2024-11-27 14:52:00",12.2,-2.31,36.63
"2024-11-27 15:52:00",11.7,-1.81,39.28
"2024-11-27 16:52:00",10.6,-1.81,42.25
"2024-11-27 17:52:00",10.6,-1.81,42.25
"2024-11-27 18:52:00",10,-0.1,49.8
"2024-11-27 19:52:00",10,-0.1,49.8
"2024-11-27 20:52:00",8.9,1.01,58.06
"2024-11-27 21:52:00",8.9,2.12,62.82
"2024-11-27 22:52:00",8.9,1.62,60.61
"2024-11-27 23:52:00",9.4,2.73,63.39
"2024-11-28 00:52:00",8.9,3.23,67.92
"2024-11-28 01:52:00",8.3,4.96,79.7
"2024-11-28 02:52:00",7.8,6.08,88.99
"2024-11-28 03:52:00",7.8,6.08,88.99
"2024-11-28 04:52:00",7.2,6.69,96.63
"2024-11-28 05:52:00",7.8,6.69,92.75
"2024-11-28 06:52:00",7.8,6.69,92.75
"2024-11-28 07:52:00",7.8,7.19,95.99
"2024-11-28 08:52:00",8.3,7.19,92.78
"2024-11-28 09:52:00",8.3,7.19,92.78
"2024-11-28 10:52:00",8.9,7.18,89.09
"2024-11-28 11:52:00",10,7.17,82.74
"2024-11-28 12:52:00",11.7,6.04,68.52
"2024-11-28 13:52:00",11.7,3.83,58.78
"2024-11-28 14:52:00",11.7,2.72,54.38
"2024-11-28 15:52:00",11.1,2.11,54.22
"2024-11-28 16:52:00",9.4,1.01,56.14
"2024-11-28 17:52:00",8.3,0.51,58.32
"2024-11-28 18:52:00",7.8,-0.09,57.77
"2024-11-28 19:52:00",6.7,-0.08,62.29
"2024-11-28 20:52:00",6.1,-0.08,64.92
"2024-11-28 21:52:00",3.3,-0.05,78.94
"2024-11-28 22:52:00",5,-0.07,70.06
"2024-11-28 23:52:00",6.1,1.03,70.29
"2024-11-29 00:52:00",6.1,0.53,67.8
"2024-11-29 01:52:00",5.6,-1.79,59.34
"2024-11-29 02:52:00",5.6,-3.41,52.7
"2024-11-29 03:52:00",3.9,-4.51,54.64
"2024-11-29 04:52:00",0.6,-4.48,69.13
"2024-11-29 05:52:00",0.6,-3.97,71.78
"2024-11-29 06:52:00",0.6,-4.48,69.13
"2024-11-29 07:52:00",0.6,-3.36,75.08
"2024-11-29 08:52:00",5,-1.79,61.87
"2024-11-29 09:52:00",5,-1.79,61.87
"2024-11-29 10:52:00",6.1,-1.8,57.32
"2024-11-29 11:52:00",6.7,-1.8,55
"2024-11-29 12:52:00",6.1,-1.8,57.32
"2024-11-29 13:52:00",5.6,-2.9,54.7
"2024-11-29 14:52:00",6.1,-4.52,46.87
"2024-11-29 15:52:00",4.4,-5.72,48.17
"2024-11-29 16:52:00",2.8,-6.82,49.56
"2024-11-29 17:52:00",1.7,-7.32,51.58
"2024-11-29 18:52:00",1.7,-9.03,45.19
"2024-11-29 19:52:00",1.1,-9.03,47.18
"2024-11-29 20:52:00",0,-8.41,53.54
"2024-11-29 21:52:00",-0.6,-8.41,55.93
"2024-11-29 22:52:00",0,-8.41,53.54
"2024-11-29 23:52:00",-1.7,-9.01,57.85
"2024-11-30 00:52:00",-3.3,-8.99,65.14
"2024-11-30 01:52:00",-3.9,-9.49,65.51
"2024-11-30 02:52:00",-2.8,-9.5,60.34
"2024-11-30 03:52:00",-2.2,-9,60.02
"2024-11-30 04:52:00",-2.2,-8.39,62.91
"2024-11-30 05:52:00",-2.2,-7.89,65.4
"2024-11-30 06:52:00",-2.2,-8.39,62.91
"2024-11-30 07:52:00",0,-8.41,53.54
"2024-11-30 08:52:00",0.6,-9.02,48.91
"2024-11-30 09:52:00",1.7,-9.54,43.44
"2024-11-30 10:52:00",1.1,-9.03,47.18
"2024-11-30 11:52:00",2.2,-10.14,39.98
"2024-11-30 12:52:00",2.2,-10.74,38.12
"2024-11-30 13:52:00",2.8,-10.75,36.53
"2024-11-30 14:52:00",2.8,-10.14,38.31
"2024-11-30 15:52:00",2.2,-10.74,38.12
"2024-11-30 16:52:00",0.6,-10.13,44.85
"2024-11-30 17:52:00",-0.6,-10.73,46.66
"2024-11-30 18:52:00",-0.6,-10.13,48.93
"2024-11-30 19:52:00",-2.8,-10.11,57.55
"2024-11-30 20:52:00",-4.4,-10.09,64.87
"2024-11-30 21:52:00",-4.4,-10.09,64.87
"2024-11-30 22:52:00",-5,-10.08,67.88
"2024-11-30 23:52:00",-5,-9.47,71.18
"2024-12-01 00:52:00",-5.6,-9.46,74.5
"2024-12-01 01:52:00",-5.6,-8.96,77.48
"2024-12-01 02:52:00",-4.4,-8.36,74.15
"2024-12-01 03:52:00",-5,-8.97,74.03
"2024-12-01 04:52:00",-4.4,-8.36,74.15
"2024-12-01 05:52:00",-4.4,-7.86,77.09
"2024-12-01 06:52:00",-3.9,-7.26,77.77
"2024-12-01 07:52:00",-3.3,-6.76,77.28
"2024-12-01 08:52:00",-1.1,-7.9,60.31
"2024-12-01 09:52:00",0.6,-6.2,60.75
"2024-12-01 10:52:00",2.2,-6.82,51.72
"2024-12-01 11:52:00",3.9,-6.22,48.02
"2024-12-01 12:52:00",4.4,-6.83,44.28
"2024-12-01 13:52:00",5.6,-6.83,40.72
"2024-12-01 14:52:00",5,-6.23,44.46
"2024-12-01 15:52:00",5,-5.72,46.19
"2024-12-01 16:52:00",2.2,-2.26,72.64
"2024-12-01 17:52:00",2.2,-2.26,72.64
"2024-12-01 18:52:00",2.8,-3.99,61.32
"2024-12-01 19:52:00",2.2,-4.49,61.63
"2024-12-01 20:52:00",0.6,-5.08,66.06
"2024-12-01 21:52:00",0,-6.19,63.45
"2024-12-01 22:52:00",0.6,-9.53,47.02
"2024-12-01 23:52:00",-0.6,-10.13,48.93
"2024-12-02 00:52:00",-1.7,-10.72,50.58
"2024-12-02 01:52:00",-2.2,-11.22,50.43
"2024-12-02 02:52:00",-3.3,-11.82,52.16
"2024-12-02 03:52:00",-3.9,-11.82,54.55
"2024-12-02 04:52:00",-4.4,-11.81,56.65
"2024-12-02 05:52:00",-5.6,-11.8,62.04
"2024-12-02 06:52:00",-4.4,-11.2,59.44
"2024-12-02 07:52:00",-3.3,-10.71,56.95
"2024-12-02 08:52:00",-1.1,-10.12,50.76
"2024-12-02 09:52:00",0.6,-10.13,44.85
"2024-12-02 10:52:00",1.7,-9.54,43.44
"2024-12-02 11:52:00",2.8,-9.54,40.17
"2024-12-02 12:52:00",3.9,-9.54,37.16
"2024-12-02 13:52:00",4.4,-9.04,37.32
"2024-12-02 14:52:00",3.9,-9.04,38.65
"2024-12-02 15:52:00",3.9,-9.04,38.65
"2024-12-02 16:52:00",2.2,-9.03,43.6
"2024-12-02 17:52:00",0.6,-9.02,48.91
"2024-12-02 18:52:00",0,-9.02,51.08
"2024-12-02 19:52:00",-0.6,-9.02,53.36
"2024-12-02 20:52:00",-0.6,-9.52,51.31
"2024-12-02 21:52:00",-1.7,-9.51,55.62
"2024-12-02 22:52:00",-1.1,-10.12,50.76
"2024-12-02 23:52:00",-1.7,-10.12,53.05
"2024-12-03 00:52:00",-1.7,-10.12,53.05
"2024-12-03 01:52:00",-2.2,-10.11,55.04
"2024-12-03 02:52:00",-2.2,-10.11,55.04
"2024-12-03 03:52:00",-2.2,-10.11,55.04
"2024-12-03 04:52:00",-2.2,-10.11,55.04
"2024-12-03 05:52:00",-2.2,-10.11,55.04
"2024-12-03 06:52:00",-2.8,-10.11,57.55
"2024-12-03 07:52:00",-1.7,-10.12,53.05
"2024-12-03 08:52:00",0,-9.53,49.11
"2024-12-03 09:52:00",1.1,-9.03,47.18
"2024-12-03 10:52:00",2.8,-7.93,45.52
"2024-12-03 11:52:00",3.9,-7.93,42.12
"2024-12-03 12:52:00",4.4,-7.93,40.67
"2024-12-03 13:52:00",5,-7.94,39
"2024-12-03 14:52:00",4.4,-8.44,39.11
"2024-12-03 15:52:00",3.9,-8.44,40.51
"2024-12-03 16:52:00",2.2,-9.03,43.6
"2024-12-03 17:52:00",1.1,-9.03,47.18
"2024-12-03 18:52:00",0.6,-9.02,48.91
"2024-12-03 19:52:00",-0.6,-9.52,51.31
"2024-12-03 20:52:00",-0.6,-10.13,48.93
"2024-12-03 21:52:00",-2.8,-10.11,57.55
"2024-12-03 22:52:00",-2.2,-10.11,55.04
"2024-12-03 23:52:00",-3.9,-10.09,62.48
"2024-12-04 00:52:00",-5,-10.08,67.88
"2024-12-04 01:52:00",-7.2,-10.66,76.6
"2024-12-04 02:52:00",-6.1,-10.07,73.82
"2024-12-04 03:52:00",-7.2,-10.05,80.33
"2024-12-04 04:52:00",-7.8,-10.65,80.24
"2024-12-04 05:52:00",-7.2,-10.05,80.33
"2024-12-04 06:52:00",-8.3,-10.64,83.42
"2024-12-04 07:52:00",-4.4,-8.97,70.75
"2024-12-04 08:52:00",-2.8,-8.39,65.77
"2024-12-04 09:52:00",0,-8.41,53.54
"2024-12-04 10:52:00",2.2,-9.54,41.92
"2024-12-04 11:52:00",3.9,-9.54,37.16
"2024-12-04 12:52:00",3.9,-9.54,37.16
"2024-12-04 13:52:00",4.4,-10.75,32.63
"2024-12-04 14:52:00",3.9,-10.75,33.8
"2024-12-04 15:52:00",4.4,-10.15,34.22
"2024-12-04 16:52:00",3.9,-10.15,35.44
"2024-12-04 17:52:00",3.9,-9.04,38.65
"2024-12-04 18:52:00",3.9,-8.44,40.51
"2024-12-04 19:52:00",4.4,-7.93,40.67
"2024-12-04 20:52:00",5,-7.33,40.85
"2024-12-04 21:52:00",5.6,-6.83,40.72
"2024-12-04 22:52:00",5.6,-6.83,40.72
"2024-12-04 23:52:00",5.6,-6.83,40.72
"2024-12-05 00:52:00",5,-6.23,44.46
"2024-12-05 01:52:00",5,-6.23,44.46
"2024-12-05 02:52:00",4.4,-6.22,46.36
"2024-12-05 03:52:00",4.4,-6.22,46.36
"2024-12-05 04:52:00",3.3,-1.77,69.71
"2024-12-05 05:52:00",3.3,-0.66,75.57
"2024-12-05 06:52:00",2.8,-1.16,75.48
"2024-12-05 07:52:00",3.9,-0.66,72.44
"2024-12-05 08:52:00",3.9,-10.75,33.8
"2024-12-05 09:52:00",2.2,-13.45,30.67
"2024-12-05 10:52:00",2.2,-13.45,30.67
"2024-12-05 11:52:00",2.2,-12.95,31.94
"2024-12-05 12:52:00",2.8,-12.35,32.13
"2024-12-05 13:52:00",2.8,-12.35,32.13
"2024-12-05 14:52:00",2.8,-12.35,32.13
"2024-12-05 15:52:00",1.1,-12.95,34.56
"2024-12-05 16:52:00",-0.6,-12.94,39.1
"2024-12-05 17:52:00",-1.7,-13.44,40.69
"2024-12-05 18:52:00",-2.2,-13.44,42.22
"2024-12-05 19:52:00",-2.8,-13.44,44.14
"2024-12-05 20:52:00",-2.8,-12.93,45.98
"2024-12-05 21:52:00",-2.8,-12.33,48.27
"2024-12-05 22:52:00",-2.2,-11.83,48.06
"2024-12-05 23:52:00",-2.8,-11.22,52.72
"2024-12-06 00:52:00",-2.2,-10.72,52.48
"2024-12-06 01:52:00",-2.2,-10.11,55.04
"2024-12-06 02:52:00",-2.8,-10.11,57.55
"2024-12-06 03:52:00",-2.8,-10.11,57.55
"2024-12-06 04:52:00",-2.8,-9.5,60.34
"2024-12-06 05:52:00",-2.8,-9.5,60.34
"2024-12-06 06:52:00",-2.2,-10.11,55.04
"2024-12-06 07:52:00",-2.2,-10.11,55.04
"2024-12-06 08:52:00",-1.1,-10.12,50.76
"2024-12-06 09:52:00",0.6,-10.13,44.85
"2024-12-06 10:52:00",1.7,-10.14,41.43
"2024-12-06 11:52:00",1.7,-10.74,39.51
"2024-12-06 12:52:00",1.7,-11.25,37.96
"2024-12-06 13:52:00",1.7,-11.25,37.96
"2024-12-06 14:52:00",1.7,-11.25,37.96
"2024-12-06 15:52:00",1.1,-11.24,39.63
"2024-12-06 16:52:00",-0.6,-11.84,42.73
"2024-12-06 17:52:00",-1.1,-11.84,44.32
"2024-12-06 18:52:00",-1.1,-11.84,44.32
"2024-12-06 19:52:00",-2.8,-11.82,50.25
"2024-12-06 20:52:00",-3.3,-11.82,52.16
"2024-12-06 21:52:00",-4.4,-11.2,59.44
"2024-12-06 22:52:00",-5,-11.8,59.28
"2024-12-06 23:52:00",-4.4,-11.81,56.65
"2024-12-07 00:52:00",-4.4,-11.81,56.65
"2024-12-07 01:52:00",-2.8,-11.22,52.72
"2024-12-07 02:52:00",-3.3,-11.21,54.73
"2024-12-07 03:52:00",-3.3,-11.21,54.73
"2024-12-07 04:52:00",-5,-11.8,59.28
"2024-12-07 05:52:00",-4.4,-11.81,56.65
"2024-12-07 06:52:00",-5,-11.8,59.28
"2024-12-07 07:52:00",-3.9,-11.82,54.55
"2024-12-07 08:52:00",-2.2,-11.22,50.43
"2024-12-07 09:52:00",0.6,-10.74,42.76
"2024-12-07 10:52:00",3.3,-11.85,32.29
"2024-12-07 11:52:00",3.9,-12.35,29.73
"2024-12-07 12:52:00",5,-12.35,27.52
"2024-12-07 13:52:00",5,-12.35,27.52
"2024-12-07 14:52:00",4.4,-11.25,31.35
"2024-12-07 15:52:00",4.4,-11.85,29.88
"2024-12-07 16:52:00",3.9,-11.25,32.47
"2024-12-07 17:52:00",2.2,-11.85,34.91
"2024-12-07 18:52:00",2.2,-10.74,38.12
"2024-12-07 19:52:00",2.2,-10.74,38.12
"2024-12-07 20:52:00",1.7,-11.25,37.96
"2024-12-07 21:52:00",2.2,-11.25,36.63
"2024-12-07 22:52:00",2.2,-11.25,36.63
"2024-12-07 23:52:00",1.7,-11.25,37.96
"2024-12-08 00:52:00",1.7,-11.25,37.96
"2024-12-08 01:52:00",1.1,-10.74,41.25
"2024-12-08 02:52:00",2.2,-10.14,39.98
"2024-12-08 03:52:00",1.7,-9.54,43.44
"2024-12-08 04:52:00",2.8,-9.04,41.78
"2024-12-08 05:52:00",3.3,-8.44,42.26
"2024-12-08 06:52:00",3.3,-7.33,46.03
"2024-12-08 07:52:00",3.3,-6.82,47.84
"2024-12-08 08:52:00",6.1,-5.12,44.79
"2024-12-08 09:52:00",10,-2.92,40.53
"2024-12-08 10:52:00",15,-1.2,33.11
"2024-12-08 11:52:00",17.2,-1.18,28.78
"2024-12-08 12:52:00",17.8,-1.17,27.71
"2024-12-08 13:52:00",18.9,-0.66,26.83
"2024-12-08 14:52:00",18.9,-0.66,26.83
"2024-12-08 15:52:00",17.8,-0.07,30.03
"2024-12-08 16:52:00",13.3,-0.7,38.34
"2024-12-08 17:52:00",11.1,-0.7,44.3
"2024-12-08 18:52:00",10.6,-1.21,44.15
"2024-12-08 19:52:00",6.7,-1.19,57.48
"2024-12-08 20:52:00",5.6,-1.18,62.02
"2024-12-08 21:52:00",5.6,-1.18,62.02
"2024-12-08 22:52:00",3.9,-1.17,69.83
"2024-12-08 23:52:00",3.9,-1.17,69.83
"2024-12-09 00:52:00",3.3,-1.16,72.85
"2024-12-09 01:52:00",1.7,-1.75,78.11
"2024-12-09 02:52:00",1.1,-1.74,81.55
"2024-12-09 03:52:00",1.7,-1.75,78.11
"2024-12-09 04:52:00",3.3,-0.66,75.57
"2024-12-09 05:52:00",2.8,-0.65,78.29
"2024-12-09 06:52:00",3.3,-0.05,78.94
"2024-12-09 07:52:00",8.3,2.74,68.28
"2024-12-09 08:52:00",7.2,4.36,82.38
"2024-12-09 09:52:00",8.3,6.68,89.65
"2024-12-09 10:52:00",8.9,7.79,92.81
"2024-12-09 11:52:00",10,8.28,89.18
"2024-12-09 12:52:00",11.1,8.88,86.31
"2024-12-09 13:52:00",13.3,9.97,80.42
"2024-12-09 14:52:00",14.4,9.96,74.88
"2024-12-09 15:52:00",14.4,9.36,71.93
"2024-12-09 16:52:00",12.8,8.86,77.17
"2024-12-09 17:52:00",12.2,8.87,80.27
"2024-12-09 18:52:00",10,8.28,89.18
"2024-12-09 19:52:00",10,8.28,89.18
"2024-12-09 20:52:00",10,8.89,92.87
"2024-12-09 21:52:00",10,8.28,89.18
"2024-12-09 22:52:00",8.9,7.79,92.81
"2024-12-09 23:52:00",10,8.89,92.87
"2024-12-10 00:52:00",10,8.89,92.87
"2024-12-10 01:52:00",8.3,7.19,92.78
"2024-12-10 02:52:00",5,4.39,95.89
"2024-12-10 03:52:00",4.4,3.89,96.55
"2024-12-10 04:52:00",5,3.88,92.59
"2024-12-10 05:52:00",7.8,6.69,92.75
"2024-12-10 06:52:00",7.2,7.2,100
"2024-12-10 07:52:00",7.2,6.69,96.63
"2024-12-10 08:52:00",7.2,6.69,96.63
"2024-12-10 09:52:00",7.8,7.19,95.99
"2024-12-10 10:52:00",7.8,7.8,100
"2024-12-10 11:52:00",8.3,7.79,96.66
"2024-12-10 12:52:00",8.9,8.29,96.02
"2024-12-10 13:52:00",10.6,8.88,89.23
"2024-12-10 14:52:00",10,8.89,92.87
"2024-12-10 15:52:00",10,8.89,92.87
"2024-12-10 16:52:00",10,8.89,92.87
"2024-12-10 17:52:00",10,9.39,96.06
"2024-12-10 18:52:00",10.6,9.39,92.29
"2024-12-10 19:52:00",10.6,9.99,96.07
"2024-12-10 20:52:00",10.6,9.99,96.07
"2024-12-10 21:52:00",10.6,10.6,100
"2024-12-10 22:52:00",11.1,10.59,96.73
"2024-12-10 23:52:00",12.8,12.19,96.14
"2024-12-11 00:52:00",12.8,12.19,96.14
"2024-12-11 01:52:00",12.8,12.19,96.14
"2024-12-11 02:52:00",12.2,11.09,93
"2024-12-11 03:52:00",15.6,15,96.23
"2024-12-11 04:52:00",16.7,14.99,89.71
"2024-12-11 05:52:00",16.7,14.99,89.71
"2024-12-11 06:52:00",16.7,14.99,89.71
"2024-12-11 07:52:00",16.1,14.99,93.2
"2024-12-11 08:52:00",16.1,14.99,93.2
"2024-12-11 09:52:00",16.1,15.6,96.86
"2024-12-11 10:52:00",16.1,14.99,93.2
"2024-12-11 11:52:00",12.2,10.58,89.96
"2024-12-11 12:52:00",12.8,11.69,93.03
"2024-12-11 13:52:00",11.1,9.99,92.94
"2024-12-11 14:52:00",8.9,6.67,86.08
"2024-12-11 15:52:00",6.7,3.86,82.31
"2024-12-11 16:52:00",6.1,2.15,76.05
"2024-12-11 17:52:00",6.1,0.53,67.8
"2024-12-11 18:52:00",5.6,-1.18,62.02
"2024-12-11 19:52:00",4.4,-3.4,57.29
"2024-12-11 20:52:00",3.3,-4,59.18
"2024-12-11 21:52:00",2.8,-5.1,56.43
"2024-12-11 22:52:00",2.8,-6.21,51.9
"2024-12-11 23:52:00",1.1,-6.2,58.6
"2024-12-12 00:52:00",0.6,-6.8,58.02
"2024-12-12 01:52:00",0.6,-6.8,58.02
"2024-12-12 02:52:00",-0.6,-6.18,66.29
"2024-12-12 03:52:00",-1.1,-5.67,71.44
"2024-12-12 04:52:00",-1.1,-5.67,71.44
"2024-12-12 05:52:00",-0.6,-6.18,66.29
"2024-12-12 06:52:00",-1.7,-5.66,74.66
"2024-12-12 07:52:00",-1.7,-5.66,74.66
"2024-12-12 08:52:00",1.1,-5.09,63.72
"2024-12-12 09:52:00",3.3,-4.5,57
"2024-12-12 10:52:00",5,-8.44,37.51
"2024-12-12 11:52:00",6.1,-11.85,26.55
"2024-12-12 12:52:00",6.7,-13.44,22.38
"2024-12-12 13:52:00",7.2,-12.94,22.52
"2024-12-12 14:52:00",7.2,-13.44,21.63
"2024-12-12 15:52:00",6.1,-13.44,23.33
"2024-12-12 16:52:00",3.9,-12.95,28.32
"2024-12-12 17:52:00",2.8,-12.35,32.13
"2024-12-12 18:52:00",2.2,-12.95,31.94
"2024-12-12 19:52:00",1.7,-12.35,34.75
"2024-12-12 20:52:00",-0.6,-10.73,46.66
"2024-12-12 21:52:00",-1.7,-11.23,48.6
"2024-12-12 22:52:00",-2.2,-10.72,52.48
"2024-12-12 23:52:00",-2.2,-10.11,55.04
"2024-12-13 00:52:00",-3.3,-8.99,65.14
"2024-12-13 01:52:00",-3.9,-8.98,68.13
"2024-12-13 02:52:00",-5,-8.97,74.03
"2024-12-13 03:52:00",-5,-8.97,74.03
"2024-12-13 04:52:00",-3.9,-7.87,74.24
"2024-12-13 05:52:00",-4.4,-7.86,77.09
"2024-12-13 06:52:00",-2.2,-6.16,74.56
"2024-12-13 07:52:00",-1.7,-4.44,81.77
"2024-12-13 08:52:00",0.6,-6.8,58.02
"2024-12-13 09:52:00",1.1,-9.03,47.18
"2024-12-13 10:52:00",1.7,-8.43,47.36
"2024-12-13 11:52:00",2.2,-7.93,47.51
"2024-12-13 12:52:00",2.8,-7.93,45.52
"2024-12-13 13:52:00",2.8,-8.43,43.78
"2024-12-13 14:52:00",2.8,-7.93,45.52
"2024-12-13 15:52:00",2.2,-8.43,45.69
"2024-12-13 16:52:00",1.7,-8.43,47.36
"2024-12-13 17:52:00",0,-8.41,53.54
"2024-12-13 18:52:00",0,-8.41,53.54
"2024-12-13 19:52:00",0,-7.91,55.66
"2024-12-13 20:52:00",-0.6,-7.9,58.15
"2024-12-13 21:52:00",-1.1,-7.9,60.31
"2024-12-13 22:52:00",-2.2,-7.89,65.4
"2024-12-13 23:52:00",-2.8,-7.27,71.64
"2024-12-14 00:52:00",-2.8,-6.76,74.45
"2024-12-14 01:52:00",-2.8,-7.27,71.64
"2024-12-14 02:52:00",-3.9,-7.26,77.77
"2024-12-14 03:52:00",-1.7,-8.4,60.63
"2024-12-14 04:52:00",-3.9,-8.37,71.41
"2024-12-14 05:52:00",-2.8,-8.99,62.76
"2024-12-14 06:52:00",-4.4,-9.48,68.02
"2024-12-14 07:52:00",-3.3,-8.99,65.14
"2024-12-14 08:52:00",-1.1,-9.01,55.35
"2024-12-14 09:52:00",0,-10.74,44.66
"2024-12-14 10:52:00",1.1,-10.74,41.25
"2024-12-14 11:52:00",2.8,-10.75,36.53
"2024-12-14 12:52:00",2.8,-11.25,35.1
"2024-12-14 13:52:00",5,-10.75,31.29
"2024-12-14 14:52:00",4.4,-11.25,31.35
"2024-12-14 15:52:00",3.9,-9.54,37.16
"2024-12-14 16:52:00",2.8,-9.04,41.78
"2024-12-14 17:52:00",1.1,-7.31,53.85
"2024-12-14 18:52:00",1.1,-6.81,55.97
"2024-12-14 19:52:00",0,-6.19,63.45
"2024-12-14 20:52:00",-0.6,-6.18,66.29
"2024-12-14 21:52:00",0,-6.19,63.45
"2024-12-14 22:52:00",0.6,-5.08,66.06
"2024-12-14 23:52:00",0.6,-4.48,69.13
"2024-12-15 00:52:00",0.6,-4.48,69.13
"2024-12-15 01:52:00",1.1,-4.48,66.68
"2024-12-15 02:52:00",1.1,-4.48,66.68
"2024-12-15 03:52:00",0.6,-4.48,69.13
"2024-12-15 04:52:00",0.6,-4.48,69.13
"2024-12-15 05:52:00",0.6,-4.48,69.13
"2024-12-15 06:52:00",0,-5.08,69
"2024-12-15 07:52:00",0,-4.47,72.2
"2024-12-15 08:52:00",1.1,-3.97,69.24
"2024-12-15 09:52:00",1.7,-3.98,66.32
"2024-12-15 10:52:00",2.2,-3.38,66.93
"2024-12-15 11:52:00",2.8,-2.88,66.57
"2024-12-15 12:52:00",3.3,-2.28,67.18
"2024-12-15 13:52:00",3.3,-1.16,72.85
"2024-12-15 14:52:00",3.3,-0.66,75.57
"2024-12-15 15:52:00",2.8,-0.04,81.79
"2024-12-15 16:52:00",2.8,0.57,85.42
"2024-12-15 17:52:00",2.8,1.07,88.56
"2024-12-15 18:52:00",2.8,1.07,88.56
"2024-12-15 19:52:00",2.8,1.07,88.56
"2024-12-15 20:52:00",2.8,1.68,92.46
"2024-12-15 21:52:00",2.8,1.68,92.46
"2024-12-15 22:52:00",2.2,1.69,96.49
"2024-12-15 23:52:00",1.7,1.09,95.78
"2024-12-16 00:52:00",1.7,1.09,95.78
"2024-12-16 01:52:00",2.2,1.69,96.49
"2024-12-16 02:52:00",2.8,1.68,92.46
"2024-12-16 03:52:00",2.8,2.19,95.82
"2024-12-16 04:52:00",3.3,2.18,92.49
"2024-12-16 05:52:00",3.3,2.79,96.52
"2024-12-16 06:52:00",2.8,1.68,92.46
"2024-12-16 07:52:00",2.8,1.68,92.46
"2024-12-16 08:52:00",3.3,2.18,92.49
"2024-12-16 09:52:00",3.9,2.78,92.52
"2024-12-16 10:52:00",4.4,3.28,92.55
"2024-12-16 11:52:00",5,3.88,92.59
"2024-12-16 12:52:00",5.6,3.88,88.81
"2024-12-16 13:52:00",5.6,3.88,88.81
"2024-12-16 14:52:00",5.6,4.38,91.98
"2024-12-16 15:52:00",6.1,4.38,88.85
"2024-12-16 16:52:00",6.1,4.98,92.65
"2024-12-16 17:52:00",6.1,5.59,96.6
"2024-12-16 18:52:00",6.1,5.59,96.6
"2024-12-16 19:52:00",6.7,5.59,92.69
"2024-12-16 20:52:00",6.7,5.59,92.69
"2024-12-16 21:52:00",7.8,6.08,88.99
"2024-12-16 22:52:00",8.3,6.68,89.65
"2024-12-16 23:52:00",8.9,7.79,92.81
"2024-12-17 00:52:00",9.4,8.29,92.84
"2024-12-17 01:52:00",10,8.28,89.18
"2024-12-17 02:52:00",10,8.28,89.18
"2024-12-17 03:52:00",10,8.89,92.87
"2024-12-17 04:52:00",10.6,8.88,89.23
"2024-12-17 05:52:00",10.6,8.88,89.23
"2024-12-17 06:52:00",10.6,8.88,89.23
"2024-12-17 07:52:00",10.6,8.88,89.23
"2024-12-17 08:52:00",10.6,9.39,92.29
"2024-12-17 09:52:00",11.7,9.38,85.8
"2024-12-17 10:52:00",12.8,9.97,83.09
"2024-12-17 11:52:00",13.9,10.57,80.51
"2024-12-17 12:52:00",15.6,10.56,72.16
"2024-12-17 13:52:00",16.7,9.95,64.63
"2024-12-17 14:52:00",16.7,9.95,64.63
"2024-12-17 15:52:00",16.7,9.35,62.08
"2024-12-17 16:52:00",14.4,8.85,69.55
"2024-12-17 17:52:00",13.9,4.32,52.72
"2024-12-17 18:52:00",13.3,0.5,41.83
"2024-12-17 19:52:00",7.8,1.02,62.55
"2024-12-17 20:52:00",8.9,-1.81,47.35
"2024-12-17 21:52:00",7.8,-2.31,49.16
"2024-12-17 22:52:00",5.6,-1.18,62.02
"2024-12-17 23:52:00",1.1,-1.13,85.23
"2024-12-18 00:52:00",1.7,-1.14,81.63
"2024-12-18 01:52:00",1.1,-1.13,85.23
"2024-12-18 02:52:00",1.1,-1.74,81.55
"2024-12-18 03:52:00",0.6,-1.13,88.36
"2024-12-18 04:52:00",0.6,-1.74,84.55
"2024-12-18 05:52:00",0,-1.73,88.3
"2024-12-18 06:52:00",0,-1.73,88.3
"2024-12-18 07:52:00",0,-1.73,88.3
"2024-12-18 08:52:00",5,1.05,75.86
"2024-12-18 09:52:00",8.9,2.12,62.82
"2024-12-18 10:52:00",10.6,1.61,54.09
"2024-12-18 11:52:00",10,1.01,53.92
"2024-12-18 12:52:00",10.6,1.01,51.8
"2024-12-18 13:52:00",11.1,1.61,52.32
"2024-12-18 14:52:00",11.7,2.72,54.38
"2024-12-18 15:52:00",11.7,3.83,58.78
"2024-12-18 16:52:00",10,4.95,71.08
"2024-12-18 17:52:00",10,4.95,71.08
"2024-12-18 18:52:00",9.4,6.06,79.86
"2024-12-18 19:52:00",8.9,7.18,89.09
"2024-12-18 20:52:00",8.3,5.57,83.1
"2024-12-18 21:52:00",7.2,4.97,85.9
"2024-12-18 22:52:00",7.2,4.36,82.38
"2024-12-18 23:52:00",7.2,2.74,73.59
"2024-12-19 00:52:00",6.7,2.14,72.97
"2024-12-19 01:52:00",6.7,1.03,67.44
"2024-12-19 02:52:00",6.1,1.03,70.29
"2024-12-19 03:52:00",5.6,-0.07,67.2
"2024-12-19 04:52:00",5,-1.18,64.66
"2024-12-19 05:52:00",5,-1.18,64.66
"2024-12-19 06:52:00",4.4,-1.17,67.43
"2024-12-19 07:52:00",4.4,-1.17,67.43
"2024-12-19 08:52:00",5,-1.18,64.66
"2024-12-19 09:52:00",5.6,-1.18,62.02
"2024-12-19 10:52:00",5.6,-1.79,59.34
"2024-12-19 11:52:00",6.1,-1.8,57.32
"2024-12-19 12:52:00",6.7,-1.8,55
"2024-12-19 13:52:00",7.8,-2.31,49.16
"2024-12-19 14:52:00",7.2,-2.31,51.22
"2024-12-19 15:52:00",6.7,-2.91,50.7
"2024-12-19 16:52:00",5.6,-2.9,54.7
"2024-12-19 17:52:00",5,-2.9,57.03
"2024-12-19 18:52:00",5,-2.9,57.03
"2024-12-19 19:52:00",4.4,-2.89,59.47
"2024-12-19 20:52:00",2.8,-3.39,64.13
"2024-12-19 21:52:00",1.7,-2.87,72
"2024-12-19 22:52:00",2.2,-2.87,69.47
"2024-12-19 23:52:00",1.7,-2.87,72
"2024-12-20 00:52:00",2.8,-2.27,69.6
"2024-12-20 01:52:00",2.8,-2.27,69.6
"2024-12-20 02:52:00",2.8,-2.27,69.6
"2024-12-20 03:52:00",2.8,-2.88,66.57
"2024-12-20 04:52:00",2.8,-2.88,66.57
"2024-12-20 05:52:00",2.8,-2.88,66.57
"2024-12-20 06:52:00",2.8,-2.27,69.6
"2024-12-20 07:52:00",2.8,-2.27,69.6
"2024-12-20 08:52:00",2.8,-1.77,72.22
"2024-12-20 09:52:00",2.8,-1.77,72.22
"2024-12-20 10:52:00",2.8,-1.16,75.48
"2024-12-20 11:52:00",2.8,-0.65,78.29
"2024-12-20 12:52:00",3.3,-0.05,78.94
"2024-12-20 13:52:00",3.9,0.55,79.03
"2024-12-20 14:52:00",3.9,0.55,79.03
"2024-12-20 15:52:00",3.9,0.55,79.03
"2024-12-20 16:52:00",3.9,-0.06,75.67
"2024-12-20 17:52:00",3.3,-0.05,78.94
"2024-12-20 18:52:00",3.3,-0.05,78.94
"2024-12-20 19:52:00",3.3,-0.66,75.57
"2024-12-20 20:52:00",2.2,-1.15,78.77
"2024-12-20 21:52:00",1.7,-0.64,84.68
"2024-12-20 22:52:00",2.2,-1.15,78.77
"2024-12-20 23:52:00",1.7,-1.14,81.63
"2024-12-21 00:52:00",1.7,-1.75,78.11
"2024-12-21 01:52:00",1.1,-2.86,75.17
"2024-12-21 02:52:00",1.1,-3.37,72.42
"2024-12-21 03:52:00",2.8,-5.1,56.43
"2024-12-21 04:52:00",2.8,-5.71,53.92
"2024-12-21 05:52:00",2.2,-5.7,56.27
"2024-12-21 06:52:00",1.7,-6.21,56.13
"2024-12-21 07:52:00",1.1,-7.31,53.85
"2024-12-21 08:52:00",2.2,-9.03,43.6
"2024-12-21 09:52:00",2.2,-10.14,39.98
"2024-12-21 10:52:00",1.7,-10.14,41.43
"2024-12-21 11:52:00",1.7,-11.85,36.18
"2024-12-21 12:52:00",1.7,-10.14,41.43
"2024-12-21 13:52:00",2.8,-9.04,41.78
"2024-12-21 14:52:00",1.7,-10.74,39.51
"2024-12-21 15:52:00",1.7,-10.14,41.43
"2024-12-21 16:52:00",0,-9.53,49.11
"2024-12-21 17:52:00",-0.6,-9.52,51.31
"2024-12-21 18:52:00",-0.6,-9.52,51.31
"2024-12-21 19:52:00",-1.1,-9.52,53.22
"2024-12-21 20:52:00",-1.1,-11.23,46.5
"2024-12-21 21:52:00",-1.1,-12.94,40.55
"2024-12-21 22:52:00",-1.7,-13.44,40.69
"2024-12-21 23:52:00",-2.2,-12.94,43.98
"2024-12-22 00:52:00",-2.2,-12.33,46.16
"2024-12-22 01:52:00",-2.2,-10.72,52.48
"2024-12-22 02:52:00",-2.2,-11.22,50.43
"2024-12-22 03:52:00",-2.8,-11.82,50.25
"2024-12-22 04:52:00",-2.8,-12.33,48.27
"2024-12-22 05:52:00",-3.9,-11.82,54.55
"2024-12-22 06:52:00",-3.9,-11.82,54.55
"2024-12-22 07:52:00",-3.9,-10.09,62.48
"2024-12-22 08:52:00",-2.8,-9.5,60.34
"2024-12-22 09:52:00",-2.2,-10.72,52.48
"2024-12-22 10:52:00",-1.7,-10.72,50.58
"2024-12-22 11:52:00",-0.6,-11.24,44.83
"2024-12-22 12:52:00",0.6,-10.74,42.76
"2024-12-22 13:52:00",0.6,-11.24,41.09
"2024-12-22 14:52:00",0.6,-12.35,37.61
"2024-12-22 15:52:00",0,-11.84,40.9
"2024-12-22 16:52:00",-1.7,-12.34,44.49
"2024-12-22 17:52:00",-1.1,-12.34,42.57
"2024-12-22 18:52:00",-3.3,-11.82,52.16
"2024-12-22 19:52:00",-3.9,-12.32,52.4
"2024-12-22 20:52:00",-4.4,-13.42,49.77
"2024-12-22 21:52:00",-4.4,-12.92,51.83
"2024-12-22 22:52:00",-6.7,-12.9,61.76
"2024-12-22 23:52:00",-7.2,-12.89,64.18
"2024-12-23 00:52:00",-7.8,-12.27,70.58
"2024-12-23 01:52:00",-7.8,-12.27,70.58
"2024-12-23 02:52:00",-7.8,-12.27,70.58
"2024-12-23 03:52:00",-8.3,-12.27,73.38
"2024-12-23 04:52:00",-8.3,-12.88,69.9
"2024-12-23 05:52:00",-10,-12.85,79.9
"2024-12-23 06:52:00",-9.4,-12.86,76.2
"2024-12-23 07:52:00",-8.3,-12.27,73.38
"2024-12-23 08:52:00",-6.1,-11.79,64.46
"2024-12-23 09:52:00",-3.9,-10.7,59.57
"2024-12-23 10:52:00",-2.2,-10.11,55.04
"2024-12-23 11:52:00",-1.1,-10.12,50.76
"2024-12-23 12:52:00",0,-9.53,49.11
"2024-12-23 13:52:00",0.6,-10.13,44.85
"2024-12-23 14:52:00",1.1,-9.03,47.18
"2024-12-23 15:52:00",0.6,-9.53,47.02
"2024-12-23 16:52:00",0,-9.53,49.11
"2024-12-23 17:52:00",-0.6,-9.02,53.36
"2024-12-23 18:52:00",-1.1,-9.01,55.35
"2024-12-23 19:52:00",-1.7,-8.4,60.63
"2024-12-23 20:52:00",-2.2,-7.89,65.4
"2024-12-23 21:52:00",-1.7,-7.89,63.03
"2024-12-23 22:52:00",-1.7,-8.4,60.63
"2024-12-23 23:52:00",-1.7,-9.01,57.85
"2024-12-24 00:52:00",-1.7,-9.01,57.85
"2024-12-24 01:52:00",-2.8,-8.99,62.76
"2024-12-24 02:52:00",-3.3,-8.99,65.14
"2024-12-24 03:52:00",-2.2,-9,60.02
"2024-12-24 04:52:00",-2.8,-8.99,62.76
"2024-12-24 05:52:00",-2.8,-7.27,71.64
"2024-12-24 06:52:00",-1.7,-6.78,68.63
"2024-12-24 07:52:00",-1.7,-6.17,71.86
"2024-12-24 08:52:00",-0.6,-6.18,66.29
"2024-12-24 09:52:00",-0.6,-6.79,63.31
"2024-12-24 10:52:00",0.6,-5.69,63.12
"2024-12-24 11:52:00",1.1,-4.48,66.68
"2024-12-24 12:52:00",2.2,-3.99,63.99
"2024-12-24 13:52:00",3.9,-3.39,59.34
"2024-12-24 14:52:00",5,-2.9,57.03
"2024-12-24 15:52:00",5,-2.29,59.62
"2024-12-24 16:52:00",3.9,-1.78,66.82
"2024-12-24 17:52:00",3.3,-1.77,69.71
"2024-12-24 18:52:00",3.9,-1.78,66.82
"2024-12-24 19:52:00",3.3,-1.16,72.85
"2024-12-24 20:52:00",3.3,-1.16,72.85
"2024-12-24 21:52:00",2.8,-1.16,75.48
"2024-12-24 22:52:00",2.8,-1.16,75.48
"2024-12-24 23:52:00",3.3,-0.66,75.57
"2024-12-25 00:52:00",2.8,-0.65,78.29
"2024-12-25 01:52:00",2.8,-0.65,78.29
"2024-12-25 02:52:00",2.8,-0.04,81.79
"2024-12-25 03:52:00",2.2,-0.03,85.35
"2024-12-25 04:52:00",3.3,-0.66,75.57
"2024-12-25 05:52:00",2.8,-0.65,78.29
"2024-12-25 06:52:00",1.7,-0.64,84.68
"2024-12-25 07:52:00",1.7,-0.64,84.68
"2024-12-25 08:52:00",3.9,-0.06,75.67
"2024-12-25 09:52:00",4.4,-1.17,67.43
"2024-12-25 10:52:00",5,-1.18,64.66
"2024-12-25 11:52:00",6.1,-1.8,57.32
"2024-12-25 12:52:00",6.7,-1.8,55
"2024-12-25 13:52:00",7.2,-1.8,53.15
"2024-12-25 14:52:00",6.7,-1.8,55
"2024-12-25 15:52:00",7.2,-2.31,51.22
"2024-12-25 16:52:00",6.1,-1.8,57.32
"2024-12-25 17:52:00",3.3,-1.16,72.85
"2024-12-25 18:52:00",2.2,-1.76,75.37
"2024-12-25 19:52:00",0.6,-2.85,77.93
"2024-12-25 20:52:00",2.8,-1.77,72.22
"2024-12-25 21:52:00",2.2,-2.87,69.47
"2024-12-25 22:52:00",1.1,-2.86,75.17
"2024-12-25 23:52:00",-0.6,-3.95,78.32
"2024-12-26 00:52:00",-1.7,-3.94,84.9
"2024-12-26 01:52:00",-1.7,-3.94,84.9
"2024-12-26 02:52:00",-2.8,-4.43,88.71
"2024-12-26 03:52:00",-2.8,-4.43,88.71
"2024-12-26 04:52:00",-1.1,-2.83,88.2
"2024-12-26 05:52:00",-0.6,-2.23,88.9
"2024-12-26 06:52:00",0.6,-1.74,84.55
"2024-12-26 07:52:00",1.1,-1.74,81.55
"2024-12-26 08:52:00",1.7,-1.75,78.11
"2024-12-26 09:52:00",2.2,-1.76,75.37
"2024-12-26 10:52:00",2.8,-1.77,72.22
"2024-12-26 11:52:00",3.3,-2.28,67.18
"2024-12-26 12:52:00",3.9,-2.28,64.4
"2024-12-26 13:52:00",4.4,-1.78,64.52
"2024-12-26 14:52:00",5,-2.29,59.62
"2024-12-26 15:52:00",4.4,-2.29,62.18
"2024-12-26 16:52:00",3.3,-2.89,64.25
"2024-12-26 17:52:00",2.8,-3.39,64.13
"2024-12-26 18:52:00",2.8,-2.88,66.57
"2024-12-26 19:52:00",2.8,-2.88,66.57
"2024-12-26 20:52:00",0,-3.35,78.42
"2024-12-26 21:52:00",-1.1,-3.95,81.24
"2024-12-26 22:52:00",-1.7,-4.44,81.77
"2024-12-26 23:52:00",-0.6,-2.84,85.03
"2024-12-27 00:52:00",0,-2.24,85.1
"2024-12-27 01:52:00",1.1,-1.74,81.55
"2024-12-27 02:52:00",1.1,-1.74,81.55
"2024-12-27 03:52:00",1.1,-1.74,81.55
"2024-12-27 04:52:00",1.1,-1.74,81.55
"2024-12-27 05:52:00",1.1,-2.25,78.59
"2024-12-27 06:52:00",1.1,-2.25,78.59
"2024-12-27 07:52:00",1.1,-1.74,81.55
"2024-12-27 08:52:00",2.2,-1.76,75.37
"2024-12-27 09:52:00",3.3,-1.16,72.85
"2024-12-27 10:52:00",3.9,-1.17,69.83
"2024-12-27 11:52:00",4.4,-1.17,67.43
"2024-12-27 12:52:00",6.1,-0.68,62.14
"2024-12-27 13:52:00",7.2,-0.08,60.19
"2024-12-27 14:52:00",8.3,-0.09,55.84
"2024-12-27 15:52:00",7.8,-0.09,57.77
"2024-12-27 16:52:00",7.2,-0.08,60.19
"2024-12-27 17:52:00",6.7,-0.08,62.29
"2024-12-27 18:52:00",6.7,0.52,65.05
"2024-12-27 19:52:00",7.2,0.52,62.86
"2024-12-27 20:52:00",7.2,0.52,62.86
"2024-12-27 21:52:00",6.7,1.64,70.41
"2024-12-27 22:52:00",6.1,2.15,76.05
"2024-12-27 23:52:00",5,3.27,88.75
"2024-12-28 00:52:00",4.4,3.28,92.55
"2024-12-28 01:52:00",4.4,3.89,96.55
"2024-12-28 02:52:00",4.4,3.89,96.55
"2024-12-28 03:52:00",5,3.88,92.59
"2024-12-28 04:52:00",5,3.88,92.59
"2024-12-28 05:52:00",5.6,4.38,91.98
"2024-12-28 06:52:00",5.6,4.99,95.91
"2024-12-28 07:52:00",6.7,5.59,92.69
"2024-12-28 08:52:00",7.2,6.09,92.72
"2024-12-28 09:52:00",7.8,6.08,88.99
"2024-12-28 10:52:00",8.3,6.68,89.65
"2024-12-28 11:52:00",8.3,7.19,92.78
"2024-12-28 12:52:00",8.9,8.29,96.02
"2024-12-28 13:52:00",10,8.89,92.87
"2024-12-28 14:52:00",10.6,9.39,92.29
"2024-12-28 15:52:00",10.6,9.99,96.07
"2024-12-28 16:52:00",10.6,9.99,96.07
"2024-12-28 17:52:00",10.6,9.99,96.07
"2024-12-28 18:52:00",10,9.39,96.06
"2024-12-28 19:52:00",10.6,9.99,96.07
"2024-12-28 20:52:00",10.6,9.99,96.07
"2024-12-28 21:52:00",10.6,9.99,96.07
"2024-12-28 22:52:00",10.6,9.99,96.07
"2024-12-28 23:52:00",10.6,9.99,96.07
"2024-12-29 00:52:00",10.6,9.99,96.07
"2024-12-29 01:52:00",10.6,9.99,96.07
"2024-12-29 02:52:00",10.6,10.6,100
"2024-12-29 03:52:00",10.6,10.6,100
"2024-12-29 04:52:00",10.6,9.99,96.07
"2024-12-29 05:52:00",11.7,11.09,96.11
"2024-12-29 06:52:00",13.3,12.8,96.79
"2024-12-29 07:52:00",13.3,12.8,96.79
"2024-12-29 08:52:00",14.4,13.29,93.11
"2024-12-29 09:52:00",15.6,13.28,86.2
"2024-12-29 10:52:00",17.2,13.88,80.96
"2024-12-29 11:52:00",18.9,13.27,69.98
"2024-12-29 12:52:00",19.4,12.77,65.66
"2024-12-29 13:52:00",19.4,12.77,65.66
"2024-12-29 14:52:00",19.4,12.77,65.66
"2024-12-29 15:52:00",18.9,12.17,65.12
"2024-12-29 16:52:00",18.3,12.17,67.61
"2024-12-29 17:52:00",17.8,12.77,72.57
"2024-12-29 18:52:00",16.7,14.38,86.31
"2024-12-29 19:52:00",16.7,13.88,83.56
"2024-12-29 20:52:00",16.1,13.28,83.49
"2024-12-29 21:52:00",16.1,12.78,80.81
"2024-12-29 22:52:00",16.1,12.17,77.69
"2024-12-29 23:52:00",15.6,11.67,77.61
"2024-12-30 00:52:00",15,11.67,80.66
"2024-12-30 01:52:00",13.3,10.57,83.71
"2024-12-30 02:52:00",12.2,9.98,86.42
"2024-12-30 03:52:00",10,8.28,89.18
"2024-12-30 04:52:00",10.6,8.27,85.68
"2024-12-30 05:52:00",10.6,8.27,85.68
"2024-12-30 06:52:00",11.1,3.83,61.16
"2024-12-30 07:52:00",10.6,3.83,63.23
"2024-12-30 08:52:00",12.2,2.11,50.42
"2024-12-30 09:52:00",13.3,1,43.36
"2024-12-30 10:52:00",13.9,0.51,40.23
"2024-12-30 11:52:00",14.4,-0.1,37.29
"2024-12-30 12:52:00",15.6,-0.09,34.52
"2024-12-30 13:52:00",15.6,-0.69,33.05
"2024-12-30 14:52:00",15.6,-1.19,31.86
"2024-12-30 15:52:00",15,-1.8,31.68
"2024-12-30 16:52:00",12.8,-1.81,36.54
"2024-12-30 17:52:00",11.7,-2.31,37.85
"2024-12-30 18:52:00",11.1,-2.91,37.67
"2024-12-30 19:52:00",11.1,-3.42,36.29
"2024-12-30 20:52:00",6.1,-2.3,55.24
"2024-12-30 21:52:00",5,-2.29,59.62
"2024-12-30 22:52:00",1.7,-2.26,75.28
"2024-12-30 23:52:00",1.1,-2.86,75.17
"2024-12-31 00:52:00",3.3,-2.28,67.18
"2024-12-31 01:52:00",3.3,-1.77,69.71
"2024-12-31 02:52:00",2.2,-1.15,78.77
"2024-12-31 03:52:00",1.7,-1.14,81.63
"2024-12-31 04:52:00",0.6,-1.74,84.55
"2024-12-31 05:52:00",1.1,-1.13,85.23
"2024-12-31 06:52:00",0,-1.73,88.3
"2024-12-31 07:52:00",0,-1.73,88.3
"2024-12-31 08:52:00",7.8,2.13,67.68
"2024-12-31 09:52:00",11.1,3.22,58.63
"2024-12-31 10:52:00",12.8,3.22,52.42
"2024-12-31 11:52:00",13.9,3.82,50.9
"2024-12-31 12:52:00",14.4,4.32,51.04
"2024-12-31 13:52:00",15,4.32,49.1
"2024-12-31 14:52:00",15,4.32,49.1
"2024-12-31 15:52:00",14.4,4.32,51.04
"2024-12-31 16:52:00",12.2,6.65,69.1
"2024-12-31 17:52:00",9.4,8.29,92.84
"2024-12-31 18:52:00",8.9,7.79,92.81
"2024-12-31 19:52:00",10,8.28,89.18
"2024-12-31 20:52:00",9.4,7.78,89.74
"2024-12-31 21:52:00",7.8,6.69,92.75
"2024-12-31 22:52:00",7.2,6.09,92.72
"2024-12-31 23:52:00",5,4.39,95.89
"2025-01-01 00:52:00",6.1,4.98,92.65
"2025-01-01 01:52:00",5.6,4.99,95.91
"2025-01-01 02:52:00",5.6,5.6,100
"2025-01-01 03:52:00",6.7,5.59,92.69
"2025-01-01 04:52:00",8.3,3.24,70.74
"2025-01-01 05:52:00",8.3,-0.09,55.84
"2025-01-01 06:52:00",7.8,-0.69,55.3
"2025-01-01 07:52:00",7.2,-1.8,53.15
"2025-01-01 08:52:00",7.2,-1.2,55.54
"2025-01-01 09:52:00",7.8,-1.2,53.31
"2025-01-01 10:52:00",8.3,-0.7,53.45
"2025-01-01 11:52:00",8.9,-1.2,49.48
"2025-01-01 12:52:00",8.3,-1.81,49.31
"2025-01-01 13:52:00",8.9,-2.31,45.63
"2025-01-01 14:52:00",8.3,-1.81,49.31
"2025-01-01 15:52:00",6.7,-4.02,46.7
"2025-01-01 16:52:00",5.6,-4.01,50.38
"2025-01-01 17:52:00",5.6,-4.01,50.38
"2025-01-01 18:52:00",5,-4.51,50.59
"2025-01-01 19:52:00",3.9,-4.51,54.64
"2025-01-01 20:52:00",3.3,-4,59.18
"2025-01-01 21:52:00",4.4,-4,54.78
"2025-01-01 22:52:00",4.4,-5.72,48.17
"2025-01-01 23:52:00",2.8,-7.32,47.69
"2025-01-02 00:52:00",2.8,-7.32,47.69
"2025-01-02 01:52:00",2.2,-7.93,47.51
"2025-01-02 02:52:00",2.2,-9.54,41.92
"2025-01-02 03:52:00",2.2,-9.54,41.92
"2025-01-02 04:52:00",2.2,-9.54,41.92
"2025-01-02 05:52:00",2.2,-9.54,41.92
"2025-01-02 06:52:00",2.2,-9.03,43.6
"2025-01-02 07:52:00",2.2,-7.93,47.51
"2025-01-02 08:52:00",2.2,-7.93,47.51
"2025-01-02 09:52:00",2.8,-9.04,41.78
"2025-01-02 10:52:00",3.9,-7.93,42.12
"2025-01-02 11:52:00",3.9,-7.93,42.12
"2025-01-02 12:52:00",4.4,-7.93,40.67
"2025-01-02 13:52:00",5,-7.33,40.85
"2025-01-02 14:52:00",4.4,-7.33,42.6
"2025-01-02 15:52:00",5,-7.33,40.85
"2025-01-02 16:52:00",3.3,-7.33,46.03
"2025-01-02 17:52:00",2.2,-7.93,47.51
"2025-01-02 18:52:00",1.7,-7.92,49.24
"2025-01-02 19:52:00",1.7,-7.92,49.24
"2025-01-02 20:52:00",1.7,-7.92,49.24
"2025-01-02 21:52:00",2.2,-7.93,47.51
"2025-01-02 22:52:00",2.2,-7.32,49.77
"2025-01-02 23:52:00",1.7,-7.32,51.58
"2025-01-03 00:52:00",1.1,-7.31,53.85
"2025-01-03 01:52:00",0.6,-7.92,53.29
"2025-01-03 02:52:00",0,-7.91,55.66
"2025-01-03 03:52:00",-2.8,-7.88,68.38
"2025-01-03 04:52:00",-1.7,-7.89,63.03
"2025-01-03 05:52:00",-1.1,-7.29,63.18
"2025-01-03 06:52:00",-2.2,-7.28,68.52
"2025-01-03 07:52:00",-2.2,-7.28,68.52
"2025-01-03 08:52:00",0.6,-6.2,60.75
"2025-01-03 09:52:00",2.2,-6.21,54.16
"2025-01-03 10:52:00",1.7,-5.7,58.32
"2025-01-03 11:52:00",3.3,-4.5,57
"2025-01-03 12:52:00",5,-4.01,52.53
"2025-01-03 13:52:00",4.4,-2.89,59.47
"2025-01-03 14:52:00",3.9,-1.17,69.83
"2025-01-03 15:52:00",1.1,-1.13,85.23
"2025-01-03 16:52:00",1.1,-2.25,78.59
"2025-01-03 17:52:00",0.6,-5.69,63.12
"2025-01-03 18:52:00",-0.6,-7.9,58.15
"2025-01-03 19:52:00",-0.6,-8.41,55.93
"2025-01-03 20:52:00",-1.7,-9.01,57.85
"2025-01-03 21:52:00",-1.7,-9.51,55.62
"2025-01-03 22:52:00",-2.2,-9.51,57.71
"2025-01-03 23:52:00",-2.2,-9.51,57.71
"2025-01-04 00:52:00",-2.2,-10.11,55.04
"2025-01-04 01:52:00",-2.8,-10.71,54.87
"2025-01-04 02:52:00",-2.2,-10.11,55.04
"2025-01-04 03:52:00",-2.8,-9.5,60.34
"2025-01-04 04:52:00",-2.8,-10.11,57.55
"2025-01-04 05:52:00",-2.8,-11.22,52.72
"2025-01-04 06:52:00",-2.8,-11.82,50.25
"2025-01-04 07:52:00",-2.8,-12.33,48.27
"2025-01-04 08:52:00",-2.2,-12.33,46.16
"2025-01-04 09:52:00",-1.7,-11.83,46.32
"2025-01-04 10:52:00",-1.7,-12.94,42.38
"2025-01-04 11:52:00",-1.7,-13.44,40.69
"2025-01-04 12:52:00",-1.7,-13.44,40.69
"2025-01-04 13:52:00",-1.7,-13.44,40.69
"2025-01-04 14:52:00",-1.1,-13.45,38.94
"2025-01-04 15:52:00",-1.7,-14.05,38.74
"2025-01-04 16:52:00",-2.2,-13.44,42.22
"2025-01-04 17:52:00",-2.8,-13.44,44.14
"2025-01-04 18:52:00",-3.3,-14.04,43.63
"2025-01-04 19:52:00",-3.9,-14.04,45.63
"2025-01-04 20:52:00",-3.9,-14.04,45.63
"2025-01-04 21:52:00",-3.9,-13.43,47.93
"2025-01-04 22:52:00",-3.9,-13.43,47.93
"2025-01-04 23:52:00",-4.4,-13.42,49.77
"2025-01-05 00:52:00",-5.6,-12.91,56.77
"2025-01-05 01:52:00",-5,-13.42,52.08
"2025-01-05 02:52:00",-6.1,-13.41,56.63
"2025-01-05 03:52:00",-5,-13.42,52.08
"2025-01-05 04:52:00",-7.2,-14,58.68
"2025-01-05 05:52:00",-8.3,-13.38,67.12
"2025-01-05 06:52:00",-8.9,-13.37,70.34
"2025-01-05 07:52:00",-8.9,-12.87,73.26
"2025-01-05 08:52:00",-5.6,-10.68,67.75
"2025-01-05 09:52:00",-2.8,-13.44,44.14
"2025-01-05 10:52:00",-1.1,-15.15,33.86
"2025-01-05 11:52:00",-0.6,-15.16,32.64
"2025-01-05 12:52:00",1.1,-15.16,28.86
"2025-01-05 13:52:00",1.1,-15.16,28.86
"2025-01-05 14:52:00",1.1,-14.56,30.32
"2025-01-05 15:52:00",1.1,-15.16,28.86
"2025-01-05 16:52:00",0,-13.45,35.93
"2025-01-05 17:52:00",0.6,-15.16,29.92
"2025-01-05 18:52:00",0.6,-15.16,29.92
"2025-01-05 19:52:00",0.6,-14.55,31.44
"2025-01-05 20:52:00",0.6,-13.45,34.4
"2025-01-05 21:52:00",0,-12.34,39.29
"2025-01-05 22:52:00",-0.6,-12.94,39.1
"2025-01-05 23:52:00",-1.1,-7.29,63.18
"2025-01-06 00:52:00",-2.8,-5.65,80.99
"2025-01-06 01:52:00",-3.3,-4.42,92.07
"2025-01-06 02:52:00",-2.8,-4.43,88.71
"2025-01-06 03:52:00",-2.8,-4.43,88.71
"2025-01-06 04:52:00",-3.3,-4.42,92.07
"2025-01-06 05:52:00",-3.3,-5.03,87.99
"2025-01-06 06:52:00",-3.3,-5.64,84.07
"2025-01-06 07:52:00",-3.3,-5.03,87.99
"2025-01-06 08:52:00",-3.3,-5.03,87.99
"2025-01-06 09:52:00",-3.3,-5.03,87.99
"2025-01-06 10:52:00",-3.3,-5.03,87.99
"2025-01-06 11:52:00",-3.3,-5.64,84.07
"2025-01-06 12:52:00",-2.8,-5.65,80.99
"2025-01-06 13:52:00",-2.8,-5.65,80.99
"2025-01-06 14:52:00",-2.8,-5.04,84.77
"2025-01-06 15:52:00",-2.8,-5.04,84.77
"2025-01-06 16:52:00",-3.3,-5.03,87.99
"2025-01-06 17:52:00",-2.8,-5.04,84.77
"2025-01-06 18:52:00",-2.8,-4.43,88.71
"2025-01-06 19:52:00",-2.8,-5.04,84.77
"2025-01-06 20:52:00",-2.8,-4.43,88.71
"2025-01-06 21:52:00",-2.2,-5.05,81.08
"2025-01-06 22:52:00",-1.7,-5.05,78.14
"2025-01-06 23:52:00",-1.7,-7.29,66.03
"2025-01-07 00:52:00",-2.2,-7.89,65.4
"2025-01-07 01:52:00",-2.8,-8.99,62.76
"2025-01-07 02:52:00",-3.9,-10.09,62.48
"2025-01-07 03:52:00",-4.4,-10.7,61.86
"2025-01-07 04:52:00",-5,-11.19,62.2
"2025-01-07 05:52:00",-5.6,-11.8,62.04
"2025-01-07 06:52:00",-5,-12.91,54.24
"2025-01-07 07:52:00",-5,-12.91,54.24
"2025-01-07 08:52:00",-3.9,-11.82,54.55
"2025-01-07 09:52:00",-2.2,-10.72,52.48
"2025-01-07 10:52:00",-1.1,-9.52,53.22
"2025-01-07 11:52:00",0,-9.02,51.08
"2025-01-07 12:52:00",0.6,-8.42,51.26
"2025-01-07 13:52:00",1.1,-8.42,49.44
"2025-01-07 14:52:00",0.6,-9.02,48.91
"2025-01-07 15:52:00",0,-9.02,51.08
"2025-01-07 16:52:00",-0.6,-9.02,53.36
"2025-01-07 17:52:00",-1.7,-9.51,55.62
"2025-01-07 18:52:00",-1.7,-10.12,53.05
"2025-01-07 19:52:00",-2.2,-10.11,55.04
"2025-01-07 20:52:00",-2.2,-10.72,52.48
"2025-01-07 21:52:00",-2.8,-11.22,52.72
"2025-01-07 22:52:00",-2.8,-11.82,50.25
"2025-01-07 23:52:00",-3.3,-11.82,52.16
"2025-01-08 00:52:00",-3.3,-12.32,50.1
"2025-01-08 01:52:00",-3.3,-11.82,52.16
"2025-01-08 02:52:00",-3.3,-11.82,52.16
"2025-01-08 03:52:00",-3.3,-11.21,54.73
"2025-01-08 04:52:00",-3.3,-11.21,54.73
"2025-01-08 05:52:00",-3.9,-11.82,54.55
"2025-01-08 06:52:00",-3.9,-11.82,54.55
"2025-01-08 07:52:00",-4.4,-11.81,56.65
"2025-01-08 08:52:00",-3.9,-12.32,52.4
"2025-01-08 09:52:00",-2.8,-11.82,50.25
"2025-01-08 10:52:00",-1.1,-10.73,48.4
"2025-01-08 11:52:00",-1.7,-10.72,50.58
"2025-01-08 12:52:00",0,-10.74,44.66
"2025-01-08 13:52:00",-1.1,-10.73,48.4
"2025-01-08 14:52:00",-1.1,-10.73,48.4
"2025-01-08 15:52:00",-1.7,-9.51,55.62
"2025-01-08 16:52:00",-2.2,-9.51,57.71
"2025-01-08 17:52:00",-2.8,-10.11,57.55
"2025-01-08 18:52:00",-3.3,-10.1,59.73
"2025-01-08 19:52:00",-2.8,-11.82,50.25
"2025-01-08 20:52:00",-3.9,-14.04,45.63
"2025-01-08 21:52:00",-5,-14.03,49.58
"2025-01-08 22:52:00",-5,-14.03,49.58
"2025-01-08 23:52:00",-4.4,-12.92,51.83
"2025-01-09 00:52:00",-5,-14.53,47.59
"2025-01-09 01:52:00",-5.6,-14.52,49.81
"2025-01-09 02:52:00",-5.6,-14.02,51.9
"2025-01-09 03:52:00",-7.2,-14,58.68
"2025-01-09 04:52:00",-6.7,-14.01,56.46
"2025-01-09 05:52:00",-6.1,-13.41,56.63
"2025-01-09 06:52:00",-6.1,-14.01,53.92
"2025-01-09 07:52:00",-5,-14.03,49.58
"2025-01-09 08:52:00",-4.4,-14.03,47.38
"2025-01-09 09:52:00",-3.9,-14.04,45.63
"2025-01-09 10:52:00",-2.8,-14.04,42.03
"2025-01-09 11:52:00",-2.2,-13.44,42.22
"2025-01-09 12:52:00",-1.1,-12.94,40.55
"2025-01-09 13:52:00",-0.6,-12.34,41.04
"2025-01-09 14:52:00",-0.6,-14.05,35.74
"2025-01-09 15:52:00",-0.6,-13.45,37.54
"2025-01-09 16:52:00",-1.1,-13.45,38.94
"2025-01-09 17:52:00",-1.7,-14.05,38.74
"2025-01-09 18:52:00",-2.2,-13.44,42.22
"2025-01-09 19:52:00",-2.8,-13.44,44.14
"2025-01-09 20:52:00",-3.3,-13.43,45.82
"2025-01-09 21:52:00",-3.9,-13.43,47.93
"2025-01-09 22:52:00",-3.9,-13.43,47.93
"2025-01-09 23:52:00",-4.4,-14.03,47.38
"2025-01-10 00:52:00",-6.1,-14.52,51.75
"2025-01-10 01:52:00",-5,-15.13,45.29
"2025-01-10 02:52:00",-5.6,-15.13,47.4
"2025-01-10 03:52:00",-5.6,-15.13,47.4
"2025-01-10 04:52:00",-5.6,-14.52,49.81
"2025-01-10 05:52:00",-6.1,-14.52,51.75
"2025-01-10 06:52:00",-5.6,-14.52,49.81
"2025-01-10 07:52:00",-6.1,-14.01,53.92
"2025-01-10 08:52:00",-4.4,-13.42,49.77
"2025-01-10 09:52:00",-3.9,-14.04,45.63
"2025-01-10 10:52:00",-2.8,-14.04,42.03
"2025-01-10 11:52:00",-1.1,-14.05,37.07
"2025-01-10 12:52:00",-1.1,-13.45,38.94
"2025-01-10 13:52:00",-1.1,-12.94,40.55
"2025-01-10 14:52:00",0,-12.95,37.42
"2025-01-10 15:52:00",-0.6,-12.34,41.04
"2025-01-10 16:52:00",-1.1,-11.84,44.32
"2025-01-10 17:52:00",-0.6,-11.84,42.73
"2025-01-10 18:52:00",-1.1,-9.01,55.35
"2025-01-10 19:52:00",-1.1,-10.12,50.76
"2025-01-10 20:52:00",-1.1,-10.12,50.76
"2025-01-10 21:52:00",-1.1,-10.12,50.76
"2025-01-10 22:52:00",-1.7,-7.29,66.03
"2025-01-10 23:52:00",-2.8,-4.43,88.71
"2025-01-11 00:52:00",-2.8,-4.43,88.71
"2025-01-11 01:52:00",-2.8,-4.43,88.71
"2025-01-11 02:52:00",-2.8,-4.43,88.71
"2025-01-11 03:52:00",-2.8,-4.43,88.71
"2025-01-11 04:52:00",-2.8,-4.43,88.71
"2025-01-11 05:52:00",-2.8,-4.43,88.71
"2025-01-11 06:52:00",-3.3,-5.03,87.99
"2025-01-11 07:52:00",-3.3,-5.64,84.07
"2025-01-11 08:52:00",-2.8,-6.76,74.45
"2025-01-11 09:52:00",-1.7,-6.78,68.63
"2025-01-11 10:52:00",0,-7.3,58.31
"2025-01-11 11:52:00",0,-7.3,58.31
"2025-01-11 12:52:00",1.7,-7.32,51.58
"2025-01-11 13:52:00",1.7,-7.92,49.24
"2025-01-11 14:52:00",1.7,-7.92,49.24
"2025-01-11 15:52:00",1.7,-8.43,47.36
"2025-01-11 16:52:00",0.6,-8.42,51.26
"2025-01-11 17:52:00",0,-8.41,53.54
"2025-01-11 18:52:00",-1.1,-8.4,58.01
"2025-01-11 19:52:00",0,-7.3,58.31
"2025-01-11 20:52:00",0,-7.3,58.31
"2025-01-11 21:52:00",-0.6,-7.3,60.91
"2025-01-11 22:52:00",-0.6,-7.3,60.91
"2025-01-11 23:52:00",-1.1,-7.9,60.31
"2025-01-12 00:52:00",-1.7,-8.4,60.63
"2025-01-12 01:52:00",-0.6,-7.9,58.15
"2025-01-12 02:52:00",-1.7,-7.89,63.03
"2025-01-12 03:52:00",-1.1,-7.29,63.18
"2025-01-12 04:52:00",-0.6,-7.3,60.91
"2025-01-12 05:52:00",0,-6.8,60.6
"2025-01-12 06:52:00",-1.7,-7.29,66.03
"2025-01-12 07:52:00",-2.2,-7.89,65.4
"2025-01-12 08:52:00",0,-7.3,58.31
"2025-01-12 09:52:00",0.6,-6.2,60.75
"2025-01-12 10:52:00",2.2,-6.21,54.16
"2025-01-12 11:52:00",2.8,-6.21,51.9
"2025-01-12 12:52:00",3.3,-6.82,47.84
"2025-01-12 13:52:00",5,-7.33,40.85
"2025-01-12 14:52:00",4.4,-7.93,40.67
"2025-01-12 15:52:00",3.9,-7.93,42.12
"2025-01-12 16:52:00",1.1,-7.92,51.4
"2025-01-12 17:52:00",0,-7.91,55.66
"2025-01-12 18:52:00",0,-8.41,53.54
"2025-01-12 19:52:00",0,-8.41,53.54
"2025-01-12 20:52:00",-2.8,-8.99,62.76
"2025-01-12 21:52:00",-1.1,-9.01,55.35
"2025-01-12 22:52:00",-1.1,-7.9,60.31
"2025-01-12 23:52:00",0,-7.91,55.66
"2025-01-13 00:52:00",-1.1,-7.9,60.31
"2025-01-13 01:52:00",-1.7,-8.4,60.63
"2025-01-13 02:52:00",-2.2,-8.39,62.91
"2025-01-13 03:52:00",-3.3,-8.99,65.14
"2025-01-13 04:52:00",-4.4,-8.97,70.75
"2025-01-13 05:52:00",-5.6,-9.46,74.5
"2025-01-13 06:52:00",-6.7,-9.45,81.05
"2025-01-13 07:52:00",-6.1,-8.95,80.5
"2025-01-13 08:52:00",-2.2,-7.28,68.52
"2025-01-13 09:52:00",-1.1,-6.78,65.67
"2025-01-13 10:52:00",1.1,-5.7,60.88
"2025-01-13 11:52:00",3.9,-4.51,54.64
"2025-01-13 12:52:00",6.7,-4.02,46.7
"2025-01-13 13:52:00",7.2,-4.02,45.12
"2025-01-13 14:52:00",7.8,-3.42,45.3
"2025-01-13 15:52:00",7.2,-4.52,43.46
"2025-01-13 16:52:00",5.6,-4.01,50.38
"2025-01-13 17:52:00",4.4,-5.12,50.41
"2025-01-13 18:52:00",4.4,-6.22,46.36
"2025-01-13 19:52:00",2.8,-6.82,49.56
"2025-01-13 20:52:00",-0.6,-7.3,60.91
"2025-01-13 21:52:00",-0.6,-7.9,58.15
"2025-01-13 22:52:00",2.2,-7.32,49.77
"2025-01-13 23:52:00",-1.1,-7.9,60.31
"2025-01-14 00:52:00",-1.1,-9.01,55.35
"2025-01-14 01:52:00",0,-10.13,46.84
"2025-01-14 02:52:00",-1.1,-11.23,46.5
"2025-01-14 03:52:00",-1.7,-12.94,42.38
"2025-01-14 04:52:00",-2.2,-12.94,43.98
"2025-01-14 05:52:00",-2.8,-14.04,42.03
"2025-01-14 06:52:00",-3.3,-14.54,41.87
"2025-01-14 07:52:00",-3.9,-16.25,38.04
"2025-01-14 08:52:00",-3.9,-15.74,39.66
"2025-01-14 09:52:00",-3.3,-15.75,37.91
"2025-01-14 10:52:00",-2.2,-15.75,34.94
"2025-01-14 11:52:00",-1.7,-15.15,35.39
"2025-01-14 12:52:00",-0.6,-14.55,34.3
"2025-01-14 13:52:00",0,-14.55,32.84
"2025-01-14 14:52:00",1.1,-14.05,31.6
"2025-01-14 15:52:00",0.6,-14.05,32.76
"2025-01-14 16:52:00",1.1,-13.45,33.18
"2025-01-14 17:52:00",0.6,-12.95,35.83
"2025-01-14 18:52:00",0,-12.34,39.29
"2025-01-14 19:52:00",0,-10.74,44.66
"2025-01-14 20:52:00",-1.1,-9.52,53.22
"2025-01-14 21:52:00",-2.8,-8.39,65.77
"2025-01-14 22:52:00",-2.8,-10.71,54.87
"2025-01-14 23:52:00",-3.9,-12.32,52.4
"2025-01-15 00:52:00",-4.4,-13.42,49.77
"2025-01-15 01:52:00",-5,-14.03,49.58
"2025-01-15 02:52:00",-5.6,-14.02,51.9
"2025-01-15 03:52:00",-6.1,-14.01,53.92
"2025-01-15 04:52:00",-6.7,-14.51,54.18
"2025-01-15 05:52:00",-6.7,-14.01,56.46
"2025-01-15 06:52:00",-6.7,-14.51,54.18
"2025-01-15 07:52:00",-6.7,-15.12,51.57
"2025-01-15 08:52:00",-5.6,-15.73,45.1
"2025-01-15 09:52:00",-5,-14.53,47.59
"2025-01-15 10:52:00",-3.9,-14.04,45.63
"2025-01-15 11:52:00",-3.3,-12.32,50.1
"2025-01-15 12:52:00",-2.2,-12.33,46.16
"2025-01-15 13:52:00",-1.7,-11.83,46.32
"2025-01-15 14:52:00",-1.7,-12.34,44.49
"2025-01-15 15:52:00",-1.1,-12.34,42.57
"2025-01-15 16:52:00",-2.2,-12.94,43.98
"2025-01-15 17:52:00",-2.8,-12.93,45.98
"2025-01-15 18:52:00",-3.3,-13.43,45.82
"2025-01-15 19:52:00",-4.4,-13.42,49.77
"2025-01-15 20:52:00",-5,-13.42,52.08
"2025-01-15 21:52:00",-5,-13.42,52.08
"2025-01-15 22:52:00",-5.6,-14.02,51.9
"2025-01-15 23:52:00",-6.1,-13.41,56.63
"2025-01-16 00:52:00",-7.8,-14,61.47
"2025-01-16 01:52:00",-9.4,-14.48,66.86
"2025-01-16 02:52:00",-11.7,-14.45,80.28
"2025-01-16 03:52:00",-10,-14.47,70.1
"2025-01-16 04:52:00",-12.8,-15.65,79.45
"2025-01-16 05:52:00",-9.4,-13.37,73.16
"2025-01-16 06:52:00",-8.3,-12.27,73.38
"2025-01-16 07:52:00",-7.8,-12.27,70.58
"2025-01-16 08:52:00",-6.1,-11.79,64.46
"2025-01-16 09:52:00",-4.4,-12.31,54.41
"2025-01-16 10:52:00",-3.3,-11.82,52.16
"2025-01-16 11:52:00",-2.8,-11.22,52.72
"2025-01-16 12:52:00",-2.2,-11.22,50.43
"2025-01-16 13:52:00",-1.1,-10.73,48.4
"2025-01-16 14:52:00",0,-10.13,46.84
"2025-01-16 15:52:00",0.6,-9.53,47.02
"2025-01-16 16:52:00",0.6,-8.42,51.26
"2025-01-16 17:52:00",0.6,-8.42,51.26
"2025-01-16 18:52:00",-0.6,-5.07,72.08
"2025-01-16 19:52:00",-0.6,-3.34,81.92
"2025-01-16 20:52:00",-1.1,-3.34,84.97
"2025-01-16 21:52:00",-0.6,-2.84,85.03
"2025-01-16 22:52:00",0,-2.84,81.4
"2025-01-16 23:52:00",1.1,-3.97,69.24
"2025-01-17 00:52:00",1.1,-4.48,66.68
"2025-01-17 01:52:00",1.1,-5.09,63.72
"2025-01-17 02:52:00",1.1,-5.09,63.72
"2025-01-17 03:52:00",0.6,-5.08,66.06
"2025-01-17 05:52:00",1.1,-4.48,66.68
"2025-01-17 06:52:00",1.7,-5.09,61.04
"2025-01-17 07:52:00",1.1,-5.09,63.72
"2025-01-17 08:52:00",2.8,-5.71,53.92
"2025-01-17 09:52:00",2.8,-5.1,56.43
"2025-01-17 10:52:00",2.8,-4.5,59.05
"2025-01-17 11:52:00",3.9,-5.11,52.21
"2025-01-17 12:52:00",5,-5.72,46.19
"2025-01-17 13:52:00",6.1,-5.73,42.79
"2025-01-17 14:52:00",5.6,-5.73,44.3
"2025-01-17 15:52:00",5.6,-5.73,44.3
"2025-01-17 16:52:00",4.4,-5.72,48.17
"2025-01-17 17:52:00",2.8,-6.21,51.9
"2025-01-17 18:52:00",2.2,-6.21,54.16
"2025-01-17 19:52:00",2.2,-6.21,54.16
"2025-01-17 20:52:00",1.7,-5.7,58.32
"2025-01-17 21:52:00",1.7,-5.09,61.04
"2025-01-17 22:52:00",1.7,-5.09,61.04
"2025-01-17 23:52:00",1.1,-5.09,63.72
"2025-01-18 00:52:00",0.6,-4.48,69.13
"2025-01-18 01:52:00",0.6,-4.48,69.13
"2025-01-18 02:52:00",0.6,-3.97,71.78
"2025-01-18 03:52:00",0.6,-3.97,71.78
"2025-01-18 04:52:00",1.1,-2.86,75.17
"2025-01-18 05:52:00",1.7,-2.26,75.28
"2025-01-18 06:52:00",1.7,-2.26,75.28
"2025-01-18 07:52:00",2.8,-2.27,69.6
"2025-01-18 08:52:00",2.2,-0.03,85.35
"2025-01-18 09:52:00",2.2,-0.03,85.35
"2025-01-18 10:52:00",2.8,-0.04,81.79
"2025-01-18 11:52:00",3.3,-0.66,75.57
"2025-01-18 12:52:00",3.9,-0.06,75.67
"2025-01-18 13:52:00",6.1,1.03,70.29
"2025-01-18 14:52:00",6.1,1.03,70.29
"2025-01-18 15:52:00",7.2,1.03,65.17
"2025-01-18 16:52:00",6.1,0.53,67.8
"2025-01-18 17:52:00",3.9,-0.06,75.67
"2025-01-18 18:52:00",2.2,-0.64,81.7
"2025-01-18 19:52:00",0.6,-1.13,88.36
"2025-01-18 20:52:00",0.6,-1.13,88.36
"2025-01-18 21:52:00",1.1,-1.13,85.23
"2025-01-18 22:52:00",3.3,0.56,82.45
"2025-01-18 23:52:00",3.3,-0.05,78.94
"2025-01-19 00:52:00",2.8,-0.04,81.79
"2025-01-19 01:52:00",1.1,-1.13,85.23
"2025-01-19 02:52:00",1.7,-0.03,88.46
"2025-01-19 03:52:00",2.2,-0.03,85.35
"2025-01-19 04:52:00",3.3,0.56,82.45
"2025-01-19 05:52:00",3.9,0.55,79.03
"2025-01-19 06:52:00",3.9,0.55,79.03
"2025-01-19 07:52:00",3.9,0.55,79.03
"2025-01-19 08:52:00",3.9,-0.06,75.67
"2025-01-19 09:52:00",3.9,1.06,81.94
"2025-01-19 10:52:00",3.3,0.56,82.45
"2025-01-19 11:52:00",3.3,0.56,82.45
"2025-01-19 12:52:00",1.7,-0.03,88.46
"2025-01-19 13:52:00",1.1,-0.02,92.35
"2025-01-19 14:52:00",0.6,-0.62,91.65
"2025-01-19 15:52:00",0.6,-0.62,91.65
"2025-01-19 16:52:00",0,-1.73,88.3
"2025-01-19 17:52:00",-0.6,-2.84,85.03
"2025-01-19 18:52:00",-1.1,-3.95,81.24
"2025-01-19 19:52:00",-2.2,-5.66,77.47
"2025-01-19 20:52:00",-2.2,-6.77,71.21
"2025-01-19 21:52:00",-3.3,-8.38,68.27
"2025-01-19 22:52:00",-3.9,-8.98,68.13
"2025-01-19 23:52:00",-4.4,-9.48,68.02
"2025-01-20 00:52:00",-5,-9.47,71.18
"2025-01-20 01:52:00",-5,-9.47,71.18
"2025-01-20 02:52:00",-5.6,-10.07,71.05
"2025-01-20 03:52:00",-4.4,-10.7,61.86
"2025-01-20 04:52:00",-5.6,-11.19,65.1
"2025-01-20 05:52:00",-6.7,-11.17,70.82
"2025-01-20 06:52:00",-6.7,-11.78,67.49
"2025-01-20 07:52:00",-6.7,-11.78,67.49
"2025-01-20 08:52:00",-5,-11.19,62.2
"2025-01-20 09:52:00",-5,-10.69,64.73
"2025-01-20 10:52:00",-5,-12.91,54.24
"2025-01-20 11:52:00",-5.6,-13.41,54.51
"2025-01-20 12:52:00",-6.1,-14.01,53.92
"2025-01-20 13:52:00",-5.6,-14.52,49.81
"2025-01-20 14:52:00",-5.6,-15.73,45.1
"2025-01-20 15:52:00",-6.1,-16.23,44.94
"2025-01-20 16:52:00",-7.2,-17.33,44.59
"2025-01-20 17:52:00",-8.3,-17.93,46.16
"2025-01-20 18:52:00",-8.9,-17.32,50.9
"2025-01-20 19:52:00",-9.4,-18.42,48.22
"2025-01-20 20:52:00",-10,-18.42,50.56
"2025-01-20 21:52:00",-10,-18.42,50.56
"2025-01-20 22:52:00",-10.6,-18.41,53.03
"2025-01-20 23:52:00",-10.6,-18.41,53.03
"2025-01-21 00:52:00",-10.6,-18.41,53.03
"2025-01-21 01:52:00",-10,-17.91,52.76
"2025-01-21 02:52:00",-10.6,-17.91,55.33
"2025-01-21 03:52:00",-10,-17.91,52.76
"2025-01-21 04:52:00",-11.1,-18.41,55.18
"2025-01-21 05:52:00",-10.6,-19.02,50.37
"2025-01-21 06:52:00",-11.1,-19.01,52.42
"2025-01-21 07:52:00",-10.6,-19.02,50.37
"2025-01-21 08:52:00",-10,-18.42,50.56
"2025-01-21 09:52:00",-8.3,-17.93,46.16
"2025-01-21 10:52:00",-8.3,-18.43,44.24
"2025-01-21 11:52:00",-7.8,-17.93,44.4
"2025-01-21 12:52:00",-7.2,-19.04,38.59
"2025-01-21 13:52:00",-7.2,-18.44,40.62
"2025-01-21 14:52:00",-7.2,-17.94,42.38
"2025-01-21 15:52:00",-7.2,-17.94,42.38
"2025-01-21 16:52:00",-7.2,-17.94,42.38
"2025-01-21 17:52:00",-7.2,-18.44,40.62
"2025-01-21 18:52:00",-7.2,-17.33,44.59
"2025-01-21 19:52:00",-7.8,-15.71,53.42
"2025-01-21 20:52:00",-7.2,-15.72,50.99
"2025-01-21 21:52:00",-7.8,-15.11,56.14
"2025-01-21 22:52:00",-8.3,-15.1,58.37
"2025-01-21 23:52:00",-7.8,-15.71,53.42
"2025-01-22 00:52:00",-8.9,-15.7,58.2
"2025-01-22 01:52:00",-8.9,-16.81,53.09
"2025-01-22 02:52:00",-10,-16.8,57.89
"2025-01-22 03:52:00",-9.4,-17.31,52.94
"2025-01-22 04:52:00",-10,-17.91,52.76
"2025-01-22 05:52:00",-11.1,-19.01,52.42
"2025-01-22 06:52:00",-11.7,-19.51,52.69
"2025-01-22 07:52:00",-12.2,-19,57.27
"2025-01-22 08:52:00",-12.2,-19,57.27
"2025-01-22 09:52:00",-11.1,-19.01,52.42
"2025-01-22 10:52:00",-10,-20.73,41.47
"2025-01-22 11:52:00",-9.4,-20.74,39.55
"2025-01-22 12:52:00",-8.3,-21.84,32.95
"2025-01-22 13:52:00",-7.2,-21.25,31.89
"2025-01-22 14:52:00",-7.2,-21.85,30.26
"2025-01-22 15:52:00",-7.8,-22.34,30.33
"2025-01-22 16:52:00",-7.2,-22.35,28.95
"2025-01-22 17:52:00",-8.3,-21.24,34.73
"2025-01-22 18:52:00",-10,-20.13,43.69
"2025-01-22 19:52:00",-11.1,-19.01,52.42
"2025-01-22 20:52:00",-12.2,-19,57.27
"2025-01-22 21:52:00",-12.8,-17.88,66.03
"2025-01-22 22:52:00",-12.2,-18.39,60.28
"2025-01-22 23:52:00",-12.2,-16.77,69.03
"2025-01-23 00:52:00",-12.8,-17.27,69.47
"2025-01-23 01:52:00",-12.8,-17.27,69.47
"2025-01-23 02:52:00",-13.3,-17.26,72.36
"2025-01-23 03:52:00",-13.9,-17.26,75.99
"2025-01-23 04:52:00",-14.4,-17.86,75.26
"2025-01-23 05:52:00",-15,-17.85,79.08
"2025-01-23 06:52:00",-15,-17.85,79.08
"2025-01-23 07:52:00",-15.6,-18.35,79.66
"2025-01-23 08:52:00",-11.1,-15.67,69.28
"2025-01-23 09:52:00",-9.4,-14.48,66.86
"2025-01-23 10:52:00",-7.2,-14.51,56.31
"2025-01-23 11:52:00",-5.6,-12.91,56.77
"2025-01-23 12:52:00",-4.4,-13.42,49.77
"2025-01-23 13:52:00",-3.3,-12.93,47.72
"2025-01-23 14:52:00",-2.8,-12.93,45.98
"2025-01-23 15:52:00",-2.2,-12.94,43.98
"2025-01-23 16:52:00",-2.2,-12.94,43.98
"2025-01-23 17:52:00",-3.3,-12.93,47.72
"2025-01-23 18:52:00",-5,-12.91,54.24
"2025-01-23 19:52:00",-6.7,-12.9,61.76
"2025-01-23 20:52:00",-7.8,-12.88,67.24
"2025-01-23 21:52:00",-8.3,-13.38,67.12
"2025-01-23 22:52:00",-8.9,-13.37,70.34
"2025-01-23 23:52:00",-9.4,-13.37,73.16
"2025-01-24 00:52:00",-10.6,-13.35,80.45
"2025-01-24 01:52:00",-8.9,-12.87,73.26
"2025-01-24 02:52:00",-10,-13.36,76.71
"2025-01-24 03:52:00",-8.3,-11.15,80.16
"2025-01-24 04:52:00",-7.8,-11.16,77.1
"2025-01-24 05:52:00",-6.7,-10.67,73.7
"2025-01-24 06:52:00",-6.1,-10.68,70.38
"2025-01-24 07:52:00",-5.6,-9.46,74.5
"2025-01-24 08:52:00",-3.9,-8.98,68.13
"2025-01-24 10:52:00",1.7,-9.03,45.19
"2025-01-24 11:52:00",1.7,-9.54,43.44
"2025-01-24 12:52:00",2.2,-9.54,41.92
"2025-01-24 13:52:00",2.2,-9.03,43.6
"2025-01-24 14:52:00",1.7,-9.54,43.44
"2025-01-24 15:52:00",1.7,-10.14,41.43
"2025-01-24 16:52:00",1.1,-9.53,45.36
"2025-01-24 17:52:00",-1.1,-8.4,58.01
"2025-01-24 18:52:00",-1.7,-9.01,57.85
"2025-01-24 19:52:00",-3.9,-9.49,65.51
"2025-01-24 20:52:00",-2.8,-8.39,65.77
"2025-01-24 21:52:00",-3.9,-9.49,65.51
"2025-01-24 22:52:00",-5,-10.08,67.88
"2025-01-24 23:52:00",-6.1,-10.68,70.38
"2025-01-25 00:52:00",-7.2,-11.17,73.6
"2025-01-25 02:52:00",-8.9,-11.75,80.07
"2025-01-25 03:52:00",-10,-12.24,83.87
"2025-01-25 04:52:00",-10.6,-12.84,83.79
"2025-01-25 05:52:00",-10.6,-13.35,80.45
"2025-01-25 06:52:00",-11.1,-13.34,83.73
"2025-01-25 07:52:00",-10.6,-12.23,87.96
"2025-01-25 08:52:00",-5.6,-8.96,77.48
"2025-01-25 09:52:00",-2.8,-8.39,65.77
"2025-01-25 10:52:00",-1.1,-9.01,55.35
"2025-01-25 11:52:00",0.6,-8.42,51.26
"2025-01-25 12:52:00",1.7,-9.54,43.44
"2025-01-25 13:52:00",2.2,-9.54,41.92
"2025-01-25 14:52:00",3.3,-9.04,40.32
"2025-01-25 15:52:00",3.3,-9.54,38.77
"2025-01-25 16:52:00",3.9,-9.54,37.16
"2025-01-25 17:52:00",2.8,-10.75,36.53
"2025-01-25 18:52:00",1.1,-10.74,41.25
"2025-01-25 19:52:00",2.2,-10.14,39.98
"2025-01-25 20:52:00",0.6,-10.13,44.85
"2025-01-25 21:52:00",1.1,-10.14,43.26
"2025-01-25 22:52:00",0,-10.74,44.66
"2025-01-25 23:52:00",0.6,-10.74,42.76
"2025-01-26 00:52:00",0.6,-10.74,42.76
"2025-01-26 01:52:00",0.6,-10.13,44.85
"2025-01-26 02:52:00",0.6,-9.53,47.02
"2025-01-26 03:52:00",1.1,-9.53,45.36
"2025-01-26 04:52:00",1.1,-9.53,45.36
"2025-01-26 05:52:00",0.6,-9.53,47.02
"2025-01-26 06:52:00",0.6,-9.02,48.91
"2025-01-26 07:52:00",1.1,-9.03,47.18
"2025-01-26 08:52:00",1.7,-8.43,47.36
"2025-01-26 09:52:00",2.2,-7.93,47.51
"2025-01-26 10:52:00",4.4,-7.33,42.6
"2025-01-26 11:52:00",6.7,-6.23,39.52
"2025-01-26 12:52:00",7.2,-5.73,39.68
"2025-01-26 13:52:00",8.9,-6.23,34.02
"2025-01-26 14:52:00",7.8,-6.23,36.66
"2025-01-26 15:52:00",8.9,-6.83,32.49
"2025-01-26 16:52:00",7.2,-7.94,33.5
"2025-01-26 17:52:00",4.4,-8.44,39.11
"2025-01-26 18:52:00",0.6,-8.42,51.26
"2025-01-26 19:52:00",-1.1,-9.01,55.35
"2025-01-26 20:52:00",-1.7,-9.01,57.85
"2025-01-26 21:52:00",-2.2,-9,60.02
"2025-01-26 22:52:00",-3.3,-8.99,65.14
"2025-01-26 23:52:00",-2.8,-8.39,65.77
"2025-01-27 00:52:00",-4.4,-8.97,70.75
"2025-01-27 01:52:00",-4.4,-8.97,70.75
"2025-01-27 02:52:00",-5.6,-9.46,74.5
"2025-01-27 03:52:00",-6.1,-9.46,77.4
"2025-01-27 04:52:00",-6.1,-9.46,77.4
"2025-01-27 05:52:00",-6.7,-9.45,81.05
"2025-01-27 06:52:00",-5,-9.47,71.18
"2025-01-27 07:52:00",-5.6,-8.96,77.48
"2025-01-27 08:52:00",1.7,-5.7,58.32
"2025-01-27 09:52:00",3.9,-10.15,35.44
"2025-01-27 10:52:00",6.1,-9.04,33.16
"2025-01-27 11:52:00",6.7,-8.44,33.35
"2025-01-27 12:52:00",7.8,-6.83,35.01
"2025-01-27 13:52:00",8.3,-6.23,35.43
"2025-01-27 14:52:00",8.9,-6.23,34.02
"2025-01-27 15:52:00",9.4,-5.73,34.18
"2025-01-27 16:52:00",8.3,-7.33,32.56
"2025-01-27 18:52:00",3.9,-7.93,42.12
"2025-01-27 19:52:00",1.7,-7.32,51.58
"2025-01-27 20:52:00",1.1,-7.31,53.85
"2025-01-27 21:52:00",2.8,-7.93,45.52
"2025-01-27 22:52:00",1.1,-7.92,51.4
"2025-01-27 23:52:00",1.7,-8.43,47.36
"2025-01-28 00:52:00",0,-8.41,53.54
"2025-01-28 01:52:00",0.6,-7.92,53.29
"2025-01-28 02:52:00",-0.6,-8.41,55.93
"2025-01-28 03:52:00",2.8,-11.25,35.1
"2025-01-28 04:52:00",2.8,-12.35,32.13
"2025-01-28 05:52:00",2.2,-12.35,33.53
"2025-01-28 06:52:00",0,-11.84,40.9
"2025-01-28 07:52:00",1.1,-11.85,37.77
"2025-01-28 08:52:00",5.6,-10.14,31.48
"2025-01-28 09:52:00",6.7,-7.94,34.67
"2025-01-28 10:52:00",8.3,-4.52,40.32
"2025-01-28 11:52:00",8.3,-4.52,40.32
"2025-01-28 12:52:00",9.4,-4.52,37.43
"2025-01-28 13:52:00",10,-4.52,35.96
"2025-01-28 14:52:00",10.6,-4.52,34.54
"2025-01-28 15:52:00",10,-5.13,34.36
"2025-01-28 16:52:00",8.9,-5.13,37
"2025-01-28 17:52:00",5,-5.72,46.19
"2025-01-28 18:52:00",2.8,-5.71,53.92
"2025-01-28 19:52:00",1.1,-6.2,58.6
"2025-01-28 20:52:00",2.2,-5.7,56.27
"2025-01-28 21:52:00",3.3,-5.11,54.47
"2025-01-28 22:52:00",4.4,-5.12,50.41
"2025-01-28 23:52:00",6.7,-5.12,42.98
"2025-01-29 00:52:00",6.7,-5.12,42.98
"2025-01-29 01:52:00",6.1,-5.12,44.79
"2025-01-29 02:52:00",5.6,-5.12,46.37
"2025-01-29 03:52:00",4.4,-5.12,50.41
"2025-01-29 04:52:00",3.9,-5.11,52.21
"2025-01-29 05:52:00",2.8,-5.1,56.43
"2025-01-29 06:52:00",2.2,-5.1,58.89
"2025-01-29 07:52:00",2.2,-4.49,61.63
"2025-01-29 08:52:00",6.1,-4.01,48.67
"2025-01-29 09:52:00",9.4,-3.42,40.65
"2025-01-29 10:52:00",11.7,-2.92,36.2
"2025-01-29 11:52:00",13.9,-3.41,30.2
"2025-01-29 12:52:00",14.4,-6.8,22.6
"2025-01-29 13:52:00",13.9,-4,28.88
"2025-01-29 14:52:00",12.8,-4.01,31.02
"2025-01-29 15:52:00",11.7,-5.12,30.69
"2025-01-29 16:52:00",10.6,-5.73,31.54
"2025-01-29 17:52:00",8.3,-5.73,36.81
"2025-01-29 18:52:00",7.8,-6.83,35.01
"2025-01-29 19:52:00",7.8,-6.83,35.01
"2025-01-29 20:52:00",6.7,-6.23,39.52
"2025-01-29 21:52:00",6.7,-6.23,39.52
"2025-01-29 22:52:00",6.1,-5.73,42.79
"2025-01-29 23:52:00",6.1,-6.23,41.19
"2025-01-30 00:52:00",5.6,-5.73,44.3
"2025-01-30 01:52:00",5,-5.12,48.34
"2025-01-30 02:52:00",4.4,-5.12,50.41
"2025-01-30 03:52:00",4.4,-5.12,50.41
"2025-01-30 04:52:00",3.9,-5.72,49.89
"2025-01-30 05:52:00",0.6,-6.2,60.75
"2025-01-30 06:52:00",-1.7,-6.78,68.63
"2025-01-30 07:52:00",2.2,-6.21,54.16
"2025-01-30 08:52:00",5.6,-4.52,48.52
"2025-01-30 09:52:00",6.7,-5.73,41.06
"2025-01-30 10:52:00",8.3,-5.73,36.81
"2025-01-30 11:52:00",8.9,-6.23,34.02
"2025-01-30 12:52:00",10.6,-6.23,30.36
"2025-01-30 13:52:00",10.6,-6.23,30.36
"2025-01-30 14:52:00",11.1,-6.22,29.37
"2025-01-30 15:52:00",11.7,-6.82,26.95
"2025-01-30 16:52:00",10.6,-6.83,28.99
"2025-01-30 17:52:00",8.9,-7.34,31.26
"2025-01-30 18:52:00",7.8,-5.73,38.09
"2025-01-30 19:52:00",7.8,-4.52,41.71
"2025-01-30 20:52:00",7.2,-4.02,45.12
"2025-01-30 21:52:00",7.2,-3.41,47.2
"2025-01-30 22:52:00",6.7,-3.41,48.84
"2025-01-30 23:52:00",5.6,-0.07,67.2
"2025-01-31 00:52:00",6.1,2.15,76.05
"2025-01-31 01:52:00",5.6,2.76,82.17
"2025-01-31 02:52:00",5.6,3.27,85.13
"2025-01-31 03:52:00",5,2.77,85.67
"2025-01-31 04:52:00",6.1,2.15,76.05
"2025-01-31 05:52:00",5.6,2.76,82.17
"2025-01-31 06:52:00",6.7,3.25,78.9
"2025-01-31 07:52:00",6.7,4.37,85.25
"2025-01-31 08:52:00",6.7,4.98,88.9
"2025-01-31 09:52:00",7.2,6.09,92.72
"2025-01-31 10:52:00",7.8,6.69,92.75
"2025-01-31 11:52:00",8.9,7.18,89.09
"2025-01-31 12:52:00",9.4,7.78,89.74
"2025-01-31 13:52:00",9.4,8.29,92.84
"2025-01-31 14:52:00",9.4,8.29,92.84
"2025-01-31 15:52:00",10,7.77,86.2
"2025-01-31 16:52:00",9.4,8.29,92.84
"2025-01-31 17:52:00",10,8.28,89.18
"2025-01-31 18:52:00",10,8.89,92.87
"2025-01-31 19:52:00",10,8.89,92.87
"2025-01-31 20:52:00",10.6,9.39,92.29
"2025-01-31 21:52:00",10,9.39,96.06
"2025-01-31 22:52:00",10,9.39,96.06
"2025-01-31 23:52:00",10,8.89,92.87
"2025-02-01 00:52:00",9.4,8.29,92.84
"2025-02-01 01:52:00",9.4,8.89,96.69
"2025-02-01 02:52:00",7.8,6.08,88.99
"2025-02-01 03:52:00",8.9,4.35,73.39
"2025-02-01 04:52:00",10,4.34,68.16
"2025-02-01 05:52:00",10,4.34,68.16
"2025-02-01 06:52:00",8.3,2.74,68.28
"2025-02-01 07:52:00",7.2,1.63,68.04
"2025-02-01 08:52:00",6.1,-0.68,62.14
"2025-02-01 09:52:00",5.6,-2.9,54.7
"2025-02-01 10:52:00",6.1,-3.41,50.9
"2025-02-01 11:52:00",6.7,-3.41,48.84
"2025-02-01 12:52:00",6.7,-5.73,41.06
"2025-02-01 13:52:00",7.2,-6.23,38.19
"2025-02-01 14:52:00",7.2,-8.44,32.22
"2025-02-01 15:52:00",7.2,-10.74,26.88
"2025-02-01 16:52:00",5.6,-11.85,27.49
"2025-02-01 17:52:00",4.4,-12.35,28.7
"2025-02-01 18:52:00",3.3,-12.35,31.01
"2025-02-01 19:52:00",2.8,-14.06,27.98
"2025-02-01 20:52:00",2.2,-14.06,29.2
"2025-02-01 21:52:00",1.1,-13.45,33.18
"2025-02-01 22:52:00",-1.1,-11.84,44.32
"2025-02-01 23:52:00",-1.7,-11.23,48.6
"2025-02-02 00:52:00",-2.2,-12.33,46.16
"2025-02-02 01:52:00",-2.8,-12.33,48.27
"2025-02-02 02:52:00",-3.9,-11.21,57.24
"2025-02-02 03:52:00",-4.4,-11.81,56.65
"2025-02-02 04:52:00",-4.4,-11.81,56.65
"2025-02-02 05:52:00",-5,-12.91,54.24
"2025-02-02 06:52:00",-3.9,-11.82,54.55
"2025-02-02 07:52:00",-3.9,-12.32,52.4
"2025-02-02 08:52:00",-2.2,-11.83,48.06
"2025-02-02 09:52:00",-0.6,-11.24,44.83
"2025-02-02 10:52:00",-0.6,-10.13,48.93
"2025-02-02 11:52:00",0.6,-9.02,48.91
"2025-02-02 12:52:00",1.1,-8.42,49.44
"2025-02-02 13:52:00",1.7,-6.81,53.61
"2025-02-02 14:52:00",1.7,-6.21,56.13
"2025-02-02 15:52:00",2.2,-5.7,56.27
"2025-02-02 16:52:00",2.2,-5.1,58.89
"2025-02-02 17:52:00",2.2,-4.49,61.63
"2025-02-02 18:52:00",2.2,-4.49,61.63
"2025-02-02 19:52:00",2.2,-3.99,63.99
"2025-02-02 20:52:00",2.2,-3.99,63.99
"2025-02-02 21:52:00",2.2,-3.99,63.99
"2025-02-02 22:52:00",1.7,-3.37,69.37
"2025-02-02 23:52:00",2.2,-3.38,66.93
"2025-02-03 00:52:00",1.7,-3.37,69.37
"2025-02-03 01:52:00",0,-3.96,74.97
"2025-02-03 02:52:00",1.7,-3.37,69.37
"2025-02-03 03:52:00",0,-3.96,74.97
"2025-02-03 04:52:00",-2.2,-4.44,84.84
"2025-02-03 05:52:00",-1.1,-3.95,81.24
"2025-02-03 06:52:00",-1.7,-3.94,84.9
"2025-02-03 07:52:00",0,-2.84,81.4
"2025-02-03 08:52:00",1.1,-1.74,81.55
"2025-02-03 09:52:00",3.3,-1.77,69.71
"2025-02-03 10:52:00",3.9,-1.17,69.83
"2025-02-03 11:52:00",5,-1.18,64.66
"2025-02-03 12:52:00",7.2,-0.69,57.61
"2025-02-03 13:52:00",7.8,-0.09,57.77
"2025-02-03 14:52:00",10,1.62,56.3
"2025-02-03 15:52:00",11.7,3.22,56.34
"2025-02-03 16:52:00",11.1,3.22,58.63
"2025-02-03 17:52:00",10.6,3.83,63.23
"2025-02-03 18:52:00",8.9,3.84,70.86
"2025-02-03 19:52:00",7.2,3.25,76.24
"2025-02-03 20:52:00",5.6,2.76,82.17
"2025-02-03 21:52:00",4.4,2.78,89.33
"2025-02-03 22:52:00",5.6,2.76,82.17
"2025-02-03 23:52:00",8.9,3.84,70.86
"2025-02-04 00:52:00",10,4.34,68.16
"2025-02-04 01:52:00",11.7,4.93,63.48
"2025-02-04 02:52:00",11.1,4.94,66.05
"2025-02-04 03:52:00",10.6,4.33,65.48
"2025-02-04 04:52:00",10,4.34,68.16
"2025-02-04 05:52:00",8.9,4.35,73.39
"2025-02-04 06:52:00",5,2.77,85.67
"2025-02-04 07:52:00",8.3,5.57,83.1
"2025-02-04 08:52:00",13.3,6.04,61.69
"2025-02-04 09:52:00",15.6,7.14,57.36
"2025-02-04 10:52:00",15,5.53,53.39
"2025-02-04 11:52:00",13.9,3.82,50.9
"2025-02-04 12:52:00",12.8,1.61,46.78
"2025-02-04 13:52:00",11.7,-0.7,42.58
"2025-02-04 14:52:00",11.1,-2.91,37.67
"2025-02-04 15:52:00",10,-3.42,39.05
"2025-02-04 16:52:00",8.9,-5.13,37
"2025-02-04 17:52:00",7.2,-6.84,36.47
"2025-02-04 18:52:00",5,-6.23,44.46
"2025-02-04 19:52:00",3.9,-6.83,45.86
"2025-02-04 20:52:00",3.9,-8.44,40.51
"2025-02-04 21:52:00",2.8,-9.04,41.78
"2025-02-04 22:52:00",1.7,-8.43,47.36
"2025-02-04 23:52:00",2.2,-8.43,45.69
"2025-02-05 00:52:00",3.3,-8.44,42.26
"2025-02-05 01:52:00",2.2,-7.93,47.51
"2025-02-05 02:52:00",2.2,-7.93,47.51
"2025-02-05 03:52:00",1.7,-7.92,49.24
"2025-02-05 04:52:00",1.1,-7.31,53.85
"2025-02-05 05:52:00",1.1,-7.92,51.4
"2025-02-05 06:52:00",1.1,-7.92,51.4
"2025-02-05 07:52:00",1.7,-7.92,49.24
"2025-02-05 08:52:00",1.7,-7.92,49.24
"2025-02-05 09:52:00",2.2,-7.32,49.77
"2025-02-05 10:52:00",2.2,-8.43,45.69
"2025-02-05 11:52:00",2.8,-8.43,43.78
"2025-02-05 12:52:00",3.9,-7.93,42.12
"2025-02-05 13:52:00",3.3,-8.44,42.26
"2025-02-05 14:52:00",3.3,-9.54,38.77
"2025-02-05 15:52:00",3.3,-9.54,38.77
"2025-02-05 16:52:00",3.3,-9.54,38.77
"2025-02-05 17:52:00",3.3,-7.93,43.94
"2025-02-05 18:52:00",2.8,-7.93,45.52
"2025-02-05 19:52:00",2.2,-6.21,54.16
"2025-02-05 20:52:00",1.1,-3.97,69.24
"2025-02-05 21:52:00",0,-2.84,81.4
"2025-02-05 22:52:00",0,-2.84,81.4
"2025-02-05 23:52:00",0,-2.24,85.1
"2025-02-06 00:52:00",0,-2.24,85.1
"2025-02-06 01:52:00",0,-1.73,88.3
"2025-02-06 02:52:00",0.6,-1.13,88.36
"2025-02-06 03:52:00",0.6,-1.13,88.36
"2025-02-06 04:52:00",0.6,-0.62,91.65
"2025-02-06 05:52:00",0.6,-1.13,88.36
"2025-02-06 06:52:00",0.6,-0.62,91.65
"2025-02-06 07:52:00",0.6,-0.62,91.65
"2025-02-06 08:52:00",0.6,-0.62,91.65
"2025-02-06 09:52:00",0.6,-0.62,91.65
"2025-02-06 10:52:00",1.7,-0.03,88.46
"2025-02-06 11:52:00",2.2,0.58,89.15
"2025-02-06 12:52:00",3.3,1.68,89.24
"2025-02-06 13:52:00",4.4,2.78,89.33
"2025-02-06 14:52:00",6.1,3.87,85.79
"2025-02-06 15:52:00",7.2,4.97,85.9
"2025-02-06 16:52:00",7.8,5.57,85.97
"2025-02-06 17:52:00",6.1,4.38,88.85
"2025-02-06 18:52:00",4.4,3.89,96.55
"2025-02-06 19:52:00",2.8,2.19,95.82
"2025-02-06 20:52:00",1.7,1.09,95.78
"2025-02-06 21:52:00",1.7,0.58,92.39
"2025-02-06 22:52:00",1.7,0.58,92.39
"2025-02-06 23:52:00",1.7,0.58,92.39
"2025-02-07 00:52:00",3.3,2.18,92.49
"2025-02-07 01:52:00",3.9,2.78,92.52
"2025-02-07 02:52:00",6.1,3.87,85.79
"2025-02-07 03:52:00",6.7,2.14,72.97
"2025-02-07 04:52:00",7.8,2.13,67.68
"2025-02-07 05:52:00",6.7,-4.02,46.7
"2025-02-07 06:52:00",5.6,-5.73,44.3
"2025-02-07 07:52:00",5.6,-5.73,44.3
"2025-02-07 08:52:00",6.7,-6.23,39.52
"2025-02-07 09:52:00",7.2,-6.23,38.19
"2025-02-07 10:52:00",6.7,-5.12,42.98
"2025-02-07 11:52:00",8.3,-5.73,36.81
"2025-02-07 12:52:00",8.9,-5.73,35.35
"2025-02-07 13:52:00",10,-6.83,30.18
"2025-02-07 14:52:00",10.6,-7.33,27.9
"2025-02-07 15:52:00",10,-7.33,29.04
"2025-02-07 16:52:00",9.4,-7.33,30.23
"2025-02-07 17:52:00",7.8,-6.83,35.01
"2025-02-07 18:52:00",6.7,-7.94,34.67
"2025-02-07 19:52:00",6.1,-8.44,34.75
"2025-02-07 20:52:00",5,-7.94,39
"2025-02-07 21:52:00",3.9,-8.44,40.51
"2025-02-07 22:52:00",3.3,-8.44,42.26
"2025-02-07 23:52:00",-0.6,-6.79,63.31
"2025-02-08 00:52:00",-0.6,-6.79,63.31
"2025-02-08 01:52:00",-1.7,-6.17,71.86
"2025-02-08 02:52:00",-1.1,-6.18,68.76
"2025-02-08 03:52:00",-1.1,-4.45,78.24
"2025-02-08 04:52:00",0.6,-4.48,69.13
"2025-02-08 05:52:00",1.1,-5.7,60.88
"2025-02-08 06:52:00",1.7,-5.7,58.32
"2025-02-08 07:52:00",1.7,-6.21,56.13
"2025-02-08 08:52:00",1.7,-5.09,61.04
"2025-02-08 09:52:00",1.1,-3.97,69.24
"2025-02-08 10:52:00",0.6,-2.85,77.93
"2025-02-08 12:52:00",1.1,-3.37,72.42
"2025-02-08 13:52:00",1.1,-3.97,69.24
"2025-02-08 15:52:00",0.6,-3.97,71.78
"2025-02-08 16:52:00",-0.6,-3.34,81.92
"2025-02-08 17:52:00",-0.6,-2.84,85.03
"2025-02-08 18:52:00",-0.6,-2.23,88.9
"2025-02-08 19:52:00",-0.6,-1.72,92.25
"2025-02-08 20:52:00",0,-1.12,92.28
"2025-02-08 21:52:00",0.6,-1.13,88.36
"2025-02-08 22:52:00",0.6,-0.62,91.65
"2025-02-08 23:52:00",1.1,-0.63,88.4
"2025-02-09 00:52:00",1.1,-0.02,92.35
"2025-02-09 01:52:00",1.1,-0.02,92.35
"2025-02-09 02:52:00",1.7,0.58,92.39
"2025-02-09 03:52:00",1.7,0.58,92.39
"2025-02-09 04:52:00",1.1,-0.02,92.35
"2025-02-09 05:52:00",0,-0.61,95.72
"2025-02-09 06:52:00",-0.6,-1.11,96.41
"2025-02-09 07:52:00",5,-0.07,70.06
"2025-02-09 08:52:00",5.6,-0.68,64.33
"2025-02-09 09:52:00",5,-1.79,61.87
"2025-02-09 10:52:00",5,-2.29,59.62
"2025-02-09 11:52:00",6.7,-2.3,53.01
"2025-02-09 12:52:00",6.7,-3.41,48.84
"2025-02-09 13:52:00",6.1,-3.41,50.9
"2025-02-09 14:52:00",6.7,-4.02,46.7
"2025-02-09 15:52:00",6.1,-4.01,48.67
"2025-02-09 16:52:00",5,-4.51,50.59
"2025-02-09 17:52:00",4.4,-4.51,52.75
"2025-02-09 18:52:00",3.9,-5.11,52.21
"2025-02-09 19:52:00",3.3,-5.11,54.47
"2025-02-09 20:52:00",2.8,-5.71,53.92
"2025-02-09 21:52:00",2.8,-5.71,53.92
"2025-02-09 22:52:00",2.2,-5.1,58.89
"2025-02-09 23:52:00",2.2,-5.1,58.89
"2025-02-10 00:52:00",1.7,-5.09,61.04
"2025-02-10 01:52:00",1.7,-5.09,61.04
"2025-02-10 02:52:00",1.7,-5.09,61.04
"2025-02-10 03:52:00",1.7,-5.7,58.32
"2025-02-10 04:52:00",1.7,-5.7,58.32
"2025-02-10 05:52:00",1.7,-6.21,56.13
"2025-02-10 06:52:00",1.1,-6.2,58.6
"2025-02-10 07:52:00",1.7,-6.21,56.13
"2025-02-10 08:52:00",1.7,-6.81,53.61
"2025-02-10 09:52:00",2.2,-7.32,49.77
"2025-02-10 10:52:00",3.9,-6.83,45.86
"2025-02-10 11:52:00",4.4,-6.83,44.28
"2025-02-10 12:52:00",5.6,-6.83,40.72
"2025-02-10 13:52:00",6.7,-6.83,37.75
"2025-02-10 14:52:00",6.7,-7.94,34.67
"2025-02-10 15:52:00",7.2,-7.94,33.5
"2025-02-10 16:52:00",6.7,-8.44,33.35
"2025-02-10 17:52:00",5,-8.44,37.51
"2025-02-10 18:52:00",3.3,-8.44,42.26
"2025-02-10 19:52:00",2.2,-8.43,45.69
"2025-02-10 20:52:00",2.2,-9.03,43.6
"2025-02-10 21:52:00",2.2,-9.03,43.6
"2025-02-10 22:52:00",1.7,-8.43,47.36
"2025-02-10 23:52:00",0,-7.91,55.66
"2025-02-11 00:52:00",-1.7,-7.89,63.03
"2025-02-11 01:52:00",-2.2,-6.77,71.21
"2025-02-11 02:52:00",-2.2,-7.28,68.52
"2025-02-11 03:52:00",-1.7,-7.29,66.03
"2025-02-11 04:52:00",-1.1,-7.29,63.18
"2025-02-11 05:52:00",-0.6,-8.41,55.93
"2025-02-11 06:52:00",-0.6,-8.41,55.93
"2025-02-11 07:52:00",0,-9.53,49.11
"2025-02-11 08:52:00",0.6,-9.53,47.02
"2025-02-11 09:52:00",1.1,-9.53,45.36
"2025-02-11 10:52:00",1.7,-9.03,45.19
"2025-02-11 11:52:00",2.2,-9.03,43.6
"2025-02-11 12:52:00",1.7,-7.92,49.24
"2025-02-11 13:52:00",0.6,-5.08,66.06
"2025-02-11 14:52:00",-0.6,-2.84,85.03
"2025-02-11 15:52:00",-0.6,-2.84,85.03
"2025-02-11 16:52:00",-1.1,-2.22,92.22
"2025-02-11 17:52:00",-1.1,-2.22,92.22
"2025-02-11 18:52:00",-1.1,-2.83,88.2
"2025-02-11 19:52:00",-1.1,-2.83,88.2
"2025-02-11 20:52:00",-1.1,-2.83,88.2
"2025-02-11 21:52:00",-1.1,-2.83,88.2
"2025-02-11 22:52:00",-1.1,-2.83,88.2
"2025-02-11 23:52:00",-1.1,-3.34,84.97
"2025-02-12 00:52:00",-1.1,-3.34,84.97
"2025-02-12 01:52:00",-1.1,-3.34,84.97
"2025-02-12 02:52:00",-1.1,-3.34,84.97
"2025-02-12 03:52:00",-1.1,-3.34,84.97
"2025-02-12 04:52:00",-1.1,-3.34,84.97
"2025-02-12 05:52:00",-1.1,-3.34,84.97
"2025-02-12 06:52:00",-1.1,-3.34,84.97
"2025-02-12 07:52:00",-0.6,-3.34,81.92
"2025-02-12 08:52:00",-0.6,-2.84,85.03
"2025-02-12 09:52:00",0,-2.84,81.4
"2025-02-12 10:52:00",0,-2.24,85.1
"2025-02-12 11:52:00",0.6,-1.74,84.55
"2025-02-12 12:52:00",0.6,-1.13,88.36
"2025-02-12 13:52:00",1.1,-0.63,88.4
"2025-02-12 14:52:00",1.1,-0.63,88.4
"2025-02-12 15:52:00",1.1,-0.02,92.35
"2025-02-12 16:52:00",1.1,-0.02,92.35
"2025-02-12 17:52:00",1.1,-0.02,92.35
"2025-02-12 18:52:00",1.1,-0.02,92.35
"2025-02-12 19:52:00",1.1,0.59,96.46
"2025-02-12 20:52:00",1.1,-0.02,92.35
"2025-02-12 21:52:00",1.1,-0.02,92.35
"2025-02-12 22:52:00",1.1,-0.02,92.35
"2025-02-12 23:52:00",1.1,-0.02,92.35
"2025-02-13 00:52:00",1.1,-0.02,92.35
"2025-02-13 01:52:00",0.6,-0.01,95.75
"2025-02-13 02:52:00",1.1,-0.02,92.35
"2025-02-13 03:52:00",0.6,0.6,100
"2025-02-13 04:52:00",0.6,-0.01,95.75
"2025-02-13 05:52:00",1.1,0.59,96.46
"2025-02-13 06:52:00",1.1,-0.02,92.35
"2025-02-13 07:52:00",1.1,0.59,96.46
"2025-02-13 08:52:00",1.7,0.58,92.39
"2025-02-13 09:52:00",2.2,1.08,92.42
"2025-02-13 10:52:00",2.8,1.68,92.46
"2025-02-13 11:52:00",4.4,2.17,85.6
"2025-02-13 12:52:00",5.6,3.27,85.13
"2025-02-13 13:52:00",8.9,4.35,73.39
"2025-02-13 14:52:00",11.7,5.54,66.19
"2025-02-13 15:52:00",11.1,1.01,50.11
"2025-02-13 16:52:00",7.8,-1.81,51.01
"2025-02-13 17:52:00",6.1,-3.41,50.9
"2025-02-13 18:52:00",5,-4.01,52.53
"2025-02-13 19:52:00",3.9,-5.72,49.89
"2025-02-13 20:52:00",2.8,-5.1,56.43
"2025-02-13 21:52:00",2.2,-6.82,51.72
"2025-02-13 22:52:00",2.2,-6.82,51.72
"2025-02-13 23:52:00",1.7,-6.81,53.61
"2025-02-14 00:52:00",1.1,-6.81,55.97
"2025-02-14 01:52:00",1.7,-7.92,49.24
"2025-02-14 02:52:00",1.1,-9.53,45.36
"2025-02-14 03:52:00",0,-10.13,46.84
"2025-02-14 04:52:00",0,-10.13,46.84
"2025-02-14 05:52:00",-0.6,-12.34,41.04
"2025-02-14 06:52:00",-1.7,-11.83,46.32
"2025-02-14 07:52:00",-1.1,-11.84,44.32
"2025-02-14 08:52:00",0,-13.45,35.93
"2025-02-14 09:52:00",0.6,-14.55,31.44
"2025-02-14 10:52:00",1.7,-14.06,30.26
"2025-02-14 11:52:00",2.8,-13.45,29.39
"2025-02-14 12:52:00",3.9,-12.35,29.73
"2025-02-14 13:52:00",5,-12.95,26.22
"2025-02-14 14:52:00",5.6,-12.95,25.15
"2025-02-14 15:52:00",5.6,-13.45,24.15
"2025-02-14 16:52:00",5,-13.45,25.18
"2025-02-14 17:52:00",3.9,-14.55,24.85
"2025-02-14 18:52:00",1.7,-12.95,33.1
"2025-02-14 19:52:00",-1.1,-10.73,48.4
"2025-02-14 20:52:00",-1.1,-9.01,55.35
"2025-02-14 21:52:00",1.1,-11.24,39.63
"2025-02-14 22:52:00",1.1,-11.85,37.77
"2025-02-14 23:52:00",0.6,-11.85,39.16
"2025-02-15 00:52:00",1.1,-10.74,41.25
"2025-02-15 01:52:00",1.1,-9.03,47.18
"2025-02-15 02:52:00",1.1,-7.92,51.4
"2025-02-15 03:52:00",1.1,-7.92,51.4
"2025-02-15 04:52:00",1.1,-7.92,51.4
"2025-02-15 05:52:00",1.1,-7.31,53.85
"2025-02-15 06:52:00",1.1,-6.81,55.97
"2025-02-15 07:52:00",1.1,-6.2,58.6
"2025-02-15 08:52:00",2.2,-6.21,54.16
"2025-02-15 09:52:00",2.8,-6.21,51.9
"2025-02-15 10:52:00",3.3,-5.71,52.04
"2025-02-15 11:52:00",3.9,-5.72,49.89
"2025-02-15 12:52:00",4.4,-5.12,50.41
"2025-02-15 13:52:00",2.2,-1.15,78.77
"2025-02-15 14:52:00",1.7,-0.64,84.68
"2025-02-15 15:52:00",1.7,-0.03,88.46
"2025-02-15 16:52:00",1.1,-0.02,92.35
"2025-02-15 17:52:00",1.7,-0.03,88.46
"2025-02-15 18:52:00",1.7,0.58,92.39
"2025-02-15 19:52:00",1.7,-0.03,88.46
"2025-02-15 20:52:00",1.7,0.58,92.39
"2025-02-15 21:52:00",2.2,1.08,92.42
"2025-02-15 22:52:00",2.2,1.08,92.42
"2025-02-15 23:52:00",2.2,1.08,92.42
"2025-02-16 00:52:00",2.2,1.08,92.42
"2025-02-16 01:52:00",2.2,1.69,96.49
"2025-02-16 02:52:00",3.3,2.18,92.49
"2025-02-16 03:52:00",3.3,2.79,96.52
"2025-02-16 04:52:00",3.9,3.29,95.86
"2025-02-16 05:52:00",4.4,3.28,92.55
"2025-02-16 06:52:00",5,3.88,92.59
"2025-02-16 07:52:00",5.6,4.99,95.91
"2025-02-16 08:52:00",6.7,6.09,95.95
"2025-02-16 09:52:00",7.8,6.69,92.75
"2025-02-16 10:52:00",8.3,7.19,92.78
"2025-02-16 11:52:00",10,8.89,92.87
"2025-02-16 12:52:00",11.1,9.38,89.27
"2025-02-16 13:52:00",13.9,9.97,77.35
"2025-02-16 14:52:00",16.1,10.56,69.89
"2025-02-16 15:52:00",14.4,3.82,49.28
"2025-02-16 16:52:00",10,-1.2,45.96
"2025-02-16 17:52:00",7.8,-3.42,45.3
"2025-02-16 18:52:00",6.1,-4.52,46.87
"2025-02-16 19:52:00",5,-5.72,46.19
"2025-02-16 20:52:00",3.9,-6.22,48.02
"2025-02-16 21:52:00",3.3,-6.82,47.84
"2025-02-16 22:52:00",2.8,-7.32,47.69
"2025-02-16 23:52:00",2.2,-7.32,49.77
"2025-02-17 00:52:00",1.7,-7.92,49.24
"2025-02-17 01:52:00",0.6,-5.08,66.06
"2025-02-17 02:52:00",0,-5.68,65.92
"2025-02-17 03:52:00",1.1,-10.74,41.25
"2025-02-17 04:52:00",0,-10.74,44.66
"2025-02-17 05:52:00",-0.6,-10.73,46.66
"2025-02-17 06:52:00",-1.1,-11.23,46.5
"2025-02-17 07:52:00",-0.6,-11.84,42.73
"2025-02-17 08:52:00",0.6,-10.13,44.85
"2025-02-17 09:52:00",1.1,-11.24,39.63
"2025-02-17 10:52:00",1.7,-11.25,37.96
"2025-02-17 11:52:00",2.8,-11.85,33.45
"2025-02-17 12:52:00",3.9,-10.15,35.44
"2025-02-17 13:52:00",4.4,-10.75,32.63
"2025-02-17 14:52:00",4.4,-11.25,31.35
"2025-02-17 15:52:00",3.9,-12.35,29.73
"2025-02-17 16:52:00",3.3,-11.85,32.29
"2025-02-17 17:52:00",1.7,-12.35,34.75
"2025-02-17 18:52:00",0.6,-12.95,35.83
"2025-02-17 19:52:00",0,-14.05,34.21
"2025-02-17 20:52:00",-0.6,-12.94,39.1
"2025-02-17 21:52:00",-1.1,-12.94,40.55
"2025-02-17 22:52:00",-1.1,-13.45,38.94
"2025-02-17 23:52:00",-1.7,-14.05,38.74
"2025-02-18 00:52:00",-2.2,-14.05,40.2
"2025-02-18 01:52:00",-2.2,-13.44,42.22
"2025-02-18 02:52:00",-2.8,-14.04,42.03
"2025-02-18 03:52:00",-3.3,-15.14,39.85
"2025-02-18 04:52:00",-3.3,-15.14,39.85
"2025-02-18 05:52:00",-3.9,-16.25,38.04
"2025-02-18 06:52:00",-4.4,-17.35,36.01
"2025-02-18 07:52:00",-4.4,-19.05,31.16
"2025-02-18 08:52:00",-3.9,-19.05,30.01
"2025-02-18 09:52:00",-3.3,-18.46,30.2
"2025-02-18 10:52:00",-2.2,-17.96,29.04
"2025-02-18 11:52:00",-2.8,-17.96,30.36
"2025-02-18 12:52:00",0.6,-16.26,27.3
"2025-02-18 13:52:00",0.6,-16.86,25.96
"2025-02-18 14:52:00",1.7,-16.85,23.99
"2025-02-18 15:52:00",1.7,-17.35,23
"2025-02-18 16:52:00",1.1,-17.36,24.01
"2025-02-18 17:52:00",-0.6,-17.95,25.82
"2025-02-18 18:52:00",-1.7,-17.36,29.44
"2025-02-18 19:52:00",-3.3,-16.85,34.58
"2025-02-18 20:52:00",-4.4,-16.85,37.56
"2025-02-18 21:52:00",-5,-16.85,39.3
"2025-02-18 22:52:00",-5.6,-17.34,39.44
"2025-02-18 23:52:00",-6.7,-17.34,42.9
"2025-02-19 00:52:00",-6.7,-17.34,42.9
"2025-02-19 01:52:00",-7.2,-17.33,44.59
"2025-02-19 02:52:00",-7.2,-17.94,42.38
"2025-02-19 03:52:00",-7.2,-17.94,42.38
"2025-02-19 04:52:00",-7.2,-18.44,40.62
"2025-02-19 05:52:00",-7.8,-18.43,42.55
"2025-02-19 06:52:00",-7.8,-17.33,46.71
"2025-02-19 07:52:00",-7.2,-17.33,44.59
"2025-02-19 08:52:00",-6.7,-17.34,42.9
"2025-02-19 09:52:00",-6.7,-17.94,40.78
"2025-02-19 10:52:00",-6.7,-16.83,44.75
"2025-02-19 11:52:00",-6.1,-15.73,46.85
"2025-02-19 12:52:00",-6.1,-15.12,49.25
"2025-02-19 13:52:00",-6.1,-13.41,56.63
"2025-02-19 14:52:00",-5,-12.91,54.24
"2025-02-19 15:52:00",-4.4,-14.03,47.38
"2025-02-19 16:52:00",-3.9,-14.04,45.63
"2025-02-19 17:52:00",-3.9,-13.43,47.93
"2025-02-19 18:52:00",-5,-14.03,49.58
"2025-02-19 19:52:00",-3.9,-15.14,41.68
"2025-02-19 20:52:00",-6.7,-12.9,61.76
"2025-02-19 21:52:00",-6.1,-11.18,67.63
"2025-02-19 22:52:00",-4.4,-14.53,45.48
"2025-02-19 23:52:00",-5,-14.53,47.59
"2025-02-20 00:52:00",-5,-14.03,49.58
"2025-02-20 01:52:00",-4.4,-14.03,47.38
"2025-02-20 02:52:00",-5,-14.03,49.58
"2025-02-20 03:52:00",-4.4,-14.03,47.38
"2025-02-20 04:52:00",-5,-14.03,49.58
"2025-02-20 05:52:00",-5,-14.03,49.58
"2025-02-20 06:52:00",-5.6,-14.02,51.9
"2025-02-20 07:52:00",-5.6,-14.02,51.9
"2025-02-20 08:52:00",-5.6,-14.02,51.9
"2025-02-20 09:52:00",-5,-13.42,52.08
"2025-02-20 10:52:00",-5,-11.8,59.28
"2025-02-20 11:52:00",-2.8,-12.93,45.98
"2025-02-20 12:52:00",-3.9,-13.43,47.93
"2025-02-20 13:52:00",-1.7,-12.94,42.38
"2025-02-20 14:52:00",-2.2,-13.44,42.22
"2025-02-20 15:52:00",-2.8,-14.54,40.34
"2025-02-20 16:52:00",-2.8,-15.15,38.39
"2025-02-20 17:52:00",-3.3,-15.14,39.85
"2025-02-20 18:52:00",-3.9,-15.74,39.66
"2025-02-20 19:52:00",-3.9,-15.14,41.68
"2025-02-20 20:52:00",-4.4,-15.14,43.28
"2025-02-20 21:52:00",-4.4,-15.14,43.28
"2025-02-20 22:52:00",-3.9,-14.54,43.8
"2025-02-20 23:52:00",-3.9,-13.43,47.93
"2025-02-21 00:52:00",-3.9,-13.43,47.93
"2025-02-21 01:52:00",-3.9,-13.43,47.93
"2025-02-21 02:52:00",-4.4,-13.42,49.77
"2025-02-21 03:52:00",-3.9,-12.92,49.92
"2025-02-21 04:52:00",-3.9,-12.92,49.92
"2025-02-21 05:52:00",-4.4,-12.92,51.83
"2025-02-21 06:52:00",-3.9,-12.32,52.4
"2025-02-21 07:52:00",-2.8,-12.33,48.27
"2025-02-21 08:52:00",-1.1,-12.34,42.57
"2025-02-21 09:52:00",-0.6,-12.34,41.04
"2025-02-21 10:52:00",0.6,-11.85,39.16
"2025-02-21 11:52:00",1.7,-11.85,36.18
"2025-02-21 12:52:00",2.2,-12.35,33.53
"2025-02-21 13:52:00",2.8,-12.95,30.61
"2025-02-21 14:52:00",2.8,-12.35,32.13
"2025-02-21 15:52:00",2.2,-12.95,31.94
"2025-02-21 16:52:00",1.7,-12.95,33.1
"2025-02-21 17:52:00",0,-11.84,40.9
"2025-02-21 18:52:00",-0.6,-11.24,44.83
"2025-02-21 19:52:00",-1.7,-11.23,48.6
"2025-02-21 20:52:00",-2.2,-11.22,50.43
"2025-02-21 21:52:00",-2.8,-11.22,52.72
"2025-02-21 22:52:00",-3.9,-11.82,54.55
"2025-02-21 23:52:00",-4.4,-11.2,59.44
"2025-02-22 00:52:00",-3.9,-11.21,57.24
"2025-02-22 01:52:00",-5.6,-11.19,65.1
"2025-02-22 02:52:00",-6.1,-11.18,67.63
"2025-02-22 03:52:00",-4.4,-10.7,61.86
"2025-02-22 04:52:00",-4.4,-10.7,61.86
"2025-02-22 05:52:00",-4.4,-11.2,59.44
"2025-02-22 06:52:00",-6.1,-11.79,64.46
"2025-02-22 07:52:00",-3.3,-10.1,59.73
"2025-02-22 08:52:00",-1.1,-10.73,48.4
"2025-02-22 09:52:00",0.6,-10.74,42.76
"2025-02-22 10:52:00",1.7,-10.74,39.51
"2025-02-22 11:52:00",3.3,-10.14,36.98
"2025-02-22 12:52:00",4.4,-9.54,35.88
"2025-02-22 13:52:00",5.6,-10.14,31.48
"2025-02-22 14:52:00",5,-9.54,34.41
"2025-02-22 15:52:00",4.4,-9.54,35.88
"2025-02-22 16:52:00",4.4,-9.04,37.32
"2025-02-22 17:52:00",3.3,-9.04,40.32
"2025-02-22 18:52:00",1.1,-9.53,45.36
"2025-02-22 19:52:00",-1.1,-9.01,55.35
"2025-02-22 20:52:00",1.7,-9.54,43.44
"2025-02-22 21:52:00",0.6,-9.53,47.02
"2025-02-22 22:52:00",-0.6,-9.52,51.31
"2025-02-22 23:52:00",-0.6,-9.02,53.36
"2025-02-23 00:52:00",-2.2,-9.51,57.71
"2025-02-23 01:52:00",-3.9,-9.49,65.51
"2025-02-23 02:52:00",-5,-9.47,71.18
"2025-02-23 03:52:00",-5.6,-9.46,74.5
"2025-02-23 04:52:00",-5.6,-9.46,74.5
"2025-02-23 05:52:00",-3.9,-9.49,65.51
"2025-02-23 06:52:00",-2.8,-9.5,60.34
"2025-02-23 07:52:00",0,-6.19,63.45
"2025-02-23 09:52:00",5,-8.44,37.51
"2025-02-23 10:52:00",6.1,-8.44,34.75
"2025-02-23 11:52:00",7.2,-8.44,32.22
"2025-02-23 12:52:00",8.3,-9.04,28.52
"2025-02-23 13:52:00",10,-9.03,25.44
"2025-02-23 14:52:00",10,-9.53,24.46
"2025-02-23 15:52:00",11.1,-10.12,21.68
"2025-02-23 16:52:00",10.6,-9.03,24.44
"2025-02-23 17:52:00",7.2,-9.54,29.56
"2025-02-23 18:52:00",6.1,-9.54,31.88
"2025-02-23 19:52:00",1.7,-9.03,45.19
"2025-02-23 20:52:00",1.7,-8.43,47.36
"2025-02-23 21:52:00",0,-8.41,53.54
"2025-02-23 22:52:00",0.6,-7.92,53.29
"2025-02-23 23:52:00",-1.1,-7.29,63.18
"2025-02-24 00:52:00",0,-7.3,58.31
"2025-02-24 01:52:00",3.9,-7.33,44.12
"2025-02-24 02:52:00",3.3,-7.93,43.94
"2025-02-24 03:52:00",1.1,-7.31,53.85
"2025-02-24 04:52:00",0.6,-6.2,60.75
"2025-02-24 05:52:00",-1.1,-7.29,63.18
"2025-02-24 06:52:00",-2.2,-7.89,65.4
"2025-02-24 07:52:00",1.7,-6.21,56.13
"2025-02-24 08:52:00",5.6,-6.23,42.64
"2025-02-24 09:52:00",7.2,-7.34,35.09
"2025-02-24 10:52:00",9.4,-7.33,30.23
"2025-02-24 11:52:00",11.1,-5.72,30.51
"2025-02-24 12:52:00",12.2,-5.12,29.7
"2025-02-24 13:52:00",12.8,-5.11,28.55
"2025-02-24 14:52:00",13.9,-4,28.88
"2025-02-24 15:52:00",14.4,-4.51,26.92
"2025-02-24 16:52:00",13.3,-5.11,27.63
"2025-02-24 18:52:00",12.2,-5.72,28.37
"2025-02-24 19:52:00",12.2,-5.72,28.37
"2025-02-24 20:52:00",11.7,-5.12,30.69
"2025-02-24 21:52:00",11.1,-4.52,33.42
"2025-02-24 22:52:00",10.6,-4.52,34.54
"2025-02-24 23:52:00",9.4,-4.52,37.43
"2025-02-25 00:52:00",8.9,-4.02,40.2
"2025-02-25 01:52:00",7.2,-4.02,45.12
"2025-02-25 02:52:00",5.6,-4.01,50.38
"2025-02-25 03:52:00",6.1,-4.01,48.67
"2025-02-25 04:52:00",6.7,-3.41,48.84
"2025-02-25 05:52:00",6.1,-3.41,50.9
"2025-02-25 06:52:00",2.2,-3.99,63.99
"2025-02-25 07:52:00",7.2,-1.8,53.15
"2025-02-25 08:52:00",9.4,-2.31,44.12
"2025-02-25 09:52:00",10.6,-1.81,42.25
"2025-02-25 10:52:00",12.8,-1.2,38.19
"2025-02-25 11:52:00",13.9,-1.2,35.55
"2025-02-25 12:52:00",14.4,-0.7,35.7
"2025-02-25 13:52:00",17.2,-0.68,29.85
"2025-02-25 14:52:00",18.9,-0.66,26.83
"2025-02-25 15:52:00",18.9,-0.06,28.03
"2025-02-25 16:52:00",17.8,0.53,31.36
"2025-02-25 17:52:00",16.1,-0.69,32.01
"2025-02-25 18:52:00",13.9,-0.1,38.52
"2025-02-25 19:52:00",8.3,-0.7,53.45
"2025-02-25 20:52:00",9.4,-0.1,51.84
"2025-02-25 21:52:00",11.1,0.5,48.34
"2025-02-25 22:52:00",5.6,-0.07,67.2
"2025-02-25 23:52:00",3.9,-0.66,72.44
"2025-02-26 00:52:00",5,-0.07,70.06
"2025-02-26 01:52:00",2.8,-1.16,75.48
"2025-02-26 02:52:00",2.2,-1.15,78.77
"2025-02-26 03:52:00",1.1,-1.74,81.55
"2025-02-26 04:52:00",1.1,-1.13,85.23
"2025-02-26 05:52:00",2.8,-0.65,78.29
"2025-02-26 06:52:00",2.2,-0.64,81.7
"2025-02-26 07:52:00",4.4,1.05,79.11
"2025-02-26 08:52:00",10,2.72,60.89
"2025-02-26 09:52:00",13.3,3.82,52.92
"2025-02-26 10:52:00",15,2.11,42.03
"2025-02-26 11:52:00",16.1,-0.09,33.44
"2025-02-26 12:52:00",17.2,1.62,35.25
"2025-02-26 13:52:00",17.8,0.53,31.36
"2025-02-26 14:52:00",18.3,-0.07,29.1
"2025-02-26 15:52:00",18.3,-0.07,29.1
"2025-02-26 16:52:00",17.8,0.53,31.36
"2025-02-26 17:52:00",16.7,0.52,33.62
"2025-02-26 18:52:00",14.4,-0.1,37.29
"2025-02-26 19:52:00",14.4,0.51,38.95
"2025-02-26 20:52:00",13.3,0.5,41.83
"2025-02-26 21:52:00",12.2,1,46.6
"2025-02-26 22:52:00",11.1,2.11,54.22
"2025-02-26 23:52:00",8.3,2.13,65.42
"2025-02-27 00:52:00",8.3,2.13,65.42
"2025-02-27 01:52:00",10,2.12,58.34
"2025-02-27 02:52:00",10,2.93,61.76
"2025-02-27 03:52:00",10,2.72,60.89
"2025-02-27 04:52:00",11.1,2.72,56.59
"2025-02-27 05:52:00",11.1,2.72,56.59
"2025-02-27 06:52:00",9.4,2.73,63.39
"2025-02-27 07:52:00",8.9,2.73,65.56
"2025-02-27 08:52:00",9.4,3.84,68.51
"2025-02-27 09:52:00",11.1,4.94,66.05
"2025-02-27 10:52:00",12.2,4.93,61.43
"2025-02-27 11:52:00",13.9,3.22,48.79
"2025-02-27 12:52:00",16.1,3.82,44.19
"2025-02-27 13:52:00",15,3.22,45.45
"2025-02-27 14:52:00",15.6,3.82,45.62
"2025-02-27 15:52:00",16.7,3.82,42.53
"2025-02-27 16:52:00",16.7,2.12,37.71
"2025-02-27 17:52:00",14.4,1.61,42.16
"2025-02-27 18:52:00",12.2,0.5,44.95
"2025-02-27 19:52:00",11.7,-0.1,44.48
"2025-02-27 20:52:00",9.4,-0.1,51.84
"2025-02-27 21:52:00",9.4,-1.21,47.84
"2025-02-27 22:52:00",5.6,-1.18,62.02
"2025-02-27 23:52:00",7.2,-1.2,55.54
"2025-02-28 00:52:00",4.4,-1.78,64.52
"2025-02-28 01:52:00",7.2,-1.2,55.54
"2025-02-28 02:52:00",7.8,-0.09,57.77
"2025-02-28 03:52:00",7.8,-0.09,57.77
"2025-02-28 04:52:00",7.2,-1.8,53.15
"2025-02-28 05:52:00",6.1,-3.41,50.9
"2025-02-28 06:52:00",5.6,-4.52,48.52
"2025-02-28 07:52:00",6.1,-2.9,52.84
"2025-02-28 08:52:00",6.7,-4.52,44.97
"2025-02-28 09:52:00",8.9,-5.13,37
"2025-02-28 10:52:00",8.9,-5.13,37
"2025-02-28 11:52:00",10.6,-5.12,33.01
"2025-02-28 12:52:00",11.1,-6.22,29.37
"2025-02-28 13:52:00",12.2,-5.72,28.37
"2025-02-28 14:52:00",12.8,-5.71,27.28
"2025-02-28 15:52:00",12.8,-6.21,26.26
"2025-02-28 16:52:00",12.8,-6.21,26.26
"2025-02-28 17:52:00",11.7,-6.22,28.22
"2025-02-28 18:52:00",10.6,-5.73,31.54
"2025-02-28 19:52:00",10.6,-6.23,30.36
"2025-02-28 20:52:00",10,-6.83,30.18
"2025-02-28 21:52:00",9.4,-6.83,31.42
"2025-02-28 22:52:00",8.9,-6.23,34.02
"2025-02-28 23:52:00",8.9,-5.73,35.35
"2025-03-01 00:52:00",8.9,-5.13,37
"2025-03-01 01:52:00",8.3,-4.52,40.32
"2025-03-01 02:52:00",8.3,-4.02,41.86
"2025-03-01 03:52:00",8.3,-4.02,41.86
"2025-03-01 04:52:00",7.8,-4.02,43.31
"2025-03-01 05:52:00",7.2,-4.02,45.12
"2025-03-01 06:52:00",7.2,-4.02,45.12
"2025-03-01 07:52:00",8.3,-3.42,43.79
"2025-03-01 08:52:00",11.1,-2.91,37.67
"2025-03-01 09:52:00",15,-1.8,31.68
"2025-03-01 10:52:00",15.6,-1.79,30.48
"2025-03-01 11:52:00",16.1,-3.99,25.07
"2025-03-01 12:52:00",15.6,-4.49,24.93
"2025-03-01 13:52:00",14.4,-5.1,25.73
"2025-03-01 14:52:00",12.8,-4.51,29.88
"2025-03-01 15:52:00",11.1,-6.82,28.05
"2025-03-01 16:52:00",8.3,-7.33,32.56
"2025-03-01 17:52:00",5,-6.83,42.46
"2025-03-01 18:52:00",3.3,-8.44,42.26
"2025-03-01 19:52:00",1.7,-9.54,43.44
"2025-03-01 20:52:00",0.6,-11.24,41.09
"2025-03-01 21:52:00",-0.6,-12.34,41.04
"2025-03-01 22:52:00",-1.1,-12.94,40.55
"2025-03-01 23:52:00",-2.2,-14.05,40.2
"2025-03-02 00:52:00",-3.3,-15.14,39.85
"2025-03-02 01:52:00",-3.9,-16.25,38.04
"2025-03-02 02:52:00",-5,-16.24,41.33
"2025-03-02 03:52:00",-5,-16.85,39.3
"2025-03-02 04:52:00",-5.6,-16.84,41.14
"2025-03-02 05:52:00",-6.1,-16.84,42.74
"2025-03-02 06:52:00",-6.1,-16.84,42.74
"2025-03-02 07:52:00",-5,-16.24,41.33
"2025-03-02 08:52:00",-3.3,-15.75,37.91
"2025-03-02 09:52:00",-2.2,-15.15,36.72
"2025-03-02 10:52:00",-0.6,-15.16,32.64
"2025-03-02 11:52:00",0.6,-14.55,31.44
"2025-03-02 12:52:00",1.7,-14.06,30.26
"2025-03-02 13:52:00",2.2,-14.06,29.2
"2025-03-02 14:52:00",3.3,-14.05,27.01
"2025-03-02 15:52:00",3.9,-14.55,24.85
"2025-03-02 16:52:00",3.3,-14.55,25.92
"2025-03-02 17:52:00",2.8,-14.55,26.86
"2025-03-02 18:52:00",1.7,-14.06,30.26
"2025-03-02 19:52:00",1.1,-14.05,31.6
"2025-03-02 20:52:00",1.1,-13.45,33.18
"2025-03-02 21:52:00",0.6,-12.95,35.83
"2025-03-02 22:52:00",0,-12.95,37.42
"2025-03-02 23:52:00",-2.2,-12.94,43.98
"2025-03-03 00:52:00",-5,-12.31,56.94
"2025-03-03 01:52:00",-5,-11.8,59.28
"2025-03-03 02:52:00",-5,-10.69,64.73
"2025-03-03 03:52:00",-4.4,-11.2,59.44
"2025-03-03 04:52:00",-5.6,-11.8,62.04
"2025-03-03 05:52:00",-5.6,-11.19,65.1
"2025-03-03 06:52:00",-5,-11.19,62.2
"2025-03-03 07:52:00",-2.2,-10.11,55.04
"2025-03-03 08:52:00",0,-11.84,40.9
"2025-03-03 09:52:00",1.1,-11.24,39.63
"2025-03-03 10:52:00",2.2,-11.25,36.63
"2025-03-03 11:52:00",3.9,-10.75,33.8
"2025-03-03 12:52:00",4.4,-10.75,32.63
"2025-03-03 13:52:00",6.1,-11.25,27.86
"2025-03-03 14:52:00",6.7,-11.25,26.73
"2025-03-03 15:52:00",7.2,-12.34,23.64
"2025-03-03 16:52:00",7.2,-11.84,24.62
"2025-03-03 17:52:00",5.6,-11.25,28.84
"2025-03-03 18:52:00",3.9,-11.25,32.47
"2025-03-03 19:52:00",3.3,-11.25,33.88
"2025-03-03 20:52:00",2.8,-10.75,36.53
"2025-03-03 21:52:00",2.8,-10.75,36.53
"2025-03-03 22:52:00",2.2,-9.03,43.6
"2025-03-03 23:52:00",1.1,-7.92,51.4
"2025-03-04 00:52:00",1.1,-6.81,55.97
"2025-03-04 01:52:00",2.2,-5.7,56.27
"2025-03-04 02:52:00",2.2,-5.7,56.27
"2025-03-04 03:52:00",2.8,-5.71,53.92
"2025-03-04 04:52:00",2.8,-5.71,53.92
"2025-03-04 05:52:00",2.2,-5.7,56.27
"2025-03-04 06:52:00",1.1,-5.7,60.88
"2025-03-04 07:52:00",3.9,-4.51,54.64
"2025-03-04 08:52:00",5.6,-5.12,46.37
"2025-03-04 09:52:00",6.7,-5.73,41.06
"2025-03-04 10:52:00",8.9,-5.13,37
"2025-03-04 11:52:00",12.8,-4.51,29.88
"2025-03-04 12:52:00",15.6,-5.09,23.82
"2025-03-04 13:52:00",15.6,-4.49,24.93
"2025-03-04 14:52:00",16.7,-3.38,25.24
"2025-03-04 15:52:00",16.7,-3.98,24.13
"2025-03-04 16:52:00",16.7,-3.38,25.24
"2025-03-04 17:52:00",15.6,-3.99,25.88
"2025-03-04 18:52:00",15,-4.5,25.9
"2025-03-04 19:52:00",13.9,-4,28.88
"2025-03-04 20:52:00",14.4,-0.7,35.7
"2025-03-04 21:52:00",13.9,1.01,41.71
"2025-03-04 22:52:00",13.9,2.71,47.09
"2025-03-04 23:52:00",13.9,4.93,54.97
"2025-03-05 00:52:00",13.9,5.53,57.32
"2025-03-05 01:52:00",13.9,6.64,61.84
"2025-03-05 02:52:00",14.4,8.25,66.78
"2025-03-05 03:52:00",14.4,8.25,66.78
"2025-03-05 04:52:00",14.4,8.85,69.55
"2025-03-05 05:52:00",14.4,8.85,69.55
"2025-03-05 07:52:00",14.4,9.36,71.93
"2025-03-05 08:52:00",15,9.36,69.2
"2025-03-05 09:52:00",15,10.57,74.99
"2025-03-05 10:52:00",15.6,10.56,72.16
"2025-03-05 11:52:00",14.4,11.68,83.84
"2025-03-05 12:52:00",14.4,12.79,90.12
"2025-03-05 13:52:00",15,12.78,86.7
"2025-03-05 14:52:00",14.4,12.79,90.12
"2025-03-05 15:52:00",14.4,12.79,90.12
"2025-03-05 16:52:00",14.4,12.79,90.12
"2025-03-05 17:52:00",14.4,12.79,90.12
"2025-03-05 18:52:00",14.4,12.79,90.12
"2025-03-05 19:52:00",14.4,12.79,90.12
"2025-03-05 20:52:00",13.9,12.79,93.09
"2025-03-05 21:52:00",12.2,10.58,89.96
"2025-03-05 22:52:00",12.2,10.58,89.96
"2025-03-05 23:52:00",12.2,8.87,80.27
"2025-03-06 00:52:00",10.6,5.55,71.19
"2025-03-06 01:52:00",10,2.12,58.34
"2025-03-06 02:52:00",7.8,1.02,62.55
"2025-03-06 03:52:00",7.8,-0.69,55.3
"2025-03-06 04:52:00",6.1,-2.3,55.24
"2025-03-06 05:52:00",5.6,-2.9,54.7
"2025-03-06 06:52:00",4.4,-2.89,59.47
"2025-03-06 07:52:00",5.6,-2.3,57.19
"2025-03-06 08:52:00",6.7,-2.3,53.01
"2025-03-06 09:52:00",7.8,-1.81,51.01
"2025-03-06 10:52:00",6.7,-2.91,50.7
"2025-03-06 11:52:00",6.7,-2.91,50.7
"2025-03-06 12:52:00",6.7,-3.41,48.84
"2025-03-06 13:52:00",5.6,-4.01,50.38
"2025-03-06 14:52:00",4.4,-4.51,52.75
"2025-03-06 15:52:00",3.9,-4.51,54.64
"2025-03-06 16:52:00",3.9,-4.51,54.64
"2025-03-06 17:52:00",3.9,-5.11,52.21
"2025-03-06 18:52:00",3.9,-5.11,52.21
"2025-03-06 19:52:00",3.9,-5.72,49.89
"2025-03-06 20:52:00",3.3,-6.22,50.09
"2025-03-06 21:52:00",3.3,-6.22,50.09
"2025-03-06 22:52:00",3.3,-7.33,46.03
"2025-03-06 23:52:00",3.3,-7.33,46.03
"2025-03-07 00:52:00",2.8,-7.32,47.69
"2025-03-07 01:52:00",2.8,-8.43,43.78
"2025-03-07 02:52:00",2.2,-7.93,47.51
"2025-03-07 03:52:00",2.2,-7.93,47.51
"2025-03-07 04:52:00",2.2,-7.93,47.51
"2025-03-07 05:52:00",2.2,-7.93,47.51
"2025-03-07 06:52:00",1.7,-8.43,47.36
"2025-03-07 07:52:00",2.8,-8.43,43.78
"2025-03-07 08:52:00",4.4,-8.44,39.11
"2025-03-07 09:52:00",6.7,-9.04,31.82
"2025-03-07 10:52:00",7.8,-9.04,29.51
"2025-03-07 11:52:00",9.4,-8.44,27.75
"2025-03-07 12:52:00",11.1,-8.42,24.78
"2025-03-07 13:52:00",11.7,-8.42,23.81
"2025-03-07 14:52:00",12.8,-8.41,22.15
"2025-03-07 15:52:00",12.8,-8.41,22.15
"2025-03-07 16:52:00",11.7,-7.92,24.76
"2025-03-07 17:52:00",11.1,-6.22,29.37
"2025-03-07 18:52:00",10.6,-6.23,30.36
"2025-03-07 19:52:00",10,-5.73,32.83
"2025-03-07 20:52:00",9.4,-4.52,37.43
"2025-03-07 21:52:00",10,-5.13,34.36
"2025-03-07 22:52:00",8.3,-4.52,40.32
"2025-03-07 23:52:00",3.9,-3.39,59.34
"2025-03-08 00:52:00",3.9,-2.89,61.59
"2025-03-08 01:52:00",4.4,-1.78,64.52
"2025-03-08 02:52:00",3.9,-1.78,66.82
"2025-03-08 03:52:00",2.8,-1.16,75.48
"2025-03-08 04:52:00",5,-0.67,67.07
"2025-03-08 05:52:00",6.1,-0.68,62.14
"2025-03-08 06:52:00",5.6,-0.68,64.33
"2025-03-08 07:52:00",7.8,-0.69,55.3
"2025-03-08 08:52:00",8.9,-1.2,49.48
"2025-03-08 09:52:00",7.8,-1.81,51.01
"2025-03-08 10:52:00",7.8,-2.31,49.16
"2025-03-08 11:52:00",7.8,-4.52,41.71
"2025-03-08 12:52:00",9.4,-5.73,34.18
"2025-03-08 13:52:00",9.4,-6.83,31.42
"2025-03-08 14:52:00",9.4,-7.33,30.23
"2025-03-08 15:52:00",9.4,-6.83,31.42
"2025-03-08 16:52:00",8.9,-7.94,29.84
"2025-03-08 17:52:00",7.2,-7.94,33.5
"2025-03-08 18:52:00",6.1,-7.34,37.85
"2025-03-08 19:52:00",5.6,-7.94,37.4
"2025-03-08 20:52:00",5,-7.94,39
"2025-03-08 21:52:00",3.9,-7.93,42.12
"2025-03-08 22:52:00",2.8,-7.93,45.52
"2025-03-08 23:52:00",2.2,-7.93,47.51
"2025-03-09 00:52:00",2.8,-7.93,45.52
"2025-03-09 01:52:00",-0.6,-7.9,58.15
"2025-03-09 03:52:00",-2.2,-7.89,65.4
"2025-03-09 04:52:00",-0.6,-7.3,60.91
"2025-03-09 05:52:00",-0.6,-7.3,60.91
"2025-03-09 06:52:00",-2.2,-7.28,68.52
"2025-03-09 07:52:00",-0.6,-6.79,63.31
"2025-03-09 08:52:00",1.1,-5.7,60.88
"2025-03-09 09:52:00",4.4,-5.72,48.17
"2025-03-09 10:52:00",8.9,-5.73,35.35
"2025-03-09 11:52:00",10.6,-4.52,34.54
"2025-03-09 12:52:00",12.8,-4.01,31.02
"2025-03-09 13:52:00",13.3,-4.01,30.02
"2025-03-09 14:52:00",15,-3.4,28.13
"2025-03-09 15:52:00",15,-4.5,25.9
"2025-03-09 16:52:00",15,-5.1,24.75
"2025-03-09 17:52:00",15.6,-5.09,23.82
"2025-03-09 18:52:00",13.9,-5.71,25.39
"2025-03-09 19:52:00",8.3,-4.52,40.32
"2025-03-09 20:52:00",10,-4.02,37.33
"2025-03-09 21:52:00",6.7,-3.41,48.84
"2025-03-09 22:52:00",4.4,-3.4,57.29
"2025-03-09 23:52:00",2.2,-3.38,66.93
"2025-03-10 01:52:00",2.8,-3.99,61.32
"2025-03-10 02:52:00",4.4,-4,54.78
"2025-03-10 03:52:00",3.3,-3.39,61.9
"2025-03-10 04:52:00",3.3,-4,59.18
"2025-03-10 05:52:00",2.8,-3.99,61.32
"2025-03-10 06:52:00",1.1,-3.97,69.24
"2025-03-10 07:52:00",0,-3.96,74.97
"2025-03-10 08:52:00",5,-1.79,61.87
"2025-03-10 09:52:00",10,-2.31,42.38
"2025-03-10 10:52:00",14.4,-2.9,30.35
"2025-03-10 11:52:00",16.1,-2.29,28.46
"2025-03-10 12:52:00",17.2,-1.78,27.54
"2025-03-10 13:52:00",17.8,-2.28,25.55
"2025-03-10 14:52:00",17.8,-2.87,24.44
"2025-03-10 15:52:00",18.9,-1.76,24.75
"2025-03-10 16:52:00",18.9,-2.86,22.81
"2025-03-10 17:52:00",18.3,-3.37,22.82
"2025-03-10 18:52:00",16.7,-3.38,25.24
"2025-03-10 19:52:00",13.9,-3.41,30.2
"2025-03-10 20:52:00",12.2,-2.91,35.03
"2025-03-10 21:52:00",10.6,-2.31,40.72
"2025-03-10 22:52:00",10,-2.31,42.38
"2025-03-10 23:52:00",6.7,-2.3,53.01
"2025-03-11 00:52:00",3.9,-2.28,64.4
"2025-03-11 01:52:00",3.9,-2.28,64.4
"2025-03-11 02:52:00",2.8,-2.27,69.6
"2025-03-11 03:52:00",1.1,-2.86,75.17
"2025-03-11 04:52:00",0.6,-2.85,77.93
"2025-03-11 05:52:00",0,-3.35,78.42
"2025-03-11 06:52:00",-1.1,-3.34,84.97
"2025-03-11 07:52:00",0,-2.84,81.4
"2025-03-11 08:52:00",5.6,-0.07,67.2
"2025-03-11 09:52:00",11.1,0.5,48.34
"2025-03-11 10:52:00",13.9,0.51,40.23
"2025-03-11 11:52:00",17.8,-1.17,27.71
"2025-03-11 12:52:00",19.4,-0.66,26.01
"2025-03-11 13:52:00",21.1,-0.64,23.42
"2025-03-11 14:52:00",21.7,-0.63,22.57
"2025-03-11 15:52:00",22.8,-0.62,21.11
"2025-03-11 16:52:00",22.8,-0.62,21.11
"2025-03-11 17:52:00",22.2,-0.62,21.9
"2025-03-11 18:52:00",21.1,-1.13,22.58
"2025-03-11 19:52:00",18.9,-0.66,26.83
"2025-03-11 20:52:00",17.8,-1.17,27.71
"2025-03-11 21:52:00",15.6,-1.19,31.86
"2025-03-11 22:52:00",12.2,-0.1,43.04
"2025-03-11 23:52:00",13.3,-0.7,38.34
"2025-03-12 00:52:00",12.2,-0.7,41.2
"2025-03-12 01:52:00",11.7,-0.7,42.58
"2025-03-12 02:52:00",9.4,-0.7,49.63
"2025-03-12 03:52:00",6.1,-0.08,64.92
"2025-03-12 04:52:00",11.1,0.5,48.34
"2025-03-12 05:52:00",10.6,1.01,51.8
"2025-03-12 06:52:00",10.6,1.61,54.09
"2025-03-12 07:52:00",10.6,1.61,54.09
"2025-03-12 08:52:00",11.1,1.61,52.32
"2025-03-12 09:52:00",12.2,0.5,44.95
"2025-03-12 10:52:00",13.9,-1.2,35.55
"2025-03-12 11:52:00",15.6,-5.09,23.82
"2025-03-12 12:52:00",16.1,-6.78,20.26
"2025-03-12 13:52:00",17.2,-6.17,19.79
"2025-03-12 14:52:00",18.9,-4.45,20.24
"2025-03-12 15:52:00",19.4,-5.04,18.75
"2025-03-12 16:52:00",19.4,-4.45,19.62
"2025-03-12 17:52:00",18.9,-1.76,24.75
"2025-03-12 18:52:00",17.2,-0.68,29.85
"2025-03-12 19:52:00",15.6,0.51,36.06
"2025-03-12 20:52:00",13.3,-1.2,36.96
"2025-03-12 21:52:00",11.7,-1.81,39.28
"2025-03-12 22:52:00",10.6,-4.52,34.54
"2025-03-12 23:52:00",8.9,-2.92,43.64
"2025-03-13 00:52:00",7.8,-1.2,53.31
"2025-03-13 01:52:00",6.1,0.53,67.8
"2025-03-13 02:52:00",6.1,2.15,76.05
"2025-03-13 03:52:00",6.1,2.76,79.37
"2025-03-13 04:52:00",6.1,2.76,79.37
"2025-03-13 05:52:00",6.1,3.26,82.23
"2025-03-13 06:52:00",6.7,3.86,82.31
"2025-03-13 07:52:00",6.7,3.86,82.31
"2025-03-13 08:52:00",6.7,3.86,82.31
"2025-03-13 09:52:00",6.7,3.86,82.31
"2025-03-13 10:52:00",7.2,3.86,79.54
"2025-03-13 11:52:00",7.2,3.86,79.54
"2025-03-13 12:52:00",7.8,3.85,76.34
"2025-03-13 13:52:00",7.8,3.85,76.34
"2025-03-13 14:52:00",8.9,3.84,70.86
"2025-03-13 15:52:00",10,3.83,65.81
"2025-03-13 16:52:00",11.1,3.83,61.16
"2025-03-13 17:52:00",11.1,3.83,61.16
"2025-03-13 18:52:00",10,3.83,65.81
"2025-03-13 19:52:00",8.9,3.23,67.92
"2025-03-13 20:52:00",7.8,3.24,73.18
"2025-03-13 21:52:00",5.6,2.76,82.17
"2025-03-13 22:52:00",4.4,2.17,85.6
"2025-03-13 23:52:00",3.3,1.68,89.24
"2025-03-14 00:52:00",2.8,1.07,88.56
"2025-03-14 01:52:00",4.4,2.78,89.33
"2025-03-14 02:52:00",3.3,2.18,92.49
"2025-03-14 03:52:00",1.1,-0.02,92.35
"2025-03-14 04:52:00",2.8,1.07,88.56
"2025-03-14 05:52:00",3.3,2.18,92.49
"2025-03-14 06:52:00",5,3.27,88.75
"2025-03-14 07:52:00",5,3.27,88.75
"2025-03-14 08:52:00",5,3.27,88.75
"2025-03-14 09:52:00",5.6,3.27,85.13
"2025-03-14 10:52:00",6.1,3.26,82.23
"2025-03-14 11:52:00",6.7,3.25,78.9
"2025-03-14 12:52:00",8.3,3.85,73.79
"2025-03-14 13:52:00",10,4.34,68.16
"2025-03-14 14:52:00",11.7,4.33,60.88
"2025-03-14 15:52:00",12.2,4.33,58.91
"2025-03-14 16:52:00",12.8,4.33,56.63
"2025-03-14 17:52:00",11.1,4.33,63.34
"2025-03-14 18:52:00",9.4,3.84,68.51
"2025-03-14 19:52:00",8.3,3.85,73.79
"2025-03-14 20:52:00",7.2,3.86,79.54
"2025-03-14 21:52:00",7.2,3.86,79.54
"2025-03-14 22:52:00",7.2,3.86,79.54
"2025-03-14 23:52:00",7.2,4.36,82.38
"2025-03-15 00:52:00",7.2,4.36,82.38
"2025-03-15 01:52:00",7.2,4.36,82.38
"2025-03-15 02:52:00",7.2,4.36,82.38
"2025-03-15 03:52:00",7.2,4.36,82.38
"2025-03-15 04:52:00",7.2,4.36,82.38
"2025-03-15 05:52:00",7.2,4.97,85.9
"2025-03-15 06:52:00",7.2,4.97,85.9
"2025-03-15 07:52:00",6.7,4.98,88.9
"2025-03-15 08:52:00",7.2,5.58,89.56
"2025-03-15 09:52:00",7.8,6.08,88.99
"2025-03-15 10:52:00",8.3,6.07,86.02
"2025-03-15 11:52:00",8.9,6.07,82.6
"2025-03-15 12:52:00",10,6.66,79.95
"2025-03-15 13:52:00",10,6.66,79.95
"2025-03-15 14:52:00",10.6,7.16,79.49
"2025-03-15 15:52:00",13.3,7.75,69.32
"2025-03-15 16:52:00",15.6,8.25,61.82
"2025-03-15 17:52:00",15.6,8.85,64.38
"2025-03-15 18:52:00",13.9,8.86,71.83
"2025-03-15 19:52:00",13.3,9.36,77.25
"2025-03-15 20:52:00",13.9,9.36,74.3
"2025-03-15 21:52:00",13.3,8.86,74.69
"2025-03-15 22:52:00",12.8,8.86,77.17
"2025-03-15 23:52:00",12.8,9.37,79.81
"2025-03-16 00:52:00",13.9,11.08,83.23
"2025-03-16 01:52:00",15.6,12.78,83.43
"2025-03-16 02:52:00",15.6,12.78,83.43
"2025-03-16 03:52:00",15.6,13.28,86.2
"2025-03-16 04:52:00",15.6,13.28,86.2
"2025-03-16 05:52:00",16.7,13.88,83.56
"2025-03-16 06:52:00",16.7,14.38,86.31
"2025-03-16 07:52:00",17.2,14.38,83.62
"2025-03-16 08:52:00",17.8,14.98,83.69
"2025-03-16 09:52:00",18.9,14.98,78.12
"2025-03-16 10:52:00",19.4,14.98,75.73
"2025-03-16 11:52:00",20,14.98,72.97
"2025-03-16 12:52:00",21.1,14.98,68.19
"2025-03-16 13:52:00",21.1,16.08,73.16
"2025-03-16 14:52:00",22.8,14.98,61.48
"2025-03-16 15:52:00",23.9,14.39,55.36
"2025-03-16 16:52:00",23.3,14.99,59.66
"2025-03-16 17:52:00",22.8,14.98,61.48
"2025-03-16 18:52:00",21.1,15.58,70.86
"2025-03-16 19:52:00",21.1,14.98,68.19
"2025-03-16 20:52:00",20.6,15.58,73.07
"2025-03-16 21:52:00",20.6,15.58,73.07
"2025-03-16 22:52:00",14.4,12.18,86.65
"2025-03-16 23:52:00",13.9,12.79,93.09
"2025-03-17 00:52:00",14.4,12.79,90.12
"2025-03-17 01:52:00",14.4,12.79,90.12
"2025-03-17 02:52:00",14.4,11.68,83.84
"2025-03-17 03:52:00",14.4,10.57,77.94
"2025-03-17 04:52:00",13.3,9.36,77.25
"2025-03-17 05:52:00",12.8,7.75,71.62
"2025-03-17 06:52:00",11.1,4.94,66.05
"2025-03-17 07:52:00",10.6,3.83,63.23
"2025-03-17 08:52:00",10,2.12,58.34
"2025-03-17 09:52:00",10.6,1.01,51.8
"2025-03-17 10:52:00",11.7,1.01,48.16
"2025-03-17 11:52:00",11.1,0.5,48.34
"2025-03-17 12:52:00",11.1,-0.1,46.28
"2025-03-17 13:52:00",11.7,-0.7,42.58
"2025-03-17 14:52:00",11.7,-0.7,42.58
"2025-03-17 15:52:00",11.7,-0.7,42.58
"2025-03-17 16:52:00",11.1,-1.21,42.71
"2025-03-17 17:52:00",10,-2.31,42.38
"2025-03-17 18:52:00",8.3,-4.02,41.86
"2025-03-17 19:52:00",7.2,-3.41,47.2
"2025-03-17 20:52:00",6.7,-4.52,44.97
"2025-03-17 21:52:00",5.6,-4.01,50.38
"2025-03-17 22:52:00",5,-4.51,50.59
"2025-03-17 23:52:00",4.4,-5.72,48.17
"2025-03-18 00:52:00",4.4,-5.72,48.17
"2025-03-18 01:52:00",3.9,-6.22,48.02
"2025-03-18 02:52:00",3.9,-6.83,45.86
"2025-03-18 03:52:00",3.9,-6.83,45.86
"2025-03-18 04:52:00",3.9,-6.83,45.86
"2025-03-18 05:52:00",3.9,-6.83,45.86
"2025-03-18 06:52:00",3.9,-6.22,48.02
"2025-03-18 07:52:00",4.4,-6.22,46.36
"2025-03-18 08:52:00",6.1,-6.23,41.19
"2025-03-18 09:52:00",8.3,-6.23,35.43
"2025-03-18 10:52:00",10.6,-5.73,31.54
"2025-03-18 11:52:00",12.8,-6.21,26.26
"2025-03-18 12:52:00",14.4,-5.7,24.58
"2025-03-18 13:52:00",16.1,-5.09,23.07
"2025-03-18 14:52:00",16.7,-5.08,22.21
"2025-03-18 15:52:00",18.3,-6.16,18.46
"2025-03-18 16:52:00",18.9,-5.65,18.48
"2025-03-18 17:52:00",18.3,-5.66,19.18
"2025-03-18 18:52:00",16.7,-5.08,22.21
"2025-03-18 19:52:00",11.1,-3.42,36.29
"2025-03-18 20:52:00",9.4,-2.91,42.2
"2025-03-18 21:52:00",12.2,-6.22,27.31
"2025-03-18 22:52:00",7.2,-3.41,47.2
"2025-03-18 23:52:00",6.1,-4.01,48.67
"2025-03-19 00:52:00",4.4,-2.89,59.47
"2025-03-19 01:52:00",3.9,-2.89,61.59
"2025-03-19 02:52:00",3.9,-2.89,61.59
"2025-03-19 03:52:00",2.2,-2.87,69.47
"2025-03-19 04:52:00",1.7,-3.37,69.37
"2025-03-19 05:52:00",2.2,-2.87,69.47
"2025-03-19 06:52:00",0.6,-3.36,75.08
"2025-03-19 07:52:00",2.2,-2.26,72.64
"2025-03-19 08:52:00",10.6,1.01,51.8
"2025-03-19 09:52:00",13.3,-0.7,38.34
"2025-03-19 10:52:00",16.7,-0.08,32.19
"2025-03-19 11:52:00",19.4,-0.66,26.01
"2025-03-19 12:52:00",20.6,-1.74,22.28
"2025-03-19 13:52:00",21.7,-0.63,22.57
"2025-03-19 14:52:00",22.8,0.58,23.04
"2025-03-19 15:52:00",22.8,0.58,23.04
"2025-03-19 16:52:00",22.8,1.08,23.88
"2025-03-19 17:52:00",21.7,0.57,24.63
"2025-03-19 18:52:00",20.6,0.55,26.35
"2025-03-19 19:52:00",18.9,0.53,29.27
"2025-03-19 20:52:00",17.2,1.02,33.77
"2025-03-19 21:52:00",16.7,0.52,33.62
"2025-03-19 22:52:00",15.6,-0.69,33.05
"2025-03-19 23:52:00",13.9,-2.3,32.78
"2025-03-20 00:52:00",12.8,-2.31,35.21
"2025-03-20 01:52:00",12.2,-2.91,35.03
"2025-03-20 02:52:00",11.7,-3.42,34.88
"2025-03-20 03:52:00",10.6,-4.02,35.87
"2025-03-20 04:52:00",8.9,-4.02,40.2
"2025-03-20 05:52:00",8.9,-2.92,43.64
"2025-03-20 06:52:00",8.3,-2.31,47.52
"2025-03-20 07:52:00",8.3,-2.31,47.52
"2025-03-20 08:52:00",11.7,0.5,46.46
"2025-03-20 09:52:00",14.4,2.11,43.69
"2025-03-20 10:52:00",16.1,3.22,42.36
"2025-03-20 11:52:00",18.3,4.34,39.83
"2025-03-20 12:52:00",21.1,4.35,33.48
"2025-03-20 13:52:00",22.8,4.37,30.19
"2025-03-20 14:52:00",23.3,6.08,32.97
"2025-03-20 15:52:00",23.9,7.78,35.73
"2025-03-20 16:52:00",23.3,7.78,37.05
"2025-03-20 17:52:00",18.3,6.64,46.72
"2025-03-20 18:52:00",13.9,9.97,77.35
"2025-03-20 19:52:00",11.1,7.16,76.89
"2025-03-20 20:52:00",11.7,7.15,73.9
"2025-03-20 21:52:00",11.7,2.11,52.11
"2025-03-20 22:52:00",10.6,1.01,51.8
"2025-03-20 23:52:00",10,0.51,52.01
"2025-03-21 00:52:00",8.3,-0.7,53.45
"2025-03-21 01:52:00",7.8,-1.2,53.31
"2025-03-21 02:52:00",6.7,-3.41,48.84
"2025-03-21 03:52:00",6.7,-3.41,48.84
"2025-03-21 04:52:00",5,-4.01,52.53
"2025-03-21 05:52:00",4.4,-5.12,50.41
"2025-03-21 06:52:00",3.3,-6.22,50.09
"2025-03-21 07:52:00",3.9,-6.22,48.02
"2025-03-21 08:52:00",5.6,-5.73,44.3
"2025-03-21 09:52:00",6.7,-5.73,41.06
"2025-03-21 10:52:00",8.3,-5.73,36.81
"2025-03-21 11:52:00",9.4,-5.73,34.18
"2025-03-21 12:52:00",10.6,-6.23,30.36
"2025-03-21 13:52:00",11.7,-7.32,25.93
"2025-03-21 14:52:00",12.8,-6.82,25.07
"2025-03-21 15:52:00",13.9,-7.3,22.46
"2025-03-21 16:52:00",14.4,-7.3,21.74
"2025-03-21 17:52:00",14.4,-5.7,24.58
"2025-03-21 18:52:00",13.3,-5.71,26.4
"2025-03-21 19:52:00",10,-5.13,34.36
"2025-03-21 20:52:00",6.1,-4.52,46.87
"2025-03-21 21:52:00",6.1,-3.41,50.9
"2025-03-21 22:52:00",10,-5.13,34.36
"2025-03-21 23:52:00",8.3,-4.02,41.86
"2025-03-22 00:52:00",7.2,-4.02,45.12
"2025-03-22 01:52:00",4.4,-2.89,59.47
"2025-03-22 02:52:00",4.4,-3.4,57.29
"2025-03-22 03:52:00",7.2,-4.52,43.46
"2025-03-22 04:52:00",6.1,-4.52,46.87
"2025-03-22 05:52:00",4.4,-4.51,52.75
"2025-03-22 06:52:00",6.1,-4.01,48.67
"2025-03-22 07:52:00",6.7,-4.02,46.7
"2025-03-22 08:52:00",7.8,-4.02,43.31
"2025-03-22 09:52:00",8.9,-3.42,42.05
"2025-03-22 10:52:00",13.3,-3.41,31.41
"2025-03-22 11:52:00",16.1,-2.89,27.22
"2025-03-22 12:52:00",16.1,-2.29,28.46
"2025-03-22 13:52:00",18.9,-1.16,25.87
"2025-03-22 14:52:00",18.3,-2.27,24.76
"2025-03-22 15:52:00",18.9,-2.26,23.85
"2025-03-22 16:52:00",18.3,-2.27,24.76
"2025-03-22 17:52:00",16.7,-2.28,27.39
"2025-03-22 18:52:00",15,-0.7,34.34
"2025-03-22 19:52:00",12.8,0.5,43.22
"2025-03-22 20:52:00",12.2,-0.7,41.2
"2025-03-22 21:52:00",10.6,1.61,54.09
"2025-03-22 22:52:00",10,0.51,52.01
"2025-03-22 23:52:00",9.4,-0.1,51.84
"2025-03-23 00:52:00",8.9,-0.7,51.33
"2025-03-23 01:52:00",7.8,-1.2,53.31
"2025-03-23 02:52:00",6.7,-2.3,53.01
"2025-03-23 03:52:00",6.1,-2.9,52.84
"2025-03-23 04:52:00",4.4,-3.4,57.29
"2025-03-23 05:52:00",3.9,-5.11,52.21
"2025-03-23 06:52:00",3.3,-5.71,52.04
"2025-03-23 07:52:00",3.3,-5.71,52.04
"2025-03-23 08:52:00",4.4,-6.22,46.36
"2025-03-23 09:52:00",6.1,-5.12,44.79
"2025-03-23 10:52:00",6.7,-5.12,42.98
"2025-03-23 11:52:00",8.3,-4.52,40.32
"2025-03-23 12:52:00",10,-4.52,35.96
"2025-03-23 13:52:00",11.1,-3.42,36.29
"2025-03-23 14:52:00",12.8,-2.91,33.68
"2025-03-23 15:52:00",13.3,-2.91,32.6
"2025-03-23 16:52:00",13.9,-2.3,32.78
"2025-03-23 17:52:00",13.9,-1.8,34.01
"2025-03-23 18:52:00",13.3,-2.31,34.08
"2025-03-23 19:52:00",13.3,-1.81,35.36
"2025-03-23 20:52:00",10.6,-1.81,42.25
"2025-03-23 21:52:00",10,-1.2,45.96
"2025-03-23 22:52:00",10,0.51,52.01
"2025-03-23 23:52:00",10,1.62,56.3
"2025-03-24 00:52:00",9.4,2.73,63.39
"2025-03-24 01:52:00",9.4,3.84,68.51
"2025-03-24 02:52:00",10,4.34,68.16
"2025-03-24 03:52:00",9.4,5.56,77.15
"2025-03-24 04:52:00",9.4,5.56,77.15
"2025-03-24 05:52:00",9.4,5.56,77.15
"2025-03-24 06:52:00",9.4,6.06,79.86
"2025-03-24 07:52:00",9.4,6.06,79.86
"2025-03-24 08:52:00",9.4,6.67,83.23
"2025-03-24 09:52:00",10,7.17,82.74
"2025-03-24 10:52:00",10.6,8.27,85.68
"2025-03-24 11:52:00",11.1,8.27,82.88
"2025-03-24 12:52:00",12.2,7.76,74.5
"2025-03-24 13:52:00",13.3,8.25,71.72
"2025-03-24 14:52:00",12.8,9.37,79.81
"2025-03-24 15:52:00",15,8.85,66.91
"2025-03-24 16:52:00",16.7,9.35,62.08
"2025-03-24 17:52:00",16.1,9.96,67.15
"2025-03-24 18:52:00",15.6,9.35,66.59
"2025-03-24 19:52:00",15,-3.4,28.13
"2025-03-24 20:52:00",13.3,-4.01,30.02
"2025-03-24 21:52:00",14.4,-4,27.96
"2025-03-24 22:52:00",14.4,-4.51,26.92
"2025-03-24 23:52:00",12.8,-3.41,32.45
"2025-03-25 00:52:00",13.3,-4.01,30.02
"2025-03-25 01:52:00",12.8,-4.51,29.88
"2025-03-25 02:52:00",12.2,-4.01,32.27
"2025-03-25 03:52:00",11.1,-4.52,33.42
"2025-03-25 04:52:00",11.1,-5.72,30.51
"2025-03-25 05:52:00",10,-5.13,34.36
"2025-03-25 06:52:00",5.6,-4.01,50.38
"2025-03-25 07:52:00",9.4,-4.52,37.43
"2025-03-25 08:52:00",11.7,-5.12,30.69
"2025-03-25 09:52:00",12.8,-5.71,27.28
"2025-03-25 10:52:00",13.3,-6.21,25.41
"2025-03-25 11:52:00",12.8,-5.11,28.55
"2025-03-25 12:52:00",15.6,-5.09,23.82
"2025-03-25 13:52:00",16.1,-5.09,23.07
"2025-03-25 14:52:00",16.1,-4.49,24.14
"2025-03-25 15:52:00",16.7,-4.48,23.24
"2025-03-25 16:52:00",15.6,-2.89,28.1
"2025-03-25 17:52:00",15,-1.2,33.11
"2025-03-25 18:52:00",13.9,-0.7,36.87
"2025-03-25 19:52:00",12.8,0.5,43.22
"2025-03-25 20:52:00",11.7,0.5,46.46
"2025-03-25 21:52:00",11.1,-1.21,42.71
"2025-03-25 22:52:00",10.6,-1.21,44.15
"2025-03-25 23:52:00",8.9,-1.2,49.48
"2025-03-26 00:52:00",7.8,-1.2,53.31
"2025-03-26 01:52:00",7.2,-1.8,53.15
"2025-03-26 02:52:00",8.3,-1.2,51.53
"2025-03-26 03:52:00",7.8,-0.69,55.3
"2025-03-26 04:52:00",7.8,-0.69,55.3
"2025-03-26 05:52:00",7.2,-0.69,57.61
"2025-03-26 06:52:00",7.2,-0.69,57.61
"2025-03-26 07:52:00",6.1,-1.19,59.91
"2025-03-26 08:52:00",8.3,-4.02,41.86
"2025-03-26 09:52:00",8.9,-6.23,34.02
"2025-03-26 10:52:00",8.9,-6.23,34.02
"2025-03-26 11:52:00",8.9,-6.83,32.49
"2025-03-26 12:52:00",8.9,-8.43,28.71
"2025-03-26 13:52:00",10,-7.93,27.72
"2025-03-26 14:52:00",11.7,-7.32,25.93
"2025-03-26 15:52:00",11.7,-7.32,25.93
"2025-03-26 16:52:00",11.7,-8.42,23.81
"2025-03-26 17:52:00",11.1,-9.02,23.64
"2025-03-26 18:52:00",10,-9.03,25.44
"2025-03-26 19:52:00",8.9,-9.04,27.39
"2025-03-26 20:52:00",7.2,-8.44,32.22
"2025-03-26 21:52:00",5.6,-7.34,39.18
"2025-03-26 22:52:00",5,-7.94,39
"2025-03-26 23:52:00",3.9,-7.33,44.12
"2025-03-27 00:52:00",1.1,-6.81,55.97
"2025-03-27 01:52:00",0.6,-6.8,58.02
"2025-03-27 02:52:00",-1.7,-6.78,68.63
"2025-03-27 03:52:00",-1.7,-6.78,68.63
"2025-03-27 04:52:00",-2.2,-6.77,71.21
"2025-03-27 05:52:00",-1.7,-6.78,68.63
"2025-03-27 06:52:00",-1.7,-6.78,68.63
"2025-03-27 07:52:00",1.1,-5.09,63.72
"2025-03-27 08:52:00",4.4,-7.93,40.67
"2025-03-27 09:52:00",6.7,-9.54,30.59
"2025-03-27 10:52:00",6.7,6.7,100
"2025-03-27 11:52:00",7.8,-7.33,33.69
"2025-03-27 12:52:00",9.4,-6.23,32.9
"2025-03-27 14:52:00",13.3,-7.31,23.35
"2025-03-27 15:52:00",13.9,-7.3,22.46
"2025-03-27 16:52:00",15,-6.79,21.74
"2025-03-27 17:52:00",15,-6.79,21.74
"2025-03-27 18:52:00",13.9,-5.71,25.39
"2025-03-27 19:52:00",10.6,-5.12,33.01
"2025-03-27 20:52:00",8.3,-4.52,40.32
"2025-03-27 21:52:00",6.7,-4.52,44.97
"2025-03-27 22:52:00",4.4,-4,54.78
"2025-03-27 23:52:00",6.1,-3.41,50.9
"2025-03-28 00:52:00",3.3,-2.28,67.18
"2025-03-28 02:52:00",6.7,-1.19,57.48
"2025-03-28 03:52:00",6.7,-0.08,62.29
"2025-03-28 04:52:00",5.6,-0.07,67.2
"2025-03-28 05:52:00",6.7,-0.08,62.29
"2025-03-28 06:52:00",6.7,-0.69,59.62
"2025-03-28 07:52:00",7.2,-1.2,55.54
"2025-03-28 08:52:00",8.9,-1.2,49.48
"2025-03-28 09:52:00",11.7,-1.21,41.05
"2025-03-28 10:52:00",14.4,-1.2,34.41
"2025-03-28 11:52:00",17.8,-0.07,30.03
"2025-03-28 12:52:00",20,1.64,29.59
"2025-03-28 13:52:00",18.9,2.14,32.84
"2025-03-28 14:52:00",19.4,3.84,35.9
"2025-03-28 15:52:00",20.6,4.35,34.53
"2025-03-28 16:52:00",20.6,5.55,37.54
"2025-03-28 17:52:00",20,8.25,46.88
"2025-03-28 18:52:00",18.9,9.35,54.06
"2025-03-28 19:52:00",17.2,9.96,62.62
"2025-03-28 20:52:00",16.7,9.95,64.63
"2025-03-28 21:52:00",13.9,9.36,74.3
"2025-03-28 22:52:00",11.7,8.87,82.95
"2025-03-28 23:52:00",10.6,8.88,89.23
"2025-03-29 00:52:00",10.6,8.27,85.68
"2025-03-29 01:52:00",13.3,6.64,64.3
"2025-03-29 02:52:00",13.9,6.03,59.33
"2025-03-29 03:52:00",15,5.53,53.39
"2025-03-29 04:52:00",16.1,5.53,49.76
"2025-03-29 05:52:00",15.6,5.53,51.37
"2025-03-29 06:52:00",16.7,5.53,47.9
"2025-03-29 07:52:00",16.7,6.03,49.58
"2025-03-29 08:52:00",17.2,6.64,50.06
"2025-03-29 09:52:00",18.9,6.64,45
"2025-03-29 10:52:00",20,6.65,42.03
"2025-03-29 11:52:00",23.3,7.18,35.56
"2025-03-29 12:52:00",24.4,7.19,33.29
"2025-03-29 13:52:00",26.1,7.21,30.09
"2025-03-29 14:52:00",27.2,6.13,26.15
"2025-03-29 15:52:00",27.2,6.13,26.15
"2025-03-29 16:52:00",27.2,7.23,28.21
"2025-03-29 17:52:00",26.1,6.72,29.08
"2025-03-29 18:52:00",24.4,7.79,34.68
"2025-03-29 19:52:00",22.8,7.17,36.65
"2025-03-29 20:52:00",23.3,8.28,38.33
"2025-03-29 21:52:00",22.2,9.97,45.94
"2025-03-29 22:52:00",21.7,9.97,47.36
"2025-03-29 23:52:00",21.1,9.97,49.13
"2025-03-30 00:52:00",21.1,9.97,49.13
"2025-03-30 01:52:00",21.1,9.97,49.13
"2025-03-30 02:52:00",20.6,9.96,50.66
"2025-03-30 03:52:00",19.4,9.96,54.56
"2025-03-30 04:52:00",18.9,9.96,56.28
"2025-03-30 05:52:00",19.4,9.96,54.56
"2025-03-30 06:52:00",19.4,10.56,56.79
"2025-03-30 07:52:00",18.9,10.56,58.58
"2025-03-30 08:52:00",20,11.66,58.85
"2025-03-30 09:52:00",21.1,12.17,56.84
"2025-03-30 10:52:00",23.3,12.18,49.73
"2025-03-30 11:52:00",25,12.2,44.92
"2025-03-30 12:52:00",26.1,11.71,40.72
"2025-03-30 13:52:00",26.7,10.02,35.11
"2025-03-30 14:52:00",26.1,10.61,37.86
"2025-03-30 15:52:00",26.1,11.71,40.72
"2025-03-30 16:52:00",26.1,11.71,40.72
"2025-03-30 17:52:00",25.6,11.7,41.94
"2025-03-30 18:52:00",25,11.69,43.46
"2025-03-30 19:52:00",23.9,11.68,46.41
"2025-03-30 20:52:00",23.9,11.68,46.41
"2025-03-30 21:52:00",23.3,11.68,48.12
"2025-03-30 22:52:00",22.2,11.67,51.43
"2025-03-30 23:52:00",22.2,11.67,51.43
"2025-03-31 00:52:00",21.1,12.77,59.12
"2025-03-31 01:52:00",21.1,13.87,63.51
"2025-03-31 02:52:00",20.6,14.38,67.65
"2025-03-31 03:52:00",20,14.38,70.2
"2025-03-31 04:52:00",19.4,14.98,75.73
"2025-03-31 05:52:00",18.9,14.98,78.12
"2025-03-31 06:52:00",18.9,14.98,78.12
"2025-03-31 07:52:00",19.4,14.98,75.73
"2025-03-31 08:52:00",20.6,15.58,73.07
"2025-03-31 09:52:00",22.2,14.98,63.76
"2025-03-31 10:52:00",23.3,14.38,57.39
"2025-03-31 11:52:00",25.6,13.9,48.43
"2025-03-31 12:52:00",25.6,13.3,46.58
"2025-03-31 13:52:00",26.7,12.81,42.25
"2025-03-31 14:52:00",27.2,12.82,41.03
"2025-03-31 15:52:00",27.2,12.22,39.45
"2025-03-31 16:52:00",26.7,12.81,42.25
"2025-03-31 17:52:00",27.2,13.32,42.39
"2025-03-31 18:52:00",22.2,13.88,59.39
"2025-03-31 19:52:00",16.7,15.59,93.23
"2025-03-31 20:52:00",16.7,15.59,93.23
"2025-03-31 21:52:00",17.2,16.09,93.26
"2025-03-31 22:52:00",16.7,15.59,93.23
"2025-03-31 23:52:00",16.1,14.39,89.67
"2025-04-01 00:52:00",13.9,10.57,80.51
"2025-04-01 01:52:00",11.1,6.65,74.3
"2025-04-01 02:52:00",9.4,4.34,70.96
"2025-04-01 03:52:00",8.3,2.13,65.42
"2025-04-01 04:52:00",7.8,1.63,65.31
"2025-04-01 05:52:00",6.7,0.52,65.05
"2025-04-01 06:52:00",6.1,-0.68,62.14
"2025-04-01 07:52:00",6.1,-1.19,59.91
"2025-04-01 08:52:00",6.7,-0.69,59.62
"2025-04-01 09:52:00",7.8,-1.2,53.31
"2025-04-01 10:52:00",8.3,-1.2,51.53
"2025-04-01 11:52:00",9.4,-1.21,47.84
"2025-04-01 12:52:00",10,-1.2,45.96
"2025-04-01 13:52:00",11.1,-1.21,42.71
"2025-04-01 14:52:00",12.2,-1.21,39.72
"2025-04-01 15:52:00",12.8,-1.81,36.54
"2025-04-01 16:52:00",13.3,-1.81,35.36
"2025-04-01 17:52:00",12.8,-2.91,33.68
"2025-04-01 18:52:00",12.2,-3.41,33.75
"2025-04-01 19:52:00",10.6,-4.02,35.87
"2025-04-01 20:52:00",11.1,-4.52,33.42
"2025-04-01 21:52:00",8.3,-2.91,45.45
"2025-04-01 22:52:00",7.2,-2.91,48.99
"2025-04-01 23:52:00",5,-1.79,61.87
"2025-04-02 00:52:00",3.9,-0.66,72.44
"2025-04-02 01:52:00",1.7,-1.14,81.63
"2025-04-02 02:52:00",1.7,-1.75,78.11
"2025-04-02 03:52:00",1.1,-1.13,85.23
"2025-04-02 04:52:00",1.1,-0.63,88.4
"2025-04-02 05:52:00",1.7,-0.03,88.46
"2025-04-02 06:52:00",5.6,-0.68,64.33
"2025-04-02 07:52:00",6.1,-0.68,62.14
"2025-04-02 08:52:00",7.2,-0.69,57.61
"2025-04-02 09:52:00",8.3,-0.09,55.84
"2025-04-02 10:52:00",9.4,1.01,56.14
"2025-04-02 11:52:00",11.1,2.72,56.59
"2025-04-02 12:52:00",11.7,2.11,52.11
"2025-04-02 13:52:00",13.3,2.72,48.97
"2025-04-02 14:52:00",13.3,3.22,50.73
"2025-04-02 15:52:00",13.3,3.82,52.92
"2025-04-02 16:52:00",13.3,3.22,50.73
"2025-04-02 17:52:00",13.3,2.11,46.92
"2025-04-02 18:52:00",12.8,2.11,48.48
"2025-04-02 19:52:00",11.7,2.72,54.38
"2025-04-02 20:52:00",11.7,3.22,56.34
"2025-04-02 21:52:00",11.7,4.33,60.88
"2025-04-02 22:52:00",11.7,5.54,66.19
"2025-04-02 23:52:00",11.1,6.65,74.3
"2025-04-03 00:52:00",11.1,7.76,80.11
"2025-04-03 01:52:00",10.6,8.88,89.23
"2025-04-03 02:52:00",10.6,9.39,92.29
"2025-04-03 03:52:00",10.6,9.99,96.07
"2025-04-03 04:52:00",10.6,9.99,96.07
"2025-04-03 05:52:00",10.6,9.99,96.07
"2025-04-03 06:52:00",11.1,10.59,96.73
"2025-04-03 07:52:00",11.7,11.09,96.11
"2025-04-03 08:52:00",12.8,12.19,96.14
"2025-04-03 09:52:00",13.3,12.8,96.79
"2025-04-03 10:52:00",16.1,14.99,93.2
"2025-04-03 11:52:00",17.2,15.59,90.33
"2025-04-03 12:52:00",19.4,16.69,84.41
"2025-04-03 13:52:00",21.1,17.79,81.48
"2025-04-03 14:52:00",23.3,18.29,73.55
"2025-04-03 15:52:00",23.3,18.29,73.55
"2025-04-03 16:52:00",23.9,17.79,68.75
"2025-04-03 17:52:00",23.9,18.29,70.95
"2025-04-03 18:52:00",23.9,18.29,70.95
"2025-04-03 19:52:00",23.9,17.79,68.75
"2025-04-03 20:52:00",23.3,17.79,71.28
"2025-04-03 21:52:00",23.3,18.29,73.55
"2025-04-03 22:52:00",22.8,18.29,75.81
"2025-04-03 23:52:00",22.8,18.29,75.81
"2025-04-04 00:52:00",22.8,18.29,75.81
"2025-04-04 01:52:00",21.7,18.29,81.04
"2025-04-04 02:52:00",21.7,18.29,81.04
"2025-04-04 03:52:00",22.2,18.29,78.61
"2025-04-04 04:52:00",22.8,17.79,73.46
"2025-04-04 05:52:00",19.4,16.08,81.25
"2025-04-04 06:52:00",17.8,16.69,93.29
"2025-04-04 07:52:00",17.2,16.7,96.88
"2025-04-04 08:52:00",18.9,17.19,89.88
"2025-04-04 09:52:00",20,17.79,87.18
"2025-04-04 10:52:00",18.9,16.08,83.82
"2025-04-04 11:52:00",18.9,14.98,78.12
"2025-04-04 12:52:00",19.4,14.38,72.86
"2025-04-04 13:52:00",19.4,13.27,67.84
"2025-04-04 14:52:00",20.6,12.77,60.97
"2025-04-04 15:52:00",21.1,12.77,59.12
"2025-04-04 16:52:00",20.6,12.17,58.61
"2025-04-04 17:52:00",20.6,12.17,58.61
"2025-04-04 18:52:00",20,12.17,60.82
"2025-04-04 19:52:00",19.4,12.17,63.13
"2025-04-04 20:52:00",18.9,11.06,60.56
"2025-04-04 21:52:00",18.3,11.06,62.87
"2025-04-04 22:52:00",16.7,11.06,69.55
"2025-04-04 23:52:00",15,11.07,77.52
"2025-04-05 00:52:00",13.9,11.08,83.23
"2025-04-05 01:52:00",13.9,11.08,83.23
"2025-04-05 02:52:00",13.3,11.08,86.54
"2025-04-05 03:52:00",15,12.18,83.36
"2025-04-05 04:52:00",15.6,11.06,74.59
"2025-04-05 05:52:00",15.6,9.96,69.32
"2025-04-05 06:52:00",16.1,10.56,69.89
"2025-04-05 07:52:00",16.1,11.67,75.18
"2025-04-05 08:52:00",15.6,12.17,80.21
"2025-04-05 09:52:00",16.1,13.28,83.49
"2025-04-05 10:52:00",16.7,14.38,86.31
"2025-04-05 11:52:00",16.7,14.99,89.71
"2025-04-05 12:52:00",17.2,15.59,90.33
"2025-04-05 13:52:00",18.3,15.58,84.29
"2025-04-05 14:52:00",20.6,16.68,78.38
"2025-04-05 15:52:00",22.8,17.19,70.74
"2025-04-05 16:52:00",24.4,17.79,66.73
"2025-04-05 17:52:00",25.6,18.3,64.11
"2025-04-05 18:52:00",23.9,17.79,68.75
"2025-04-05 19:52:00",23.3,17.79,71.28
"2025-04-05 20:52:00",22.2,17.19,73.36
"2025-04-05 21:52:00",20.6,16.08,75.44
"2025-04-05 22:52:00",18.3,14.98,81.11
"2025-04-05 23:52:00",16.7,13.88,83.56
"2025-04-06 00:52:00",15.6,12.17,80.21
"2025-04-06 01:52:00",14.4,11.68,83.84
"2025-04-06 02:52:00",13.9,11.68,86.6
"2025-04-06 03:52:00",13.9,11.68,86.6
"2025-04-06 04:52:00",13.3,11.08,86.54
"2025-04-06 05:52:00",12.8,11.08,89.41
"2025-04-06 06:52:00",12.8,11.69,93.03
"2025-04-06 07:52:00",13.3,11.68,90.04
"2025-04-06 08:52:00",13.9,12.18,89.49
"2025-04-06 09:52:00",15,12.18,83.36
"2025-04-06 10:52:00",16.7,13.28,80.37
"2025-04-06 11:52:00",13.9,12.79,93.09
"2025-04-06 12:52:00",13.9,10.57,80.51
"2025-04-06 13:52:00",13.3,10.57,83.71
"2025-04-06 14:52:00",13.3,8.86,74.69
"2025-04-06 15:52:00",13.3,8.86,74.69
"2025-04-06 16:52:00",13.3,9.36,77.25
"2025-04-06 17:52:00",12.8,9.37,79.81
"2025-04-06 18:52:00",12.8,9.37,79.81
"2025-04-06 19:52:00",12.2,9.37,83.02
"2025-04-06 20:52:00",12.2,9.98,86.42
"2025-04-06 21:52:00",11.1,9.99,92.94
"2025-04-06 22:52:00",11.1,9.99,92.94
"2025-04-06 23:52:00",11.1,9.99,92.94
"2025-04-07 00:52:00",10.6,9.39,92.29
"2025-04-07 01:52:00",10.6,8.27,85.68
"2025-04-07 02:52:00",10,8.89,92.87
"2025-04-07 03:52:00",9.4,8.29,92.84
"2025-04-07 04:52:00",9.4,7.78,89.74
"2025-04-07 05:52:00",8.9,7.79,92.81
"2025-04-07 06:52:00",8.3,7.19,92.78
"2025-04-07 07:52:00",8.3,7.19,92.78
"2025-04-07 08:52:00",7.8,6.69,92.75
"2025-04-07 09:52:00",7.2,5.58,89.56
"2025-04-07 10:52:00",6.7,5.59,92.69
"2025-04-07 11:52:00",7.2,5.58,89.56
"2025-04-07 12:52:00",6.7,5.59,92.69
"2025-04-07 13:52:00",7.2,5.58,89.56
"2025-04-07 14:52:00",7.2,5.58,89.56
"2025-04-07 15:52:00",6.1,4.98,92.65
"2025-04-07 16:52:00",6.7,4.37,85.25
"2025-04-07 17:52:00",7.2,4.36,82.38
"2025-04-07 18:52:00",7.2,4.36,82.38
"2025-04-07 19:52:00",6.7,4.37,85.25
"2025-04-07 20:52:00",6.7,4.37,85.25
"2025-04-07 21:52:00",6.1,4.98,92.65
"2025-04-07 22:52:00",6.1,4.98,92.65
"2025-04-07 23:52:00",5.6,4.99,95.91
"2025-04-08 00:52:00",5.6,4.99,95.91
"2025-04-08 01:52:00",5.6,4.99,95.91
"2025-04-08 02:52:00",6.7,2.75,76.16
"2025-04-08 03:52:00",6.1,-1.8,57.32
"2025-04-08 04:52:00",5,-3.4,54.94
"2025-04-08 05:52:00",3.3,-6.22,50.09
"2025-04-08 06:52:00",1.7,-7.32,51.58
"2025-04-08 07:52:00",1.7,-7.92,49.24
"2025-04-08 08:52:00",2.8,-6.82,49.56
"2025-04-08 09:52:00",3.9,-7.93,42.12
"2025-04-08 10:52:00",5,-8.44,37.51
"2025-04-08 11:52:00",6.1,-8.44,34.75
"2025-04-08 12:52:00",6.7,-7.34,36.32
"2025-04-08 13:52:00",6.7,-8.44,33.35
"2025-04-08 14:52:00",7.2,-9.54,29.56
"2025-04-08 15:52:00",8.3,-10.14,26.16
"2025-04-08 16:52:00",8.3,-9.54,27.43
"2025-04-08 17:52:00",7.2,-11.24,25.83
"2025-04-08 18:52:00",6.7,-11.25,26.73
"2025-04-08 19:52:00",5,-11.25,30.07
"2025-04-08 20:52:00",4.4,-11.25,31.35
"2025-04-08 21:52:00",3.9,-11.25,32.47
"2025-04-08 22:52:00",3.9,-11.25,32.47
"2025-04-08 23:52:00",2.8,-11.25,35.1
"2025-04-09 00:52:00",2.2,-10.74,38.12
"2025-04-09 01:52:00",0.6,-9.53,47.02
"2025-04-09 02:52:00",1.1,-10.74,41.25
"2025-04-09 03:52:00",-2.8,-7.88,68.38
"2025-04-09 04:52:00",0,-10.13,46.84
"2025-04-09 05:52:00",-2.2,-8.39,62.91
"2025-04-09 06:52:00",-2.8,-8.39,65.77
"2025-04-09 07:52:00",0.6,-6.8,58.02
"2025-04-09 08:52:00",3.3,-9.04,40.32
"2025-04-09 09:52:00",4.4,-9.54,35.88
"2025-04-09 10:52:00",5.6,-9.04,34.33
"2025-04-09 11:52:00",6.7,-9.04,31.82
"2025-04-09 12:52:00",8.3,-8.44,29.89
"2025-04-09 13:52:00",9.4,-8.44,27.75
"2025-04-09 14:52:00",10.6,-7.33,27.9
"2025-04-09 15:52:00",11.1,-7.33,26.98
"2025-04-09 16:52:00",11.1,-7.92,25.76
"2025-04-09 17:52:00",11.7,-7.32,25.93
"2025-04-09 18:52:00",11.7,-6.82,26.95
"2025-04-09 19:52:00",8.9,-5.73,35.35
"2025-04-09 20:52:00",8.3,-4.02,41.86
"2025-04-09 21:52:00",7.2,-2.91,48.99
"2025-04-09 22:52:00",7.2,-1.8,53.15
"2025-04-09 23:52:00",7.2,-0.69,57.61
"2025-04-10 00:52:00",6.7,-0.69,59.62
"2025-04-10 01:52:00",6.7,-0.69,59.62
"2025-04-10 02:52:00",6.7,-0.69,59.62
"2025-04-10 03:52:00",6.1,-0.68,62.14
"2025-04-10 04:52:00",6.1,-0.68,62.14
"2025-04-10 05:52:00",6.1,-0.08,64.92
"2025-04-10 06:52:00",6.1,0.53,67.8
"2025-04-10 07:52:00",7.2,0.52,62.86
"2025-04-10 08:52:00",7.8,1.02,62.55
"2025-04-10 09:52:00",8.9,0.51,56
"2025-04-10 10:52:00",11.7,1.61,50.28
"2025-04-10 11:52:00",11.1,1.01,50.11
"2025-04-10 12:52:00",12.2,1,46.6
"2025-04-10 13:52:00",13.9,2.11,45.13
"2025-04-10 14:52:00",13.9,3.22,48.79
"2025-04-10 15:52:00",12.8,4.93,59.06
"2025-04-10 16:52:00",13.3,5.53,59.6
"2025-04-10 17:52:00",12.8,4.33,56.63
"2025-04-10 18:52:00",11.1,6.05,71.29
"2025-04-10 19:52:00",10.6,6.05,73.7
"2025-04-10 20:52:00",10,6.06,76.71
"2025-04-10 21:52:00",10,5.55,74.1
"2025-04-10 22:52:00",10,4.95,71.08
"2025-04-10 23:52:00",9.4,5.56,77.15
"2025-04-11 00:52:00",9.4,5.56,77.15
"2025-04-11 01:52:00",8.9,5.56,79.79
"2025-04-11 02:52:00",8.3,4.96,79.7
"2025-04-11 03:52:00",7.8,4.97,82.46
"2025-04-11 04:52:00",7.2,4.97,85.9
"2025-04-11 05:52:00",7.2,4.97,85.9
"2025-04-11 06:52:00",7.2,4.97,85.9
"2025-04-11 07:52:00",7.8,5.57,85.97
"2025-04-11 08:52:00",7.8,5.57,85.97
"2025-04-11 09:52:00",7.8,5.57,85.97
"2025-04-11 10:52:00",7.8,6.08,88.99
"2025-04-11 11:52:00",7.8,6.69,92.75
"2025-04-11 13:52:00",7.8,6.08,88.99
"2025-04-11 14:52:00",7.8,6.69,92.75
"2025-04-11 15:51:00",8.3,7.19,92.78
"2025-04-11 16:52:00",8.3,7.19,92.78
"2025-04-11 17:52:00",8.3,7.19,92.78
"2025-04-11 18:52:00",8.3,7.19,92.78
"2025-04-11 19:52:00",8.3,7.19,92.78
"2025-04-11 20:52:00",7.8,6.69,92.75
"2025-04-11 21:52:00",7.8,6.69,92.75
"2025-04-11 22:52:00",7.8,6.69,92.75
"2025-04-11 23:52:00",7.8,6.08,88.99
"2025-04-12 00:52:00",7.2,5.58,89.56
"2025-04-12 01:52:00",7.2,5.58,89.56
"2025-04-12 02:52:00",6.7,4.98,88.9
"2025-04-12 03:52:00",6.7,4.98,88.9
"2025-04-12 04:52:00",6.7,4.37,85.25
"2025-04-12 05:52:00",6.7,4.37,85.25
"2025-04-12 06:52:00",6.1,3.87,85.79
"2025-04-12 07:52:00",6.1,3.87,85.79
"2025-04-12 08:52:00",7.2,4.97,85.9
"2025-04-12 09:52:00",7.8,3.85,76.34
"2025-04-12 10:52:00",9.4,4.34,70.96
"2025-04-12 11:52:00",10,3.23,63.08
"2025-04-12 12:52:00",11.1,3.83,61.16
"2025-04-12 13:52:00",11.1,3.83,61.16
"2025-04-12 14:52:00",10,4.95,71.08
"2025-04-12 15:52:00",10.6,3.83,63.23
"2025-04-12 16:52:00",10.6,3.23,60.61
"2025-04-12 17:52:00",10.6,3.23,60.61
"2025-04-12 18:52:00",10.6,2.72,58.5
"2025-04-12 19:52:00",10,2.72,60.89
"2025-04-12 20:52:00",10,2.72,60.89
"2025-04-12 21:52:00",8.9,3.23,67.92
"2025-04-12 22:52:00",8.9,2.73,65.56
"2025-04-12 23:52:00",8.3,4.35,76.43
"2025-04-13 00:52:00",8.3,4.35,76.43
"2025-04-13 01:52:00",8.3,3.24,70.74
"2025-04-13 02:52:00",8.3,2.74,68.28
"2025-04-13 03:52:00",8.3,2.13,65.42
"2025-04-13 04:52:00",8.3,1.62,63.13
"2025-04-13 05:52:00",7.8,1.63,65.31
"2025-04-13 06:52:00",7.8,1.02,62.55
"2025-04-13 07:52:00",7.2,1.03,65.17
"2025-04-13 08:52:00",8.9,1.62,60.61
"2025-04-13 09:52:00",10,1.01,53.92
"2025-04-13 10:52:00",10.6,1.61,54.09
"2025-04-13 11:52:00",11.7,2.11,52.11
"2025-04-13 12:52:00",12.2,2.11,50.42
"2025-04-13 13:52:00",14.4,2.11,43.69
"2025-04-13 14:52:00",15,1.61,40.56
"2025-04-13 15:52:00",16.1,2.72,40.88
"2025-04-13 16:52:00",16.1,1.62,37.8
"2025-04-13 17:52:00",15.6,1.62,39.03
"2025-04-13 18:52:00",15.6,1.01,37.38
"2025-04-13 19:52:00",11.7,2.11,52.11
"2025-04-13 20:52:00",7.8,2.74,70.64
"2025-04-13 21:52:00",7.8,2.74,70.64
"2025-04-13 22:52:00",7.8,3.24,73.18
"2025-04-13 23:52:00",8.3,2.13,65.42
"2025-04-14 00:52:00",8.3,2.74,68.28
"2025-04-14 01:52:00",7.2,2.74,73.59
"2025-04-14 02:52:00",8.3,4.35,76.43
"2025-04-14 03:52:00",8.9,4.35,73.39
"2025-04-14 04:52:00",9.4,3.23,65.67
"2025-04-14 05:52:00",8.3,5.57,83.1
"2025-04-14 06:52:00",9.4,4.34,70.96
"2025-04-14 07:52:00",10.6,3.83,63.23
"2025-04-14 08:52:00",12.2,4.33,58.91
"2025-04-14 09:52:00",13.3,4.32,54.81
"2025-04-14 10:52:00",15,3.82,47.41
"2025-04-14 11:52:00",18.3,4.94,41.53
"2025-04-14 12:52:00",20.6,4.35,34.53
"2025-04-14 13:52:00",21.1,4.96,34.92
"2025-04-14 14:52:00",22.2,6.07,35.24
"2025-04-14 15:52:00",23.3,6.08,32.97
"2025-04-14 16:52:00",23.9,7.19,34.3
"2025-04-14 17:52:00",24.4,7.79,34.68
"2025-04-14 18:52:00",22.8,8.27,39.5
"2025-04-14 19:52:00",21.1,8.26,43.81
"2025-04-14 20:52:00",21.1,8.86,45.63
"2025-04-14 21:52:00",17.2,13.27,77.86
"2025-04-14 22:52:00",16.7,14.38,86.31
"2025-04-14 23:52:00",15.6,14.39,92.58
"2025-04-15 00:52:00",15.6,15,96.23
"2025-04-15 01:52:00",16.1,14.99,93.2
"2025-04-15 02:52:00",15.6,14.39,92.58
"2025-04-15 03:52:00",15.6,13.89,89.63
"2025-04-15 04:52:00",15,13.89,93.14
"2025-04-15 05:52:00",15,14.4,96.21
"2025-04-15 06:52:00",15,13.89,93.14
"2025-04-15 07:52:00",15,13.89,93.14
"2025-04-15 08:52:00",16.1,13.88,86.81
"2025-04-15 09:52:00",16.7,9.95,64.63
"2025-04-15 10:52:00",16.1,5.53,49.76
"2025-04-15 11:52:00",18.3,4.94,41.53
"2025-04-15 12:52:00",18.9,1.04,30.35
"2025-04-15 13:52:00",16.7,2.12,37.71
"2025-04-15 14:52:00",14.4,-1.2,34.41
"2025-04-15 15:52:00",16.1,-1.79,29.53
"2025-04-15 16:52:00",16.1,-0.69,32.01
"2025-04-15 17:52:00",15.6,-0.09,34.52
"2025-04-15 18:52:00",13.9,-1.8,34.01
"2025-04-15 19:52:00",12.8,-1.81,36.54
"2025-04-15 20:52:00",11.7,-1.21,41.05
"2025-04-15 21:52:00",11.1,-0.1,46.28
"2025-04-15 22:52:00",10.6,-0.1,47.84
"2025-04-15 23:52:00",10.6,-0.1,47.84
"2025-04-16 00:52:00",10,-0.7,47.67
"2025-04-16 01:52:00",9.4,-0.7,49.63
"2025-04-16 02:52:00",8.9,-1.2,49.48
"2025-04-16 03:52:00",7.8,-1.81,51.01
"2025-04-16 04:52:00",7.2,-2.31,51.22
"2025-04-16 05:52:00",7.2,-2.31,51.22
"2025-04-16 06:52:00",7.8,-2.31,49.16
"2025-04-16 07:52:00",8.9,-1.81,47.35
"2025-04-16 08:52:00",10,-2.92,40.53
"2025-04-16 09:52:00",10.6,-2.31,40.72
"2025-04-16 10:52:00",11.7,-1.81,39.28
"2025-04-16 11:52:00",13.3,-2.91,32.6
"2025-04-16 12:52:00",13.3,-3.41,31.41
"2025-04-16 13:52:00",13.9,-3.41,30.2
"2025-04-16 14:52:00",15,-2.9,29.2
"2025-04-16 15:52:00",15,-4,26.9
"2025-04-16 16:52:00",15.6,-3.99,25.88
"2025-04-16 17:52:00",15,-4.5,25.9
"2025-04-16 18:52:00",13.9,-4.51,27.81
"2025-04-16 19:52:00",12.8,-5.11,28.55
"2025-04-16 20:52:00",11.7,-4.52,32.11
"2025-04-16 21:52:00",11.1,-5.12,31.93
"2025-04-16 22:52:00",10,-4.52,35.96
"2025-04-16 23:52:00",8.3,-3.42,43.79
"2025-04-17 00:52:00",8.3,-2.91,45.45
"2025-04-17 01:52:00",7.8,-2.91,47.02
"2025-04-17 02:52:00",6.7,-2.3,53.01
"2025-04-17 03:52:00",5,-2.29,59.62
"2025-04-17 04:52:00",4.4,-2.89,59.47
"2025-04-17 05:52:00",1.1,-3.37,72.42
"2025-04-17 06:52:00",3.3,-4,59.18
"2025-04-17 07:52:00",6.7,-2.91,50.7
"2025-04-17 08:52:00",8.3,-3.42,43.79
"2025-04-17 09:52:00",10,-5.73,32.83
"2025-04-17 10:52:00",11.7,-5.12,30.69
"2025-04-17 11:52:00",12.2,-6.22,27.31
"2025-04-17 12:52:00",13.9,-5.1,26.58
"2025-04-17 13:52:00",14.4,-5.1,25.73
"2025-04-17 14:52:00",15.6,-3.99,25.88
"2025-04-17 15:52:00",16.1,-5.09,23.07
"2025-04-17 16:52:00",16.7,-5.08,22.21
"2025-04-17 17:52:00",17.2,-5.07,21.52
"2025-04-17 18:52:00",17.2,-4.48,22.51
"2025-04-17 19:52:00",10.6,-0.1,47.84
"2025-04-17 20:52:00",8.3,-0.7,53.45
"2025-04-17 21:52:00",11.7,-2.92,36.2
"2025-04-17 22:52:00",11.7,-4.02,33.35
"2025-04-17 23:52:00",11.7,-3.42,34.88
"2025-04-18 00:52:00",8.9,-1.81,47.35
"2025-04-18 01:52:00",7.2,-0.08,60.19
"2025-04-18 02:52:00",6.1,-0.08,64.92
"2025-04-18 03:52:00",7.8,1.63,65.31
"2025-04-18 04:52:00",8.3,2.74,68.28
"2025-04-18 05:52:00",8.3,2.74,68.28
"2025-04-18 06:52:00",7.2,3.25,76.24
"2025-04-18 07:52:00",10.6,4.94,68.29
"2025-04-18 08:52:00",12.8,6.04,63.74
"2025-04-18 09:52:00",15.6,6.64,55.42
"2025-04-18 10:52:00",18.3,7.14,48.35
"2025-04-18 11:52:00",21.7,7.76,40.82
"2025-04-18 12:52:00",22.8,6.67,35.41
"2025-04-18 13:52:00",24.4,6.69,32.17
"2025-04-18 14:52:00",26.1,6.72,29.08
"2025-04-18 15:52:00",26.7,6.73,28.07
"2025-04-18 16:52:00",26.7,6.73,28.07
"2025-04-18 17:52:00",26.7,7.22,29.05
"2025-04-18 18:52:00",25.6,7.21,31
"2025-04-18 19:52:00",24.4,7.79,34.68
"2025-04-18 20:52:00",23.9,8.28,36.97
"2025-04-18 21:52:00",23.3,8.88,39.92
"2025-04-18 22:52:00",22.8,9.38,42.55
"2025-04-18 23:52:00",22.8,9.98,44.3
"2025-04-19 00:52:00",22.2,9.97,45.94
"2025-04-19 01:52:00",22.2,9.97,45.94
"2025-04-19 02:52:00",21.7,9.97,47.36
"2025-04-19 03:52:00",21.1,10.56,51.13
"2025-04-19 04:52:00",20.6,10.56,52.73
"2025-04-19 05:52:00",20,10.56,54.71
"2025-04-19 06:52:00",20,11.06,56.56
"2025-04-19 07:52:00",19.4,11.66,61.08
"2025-04-19 08:52:00",20,12.17,60.82
"2025-04-19 09:52:00",20,12.77,63.26
"2025-04-19 10:52:00",20,13.27,65.36
"2025-04-19 11:52:00",20.6,13.87,65.49
"2025-04-19 12:52:00",22.2,13.88,59.39
"2025-04-19 13:52:00",25.6,14.4,50.03
"2025-04-19 14:52:00",25.6,14.4,50.03
"2025-04-19 15:52:00",26.1,15,50.48
"2025-04-19 16:52:00",27.8,15.02,45.7
"2025-04-19 17:52:00",26.7,15.01,48.73
"2025-04-19 18:52:00",26.7,15.01,48.73
"2025-04-19 19:52:00",25,14.99,53.88
"2025-04-19 20:52:00",26.1,14.41,48.57
"2025-04-19 21:52:00",25,14.4,51.84
"2025-04-19 22:52:00",23.3,14.99,59.66
"2025-04-19 23:52:00",22.2,15.58,66.26
"2025-04-20 00:52:00",21.7,15.58,68.31
"2025-04-20 01:52:00",20,15.58,75.83
"2025-04-20 02:52:00",18.3,14.98,81.11
"2025-04-20 03:52:00",17.8,14.98,83.69
"2025-04-20 04:52:00",21.7,13.27,58.88
"2025-04-20 05:52:00",21.7,13.88,61.23
"2025-04-20 08:52:00",21.1,12.77,59.12
"2025-04-20 09:52:00",21.1,11.67,55
"2025-04-20 10:52:00",21.1,11.67,55
"2025-04-20 11:52:00",21.1,11.67,55
"2025-04-20 12:52:00",21.7,11.07,50.96
"2025-04-20 13:52:00",21.7,10.57,49.29
"2025-04-20 14:52:00",22.8,9.98,44.3
"2025-04-20 15:52:00",22.2,8.87,42.66
"2025-04-20 16:52:00",21.7,7.16,39.18
"2025-04-20 17:52:00",22.2,7.77,39.6
"2025-04-20 18:52:00",21.1,6.06,37.69
"2025-04-20 19:52:00",19.4,7.75,47.03
"2025-04-20 20:52:00",17.8,6.64,48.21
"2025-04-20 21:52:00",17.8,5.54,44.68
"2025-04-20 22:52:00",16.7,3.82,42.53
"2025-04-20 23:52:00",16.1,4.93,47.72
"2025-04-21 00:52:00",16.7,8.25,57.64
"2025-04-21 01:52:00",16.1,9.35,64.5
"2025-04-21 02:52:00",15.6,8.25,61.82
"2025-04-21 03:52:00",15.6,7.74,59.76
"2025-04-21 04:52:00",14.4,6.64,59.87
"2025-04-21 05:52:00",13.3,4.93,57.16
"2025-04-21 06:52:00",13.9,4.93,54.97
"2025-04-21 07:52:00",14.4,4.93,53.22
"2025-04-21 08:52:00",14.4,4.93,53.22
"2025-04-21 09:52:00",14.4,6.04,57.45
"2025-04-21 10:52:00",16.1,7.14,55.56
"2025-04-21 11:52:00",17.2,7.14,51.81
"2025-04-21 12:52:00",18.3,8.85,54.27
"2025-04-21 13:52:00",20.6,10.56,52.73
"2025-04-21 14:52:00",21.7,12.77,56.99
"2025-04-21 15:52:00",23.3,12.78,51.72
"2025-04-21 16:52:00",23.9,13.89,53.6
"2025-04-21 17:52:00",22.8,14.98,61.48
"2025-04-21 18:52:00",22.8,15.59,63.9
"2025-04-21 19:52:00",22.2,15.58,66.26
"2025-04-21 20:52:00",21.7,16.08,70.53
"2025-04-21 21:52:00",20.6,16.08,75.44
"2025-04-21 22:52:00",18.3,15.58,84.29
"2025-04-21 23:52:00",18.9,16.08,83.82
"2025-04-22 00:52:00",17.8,15.59,86.98
"2025-04-22 01:52:00",18.9,14.98,78.12
"2025-04-22 02:52:00",18.3,14.38,78.03
"2025-04-22 03:52:00",16.7,14.38,86.31
"2025-04-22 04:52:00",15,13.89,93.14
"2025-04-22 05:52:00",16.1,13.88,86.81
"2025-04-22 06:52:00",16.7,13.88,83.56
"2025-04-22 07:52:00",16.7,14.38,86.31
"2025-04-22 08:52:00",20.6,13.27,62.99
"2025-04-22 09:52:00",22.2,12.77,55.28
"2025-04-22 10:52:00",23.3,12.18,49.73
"2025-04-22 11:52:00",23.9,12.19,47.97
"2025-04-22 12:52:00",25,12.2,44.92
"2025-04-22 13:52:00",24.4,11.09,43.29
"2025-04-22 14:52:00",25,9.4,37.29
"2025-04-22 15:52:00",25,9.4,37.29
"2025-04-22 16:52:00",25,7.8,33.46
"2025-04-22 17:52:00",23.9,6.09,31.8
"2025-04-22 18:52:00",23.3,5.58,31.85
"2025-04-22 19:52:00",21.7,6.06,36.33
"2025-04-22 20:52:00",21.1,4.96,34.92
"2025-04-22 21:52:00",20.6,4.95,36.01
"2025-04-22 22:52:00",18.9,4.34,38.36
"2025-04-22 23:52:00",17.2,4.33,42.68
"2025-04-23 00:52:00",16.7,3.82,42.53
"2025-04-23 01:52:00",15,4.32,49.1
"2025-04-23 02:52:00",11.7,4.33,60.88
"2025-04-23 03:52:00",10,4.34,68.16
"2025-04-23 04:52:00",9.4,4.34,70.96
"2025-04-23 05:52:00",7.2,4.36,82.38
"2025-04-23 06:52:00",8.3,4.96,79.7
"2025-04-23 07:52:00",12.8,7.75,71.62
"2025-04-23 08:52:00",17.2,4.33,42.68
"2025-04-23 09:52:00",18.9,1.04,30.35
"2025-04-23 10:52:00",19.4,1.64,30.71
"2025-04-23 11:52:00",20.6,0.55,26.35
"2025-04-23 12:52:00",21.7,1.07,25.54
"2025-04-23 13:52:00",22.8,1.08,23.88
"2025-04-23 14:52:00",23.9,1.7,23.34
"2025-04-23 15:52:00",23.9,-0.59,19.76
"2025-04-23 16:52:00",25,1.12,20.93
"2025-04-23 17:52:00",25,0.62,20.19
"2025-04-23 18:52:00",23.3,3.28,27.11
"2025-04-23 19:52:00",21.1,2.76,29.91
"2025-04-23 20:52:00",20,2.75,32.01
"2025-04-23 21:52:00",17.8,3.83,39.68
"2025-04-23 22:52:00",17.2,7.14,51.81
"2025-04-23 23:52:00",16.1,8.25,59.88
"2025-04-24 00:52:00",15,8.25,64.25
"2025-04-24 01:52:00",12.2,7.76,74.5
"2025-04-24 02:52:00",12.2,7.76,74.5
"2025-04-24 03:52:00",12.2,7.76,74.5
"2025-04-24 04:52:00",9.4,7.17,86.14
"2025-04-24 05:52:00",10,7.77,86.2
"2025-04-24 06:52:00",10.6,7.77,82.82
"2025-04-24 07:52:00",12.8,8.86,77.17
"2025-04-24 08:52:00",16.1,8.85,62.36
"2025-04-24 09:52:00",20,7.75,45.31
"2025-04-24 10:52:00",21.7,6.06,36.33
"2025-04-24 11:52:00",22.8,4.97,31.48
"2025-04-24 12:52:00",23.3,4.98,30.55
"2025-04-24 13:52:00",25,5.6,28.77
"2025-04-24 14:52:00",24.4,2.8,24.5
"2025-04-24 15:52:00",25,4.41,26.46
"2025-04-24 16:52:00",25,5.6,28.77
"2025-04-24 17:52:00",24.4,3.3,25.38
"2025-04-24 18:52:00",23.3,3.88,28.28
"2025-04-24 19:52:00",21.7,4.36,32.28
"2025-04-24 20:52:00",19.4,5.54,40.43
"2025-04-24 21:52:00",18.3,5.54,43.3
"2025-04-24 22:52:00",16.7,5.53,47.9
"2025-04-24 23:52:00",15.6,5.53,51.37
"2025-04-25 00:52:00",14.4,6.64,59.87
"2025-04-25 01:52:00",12.8,7.15,68.75
"2025-04-25 02:52:00",11.1,7.76,80.11
"2025-04-25 03:52:00",12.2,8.87,80.27
"2025-04-25 04:52:00",12.2,9.37,83.02
"2025-04-25 05:52:00",11.1,8.88,86.31
"2025-04-25 06:52:00",12.8,9.37,79.81
"2025-04-25 07:52:00",16.1,11.06,72.25
"2025-04-25 08:52:00",17.8,12.77,72.57
"2025-04-25 09:52:00",20,13.87,67.96
"2025-04-25 10:52:00",21.7,14.98,65.73
"2025-04-25 11:52:00",23.3,16.09,64.01
"2025-04-25 12:52:00",22.8,14.98,61.48
"2025-04-25 13:52:00",23.3,14.99,59.66
"2025-04-25 14:52:00",23.9,14.99,57.54
"2025-04-25 15:52:00",24.4,14.99,55.85
"2025-04-25 16:52:00",23.9,15.59,59.8
"2025-04-25 17:52:00",23.3,16.09,64.01
"2025-04-25 18:52:00",22.2,16.08,68.41
"2025-04-25 19:52:00",21.1,16.68,76.01
"2025-04-25 20:52:00",20.6,16.68,78.38
"2025-04-25 21:52:00",20.6,16.68,78.38
"2025-04-25 22:52:00",18.9,17.19,89.88
"2025-04-25 23:52:00",18.3,17.8,96.91
"2025-04-26 00:52:00",18.3,17.8,96.91
"2025-04-26 01:52:00",18.3,17.8,96.91
"2025-04-26 02:52:00",18.3,17.8,96.91
"2025-04-26 03:52:00",18.9,17.79,93.34
"2025-04-26 04:52:00",18.9,17.79,93.34
"2025-04-26 05:52:00",18.3,17.8,96.91
"2025-04-26 06:52:00",18.3,17.19,93.31
"2025-04-26 07:52:00",18.3,17.8,96.91
"2025-04-26 08:52:00",18.9,18.3,96.32
"2025-04-26 09:52:00",19.4,18.29,93.37
"2025-04-26 10:52:00",20,18.29,89.96
"2025-04-26 11:52:00",20.6,18.29,86.69
"2025-04-26 12:52:00",22.2,18.89,81.62
"2025-04-26 13:52:00",22.8,18.29,75.81
"2025-04-26 14:52:00",24.4,18.89,71.48
"2025-04-26 15:52:00",23.9,17.19,66.2
"2025-04-26 16:52:00",24.4,13.89,52.02
"2025-04-26 17:52:00",21.7,11.67,53.02
"2025-04-26 18:52:00",18.9,8.85,52.27
"2025-04-26 19:52:00",15.6,7.14,57.36
"2025-04-26 20:52:00",13.9,4.93,54.97
"2025-04-26 21:52:00",12.8,3.22,52.42
"2025-04-26 22:52:00",12.2,2.72,52.62
"2025-04-26 23:52:00",11.7,2.11,52.11
"2025-04-27 00:52:00",10.6,1.01,51.8
"2025-04-27 01:52:00",10,-0.1,49.8
"2025-04-27 02:52:00",10,-0.1,49.8
"2025-04-27 03:52:00",10,-0.1,49.8
"2025-04-27 04:52:00",9.4,-0.1,51.84
"2025-04-27 05:52:00",8.9,-0.09,53.62
"2025-04-27 06:52:00",8.3,0.51,58.32
"2025-04-27 07:52:00",9.4,0.51,54.15
"2025-04-27 08:52:00",11.1,0.5,48.34
"2025-04-27 09:52:00",13.3,0.5,41.83
"2025-04-27 10:52:00",14.4,-0.1,37.29
"2025-04-27 11:52:00",16.1,-0.69,32.01
"2025-04-27 12:52:00",17.8,-1.17,27.71
"2025-04-27 13:52:00",18.3,-3.37,22.82
"2025-04-27 14:52:00",19.4,-3.35,21.31
"2025-04-27 15:52:00",20.6,-1.74,22.28
"2025-04-27 16:52:00",20.6,-2.24,21.47
"2025-04-27 17:52:00",20.6,-2.24,21.47
"2025-04-27 18:52:00",20,-2.84,21.31
"2025-04-27 19:52:00",18.3,-2.27,24.76
"2025-04-27 20:52:00",16.7,-2.28,27.39
"2025-04-27 21:52:00",13.9,-1.2,35.55
"2025-04-27 22:52:00",10,-0.1,49.8
"2025-04-27 23:52:00",8.3,1.02,60.46
"2025-04-28 00:52:00",7.2,1.03,65.17
"2025-04-28 01:52:00",6.7,0.52,65.05
"2025-04-28 02:52:00",5,0.54,73.18
"2025-04-28 03:52:00",5.6,0.53,70.19
"2025-04-28 04:52:00",3.9,1.06,81.94
"2025-04-28 05:52:00",3.9,1.06,81.94
"2025-04-28 06:52:00",3.9,1.06,81.94
"2025-04-28 07:52:00",10.6,2.12,56.05
"2025-04-28 08:52:00",14.4,2.11,43.69
"2025-04-28 09:52:00",17.2,-0.68,29.85
"2025-04-28 10:52:00",18.9,-1.16,25.87
"2025-04-28 11:52:00",20,-1.15,24.16
"2025-04-28 12:52:00",21.7,0.57,24.63
"2025-04-28 13:52:00",21.1,0.56,25.55
"2025-04-28 14:52:00",22.2,1.07,24.77
"2025-04-28 15:52:00",22.8,1.08,23.88
"2025-04-28 16:52:00",23.3,1.68,24.19
"2025-04-28 17:52:00",22.2,2.17,26.8
"2025-04-28 18:52:00",21.7,2.16,27.63
"2025-04-28 19:52:00",20,2.75,32.01
"2025-04-28 20:52:00",17.8,3.23,38.04
"2025-04-28 21:52:00",16.7,3.22,40.77
"2025-04-28 22:52:00",16.1,3.22,42.36
"2025-04-28 23:52:00",15.6,4.32,47.25
"2025-04-29 00:52:00",14.4,4.32,51.04
"2025-04-29 01:52:00",13.9,3.82,50.9
"2025-04-29 02:52:00",12.8,3.82,54.68
"2025-04-29 03:52:00",11.7,3.83,58.78
"2025-04-29 04:52:00",12.2,3.83,56.88
"2025-04-29 05:52:00",12.2,3.83,56.88
"2025-04-29 06:52:00",12.2,4.93,61.43
"2025-04-29 07:52:00",13.3,6.04,61.69
"2025-04-29 08:52:00",15.6,7.14,57.36
"2025-04-29 09:52:00",17.8,7.14,49.89
"2025-04-29 10:52:00",20,8.86,48.82
"2025-04-29 11:52:00",22.8,9.98,44.3
"2025-04-29 12:52:00",25.6,11.1,40.31
"2025-04-29 13:52:00",26.1,11.11,39.14
"2025-04-29 14:52:00",27.2,12.22,39.45
"2025-04-29 15:52:00",27.8,12.83,39.62
"2025-04-29 16:52:00",28.3,13.93,41.34
"2025-04-29 17:52:00",27.8,13.92,42.56
"2025-04-29 18:52:00",26.7,14.41,46.88
"2025-04-29 19:52:00",26.1,14.41,48.57
"2025-04-29 20:52:00",25,14.99,53.88
"2025-04-29 21:52:00",24.4,14.99,55.85
"2025-04-29 22:52:00",23.9,14.99,57.54
"2025-04-29 23:52:00",22.8,14.98,61.48
"2025-04-30 00:52:00",22.2,15.58,66.26
"2025-04-30 01:52:00",21.7,15.58,68.31
"2025-04-30 02:52:00",20,16.68,81.33
"2025-04-30 03:52:00",19.4,17.19,87.13
"2025-04-30 04:52:00",17.8,17.2,96.29
"2025-04-30 06:52:00",18.9,16.08,83.82
"2025-04-30 07:52:00",21.7,16.68,73.27
"2025-04-30 08:52:00",22.2,16.08,68.41
"2025-04-30 09:52:00",22.2,16.08,68.41
"2025-04-30 10:52:00",23.9,15.59,59.8
"2025-04-30 11:52:00",25,15.6,56
"2025-04-30 12:52:00",25.6,15.6,54.04
"2025-04-30 13:52:00",26.1,14.41,48.57
"2025-04-30 14:52:00",27.2,13.32,42.39
"2025-04-30 15:52:00",28.3,12.83,38.49
"2025-04-30 16:52:00",27.8,11.73,36.86
"2025-04-30 17:52:00",27.8,11.13,35.42
"2025-04-30 18:52:00",26.7,10.61,36.54
"2025-04-30 19:52:00",24.4,11.09,43.29
"2025-04-30 20:52:00",20.6,13.27,62.99
"2025-04-30 21:52:00",19.4,12.77,65.66
"2025-04-30 22:52:00",20.6,12.77,60.97
"2025-04-30 23:52:00",18.9,11.66,63.01
"2025-05-01 00:52:00",17.2,10.56,65.18
"2025-05-01 01:52:00",16.1,10.56,69.89
"2025-05-01 02:52:00",15,10.57,74.99
"2025-05-01 03:52:00",15,9.96,72.04
"2025-05-01 04:52:00",13.9,9.97,77.35
"2025-05-01 05:52:00",13.3,9.97,80.42
"2025-05-01 06:52:00",16.1,8.85,62.36
"2025-05-01 07:52:00",17.2,9.35,60.15
"2025-05-01 08:52:00",18.9,11.06,60.56
"2025-05-01 09:52:00",21.7,13.88,61.23
"2025-05-01 10:52:00",23.3,15.59,62
"2025-05-01 11:52:00",23.9,16.09,61.74
"2025-05-01 12:52:00",25.6,17.8,62.13
"2025-05-01 13:52:00",27.2,18.31,58.35
"2025-05-01 14:52:00",27.2,17.81,56.55
"2025-05-01 15:52:00",27.8,18.92,58.49
"2025-05-01 16:52:00",27.2,18.91,60.58
"2025-05-01 17:52:00",26.7,19.41,64.35
"2025-05-01 18:52:00",26.1,20,69.19
"2025-05-01 19:52:00",25,18.9,68.97
"2025-05-01 20:52:00",23.9,18.29,70.95
"2025-05-01 21:52:00",23.9,17.19,66.2
"2025-05-01 22:52:00",23.9,15.59,59.8
"2025-05-01 23:52:00",23.9,14.99,57.54
"2025-05-02 00:52:00",23.9,14.99,57.54
"2025-05-02 01:52:00",22.8,15.59,63.9
"2025-05-02 02:52:00",22.8,15.59,63.9
"2025-05-02 03:52:00",20,15.58,75.83
"2025-05-02 04:52:00",18.9,16.08,83.82
"2025-05-02 05:52:00",20.6,15.58,73.07
"2025-05-02 06:52:00",20,15.58,75.83
"2025-05-02 07:52:00",21.7,15.58,68.31
"2025-05-02 08:52:00",22.8,15.59,63.9
"2025-05-02 09:52:00",24.4,16.09,59.92
"2025-05-02 10:52:00",26.7,15.61,50.64
"2025-05-02 11:52:00",27.2,14.42,45.53
"2025-05-02 12:52:00",26.7,13.31,43.66
"2025-05-02 13:52:00",27.2,13.92,44.08
"2025-05-02 14:52:00",28.3,13.33,39.76
"2025-05-02 15:52:00",23.3,16.69,66.5
"2025-05-02 16:52:00",27.8,15.02,45.7
"2025-05-02 17:52:00",27.2,13.92,44.08
"2025-05-02 18:52:00",27.2,14.42,45.53
"2025-05-02 19:52:00",25,14.4,51.84
"2025-05-02 20:52:00",24.4,13.89,52.02
"2025-05-02 21:52:00",25,13.3,48.27
"2025-05-02 22:52:00",23.3,13.28,53.44
"2025-05-02 23:52:00",22.2,13.88,59.39
"2025-05-03 00:52:00",21.7,13.88,61.23
"2025-05-03 01:52:00",21.1,13.87,63.51
"2025-05-03 02:52:00",18.9,13.87,72.77
"2025-05-03 03:52:00",18.3,13.88,75.55
"2025-05-03 04:52:00",18.9,14.38,75.16
"2025-05-03 05:52:00",18.3,14.38,78.03
"2025-05-03 06:52:00",18.3,14.98,81.11
"2025-05-03 07:52:00",19.4,15.58,78.7
"2025-05-03 08:52:00",20,16.08,78.29
"2025-05-03 09:52:00",21.7,16.08,70.53
"2025-05-03 10:52:00",22.8,15.59,63.9
"2025-05-03 11:52:00",23.9,16.69,64.14
"2025-05-03 12:52:00",25,15.6,56
"2025-05-03 13:52:00",26.1,15,50.48
"2025-05-03 14:52:00",26.7,15.61,50.64
"2025-05-03 15:52:00",27.8,15.62,47.49
"2025-05-03 16:52:00",27.2,16.12,50.78
"2025-05-03 17:52:00",26.1,15,50.48
"2025-05-03 18:52:00",22.8,14.98,61.48
"2025-05-03 19:52:00",21.7,15.58,68.31
"2025-05-03 20:52:00",18.9,16.69,87.08
"2025-05-03 21:52:00",18.9,16.69,87.08
"2025-05-03 22:52:00",18.3,16.69,90.41
"2025-05-03 23:52:00",18.3,16.09,87.02
"2025-05-04 00:52:00",17.8,16.69,93.29
"2025-05-04 01:52:00",17.8,17.2,96.29
"2025-05-04 02:52:00",17.2,17.2,100
"2025-05-04 03:52:00",17.2,16.7,96.88
"2025-05-04 04:52:00",17.2,16.7,96.88
"2025-05-04 05:52:00",17.2,16.7,96.88
"2025-05-04 06:52:00",17.2,16.7,96.88
"2025-05-04 07:52:00",17.8,17.2,96.29
"2025-05-04 08:52:00",17.8,17.2,96.29
"2025-05-04 09:52:00",18.3,17.19,93.31
"2025-05-04 10:52:00",20,17.79,87.18
"2025-05-04 11:52:00",20.6,17.79,84.02
"2025-05-04 12:52:00",21.1,18.29,84.07
"2025-05-04 13:52:00",21.7,17.79,78.54
"2025-05-04 14:52:00",23.3,17.79,71.28
"2025-05-04 15:52:00",23.3,15.59,62
"2025-05-04 16:52:00",24.4,16.09,59.92
"2025-05-04 17:52:00",22.2,17.19,73.36
"2025-05-04 18:52:00",21.7,16.68,73.27
"2025-05-04 19:52:00",20.6,16.68,78.38
"2025-05-04 20:52:00",19.4,16.08,81.25
"2025-05-04 21:52:00",18.3,16.09,87.02
"2025-05-04 22:52:00",18.3,16.69,90.41
"2025-05-04 23:52:00",17.8,16.69,93.29
"2025-05-05 00:52:00",17.2,16.7,96.88
"2025-05-05 01:52:00",17.8,16.69,93.29
"2025-05-05 02:52:00",17.8,16.69,93.29
"2025-05-05 03:52:00",16.7,16.1,96.26
"2025-05-05 04:52:00",16.7,16.1,96.26
"2025-05-05 05:52:00",16.7,16.1,96.26
"2025-05-05 06:52:00",17.2,16.7,96.88
"2025-05-05 07:52:00",17.8,16.09,89.8
"2025-05-05 08:52:00",18.9,16.69,87.08
"2025-05-05 09:52:00",19.4,16.69,84.41
"2025-05-05 10:52:00",20,16.68,81.33
"2025-05-05 11:52:00",20.6,16.68,78.38
"2025-05-05 12:52:00",19.4,17.79,90.49
"2025-05-05 13:52:00",20.6,18.29,86.69
"2025-05-05 14:52:00",21.1,17.79,81.48
"2025-05-05 15:52:00",22.2,18.89,81.62
"2025-05-05 16:52:00",23.3,17.79,71.28
"2025-05-05 17:52:00",22.2,17.79,76.19
"2025-05-05 18:52:00",21.7,17.79,78.54
"2025-05-05 19:52:00",16.7,15.59,93.23
"2025-05-05 20:52:00",16.1,14.99,93.2
"2025-05-05 21:52:00",16.1,15.6,96.86
"2025-05-05 22:52:00",16.7,15.59,93.23
"2025-05-05 23:52:00",17.2,16.09,93.26
"2025-05-06 00:52:00",17.2,16.09,93.26
"2025-05-06 01:52:00",17.2,16.09,93.26
"2025-05-06 02:52:00",16.1,15.6,96.86
"2025-05-06 03:52:00",15.6,15,96.23
"2025-05-06 04:52:00",15,15,100
"2025-05-06 05:52:00",15,15,100
"2025-05-06 06:52:00",15.6,14.39,92.58
"2025-05-06 07:52:00",16.1,14.39,89.67
"2025-05-06 08:52:00",17.2,13.88,80.96
"2025-05-06 09:52:00",18.9,12.77,67.74
"2025-05-06 10:52:00",18.9,12.77,67.74
"2025-05-06 11:52:00",20,13.27,65.36
"2025-05-06 12:52:00",20.6,13.87,65.49
"2025-05-06 13:52:00",17.8,11.06,64.88
"2025-05-06 14:52:00",20,13.87,67.96
"2025-05-06 15:52:00",17.2,12.77,75.36
"2025-05-06 16:52:00",20.6,10.56,52.73
"2025-05-06 17:52:00",21.1,11.07,52.86
"2025-05-06 18:52:00",20.6,11.67,56.72
"2025-05-06 19:52:00",18.3,13.88,75.55
"2025-05-06 20:52:00",18.3,9.35,56.13
"2025-05-06 21:52:00",17.2,8.25,55.84
"2025-05-06 22:52:00",16.7,8.25,57.64
"2025-05-06 23:52:00",16.7,7.74,55.71
"2025-05-07 00:52:00",15,9.96,72.04
"2025-05-07 01:52:00",13.9,11.08,83.23
"2025-05-07 02:52:00",13.9,11.68,86.6
"2025-05-07 03:52:00",13.9,11.68,86.6
"2025-05-07 04:52:00",13.3,12.19,93.05
"2025-05-07 05:52:00",13.9,11.68,86.6
"2025-05-07 06:52:00",14.4,9.96,74.88
"2025-05-07 07:52:00",16.1,11.06,72.25
"2025-05-07 08:52:00",17.8,11.66,67.51
"2025-05-07 09:52:00",18.9,9.96,56.28
"2025-05-07 10:52:00",19.4,9.36,52.41
"2025-05-07 11:52:00",21.1,10.56,51.13
"2025-05-07 12:52:00",21.7,11.07,50.96
"2025-05-07 13:52:00",21.7,9.97,47.36
"2025-05-07 14:52:00",22.8,10.57,46.1
"2025-05-07 15:52:00",22.2,9.97,45.94
"2025-05-07 16:52:00",22.2,10.57,47.81
"2025-05-07 17:52:00",22.2,10.57,47.81
"2025-05-07 18:52:00",22.2,9.97,45.94
"2025-05-07 19:52:00",19.4,11.06,58.71
"2025-05-07 20:52:00",17.2,11.06,67.38
"2025-05-07 21:52:00",17.2,11.06,67.38
"2025-05-07 22:52:00",16.1,12.17,77.69
"2025-05-07 23:52:00",16.7,11.67,72.36
"2025-05-08 00:52:00",15,12.18,83.36
"2025-05-08 01:52:00",13.9,12.18,89.49
"2025-05-08 02:52:00",12.8,11.69,93.03
"2025-05-08 03:52:00",12.2,11.69,96.76
"2025-05-08 04:52:00",12.2,11.69,96.76
"2025-05-08 05:52:00",12.8,11.69,93.03
"2025-05-08 06:52:00",13.9,12.79,93.09
"2025-05-08 07:52:00",17.8,14.38,80.52
"2025-05-08 08:52:00",20.6,12.77,60.97
"2025-05-08 09:52:00",21.7,13.88,61.23
"2025-05-08 10:52:00",22.2,12.17,53.15
"2025-05-08 11:52:00",22.8,11.08,47.66
"2025-05-08 12:52:00",23.3,12.18,49.73
"2025-05-08 13:52:00",24.4,12.79,48.42
"2025-05-08 14:52:00",23.9,12.79,49.89
"2025-05-08 15:52:00",19.4,16.08,81.25
"2025-05-08 16:52:00",21.7,16.08,70.53
"2025-05-08 17:52:00",21.1,15.58,70.86
"2025-05-08 18:52:00",21.1,14.98,68.19
"2025-05-08 19:52:00",20,14.98,72.97
"2025-05-08 20:52:00",18.9,14.38,75.16
"2025-05-08 21:52:00",18.3,16.09,87.02
"2025-05-08 22:52:00",20,14.38,70.2
"2025-05-08 23:52:00",17.8,12.77,72.57
"2025-05-09 00:52:00",17.2,12.77,75.36
"2025-05-09 01:52:00",15,14.4,96.21
"2025-05-09 02:52:00",15,13.89,93.14
"2025-05-09 03:52:00",15,13.89,93.14
"2025-05-09 04:52:00",15,13.29,89.58
"2025-05-09 05:52:00",13.9,12.79,93.09
"2025-05-09 06:52:00",13.3,12.19,93.05
"2025-05-09 07:52:00",13.3,12.19,93.05
"2025-05-09 08:52:00",13.3,12.19,93.05
"2025-05-09 09:52:00",13.3,12.19,93.05
"2025-05-09 10:52:00",13.9,12.18,89.49
"2025-05-09 11:52:00",13.9,12.18,89.49
"2025-05-09 12:52:00",12.8,11.08,89.41
"2025-05-09 13:52:00",14.4,11.07,80.58
"2025-05-09 14:52:00",14.4,9.96,74.88
"2025-05-09 15:52:00",16.1,9.35,64.5
"2025-05-09 16:52:00",17.2,9.35,60.15
"2025-05-09 17:52:00",17.2,7.14,51.81
"2025-05-09 18:52:00",16.7,7.14,53.48
"2025-05-09 19:52:00",15,7.14,59.61
"2025-05-09 20:52:00",13.9,6.64,61.84
"2025-05-09 21:52:00",12.2,3.83,56.88
"2025-05-09 22:52:00",11.1,3.83,61.16
"2025-05-09 23:52:00",11.7,2.11,52.11
"2025-05-10 00:52:00",11.7,2.11,52.11
"2025-05-10 01:52:00",10,2.72,60.89
"2025-05-10 02:52:00",9.4,2.12,60.74
"2025-05-10 03:52:00",8.9,2.12,62.82
"2025-05-10 04:52:00",9.4,1.62,58.61
"2025-05-10 05:52:00",8.3,1.62,63.13
"2025-05-10 06:52:00",8.9,2.12,62.82
"2025-05-10 07:52:00",12.2,2.11,50.42
"2025-05-10 08:52:00",14.4,2.71,45.59
"2025-05-10 09:52:00",16.1,1.02,36.21
"2025-05-10 10:52:00",17.2,1.02,33.77
"2025-05-10 11:52:00",18.9,2.14,32.84
"2025-05-10 12:52:00",19.4,2.14,31.83
"2025-05-10 13:52:00",20.6,2.75,30.84
"2025-05-10 14:52:00",21.7,1.67,26.66
"2025-05-10 15:52:00",22.8,2.78,26.97
"2025-05-10 16:52:00",23.3,2.79,26.17
"2025-05-10 17:52:00",22.8,2.18,25.84
"2025-05-10 18:52:00",22.2,5.57,34.04
"2025-05-10 19:52:00",20,6.65,42.03
"2025-05-10 20:52:00",16.7,6.64,51.67
"2025-05-10 21:52:00",16.1,7.14,55.56
"2025-05-10 22:52:00",15,7.74,62.1
"2025-05-10 23:52:00",15,7.14,59.61
"2025-05-11 00:52:00",15,7.14,59.61
"2025-05-11 01:52:00",13.3,7.15,66.54
"2025-05-11 02:52:00",11.7,7.76,76.99
"2025-05-11 03:52:00",11.1,8.27,82.88
"2025-05-11 04:52:00",10,7.77,86.2
"2025-05-11 05:52:00",9.4,7.78,89.74
"2025-05-11 06:52:00",11.1,8.88,86.31
"2025-05-11 07:52:00",14.4,10.57,77.94
"2025-05-11 08:52:00",17.2,10.56,65.18
"2025-05-11 09:52:00",20.6,9.36,48.66
"2025-05-11 10:52:00",22.8,9.38,42.55
"2025-05-11 11:52:00",25,7.8,33.46
"2025-05-11 12:52:00",25.6,6.71,29.95
"2025-05-11 13:52:00",26.1,8.31,32.43
"2025-05-11 14:52:00",26.1,8.31,32.43
"2025-05-11 15:52:00",26.1,10.01,36.37
"2025-05-11 16:52:00",26.7,10.61,36.54
"2025-05-11 17:52:00",25.6,11.1,40.31
"2025-05-11 18:52:00",23.9,11.09,44.61
"2025-05-11 19:52:00",22.8,11.68,49.59
"2025-05-11 20:52:00",19.4,11.06,58.71
"2025-05-11 21:52:00",19.4,11.06,58.71
"2025-05-11 22:52:00",18.3,11.66,65.42
"2025-05-11 23:52:00",16.7,11.67,72.36
"2025-05-12 00:52:00",16.1,11.67,75.18
"2025-05-12 01:52:00",15,11.67,80.66
"2025-05-12 02:52:00",13.3,11.08,86.54
"2025-05-12 03:52:00",11.7,10.59,92.97
"2025-05-12 04:52:00",11.7,10.59,92.97
"2025-05-12 05:52:00",11.1,10.59,96.73
"2025-05-12 06:52:00",11.7,11.09,96.11
"2025-05-12 07:52:00",16.7,12.77,77.79
"2025-05-12 08:52:00",19.4,13.27,67.84
"2025-05-12 09:52:00",22.2,12.17,53.15
"2025-05-12 10:52:00",23.3,9.98,42.98
"2025-05-12 11:52:00",23.3,11.08,46.25
"2025-05-12 12:52:00",24.4,11.69,45.04
"2025-05-12 13:52:00",24.4,12.79,48.42
"2025-05-12 14:52:00",23.3,13.28,53.44
"2025-05-12 15:52:00",23.3,14.38,57.39
"2025-05-12 16:52:00",22.2,14.98,63.76
"2025-05-12 17:52:00",21.7,16.68,73.27
"2025-05-12 18:52:00",21.1,17.19,78.45
"2025-05-12 19:52:00",20.6,17.19,80.9
"2025-05-12 20:52:00",20.6,16.68,78.38
"2025-05-12 21:52:00",20,16.08,78.29
"2025-05-12 22:52:00",19.4,16.08,81.25
"2025-05-12 23:52:00",18.9,17.19,89.88
"2025-05-13 00:52:00",18.3,17.19,93.31
"2025-05-13 01:52:00",18.3,17.19,93.31
"2025-05-13 02:52:00",18.3,17.8,96.91
"2025-05-13 03:52:00",18.3,17.8,96.91
"2025-05-13 04:52:00",18.3,17.8,96.91
"2025-05-13 05:52:00",18.9,18.3,96.32
"2025-05-13 06:52:00",18.9,17.79,93.34
"2025-05-13 07:52:00",18.9,17.79,93.34
"2025-05-13 08:52:00",18.3,17.8,96.91
"2025-05-13 09:52:00",18.9,17.79,93.34
"2025-05-13 10:52:00",19.4,17.79,90.49
"2025-05-13 11:52:00",19.4,17.79,90.49
"2025-05-13 12:52:00",18.9,17.19,89.88
"2025-05-13 13:52:00",18.3,17.19,93.31
"2025-05-13 14:52:00",18.9,17.19,89.88
"2025-05-13 15:52:00",18.3,17.19,93.31
"2025-05-13 16:52:00",18.3,17.19,93.31
"2025-05-13 17:52:00",18.3,17.19,93.31
"2025-05-13 18:52:00",18.9,17.79,93.34
"2025-05-13 19:52:00",18.3,17.19,93.31
"2025-05-13 20:52:00",17.8,17.2,96.29
"2025-05-13 21:52:00",17.8,16.69,93.29
"2025-05-13 22:52:00",17.2,16.7,96.88
"2025-05-13 23:52:00",17.2,16.09,93.26
"2025-05-14 00:52:00",16.7,16.1,96.26
"2025-05-14 01:52:00",16.7,15.59,93.23
"2025-05-14 02:52:00",16.7,16.1,96.26
"2025-05-14 03:52:00",16.7,16.1,96.26
"2025-05-14 04:52:00",17.2,16.7,96.88
"2025-05-14 05:52:00",16.7,16.1,96.26
"2025-05-14 06:52:00",16.7,16.1,96.26
"2025-05-14 07:52:00",17.2,16.09,93.26
"2025-05-14 08:52:00",17.2,16.7,96.88
"2025-05-14 09:52:00",17.8,16.69,93.29
"2025-05-14 10:52:00",18.3,17.19,93.31
"2025-05-14 11:52:00",19.4,17.19,87.13
"2025-05-14 12:52:00",20.6,17.79,84.02
"2025-05-14 13:52:00",20,17.79,87.18
"2025-05-14 14:52:00",21.1,17.79,81.48
"2025-05-14 15:52:00",22.2,18.29,78.61
"2025-05-14 16:52:00",22.8,18.29,75.81
"2025-05-14 17:52:00",22.2,17.79,76.19
"2025-05-14 18:52:00",21.1,17.79,81.48
"2025-05-14 19:52:00",20,17.79,87.18
"2025-05-14 20:52:00",19.4,17.19,87.13
"2025-05-14 21:52:00",18.9,17.19,89.88
"2025-05-14 22:52:00",18.9,17.19,89.88
"2025-05-14 23:52:00",18.3,17.8,96.91
"2025-05-15 00:52:00",18.3,17.19,93.31
"2025-05-15 01:52:00",18.3,17.19,93.31
"2025-05-15 02:52:00",17.8,17.2,96.29
"2025-05-15 03:52:00",17.8,17.2,96.29
"2025-05-15 04:52:00",17.8,17.8,100
"2025-05-15 05:52:00",17.8,17.8,100
"2025-05-15 06:52:00",18.3,17.8,96.91
"2025-05-15 07:52:00",18.3,17.8,96.91
"2025-05-15 08:52:00",19.4,18.29,93.37
"2025-05-15 09:52:00",21.1,18.29,84.07
"2025-05-15 10:52:00",21.7,17.19,75.63
"2025-05-15 11:52:00",23.3,16.69,66.5
"2025-05-15 12:52:00",23.3,17.79,71.28
"2025-05-15 13:52:00",25,17.8,64.38
"2025-05-15 14:52:00",25,16.7,60.06
"2025-05-15 15:52:00",25.6,17.2,59.82
"2025-05-15 16:52:00",25.6,16.7,57.96
"2025-05-15 17:52:00",26.7,17.21,56.07
"2025-05-15 18:52:00",26.1,17.2,58.08
"2025-05-15 19:52:00",23.9,17.79,68.75
"2025-05-15 20:52:00",21.1,17.79,81.48
"2025-05-15 21:52:00",21.1,18.29,84.07
"2025-05-15 22:52:00",20.6,18.29,86.69
"2025-05-15 23:52:00",20.6,17.79,84.02
"2025-05-16 00:52:00",21.7,18.29,81.04
"2025-05-16 01:52:00",21.1,18.29,84.07
"2025-05-16 02:52:00",20,18.29,89.96
"2025-05-16 03:52:00",20,18.29,89.96
"2025-05-16 04:52:00",19.4,18.9,96.94
"2025-05-16 05:52:00",19.4,18.9,96.94
"2025-05-16 06:52:00",19.4,18.9,96.94
"2025-05-16 07:52:00",20.6,20,96.37
"2025-05-16 08:52:00",21.7,20,90.09
"2025-05-16 09:52:00",23.9,21.1,84.39
"2025-05-16 10:52:00",27.2,21.71,72
"2025-05-16 11:52:00",28.9,20.03,58.76
"2025-05-16 12:52:00",30.6,19.45,51.35
"2025-05-16 13:52:00",30.6,18.35,47.95
"2025-05-16 14:52:00",31.1,18.95,48.38
"2025-05-16 15:52:00",30.6,19.45,51.35
"2025-05-16 16:52:00",28.9,21.12,62.87
"2025-05-16 17:52:00",26.1,20.6,71.8
"2025-05-16 18:52:00",25.6,18.3,64.11
"2025-05-16 19:52:00",23.3,18.89,76.36
"2025-05-16 20:52:00",22.2,17.19,73.36
"2025-05-16 21:52:00",22.8,17.79,73.46
"2025-05-16 22:52:00",21.7,17.19,75.63
"2025-05-16 23:52:00",21.1,16.08,73.16
"2025-05-17 00:52:00",20,16.08,78.29
"2025-05-17 01:52:00",20,16.08,78.29
"2025-05-17 03:52:00",18.9,16.69,87.08
"2025-05-17 04:52:00",20.6,16.08,75.44
"2025-05-17 05:52:00",19.4,16.69,84.41
"2025-05-17 06:52:00",19.4,16.69,84.41
"2025-05-17 07:52:00",19.4,16.08,81.25
"2025-05-17 08:52:00",21.1,15.58,70.86
"2025-05-17 09:52:00",22.8,15.59,63.9
"2025-05-17 10:52:00",25,15.6,56
"2025-05-17 11:52:00",26.7,14.41,46.88
"2025-05-17 12:52:00",28.3,12.83,38.49
"2025-05-17 13:52:00",28.9,11.74,34.58
"2025-05-17 14:52:00",29.4,12.25,34.72
"2025-05-17 15:52:00",29.4,12.85,36.12
"2025-05-17 16:52:00",30,11.17,31.2
"2025-05-17 17:52:00",28.9,10.65,32.15
"2025-05-17 18:52:00",27.8,12.23,38.09
"2025-05-17 19:52:00",27.2,11.12,36.69
"2025-05-17 20:52:00",26.1,10.61,37.86
"2025-05-17 21:52:00",25,11.1,41.77
"2025-05-17 22:52:00",24.4,10.59,41.88
"2025-05-17 23:52:00",22.8,11.08,47.66
"2025-05-18 00:52:00",21.7,8.26,42.23
"2025-05-18 01:52:00",21.1,7.76,42.35
"2025-05-18 02:52:00",19.4,8.25,48.65
"2025-05-18 03:52:00",19.4,8.85,50.67
"2025-05-18 04:52:00",19.4,9.36,52.41
"2025-05-18 05:52:00",19.4,7.75,47.03
"2025-05-18 06:52:00",18.9,8.25,50.19
"2025-05-18 07:52:00",19.4,9.36,52.41
"2025-05-18 08:52:00",20.6,8.86,47.05
"2025-05-18 09:52:00",20.6,9.36,48.66
"2025-05-18 10:52:00",22.2,10.57,47.81
"2025-05-18 11:52:00",21.7,9.97,47.36
"2025-05-18 12:52:00",22.2,9.97,45.94
"2025-05-18 13:52:00",23.9,10.58,43.15
"2025-05-18 14:52:00",22.8,10.57,46.1
"2025-05-18 15:52:00",23.3,10.58,44.73
"2025-05-18 16:52:00",23.3,10.58,44.73
"2025-05-18 17:52:00",25,10.6,40.41
"2025-05-18 18:52:00",23.3,9.98,42.98
"2025-05-18 19:52:00",22.2,9.97,45.94
"2025-05-18 20:52:00",20.6,10.56,52.73
"2025-05-18 21:52:00",19.4,10.56,56.79
"2025-05-18 22:52:00",18.9,10.56,58.58
"2025-05-18 23:52:00",18.9,9.96,56.28
"2025-05-19 00:52:00",17.2,10.56,65.18
"2025-05-19 01:52:00",18.3,9.95,58.43
"2025-05-19 02:52:00",17.2,9.96,62.62
"2025-05-19 03:52:00",13.9,9.97,77.35
"2025-05-19 04:52:00",13.9,9.97,77.35
"2025-05-19 05:52:00",14.4,9.96,74.88
"2025-05-19 06:52:00",15.6,10.56,72.16
"2025-05-19 07:52:00",16.7,11.06,69.55
"2025-05-19 08:52:00",17.8,10.56,62.76
"2025-05-19 09:52:00",19.4,9.96,54.56
"2025-05-19 10:52:00",20.6,9.96,50.66
"2025-05-19 11:52:00",21.7,10.57,49.29
"2025-05-19 12:52:00",22.8,9.98,44.3
"2025-05-19 13:52:00",23.3,7.78,37.05
"2025-05-19 14:52:00",23.3,7.18,35.56
"2025-05-19 15:52:00",23.9,7.19,34.3
"2025-05-19 16:52:00",23.3,7.18,35.56
"2025-05-19 17:52:00",23.3,7.18,35.56
"2025-05-19 18:52:00",22.2,7.17,38.01
"2025-05-19 19:52:00",21.1,6.66,39.28
"2025-05-19 20:52:00",20,6.05,40.33
"2025-05-19 21:52:00",18.3,8.25,52.11
"2025-05-19 22:52:00",17.2,8.25,55.84
"2025-05-19 23:52:00",16.7,7.74,55.71
"2025-05-20 00:52:00",16.1,7.74,57.88
"2025-05-20 01:52:00",15,8.25,64.25
"2025-05-20 02:52:00",14.4,7.75,64.55
"2025-05-20 03:52:00",13.9,7.14,64
"2025-05-20 04:52:00",13.9,6.03,59.33
"2025-05-20 05:52:00",12.8,6.64,66.43
"2025-05-20 06:52:00",12.2,5.54,64.04
"2025-05-20 07:52:00",13.3,4.93,57.16
"2025-05-20 08:52:00",13.9,4.93,54.97
"2025-05-20 09:52:00",15.6,4.93,49.27
"2025-05-20 10:52:00",16.7,4.33,44.05
"2025-05-20 11:52:00",17.2,4.93,44.51
"2025-05-20 12:52:00",19.4,3.84,35.9
"2025-05-20 13:52:00",20,4.35,35.83
"2025-05-20 14:52:00",20,4.95,37.36
"2025-05-20 15:52:00",21.1,4.96,34.92
"2025-05-20 16:52:00",19.4,4.94,38.78
"2025-05-20 17:52:00",19.4,5.54,40.43
"2025-05-20 18:52:00",18.3,4.94,41.53
"2025-05-20 19:52:00",17.2,6.64,50.06
"2025-05-20 20:52:00",17.2,6.64,50.06
"2025-05-20 21:52:00",16.7,6.03,49.58
"2025-05-20 22:52:00",16.7,7.74,55.71
"2025-05-20 23:52:00",16.1,8.25,59.88
"2025-05-21 00:52:00",15,9.96,72.04
"2025-05-21 01:52:00",13.9,11.08,83.23
"2025-05-21 02:52:00",13.9,11.68,86.6
"2025-05-21 03:52:00",13.9,11.68,86.6
"2025-05-21 04:52:00",14.4,12.18,86.65
"2025-05-21 05:52:00",14.4,12.79,90.12
"2025-05-21 06:52:00",14.4,12.79,90.12
"2025-05-21 07:52:00",14.4,12.79,90.12
"2025-05-21 08:52:00",13.9,12.18,89.49
"2025-05-21 09:52:00",12.8,11.69,93.03
"2025-05-21 10:52:00",12.8,11.69,93.03
"2025-05-21 11:52:00",12.8,12.19,96.14
"2025-05-21 12:52:00",13.9,12.18,89.49
"2025-05-21 13:52:00",13.9,12.18,89.49
"2025-05-21 14:52:00",14.4,12.18,86.65
"2025-05-21 15:52:00",14.4,12.79,90.12
"2025-05-21 16:52:00",14.4,12.79,90.12
"2025-05-21 17:52:00",13.9,12.79,93.09
"2025-05-21 18:52:00",13.3,12.8,96.79
"2025-05-21 19:52:00",12.8,12.19,96.14
"2025-05-21 20:52:00",12.2,11.69,96.76
"2025-05-21 21:52:00",12.2,11.69,96.76
"2025-05-21 22:52:00",12.8,11.69,93.03
"2025-05-21 23:52:00",12.8,11.69,93.03
"2025-05-22 00:52:00",12.8,11.69,93.03
"2025-05-22 01:52:00",12.2,11.69,96.76
"2025-05-22 02:52:00",12.8,11.69,93.03
"2025-05-22 03:52:00",12.8,12.19,96.14
"2025-05-22 04:52:00",12.8,12.19,96.14
"2025-05-22 05:52:00",12.8,12.19,96.14
"2025-05-22 06:52:00",12.8,12.8,100
"2025-05-22 07:52:00",13.3,12.8,96.79
"2025-05-22 08:52:00",13.9,13.29,96.17
"2025-05-22 09:52:00",15,13.89,93.14
"2025-05-22 10:52:00",16.7,14.38,86.31
"2025-05-22 11:52:00",17.8,13.88,77.95
"2025-05-22 12:52:00",18.3,14.38,78.03
"2025-05-22 13:52:00",20,12.17,60.82
"2025-05-22 14:52:00",20,9.96,52.57
"2025-05-22 15:52:00",18.9,9.96,56.28
"2025-05-22 16:52:00",16.1,11.06,72.25
"2025-05-22 17:52:00",15.6,11.06,74.59
"2025-05-22 18:52:00",15.6,10.56,72.16
"2025-05-22 19:52:00",15.6,11.06,74.59
"2025-05-22 20:52:00",15.6,8.25,61.82
"2025-05-22 21:52:00",14.4,7.75,64.55
"2025-05-22 22:52:00",13.9,7.75,66.67
"2025-05-22 23:52:00",14.4,7.75,64.55
"2025-05-23 00:52:00",13.3,7.75,69.32
"2025-05-23 01:52:00",11.7,8.26,79.65
"2025-05-23 02:52:00",13.3,8.25,71.72
"2025-05-23 03:52:00",13.3,8.25,71.72
"2025-05-23 04:52:00",13.3,7.75,69.32
"2025-05-23 05:52:00",12.8,7.15,68.75
"2025-05-23 06:52:00",12.8,7.15,68.75
"2025-05-23 07:52:00",13.3,7.15,66.54
"2025-05-23 08:52:00",15.6,6.64,55.42
"2025-05-23 09:52:00",16.1,6.03,51.51
"2025-05-23 10:52:00",16.1,4.93,47.72
"2025-05-23 11:52:00",16.7,4.93,45.94
"2025-05-23 12:52:00",17.2,3.83,41.21
"2025-05-23 13:52:00",17.8,4.33,41.1
"2025-05-23 14:52:00",18.3,3.23,36.86
"2025-05-23 15:52:00",17.8,3.83,39.68
"2025-05-23 16:52:00",18.3,3.23,36.86
"2025-05-23 17:52:00",17.2,2.73,38.13
"2025-05-23 18:52:00",16.7,3.22,40.77
"2025-05-23 19:52:00",15,2.72,43.87
"2025-05-23 20:52:00",13.3,3.22,50.73
"2025-05-23 21:52:00",12.2,3.83,56.88
"2025-05-23 22:52:00",13.3,3.82,52.92
"2025-05-23 23:52:00",14.4,4.32,51.04
"2025-05-24 00:52:00",12.8,4.33,56.63
"2025-05-24 01:52:00",12.2,4.93,61.43
"2025-05-24 02:52:00",11.1,4.94,66.05
"2025-05-24 03:52:00",11.1,4.94,66.05
"2025-05-24 04:52:00",10,4.95,71.08
"2025-05-24 05:52:00",10,4.95,71.08
"2025-05-24 06:52:00",11.7,5.54,66.19
"2025-05-24 07:52:00",14.4,6.64,59.87
"2025-05-24 08:52:00",15,5.53,53.39
"2025-05-24 09:52:00",15.6,4.93,49.27
"2025-05-24 10:52:00",17.8,6.04,46.25
"2025-05-24 11:52:00",17.2,6.04,48.04
"2025-05-24 12:52:00",18.3,5.54,43.3
"2025-05-24 13:52:00",20,5.55,38.95
"2025-05-24 14:52:00",20,4.95,37.36
"2025-05-24 15:52:00",19.4,3.84,35.9
"2025-05-24 16:52:00",20.6,3.85,33.34
"2025-05-24 17:52:00",21.1,4.35,33.48
"2025-05-24 18:52:00",20,3.84,34.59
"2025-05-24 19:52:00",18.9,3.23,35.5
"2025-05-24 20:52:00",17.2,3.23,39.5
"2025-05-24 21:52:00",13.9,4.93,54.97
"2025-05-24 22:52:00",13.9,4.32,52.72
"2025-05-24 23:52:00",12.8,4.33,56.63
"2025-05-25 00:52:00",13.3,4.93,57.16
"2025-05-25 01:52:00",12.2,4.93,61.43
"2025-05-25 02:52:00",10.6,4.94,68.29
"2025-05-25 03:52:00",11.1,4.33,63.34
"2025-05-25 04:52:00",10.6,4.33,65.48
"2025-05-25 05:52:00",6.7,4.37,85.25
"2025-05-25 06:52:00",10.6,4.94,68.29
"2025-05-25 07:52:00",12.8,6.04,63.74
"2025-05-25 08:52:00",14.4,5.53,55.49
"2025-05-25 09:52:00",16.1,6.03,51.51
"2025-05-25 10:52:00",17.2,6.04,48.04
"2025-05-25 11:52:00",18.3,5.54,43.3
"2025-05-25 12:52:00",19.4,5.54,40.43
"2025-05-25 13:52:00",20,5.55,38.95
"2025-05-25 14:52:00",20.6,6.05,38.86
"2025-05-25 15:52:00",21.1,4.96,34.92
"2025-05-25 16:52:00",21.1,5.56,36.4
"2025-05-25 17:52:00",21.1,4.96,34.92
"2025-05-25 18:52:00",20.6,6.05,38.86
"2025-05-25 19:52:00",19.4,5.54,40.43
"2025-05-25 20:52:00",19.4,4.34,37.19
"2025-05-25 21:52:00",17.8,5.54,44.68
"2025-05-25 22:52:00",17.8,5.54,44.68
"2025-05-25 23:52:00",15.6,7.74,59.76
"2025-05-26 00:52:00",16.1,6.03,51.51
"2025-05-26 01:52:00",17.2,5.53,46.4
"2025-05-26 02:52:00",16.7,6.03,49.58
"2025-05-26 03:52:00",15.6,6.64,55.42
"2025-05-26 04:52:00",16.1,5.53,49.76
"2025-05-26 05:52:00",15,5.53,53.39
"2025-05-26 06:52:00",14.4,6.04,57.45
"2025-05-26 07:52:00",15,6.64,57.6
"2025-05-26 08:52:00",15,7.14,59.61
"2025-05-26 09:52:00",15.6,7.14,57.36
"2025-05-26 10:52:00",15.6,7.14,57.36
"2025-05-26 11:52:00",16.7,7.74,55.71
"2025-05-26 12:52:00",17.8,7.74,51.97
"2025-05-26 13:52:00",19.4,7.15,45.14
"2025-05-26 14:52:00",20,7.15,43.49
"2025-05-26 15:52:00",21.1,7.16,40.65
"2025-05-26 16:52:00",22.2,7.77,39.6
"2025-05-26 17:52:00",21.7,7.16,39.18
"2025-05-26 18:52:00",21.7,7.16,39.18
"2025-05-26 19:52:00",20,7.15,43.49
"2025-05-26 20:52:00",16.7,8.85,60.03
"2025-05-26 21:52:00",15.6,8.85,64.38
"2025-05-26 22:52:00",14.4,8.85,69.55
"2025-05-26 23:52:00",13.9,9.36,74.3
"2025-05-27 00:52:00",11.7,8.87,82.95
"2025-05-27 01:52:00",11.7,9.38,85.8
"2025-05-27 02:52:00",10.6,8.88,89.23
"2025-05-27 03:52:00",10,8.89,92.87
"2025-05-27 04:52:00",10,8.89,92.87
"2025-05-27 05:52:00",9.4,8.89,96.69
"2025-05-27 06:52:00",11.1,9.38,89.27
"2025-05-27 07:52:00",15,11.07,77.52
"2025-05-27 08:52:00",16.1,12.17,77.69
"2025-05-27 09:52:00",17.8,11.66,67.51
"2025-05-27 10:52:00",18.3,10.56,60.82
"2025-05-27 11:52:00",18.9,9.35,54.06
"2025-05-27 12:52:00",17.8,11.66,67.51
"2025-05-27 13:52:00",16.7,13.28,80.37
"2025-05-27 14:52:00",17.8,12.77,72.57
"2025-05-27 15:52:00",18.3,12.77,70.32
"2025-05-27 16:52:00",15.6,10.56,72.16
"2025-05-27 17:52:00",13.9,10.57,80.51
"2025-05-27 18:52:00",13.9,11.68,86.6
"2025-05-27 19:52:00",13.9,11.08,83.23
"2025-05-27 20:52:00",13.3,11.68,90.04
"2025-05-27 21:52:00",13.3,11.08,86.54
"2025-05-27 22:52:00",12.8,11.08,89.41
"2025-05-27 23:52:00",12.2,11.69,96.76
"2025-05-28 00:52:00",12.2,11.69,96.76
"2025-05-28 01:52:00",12.2,11.69,96.76
"2025-05-28 02:52:00",12.8,11.08,89.41
"2025-05-28 03:52:00",11.7,11.09,96.11
"2025-05-28 04:52:00",11.7,10.59,92.97
"2025-05-28 05:52:00",11.7,11.09,96.11
"2025-05-28 06:52:00",11.1,9.99,92.94
"2025-05-28 07:52:00",11.1,9.99,92.94
"2025-05-28 08:52:00",11.1,10.59,96.73
"2025-05-28 09:52:00",12.2,11.09,93
"2025-05-28 10:52:00",12.2,11.09,93
"2025-05-28 11:52:00",12.8,11.69,93.03
"2025-05-28 12:52:00",12.8,11.69,93.03
"2025-05-28 13:52:00",13.3,12.19,93.05
"2025-05-28 14:52:00",13.9,12.79,93.09
"2025-05-28 15:52:00",14.4,13.29,93.11
"2025-05-28 16:52:00",14.4,13.9,96.82
"2025-05-28 17:52:00",14.4,13.9,96.82
"2025-05-28 18:52:00",14.4,13.29,93.11
"2025-05-28 19:52:00",14.4,13.29,93.11
"2025-05-28 20:52:00",14.4,13.9,96.82
"2025-05-28 21:52:00",14.4,13.9,96.82
"2025-05-28 22:52:00",14.4,13.29,93.11
"2025-05-28 23:52:00",14.4,13.29,93.11
"2025-05-29 00:52:00",14.4,13.29,93.11
"2025-05-29 01:52:00",13.9,13.29,96.17
"2025-05-29 02:52:00",13.9,13.29,96.17
"2025-05-29 03:52:00",13.9,12.79,93.09
"2025-05-29 04:52:00",13.9,12.79,93.09
"2025-05-29 05:52:00",13.9,12.79,93.09
"2025-05-29 06:52:00",13.9,12.79,93.09
"2025-05-29 07:52:00",14.4,12.79,90.12
"2025-05-29 08:52:00",15,12.78,86.7
"2025-05-29 09:52:00",16.1,13.28,83.49
"2025-05-29 10:52:00",16.1,13.88,86.81
"2025-05-29 12:52:00",17.8,14.38,80.52
"2025-05-29 13:52:00",19.4,15.58,78.7
"2025-05-29 14:52:00",20.6,15.58,73.07
"2025-05-29 15:52:00",21.7,16.68,73.27
"2025-05-29 16:52:00",21.7,16.08,70.53
"2025-05-29 17:52:00",22.2,16.68,71.07
"2025-05-29 18:52:00",20.6,16.68,78.38
"2025-05-29 19:52:00",19.4,17.19,87.13
"2025-05-29 20:52:00",18.9,16.69,87.08
"2025-05-29 21:52:00",17.8,16.09,89.8
"2025-05-29 22:52:00",17.2,16.09,93.26
"2025-05-29 23:52:00",17.8,16.69,93.29
"2025-05-30 00:52:00",18.3,17.19,93.31
"2025-05-30 01:52:00",17.8,17.2,96.29
"2025-05-30 02:52:00",17.8,17.2,96.29
"2025-05-30 03:52:00",18.3,17.19,93.31
"2025-05-30 04:52:00",18.3,17.8,96.91
"2025-05-30 05:52:00",17.8,17.8,100
"2025-05-30 06:52:00",17.8,17.2,96.29
"2025-05-30 07:52:00",17.8,17.8,100
"2025-05-30 08:52:00",21.7,15.58,68.31
"2025-05-30 09:52:00",22.8,15.59,63.9
"2025-05-30 10:52:00",23.9,16.09,61.74
"2025-05-30 11:52:00",24.4,14.39,53.73
"2025-05-30 12:52:00",25,13.9,50.19
"2025-05-30 13:52:00",25.6,13.9,48.43
"2025-05-30 15:52:00",23.9,14.99,57.54
"2025-05-30 16:52:00",23.3,16.09,64.01
"2025-05-30 17:52:00",20,17.19,83.95
"2025-05-30 18:52:00",21.1,18.89,87.29
"2025-05-30 19:52:00",19.4,18.29,93.37
"2025-05-30 20:52:00",17.2,14.99,86.92
"2025-05-30 21:52:00",15.6,14.39,92.58
"2025-05-30 22:52:00",15.6,11.67,77.61
"2025-05-30 23:52:00",15,11.07,77.52
"2025-05-31 00:52:00",14.4,13.29,93.11
"2025-05-31 01:52:00",13.9,12.18,89.49
"2025-05-31 02:52:00",13.9,12.18,89.49
"2025-05-31 03:52:00",13.3,11.68,90.04
"2025-05-31 04:52:00",12.2,11.69,96.76
"2025-05-31 05:52:00",13.3,11.08,86.54
"2025-05-31 06:52:00",14.4,11.07,80.58
"2025-05-31 07:52:00",15.6,11.67,77.61
"2025-05-31 08:52:00",18.3,12.17,67.61
"2025-05-31 09:52:00",19.4,11.66,61.08
"2025-05-31 10:52:00",20.6,11.06,54.51
"2025-05-31 11:52:00",21.1,11.07,52.86
"2025-05-31 12:52:00",19.4,11.66,61.08
"2025-05-31 13:52:00",18.9,12.77,67.74
"2025-05-31 14:52:00",17.8,9.95,60.29
"2025-05-31 15:52:00",19.4,11.06,58.71
"2025-05-31 16:52:00",21.1,8.86,45.63
"2025-05-31 17:52:00",19.4,6.04,41.85
"2025-05-31 18:52:00",18.3,4.94,41.53
"2025-05-31 19:52:00",16.7,4.93,45.94
"2025-05-31 20:52:00",15.6,4.32,47.25
"2025-05-31 21:52:00",13.9,4.32,52.72
"2025-05-31 22:52:00",12.2,3.83,56.88
"2025-05-31 23:52:00",11.7,3.83,58.78
"2025-06-01 00:52:00",10,3.83,65.81
"2025-06-01 01:52:00",10,3.83,65.81
"2025-06-01 02:52:00",8.3,3.85,73.79
"2025-06-01 03:52:00",8.9,3.23,67.92
"2025-06-01 04:52:00",7.8,3.85,76.34
"2025-06-01 05:52:00",7.2,4.36,82.38
"2025-06-01 06:52:00",8.9,4.95,76.53
"2025-06-01 07:52:00",11.1,5.54,68.87
"2025-06-01 08:52:00",15,4.93,51.21
"2025-06-01 09:52:00",17.2,3.83,41.21
"2025-06-01 10:52:00",17.8,5.54,44.68
"2025-06-01 11:52:00",18.9,5.54,41.71
"2025-06-01 12:52:00",19.4,5.54,40.43
"2025-06-01 13:52:00",19.4,6.04,41.85
"2025-06-01 14:52:00",20,5.55,38.95
"2025-06-01 15:52:00",20,5.55,38.95
"2025-06-01 16:52:00",20,6.05,40.33
"2025-06-01 17:52:00",20,5.55,38.95
"2025-06-01 18:52:00",18.9,6.64,45
"2025-06-01 19:52:00",18.3,7.75,50.37
"2025-06-01 20:52:00",15.6,9.96,69.32
"2025-06-01 21:52:00",13.9,8.86,71.83
"2025-06-01 22:52:00",17.2,5.53,46.4
"2025-06-01 23:52:00",11.7,7.76,76.99
"2025-06-02 00:52:00",13.9,6.64,61.84
"2025-06-02 01:52:00",8.9,6.67,86.08
"2025-06-02 02:52:00",10.6,7.16,79.49
"2025-06-02 03:52:00",10.6,6.66,76.81
"2025-06-02 04:52:00",8.9,6.07,82.6
"2025-06-02 05:52:00",8.3,5.57,83.1
"2025-06-02 06:52:00",10.6,6.66,76.81
"2025-06-02 07:52:00",13.3,6.04,61.69
"2025-06-02 08:52:00",15.6,6.03,53.18
"2025-06-02 09:52:00",17.8,6.04,46.25
"2025-06-02 10:52:00",18.9,3.23,35.5
"2025-06-02 11:52:00",21.1,3.26,30.99
"2025-06-02 12:52:00",21.1,3.86,32.33
"2025-06-02 13:52:00",21.7,4.36,32.28
"2025-06-02 14:52:00",22.8,3.28,27.94
"2025-06-02 15:52:00",23.3,4.38,29.29
"2025-06-02 16:52:00",23.3,3.88,28.28
"2025-06-02 17:52:00",23.3,3.28,27.11
"2025-06-02 18:52:00",22.8,3.88,29.15
"2025-06-02 19:52:00",21.1,5.56,36.4
"2025-06-02 20:52:00",17.2,6.64,50.06
"2025-06-02 21:52:00",16.7,6.64,51.67
"2025-06-02 22:52:00",12.8,7.15,68.75
"2025-06-02 23:52:00",12.2,7.76,74.5
"2025-06-03 00:52:00",13.3,7.75,69.32
"2025-06-03 01:52:00",12.2,7.76,74.5
"2025-06-03 02:52:00",10.6,7.77,82.82
"2025-06-03 03:52:00",10,8.28,89.18
"2025-06-03 04:52:00",9.4,7.78,89.74
"2025-06-03 05:52:00",8.9,7.79,92.81
"2025-06-03 06:52:00",10.6,8.27,85.68
"2025-06-03 07:52:00",13.9,9.97,77.35
"2025-06-03 08:52:00",17.8,11.66,67.51
"2025-06-03 09:52:00",21.7,9.37,45.49
"2025-06-03 10:52:00",23.9,8.88,38.5
"2025-06-03 11:52:00",24.4,7.79,34.68
"2025-06-03 12:52:00",25.6,7.21,31
"2025-06-03 13:52:00",26.1,7.81,31.35
"2025-06-03 14:52:00",26.7,8.92,32.61
"2025-06-03 15:52:00",26.7,9.42,33.72
"2025-06-03 16:52:00",26.7,8.92,32.61
"2025-06-03 17:52:00",26.1,10.01,36.37
"2025-06-03 18:52:00",25.6,7.21,31
"2025-06-03 19:52:00",23.9,9.99,41.46
"2025-06-03 20:52:00",21.7,10.57,49.29
"2025-06-03 21:52:00",20.6,10.56,52.73
"2025-06-03 22:52:00",19.4,12.17,63.13
"2025-06-03 23:52:00",19.4,12.17,63.13
"2025-06-04 00:52:00",18.3,12.77,70.32
"2025-06-04 01:52:00",16.7,12.77,77.79
"2025-06-04 02:52:00",13.9,12.18,89.49
"2025-06-04 03:52:00",16.1,13.28,83.49
"2025-06-04 04:52:00",15,13.29,89.58
"2025-06-04 05:52:00",14.4,12.79,90.12
"2025-06-04 06:52:00",16.1,13.88,86.81
"2025-06-04 07:52:00",18.3,14.38,78.03
"2025-06-04 08:52:00",20.6,14.38,67.65
"2025-06-04 09:52:00",23.3,15.59,62
"2025-06-04 10:52:00",25.6,15,52
"2025-06-04 11:52:00",27.2,15.61,49.18
"2025-06-04 12:52:00",28.3,16.73,49.48
"2025-06-04 13:52:00",29.4,17.24,47.92
"2025-06-04 14:52:00",30,16.75,44.86
"2025-06-04 15:52:00",30.6,17.25,44.74
"2025-06-04 16:52:00",30,17.24,46.3
"2025-06-04 17:52:00",30,17.24,46.3
"2025-06-04 18:52:00",28.9,17.23,49.32
"2025-06-04 19:52:00",27.2,17.81,56.55
"2025-06-04 20:52:00",26.1,17.8,60.32
"2025-06-04 21:52:00",24.4,17.79,66.73
"2025-06-04 22:52:00",23.9,17.19,66.2
"2025-06-04 23:52:00",23.3,16.69,66.5
"2025-06-05 00:52:00",22.2,16.68,71.07
"2025-06-05 01:52:00",21.7,16.68,73.27
"2025-06-05 02:52:00",20.6,16.08,75.44
"2025-06-05 03:52:00",20,16.08,78.29
"2025-06-05 04:52:00",18.9,16.08,83.82
"2025-06-05 05:52:00",18.9,16.08,83.82
"2025-06-05 06:52:00",18.3,16.69,90.41
"2025-06-05 07:52:00",21.1,17.19,78.45
"2025-06-05 08:52:00",22.2,17.19,73.36
"2025-06-05 09:52:00",23.9,17.79,68.75
"2025-06-05 10:52:00",25,17.8,64.38
"2025-06-05 11:52:00",26.1,18.3,62.24
"2025-06-05 12:52:00",27.2,18.91,60.58
"2025-06-05 13:52:00",28.3,17.82,53.04
"2025-06-05 14:52:00",29.4,18.93,53.32
"2025-06-05 15:52:00",30,17.84,48.09
"2025-06-05 16:52:00",30,17.84,48.09
"2025-06-05 17:52:00",28.3,20.02,60.83
"2025-06-05 18:52:00",27.8,19.42,60.34
"2025-06-05 19:52:00",26.7,18.91,62.38
"2025-06-05 20:52:00",25,18.3,66.43
"2025-06-05 21:52:00",23.9,18.89,73.66
"2025-06-05 22:52:00",23.3,18.29,73.55
"2025-06-05 23:52:00",22.2,18.29,78.61
"2025-06-06 00:52:00",21.1,18.29,84.07
"2025-06-06 01:52:00",21.7,18.89,84.14
"2025-06-06 02:52:00",20,18.9,93.4
"2025-06-06 03:52:00",19.4,18.9,96.94
"2025-06-06 04:52:00",20,18.9,93.4
"2025-06-06 05:52:00",17.8,17.8,100
"2025-06-06 06:52:00",20,18.9,93.4
"2025-06-06 07:52:00",22.2,19.39,84.2
"2025-06-06 08:52:00",23.3,19.39,78.77
"2025-06-06 09:52:00",25,20,73.85
"2025-06-06 10:52:00",26.7,20.61,69.31
"2025-06-06 11:52:00",27.2,20.01,64.86
"2025-06-06 12:52:00",28.3,19.42,58.61
"2025-06-06 13:52:00",28.3,17.82,53.04
"2025-06-06 14:52:00",28.9,17.23,49.32
"2025-06-06 15:52:00",22.2,19.99,87.39
"2025-06-06 16:52:00",23.9,21.1,84.39
"2025-06-06 17:52:00",23.9,22.2,90.25
"2025-06-06 18:52:00",23.3,21.7,90.75
"2025-06-06 19:52:00",22.2,21.1,93.51
"2025-06-06 20:52:00",21.1,21.1,100
"2025-06-06 21:52:00",21.1,20.6,96.98
"2025-06-06 22:52:00",20.6,20.6,100
"2025-06-06 23:52:00",20.6,20.6,100
"2025-06-07 00:52:00",19.4,19.4,100
"2025-06-07 01:52:00",20,20,100
"2025-06-07 02:52:00",20.6,20,96.37
"2025-06-07 03:52:00",20,20,100
"2025-06-07 04:52:00",19.4,19.4,100
"2025-06-07 05:52:00",20,20,100
"2025-06-07 06:52:00",20,20,100
"2025-06-07 07:52:00",21.1,20,93.45
"2025-06-07 08:52:00",21.7,20,90.09
"2025-06-07 09:52:00",22.2,19.39,84.2
"2025-06-07 10:52:00",22.2,19.39,84.2
"2025-06-07 11:52:00",24.4,19.39,73.74
"2025-06-07 12:52:00",26.7,20.01,66.79
"2025-06-07 13:52:00",27.8,19.42,60.34
"2025-06-07 14:52:00",28.3,18.32,54.73
"2025-06-07 15:52:00",28.9,17.23,49.32
"2025-06-07 16:52:00",28.9,16.73,47.79
"2025-06-07 17:52:00",28.3,17.82,53.04
"2025-06-07 18:52:00",27.8,16.72,50.94
"2025-06-07 19:52:00",26.7,17.21,56.07
"2025-06-07 20:52:00",26.1,17.2,58.08
"2025-06-07 21:52:00",23.3,17.79,71.28
"2025-06-07 22:52:00",21.1,18.29,84.07
"2025-06-07 23:52:00",22.2,18.29,78.61
"2025-06-08 00:52:00",22.8,17.79,73.46
"2025-06-08 01:52:00",22.2,17.19,73.36
"2025-06-08 02:52:00",22.2,17.79,76.19
"2025-06-08 03:52:00",22.2,17.19,73.36
"2025-06-08 04:52:00",22.2,17.19,73.36
"2025-06-08 05:52:00",20.6,17.19,80.9
"2025-06-08 06:52:00",20.6,18.89,90.01
"2025-06-08 07:52:00",21.1,18.89,87.29
"2025-06-08 08:52:00",21.1,18.89,87.29
"2025-06-08 09:52:00",22.2,18.29,78.61
"2025-06-08 10:52:00",22.2,17.19,73.36
"2025-06-08 11:52:00",20.6,17.19,80.9
"2025-06-08 12:52:00",21.1,18.29,84.07
"2025-06-08 13:52:00",20,18.9,93.4
"2025-06-08 14:52:00",21.1,19.39,90.04
"2025-06-08 15:52:00",21.7,19.39,86.8
"2025-06-08 16:52:00",22.8,19.99,84.26
"2025-06-08 17:52:00",22.8,20.6,87.44
"2025-06-08 18:52:00",22.2,19.99,87.39
"2025-06-08 19:52:00",21.1,20,93.45
"2025-06-08 20:52:00",21.1,20,93.45
"2025-06-08 21:52:00",21.1,20,93.45
"2025-06-08 22:52:00",20.6,20,96.37
"2025-06-08 23:52:00",20.6,19.4,92.85
"2025-06-09 00:52:00",20.6,19.4,92.85
"2025-06-09 01:52:00",20,19.4,96.35
"2025-06-09 02:52:00",19.4,19.4,100
"2025-06-09 03:52:00",20,19.4,96.35
"2025-06-09 04:52:00",20,19.4,96.35
"2025-06-09 05:52:00",20,19.4,96.35
"2025-06-09 06:52:00",20,19.4,96.35
"2025-06-09 07:52:00",20.6,20,96.37
"2025-06-09 08:52:00",21.7,20,90.09
"2025-06-09 09:52:00",22.8,19.99,84.26
"2025-06-09 10:52:00",24.4,19.39,73.74
"2025-06-09 11:52:00",25.6,20,71.26
"2025-06-09 12:52:00",26.1,19.4,66.66
"2025-06-09 13:52:00",27.2,18.91,60.58
"2025-06-09 14:52:00",27.2,18.91,60.58
"2025-06-09 15:52:00",27.8,20.02,62.63
"2025-06-09 16:52:00",27.2,19.41,62.49
"2025-06-09 17:52:00",26.7,19.41,64.35
"2025-06-09 18:52:00",26.1,19.4,66.66
"2025-06-09 19:52:00",25.6,19.4,68.66
"2025-06-09 20:52:00",25,20,73.85
"2025-06-09 21:52:00",24.4,20,76.54
"2025-06-09 22:52:00",23.9,20.6,81.83
"2025-06-09 23:52:00",23.3,20.6,84.84
"2025-06-10 00:52:00",22.8,20.6,87.44
"2025-06-10 01:52:00",22.8,20.6,87.44
"2025-06-10 02:52:00",22.2,20.6,90.68
"2025-06-10 03:52:00",20.6,20,96.37
"2025-06-10 04:52:00",21.7,20.6,93.48
"2025-06-10 05:52:00",21.7,21.1,96.4
"2025-06-10 06:52:00",22.2,21.1,93.51
"2025-06-10 07:52:00",22.8,18.89,78.7
"2025-06-10 08:52:00",23.9,17.19,66.2
"2025-06-10 09:52:00",24.4,17.79,66.73
"2025-06-10 10:52:00",24.4,16.09,59.92
"2025-06-10 11:52:00",25.6,14.4,50.03
"2025-06-10 12:52:00",26.7,14.41,46.88
"2025-06-10 13:52:00",27.8,13.33,40.94
"2025-06-10 14:52:00",27.8,12.83,39.62
"2025-06-10 15:52:00",28.3,13.93,41.34
"2025-06-10 16:52:00",28.3,12.23,37
"2025-06-10 17:52:00",28.3,12.23,37
"2025-06-10 18:52:00",28.3,12.83,38.49
"2025-06-10 19:52:00",26.7,17.21,56.07
"2025-06-10 20:52:00",24.4,17.19,64.25
"2025-06-10 21:52:00",24.4,18.29,68.85
"2025-06-10 22:52:00",18.9,17.19,89.88
"2025-06-10 23:52:00",18.9,18.3,96.32
"2025-06-11 00:52:00",17.8,17.2,96.29
"2025-06-11 01:52:00",17.2,17.2,100
"2025-06-11 02:52:00",16.7,16.7,100
"2025-06-11 03:52:00",17.2,17.2,100
"2025-06-11 04:52:00",16.7,16.7,100
"2025-06-11 05:52:00",16.7,16.1,96.26
"2025-06-11 06:52:00",17.8,16.69,93.29
"2025-06-11 07:52:00",20.6,16.08,75.44
"2025-06-11 08:52:00",22.8,16.69,68.53
"2025-06-11 09:52:00",24.4,14.39,53.73
"2025-06-11 10:52:00",25.6,13.3,46.58
"2025-06-11 11:52:00",26.1,14.41,48.57
"2025-06-11 12:52:00",26.7,13.31,43.66
"2025-06-11 13:52:00",27.2,15.01,47.32
"2025-06-11 14:52:00",27.8,15.02,45.7
"2025-06-11 15:52:00",28.3,15.63,46.13
"2025-06-11 16:52:00",28.9,15.04,42.87
"2025-06-11 17:52:00",28.9,16.13,46
"2025-06-11 18:52:00",28.3,16.73,49.48
"2025-06-11 19:52:00",26.7,16.71,54.32
"2025-06-11 20:52:00",25,16.7,60.06
"2025-06-11 21:52:00",24.4,17.19,64.25
"2025-06-11 22:52:00",23.3,17.79,71.28
"2025-06-11 23:52:00",21.7,17.79,78.54
"2025-06-12 00:52:00",20,17.79,87.18
"2025-06-12 01:52:00",20.6,17.79,84.02
"2025-06-12 02:52:00",20.6,17.79,84.02
"2025-06-12 03:52:00",17.8,17.2,96.29
"2025-06-12 04:52:00",17.8,17.2,96.29
"2025-06-12 05:52:00",16.7,16.7,100
"2025-06-12 06:52:00",18.3,17.19,93.31
"2025-06-12 07:52:00",22.2,18.89,81.62
"2025-06-12 08:52:00",25,19.4,71.15
"2025-06-12 09:52:00",27.2,17.21,54.45
"2025-06-12 10:52:00",28.3,17.22,51.07
"2025-06-12 11:52:00",29.4,16.74,46.43
"2025-06-12 12:52:00",30,16.15,43.18
"2025-06-12 13:52:00",31.1,15.07,37.8
"2025-06-12 14:52:00",31.1,15.67,39.28
"2025-06-12 15:52:00",31.1,16.16,40.55
"2025-06-12 16:52:00",31.1,16.16,40.55
"2025-06-12 17:52:00",31.1,17.86,45.16
"2025-06-12 18:52:00",30,17.24,46.3
"2025-06-12 19:52:00",27.8,16.72,50.94
"2025-06-12 20:52:00",27.2,15.01,47.32
"2025-06-12 21:52:00",26.1,16.11,54.17
"2025-06-12 22:52:00",24.4,17.19,64.25
"2025-06-12 23:52:00",22.8,17.19,70.74
"2025-06-13 00:52:00",22.8,17.19,70.74
"2025-06-13 01:52:00",22.2,17.19,73.36
"2025-06-13 02:52:00",20.6,17.19,80.9
"2025-06-13 03:52:00",20.6,17.19,80.9
"2025-06-13 04:52:00",19.4,17.79,90.49
"2025-06-13 05:52:00",19.4,17.79,90.49
"2025-06-13 06:52:00",21.1,18.29,84.07
"2025-06-13 07:52:00",22.8,19.39,81.19
"2025-06-13 08:52:00",24.4,19.39,73.74
"2025-06-13 09:52:00",26.7,19.41,64.35
"2025-06-13 10:52:00",28.3,19.42,58.61
"2025-06-13 11:52:00",29.4,18.93,53.32
"2025-06-13 12:52:00",30,19.44,53.14
"2025-06-13 13:52:00",30.6,19.45,51.35
"2025-06-13 14:52:00",31.1,18.36,46.6
"2025-06-13 15:52:00",31.1,17.86,45.16
"2025-06-13 16:52:00",30.6,19.45,51.35
"2025-06-13 17:52:00",29.4,20.63,59.24
"2025-06-13 18:52:00",28.9,21.12,62.87
"2025-06-13 19:52:00",22.8,19.39,81.19
"2025-06-13 20:52:00",21.7,20,90.09
"2025-06-13 21:52:00",22.2,19.99,87.39
"2025-06-13 22:52:00",22.2,20.6,90.68
"2025-06-13 23:52:00",22.2,20.6,90.68
"2025-06-14 00:52:00",21.7,20.6,93.48
"2025-06-14 01:52:00",21.1,20,93.45
"2025-06-14 02:52:00",21.7,20.6,93.48
"2025-06-14 03:52:00",21.1,20.6,96.98
"2025-06-14 04:52:00",21.1,20.6,96.98
"2025-06-14 05:52:00",21.1,20.6,96.98
"2025-06-14 06:52:00",22.2,21.1,93.51
"2025-06-14 07:52:00",22.8,21.1,90.17
"2025-06-14 08:52:00",23.3,21.1,87.49
"2025-06-14 09:52:00",24.4,21.1,81.9
"2025-06-14 10:52:00",25.6,21.1,76.26
"2025-06-14 11:52:00",25.6,21.1,76.26
"2025-06-14 12:52:00",26.1,21.7,76.8
"2025-06-14 13:52:00",26.7,21.11,71.47
"2025-06-14 14:52:00",27.8,21.11,67.01
"2025-06-14 15:52:00",27.8,20.61,64.99
"2025-06-14 16:52:00",27.8,21.11,67.01
"2025-06-14 17:52:00",26.7,21.71,74.14
"2025-06-14 18:52:00",26.1,22.8,82.11
"2025-06-14 19:52:00",23.9,20.6,81.83
"2025-06-14 20:52:00",23.3,21.1,87.49
"2025-06-14 21:52:00",22.8,21.7,93.54
"2025-06-14 22:52:00",22.8,21.1,90.17
"2025-06-14 23:52:00",22.2,21.1,93.51
"2025-06-15 00:52:00",21.7,20.6,93.48
"2025-06-15 01:52:00",21.7,21.1,96.4
"2025-06-15 02:52:00",21.1,20.6,96.98
"2025-06-15 03:52:00",20.6,20.6,100
"2025-06-15 04:52:00",19.4,19.4,100
"2025-06-15 05:52:00",18.9,18.3,96.32
"2025-06-15 06:52:00",18.9,18.3,96.32
"2025-06-15 07:52:00",18.9,18.3,96.32
"2025-06-15 08:52:00",18.9,17.79,93.34
"2025-06-15 09:52:00",18.9,17.79,93.34
"2025-06-15 10:52:00",18.9,17.79,93.34
"2025-06-15 11:52:00",19.4,17.79,90.49
"2025-06-15 12:52:00",18.9,17.79,93.34
"2025-06-15 13:52:00",18.9,18.3,96.32
"2025-06-15 14:52:00",19.4,17.79,90.49
"2025-06-15 15:52:00",19.4,18.29,93.37
"2025-06-15 16:52:00",19.4,17.79,90.49
"2025-06-15 17:52:00",19.4,17.79,90.49
"2025-06-15 18:52:00",18.9,17.79,93.34
"2025-06-15 19:52:00",18.9,17.79,93.34
"2025-06-15 20:52:00",18.3,17.8,96.91
"2025-06-15 21:52:00",18.3,17.8,96.91
"2025-06-15 22:52:00",18.3,17.8,96.91
"2025-06-15 23:52:00",18.3,17.8,96.91
"2025-06-16 00:52:00",17.8,17.2,96.29
"2025-06-16 01:52:00",17.8,17.2,96.29
"2025-06-16 02:52:00",17.8,17.2,96.29
"2025-06-16 03:52:00",17.2,16.7,96.88
"2025-06-16 04:52:00",17.2,16.7,96.88
"2025-06-16 05:52:00",17.2,16.09,93.26
"2025-06-16 06:52:00",17.2,16.7,96.88
"2025-06-16 07:52:00",17.2,16.7,96.88
"2025-06-16 08:52:00",17.2,16.7,96.88
"2025-06-16 09:52:00",17.2,16.09,93.26
"2025-06-16 10:52:00",17.8,16.69,93.29
"2025-06-16 11:52:00",17.8,16.69,93.29
"2025-06-16 12:52:00",18.9,17.19,89.88
"2025-06-16 13:52:00",19.4,17.79,90.49
"2025-06-16 14:52:00",18.9,17.79,93.34
"2025-06-16 15:52:00",19.4,18.29,93.37
"2025-06-16 16:52:00",19.4,18.29,93.37
"2025-06-16 17:52:00",19.4,18.29,93.37
"2025-06-16 18:52:00",19.4,18.29,93.37
"2025-06-16 19:52:00",19.4,18.29,93.37
"2025-06-16 20:52:00",18.9,18.3,96.32
"2025-06-16 21:52:00",18.9,18.3,96.32
"2025-06-16 22:52:00",18.9,18.3,96.32
"2025-06-16 23:52:00",18.9,18.3,96.32
"2025-06-17 00:52:00",18.9,18.3,96.32
"2025-06-17 01:52:00",18.9,18.3,96.32
"2025-06-17 02:52:00",18.9,18.3,96.32
"2025-06-17 03:52:00",18.9,18.9,100
"2025-06-17 04:52:00",18.9,18.9,100
"2025-06-17 05:52:00",19.4,18.9,96.94
"2025-06-17 06:52:00",19.4,19.4,100
"2025-06-17 07:52:00",20,19.4,96.35
"2025-06-17 08:52:00",20.6,20.6,100
"2025-06-17 09:52:00",21.7,20.6,93.48
"2025-06-17 10:52:00",22.2,21.1,93.51
"2025-06-17 11:52:00",22.8,21.1,90.17
"2025-06-17 12:52:00",23.3,21.7,90.75
"2025-06-17 13:52:00",25,21.7,81.97
"2025-06-17 14:52:00",26.7,22.21,76.43
"2025-06-17 15:52:00",25.6,21.7,79.1
"2025-06-17 16:52:00",25.6,23.3,87.16
"2025-06-17 17:52:00",26.1,22.8,82.11
"2025-06-17 18:52:00",26.1,22.8,82.11
"2025-06-17 19:52:00",25.6,22.8,84.57
"2025-06-17 20:52:00",24.4,22.8,90.83
"2025-06-17 21:52:00",23.9,22.8,93.59
"2025-06-17 22:52:00",23.3,22.8,97.03
"2025-06-17 23:52:00",23.3,22.8,97.03
"2025-06-18 00:52:00",23.3,22.8,97.03
"2025-06-18 01:52:00",23.9,23.3,96.46
"2025-06-18 02:52:00",23.9,23.3,96.46
"2025-06-18 03:52:00",23.3,23.3,100
"2025-06-18 04:52:00",23.3,23.3,100
"2025-06-18 05:52:00",23.3,23.3,100
"2025-06-18 06:52:00",23.9,23.3,96.46
"2025-06-18 07:52:00",23.9,23.9,100
"2025-06-18 08:52:00",24.4,23.9,97.05
"2025-06-18 09:52:00",26.1,23.9,87.73
"2025-06-18 10:52:00",27.8,23.31,76.6
"2025-06-18 11:52:00",28.9,23.32,71.87
"2025-06-18 12:52:00",28.3,23.91,77.14
"2025-06-18 13:52:00",26.7,22.8,79.26
"2025-06-18 14:52:00",25,23.3,90.32
"2025-06-18 15:52:00",27.8,23.91,79.41
"2025-06-18 16:52:00",28.9,25.61,82.45
"2025-06-18 17:52:00",28.3,24.41,79.48
"2025-06-18 18:52:00",27.8,22.21,71.67
"2025-06-18 19:52:00",26.7,22.8,79.26
"2025-06-18 20:52:00",24.4,23.3,93.61
"2025-06-18 21:52:00",24.4,23.3,93.61
"2025-06-18 22:52:00",23.9,23.3,96.46
"2025-06-18 23:52:00",23.9,23.3,96.46
"2025-06-19 00:52:00",23.9,22.8,93.59
"2025-06-19 01:52:00",23.3,22.2,93.56
"2025-06-19 02:52:00",22.8,21.7,93.54
"2025-06-19 03:52:00",22.2,21.7,97
"2025-06-19 04:52:00",22.8,21.7,93.54
"2025-06-19 05:52:00",22.8,21.7,93.54
"2025-06-19 06:52:00",22.8,21.7,93.54
"2025-06-19 07:52:00",24.4,22.2,87.58
"2025-06-19 08:52:00",26.1,22.2,79.18
"2025-06-19 09:52:00",28.3,22.21,69.61
"2025-06-19 10:52:00",29.4,22.82,67.75
"2025-06-19 11:52:00",30,21.13,59.02
"2025-06-19 12:52:00",30.6,21.74,59.16
"2025-06-19 13:52:00",31.1,20.65,53.75
"2025-06-19 14:52:00",32.2,20.66,50.51
"2025-06-19 16:52:00",21.1,20,93.45
"2025-06-19 17:52:00",22.8,21.1,90.17
"2025-06-19 18:52:00",23.9,21.7,87.54
"2025-06-19 19:52:00",23.3,21.7,90.75
"2025-06-19 20:52:00",22.8,21.1,90.17
"2025-06-19 21:52:00",21.1,19.39,90.04
"2025-06-19 22:52:00",21.1,18.89,87.29
"2025-06-19 23:52:00",21.7,16.68,73.27
"2025-06-20 00:52:00",20.6,14.38,67.65
"2025-06-20 01:52:00",19.4,13.87,70.54
"2025-06-20 02:52:00",18.9,13.27,69.98
"2025-06-20 03:52:00",18.3,13.27,72.66
"2025-06-20 04:52:00",17.2,13.27,77.86
"2025-06-20 05:52:00",17.8,13.27,74.97
"2025-06-20 06:52:00",18.9,13.87,72.77
"2025-06-20 07:52:00",20.6,13.87,65.49
"2025-06-20 08:52:00",21.7,14.38,63.24
"2025-06-20 09:52:00",23.9,14.39,55.36
"2025-06-20 10:52:00",25.6,15,52
"2025-06-20 11:52:00",26.7,15.61,50.64
"2025-06-20 12:52:00",27.8,16.12,49.03
"2025-06-20 13:52:00",28.9,15.63,44.55
"2025-06-20 14:52:00",29.4,15.64,43.29
"2025-06-20 15:52:00",29.4,16.14,44.69
"2025-06-20 16:52:00",29.4,15.64,43.29
"2025-06-20 17:52:00",29.4,15.64,43.29
"2025-06-20 18:52:00",28.3,17.22,51.07
"2025-06-20 19:52:00",26.1,18.9,64.62
"2025-06-20 20:52:00",25,18.3,66.43
"2025-06-20 21:52:00",23.9,18.89,73.66
"2025-06-20 22:52:00",23.3,18.29,73.55
"2025-06-20 23:52:00",22.2,18.29,78.61
"2025-06-21 00:52:00",22.2,18.29,78.61
"2025-06-21 01:52:00",20.6,18.29,86.69
"2025-06-21 02:52:00",20,18.29,89.96
"2025-06-21 03:52:00",20,18.29,89.96
"2025-06-21 04:52:00",18.9,18.3,96.32
"2025-06-21 05:52:00",18.9,17.79,93.34
"2025-06-21 06:52:00",19.4,18.9,96.94
"2025-06-21 07:52:00",23.3,19.99,81.76
"2025-06-21 08:52:00",26.1,18.3,62.24
"2025-06-21 09:52:00",28.3,18.32,54.73
"2025-06-21 10:52:00",30,17.24,46.3
"2025-06-21 11:52:00",30,17.24,46.3
"2025-06-21 12:52:00",31.1,17.86,45.16
"2025-06-21 13:52:00",31.1,16.76,42.13
"2025-06-21 14:52:00",31.7,17.27,42.03
"2025-06-21 15:52:00",31.7,17.27,42.03
"2025-06-21 16:52:00",32.2,16.78,39.59
"2025-06-21 17:52:00",31.7,16.77,40.72
"2025-06-21 18:52:00",31.1,17.86,45.16
"2025-06-21 19:52:00",28.9,17.83,51.23
"2025-06-21 20:52:00",27.8,18.32,56.34
"2025-06-21 21:52:00",26.7,18.91,62.38
"2025-06-21 22:52:00",26.1,19.4,66.66
"2025-06-21 23:52:00",25,19.4,71.15
"2025-06-22 00:52:00",24.4,20,76.54
"2025-06-22 01:52:00",23.9,19.99,78.86
"2025-06-22 02:52:00",23.3,19.99,81.76
"2025-06-22 03:52:00",23.3,19.99,81.76
"2025-06-22 04:52:00",22.8,19.99,84.26
"2025-06-22 05:52:00",22.2,19.99,87.39
"2025-06-22 06:52:00",22.8,19.99,84.26
"2025-06-22 07:52:00",24.4,20.6,79.42
"2025-06-22 08:52:00",26.7,21.11,71.47
"2025-06-22 09:52:00",28.9,21.72,65.22
"2025-06-22 10:52:00",30.6,20.64,55.3
"2025-06-22 11:52:00",32.2,20.06,48.67
"2025-06-22 12:52:00",32.8,21.17,50.36
"2025-06-22 13:52:00",33.3,20.68,47.48
"2025-06-22 14:52:00",33.9,21.78,49.12
"2025-06-22 15:52:00",34.4,21.2,46.06
"2025-06-22 16:52:00",34.4,21.79,47.78
"2025-06-22 17:52:00",33.3,21.78,50.8
"2025-06-22 18:52:00",32.8,21.77,52.24
"2025-06-22 19:52:00",31.1,22.24,59.28
"2025-06-22 20:52:00",30,22.23,63.12
"2025-06-22 21:52:00",28.9,21.72,65.22
"2025-06-22 22:52:00",27.2,21.71,72
"2025-06-22 23:52:00",25.6,21.7,79.1
"2025-06-23 00:52:00",23.9,21.7,87.54
"2025-06-23 01:52:00",23.9,21.7,87.54
"2025-06-23 02:52:00",23.9,21.7,87.54
"2025-06-23 03:52:00",22.8,21.7,93.54
"2025-06-23 04:52:00",22.2,21.7,97
"2025-06-23 05:52:00",22.8,21.7,93.54
"2025-06-23 06:52:00",25,22.2,84.51
"2025-06-23 07:52:00",27.8,22.21,71.67
"2025-06-23 08:52:00",30,22.83,65.45
"2025-06-23 09:52:00",31.7,22.85,59.42
"2025-06-23 10:52:00",32.2,23.35,59.53
"2025-06-23 11:52:00",33.3,23.37,55.97
"2025-06-23 12:52:00",33.9,23.38,54.13
"2025-06-23 13:52:00",34.4,22.29,49.25
"2025-06-23 14:52:00",35,22.3,47.65
"2025-06-23 15:52:00",35.6,21.22,43.1
"2025-06-23 16:52:00",35.6,22.31,46.1
"2025-06-23 17:52:00",35.6,22.91,47.81
"2025-06-23 18:52:00",35,22.3,47.65
"2025-06-23 19:52:00",34.4,23.38,52.65
"2025-06-23 20:52:00",31.1,24.43,67.68
"2025-06-23 21:52:00",26.7,23.9,84.69
"2025-06-23 22:52:00",28.3,24.41,79.48
"2025-06-23 23:52:00",27.8,23.91,79.41
"2025-06-24 00:52:00",26.7,23.9,84.69
"2025-06-24 01:52:00",27.2,23.9,82.24
"2025-06-24 02:52:00",27.8,22.81,74.32
"2025-06-24 03:52:00",26.1,22.2,79.18
"2025-06-24 04:52:00",22.8,22.2,96.43
"2025-06-24 05:52:00",22.8,22.2,96.43
"2025-06-24 06:52:00",26.1,22.8,82.11
"2025-06-24 07:52:00",28.3,22.81,72.19
"2025-06-24 08:52:00",30.6,22.83,63.25
"2025-06-24 09:52:00",32.2,22.85,57.76
"2025-06-24 10:52:00",32.8,22.86,55.85
"2025-06-24 11:52:00",33.9,23.38,54.13
"2025-06-24 12:52:00",34.4,21.2,46.06
"2025-06-24 13:52:00",35,20.11,41.64
"2025-06-24 14:52:00",35.6,20.72,41.8
"2025-06-24 15:52:00",35.6,20.12,40.28
"2025-06-24 16:52:00",36.1,21.23,41.94
"2025-06-24 17:52:00",35.6,19.53,38.81
"2025-06-24 18:52:00",35,20.71,43.21
"2025-06-24 19:52:00",33.9,21.78,49.12
"2025-06-24 20:52:00",29.4,23.32,69.82
"2025-06-24 21:52:00",28.3,22.21,69.61
"2025-06-24 22:52:00",27.2,22.81,76.97
"2025-06-24 23:52:00",26.7,22.21,76.43
"2025-06-25 00:52:00",25.6,22.8,84.57
"2025-06-25 01:52:00",25.6,22.8,84.57
"2025-06-25 02:52:00",25,22.2,84.51
"2025-06-25 03:52:00",23.3,22.2,93.56
"2025-06-25 04:52:00",22.8,21.7,93.54
"2025-06-25 05:52:00",23.3,21.7,90.75
"2025-06-25 06:52:00",27.2,22.21,74.22
"2025-06-25 07:52:00",28.9,22.22,67.24
"2025-06-25 08:52:00",31.1,22.84,61.47
"2025-06-25 09:52:00",32.2,22.85,57.76
"2025-06-25 10:52:00",33.3,22.87,54.31
"2025-06-25 11:52:00",33.9,23.38,54.13
"2025-06-25 12:52:00",35,21.8,46.22
"2025-06-25 13:52:00",35.6,21.22,43.1
"2025-06-25 14:52:00",31.1,23.34,63.36
"2025-06-25 15:52:00",27.8,20.02,62.63
"2025-06-25 16:52:00",27.2,22.81,76.97
"2025-06-25 17:52:00",27.8,22.81,74.32
"2025-06-25 18:52:00",26.7,24.4,87.26
"2025-06-25 19:52:00",27.8,21.71,69.52
"2025-06-25 20:52:00",25,23.3,90.32
"2025-06-25 21:52:00",27.8,22.21,71.67
"2025-06-25 22:52:00",26.1,21.7,76.8
"2025-06-25 23:52:00",24.4,22.2,87.58
"2025-06-26 00:52:00",25,21.7,81.97
"2025-06-26 01:52:00",25,21.7,81.97
"2025-06-26 02:52:00",25,21.1,79.02
"2025-06-26 03:52:00",24.4,21.1,81.9
"2025-06-26 04:52:00",21.7,21.1,96.4
"2025-06-26 05:52:00",22.2,21.1,93.51
"2025-06-26 06:52:00",23.9,22.2,90.25
"2025-06-26 07:52:00",26.7,22.21,76.43
"2025-06-26 08:52:00",28.3,22.81,72.19
"2025-06-26 09:52:00",29.4,22.22,65.33
"2025-06-26 10:52:00",31.1,22.84,61.47
"2025-06-26 11:52:00",31.7,22.85,59.42
"2025-06-26 12:52:00",32.2,22.85,57.76
"2025-06-26 13:52:00",33.3,22.87,54.31
"2025-06-26 14:52:00",33.3,22.87,54.31
"2025-06-26 15:52:00",33.9,22.88,52.52
"2025-06-26 16:52:00",31.7,22.25,57.29
"2025-06-26 17:52:00",33.9,22.88,52.52
"2025-06-26 18:52:00",31.7,23.34,61.24
"2025-06-26 19:52:00",29.4,23.92,72.39
"2025-06-26 20:52:00",28.3,22.21,69.61
"2025-06-26 21:52:00",24.4,20.6,79.42
"2025-06-26 22:52:00",24.4,21.1,81.9
"2025-06-26 23:52:00",23.9,22.2,90.25
"2025-06-27 00:52:00",23.3,22.8,97.03
"2025-06-27 01:52:00",23.3,22.2,93.56
"2025-06-27 02:52:00",23.3,22.2,93.56
"2025-06-27 03:52:00",23.3,22.2,93.56
"2025-06-27 04:52:00",21.7,21.1,96.4
"2025-06-27 05:52:00",20.6,20,96.37
"2025-06-27 06:52:00",20,19.4,96.35
"2025-06-27 07:52:00",19.4,18.9,96.94
"2025-06-27 08:52:00",20,18.9,93.4
"2025-06-27 09:52:00",20,18.9,93.4
"2025-06-27 10:52:00",20.6,18.89,90.01
"2025-06-27 11:52:00",20.6,19.4,92.85
"2025-06-27 12:52:00",21.1,19.39,90.04
"2025-06-27 13:52:00",21.1,19.39,90.04
"2025-06-27 15:52:00",21.1,19.39,90.04
"2025-06-27 16:52:00",21.1,20,93.45
"2025-06-27 17:52:00",21.1,19.39,90.04
"2025-06-27 18:52:00",21.1,20,93.45
"2025-06-27 19:52:00",21.1,20,93.45
"2025-06-27 20:52:00",21.1,20,93.45
"2025-06-27 21:52:00",21.1,20.6,96.98
"2025-06-27 22:52:00",21.1,20.6,96.98
"2025-06-27 23:52:00",21.1,20.6,96.98
"2025-06-28 00:52:00",21.1,20.6,96.98
"2025-06-28 01:52:00",21.1,20.6,96.98
"2025-06-28 02:52:00",21.1,20.6,96.98
"2025-06-28 03:52:00",21.1,20.6,96.98
"2025-06-28 04:52:00",21.1,21.1,100
"2025-06-28 05:52:00",21.1,21.1,100
"2025-06-28 06:52:00",21.7,21.1,96.4
"2025-06-28 07:52:00",22.2,21.1,93.51
"2025-06-28 08:52:00",23.3,21.7,90.75
"2025-06-28 09:52:00",24.4,22.2,87.58
"2025-06-28 10:52:00",25,22.2,84.51
"2025-06-28 11:52:00",27.2,22.81,76.97
"2025-06-28 12:52:00",28.3,23.31,74.41
"2025-06-28 13:52:00",29.4,23.32,69.82
"2025-06-28 14:52:00",30.6,23.33,65.19
"2025-06-28 15:52:00",31.1,23.34,63.36
"2025-06-28 16:52:00",32.2,23.35,59.53
"2025-06-28 17:52:00",30.6,23.93,67.58
"2025-06-28 18:52:00",28.9,24.41,76.77
"2025-06-28 19:52:00",27.8,25.01,84.81
"2025-06-28 20:52:00",25.6,22.2,81.55
"2025-06-28 21:52:00",25,22.2,84.51
"2025-06-28 22:52:00",23.9,22.2,90.25
"2025-06-28 23:52:00",23.3,21.1,87.49
"2025-06-29 00:52:00",22.8,21.1,90.17
"2025-06-29 01:52:00",22.2,21.1,93.51
"2025-06-29 02:52:00",21.7,20.6,93.48
"2025-06-29 03:52:00",21.7,20.6,93.48
"2025-06-29 04:52:00",21.7,21.1,96.4
"2025-06-29 05:52:00",21.1,20.6,96.98
"2025-06-29 06:52:00",22.8,21.7,93.54
"2025-06-29 07:52:00",25,21.7,81.97
"2025-06-29 08:52:00",26.7,21.71,74.14
"2025-06-29 09:52:00",28.9,22.22,67.24
"2025-06-29 10:52:00",30,22.23,63.12
"2025-06-29 11:52:00",30.6,21.74,59.16
"2025-06-29 12:52:00",31.7,21.75,55.58
"2025-06-29 13:52:00",31.7,22.25,57.29
"2025-06-29 14:52:00",32.2,22.26,55.7
"2025-06-29 15:52:00",32.8,21.77,52.24
"2025-06-29 16:52:00",31.7,21.75,55.58
"2025-06-29 17:52:00",31.1,22.24,59.28
"2025-06-29 18:52:00",30,22.83,65.45
"2025-06-29 19:52:00",28.3,23.91,77.14
"2025-06-29 20:52:00",27.2,21.71,72
"2025-06-29 21:52:00",26.1,21.7,76.8
"2025-06-29 22:52:00",24.4,21.1,81.9
"2025-06-29 23:52:00",23.3,21.1,87.49
"2025-06-30 00:52:00",23.3,21.1,87.49
"2025-06-30 01:52:00",23.3,21.7,90.75
"2025-06-30 02:52:00",22.8,21.1,90.17
"2025-06-30 03:52:00",23.3,21.7,90.75
"2025-06-30 04:52:00",23.3,21.7,90.75
"2025-06-30 05:52:00",22.8,21.7,93.54
"2025-06-30 06:52:00",23.9,22.2,90.25
"2025-06-30 07:52:00",25,22.8,87.64
"2025-06-30 08:52:00",26.7,22.8,79.26
"2025-06-30 09:52:00",27.8,23.31,76.6
"2025-06-30 10:52:00",29.4,23.32,69.82
"2025-06-30 11:52:00",30.6,23.33,65.19
"2025-06-30 12:52:00",31.7,23.34,61.24
"2025-06-30 13:52:00",32.8,23.95,59.67
"2025-06-30 14:52:00",33.3,23.96,58.03
"2025-06-30 15:52:00",33.3,23.37,55.97
"2025-06-30 16:52:00",31.7,23.34,61.24
"2025-06-30 17:52:00",31.7,23.34,61.24
"2025-06-30 18:52:00",31.7,23.94,63.49
"2025-06-30 19:52:00",31.1,23.34,63.36
"2025-06-30 20:52:00",29.4,23.32,69.82
"2025-06-30 21:52:00",29.4,23.32,69.82
"2025-06-30 22:52:00",28.9,23.32,71.87
"2025-06-30 23:52:00",28.3,23.31,74.41
"2025-07-01 00:52:00",27.8,22.81,74.32
"2025-07-01 01:52:00",27.2,22.81,76.97
"2025-07-01 02:52:00",26.7,22.8,79.26
"2025-07-01 03:52:00",26.1,22.8,82.11
"2025-07-01 04:52:00",25.6,22.8,84.57
"2025-07-01 05:52:00",25.6,22.8,84.57
"2025-07-01 06:52:00",25.6,22.8,84.57
"2025-07-01 07:52:00",26.7,23.3,81.69
"2025-07-01 08:52:00",28.3,23.91,77.14
"2025-07-01 09:52:00",29.4,23.92,72.39
"2025-07-01 10:52:00",30.6,23.93,67.58
"2025-07-01 11:52:00",32.2,23.35,59.53
"2025-07-01 12:52:00",32.2,23.35,59.53
"2025-07-01 13:52:00",31.1,22.84,61.47
"2025-07-01 14:52:00",24.4,23.3,93.61
"2025-07-01 15:52:00",25.6,23.3,87.16
"2025-07-01 16:52:00",25.6,22.8,84.57
"2025-07-01 17:52:00",25,23.3,90.32
"2025-07-01 18:52:00",23.9,23.3,96.46
"2025-07-01 19:52:00",22.2,21.1,93.51
"2025-07-01 20:52:00",22.2,21.1,93.51
"2025-07-01 21:52:00",21.7,20.6,93.48
"2025-07-01 22:52:00",21.7,20.6,93.48
"2025-07-01 23:52:00",21.7,21.1,96.4
"2025-07-02 00:52:00",22.2,21.1,93.51
"2025-07-02 01:52:00",22.2,21.1,93.51
"2025-07-02 02:52:00",22.2,20.6,90.68
"2025-07-02 03:52:00",21.7,21.1,96.4
"2025-07-02 04:52:00",21.7,20.6,93.48
"2025-07-02 05:52:00",21.7,20.6,93.48
"2025-07-02 06:52:00",21.1,20,93.45
"2025-07-02 07:52:00",21.7,20,90.09
"2025-07-02 08:52:00",21.7,20,90.09
"2025-07-02 09:52:00",22.8,20.6,87.44
"2025-07-02 10:52:00",24.4,20.6,79.42
"2025-07-02 11:52:00",26.1,21.1,74.03
"2025-07-02 12:52:00",27.2,20.61,67.3
"2025-07-02 13:52:00",27.8,20.02,62.63
"2025-07-02 14:52:00",29.4,19.43,55
"2025-07-02 15:52:00",30.6,19.45,51.35
"2025-07-02 16:52:00",30.6,18.95,49.78
"2025-07-02 17:52:00",30.6,17.85,46.46
"2025-07-02 18:52:00",30,18.94,51.51
"2025-07-02 19:52:00",28.9,20.03,58.76
"2025-07-02 20:52:00",27.8,19.42,60.34
"2025-07-02 21:52:00",26.7,20.01,66.79
"2025-07-02 22:52:00",23.9,20.6,81.83
"2025-07-02 23:52:00",24.4,21.1,81.9
"2025-07-03 00:52:00",23.3,21.7,90.75
"2025-07-03 01:52:00",22.2,21.1,93.51
"2025-07-03 02:52:00",21.1,21.1,100
"2025-07-03 03:52:00",22.2,19.39,84.2
"2025-07-03 04:52:00",18.9,18.9,100
"2025-07-03 05:52:00",20,18.9,93.4
"2025-07-03 06:52:00",20.6,19.4,92.85
"2025-07-03 07:52:00",25,18.9,68.97
"2025-07-03 08:52:00",26.7,19.41,64.35
"2025-07-03 09:52:00",27.8,20.02,62.63
"2025-07-03 10:52:00",28.3,19.42,58.61
"2025-07-03 11:52:00",30,17.84,48.09
"2025-07-03 12:52:00",29.4,16.74,46.43
"2025-07-03 13:52:00",31.1,17.86,45.16
"2025-07-03 14:52:00",30.6,17.25,44.74
"2025-07-03 15:52:00",31.1,16.16,40.55
"2025-07-03 16:52:00",31.7,17.27,42.03
"2025-07-03 17:52:00",31.1,17.86,45.16
"2025-07-03 18:52:00",31.1,17.86,45.16
"2025-07-03 19:52:00",30,17.84,48.09
"2025-07-03 20:52:00",28.3,17.82,53.04
"2025-07-03 21:52:00",27.2,17.21,54.45
"2025-07-03 22:52:00",26.7,16.71,54.32
"2025-07-03 23:52:00",26.1,17.2,58.08
"2025-07-04 00:52:00",24.4,17.19,64.25
"2025-07-04 01:52:00",25.6,13.9,48.43
"2025-07-04 02:52:00",22.8,13.88,57.27
"2025-07-04 03:52:00",22.8,12.18,51.25
"2025-07-04 04:52:00",21.7,11.67,53.02
"2025-07-04 05:52:00",21.7,12.17,54.79
"2025-07-04 06:52:00",21.1,13.27,61.08
"2025-07-04 07:52:00",23.3,14.38,57.39
"2025-07-04 08:52:00",25,13.9,50.19
"2025-07-04 09:52:00",26.1,13.3,45.22
"2025-07-04 10:52:00",26.7,12.21,40.62
"2025-07-04 11:52:00",27.8,10.63,34.27
"2025-07-04 12:52:00",28.3,11.14,34.41
"2025-07-04 13:52:00",28.9,12.84,37.17
"2025-07-04 14:52:00",28.9,10.05,30.89
"2025-07-04 15:52:00",29.4,10.66,31.24
"2025-07-04 16:52:00",29.4,12.85,36.12
"2025-07-04 17:52:00",29.4,12.85,36.12
"2025-07-04 18:52:00",29.4,12.25,34.72
"2025-07-04 19:52:00",26.1,13.3,45.22
"2025-07-04 20:52:00",23.9,13.29,51.55
"2025-07-04 21:52:00",21.1,14.98,68.19
"2025-07-04 22:52:00",19.4,14.98,75.73
"2025-07-04 23:52:00",18.9,14.98,78.12
"2025-07-05 00:52:00",18.3,15.58,84.29
"2025-07-05 01:52:00",16.7,14.99,89.71
"2025-07-05 02:52:00",16.7,15.59,93.23
"2025-07-05 03:52:00",16.7,16.1,96.26
"2025-07-05 04:52:00",16.7,15.59,93.23
"2025-07-05 05:52:00",16.7,16.1,96.26
"2025-07-05 06:52:00",17.8,16.69,93.29
"2025-07-05 07:52:00",21.1,17.79,81.48
"2025-07-05 08:52:00",23.9,17.19,66.2
"2025-07-05 09:52:00",26.7,17.21,56.07
"2025-07-05 10:52:00",28.3,16.73,49.48
"2025-07-05 11:52:00",28.9,14.44,41.25
"2025-07-05 12:52:00",28.3,17.22,51.07
"2025-07-05 13:52:00",29.4,16.74,46.43
"2025-07-05 14:52:00",30,17.24,46.3
"2025-07-05 15:52:00",30,17.84,48.09
"2025-07-05 16:52:00",28.9,17.23,49.32
"2025-07-05 17:52:00",29.4,16.74,46.43
"2025-07-05 18:52:00",28.9,17.23,49.32
"2025-07-05 19:52:00",27.2,16.12,50.78
"2025-07-05 20:52:00",25.6,17.2,59.82
"2025-07-05 21:52:00",25,17.2,61.99
"2025-07-05 22:52:00",23.9,18.29,70.95
"2025-07-05 23:52:00",23.3,18.89,76.36
"2025-07-06 00:52:00",22.2,18.29,78.61
"2025-07-06 01:52:00",21.1,17.79,81.48
"2025-07-06 02:52:00",19.4,17.79,90.49
"2025-07-06 03:52:00",17.8,16.69,93.29
"2025-07-06 04:52:00",17.8,16.69,93.29
"2025-07-06 05:52:00",18.3,16.69,90.41
"2025-07-06 06:52:00",20,17.79,87.18
"2025-07-06 07:52:00",22.8,18.29,75.81
"2025-07-06 08:52:00",25,20,73.85
"2025-07-06 09:52:00",26.1,21.1,74.03
"2025-07-06 10:52:00",26.7,20.61,69.31
"2025-07-06 11:52:00",27.8,21.11,67.01
"2025-07-06 12:52:00",28.9,21.12,62.87
"2025-07-06 13:52:00",30.6,21.14,57.03
"2025-07-06 14:52:00",30,20.63,57.23
"2025-07-06 15:52:00",28.9,22.22,67.24
"2025-07-06 16:52:00",29.4,22.22,65.33
"2025-07-06 17:52:00",28.9,21.72,65.22
"2025-07-06 18:52:00",27.8,22.21,71.67
"2025-07-06 19:52:00",27.2,22.21,74.22
"2025-07-06 20:52:00",26.7,22.8,79.26
"2025-07-06 21:52:00",26.7,22.8,79.26
"2025-07-06 22:52:00",26.1,22.8,82.11
"2025-07-06 23:52:00",25.6,22.2,81.55
"2025-07-07 00:52:00",25,22.2,84.51
"2025-07-07 01:52:00",23.9,22.2,90.25
"2025-07-07 02:52:00",24.4,22.2,87.58
"2025-07-07 03:52:00",24.4,22.8,90.83
"2025-07-07 04:52:00",24.4,22.8,90.83
"2025-07-07 05:52:00",23.9,22.8,93.59
"2025-07-07 06:52:00",25,23.3,90.32
"2025-07-07 07:52:00",26.1,23.3,84.63
"2025-07-07 08:52:00",25.6,23.3,87.16
"2025-07-07 09:52:00",25.6,23.9,90.36
"2025-07-07 10:52:00",26.1,24.4,90.4
"2025-07-07 11:52:00",27.8,23.91,79.41
"2025-07-07 12:52:00",29.4,23.32,69.82
"2025-07-07 13:52:00",31.1,21.74,57.5
"2025-07-07 14:52:00",32.2,21.76,54.03
"2025-07-07 15:52:00",32.8,21.17,50.36
"2025-07-07 16:52:00",33.3,21.18,48.97
"2025-07-07 17:52:00",33.3,21.78,50.8
"2025-07-07 18:52:00",31.1,22.84,61.47
"2025-07-07 19:52:00",31.1,23.34,63.36
"2025-07-07 20:52:00",29.4,23.92,72.39
"2025-07-07 21:52:00",28.3,23.31,74.41
"2025-07-07 22:52:00",27.8,23.91,79.41
"2025-07-07 23:52:00",26.7,23.9,84.69
"2025-07-08 00:52:00",26.1,23.9,87.73
"2025-07-08 01:52:00",25.6,23.3,87.16
"2025-07-08 02:52:00",25,22.8,87.64
"2025-07-08 03:52:00",23.9,22.8,93.59
"2025-07-08 04:52:00",22.8,22.2,96.43
"2025-07-08 05:52:00",22.8,22.2,96.43
"2025-07-08 06:52:00",24.4,22.8,90.83
"2025-07-08 07:52:00",26.1,23.3,84.63
"2025-07-08 08:52:00",28.3,23.91,77.14
"2025-07-08 09:52:00",30.6,23.33,65.19
"2025-07-08 10:52:00",32.2,22.26,55.7
"2025-07-08 11:52:00",32.8,22.86,55.85
"2025-07-08 12:52:00",33.3,22.27,52.37
"2025-07-08 13:52:00",34.4,22.29,49.25
"2025-07-08 14:52:00",35,22.3,47.65
"2025-07-08 15:52:00",28.3,23.31,74.41
"2025-07-08 16:52:00",24.4,21.7,84.96
"2025-07-08 17:52:00",22.8,21.1,90.17
"2025-07-08 18:52:00",24.4,21.7,84.96
"2025-07-08 19:52:00",25,23.3,90.32
"2025-07-08 20:52:00",25,22.2,84.51
"2025-07-08 21:52:00",23.9,22.8,93.59
"2025-07-08 22:52:00",23.9,22.8,93.59
"2025-07-08 23:52:00",23.3,22.8,97.03
"2025-07-09 00:52:00",23.3,22.8,97.03
"2025-07-09 01:52:00",23.3,22.8,97.03
"2025-07-09 02:52:00",22.8,22.2,96.43
"2025-07-09 03:52:00",22.8,22.2,96.43
"2025-07-09 04:52:00",22.8,22.2,96.43
"2025-07-09 05:52:00",22.8,22.2,96.43
"2025-07-09 06:52:00",22.8,22.2,96.43
"2025-07-09 07:52:00",25,22.8,87.64
"2025-07-09 08:52:00",26.7,22.8,79.26
"2025-07-09 09:52:00",27.8,22.81,74.32
"2025-07-09 10:52:00",28.9,22.22,67.24
"2025-07-09 11:52:00",30,22.23,63.12
"2025-07-09 12:52:00",30.6,22.24,60.99
"2025-07-09 13:52:00",32.2,21.76,54.03
"2025-07-09 14:52:00",31.1,22.24,59.28
"2025-07-09 15:52:00",30.6,22.83,63.25
"2025-07-09 16:52:00",29.4,23.32,69.82
"2025-07-09 17:52:00",23.9,22.8,93.59
"2025-07-09 18:52:00",23.9,22.8,93.59
"2025-07-09 19:52:00",23.3,23.3,100
"2025-07-09 20:52:00",23.9,23.3,96.46
"2025-07-09 21:52:00",23.3,22.8,97.03
"2025-07-09 22:52:00",22.8,22.2,96.43
"2025-07-09 23:52:00",22.8,22.2,96.43
"2025-07-10 00:52:00",22.8,22.2,96.43
"2025-07-10 01:52:00",22.8,22.2,96.43
"2025-07-10 02:52:00",22.8,22.2,96.43
"2025-07-10 03:52:00",22.8,22.2,96.43
"2025-07-10 04:52:00",22.8,22.2,96.43
"2025-07-10 05:52:00",22.2,21.7,97
"2025-07-10 06:52:00",22.2,21.7,97
"2025-07-10 07:52:00",23.3,22.2,93.56
"2025-07-10 08:52:00",24.4,22.8,90.83
"2025-07-10 09:52:00",25,22.2,84.51
"2025-07-10 10:52:00",26.1,21.7,76.8
"2025-07-10 11:52:00",26.7,21.71,74.14
"2025-07-10 12:52:00",26.7,21.71,74.14
"2025-07-10 13:52:00",27.2,21.71,72
"2025-07-10 14:52:00",27.2,21.71,72
"2025-07-10 15:52:00",28.3,21.72,67.53
"2025-07-10 16:52:00",28.9,21.12,62.87
"2025-07-10 17:52:00",29.4,20.03,57.09
"2025-07-10 18:52:00",28.9,21.72,65.22
"2025-07-10 19:52:00",27.8,21.71,69.52
"2025-07-10 20:52:00",26.1,22.2,79.18
"2025-07-10 21:52:00",25.6,22.2,81.55
"2025-07-10 22:52:00",23.9,22.2,90.25
"2025-07-10 23:52:00",22.8,21.7,93.54
"2025-07-11 00:52:00",22.8,22.2,96.43
"2025-07-11 01:52:00",22.2,21.7,97
"2025-07-11 02:52:00",21.7,21.7,100
"2025-07-11 03:52:00",21.7,21.7,100
"2025-07-11 04:52:00",21.1,21.1,100
"2025-07-11 05:52:00",21.1,20.6,96.98
"2025-07-11 06:52:00",22.2,21.7,97
"2025-07-11 07:52:00",25,22.8,87.64
"2025-07-11 08:52:00",26.7,23.3,81.69
"2025-07-11 09:52:00",28.3,22.21,69.61
"2025-07-11 10:52:00",28.9,21.72,65.22
"2025-07-11 11:52:00",29.4,22.22,65.33
"2025-07-11 12:52:00",30.6,22.83,63.25
"2025-07-11 13:52:00",31.1,21.74,57.5
"2025-07-11 14:52:00",30,22.23,63.12
"2025-07-11 15:52:00",32.2,21.76,54.03
"2025-07-11 16:52:00",31.7,21.75,55.58
"2025-07-11 17:52:00",30,22.23,63.12
"2025-07-11 18:52:00",27.2,21.11,69.4
"2025-07-11 19:52:00",25,21.7,81.97
"2025-07-11 20:52:00",25,23.3,90.32
"2025-07-11 21:52:00",25,23.9,93.64
"2025-07-11 22:52:00",25,23.9,93.64
"2025-07-11 23:52:00",25,23.9,93.64
"2025-07-12 00:52:00",23.9,23.3,96.46
"2025-07-12 01:52:00",23.3,23.3,100
"2025-07-12 02:52:00",22.8,22.8,100
"2025-07-12 03:52:00",23.3,22.8,97.03
"2025-07-12 04:52:00",22.8,22.8,100
"2025-07-12 05:52:00",23.9,23.3,96.46
"2025-07-12 06:52:00",24.4,23.9,97.05
"2025-07-12 07:52:00",25.6,24.4,93.11
"2025-07-12 08:52:00",27.2,24.4,84.74
"2025-07-12 09:52:00",27.8,24.41,81.83
"2025-07-12 10:52:00",29.4,24.42,74.59
"2025-07-12 11:52:00",31.1,25.03,70.14
"2025-07-12 12:52:00",31.1,23.93,65.68
"2025-07-12 13:52:00",31.1,22.84,61.47
"2025-07-12 14:52:00",31.1,23.93,65.68
"2025-07-12 15:52:00",28.9,23.32,71.87
"2025-07-12 16:52:00",30,23.33,67.46
"2025-07-12 17:52:00",25,23.3,90.32
"2025-07-12 18:52:00",23.9,20.6,81.83
"2025-07-12 19:52:00",24.4,21.7,84.96
"2025-07-12 20:52:00",22.8,21.7,93.54
"2025-07-12 21:52:00",22.8,22.2,96.43
"2025-07-12 22:52:00",23.9,22.8,93.59
"2025-07-12 23:52:00",23.3,22.8,97.03
"2025-07-13 00:52:00",23.9,22.8,93.59
"2025-07-13 01:52:00",23.3,22.2,93.56
"2025-07-13 02:52:00",23.3,22.2,93.56
"2025-07-13 03:52:00",23.3,22.2,93.56
"2025-07-13 04:52:00",23.3,22.8,97.03
"2025-07-13 05:52:00",23.3,22.8,97.03
"2025-07-13 06:52:00",24.4,23.3,93.61
"2025-07-13 07:52:00",25,23.9,93.64
"2025-07-13 08:52:00",25.6,23.9,90.36
"2025-07-13 09:52:00",26.7,23.3,81.69
"2025-07-13 10:52:00",28.3,23.31,74.41
"2025-07-13 11:52:00",30,24.42,72.06
"2025-07-13 12:52:00",29.4,23.92,72.39
"2025-07-13 13:52:00",31.1,23.34,63.36
"2025-07-13 14:52:00",28.9,22.82,69.73
"2025-07-13 15:52:00",29.4,24.42,74.59
"2025-07-13 16:52:00",27.2,22.81,76.97
"2025-07-13 17:52:00",27.2,23.31,79.33
"2025-07-13 18:52:00",27.2,23.31,79.33
"2025-07-13 19:52:00",27.8,23.31,76.6
"2025-07-13 20:52:00",26.7,22.8,79.26
"2025-07-13 21:52:00",26.1,23.3,84.63
"2025-07-13 22:52:00",25.6,23.3,87.16
"2025-07-13 23:52:00",25.6,23.3,87.16
"2025-07-14 00:52:00",25.6,22.8,84.57
"2025-07-14 01:52:00",24.4,22.8,90.83
"2025-07-14 02:52:00",24.4,22.8,90.83
"2025-07-14 03:52:00",24.4,22.8,90.83
"2025-07-14 04:52:00",23.9,22.8,93.59
"2025-07-14 05:52:00",23.3,22.8,97.03
"2025-07-14 06:52:00",23.9,23.3,96.46
"2025-07-14 07:52:00",25,23.3,90.32
"2025-07-14 08:52:00",26.1,23.3,84.63
"2025-07-14 09:52:00",26.7,22.8,79.26
"2025-07-14 10:52:00",28.9,23.92,74.51
"2025-07-14 11:52:00",28.9,23.32,71.87
"2025-07-14 12:52:00",29.4,23.92,72.39
"2025-07-14 13:52:00",30.6,23.93,67.58
"2025-07-14 14:52:00",30.6,23.93,67.58
"2025-07-14 15:52:00",30,23.33,67.46
"2025-07-14 16:52:00",28.3,24.41,79.48
"2025-07-14 17:52:00",23.9,22.8,93.59
"2025-07-14 18:52:00",24.4,22.8,90.83
"2025-07-14 19:52:00",25,22.8,87.64
"2025-07-14 20:52:00",24.4,22.8,90.83
"2025-07-14 21:52:00",23.9,23.3,96.46
"2025-07-14 22:52:00",23.9,23.3,96.46
"2025-07-14 23:52:00",23.9,23.3,96.46
"2025-07-15 00:52:00",23.3,23.3,100
"2025-07-15 01:52:00",22.8,22.8,100
"2025-07-15 02:52:00",22.8,22.8,100
"2025-07-15 03:52:00",22.8,22.2,96.43
"2025-07-15 04:52:00",21.7,21.7,100
"2025-07-15 05:52:00",22.2,21.7,97
"2025-07-15 06:52:00",23.9,22.8,93.59
"2025-07-15 07:52:00",24.4,22.8,90.83
"2025-07-15 08:52:00",25,22.2,84.51
"2025-07-15 09:52:00",27.2,22.21,74.22
"2025-07-15 10:52:00",27.2,21.71,72
"2025-07-15 11:52:00",28.3,22.21,69.61
"2025-07-15 12:52:00",29.4,22.22,65.33
"2025-07-15 13:52:00",29.4,21.73,63.37
"2025-07-15 14:52:00",30.6,22.24,60.99
"2025-07-15 15:52:00",31.1,21.74,57.5
"2025-07-15 16:52:00",30,21.13,59.02
"2025-07-15 17:52:00",30.6,21.74,59.16
"2025-07-15 18:52:00",30.6,21.74,59.16
"2025-07-15 19:52:00",28.9,22.22,67.24
"2025-07-15 20:52:00",27.8,23.31,76.6
"2025-07-15 21:52:00",27.2,23.31,79.33
"2025-07-15 22:52:00",26.1,23.3,84.63
"2025-07-15 23:52:00",25.6,22.8,84.57
"2025-07-16 00:52:00",24.4,22.2,87.58
"2025-07-16 01:52:00",24.4,22.2,87.58
"2025-07-16 02:52:00",23.9,22.2,90.25
"2025-07-16 03:52:00",23.3,22.2,93.56
"2025-07-16 04:52:00",22.8,22.2,96.43
"2025-07-16 05:52:00",23.3,22.2,93.56
"2025-07-16 06:52:00",23.9,22.2,90.25
"2025-07-16 07:52:00",23.9,22.2,90.25
"2025-07-16 08:52:00",24.4,22.8,90.83
"2025-07-16 09:52:00",25,22.8,87.64
"2025-07-16 10:52:00",27.2,23.31,79.33
"2025-07-16 11:52:00",28.3,23.31,74.41
"2025-07-16 12:52:00",29.4,23.92,72.39
"2025-07-16 13:52:00",30.6,23.93,67.58
"2025-07-16 14:52:00",31.7,23.94,63.49
"2025-07-16 15:52:00",31.7,23.94,63.49
"2025-07-16 16:52:00",30.6,23.93,67.58
"2025-07-16 17:52:00",29.4,24.42,74.59
"2025-07-16 18:52:00",29.4,25.02,77.31
"2025-07-16 19:52:00",28.3,25.01,82.38
"2025-07-16 20:52:00",23.3,22.8,97.03
"2025-07-16 21:52:00",22.2,21.1,93.51
"2025-07-16 22:52:00",22.2,21.1,93.51
"2025-07-16 23:52:00",21.7,21.1,96.4
"2025-07-17 00:52:00",22.2,21.1,93.51
"2025-07-17 01:52:00",22.2,21.7,97
"2025-07-17 02:52:00",22.2,21.7,97
"2025-07-17 03:52:00",21.7,21.7,100
"2025-07-17 04:52:00",21.7,21.1,96.4
"2025-07-17 05:52:00",22.8,22.8,100
"2025-07-17 06:52:00",23.3,22.8,97.03
"2025-07-17 07:52:00",25,23.9,93.64
"2025-07-17 07:54:00",26,24,88.78
"2025-07-17 08:52:00",26.1,24.4,90.4
"2025-07-17 09:52:00",28.3,25.01,82.38
"2025-07-17 10:52:00",30,24.42,72.06
"2025-07-17 11:52:00",31.1,23.93,65.68
"2025-07-17 12:52:00",32.2,23.35,59.53
"2025-07-17 13:52:00",32.8,23.95,59.67
"2025-07-17 14:52:00",33.9,23.38,54.13
"2025-07-17 15:52:00",34.4,22.89,51.08
"2025-07-17 16:52:00",33.3,23.37,55.97
"2025-07-17 17:52:00",32.8,23.36,57.56
"2025-07-17 18:52:00",32.2,24.45,63.6
"2025-07-17 19:52:00",31.1,24.43,67.68
"2025-07-17 20:52:00",31.1,23.34,63.36
"2025-07-17 21:52:00",29.4,22.22,65.33
"2025-07-17 23:52:00",28.3,20.62,63.13
"2025-07-18 01:52:00",26.7,20.61,69.31
"2025-07-18 02:52:00",26.1,20.6,71.8
"2025-07-18 03:52:00",25,20.6,76.63
"2025-07-18 04:52:00",25.6,20.6,73.95
"2025-07-18 05:52:00",26.1,20.6,71.8
"2025-07-18 06:52:00",26.1,21.1,74.03
"2025-07-18 07:52:00",26.1,21.1,74.03
"2025-07-18 08:52:00",27.2,21.71,72
"2025-07-18 09:52:00",27.8,20.61,64.99
"2025-07-18 10:52:00",28.3,20.62,63.13
"2025-07-18 11:52:00",28.9,20.62,60.97
"2025-07-18 12:52:00",29.4,20.03,57.09
"2025-07-18 13:52:00",29.4,20.63,59.24
"2025-07-18 14:52:00",29.4,21.13,61.09
"2025-07-18 15:52:00",28.9,20.62,60.97
"2025-07-18 16:52:00",28.3,21.72,67.53
"2025-07-18 17:52:00",28.3,21.72,67.53
"2025-07-18 18:52:00",27.8,21.71,69.52
"2025-07-18 19:52:00",26.7,22.21,76.43
"2025-07-18 20:52:00",25.6,22.2,81.55
"2025-07-18 21:52:00",24.4,23.3,93.61
"2025-07-18 22:52:00",25,23.3,90.32
"2025-07-18 23:52:00",23.9,23.3,96.46
"2025-07-19 00:52:00",23.9,23.3,96.46
"2025-07-19 01:52:00",23.9,22.8,93.59
"2025-07-19 02:52:00",23.3,22.8,97.03
"2025-07-19 03:52:00",22.8,22.2,96.43
"2025-07-19 04:52:00",22.8,22.8,100
"2025-07-19 05:52:00",23.3,22.8,97.03
"2025-07-19 06:52:00",23.9,22.8,93.59
"2025-07-19 07:52:00",24.4,22.8,90.83
"2025-07-19 08:52:00",25.6,22.8,84.57
"2025-07-19 09:52:00",26.1,22.8,82.11
"2025-07-19 10:52:00",27.2,22.21,74.22
"2025-07-19 11:52:00",28.3,22.81,72.19
"2025-07-19 12:52:00",30,22.23,63.12
"2025-07-19 13:52:00",31.1,21.74,57.5
"2025-07-19 14:52:00",31.7,22.25,57.29
"2025-07-19 15:52:00",31.1,22.24,59.28
"2025-07-19 16:52:00",30.6,22.83,63.25
"2025-07-19 17:52:00",27.8,22.81,74.32
"2025-07-19 18:52:00",25.6,23.3,87.16
"2025-07-19 19:52:00",25.6,23.3,87.16
"2025-07-19 20:52:00",25.6,23.9,90.36
"2025-07-19 21:52:00",24.4,23.3,93.61
"2025-07-19 22:52:00",23.9,22.8,93.59
"2025-07-19 23:52:00",24.4,23.3,93.61
"2025-07-20 00:52:00",24.4,23.3,93.61
"2025-07-20 01:52:00",24.4,23.3,93.61
"2025-07-20 02:52:00",23.9,23.3,96.46
"2025-07-20 03:52:00",23.3,22.8,97.03
"2025-07-20 04:52:00",23.3,23.3,100
"2025-07-20 05:52:00",23.3,23.3,100
"2025-07-20 06:52:00",23.9,23.3,96.46
"2025-07-20 07:52:00",23.9,23.3,96.46
"2025-07-20 08:52:00",25.6,23.3,87.16
"2025-07-20 09:52:00",28.3,22.81,72.19
"2025-07-20 10:52:00",28.9,22.22,67.24
"2025-07-20 11:52:00",30,21.73,61.22
"2025-07-20 12:52:00",29.4,21.73,63.37
"2025-07-20 13:52:00",31.1,22.24,59.28
"2025-07-20 14:52:00",31.1,21.15,55.43
"2025-07-20 15:52:00",31.7,21.15,53.57
"2025-07-20 16:52:00",32.8,20.67,48.83
"2025-07-20 17:52:00",31.7,19.46,48.24
"2025-07-20 18:52:00",31.1,20.65,53.75
"2025-07-20 19:52:00",30,20.63,57.23
"2025-07-20 20:52:00",29.4,21.13,61.09
"2025-07-20 21:52:00",28.9,20.62,60.97
"2025-07-20 22:52:00",28.3,20.62,63.13
"2025-07-20 23:52:00",27.8,20.61,64.99
"2025-07-21 00:52:00",27.2,20.61,67.3
"2025-07-21 01:52:00",27.2,20.61,67.3
"2025-07-21 02:52:00",25,20.6,76.63
"2025-07-21 03:52:00",23.9,21.1,84.39
"2025-07-21 04:52:00",22.2,21.7,97
"2025-07-21 05:52:00",22.8,21.7,93.54
"2025-07-21 06:52:00",22.8,21.7,93.54
"2025-07-21 07:52:00",23.3,21.7,90.75
"2025-07-21 08:52:00",23.9,21.7,87.54
"2025-07-21 09:52:00",25,21.1,79.02
"2025-07-21 10:52:00",26.1,20,69.19
"2025-07-21 11:52:00",27.2,20.01,64.86
"2025-07-21 12:52:00",28.9,19.43,56.61
"2025-07-21 13:52:00",29.4,19.43,55
"2025-07-21 14:52:00",29.4,17.84,49.77
"2025-07-21 15:52:00",30,17.24,46.3
"2025-07-21 16:52:00",29.4,16.14,44.69
"2025-07-21 17:52:00",29.4,15.64,43.29
"2025-07-21 18:52:00",28.9,15.04,42.87
"2025-07-21 19:52:00",27.8,14.42,43.96
"2025-07-21 20:52:00",26.7,14.41,46.88
"2025-07-21 21:52:00",21.1,16.08,73.16
"2025-07-21 22:52:00",21.1,16.08,73.16
"2025-07-21 23:52:00",20.6,16.68,78.38
"2025-07-22 00:52:00",18.9,16.69,87.08
"2025-07-22 01:52:00",19.4,16.69,84.41
"2025-07-22 02:52:00",18.9,16.69,87.08
"2025-07-22 03:52:00",18.3,16.69,90.41
"2025-07-22 04:52:00",20,16.68,81.33
"2025-07-22 05:52:00",19.4,16.08,81.25
"2025-07-22 06:52:00",19.4,14.98,75.73
"2025-07-22 07:52:00",20.6,14.38,67.65
"2025-07-22 08:52:00",22.2,14.98,63.76
"2025-07-22 09:52:00",23.9,16.09,61.74
"2025-07-22 10:52:00",25.6,16.1,55.79
"2025-07-22 11:52:00",26.7,16.71,54.32
"2025-07-22 12:52:00",27.8,16.72,50.94
"2025-07-22 13:52:00",28.9,17.83,51.23
"2025-07-22 14:52:00",27.8,16.72,50.94
"2025-07-22 15:52:00",28.3,16.73,49.48
"2025-07-22 16:52:00",28.3,17.22,51.07
"2025-07-22 17:52:00",28.9,16.73,47.79
"2025-07-22 18:52:00",27.8,16.12,49.03
"2025-07-22 19:52:00",27.2,16.12,50.78
"2025-07-22 20:52:00",25.6,17.8,62.13
"2025-07-22 21:52:00",24.4,17.79,66.73
"2025-07-22 22:52:00",23.9,17.79,68.75
"2025-07-22 23:52:00",21.7,17.79,78.54
"2025-07-23 00:52:00",22.2,17.79,76.19
"2025-07-23 01:52:00",21.7,18.89,84.14
"2025-07-23 02:52:00",21.7,19.39,86.8
"2025-07-23 03:52:00",21.7,19.39,86.8
"2025-07-23 04:52:00",21.1,19.39,90.04
"2025-07-23 05:52:00",21.1,19.39,90.04
"2025-07-23 06:52:00",21.7,20,90.09
"2025-07-23 07:52:00",23.3,20.6,84.84
"2025-07-23 08:52:00",25,20.6,76.63
"2025-07-23 09:52:00",25.6,20,71.26
"2025-07-23 10:52:00",25.6,20.6,73.95
"2025-07-23 11:52:00",26.7,20.01,66.79
"2025-07-23 12:52:00",28.3,19.42,58.61
"2025-07-23 13:52:00",27.8,20.02,62.63
"2025-07-23 14:52:00",28.3,19.42,58.61
"2025-07-23 15:52:00",29.4,19.43,55
"2025-07-23 16:52:00",28.3,17.82,53.04
"2025-07-23 17:52:00",28.9,18.93,54.88
"2025-07-23 18:52:00",28.3,17.82,53.04
"2025-07-23 19:52:00",26.7,16.11,52.29
"2025-07-23 20:52:00",25,16.7,60.06
"2025-07-23 21:52:00",24.4,16.69,62.25
"2025-07-23 22:52:00",23.3,18.29,73.55
"2025-07-23 23:52:00",23.3,18.89,76.36
"2025-07-24 00:52:00",23.3,19.39,78.77
"2025-07-24 01:52:00",22.2,19.39,84.2
"2025-07-24 02:52:00",21.7,19.39,86.8
"2025-07-24 03:52:00",21.1,18.89,87.29
"2025-07-24 04:52:00",20.6,18.89,90.01
"2025-07-24 05:52:00",20,18.9,93.4
"2025-07-24 06:52:00",21.1,19.39,90.04
"2025-07-24 07:52:00",22.8,19.99,84.26
"2025-07-24 08:52:00",25,19.4,71.15
"2025-07-24 09:52:00",26.1,20.6,71.8
"2025-07-24 10:52:00",27.8,21.11,67.01
"2025-07-24 11:52:00",28.9,21.12,62.87
"2025-07-24 12:52:00",30,20.63,57.23
"2025-07-24 13:52:00",30.6,20.64,55.3
"2025-07-24 14:52:00",30.6,20.04,53.29
"2025-07-24 15:52:00",31.7,20.06,50.07
"2025-07-24 16:52:00",31.1,20.65,53.75
"2025-07-24 17:52:00",30.6,20.64,55.3
"2025-07-24 18:52:00",30,21.13,59.02
"2025-07-24 19:52:00",28.9,20.62,60.97
"2025-07-24 20:52:00",27.2,20.01,64.86
"2025-07-24 21:52:00",27.2,20.01,64.86
"2025-07-24 22:52:00",26.7,20.01,66.79
"2025-07-24 23:52:00",25.6,20.6,73.95
"2025-07-25 00:52:00",25,20.6,76.63
"2025-07-25 01:52:00",24.4,21.1,81.9
"2025-07-25 02:52:00",24.4,21.1,81.9
"2025-07-25 03:52:00",23.9,21.1,84.39
"2025-07-25 04:52:00",22.8,21.1,90.17
"2025-07-25 05:52:00",22.8,21.1,90.17
"2025-07-25 06:52:00",23.3,21.7,90.75
"2025-07-25 07:52:00",25.6,22.2,81.55
"2025-07-25 08:52:00",27.8,22.21,71.67
"2025-07-25 09:52:00",31.1,22.84,61.47
"2025-07-25 10:52:00",32.2,22.85,57.76
"2025-07-25 11:52:00",33.9,23.38,54.13
"2025-07-25 12:52:00",33.9,23.38,54.13
"2025-07-25 13:52:00",35,22.89,49.41
"2025-07-25 14:52:00",35,23.39,50.93
"2025-07-25 15:52:00",34.4,22.89,51.08
"2025-07-25 16:52:00",26.1,22.8,82.11
"2025-07-25 17:52:00",25.6,22.2,81.55
"2025-07-25 18:52:00",26.7,22.8,79.26
"2025-07-25 19:52:00",27.2,22.81,76.97
"2025-07-25 20:52:00",25.6,22.8,84.57
"2025-07-25 21:52:00",25.6,22.8,84.57
"2025-07-25 22:52:00",23.9,22.8,93.59
"2025-07-25 23:52:00",25.6,22.8,84.57
"2025-07-26 00:52:00",24.4,22.8,90.83
"2025-07-26 01:52:00",23.9,22.2,90.25
"2025-07-26 02:52:00",23.3,22.2,93.56
"2025-07-26 03:52:00",22.8,21.7,93.54
"2025-07-26 04:52:00",22.8,21.7,93.54
"2025-07-26 05:52:00",22.8,21.7,93.54
"2025-07-26 06:52:00",23.9,22.2,90.25
"2025-07-26 07:52:00",26.7,22.21,76.43
"2025-07-26 08:52:00",28.3,22.81,72.19
"2025-07-26 09:52:00",29.4,22.82,67.75
"2025-07-26 10:52:00",30.6,22.24,60.99
"2025-07-26 11:52:00",31.7,22.85,59.42
"2025-07-26 12:52:00",31.7,22.85,59.42
"2025-07-26 13:52:00",32.2,23.35,59.53
"2025-07-26 14:52:00",32.2,22.85,57.76
"2025-07-26 15:52:00",31.7,22.85,59.42
"2025-07-26 16:52:00",30,23.33,67.46
"2025-07-26 17:52:00",31.1,23.93,65.68
"2025-07-26 18:52:00",30.6,23.93,67.58
"2025-07-26 19:52:00",28.9,23.92,74.51
"2025-07-26 20:52:00",27.8,23.91,79.41
"2025-07-26 21:52:00",27.2,23.9,82.24
"2025-07-26 22:52:00",27.2,24.4,84.74
"2025-07-26 23:52:00",26.7,24.4,87.26
"2025-07-27 00:52:00",26.7,25,90.44
"2025-07-27 01:52:00",26.7,25,90.44
"2025-07-27 02:52:00",25,25,100
"2025-07-27 03:52:00",26.1,25.6,97.09
"2025-07-27 04:52:00",25.6,24.4,93.11
"2025-07-27 05:52:00",25,24.4,96.49
"2025-07-27 06:52:00",25,24.4,96.49
"2025-07-27 07:52:00",26.1,25,93.69
"2025-07-27 08:52:00",27.8,24.41,81.83
"2025-07-27 09:52:00",29.4,25.02,77.31
"2025-07-27 10:52:00",31.1,24.43,67.68
"2025-07-27 11:52:00",32.2,23.35,59.53
"2025-07-27 12:52:00",32.8,23.36,57.56
"2025-07-27 13:52:00",26.7,23.9,84.69
"2025-07-27 14:52:00",25.6,23.3,87.16
"2025-07-27 15:52:00",28.3,23.91,77.14
"2025-07-27 16:52:00",25,24.4,96.49
"2025-07-27 17:52:00",26.7,25,90.44
"2025-07-27 18:52:00",26.7,25,90.44
"2025-07-27 19:52:00",26.1,25,93.69
"2025-07-27 20:52:00",25,23.9,93.64
"2025-07-27 21:52:00",24.4,23.3,93.61
"2025-07-27 22:52:00",23.9,22.8,93.59
"2025-07-27 23:52:00",23.3,22.8,97.03
"2025-07-28 00:52:00",23.3,22.8,97.03
"2025-07-28 01:52:00",22.8,22.2,96.43
"2025-07-28 02:52:00",22.2,21.7,97
"2025-07-28 03:52:00",24.4,22.2,87.58
"2025-07-28 04:52:00",24.4,21.7,84.96
"2025-07-28 05:52:00",23.9,21.7,87.54
"2025-07-28 06:52:00",24.4,22.2,87.58
"2025-07-28 07:52:00",25.6,22.8,84.57
"2025-07-28 08:52:00",27.8,22.21,71.67
"2025-07-28 09:52:00",28.9,22.22,67.24
"2025-07-28 10:52:00",30.6,22.24,60.99
"2025-07-28 11:52:00",31.1,22.24,59.28
"2025-07-28 12:52:00",32.2,21.76,54.03
"2025-07-28 13:52:00",32.8,21.17,50.36
"2025-07-28 14:52:00",33.3,21.18,48.97
"2025-07-28 15:52:00",33.3,20.68,47.48
"2025-07-28 16:52:00",33.3,20.68,47.48
"2025-07-28 17:52:00",33.3,21.18,48.97
"2025-07-28 18:52:00",32.8,20.67,48.83
"2025-07-28 19:52:00",31.1,21.15,55.43
"2025-07-28 20:52:00",29.4,21.13,61.09
"2025-07-28 21:52:00",25.6,21.7,79.1
"2025-07-28 22:52:00",26.7,21.71,74.14
"2025-07-28 23:52:00",26.7,21.71,74.14
"2025-07-29 00:52:00",22.8,21.1,90.17
"2025-07-29 01:52:00",22.2,21.7,97
"2025-07-29 02:52:00",22.8,21.7,93.54
"2025-07-29 03:52:00",22.2,21.1,93.51
"2025-07-29 04:52:00",21.7,21.1,96.4
"2025-07-29 05:52:00",21.7,21.1,96.4
"2025-07-29 06:52:00",23.9,21.7,87.54
"2025-07-29 07:52:00",25.6,22.8,84.57
"2025-07-29 08:52:00",28.3,22.21,69.61
"2025-07-29 09:52:00",30,21.73,61.22
"2025-07-29 10:52:00",31.7,21.15,53.57
"2025-07-29 11:52:00",32.2,20.66,50.51
"2025-07-29 12:52:00",33.3,21.18,48.97
"2025-07-29 13:52:00",33.3,20.68,47.48
"2025-07-29 14:52:00",33.9,20.69,45.92
"2025-07-29 15:52:00",33.9,21.78,49.12
"2025-07-29 16:52:00",33.9,22.88,52.52
"2025-07-29 17:52:00",32.8,22.86,55.85
"2025-07-29 18:52:00",31.7,22.25,57.29
"2025-07-29 19:52:00",30.6,22.83,63.25
"2025-07-29 20:52:00",28.9,22.22,67.24
"2025-07-29 21:52:00",28.3,22.21,69.61
"2025-07-29 22:52:00",26.7,23.3,81.69
"2025-07-29 23:52:00",27.8,23.91,79.41
"2025-07-30 00:52:00",26.7,23.9,84.69
"2025-07-30 01:52:00",24.4,23.3,93.61
"2025-07-30 02:52:00",24.4,23.3,93.61
"2025-07-30 03:52:00",23.9,23.3,96.46
"2025-07-30 04:52:00",23.3,22.8,97.03
"2025-07-30 05:52:00",23.3,22.8,97.03
"2025-07-30 06:52:00",23.3,22.8,97.03
"2025-07-30 07:52:00",26.7,23.9,84.69
"2025-07-30 08:52:00",28.9,23.32,71.87
"2025-07-30 09:52:00",31.1,23.34,63.36
"2025-07-30 10:52:00",31.1,21.74,57.5
"2025-07-30 11:52:00",31.7,21.15,53.57
"2025-07-30 12:52:00",31.7,21.75,55.58
"2025-07-30 13:52:00",33.9,21.78,49.12
"2025-07-30 14:52:00",33.9,21.19,47.35
"2025-07-30 15:52:00",33.9,22.88,52.52
"2025-07-30 16:52:00",32.2,22.26,55.7
"2025-07-30 17:52:00",33.3,22.87,54.31
"2025-07-30 18:52:00",31.1,22.84,61.47
"2025-07-30 19:52:00",30.6,22.24,60.99
"2025-07-30 20:52:00",30,23.92,69.94
"2025-07-30 21:52:00",28.9,24.41,76.77
"2025-07-30 22:52:00",28.3,24.41,79.48
"2025-07-30 23:52:00",27.8,25.01,84.81
"2025-07-31 00:52:00",27.8,25.6,87.88
"2025-07-31 01:52:00",27.2,25.6,91.01
"2025-07-31 02:52:00",26.7,25,90.44
"2025-07-31 03:52:00",26.1,25,93.69
"2025-07-31 04:52:00",26.1,24.4,90.4
"2025-07-31 05:52:00",25.6,23.9,90.36
"2025-07-31 06:52:00",25.6,23.9,90.36
"2025-07-31 07:52:00",26.7,24.4,87.26
"2025-07-31 08:52:00",27.8,24.41,81.83
"2025-07-31 09:52:00",29.4,25.02,77.31
"2025-07-31 10:52:00",30.6,24.43,69.63
"2025-07-31 11:52:00",31.7,24.44,65.42
"2025-07-31 12:52:00",33.3,24.46,59.79
"2025-07-31 13:52:00",32.8,23.36,57.56
"2025-07-31 14:52:00",31.1,24.43,67.68
"2025-07-31 15:52:00",27.2,24.4,84.74
"2025-07-31 16:52:00",27.2,23.9,82.24
"2025-07-31 17:52:00",23.3,22.2,93.56
"2025-07-31 18:52:00",24.4,23.3,93.61
"2025-07-31 19:52:00",24.4,22.8,90.83
"2025-07-31 20:52:00",24.4,22.8,90.83
"2025-07-31 21:52:00",24.4,22.8,90.83
"2025-07-31 22:52:00",24.4,22.8,90.83
"2025-07-31 23:52:00",23.9,21.7,87.54
"2025-08-01 00:52:00",23.3,21.1,87.49
"2025-08-01 01:52:00",22.2,19.99,87.39
"2025-08-01 02:52:00",21.7,20,90.09
"2025-08-01 03:52:00",21.7,19.39,86.8
"2025-08-01 04:52:00",21.1,18.29,84.07
"2025-08-01 05:52:00",20.6,17.79,84.02
"2025-08-01 06:52:00",20,17.79,87.18
"2025-08-01 07:52:00",19.4,17.79,90.49
"2025-08-01 08:52:00",18.9,18.3,96.32
"2025-08-01 09:52:00",19.4,18.29,93.37
"2025-08-01 10:52:00",19.4,17.79,90.49
"2025-08-01 11:52:00",20.6,18.29,86.69
"2025-08-01 12:52:00",20.6,18.29,86.69
"2025-08-01 13:52:00",21.7,18.29,81.04
"2025-08-01 14:52:00",21.7,17.79,78.54
"2025-08-01 15:52:00",22.2,17.79,76.19
"2025-08-01 16:52:00",22.2,18.29,78.61
"2025-08-01 17:52:00",22.2,17.79,76.19
"2025-08-01 18:52:00",22.2,17.79,76.19
"2025-08-01 19:52:00",21.7,17.79,78.54