DateTime,Visibility
7/31/2024 20:52,10
7/31/2024 21:52,10
7/31/2024 22:52,10
7/31/2024 23:52,10
8/1/2024 00:52,10
8/1/2024 01:52,10
8/1/2024 02:52,10
8/1/2024 03:52,10
8/1/2024 04:52,10
8/1/2024 05:52,10
8/1/2024 06:52,10
8/1/2024 07:52,10
8/1/2024 08:52,10
8/1/2024 09:52,10
8/1/2024 10:52,10
8/1/2024 11:52,10
8/1/2024 12:52,10
8/1/2024 13:52,10
8/1/2024 14:52,10
8/1/2024 15:52,10
8/1/2024 16:52,10
8/1/2024 17:52,10
8/1/2024 18:52,10
8/1/2024 19:52,10
8/1/2024 20:52,10
8/1/2024 21:52,10
8/1/2024 22:52,10
8/1/2024 23:52,10
8/2/2024 00:52,10
8/2/2024 01:52,10
8/2/2024 02:52,10
8/2/2024 03:52,10
8/2/2024 04:52,10
8/2/2024 05:52,10
8/2/2024 06:52,10
8/2/2024 07:52,10
8/2/2024 08:52,10
8/2/2024 09:52,10
8/2/2024 10:52,10
8/2/2024 11:52,10
8/2/2024 12:52,10
8/2/2024 13:52,10
8/2/2024 14:52,10
8/2/2024 15:52,10
8/2/2024 16:52,10
8/2/2024 17:52,10
8/2/2024 18:52,10
8/2/2024 19:52,10
8/2/2024 20:52,10
8/2/2024 21:52,10
8/2/2024 22:52,10
8/2/2024 23:52,10
8/3/2024 00:52,10
8/3/2024 01:52,10
8/3/2024 02:52,10
8/3/2024 03:52,10
8/3/2024 04:52,10
8/3/2024 05:52,10
8/3/2024 06:52,10
8/3/2024 07:52,10
8/3/2024 08:52,10
8/3/2024 09:52,10
8/3/2024 10:52,10
8/3/2024 11:52,10
8/3/2024 12:52,10
8/3/2024 13:52,10
8/3/2024 14:52,10
8/3/2024 15:52,10
8/3/2024 16:52,10
8/3/2024 17:52,2
8/3/2024 18:52,9
8/3/2024 19:52,10
8/3/2024 20:52,10
8/3/2024 21:52,10
8/3/2024 22:52,10
8/3/2024 23:52,10
8/4/2024 00:52,10
8/4/2024 01:52,10
8/4/2024 02:52,10
8/4/2024 03:52,10
8/4/2024 04:52,10
8/4/2024 05:52,10
8/4/2024 06:52,10
8/4/2024 07:52,10
8/4/2024 08:52,10
8/4/2024 09:52,10
8/4/2024 10:52,10
8/4/2024 11:52,10
8/4/2024 12:52,10
8/4/2024 13:52,10
8/4/2024 14:52,10
8/4/2024 15:52,10
8/4/2024 16:52,9
8/4/2024 17:52,10
8/4/2024 18:52,10
8/4/2024 19:52,10
8/4/2024 20:52,10
8/4/2024 21:52,10
8/4/2024 22:52,10
8/4/2024 23:52,10
8/5/2024 00:52,10
8/5/2024 01:52,10
8/5/2024 02:52,10
8/5/2024 03:52,7
8/5/2024 04:52,8
8/5/2024 05:52,9
8/5/2024 06:52,7
8/5/2024 07:52,10
8/5/2024 08:52,10
8/5/2024 09:52,10
8/5/2024 10:52,10
8/5/2024 11:52,10
8/5/2024 12:52,10
8/5/2024 13:52,10
8/5/2024 14:52,10
8/5/2024 15:52,10
8/5/2024 16:52,10
8/5/2024 17:52,10
8/5/2024 18:52,10
8/5/2024 19:52,10
8/5/2024 20:52,10
8/5/2024 21:52,10
8/5/2024 22:52,10
8/5/2024 23:52,10
8/6/2024 00:52,10
8/6/2024 01:52,10
8/6/2024 02:52,10
8/6/2024 03:52,10
8/6/2024 04:52,10
8/6/2024 05:52,10
8/6/2024 06:52,9
8/6/2024 07:52,10
8/6/2024 08:52,10
8/6/2024 09:52,10
8/6/2024 10:52,10
8/6/2024 11:52,10
8/6/2024 12:52,10
8/6/2024 13:52,10
8/6/2024 14:52,10
8/6/2024 15:52,10
8/6/2024 16:52,10
8/6/2024 19:52,10
8/6/2024 20:52,10
8/6/2024 21:52,10
8/6/2024 22:52,10
8/6/2024 23:52,10
8/7/2024 00:52,10
8/7/2024 01:52,10
8/7/2024 02:52,10
8/7/2024 03:52,10
8/7/2024 04:52,10
8/7/2024 05:52,10
8/7/2024 06:52,10
8/7/2024 07:52,10
8/7/2024 08:52,10
8/7/2024 09:52,10
8/7/2024 10:52,10
8/7/2024 11:52,10
8/7/2024 12:52,10
8/7/2024 13:52,10
8/7/2024 14:52,10
8/7/2024 15:52,10
8/7/2024 16:52,10
8/7/2024 17:52,10
8/7/2024 18:52,10
8/7/2024 19:52,10
8/7/2024 20:52,10
8/7/2024 21:52,10
8/7/2024 22:52,10
8/7/2024 23:52,10
8/8/2024 00:52,10
8/8/2024 01:52,10
8/8/2024 02:52,10
8/8/2024 03:52,7
8/8/2024 04:52,7
8/8/2024 05:52,6
8/8/2024 06:52,7
8/8/2024 07:52,7
8/8/2024 08:52,10
8/8/2024 09:52,10
8/8/2024 10:52,10
8/8/2024 11:52,7
8/8/2024 12:52,7
8/8/2024 13:52,7
8/8/2024 14:52,4
8/8/2024 15:52,1
8/8/2024 16:52,3
8/8/2024 17:52,4
8/8/2024 18:52,7
8/8/2024 19:52,7
8/8/2024 20:52,3
8/8/2024 21:52,7
8/8/2024 22:52,8
8/8/2024 23:52,10
8/9/2024 00:52,10
8/9/2024 01:52,10
8/9/2024 02:52,10
8/9/2024 03:52,10
8/9/2024 04:52,10
8/9/2024 05:52,4
8/9/2024 06:52,7
8/9/2024 07:52,10
8/9/2024 08:52,10
8/9/2024 09:52,6
8/9/2024 10:52,7
8/9/2024 11:52,2.5
8/9/2024 12:52,2.5
8/9/2024 13:52,10
8/9/2024 14:52,10
8/9/2024 15:52,10
8/9/2024 16:52,10
8/9/2024 17:52,10
8/9/2024 18:52,10
8/9/2024 19:52,10
8/9/2024 20:52,10
8/9/2024 21:52,10
8/9/2024 22:52,10
8/9/2024 23:52,10
8/10/2024 00:52,10
8/10/2024 01:52,10
8/10/2024 02:52,10
8/10/2024 03:52,10
8/10/2024 04:52,10
8/10/2024 05:52,10
8/10/2024 06:52,10
8/10/2024 07:52,10
8/10/2024 08:52,10
8/10/2024 09:52,10
8/10/2024 10:52,10
8/10/2024 11:52,10
8/10/2024 12:52,10
8/10/2024 13:52,10
8/10/2024 14:52,10
8/10/2024 15:52,10
8/10/2024 16:52,10
8/10/2024 17:52,10
8/10/2024 18:52,10
8/10/2024 19:52,10
8/10/2024 20:52,10
8/10/2024 21:52,10
8/10/2024 22:52,10
8/10/2024 23:52,10
8/11/2024 00:52,10
8/11/2024 01:52,10
8/11/2024 02:52,10
8/11/2024 03:52,10
8/11/2024 04:52,10
8/11/2024 05:52,10
8/11/2024 06:52,10
8/11/2024 07:52,10
8/11/2024 08:52,10
8/11/2024 09:52,10
8/11/2024 10:52,10
8/11/2024 11:52,10
8/11/2024 12:52,10
8/11/2024 13:52,10
8/11/2024 14:52,10
8/11/2024 15:52,10
8/11/2024 16:52,10
8/11/2024 17:52,10
8/11/2024 18:52,10
8/11/2024 19:52,10
8/11/2024 20:52,10
8/11/2024 21:52,10
8/11/2024 22:52,10
8/11/2024 23:52,10
8/12/2024 00:52,10
8/12/2024 01:52,10
8/12/2024 02:52,10
8/12/2024 03:52,10
8/12/2024 04:52,10
8/12/2024 05:52,10
8/12/2024 06:52,10
8/12/2024 07:52,10
8/12/2024 08:52,10
8/12/2024 09:52,10
8/12/2024 10:52,10
8/12/2024 11:52,10
8/12/2024 12:52,10
8/12/2024 13:52,10
8/12/2024 14:52,10
8/12/2024 15:52,10
8/12/2024 16:52,10
8/12/2024 17:52,10
8/12/2024 18:52,10
8/12/2024 19:52,10
8/12/2024 20:52,10
8/12/2024 21:52,10
8/12/2024 22:52,10
8/12/2024 23:52,10
8/13/2024 00:52,10
8/13/2024 01:52,10
8/13/2024 02:52,10
8/13/2024 03:52,10
8/13/2024 04:52,10
8/13/2024 05:52,10
8/13/2024 06:52,10
8/13/2024 07:52,10
8/13/2024 08:52,10
8/13/2024 09:52,10
8/13/2024 10:52,10
8/13/2024 11:52,10
8/13/2024 12:52,10
8/13/2024 13:52,10
8/13/2024 14:52,10
8/13/2024 15:52,10
8/13/2024 16:52,10
8/13/2024 17:52,10
8/13/2024 18:52,10
8/13/2024 19:52,10
8/13/2024 20:52,10
8/13/2024 21:52,10
8/13/2024 22:52,10
8/13/2024 23:52,10
8/14/2024 00:52,10
8/14/2024 01:52,10
8/14/2024 02:52,10
8/14/2024 03:52,10
8/14/2024 04:52,10
8/14/2024 05:52,10
8/14/2024 06:52,10
8/14/2024 07:52,10
8/14/2024 08:52,10
8/14/2024 09:52,10
8/14/2024 10:52,10
8/14/2024 11:52,10
8/14/2024 12:52,10
8/14/2024 13:52,10
8/14/2024 14:52,10
8/14/2024 15:52,10
8/14/2024 16:52,10
8/14/2024 17:52,10
8/14/2024 18:52,10
8/14/2024 19:52,10
8/14/2024 20:52,10
8/14/2024 21:52,10
8/14/2024 22:52,10
8/14/2024 23:52,9
8/15/2024 00:52,9
8/15/2024 01:52,9
8/15/2024 02:52,9
8/15/2024 03:52,10
8/15/2024 04:52,10
8/15/2024 05:52,10
8/15/2024 06:52,9
8/15/2024 07:52,9
8/15/2024 08:52,10
8/15/2024 09:52,10
8/15/2024 10:52,10
8/15/2024 11:52,10
8/15/2024 12:52,10
8/15/2024 13:52,10
8/15/2024 14:52,10
8/15/2024 15:52,10
8/15/2024 16:52,10
8/15/2024 17:52,10
8/15/2024 18:52,10
8/15/2024 19:52,10
8/15/2024 20:52,10
8/15/2024 21:52,10
8/15/2024 22:52,10
8/15/2024 23:52,10
8/16/2024 00:52,10
8/16/2024 01:52,10
8/16/2024 02:52,10
8/16/2024 03:52,9
8/16/2024 04:52,9
8/16/2024 05:52,10
8/16/2024 06:52,10
8/16/2024 07:52,10
8/16/2024 08:52,10
8/16/2024 09:52,10
8/16/2024 10:52,10
8/16/2024 11:52,10
8/16/2024 12:52,10
8/16/2024 13:52,10
8/16/2024 14:52,10
8/16/2024 15:52,10
8/16/2024 16:52,10
8/16/2024 17:52,10
8/16/2024 18:52,10
8/16/2024 19:52,10
8/16/2024 20:52,10
8/16/2024 21:52,10
8/16/2024 22:52,10
8/16/2024 23:52,10
8/17/2024 00:52,10
8/17/2024 01:52,10
8/17/2024 02:52,10
8/17/2024 03:52,10
8/17/2024 04:52,10
8/17/2024 05:52,10
8/17/2024 06:52,10
8/17/2024 07:52,10
8/17/2024 08:52,10
8/17/2024 09:52,10
8/17/2024 10:52,10
8/17/2024 11:52,10
8/17/2024 12:52,10
8/17/2024 13:52,10
8/17/2024 14:52,10
8/17/2024 15:52,10
8/17/2024 16:52,10
8/17/2024 17:52,10
8/17/2024 18:52,10
8/17/2024 19:52,10
8/17/2024 20:52,10
8/17/2024 21:52,10
8/17/2024 22:52,10
8/17/2024 23:52,10
8/18/2024 00:52,10
8/18/2024 01:52,10
8/18/2024 02:52,10
8/18/2024 03:52,10
8/18/2024 04:52,10
8/18/2024 05:52,9
8/18/2024 06:52,3
8/18/2024 07:52,0.75
8/18/2024 08:52,1.25
8/18/2024 09:52,9
8/18/2024 10:52,10
8/18/2024 11:52,10
8/18/2024 12:52,10
8/18/2024 13:52,10
8/18/2024 14:52,10
8/18/2024 15:52,10
8/18/2024 16:52,10
8/18/2024 17:52,10
8/18/2024 18:52,8
8/18/2024 19:52,10
8/18/2024 20:52,5
8/18/2024 21:52,10
8/18/2024 22:52,10
8/18/2024 23:52,10
8/19/2024 00:52,10
8/19/2024 01:52,10
8/19/2024 02:52,10
8/19/2024 03:52,10
8/19/2024 04:52,10
8/19/2024 05:52,10
8/19/2024 06:52,10
8/19/2024 07:52,10
8/19/2024 08:52,10
8/19/2024 09:52,10
8/19/2024 10:52,10
8/19/2024 11:52,10
8/19/2024 12:52,10
8/19/2024 13:52,10
8/19/2024 14:52,10
8/19/2024 15:52,10
8/19/2024 16:52,10
8/19/2024 17:52,10
8/19/2024 18:52,10
8/19/2024 19:52,10
8/19/2024 20:52,10
8/19/2024 21:52,10
8/19/2024 22:52,10
8/19/2024 23:52,10
8/20/2024 00:52,10
8/20/2024 01:52,10
8/20/2024 02:52,10
8/20/2024 03:52,10
8/20/2024 04:52,10
8/20/2024 05:52,10
8/20/2024 06:52,10
8/20/2024 07:52,10
8/20/2024 08:52,10
8/20/2024 09:52,10
8/20/2024 10:52,10
8/20/2024 11:52,10
8/20/2024 12:52,10
8/20/2024 13:52,10
8/20/2024 14:52,10
8/20/2024 15:52,10
8/20/2024 16:52,10
8/20/2024 17:52,10
8/20/2024 18:52,10
8/20/2024 19:52,10
8/20/2024 20:52,10
8/20/2024 21:52,10
8/20/2024 22:52,10
8/20/2024 23:52,10
8/21/2024 00:52,10
8/21/2024 01:52,10
8/21/2024 02:52,10
8/21/2024 03:52,10
8/21/2024 04:52,10
8/21/2024 05:52,10
8/21/2024 06:52,10
8/21/2024 07:52,10
8/21/2024 08:52,10
8/21/2024 09:52,10
8/21/2024 10:52,10
8/21/2024 11:52,10
8/21/2024 12:52,10
8/21/2024 13:52,10
8/21/2024 14:52,10
8/21/2024 15:52,10
8/21/2024 16:52,10
8/21/2024 17:52,10
8/21/2024 18:52,10
8/21/2024 19:52,10
8/21/2024 20:52,10
8/21/2024 21:52,10
8/21/2024 22:52,10
8/21/2024 23:52,10
8/22/2024 00:52,10
8/22/2024 01:52,10
8/22/2024 02:52,10
8/22/2024 03:52,10
8/22/2024 04:52,10
8/22/2024 05:52,10
8/22/2024 06:52,10
8/22/2024 07:52,10
8/22/2024 08:52,10
8/22/2024 09:52,10
8/22/2024 10:52,10
8/22/2024 11:52,10
8/22/2024 12:52,10
8/22/2024 13:52,10
8/22/2024 14:52,10
8/22/2024 15:52,10
8/22/2024 16:52,10
8/22/2024 17:52,10
8/22/2024 18:52,10
8/22/2024 19:52,10
8/22/2024 20:52,10
8/22/2024 21:52,10
8/22/2024 22:52,10
8/22/2024 23:52,10
8/23/2024 00:52,10
8/23/2024 01:52,10
8/23/2024 02:52,10
8/23/2024 03:52,10
8/23/2024 04:52,10
8/23/2024 05:52,10
8/23/2024 06:52,10
8/23/2024 07:52,10
8/23/2024 08:52,10
8/23/2024 09:52,10
8/23/2024 10:52,10
8/23/2024 11:52,10
8/23/2024 12:52,10
8/23/2024 13:52,10
8/23/2024 14:52,10
8/23/2024 15:52,10
8/23/2024 16:52,10
8/23/2024 17:52,10
8/23/2024 18:52,10
8/23/2024 19:52,10
8/23/2024 20:52,10
8/23/2024 21:52,10
8/23/2024 22:52,10
8/23/2024 23:52,10
8/24/2024 00:52,10
8/24/2024 01:52,10
8/24/2024 02:52,10
8/24/2024 03:52,10
8/24/2024 04:52,10
8/24/2024 05:52,10
8/24/2024 06:52,10
8/24/2024 07:52,10
8/24/2024 08:52,10
8/24/2024 09:52,10
8/24/2024 10:52,10
8/24/2024 11:52,10
8/24/2024 12:52,10
8/24/2024 13:52,10
8/24/2024 14:52,10
8/24/2024 15:52,10
8/24/2024 16:52,10
8/24/2024 17:52,10
8/24/2024 18:52,10
8/24/2024 19:52,10
8/24/2024 20:52,10
8/24/2024 21:52,10
8/24/2024 22:52,10
8/24/2024 23:52,10
8/25/2024 00:52,10
8/25/2024 01:52,10
8/25/2024 02:52,10
8/25/2024 03:52,10
8/25/2024 04:52,10
8/25/2024 05:52,10
8/25/2024 06:52,10
8/25/2024 07:52,10
8/25/2024 08:52,10
8/25/2024 09:52,10
8/25/2024 10:52,10
8/25/2024 11:52,10
8/25/2024 12:52,10
8/25/2024 13:52,10
8/25/2024 14:52,10
8/25/2024 15:52,10
8/25/2024 16:52,10
8/25/2024 17:52,10
8/25/2024 18:52,10
8/25/2024 19:52,10
8/25/2024 20:52,10
8/25/2024 21:52,10
8/25/2024 22:52,10
8/25/2024 23:52,10
8/26/2024 00:52,10
8/26/2024 01:52,10
8/26/2024 02:52,10
8/26/2024 03:52,10
8/26/2024 04:52,10
8/26/2024 05:52,10
8/26/2024 06:52,10
8/26/2024 07:52,10
8/26/2024 08:52,10
8/26/2024 09:52,10
8/26/2024 10:52,10
8/26/2024 11:52,10
8/26/2024 12:52,10
8/26/2024 13:52,5
8/26/2024 14:52,10
8/26/2024 15:52,10
8/26/2024 16:52,10
8/26/2024 17:52,10
8/26/2024 18:52,10
8/26/2024 19:52,10
8/26/2024 20:52,10
8/26/2024 21:52,10
8/26/2024 22:52,10
8/26/2024 23:52,10
8/27/2024 00:52,10
8/27/2024 01:52,10
8/27/2024 02:52,10
8/27/2024 03:52,8
8/27/2024 04:52,9
8/27/2024 05:52,8
8/27/2024 06:52,7
8/27/2024 07:52,8
8/27/2024 08:52,10
8/27/2024 09:52,10
8/27/2024 10:52,10
8/27/2024 11:52,10
8/27/2024 12:52,10
8/27/2024 13:52,10
8/27/2024 14:52,10
8/27/2024 15:52,10
8/27/2024 16:52,10
8/27/2024 17:52,10
8/27/2024 18:52,10
8/27/2024 19:52,10
8/27/2024 20:52,10
8/27/2024 21:52,10
8/27/2024 22:52,10
8/27/2024 23:52,10
8/28/2024 00:52,10
8/28/2024 01:52,10
8/28/2024 02:52,10
8/28/2024 03:52,10
8/28/2024 04:52,10
8/28/2024 05:52,10
8/28/2024 06:52,8
8/28/2024 07:52,9
8/28/2024 08:52,10
8/28/2024 09:52,10
8/28/2024 10:52,10
8/28/2024 11:52,10
8/28/2024 12:52,10
8/28/2024 13:52,10
8/28/2024 14:52,10
8/28/2024 15:52,10
8/28/2024 16:52,10
8/28/2024 17:52,10
8/28/2024 18:52,10
8/28/2024 19:52,10
8/28/2024 20:52,10
8/28/2024 21:52,10
8/28/2024 22:52,10
8/28/2024 23:52,10
8/29/2024 00:52,10
8/29/2024 01:52,10
8/29/2024 02:52,10
8/29/2024 03:52,10
8/29/2024 04:52,10
8/29/2024 05:52,10
8/29/2024 06:52,10
8/29/2024 07:52,10
8/29/2024 08:52,10
8/29/2024 09:52,10
8/29/2024 10:52,10
8/29/2024 11:52,10
8/29/2024 12:52,10
8/29/2024 13:52,10
8/29/2024 14:52,10
8/29/2024 15:52,10
8/29/2024 16:52,6
8/29/2024 17:52,3
8/29/2024 18:52,7
8/29/2024 19:52,5
8/29/2024 20:52,7
8/29/2024 21:52,7
8/29/2024 22:52,7
8/29/2024 23:52,10
8/30/2024 00:52,10
8/30/2024 01:52,10
8/30/2024 02:52,10
8/30/2024 03:52,10
8/30/2024 04:52,10
8/30/2024 05:52,8
8/30/2024 06:52,7
8/30/2024 07:52,2
8/30/2024 08:52,2
8/30/2024 09:52,6
8/30/2024 10:52,7
8/30/2024 11:52,7
8/30/2024 12:52,7
8/30/2024 13:52,10
8/30/2024 14:52,10
8/30/2024 15:52,10
8/30/2024 16:52,10
8/30/2024 17:52,10
8/30/2024 18:52,10
8/30/2024 19:52,10
8/30/2024 20:52,10
8/30/2024 21:52,10
8/30/2024 22:52,10
8/30/2024 23:52,10
8/31/2024 00:52,10
8/31/2024 01:52,10
8/31/2024 02:52,10
8/31/2024 03:52,10
8/31/2024 04:52,10
8/31/2024 06:52,10
8/31/2024 07:52,10
8/31/2024 08:52,10
8/31/2024 09:52,10
8/31/2024 10:52,10
8/31/2024 11:52,10
8/31/2024 12:52,10
8/31/2024 13:52,10
8/31/2024 14:52,10
8/31/2024 15:52,10
8/31/2024 16:52,10
8/31/2024 17:52,10
8/31/2024 18:52,5
8/31/2024 19:52,10
8/31/2024 20:52,10
8/31/2024 21:52,10
8/31/2024 22:52,10
8/31/2024 23:52,10
9/1/2024 00:52,10
9/1/2024 01:52,10
9/1/2024 02:52,10
9/1/2024 03:52,10
9/1/2024 04:52,10
9/1/2024 05:52,10
9/1/2024 06:52,0.5
9/1/2024 07:52,5
9/1/2024 08:52,10
9/1/2024 09:52,10
9/1/2024 10:52,10
9/1/2024 11:52,10
9/1/2024 12:52,10
9/1/2024 13:52,10
9/1/2024 14:52,10
9/1/2024 15:52,10
9/1/2024 16:52,10
9/1/2024 17:52,10
9/1/2024 18:52,10
9/1/2024 19:52,10
9/1/2024 20:52,10
9/1/2024 21:52,10
9/1/2024 22:52,10
9/1/2024 23:52,10
9/2/2024 00:52,10
9/2/2024 01:52,10
9/2/2024 02:52,10
9/2/2024 03:52,10
9/2/2024 04:52,10
9/2/2024 05:52,10
9/2/2024 06:52,10
9/2/2024 07:52,10
9/2/2024 08:52,10
9/2/2024 09:52,10
9/2/2024 10:52,10
9/2/2024 11:52,10
9/2/2024 12:52,10
9/2/2024 13:52,10
9/2/2024 14:52,10
9/2/2024 15:52,10
9/2/2024 16:52,10
9/2/2024 17:52,10
9/2/2024 18:52,10
9/2/2024 19:52,10
9/2/2024 20:52,10
9/2/2024 21:52,10
9/2/2024 22:52,10
9/2/2024 23:52,10
9/3/2024 00:52,10
9/3/2024 01:52,10
9/3/2024 02:52,10
9/3/2024 03:52,10
9/3/2024 04:52,10
9/3/2024 05:52,10
9/3/2024 06:52,10
9/3/2024 07:52,10
9/3/2024 08:52,10
9/3/2024 09:52,10
9/3/2024 10:52,10
9/3/2024 11:52,10
9/3/2024 12:52,10
9/3/2024 13:52,10
9/3/2024 14:52,10
9/3/2024 15:52,10
9/3/2024 16:52,10
9/3/2024 17:52,10
9/3/2024 18:52,10
9/3/2024 19:52,10
9/3/2024 20:52,10
9/3/2024 21:52,10
9/3/2024 22:52,10
9/3/2024 23:52,10
9/4/2024 00:52,10
9/4/2024 01:52,10
9/4/2024 02:52,10
9/4/2024 03:52,10
9/4/2024 04:52,10
9/4/2024 05:52,10
9/4/2024 06:52,10
9/4/2024 07:52,10
9/4/2024 08:52,10
9/4/2024 09:52,10
9/4/2024 10:52,10
9/4/2024 11:52,10
9/4/2024 12:52,10
9/4/2024 13:52,10
9/4/2024 14:52,10
9/4/2024 15:52,10
9/4/2024 16:52,10
9/4/2024 17:52,10
9/4/2024 18:52,10
9/4/2024 19:52,10
9/4/2024 20:52,10
9/4/2024 21:52,10
9/4/2024 22:52,10
9/4/2024 23:52,10
9/5/2024 00:52,10
9/5/2024 01:52,10
9/5/2024 02:52,10
9/5/2024 03:52,10
9/5/2024 04:52,10
9/5/2024 05:52,10
9/5/2024 06:52,10
9/5/2024 07:52,10
9/5/2024 08:52,10
9/5/2024 09:52,10
9/5/2024 10:52,10
9/5/2024 11:52,10
9/5/2024 12:52,10
9/5/2024 13:52,10
9/5/2024 14:52,10
9/5/2024 15:52,10
9/5/2024 16:52,10
9/5/2024 17:52,10
9/5/2024 18:52,10
9/5/2024 19:52,10
9/5/2024 20:52,10
9/5/2024 21:52,10
9/5/2024 22:52,10
9/5/2024 23:52,10
9/6/2024 00:52,10
9/6/2024 01:52,10
9/6/2024 02:52,10
9/6/2024 03:52,10
9/6/2024 04:52,10
9/6/2024 05:52,10
9/6/2024 06:52,10
9/6/2024 07:52,10
9/6/2024 08:52,10
9/6/2024 09:52,10
9/6/2024 10:52,10
9/6/2024 11:52,10
9/6/2024 12:52,10
9/6/2024 13:52,10
9/6/2024 14:52,10
9/6/2024 15:52,10
9/6/2024 16:52,10
9/6/2024 17:52,10
9/6/2024 18:52,10
9/6/2024 19:52,10
9/6/2024 20:52,10
9/6/2024 21:52,10
9/6/2024 22:52,10
9/6/2024 23:52,10
9/7/2024 00:52,10
9/7/2024 01:52,10
9/7/2024 02:52,10
9/7/2024 03:52,10
9/7/2024 04:52,10
9/7/2024 05:52,10
9/7/2024 06:52,10
9/7/2024 07:52,10
9/7/2024 08:52,10
9/7/2024 09:52,10
9/7/2024 10:52,10
9/7/2024 11:52,10
9/7/2024 12:52,10
9/7/2024 13:52,10
9/7/2024 14:52,10
9/7/2024 15:52,10
9/7/2024 16:52,10
9/7/2024 17:52,10
9/7/2024 18:52,10
9/7/2024 19:52,10
9/7/2024 20:52,10
9/7/2024 21:52,10
9/7/2024 22:52,10
9/7/2024 23:52,10
9/8/2024 00:52,10
9/8/2024 01:52,10
9/8/2024 02:52,10
9/8/2024 03:52,10
9/8/2024 04:52,10
9/8/2024 05:52,10
9/8/2024 06:52,10
9/8/2024 07:52,10
9/8/2024 08:52,10
9/8/2024 09:52,10
9/8/2024 10:52,10
9/8/2024 11:52,10
9/8/2024 12:52,10
9/8/2024 13:52,10
9/8/2024 14:52,10
9/8/2024 15:52,10
9/8/2024 16:52,10
9/8/2024 17:52,10
9/8/2024 18:52,10
9/8/2024 19:52,10
9/8/2024 20:52,10
9/8/2024 21:52,10
9/8/2024 22:52,10
9/8/2024 23:52,10
9/9/2024 00:52,10
9/9/2024 01:52,10
9/9/2024 02:52,10
9/9/2024 03:52,10
9/9/2024 04:52,10
9/9/2024 05:52,10
9/9/2024 06:52,10
9/9/2024 07:52,10
9/9/2024 08:52,10
9/9/2024 09:52,10
9/9/2024 10:52,10
9/9/2024 11:52,10
9/9/2024 12:52,10
9/9/2024 13:52,10
9/9/2024 14:52,10
9/9/2024 15:52,10
9/9/2024 16:52,10
9/9/2024 17:52,10
9/9/2024 18:52,10
9/9/2024 19:52,10
9/9/2024 20:52,10
9/9/2024 21:52,10
9/9/2024 22:52,10
9/9/2024 23:52,10
9/10/2024 00:52,10
9/10/2024 01:52,10
9/10/2024 02:52,10
9/10/2024 03:52,10
9/10/2024 04:52,10
9/10/2024 05:52,10
9/10/2024 06:52,10
9/10/2024 07:52,10
9/10/2024 08:52,10
9/10/2024 09:52,10
9/10/2024 10:52,10
9/10/2024 11:52,10
9/10/2024 12:52,10
9/10/2024 13:52,10
9/10/2024 14:52,10
9/10/2024 15:52,10
9/10/2024 16:52,10
9/10/2024 17:52,10
9/10/2024 18:52,10
9/10/2024 19:52,10
9/10/2024 20:52,10
9/10/2024 21:52,10
9/10/2024 22:52,10
9/10/2024 23:52,10
9/11/2024 00:52,10
9/11/2024 01:52,10
9/11/2024 02:52,10
9/11/2024 03:52,10
9/11/2024 04:52,10
9/11/2024 05:52,10
9/11/2024 06:52,10
9/11/2024 07:52,10
9/11/2024 08:52,10
9/11/2024 09:52,10
9/11/2024 10:52,10
9/11/2024 11:52,10
9/11/2024 12:52,10
9/11/2024 13:52,10
9/11/2024 14:52,10
9/11/2024 15:52,10
9/11/2024 16:52,10
9/11/2024 17:52,10
9/11/2024 18:52,10
9/11/2024 19:52,10
9/11/2024 20:52,10
9/11/2024 21:52,10
9/11/2024 22:52,10
9/11/2024 23:52,10
9/12/2024 00:52,10
9/12/2024 01:52,10
9/12/2024 02:52,10
9/12/2024 03:52,7
9/12/2024 04:52,8
9/12/2024 05:52,10
9/12/2024 06:52,8
9/12/2024 07:52,7
9/12/2024 08:52,10
9/12/2024 09:52,10
9/12/2024 10:52,10
9/12/2024 11:52,10
9/12/2024 12:52,10
9/12/2024 13:52,10
9/12/2024 14:52,10
9/12/2024 15:52,10
9/12/2024 16:52,10
9/12/2024 17:52,10
9/12/2024 18:52,10
9/12/2024 19:52,10
9/12/2024 20:52,10
9/12/2024 21:52,10
9/12/2024 22:52,10
9/12/2024 23:52,10
9/13/2024 00:52,10
9/13/2024 01:52,10
9/13/2024 02:52,10
9/13/2024 03:52,10
9/13/2024 04:52,10
9/13/2024 05:52,10
9/13/2024 06:52,7
9/13/2024 07:52,7
9/13/2024 08:52,10
9/13/2024 09:52,10
9/13/2024 10:52,10
9/13/2024 11:52,10
9/13/2024 12:52,10
9/13/2024 13:52,10
9/13/2024 14:52,10
9/13/2024 15:52,10
9/13/2024 16:52,10
9/13/2024 17:52,10
9/13/2024 18:52,10
9/13/2024 19:52,10
9/13/2024 20:52,10
9/13/2024 21:52,10
9/13/2024 22:52,10
9/13/2024 23:52,10
9/14/2024 00:52,10
9/14/2024 01:52,10
9/14/2024 02:52,10
9/14/2024 03:52,8
9/14/2024 04:52,10
9/14/2024 05:52,9
9/14/2024 06:52,9
9/14/2024 07:52,9
9/14/2024 08:52,10
9/14/2024 09:52,10
9/14/2024 10:52,10
9/14/2024 11:52,10
9/14/2024 12:52,10
9/14/2024 13:52,10
9/14/2024 14:52,10
9/14/2024 15:52,10
9/14/2024 16:52,10
9/14/2024 17:52,10
9/14/2024 18:52,10
9/14/2024 19:52,10
9/14/2024 20:52,10
9/14/2024 21:52,10
9/14/2024 22:52,10
9/14/2024 23:52,10
9/15/2024 00:52,10
9/15/2024 01:52,10
9/15/2024 02:52,10
9/15/2024 03:52,10
9/15/2024 04:52,10
9/15/2024 05:52,10
9/15/2024 06:52,10
9/15/2024 07:52,10
9/15/2024 08:52,10
9/15/2024 09:52,10
9/15/2024 10:52,10
9/15/2024 11:52,10
9/15/2024 12:52,10
9/15/2024 13:52,10
9/15/2024 14:52,10
9/15/2024 15:52,10
9/15/2024 16:52,10
9/15/2024 17:52,10
9/15/2024 18:52,10
9/15/2024 19:52,10
9/15/2024 20:52,10
9/15/2024 21:52,10
9/15/2024 22:52,10
9/15/2024 23:52,10
9/16/2024 00:52,10
9/16/2024 01:52,10
9/16/2024 02:52,10
9/16/2024 03:52,10
9/16/2024 04:52,10
9/16/2024 05:52,10
9/16/2024 06:52,10
9/16/2024 07:52,10
9/16/2024 08:52,10
9/16/2024 09:52,10
9/16/2024 10:52,10
9/16/2024 11:52,10
9/16/2024 12:52,10
9/16/2024 13:52,10
9/16/2024 14:52,10
9/16/2024 15:52,10
9/16/2024 16:52,10
9/16/2024 17:52,10
9/16/2024 18:52,10
9/16/2024 19:52,10
9/16/2024 20:52,10
9/16/2024 21:52,10
9/16/2024 22:52,10
9/16/2024 23:52,10
9/17/2024 00:52,10
9/17/2024 01:52,8
9/17/2024 02:52,5
9/17/2024 03:52,10
9/17/2024 04:52,6
9/17/2024 05:52,8
9/17/2024 06:52,10
9/17/2024 07:52,10
9/17/2024 08:52,10
9/17/2024 09:52,10
9/17/2024 10:52,10
9/17/2024 11:52,10
9/17/2024 12:52,10
9/17/2024 13:52,10
9/17/2024 14:52,9
9/17/2024 15:52,9
9/17/2024 16:52,3
9/17/2024 17:52,6
9/17/2024 18:52,10
9/17/2024 19:52,10
9/17/2024 20:52,10
9/17/2024 21:52,10
9/17/2024 22:52,10
9/17/2024 23:52,10
9/18/2024 00:52,10
9/18/2024 01:52,10
9/18/2024 02:52,10
9/18/2024 03:52,10
9/18/2024 04:52,5
9/18/2024 05:52,3
9/18/2024 06:52,9
9/18/2024 07:52,5
9/18/2024 08:52,6
9/18/2024 09:52,5
9/18/2024 10:52,5
9/18/2024 11:52,6
9/18/2024 12:52,6
9/18/2024 13:52,9
9/18/2024 14:52,10
9/18/2024 15:52,10
9/18/2024 16:52,10
9/18/2024 17:52,4
9/18/2024 18:52,10
9/18/2024 19:52,10
9/18/2024 20:52,10
9/18/2024 21:52,10
9/18/2024 22:52,10
9/18/2024 23:52,10
9/19/2024 00:52,10
9/19/2024 01:52,10
9/19/2024 02:52,10
9/19/2024 03:52,10
9/19/2024 04:52,10
9/19/2024 05:52,10
9/19/2024 06:52,10
9/19/2024 07:52,10
9/19/2024 08:52,10
9/19/2024 09:52,10
9/19/2024 10:52,10
9/19/2024 11:52,10
9/19/2024 12:52,10
9/19/2024 13:52,10
9/19/2024 14:52,10
9/19/2024 15:52,10
9/19/2024 16:52,10
9/19/2024 17:52,10
9/19/2024 18:52,10
9/19/2024 19:52,10
9/19/2024 20:52,10
9/19/2024 21:52,10
9/19/2024 22:52,10
9/19/2024 23:52,10
9/20/2024 00:52,10
9/20/2024 01:52,10
9/20/2024 02:52,10
9/20/2024 03:52,10
9/20/2024 04:52,10
9/20/2024 05:52,10
9/20/2024 06:52,10
9/20/2024 07:52,10
9/20/2024 08:52,10
9/20/2024 09:52,10
9/20/2024 10:52,10
9/20/2024 11:52,10
9/20/2024 12:52,10
9/20/2024 13:52,10
9/20/2024 14:52,10
9/20/2024 15:52,10
9/20/2024 16:52,10
9/20/2024 17:52,10
9/20/2024 18:52,10
9/20/2024 19:52,10
9/20/2024 20:52,10
9/20/2024 21:52,10
9/20/2024 22:52,10
9/20/2024 23:52,10
9/21/2024 00:52,10
9/21/2024 01:52,10
9/21/2024 02:52,10
9/21/2024 03:52,10
9/21/2024 04:52,10
9/21/2024 05:52,10
9/21/2024 06:52,10
9/21/2024 07:52,10
9/21/2024 08:52,10
9/21/2024 09:52,10
9/21/2024 10:52,10
9/21/2024 11:52,10
9/21/2024 12:52,10
9/21/2024 13:52,10
9/21/2024 14:52,10
9/21/2024 15:52,10
9/21/2024 16:52,10
9/21/2024 17:52,10
9/21/2024 18:52,10
9/21/2024 19:52,10
9/21/2024 20:52,10
9/21/2024 21:52,10
9/21/2024 22:52,10
9/21/2024 23:52,10
9/22/2024 00:52,10
9/22/2024 01:52,10
9/22/2024 02:52,10
9/22/2024 03:52,10
9/22/2024 04:52,10
9/22/2024 05:52,10
9/22/2024 06:52,10
9/22/2024 07:52,1.75
9/22/2024 08:52,10
9/22/2024 09:52,10
9/22/2024 10:52,10
9/22/2024 11:52,10
9/22/2024 12:52,10
9/22/2024 13:52,10
9/22/2024 14:52,10
9/22/2024 15:52,10
9/22/2024 16:52,10
9/22/2024 17:52,10
9/22/2024 18:52,10
9/22/2024 19:52,10
9/22/2024 20:52,10
9/22/2024 21:52,10
9/22/2024 22:52,10
9/23/2024 00:52,10
9/23/2024 01:52,10
9/23/2024 02:52,10
9/23/2024 03:52,9
9/23/2024 04:52,4
9/23/2024 05:52,10
9/23/2024 06:52,7
9/23/2024 07:52,7
9/23/2024 08:52,7
9/23/2024 09:52,7
9/23/2024 10:52,10
9/23/2024 11:52,10
9/23/2024 12:52,7
9/23/2024 13:52,7
9/23/2024 14:52,5
9/23/2024 15:52,10
9/23/2024 16:52,10
9/23/2024 17:52,6
9/23/2024 18:52,10
9/23/2024 19:52,10
9/23/2024 20:52,3
9/23/2024 21:52,3
9/23/2024 22:52,3
9/23/2024 23:52,3
9/24/2024 00:52,7
9/24/2024 01:52,10
9/24/2024 02:52,7
9/24/2024 03:52,10
9/24/2024 04:52,10
9/24/2024 05:52,3
9/24/2024 06:52,4
9/24/2024 07:52,2
9/24/2024 08:52,2.5
9/24/2024 09:52,4
9/24/2024 10:52,6
9/24/2024 11:52,2.5
9/24/2024 12:52,6
9/24/2024 13:52,5
9/24/2024 14:52,6
9/24/2024 15:52,5
9/24/2024 16:52,8
9/24/2024 17:52,10
9/24/2024 18:52,10
9/24/2024 19:52,10
9/24/2024 20:52,10
9/24/2024 21:52,10
9/24/2024 22:52,10
9/24/2024 23:52,5
9/25/2024 00:52,5
9/25/2024 01:52,5
9/25/2024 02:52,3
9/25/2024 03:52,3
9/25/2024 04:52,5
9/25/2024 05:52,4
9/25/2024 06:52,4
9/25/2024 07:52,4
9/25/2024 08:52,1.75
9/25/2024 09:52,3
9/25/2024 10:52,4
9/25/2024 11:52,7
9/25/2024 12:52,7
9/25/2024 13:52,7
9/25/2024 14:52,10
9/25/2024 15:52,10
9/25/2024 16:52,10
9/25/2024 17:52,10
9/25/2024 18:52,10
9/25/2024 19:52,3
9/25/2024 20:52,10
9/25/2024 21:52,10
9/25/2024 22:52,10
9/25/2024 23:52,10
9/26/2024 00:52,10
9/26/2024 01:52,10
9/26/2024 02:52,10
9/26/2024 03:52,8
9/26/2024 04:52,1.5
9/26/2024 05:52,5
9/26/2024 06:52,2.5
9/26/2024 07:52,7
9/26/2024 08:52,6
9/26/2024 09:52,2.5
9/26/2024 10:52,2.5
9/26/2024 11:52,7
9/26/2024 12:52,7
9/26/2024 13:52,10
9/26/2024 14:52,10
9/26/2024 15:52,10
9/26/2024 16:52,10
9/26/2024 17:52,10
9/26/2024 18:52,10
9/26/2024 19:52,10
9/26/2024 20:52,10
9/26/2024 21:52,10
9/26/2024 22:52,10
9/26/2024 23:52,10
9/27/2024 00:52,10
9/27/2024 01:52,10
9/27/2024 02:52,10
9/27/2024 03:52,10
9/27/2024 04:52,10
9/27/2024 05:52,10
9/27/2024 06:52,7
9/27/2024 07:52,6
9/27/2024 08:52,5
9/27/2024 09:52,5
9/27/2024 10:52,5
9/27/2024 11:52,3
9/27/2024 12:52,6
9/27/2024 13:52,6
9/27/2024 14:52,7
9/27/2024 15:52,10
9/27/2024 16:52,10
9/27/2024 17:52,10
9/27/2024 18:52,10
9/27/2024 19:52,10
9/27/2024 20:52,10
9/27/2024 21:52,7
9/27/2024 22:52,10
9/27/2024 23:52,9
9/28/2024 00:52,10
9/28/2024 01:52,10
9/28/2024 02:52,10
9/28/2024 03:52,10
9/28/2024 04:52,10
9/28/2024 05:52,7
9/28/2024 06:52,6
9/28/2024 07:52,8
9/28/2024 08:52,10
9/28/2024 09:52,10
9/28/2024 10:52,10
9/28/2024 11:52,10
9/28/2024 12:52,10
9/28/2024 13:52,10
9/28/2024 14:52,10
9/28/2024 15:52,10
9/28/2024 16:52,10
9/28/2024 17:52,10
9/28/2024 18:52,10
9/28/2024 19:52,10
9/28/2024 20:52,10
9/28/2024 21:52,10
9/28/2024 22:52,10
9/28/2024 23:52,10
9/29/2024 00:52,10
9/29/2024 01:52,10
9/29/2024 02:52,10
9/29/2024 03:52,10
9/29/2024 04:52,10
9/29/2024 05:52,9
9/29/2024 06:52,9
9/29/2024 07:52,5
9/29/2024 08:52,6
9/29/2024 09:52,3
9/29/2024 10:52,10
9/29/2024 11:52,10
9/29/2024 12:52,10
9/29/2024 13:52,9
9/29/2024 14:52,10
9/29/2024 15:52,10
9/29/2024 16:52,9
9/29/2024 17:52,6
9/29/2024 18:52,5
9/29/2024 19:52,8
9/29/2024 20:52,9
9/29/2024 21:52,3
9/29/2024 22:52,3
9/29/2024 23:52,6
9/30/2024 00:52,9
9/30/2024 01:52,5
9/30/2024 02:52,7
9/30/2024 03:52,10
9/30/2024 04:52,10
9/30/2024 05:52,10
9/30/2024 06:52,6
9/30/2024 07:52,7
9/30/2024 08:52,5
9/30/2024 09:52,6
9/30/2024 10:52,6
9/30/2024 11:52,7
9/30/2024 12:52,7
9/30/2024 13:52,6
9/30/2024 14:52,2.5
9/30/2024 15:52,5
9/30/2024 16:52,7
9/30/2024 17:52,7
9/30/2024 18:52,10
9/30/2024 19:52,10
9/30/2024 20:52,10
9/30/2024 21:52,10
9/30/2024 22:52,10
9/30/2024 23:52,10
10/1/2024 00:52,10
10/1/2024 01:52,10
10/1/2024 02:52,10
10/1/2024 03:52,9
10/1/2024 04:52,9
10/1/2024 05:52,4
10/1/2024 06:52,4
10/1/2024 07:52,2.5
10/1/2024 08:52,3
10/1/2024 09:52,6
10/1/2024 10:52,6
10/1/2024 11:52,3
10/1/2024 12:52,6
10/1/2024 13:52,7
10/1/2024 14:52,10
10/1/2024 15:52,10
10/1/2024 16:52,10
10/1/2024 17:52,10
10/1/2024 18:52,10
10/1/2024 19:52,10
10/1/2024 20:52,10
10/1/2024 21:52,10
10/1/2024 22:52,10
10/1/2024 23:52,10
10/2/2024 00:52,10
10/2/2024 01:52,9
10/2/2024 02:52,10
10/2/2024 03:52,3
10/2/2024 04:52,10
10/2/2024 05:52,10
10/2/2024 06:52,7
10/2/2024 07:52,5
10/2/2024 08:52,6
10/2/2024 09:52,5
10/2/2024 10:52,5
10/2/2024 11:52,4
10/2/2024 12:52,5
10/2/2024 13:52,5
10/2/2024 14:52,10
10/2/2024 15:52,10
10/2/2024 16:52,10
10/2/2024 17:52,10
10/2/2024 18:52,4
10/2/2024 19:52,10
10/2/2024 20:52,10
10/2/2024 21:52,10
10/2/2024 22:52,10
10/2/2024 23:52,9
10/3/2024 00:52,8
10/3/2024 01:52,7
10/3/2024 02:52,8
10/3/2024 03:52,10
10/3/2024 04:52,10
10/3/2024 05:52,10
10/3/2024 06:52,10
10/3/2024 07:52,10
10/3/2024 08:52,10
10/3/2024 09:52,10
10/3/2024 10:52,10
10/3/2024 11:52,10
10/3/2024 12:52,10
10/3/2024 13:52,10
10/3/2024 14:52,10
10/3/2024 15:52,10
10/3/2024 16:52,10
10/3/2024 17:52,10
10/3/2024 18:52,10
10/3/2024 19:52,10
10/3/2024 20:52,10
10/3/2024 21:52,10
10/3/2024 22:52,10
10/3/2024 23:52,10
10/4/2024 00:52,10
10/4/2024 01:52,10
10/4/2024 02:52,10
10/4/2024 03:52,10
10/4/2024 04:52,10
10/4/2024 05:52,10
10/4/2024 06:52,10
10/4/2024 07:52,10
10/4/2024 08:52,10
10/4/2024 09:52,10
10/4/2024 10:52,10
10/4/2024 11:52,10
10/4/2024 12:52,10
10/4/2024 13:52,10
10/4/2024 14:52,10
10/4/2024 15:52,10
10/4/2024 16:52,10
10/4/2024 17:52,10
10/4/2024 18:52,10
10/4/2024 19:52,10
10/4/2024 20:52,10
10/4/2024 21:52,10
10/4/2024 22:52,10
10/4/2024 23:52,10
10/5/2024 00:52,10
10/5/2024 01:52,10
10/5/2024 02:52,10
10/5/2024 03:52,10
10/5/2024 04:52,8
10/5/2024 05:52,8
10/5/2024 06:52,6
10/5/2024 07:52,3
10/5/2024 08:52,6
10/5/2024 09:52,10
10/5/2024 10:52,10
10/5/2024 11:52,10
10/5/2024 12:52,10
10/5/2024 13:52,10
10/5/2024 14:52,10
10/5/2024 15:52,10
10/5/2024 16:52,10
10/5/2024 17:52,10
10/5/2024 18:52,10
10/5/2024 19:52,10
10/5/2024 20:52,10
10/5/2024 21:52,10
10/5/2024 22:52,10
10/5/2024 23:52,10
10/6/2024 00:52,10
10/6/2024 01:52,10
10/6/2024 02:52,10
10/6/2024 03:52,10
10/6/2024 04:52,10
10/6/2024 05:52,10
10/6/2024 06:52,10
10/6/2024 07:52,10
10/6/2024 08:52,10
10/6/2024 09:52,10
10/6/2024 10:52,10
10/6/2024 11:52,10
10/6/2024 12:52,10
10/6/2024 13:52,10
10/6/2024 14:52,10
10/6/2024 15:52,10
10/6/2024 16:52,10
10/6/2024 17:52,10
10/6/2024 18:52,10
10/6/2024 19:52,10
10/6/2024 20:52,10
10/6/2024 21:52,10
10/6/2024 22:52,10
10/6/2024 23:52,10
10/7/2024 00:52,10
10/7/2024 01:52,10
10/7/2024 02:52,10
10/7/2024 03:52,10
10/7/2024 04:52,10
10/7/2024 05:52,10
10/7/2024 06:52,9
10/7/2024 07:52,8
10/7/2024 08:52,10
10/7/2024 09:52,10
10/7/2024 10:52,10
10/7/2024 11:52,10
10/7/2024 12:52,10
10/7/2024 13:52,10
10/7/2024 14:52,10
10/7/2024 15:52,10
10/7/2024 16:52,10
10/7/2024 17:52,10
10/7/2024 18:52,10
10/7/2024 19:52,10
10/7/2024 20:52,10
10/7/2024 21:52,10
10/7/2024 22:52,10
10/7/2024 23:52,10
10/8/2024 00:52,10
10/8/2024 01:52,10
10/8/2024 02:52,10
10/8/2024 03:52,10
10/8/2024 04:52,10
10/8/2024 05:52,10
10/8/2024 06:52,10
10/8/2024 07:52,10
10/8/2024 08:52,10
10/8/2024 09:52,10
10/8/2024 10:52,10
10/8/2024 11:52,10
10/8/2024 12:52,10
10/8/2024 13:52,10
10/8/2024 14:52,10
10/8/2024 15:52,10
10/8/2024 16:52,10
10/8/2024 17:52,10
10/8/2024 18:52,10
10/8/2024 19:52,10
10/8/2024 20:52,10
10/8/2024 21:52,10
10/8/2024 22:52,10
10/8/2024 23:52,10
10/9/2024 00:52,10
10/9/2024 01:52,10
10/9/2024 02:52,10
10/9/2024 04:52,10
10/9/2024 05:52,10
10/9/2024 06:52,10
10/9/2024 07:52,10
10/9/2024 08:52,10
10/9/2024 09:52,10
10/9/2024 10:52,10
10/9/2024 11:52,10
10/9/2024 12:52,10
10/9/2024 13:52,10
10/9/2024 14:52,10
10/9/2024 15:52,10
10/9/2024 16:52,10
10/9/2024 17:52,10
10/9/2024 18:52,10
10/9/2024 19:52,10
10/9/2024 20:52,10
10/9/2024 21:52,10
10/9/2024 22:52,10
10/9/2024 23:52,10
10/10/2024 00:52,10
10/10/2024 01:52,10
10/10/2024 02:52,10
10/10/2024 03:52,8
10/10/2024 04:52,10
10/10/2024 05:52,10
10/10/2024 06:52,10
10/10/2024 07:52,10
10/10/2024 08:52,10
10/10/2024 09:52,10
10/10/2024 10:52,10
10/10/2024 11:52,10
10/10/2024 12:52,10
10/10/2024 13:52,10
10/10/2024 14:52,10
10/10/2024 15:52,10
10/10/2024 16:52,10
10/10/2024 17:52,10
10/10/2024 18:52,10
10/10/2024 19:52,10
10/10/2024 20:52,10
10/10/2024 21:52,10
10/10/2024 22:52,10
10/10/2024 23:52,10
10/11/2024 00:52,10
10/11/2024 01:52,10
10/11/2024 02:52,10
10/11/2024 03:52,10
10/11/2024 04:52,10
10/11/2024 05:52,10
10/11/2024 06:52,10
10/11/2024 07:52,10
10/11/2024 08:52,10
10/11/2024 09:52,10
10/11/2024 10:52,10
10/11/2024 11:52,10
10/11/2024 12:52,10
10/11/2024 13:52,10
10/11/2024 14:52,10
10/11/2024 15:52,10
10/11/2024 16:52,10
10/11/2024 17:52,10
10/11/2024 18:52,10
10/11/2024 19:52,10
10/11/2024 20:52,10
10/11/2024 21:52,10
10/11/2024 22:52,10
10/11/2024 23:52,10
10/12/2024 00:52,10
10/12/2024 01:52,10
10/12/2024 02:52,10
10/12/2024 03:52,10
10/12/2024 04:52,10
10/12/2024 05:52,10
10/12/2024 06:52,10
10/12/2024 07:52,10
10/12/2024 08:52,10
10/12/2024 09:52,10
10/12/2024 10:52,10
10/12/2024 11:52,10
10/12/2024 12:52,10
10/12/2024 13:52,10
10/12/2024 14:52,10
10/12/2024 15:52,10
10/12/2024 16:52,10
10/12/2024 17:52,10
10/12/2024 18:52,10
10/12/2024 19:52,10
10/12/2024 20:52,10
10/12/2024 21:52,10
10/12/2024 22:52,10
10/12/2024 23:52,10
10/13/2024 00:52,10
10/13/2024 01:52,10
10/13/2024 02:52,10
10/13/2024 03:52,10
10/13/2024 04:52,10
10/13/2024 05:52,10
10/13/2024 06:52,10
10/13/2024 07:52,10
10/13/2024 08:52,10
10/13/2024 09:52,10
10/13/2024 10:52,10
10/13/2024 11:52,10
10/13/2024 12:52,10
10/13/2024 13:52,10
10/13/2024 14:52,10
10/13/2024 15:52,10
10/13/2024 16:52,10
10/13/2024 17:52,10
10/13/2024 18:52,10
10/13/2024 19:52,10
10/13/2024 20:52,10
10/13/2024 21:52,10
10/13/2024 22:52,10
10/13/2024 23:52,10
10/14/2024 00:52,10
10/14/2024 01:52,10
10/14/2024 02:52,10
10/14/2024 03:52,10
10/14/2024 04:52,10
10/14/2024 05:52,10
10/14/2024 06:52,10
10/14/2024 07:52,10
10/14/2024 08:52,10
10/14/2024 09:52,10
10/14/2024 10:52,10
10/14/2024 11:52,10
10/14/2024 12:52,10
10/14/2024 13:52,10
10/14/2024 14:52,10
10/14/2024 15:52,10
10/14/2024 16:52,10
10/14/2024 17:52,10
10/14/2024 18:52,10
10/14/2024 19:52,10
10/14/2024 20:52,10
10/14/2024 21:52,10
10/14/2024 22:52,10
10/14/2024 23:52,10
10/15/2024 00:52,10
10/15/2024 01:52,10
10/15/2024 02:52,10
10/15/2024 03:52,10
10/15/2024 04:52,10
10/15/2024 05:52,10
10/15/2024 06:52,10
10/15/2024 07:52,10
10/15/2024 08:52,10
10/15/2024 09:52,10
10/15/2024 10:52,10
10/15/2024 11:52,10
10/15/2024 12:52,10
10/15/2024 13:52,10
10/15/2024 14:52,10
10/15/2024 15:52,10
10/15/2024 16:52,10
10/15/2024 17:52,10
10/15/2024 18:52,10
10/15/2024 19:52,10
10/15/2024 20:52,10
10/15/2024 21:52,10
10/15/2024 22:52,10
10/15/2024 23:52,10
10/16/2024 00:52,10
10/16/2024 01:52,10
10/16/2024 02:52,10
10/16/2024 03:52,10
10/16/2024 04:52,10
10/16/2024 05:52,10
10/16/2024 06:52,10
10/16/2024 07:52,10
10/16/2024 08:52,10
10/16/2024 09:52,10
10/16/2024 10:52,10
10/16/2024 11:52,10
10/16/2024 12:52,10
10/16/2024 13:52,10
10/16/2024 14:52,10
10/16/2024 15:52,10
10/16/2024 16:52,10
10/16/2024 17:52,10
10/16/2024 18:52,10
10/16/2024 19:52,10
10/16/2024 20:52,10
10/16/2024 21:52,10
10/16/2024 22:52,10
10/16/2024 23:52,10
10/17/2024 00:52,10
10/17/2024 01:52,10
10/17/2024 02:52,10
10/17/2024 03:52,10
10/17/2024 04:52,10
10/17/2024 05:52,10
10/17/2024 06:52,10
10/17/2024 07:52,10
10/17/2024 08:52,10
10/17/2024 09:52,10
10/17/2024 10:52,10
10/17/2024 11:52,10
10/17/2024 12:52,10
10/17/2024 13:52,10
10/17/2024 14:52,10
10/17/2024 15:52,10
10/17/2024 16:52,10
10/17/2024 17:52,10
10/17/2024 18:52,10
10/17/2024 19:52,10
10/17/2024 20:52,10
10/17/2024 21:52,10
10/17/2024 22:52,10
10/17/2024 23:52,10
10/18/2024 00:52,10
10/18/2024 01:52,10
10/18/2024 02:52,10
10/18/2024 03:52,10
10/18/2024 04:52,10
10/18/2024 05:52,10
10/18/2024 06:52,10
10/18/2024 07:52,10
10/18/2024 08:52,10
10/18/2024 09:52,10
10/18/2024 10:52,10
10/18/2024 11:52,10
10/18/2024 12:52,10
10/18/2024 13:52,10
10/18/2024 14:52,10
10/18/2024 15:52,10
10/18/2024 16:52,10
10/18/2024 17:52,10
10/18/2024 18:52,10
10/18/2024 19:52,10
10/18/2024 20:52,10
10/18/2024 21:52,10
10/18/2024 22:52,10
10/18/2024 23:52,10
10/19/2024 00:52,10
10/19/2024 01:52,10
10/19/2024 02:52,10
10/19/2024 03:52,10
10/19/2024 04:52,10
10/19/2024 05:52,10
10/19/2024 06:52,10
10/19/2024 07:52,10
10/19/2024 08:52,10
10/19/2024 09:52,10
10/19/2024 10:52,10
10/19/2024 11:52,10
10/19/2024 12:52,10
10/19/2024 13:52,10
10/19/2024 14:52,10
10/19/2024 15:52,10
10/19/2024 16:52,10
10/19/2024 17:52,10
10/19/2024 18:52,10
10/19/2024 19:52,10
10/19/2024 20:52,10
10/19/2024 21:52,10
10/19/2024 22:52,10
10/19/2024 23:52,10
10/20/2024 00:52,10
10/20/2024 01:52,10
10/20/2024 02:52,10
10/20/2024 03:52,10
10/20/2024 04:52,10
10/20/2024 05:52,10
10/20/2024 06:52,10
10/20/2024 07:52,10
10/20/2024 08:52,10
10/20/2024 09:52,10
10/20/2024 10:52,10
10/20/2024 11:52,10
10/20/2024 12:52,10
10/20/2024 13:52,10
10/20/2024 14:52,10
10/20/2024 15:52,10
10/20/2024 16:52,10
10/20/2024 17:52,10
10/20/2024 18:52,10
10/20/2024 19:52,10
10/20/2024 20:52,10
10/20/2024 21:52,10
10/20/2024 22:52,10
10/20/2024 23:52,10
10/21/2024 00:52,10
10/21/2024 01:52,10
10/21/2024 02:52,10
10/21/2024 03:52,10
10/21/2024 04:52,10
10/21/2024 05:52,10
10/21/2024 06:52,10
10/21/2024 07:52,10
10/21/2024 08:52,10
10/21/2024 09:52,10
10/21/2024 10:52,10
10/21/2024 11:52,10
10/21/2024 12:52,10
10/21/2024 13:52,10
10/21/2024 14:52,9
10/21/2024 15:52,10
10/21/2024 16:52,10
10/21/2024 17:52,10
10/21/2024 18:52,10
10/21/2024 19:52,10
10/21/2024 20:52,10
10/21/2024 21:52,10
10/21/2024 22:52,10
10/21/2024 23:52,10
10/22/2024 00:52,10
10/22/2024 01:52,10
10/22/2024 02:52,10
10/22/2024 03:52,10
10/22/2024 04:52,10
10/22/2024 05:52,10
10/22/2024 06:52,10
10/22/2024 07:52,10
10/22/2024 08:52,10
10/22/2024 09:52,10
10/22/2024 10:52,10
10/22/2024 11:52,10
10/22/2024 12:52,10
10/22/2024 13:52,10
10/22/2024 14:52,10
10/22/2024 15:52,10
10/22/2024 16:52,10
10/22/2024 17:52,10
10/22/2024 18:52,10
10/22/2024 19:52,10
10/22/2024 20:52,10
10/22/2024 21:52,10
10/22/2024 22:52,10
10/22/2024 23:52,10
10/23/2024 00:52,10
10/23/2024 01:52,10
10/23/2024 02:52,10
10/23/2024 03:52,10
10/23/2024 04:52,10
10/23/2024 05:52,10
10/23/2024 06:52,10
10/23/2024 07:52,10
10/23/2024 08:52,10
10/23/2024 09:52,10
10/23/2024 10:52,10
10/23/2024 11:52,10
10/23/2024 12:52,10
10/23/2024 13:52,10
10/23/2024 14:52,10
10/23/2024 15:52,10
10/23/2024 16:52,10
10/23/2024 17:52,10
10/23/2024 18:52,10
10/23/2024 19:52,10
10/23/2024 20:52,10
10/23/2024 21:52,10
10/23/2024 22:52,10
10/23/2024 23:52,10
10/24/2024 00:52,10
10/24/2024 01:52,10
10/24/2024 02:52,10
10/24/2024 03:52,10
10/24/2024 04:52,10
10/24/2024 05:52,10
10/24/2024 06:52,10
10/24/2024 07:52,10
10/24/2024 08:52,10
10/24/2024 09:52,10
10/24/2024 10:52,10
10/24/2024 11:52,10
10/24/2024 12:52,10
10/24/2024 13:52,10
10/24/2024 14:52,10
10/24/2024 15:52,10
10/24/2024 16:52,10
10/24/2024 17:52,10
10/24/2024 18:52,10
10/24/2024 19:52,10
10/24/2024 20:52,10
10/24/2024 21:52,10
10/24/2024 22:52,10
10/24/2024 23:52,10
10/25/2024 00:52,10
10/25/2024 01:52,10
10/25/2024 02:52,10
10/25/2024 03:52,10
10/25/2024 04:52,10
10/25/2024 05:52,10
10/25/2024 06:52,10
10/25/2024 07:52,10
10/25/2024 08:52,10
10/25/2024 09:52,10
10/25/2024 10:52,10
10/25/2024 11:52,10
10/25/2024 12:52,10
10/25/2024 13:52,10
10/25/2024 14:52,10
10/25/2024 15:52,10
10/25/2024 16:52,10
10/25/2024 17:52,10
10/25/2024 18:52,10
10/25/2024 19:52,10
10/25/2024 20:52,10
10/25/2024 21:52,10
10/25/2024 22:52,10
10/25/2024 23:52,10
10/26/2024 00:52,10
10/26/2024 01:52,10
10/26/2024 02:52,10
10/26/2024 03:52,10
10/26/2024 04:52,10
10/26/2024 05:52,10
10/26/2024 06:52,10
10/26/2024 07:52,10
10/26/2024 08:52,10
10/26/2024 09:52,10
10/26/2024 10:52,10
10/26/2024 11:52,10
10/26/2024 12:52,10
10/26/2024 13:52,10
10/26/2024 14:52,10
10/26/2024 15:52,10
10/26/2024 16:52,10
10/26/2024 17:52,10
10/26/2024 18:52,10
10/26/2024 19:52,10
10/26/2024 20:52,10
10/26/2024 21:52,10
10/26/2024 22:52,10
10/26/2024 23:52,10
10/27/2024 00:52,10
10/27/2024 01:52,10
10/27/2024 02:52,10
10/27/2024 03:52,10
10/27/2024 04:52,10
10/27/2024 05:52,10
10/27/2024 06:52,10
10/27/2024 07:52,10
10/27/2024 08:52,10
10/27/2024 09:52,10
10/27/2024 10:52,10
10/27/2024 11:52,10
10/27/2024 12:52,10
10/27/2024 13:52,10
10/27/2024 14:52,10
10/27/2024 15:52,10
10/27/2024 16:52,10
10/27/2024 17:52,10
10/27/2024 18:52,10
10/27/2024 19:52,10
10/27/2024 20:52,10
10/27/2024 21:52,10
10/27/2024 22:52,10
10/27/2024 23:52,10
10/28/2024 00:52,10
10/28/2024 01:52,10
10/28/2024 02:52,10
10/28/2024 03:52,10
10/28/2024 04:52,10
10/28/2024 05:52,10
10/28/2024 06:52,10
10/28/2024 07:52,10
10/28/2024 08:52,10
10/28/2024 09:52,10
10/28/2024 10:52,10
10/28/2024 11:52,10
10/28/2024 12:52,10
10/28/2024 13:52,10
10/28/2024 14:52,10
10/28/2024 15:52,10
10/28/2024 16:52,10
10/28/2024 17:52,10
10/28/2024 18:52,10
10/28/2024 19:52,10
10/28/2024 20:52,10
10/28/2024 21:52,10
10/28/2024 22:52,10
10/28/2024 23:52,10
10/29/2024 00:52,10
10/29/2024 01:52,10
10/29/2024 02:52,10
10/29/2024 03:52,10
10/29/2024 04:52,10
10/29/2024 05:52,10
10/29/2024 06:52,10
10/29/2024 07:52,10
10/29/2024 08:52,10
10/29/2024 09:52,10
10/29/2024 10:52,10
10/29/2024 11:52,10
10/29/2024 12:52,10
10/29/2024 13:52,10
10/29/2024 14:52,10
10/29/2024 15:52,10
10/29/2024 16:52,10
10/29/2024 17:52,10
10/29/2024 18:52,10
10/29/2024 19:52,10
10/29/2024 20:52,10
10/29/2024 21:52,10
10/29/2024 22:52,10
10/29/2024 23:52,10
10/30/2024 00:52,10
10/30/2024 01:52,10
10/30/2024 02:52,10
10/30/2024 03:52,10
10/30/2024 04:52,9
10/30/2024 05:52,7
10/30/2024 06:52,7
10/30/2024 07:52,5
10/30/2024 08:52,4
10/30/2024 09:52,10
10/30/2024 10:52,10
10/30/2024 11:52,10
10/30/2024 12:52,10
10/30/2024 13:52,10
10/30/2024 14:52,10
10/30/2024 15:52,10
10/30/2024 16:52,10
10/30/2024 17:52,10
10/30/2024 18:52,10
10/30/2024 19:52,10
10/30/2024 20:52,10
10/30/2024 21:52,10
10/30/2024 22:52,10
10/30/2024 23:52,10
10/31/2024 00:52,10
10/31/2024 01:52,10
10/31/2024 02:52,10
10/31/2024 03:52,10
10/31/2024 04:52,10
10/31/2024 05:52,10
10/31/2024 06:52,10
10/31/2024 07:52,10
10/31/2024 08:52,10
10/31/2024 09:52,10
10/31/2024 10:52,10
10/31/2024 11:52,10
10/31/2024 12:52,10
10/31/2024 13:52,10
10/31/2024 14:52,10
10/31/2024 15:52,10
10/31/2024 16:52,10
10/31/2024 17:52,10
10/31/2024 18:52,10
10/31/2024 19:52,10
10/31/2024 20:52,10
10/31/2024 21:52,10
10/31/2024 22:52,10
10/31/2024 23:52,10
11/1/2024 00:52,10
11/1/2024 01:52,10
11/1/2024 02:52,10
11/1/2024 03:52,10
11/1/2024 04:52,10
11/1/2024 05:52,10
11/1/2024 06:52,10
11/1/2024 07:52,10
11/1/2024 08:52,10
11/1/2024 09:52,10
11/1/2024 10:52,10
11/1/2024 11:52,10
11/1/2024 12:52,10
11/1/2024 13:52,10
11/1/2024 14:52,10
11/1/2024 15:52,10
11/1/2024 16:52,10
11/1/2024 17:52,10
11/1/2024 18:52,10
11/1/2024 19:52,10
11/1/2024 20:52,10
11/1/2024 21:52,10
11/1/2024 22:52,10
11/1/2024 23:52,10
11/2/2024 00:52,10
11/2/2024 01:52,10
11/2/2024 02:52,10
11/2/2024 03:52,10
11/2/2024 04:52,10
11/2/2024 05:52,10
11/2/2024 06:52,10
11/2/2024 07:52,10
11/2/2024 08:52,10
11/2/2024 09:52,10
11/2/2024 10:52,10
11/2/2024 11:52,10
11/2/2024 12:52,10
11/2/2024 13:52,10
11/2/2024 14:52,10
11/2/2024 15:52,10
11/2/2024 16:52,10
11/2/2024 17:52,10
11/2/2024 18:52,10
11/2/2024 19:52,10
11/2/2024 20:52,10
11/2/2024 21:52,10
11/2/2024 22:52,10
11/2/2024 23:52,10
11/3/2024 00:52,10
11/3/2024 01:52,10
11/3/2024 01:52,10
11/3/2024 02:52,10
11/3/2024 03:52,10
11/3/2024 04:52,10
11/3/2024 05:52,10
11/3/2024 06:52,10
11/3/2024 07:52,10
11/3/2024 08:52,10
11/3/2024 09:52,10
11/3/2024 10:52,10
11/3/2024 11:52,10
11/3/2024 12:52,10
11/3/2024 13:52,10
11/3/2024 14:52,10
11/3/2024 15:52,10
11/3/2024 16:52,10
11/3/2024 17:52,10
11/3/2024 18:52,10
11/3/2024 19:52,10
11/3/2024 20:52,10
11/3/2024 21:52,10
11/3/2024 22:52,10
11/3/2024 23:52,10
11/4/2024 00:52,10
11/4/2024 01:52,10
11/4/2024 02:52,10
11/4/2024 03:52,10
11/4/2024 04:52,10
11/4/2024 05:52,10
11/4/2024 06:52,10
11/4/2024 07:52,10
11/4/2024 08:52,10
11/4/2024 09:52,10
11/4/2024 10:52,10
11/4/2024 11:52,10
11/4/2024 12:52,10
11/4/2024 13:52,10
11/4/2024 14:52,10
11/4/2024 15:52,10
11/4/2024 16:52,10
11/4/2024 17:52,10
11/4/2024 18:52,10
11/4/2024 19:52,10
11/4/2024 20:52,10
11/4/2024 21:52,10
11/4/2024 22:52,10
11/4/2024 23:52,10
11/5/2024 00:52,10
11/5/2024 01:52,10
11/5/2024 02:52,10
11/5/2024 03:52,10
11/5/2024 04:52,10
11/5/2024 05:52,10
11/5/2024 06:52,10
11/5/2024 07:52,10
11/5/2024 08:52,10
11/5/2024 09:52,10
11/5/2024 10:52,10
11/5/2024 11:52,10
11/5/2024 12:52,10
11/5/2024 13:52,10
11/5/2024 14:52,10
11/5/2024 15:52,10
11/5/2024 16:52,10
11/5/2024 17:52,10
11/5/2024 18:52,10
11/5/2024 19:52,10
11/5/2024 20:52,10
11/5/2024 21:52,10
11/5/2024 22:52,10
11/5/2024 23:52,10
11/6/2024 00:52,10
11/6/2024 01:52,10
11/6/2024 02:52,10
11/6/2024 03:52,10
11/6/2024 04:52,10
11/6/2024 05:52,10
11/6/2024 06:52,10
11/6/2024 07:52,10
11/6/2024 08:52,10
11/6/2024 09:52,10
11/6/2024 10:52,10
11/6/2024 11:52,10
11/6/2024 12:52,10
11/6/2024 13:52,10
11/6/2024 14:52,10
11/6/2024 15:52,10
11/6/2024 16:52,10
11/6/2024 17:52,10
11/6/2024 18:52,10
11/6/2024 19:52,10
11/6/2024 20:52,10
11/6/2024 21:52,10
11/6/2024 22:52,10
11/6/2024 23:52,10
11/7/2024 00:52,10
11/7/2024 01:52,10
11/7/2024 02:52,10
11/7/2024 03:52,10
11/7/2024 04:52,10
11/7/2024 05:52,10
11/7/2024 06:52,8
11/7/2024 07:52,10
11/7/2024 08:52,10
11/7/2024 09:52,10
11/7/2024 10:52,10
11/7/2024 11:52,10
11/7/2024 12:52,10
11/7/2024 13:52,9
11/7/2024 14:52,10
11/7/2024 15:52,10
11/7/2024 16:52,10
11/7/2024 17:52,10
11/7/2024 18:52,10
11/7/2024 19:52,10
11/7/2024 20:52,10
11/7/2024 21:52,10
11/7/2024 22:52,10
11/7/2024 23:52,10
11/8/2024 00:52,10
11/8/2024 01:52,10
11/8/2024 02:52,10
11/8/2024 03:52,10
11/8/2024 04:52,10
11/8/2024 05:52,7
11/8/2024 06:52,10
11/8/2024 07:52,10
11/8/2024 08:52,10
11/8/2024 09:52,10
11/8/2024 10:52,10
11/8/2024 11:52,10
11/8/2024 12:52,10
11/8/2024 13:52,10
11/8/2024 14:52,10
11/8/2024 15:52,10
11/8/2024 16:52,10
11/8/2024 17:52,10
11/8/2024 18:52,10
11/8/2024 19:52,10
11/8/2024 20:52,10
11/8/2024 21:52,10
11/8/2024 22:52,10
11/8/2024 23:52,10
11/9/2024 00:52,10
11/9/2024 01:52,10
11/9/2024 02:52,10
11/9/2024 03:52,10
11/9/2024 04:52,10
11/9/2024 05:52,10
11/9/2024 06:52,10
11/9/2024 07:52,10
11/9/2024 08:52,10
11/9/2024 09:52,10
11/9/2024 10:52,10
11/9/2024 11:52,10
11/9/2024 12:52,10
11/9/2024 13:52,10
11/9/2024 14:52,10
11/9/2024 15:52,10
11/9/2024 16:52,10
11/9/2024 17:52,10
11/9/2024 18:52,10
11/9/2024 19:52,10
11/9/2024 20:52,10
11/9/2024 21:52,10
11/9/2024 22:52,10
11/9/2024 23:52,10
11/10/2024 00:52,10
11/10/2024 01:52,10
11/10/2024 02:52,10
11/10/2024 03:52,10
11/10/2024 04:52,10
11/10/2024 05:52,10
11/10/2024 06:52,10
11/10/2024 07:52,10
11/10/2024 08:52,10
11/10/2024 09:52,10
11/10/2024 10:52,10
11/10/2024 11:52,10
11/10/2024 12:52,10
11/10/2024 13:52,10
11/10/2024 14:52,10
11/10/2024 15:52,10
11/10/2024 16:52,10
11/10/2024 17:52,5
11/10/2024 18:52,8
11/10/2024 19:52,10
11/10/2024 20:52,9
11/10/2024 21:52,10
11/10/2024 22:52,10
11/10/2024 23:52,10
11/11/2024 00:52,10
11/11/2024 01:52,10
11/11/2024 02:52,10
11/11/2024 03:52,10
11/11/2024 04:52,10
11/11/2024 05:52,10
11/11/2024 06:52,10
11/11/2024 07:52,10
11/11/2024 08:52,10
11/11/2024 09:52,10
11/11/2024 10:52,10
11/11/2024 11:52,10
11/11/2024 12:52,10
11/11/2024 13:52,10
11/11/2024 14:52,10
11/11/2024 15:52,10
11/11/2024 16:52,10
11/11/2024 17:52,10
11/11/2024 18:52,10
11/11/2024 19:52,10
11/11/2024 20:52,10
11/11/2024 21:52,10
11/11/2024 22:52,10
11/11/2024 23:52,10
11/12/2024 00:52,10
11/12/2024 01:52,10
11/12/2024 02:52,10
11/12/2024 03:52,10
11/12/2024 04:52,10
11/12/2024 05:52,10
11/12/2024 06:52,10
11/12/2024 07:52,10
11/12/2024 08:52,10
11/12/2024 09:52,10
11/12/2024 10:52,10
11/12/2024 11:52,10
11/12/2024 12:52,10
11/12/2024 13:52,10
11/12/2024 14:52,10
11/12/2024 15:52,10
11/12/2024 16:52,10
11/12/2024 17:52,10
11/12/2024 18:52,10
11/12/2024 19:52,10
11/12/2024 20:52,10
11/12/2024 21:52,10
11/12/2024 22:52,10
11/12/2024 23:52,10
11/13/2024 00:52,10
11/13/2024 01:52,10
11/13/2024 02:52,10
11/13/2024 03:52,10
11/13/2024 04:52,10
11/13/2024 05:52,10
11/13/2024 06:52,10
11/13/2024 07:52,10
11/13/2024 08:52,10
11/13/2024 09:52,10
11/13/2024 10:52,10
11/13/2024 11:52,10
11/13/2024 12:52,10
11/13/2024 13:52,10
11/13/2024 14:52,10
11/13/2024 15:52,10
11/13/2024 16:52,10
11/13/2024 17:52,10
11/13/2024 18:52,10
11/13/2024 19:52,10
11/13/2024 20:52,10
11/13/2024 21:52,10
11/13/2024 22:52,10
11/13/2024 23:52,10
11/14/2024 00:52,10
11/14/2024 01:52,10
11/14/2024 02:52,10
11/14/2024 03:52,10
11/14/2024 04:52,10
11/14/2024 05:52,10
11/14/2024 06:52,10
11/14/2024 07:52,9
11/14/2024 08:52,10
11/14/2024 09:52,10
11/14/2024 10:52,10
11/14/2024 11:52,10
11/14/2024 12:52,10
11/14/2024 13:52,10
11/14/2024 14:52,5
11/14/2024 15:52,3
11/14/2024 16:52,10
11/14/2024 17:52,7
11/14/2024 18:52,8
11/14/2024 19:52,7
11/14/2024 20:52,4
11/14/2024 21:52,3
11/14/2024 22:52,3
11/14/2024 23:52,4
11/15/2024 00:52,7
11/15/2024 01:52,8
11/15/2024 02:52,9
11/15/2024 03:52,9
11/15/2024 04:52,10
11/15/2024 05:52,10
11/15/2024 06:52,10
11/15/2024 07:52,8
11/15/2024 08:52,9
11/15/2024 09:52,10
11/15/2024 10:52,10
11/15/2024 11:52,10
11/15/2024 12:52,10
11/15/2024 13:52,10
11/15/2024 14:52,10
11/15/2024 15:52,10
11/15/2024 16:52,10
11/15/2024 17:52,10
11/15/2024 18:52,10
11/15/2024 19:52,10
11/15/2024 20:52,10
11/15/2024 21:52,10
11/15/2024 22:52,10
11/15/2024 23:52,10
11/16/2024 00:52,10
11/16/2024 01:52,10
11/16/2024 02:52,10
11/16/2024 03:52,10
11/16/2024 04:52,10
11/16/2024 05:52,10
11/16/2024 06:52,10
11/16/2024 07:52,10
11/16/2024 08:52,10
11/16/2024 09:52,10
11/16/2024 10:52,10
11/16/2024 11:52,10
11/16/2024 12:52,10
11/16/2024 13:52,10
11/16/2024 14:52,10
11/16/2024 15:52,10
11/16/2024 16:52,10
11/16/2024 17:52,10
11/16/2024 18:52,10
11/16/2024 19:52,10
11/16/2024 20:52,10
11/16/2024 21:52,10
11/16/2024 22:52,10
11/16/2024 23:52,10
11/17/2024 00:52,10
11/17/2024 01:52,10
11/17/2024 02:52,10
11/17/2024 03:52,10
11/17/2024 04:52,10
11/17/2024 05:52,10
11/17/2024 06:52,10
11/17/2024 07:52,10
11/17/2024 08:52,10
11/17/2024 09:52,10
11/17/2024 10:52,10
11/17/2024 11:52,10
11/17/2024 12:52,10
11/17/2024 13:52,10
11/17/2024 14:52,10
11/17/2024 15:52,10
11/17/2024 16:52,10
11/17/2024 17:52,10
11/17/2024 18:52,10
11/17/2024 19:52,10
11/17/2024 20:52,10
11/17/2024 21:52,10
11/17/2024 22:52,10
11/17/2024 23:52,10
11/18/2024 00:52,10
11/18/2024 01:52,10
11/18/2024 02:52,10
11/18/2024 03:52,10
11/18/2024 04:52,10
11/18/2024 05:52,10
11/18/2024 06:52,10
11/18/2024 07:52,10
11/18/2024 08:52,10
11/18/2024 09:52,10
11/18/2024 10:52,10
11/18/2024 11:52,10
11/18/2024 12:52,10
11/18/2024 13:52,10
11/18/2024 14:52,10
11/18/2024 15:52,10
11/18/2024 16:52,10
11/18/2024 17:52,10
11/18/2024 18:52,10
11/18/2024 19:52,10
11/18/2024 20:52,10
11/18/2024 21:52,10
11/18/2024 22:52,10
11/18/2024 23:52,10
11/19/2024 00:52,10
11/19/2024 01:52,10
11/19/2024 02:52,10
11/19/2024 03:52,10
11/19/2024 04:52,10
11/19/2024 05:52,10
11/19/2024 06:52,10
11/19/2024 07:52,10
11/19/2024 08:52,10
11/19/2024 09:52,10
11/19/2024 10:52,10
11/19/2024 11:52,10
11/19/2024 12:52,10
11/19/2024 13:52,10
11/19/2024 14:52,10
11/19/2024 15:52,10
11/19/2024 16:52,10
11/19/2024 17:52,10
11/19/2024 18:52,10
11/19/2024 19:52,10
11/19/2024 20:52,10
11/19/2024 21:52,10
11/19/2024 22:52,10
11/19/2024 23:52,10
11/20/2024 00:52,10
11/20/2024 01:52,10
11/20/2024 02:52,10
11/20/2024 03:52,10
11/20/2024 04:52,10
11/20/2024 05:52,10
11/20/2024 06:52,10
11/20/2024 07:52,10
11/20/2024 08:52,10
11/20/2024 09:52,10
11/20/2024 10:52,10
11/20/2024 11:52,10
11/20/2024 12:52,10
11/20/2024 13:52,10
11/20/2024 14:52,10
11/20/2024 15:52,10
11/20/2024 16:52,10
11/20/2024 17:52,10
11/20/2024 18:52,10
11/20/2024 19:52,4
11/20/2024 20:52,7
11/20/2024 21:52,10
11/20/2024 22:52,10
11/20/2024 23:52,9
11/21/2024 00:52,10
11/21/2024 01:52,10
11/21/2024 02:52,10
11/21/2024 03:52,10
11/21/2024 04:52,10
11/21/2024 05:52,10
11/21/2024 06:52,10
11/21/2024 07:52,10
11/21/2024 08:52,10
11/21/2024 09:52,10
11/21/2024 10:52,10
11/21/2024 11:52,10
11/21/2024 12:52,10
11/21/2024 13:52,10
11/21/2024 14:52,10
11/21/2024 15:52,10
11/21/2024 16:52,10
11/21/2024 17:52,10
11/21/2024 18:52,10
11/21/2024 19:52,10
11/21/2024 20:52,10
11/21/2024 21:52,10
11/21/2024 22:52,10
11/21/2024 23:52,10
11/22/2024 00:52,10
11/22/2024 01:52,10
11/22/2024 02:52,10
11/22/2024 03:52,10
11/22/2024 04:52,10
11/22/2024 05:52,10
11/22/2024 06:52,10
11/22/2024 07:52,10
11/22/2024 08:52,10
11/22/2024 09:52,10
11/22/2024 10:52,7
11/22/2024 11:52,6
11/22/2024 12:52,10
11/22/2024 13:52,7
11/22/2024 14:52,6
11/22/2024 15:52,7
11/22/2024 16:52,10
11/22/2024 17:52,10
11/22/2024 18:52,10
11/22/2024 19:52,10
11/22/2024 20:52,10
11/22/2024 21:52,10
11/22/2024 22:52,10
11/22/2024 23:52,10
11/23/2024 00:52,10
11/23/2024 01:52,10
11/23/2024 02:52,10
11/23/2024 03:52,10
11/23/2024 04:52,10
11/23/2024 05:52,10
11/23/2024 06:52,10
11/23/2024 07:52,10
11/23/2024 08:52,10
11/23/2024 09:52,10
11/23/2024 10:52,10
11/23/2024 11:52,10
11/23/2024 12:52,10
11/23/2024 13:52,10
11/23/2024 14:52,10
11/23/2024 15:52,10
11/23/2024 16:52,10
11/23/2024 17:52,10
11/23/2024 18:52,10
11/23/2024 19:52,10
11/23/2024 20:52,10
11/23/2024 21:52,10
11/23/2024 22:52,10
11/23/2024 23:52,10
11/24/2024 00:52,10
11/24/2024 01:52,10
11/24/2024 02:52,10
11/24/2024 03:52,10
11/24/2024 04:52,10
11/24/2024 05:52,10
11/24/2024 06:52,10
11/24/2024 07:52,10
11/24/2024 08:52,10
11/24/2024 09:52,10
11/24/2024 10:52,10
11/24/2024 11:52,10
11/24/2024 12:52,10
11/24/2024 13:52,10
11/24/2024 14:52,10
11/24/2024 15:52,10
11/24/2024 16:52,10
11/24/2024 17:52,10
11/24/2024 18:52,10
11/24/2024 19:52,10
11/24/2024 20:52,10
11/24/2024 21:52,10
11/24/2024 22:52,10
11/24/2024 23:52,10
11/25/2024 00:52,10
11/25/2024 01:52,10
11/25/2024 02:52,10
11/25/2024 03:52,10
11/25/2024 04:52,10
11/25/2024 05:52,10
11/25/2024 06:52,10
11/25/2024 07:52,10
11/25/2024 08:52,10
11/25/2024 09:52,10
11/25/2024 10:52,10
11/25/2024 11:52,10
11/25/2024 12:52,10
11/25/2024 13:52,10
11/25/2024 14:52,10
11/25/2024 15:52,10
11/25/2024 16:52,10
11/25/2024 17:52,10
11/25/2024 18:52,10
11/25/2024 19:52,10
11/25/2024 20:52,10
11/25/2024 21:52,10
11/25/2024 22:52,10
11/25/2024 23:52,10
11/26/2024 00:52,10
11/26/2024 01:52,10
11/26/2024 02:52,10
11/26/2024 03:52,10
11/26/2024 04:52,10
11/26/2024 05:52,6
11/26/2024 06:52,7
11/26/2024 07:52,10
11/26/2024 08:52,10
11/26/2024 09:52,10
11/26/2024 10:52,10
11/26/2024 11:52,10
11/26/2024 12:52,10
11/26/2024 13:52,10
11/26/2024 14:52,10
11/26/2024 15:52,10
11/26/2024 16:52,10
11/26/2024 17:52,10
11/26/2024 18:52,10
11/26/2024 19:52,10
11/26/2024 20:52,10
11/26/2024 21:52,10
11/26/2024 22:52,10
11/26/2024 23:52,10
11/27/2024 00:52,10
11/27/2024 01:52,10
11/27/2024 02:52,10
11/27/2024 03:52,10
11/27/2024 04:52,10
11/27/2024 05:52,10
11/27/2024 06:52,10
11/27/2024 07:52,10
11/27/2024 08:52,10
11/27/2024 09:52,10
11/27/2024 10:52,10
11/27/2024 11:52,10
11/27/2024 12:52,10
11/27/2024 13:52,10
11/27/2024 14:52,10
11/27/2024 15:52,10
11/27/2024 16:52,10
11/27/2024 17:52,10
11/27/2024 18:52,10
11/27/2024 19:52,10
11/27/2024 20:52,10
11/27/2024 21:52,10
11/27/2024 22:52,10
11/27/2024 23:52,10
11/28/2024 00:52,10
11/28/2024 01:52,10
11/28/2024 02:52,7
11/28/2024 03:52,6
11/28/2024 04:52,9
11/28/2024 05:52,10
11/28/2024 06:52,6
11/28/2024 07:52,6
11/28/2024 08:52,4
11/28/2024 09:52,10
11/28/2024 10:52,10
11/28/2024 11:52,10
11/28/2024 12:52,10
11/28/2024 13:52,10
11/28/2024 14:52,10
11/28/2024 15:52,10
11/28/2024 16:52,10
11/28/2024 17:52,10
11/28/2024 18:52,10
11/28/2024 19:52,10
11/28/2024 20:52,10
11/28/2024 21:52,10
11/28/2024 22:52,10
11/28/2024 23:52,10
11/29/2024 00:52,10
11/29/2024 01:52,10
11/29/2024 02:52,10
11/29/2024 03:52,10
11/29/2024 04:52,10
11/29/2024 05:52,10
11/29/2024 06:52,10
11/29/2024 07:52,10
11/29/2024 08:52,10
11/29/2024 09:52,10
11/29/2024 10:52,10
11/29/2024 11:52,10
11/29/2024 12:52,10
11/29/2024 13:52,10
11/29/2024 14:52,10
11/29/2024 15:52,10
11/29/2024 16:52,10
11/29/2024 17:52,10
11/29/2024 18:52,10
11/29/2024 19:52,10
11/29/2024 20:52,10
11/29/2024 21:52,10
11/29/2024 22:52,10
11/29/2024 23:52,10
11/30/2024 00:52,10
11/30/2024 01:52,10
11/30/2024 02:52,10
11/30/2024 03:52,10
11/30/2024 04:52,10
11/30/2024 05:52,10
11/30/2024 06:52,10
11/30/2024 07:52,10
11/30/2024 08:52,10
11/30/2024 09:52,10
11/30/2024 10:52,10
11/30/2024 11:52,10
11/30/2024 12:52,10
11/30/2024 13:52,10
11/30/2024 14:52,10
11/30/2024 15:52,10
11/30/2024 16:52,10
11/30/2024 17:52,10
11/30/2024 18:52,10
11/30/2024 19:52,10
11/30/2024 20:52,10
11/30/2024 21:52,10
11/30/2024 22:52,10
11/30/2024 23:52,10
12/1/2024 00:52,10
12/1/2024 01:52,10
12/1/2024 02:52,10
12/1/2024 03:52,10
12/1/2024 04:52,10
12/1/2024 05:52,10
12/1/2024 06:52,10
12/1/2024 07:52,10
12/1/2024 08:52,10
12/1/2024 09:52,10
12/1/2024 10:52,10
12/1/2024 11:52,10
12/1/2024 12:52,10
12/1/2024 13:52,10
12/1/2024 14:52,10
12/1/2024 15:52,10
12/1/2024 16:52,10
12/1/2024 17:52,10
12/1/2024 18:52,10
12/1/2024 19:52,10
12/1/2024 20:52,10
12/1/2024 21:52,10
12/1/2024 22:52,10
12/1/2024 23:52,10
12/2/2024 00:52,10
12/2/2024 01:52,10
12/2/2024 02:52,10
12/2/2024 03:52,10
12/2/2024 04:52,10
12/2/2024 05:52,10
12/2/2024 06:52,10
12/2/2024 07:52,10
12/2/2024 08:52,10
12/2/2024 09:52,10
12/2/2024 10:52,10
12/2/2024 11:52,10
12/2/2024 12:52,10
12/2/2024 13:52,10
12/2/2024 14:52,10
12/2/2024 15:52,10
12/2/2024 16:52,10
12/2/2024 17:52,10
12/2/2024 18:52,10
12/2/2024 19:52,10
12/2/2024 20:52,10
12/2/2024 21:52,10
12/2/2024 22:52,10
12/2/2024 23:52,10
12/3/2024 00:52,10
12/3/2024 01:52,10
12/3/2024 02:52,10
12/3/2024 03:52,10
12/3/2024 04:52,10
12/3/2024 05:52,10
12/3/2024 06:52,10
12/3/2024 07:52,10
12/3/2024 08:52,10
12/3/2024 09:52,10
12/3/2024 10:52,10
12/3/2024 11:52,10
12/3/2024 12:52,10
12/3/2024 13:52,10
12/3/2024 14:52,10
12/3/2024 15:52,10
12/3/2024 16:52,10
12/3/2024 17:52,10
12/3/2024 18:52,10
12/3/2024 19:52,10
12/3/2024 20:52,10
12/3/2024 21:52,10
12/3/2024 22:52,10
12/3/2024 23:52,10
12/4/2024 00:52,10
12/4/2024 01:52,10
12/4/2024 02:52,10
12/4/2024 03:52,10
12/4/2024 04:52,10
12/4/2024 05:52,10
12/4/2024 06:52,10
12/4/2024 07:52,10
12/4/2024 08:52,10
12/4/2024 09:52,10
12/4/2024 10:52,10
12/4/2024 11:52,10
12/4/2024 12:52,10
12/4/2024 13:52,10
12/4/2024 14:52,10
12/4/2024 15:52,10
12/4/2024 16:52,10
12/4/2024 17:52,10
12/4/2024 18:52,10
12/4/2024 19:52,10
12/4/2024 20:52,10
12/4/2024 21:52,10
12/4/2024 22:52,10
12/4/2024 23:52,10
12/5/2024 00:52,10
12/5/2024 01:52,10
12/5/2024 02:52,10
12/5/2024 03:52,10
12/5/2024 04:52,9
12/5/2024 05:52,10
12/5/2024 06:52,10
12/5/2024 07:52,10
12/5/2024 08:52,10
12/5/2024 09:52,10
12/5/2024 10:52,10
12/5/2024 11:52,10
12/5/2024 12:52,10
12/5/2024 13:52,10
12/5/2024 14:52,10
12/5/2024 15:52,10
12/5/2024 16:52,10
12/5/2024 17:52,10
12/5/2024 18:52,10
12/5/2024 19:52,10
12/5/2024 20:52,10
12/5/2024 21:52,10
12/5/2024 22:52,10
12/5/2024 23:52,10
12/6/2024 00:52,10
12/6/2024 01:52,10
12/6/2024 02:52,10
12/6/2024 03:52,10
12/6/2024 04:52,10
12/6/2024 05:52,10
12/6/2024 06:52,10
12/6/2024 07:52,10
12/6/2024 08:52,10
12/6/2024 09:52,10
12/6/2024 10:52,10
12/6/2024 11:52,10
12/6/2024 12:52,10
12/6/2024 13:52,10
12/6/2024 14:52,10
12/6/2024 15:52,10
12/6/2024 16:52,10
12/6/2024 17:52,10
12/6/2024 18:52,10
12/6/2024 19:52,10
12/6/2024 20:52,10
12/6/2024 21:52,10
12/6/2024 22:52,10
12/6/2024 23:52,10
12/7/2024 00:52,10
12/7/2024 01:52,10
12/7/2024 02:52,10
12/7/2024 03:52,10
12/7/2024 04:52,10
12/7/2024 05:52,10
12/7/2024 06:52,10
12/7/2024 07:52,10
12/7/2024 08:52,10
12/7/2024 09:52,10
12/7/2024 10:52,10
12/7/2024 11:52,10
12/7/2024 12:52,10
12/7/2024 13:52,10
12/7/2024 14:52,10
12/7/2024 15:52,10
12/7/2024 16:52,10
12/7/2024 17:52,10
12/7/2024 18:52,10
12/7/2024 19:52,10
12/7/2024 20:52,10
12/7/2024 21:52,10
12/7/2024 22:52,10
12/7/2024 23:52,10
12/8/2024 00:52,10
12/8/2024 01:52,10
12/8/2024 02:52,10
12/8/2024 03:52,10
12/8/2024 04:52,10
12/8/2024 05:52,10
12/8/2024 06:52,10
12/8/2024 07:52,10
12/8/2024 08:52,10
12/8/2024 09:52,10
12/8/2024 10:52,10
12/8/2024 11:52,10
12/8/2024 12:52,10
12/8/2024 13:52,10
12/8/2024 14:52,10
12/8/2024 15:52,10
12/8/2024 16:52,10
12/8/2024 17:52,10
12/8/2024 18:52,10
12/8/2024 19:52,10
12/8/2024 20:52,10
12/8/2024 21:52,10
12/8/2024 22:52,10
12/8/2024 23:52,10
12/9/2024 00:52,10
12/9/2024 01:52,10
12/9/2024 02:52,10
12/9/2024 03:52,10
12/9/2024 04:52,10
12/9/2024 05:52,10
12/9/2024 06:52,10
12/9/2024 07:52,10
12/9/2024 08:52,7
12/9/2024 09:52,10
12/9/2024 10:52,7
12/9/2024 11:52,7
12/9/2024 12:52,10
12/9/2024 13:52,10
12/9/2024 14:52,10
12/9/2024 15:52,10
12/9/2024 16:52,10
12/9/2024 17:52,10
12/9/2024 18:52,10
12/9/2024 19:52,10
12/9/2024 20:52,10
12/9/2024 21:52,10
12/9/2024 22:52,10
12/9/2024 23:52,10
12/10/2024 00:52,10
12/10/2024 01:52,9
12/10/2024 02:52,0.12
12/10/2024 03:52,0.12
12/10/2024 04:52,0.12
12/10/2024 05:52,0.12
12/10/2024 06:52,0.12
12/10/2024 07:52,0.12
12/10/2024 08:52,0.25
12/10/2024 09:52,0.25
12/10/2024 10:52,0.75
12/10/2024 11:52,1.25
12/10/2024 12:52,3
12/10/2024 13:52,3
12/10/2024 14:52,1.5
12/10/2024 15:52,3
12/10/2024 16:52,0.75
12/10/2024 17:52,2.5
12/10/2024 18:52,4
12/10/2024 19:52,2.5
12/10/2024 20:52,0.75
12/10/2024 21:52,0.12
12/10/2024 22:52,0.25
12/10/2024 23:52,7
12/11/2024 00:52,7
12/11/2024 01:52,3
12/11/2024 02:52,3
12/11/2024 03:52,7
12/11/2024 04:52,10
12/11/2024 05:52,10
12/11/2024 06:52,10
12/11/2024 07:52,9
12/11/2024 08:52,6
12/11/2024 09:52,5
12/11/2024 10:52,1
12/11/2024 11:52,4
12/11/2024 12:52,4
12/11/2024 13:52,1
12/11/2024 14:52,3
12/11/2024 15:52,6
12/11/2024 16:52,10
12/11/2024 17:52,10
12/11/2024 18:52,10
12/11/2024 19:52,10
12/11/2024 20:52,10
12/11/2024 21:52,10
12/11/2024 22:52,10
12/11/2024 23:52,10
12/12/2024 00:52,10
12/12/2024 01:52,10
12/12/2024 02:52,10
12/12/2024 03:52,10
12/12/2024 04:52,10
12/12/2024 05:52,10
12/12/2024 06:52,10
12/12/2024 07:52,10
12/12/2024 08:52,10
12/12/2024 09:52,10
12/12/2024 10:52,10
12/12/2024 11:52,10
12/12/2024 12:52,10
12/12/2024 13:52,10
12/12/2024 14:52,10
12/12/2024 15:52,10
12/12/2024 16:52,10
12/12/2024 17:52,10
12/12/2024 18:52,10
12/12/2024 19:52,10
12/12/2024 20:52,10
12/12/2024 21:52,10
12/12/2024 22:52,10
12/12/2024 23:52,10
12/13/2024 00:52,10
12/13/2024 01:52,10
12/13/2024 02:52,10
12/13/2024 03:52,10
12/13/2024 04:52,10
12/13/2024 05:52,10
12/13/2024 06:52,10
12/13/2024 07:52,10
12/13/2024 08:52,10
12/13/2024 09:52,10
12/13/2024 10:52,10
12/13/2024 11:52,10
12/13/2024 12:52,10
12/13/2024 13:52,10
12/13/2024 14:52,10
12/13/2024 15:52,10
12/13/2024 16:52,10
12/13/2024 17:52,10
12/13/2024 18:52,10
12/13/2024 19:52,10
12/13/2024 20:52,10
12/13/2024 21:52,10
12/13/2024 22:52,10
12/13/2024 23:52,10
12/14/2024 00:52,10
12/14/2024 01:52,10
12/14/2024 02:52,10
12/14/2024 03:52,10
12/14/2024 04:52,10
12/14/2024 05:52,10
12/14/2024 06:52,10
12/14/2024 07:52,10
12/14/2024 08:52,10
12/14/2024 09:52,10
12/14/2024 10:52,10
12/14/2024 11:52,10
12/14/2024 12:52,10
12/14/2024 13:52,10
12/14/2024 14:52,10
12/14/2024 15:52,10
12/14/2024 16:52,10
12/14/2024 17:52,10
12/14/2024 18:52,10
12/14/2024 19:52,10
12/14/2024 20:52,10
12/14/2024 21:52,10
12/14/2024 22:52,10
12/14/2024 23:52,10
12/15/2024 00:52,10
12/15/2024 01:52,10
12/15/2024 02:52,10
12/15/2024 03:52,10
12/15/2024 04:52,10
12/15/2024 05:52,10
12/15/2024 06:52,10
12/15/2024 07:52,10
12/15/2024 08:52,10
12/15/2024 09:52,10
12/15/2024 10:52,10
12/15/2024 11:52,10
12/15/2024 12:52,10
12/15/2024 13:52,10
12/15/2024 14:52,10
12/15/2024 15:52,8
12/15/2024 16:52,10
12/15/2024 17:52,10
12/15/2024 18:52,7
12/15/2024 19:52,8
12/15/2024 20:52,2
12/15/2024 21:52,2
12/15/2024 22:52,1
12/15/2024 23:52,1
12/16/2024 00:52,1
12/16/2024 01:52,1
12/16/2024 02:52,1
12/16/2024 03:52,1.75
12/16/2024 04:52,5
12/16/2024 05:52,9
12/16/2024 06:52,5
12/16/2024 07:52,3
12/16/2024 08:52,1
12/16/2024 09:52,0.5
12/16/2024 10:52,0.75
12/16/2024 11:52,1
12/16/2024 12:52,2
12/16/2024 13:52,6
12/16/2024 14:52,6
12/16/2024 15:52,8
12/16/2024 16:52,1
12/16/2024 17:52,1
12/16/2024 18:52,1
12/16/2024 19:52,1
12/16/2024 20:52,1
12/16/2024 21:52,5
12/16/2024 22:52,10
12/16/2024 23:52,10
12/17/2024 00:52,10
12/17/2024 01:52,10
12/17/2024 02:52,10
12/17/2024 03:52,10
12/17/2024 04:52,10
12/17/2024 05:52,10
12/17/2024 06:52,10
12/17/2024 07:52,10
12/17/2024 08:52,10
12/17/2024 09:52,10
12/17/2024 10:52,10
12/17/2024 11:52,10
12/17/2024 12:52,10
12/17/2024 13:52,10
12/17/2024 14:52,10
12/17/2024 15:52,10
12/17/2024 16:52,10
12/17/2024 17:52,10
12/17/2024 18:52,10
12/17/2024 19:52,10
12/17/2024 20:52,10
12/17/2024 21:52,10
12/17/2024 22:52,10
12/17/2024 23:52,10
12/18/2024 00:52,10
12/18/2024 01:52,10
12/18/2024 02:52,10
12/18/2024 03:52,10
12/18/2024 04:52,10
12/18/2024 05:52,10
12/18/2024 06:52,10
12/18/2024 07:52,10
12/18/2024 08:52,10
12/18/2024 09:52,10
12/18/2024 10:52,10
12/18/2024 11:52,10
12/18/2024 12:52,10
12/18/2024 13:52,10
12/18/2024 14:52,10
12/18/2024 15:52,10
12/18/2024 16:52,10
12/18/2024 17:52,10
12/18/2024 18:52,10
12/18/2024 19:52,8
12/18/2024 20:52,7
12/18/2024 21:52,10
12/18/2024 22:52,10
12/18/2024 23:52,10
12/19/2024 00:52,10
12/19/2024 01:52,10
12/19/2024 02:52,10
12/19/2024 03:52,10
12/19/2024 04:52,10
12/19/2024 05:52,10
12/19/2024 06:52,10
12/19/2024 07:52,10
12/19/2024 08:52,10
12/19/2024 09:52,10
12/19/2024 10:52,10
12/19/2024 11:52,10
12/19/2024 12:52,10
12/19/2024 13:52,10
12/19/2024 14:52,10
12/19/2024 15:52,10
12/19/2024 16:52,10
12/19/2024 17:52,10
12/19/2024 18:52,10
12/19/2024 19:52,10
12/19/2024 20:52,10
12/19/2024 21:52,10
12/19/2024 22:52,10
12/19/2024 23:52,10
12/20/2024 00:52,10
12/20/2024 01:52,10
12/20/2024 02:52,10
12/20/2024 03:52,10
12/20/2024 04:52,10
12/20/2024 05:52,10
12/20/2024 06:52,10
12/20/2024 07:52,10
12/20/2024 08:52,10
12/20/2024 09:52,10
12/20/2024 10:52,3
12/20/2024 11:52,10
12/20/2024 12:52,10
12/20/2024 13:52,10
12/20/2024 14:52,10
12/20/2024 15:52,10
12/20/2024 16:52,10
12/20/2024 17:52,10
12/20/2024 18:52,10
12/20/2024 19:52,10
12/20/2024 20:52,10
12/20/2024 21:52,10
12/20/2024 22:52,10
12/20/2024 23:52,10
12/21/2024 00:52,10
12/21/2024 01:52,10
12/21/2024 02:52,10
12/21/2024 03:52,10
12/21/2024 04:52,10
12/21/2024 05:52,10
12/21/2024 06:52,10
12/21/2024 07:52,10
12/21/2024 08:52,10
12/21/2024 09:52,10
12/21/2024 10:52,10
12/21/2024 11:52,10
12/21/2024 12:52,10
12/21/2024 13:52,10
12/21/2024 14:52,10
12/21/2024 15:52,10
12/21/2024 16:52,10
12/21/2024 17:52,10
12/21/2024 18:52,10
12/21/2024 19:52,10
12/21/2024 20:52,10
12/21/2024 21:52,10
12/21/2024 22:52,10
12/21/2024 23:52,10
12/22/2024 00:52,10
12/22/2024 01:52,10
12/22/2024 02:52,10
12/22/2024 03:52,10
12/22/2024 04:52,10
12/22/2024 05:52,10
12/22/2024 06:52,10
12/22/2024 07:52,10
12/22/2024 08:52,10
12/22/2024 09:52,10
12/22/2024 10:52,10
12/22/2024 11:52,10
12/22/2024 12:52,10
12/22/2024 13:52,10
12/22/2024 14:52,10
12/22/2024 15:52,10
12/22/2024 16:52,10
12/22/2024 17:52,10
12/22/2024 18:52,10
12/22/2024 19:52,10
12/22/2024 20:52,10
12/22/2024 21:52,10
12/22/2024 22:52,10
12/22/2024 23:52,10
12/23/2024 00:52,10
12/23/2024 01:52,10
12/23/2024 02:52,10
12/23/2024 03:52,10
12/23/2024 04:52,10
12/23/2024 05:52,10
12/23/2024 06:52,10
12/23/2024 07:52,9
12/23/2024 08:52,10
12/23/2024 09:52,10
12/23/2024 10:52,10
12/23/2024 11:52,10
12/23/2024 12:52,10
12/23/2024 13:52,10
12/23/2024 14:52,10
12/23/2024 15:52,10
12/23/2024 16:52,10
12/23/2024 17:52,10
12/23/2024 18:52,10
12/23/2024 19:52,10
12/23/2024 20:52,10
12/23/2024 21:52,10
12/23/2024 22:52,10
12/23/2024 23:52,10
12/24/2024 00:52,10
12/24/2024 01:52,10
12/24/2024 02:52,10
12/24/2024 03:52,10
12/24/2024 04:52,10
12/24/2024 05:52,10
12/24/2024 06:52,10
12/24/2024 07:52,10
12/24/2024 08:52,10
12/24/2024 09:52,10
12/24/2024 10:52,10
12/24/2024 11:52,10
12/24/2024 12:52,10
12/24/2024 13:52,10
12/24/2024 14:52,10
12/24/2024 15:52,10
12/24/2024 16:52,10
12/24/2024 17:52,10
12/24/2024 18:52,10
12/24/2024 19:52,10
12/24/2024 20:52,10
12/24/2024 21:52,10
12/24/2024 22:52,10
12/24/2024 23:52,10
12/25/2024 00:52,10
12/25/2024 01:52,10
12/25/2024 02:52,10
12/25/2024 03:52,10
12/25/2024 04:52,10
12/25/2024 05:52,10
12/25/2024 06:52,10
12/25/2024 07:52,8
12/25/2024 08:52,8
12/25/2024 09:52,10
12/25/2024 10:52,10
12/25/2024 11:52,10
12/25/2024 12:52,10
12/25/2024 13:52,10
12/25/2024 14:52,10
12/25/2024 15:52,10
12/25/2024 16:52,10
12/25/2024 17:52,10
12/25/2024 18:52,10
12/25/2024 19:52,10
12/25/2024 20:52,10
12/25/2024 21:52,10
12/25/2024 22:52,10
12/25/2024 23:52,10
12/26/2024 00:52,10
12/26/2024 01:52,10
12/26/2024 02:52,10
12/26/2024 03:52,10
12/26/2024 04:52,10
12/26/2024 05:52,10
12/26/2024 06:52,7
12/26/2024 07:52,7
12/26/2024 08:52,7
12/26/2024 09:52,9
12/26/2024 10:52,10
12/26/2024 11:52,10
12/26/2024 12:52,10
12/26/2024 13:52,10
12/26/2024 14:52,10
12/26/2024 15:52,10
12/26/2024 16:52,10
12/26/2024 17:52,10
12/26/2024 18:52,10
12/26/2024 19:52,10
12/26/2024 20:52,10
12/26/2024 21:52,9
12/26/2024 22:52,8
12/26/2024 23:52,9
12/27/2024 00:52,9
12/27/2024 01:52,9
12/27/2024 02:52,9
12/27/2024 03:52,9
12/27/2024 04:52,9
12/27/2024 05:52,10
12/27/2024 06:52,9
12/27/2024 07:52,7
12/27/2024 08:52,7
12/27/2024 09:52,8
12/27/2024 10:52,8
12/27/2024 11:52,9
12/27/2024 12:52,10
12/27/2024 13:52,10
12/27/2024 14:52,10
12/27/2024 15:52,10
12/27/2024 16:52,10
12/27/2024 17:52,10
12/27/2024 18:52,10
12/27/2024 19:52,10
12/27/2024 20:52,10
12/27/2024 21:52,10
12/27/2024 22:52,10
12/27/2024 23:52,8
12/28/2024 00:52,2.5
12/28/2024 01:52,2.5
12/28/2024 02:52,2
12/28/2024 03:52,2
12/28/2024 04:52,2
12/28/2024 05:52,3
12/28/2024 06:52,4
12/28/2024 07:52,5
12/28/2024 08:52,7
12/28/2024 09:52,7
12/28/2024 10:52,6
12/28/2024 11:52,3
12/28/2024 12:52,1
12/28/2024 13:52,1
12/28/2024 14:52,8
12/28/2024 15:52,8
12/28/2024 16:52,6
12/28/2024 17:52,8
12/28/2024 18:52,0.5
12/28/2024 19:52,0.5
12/28/2024 20:52,0.5
12/28/2024 21:52,0.25
12/28/2024 22:52,0.5
12/28/2024 23:52,0.5
12/29/2024 00:52,1
12/29/2024 01:52,7
12/29/2024 02:52,0.5
12/29/2024 03:52,0.75
12/29/2024 04:52,0.5
12/29/2024 05:52,3
12/29/2024 06:52,5
12/29/2024 07:52,10
12/29/2024 08:52,10
12/29/2024 09:52,10
12/29/2024 10:52,10
12/29/2024 11:52,10
12/29/2024 12:52,10
12/29/2024 13:52,10
12/29/2024 14:52,10
12/29/2024 15:52,10
12/29/2024 16:52,10
12/29/2024 17:52,10
12/29/2024 18:52,10
12/29/2024 19:52,10
12/29/2024 20:52,10
12/29/2024 21:52,10
12/29/2024 22:52,10
12/29/2024 23:52,10
12/30/2024 00:52,10
12/30/2024 01:52,10
12/30/2024 02:52,10
12/30/2024 03:52,10
12/30/2024 04:52,10
12/30/2024 05:52,10
12/30/2024 06:52,10
12/30/2024 07:52,10
12/30/2024 08:52,10
12/30/2024 09:52,10
12/30/2024 10:52,10
12/30/2024 11:52,10
12/30/2024 12:52,10
12/30/2024 13:52,10
12/30/2024 14:52,10
12/30/2024 15:52,10
12/30/2024 16:52,10
12/30/2024 17:52,10
12/30/2024 18:52,10
12/30/2024 19:52,10
12/30/2024 20:52,10
12/30/2024 21:52,10
12/30/2024 22:52,10
12/30/2024 23:52,10
12/31/2024 00:52,10
12/31/2024 01:52,10
12/31/2024 02:52,10
12/31/2024 03:52,10
12/31/2024 04:52,10
12/31/2024 05:52,10
12/31/2024 06:52,10
12/31/2024 07:52,10
12/31/2024 08:52,10
12/31/2024 09:52,10
12/31/2024 10:52,10
12/31/2024 11:52,10
12/31/2024 12:52,10
12/31/2024 13:52,10
12/31/2024 14:52,10
12/31/2024 15:52,10
12/31/2024 16:52,5
12/31/2024 17:52,6
12/31/2024 18:52,10
12/31/2024 19:52,10
12/31/2024 20:52,10
12/31/2024 21:52,7
12/31/2024 22:52,7
12/31/2024 23:52,0.5
1/1/2025 00:52,7
1/1/2025 01:52,5
1/1/2025 02:52,3
1/1/2025 03:52,4
1/1/2025 04:52,10
1/1/2025 05:52,10
1/1/2025 06:52,10
1/1/2025 07:52,10
1/1/2025 08:52,10
1/1/2025 09:52,10
1/1/2025 10:52,10
1/1/2025 11:52,10
1/1/2025 12:52,10
1/1/2025 13:52,10
1/1/2025 14:52,10
1/1/2025 15:52,10
1/1/2025 16:52,10
1/1/2025 17:52,10
1/1/2025 18:52,10
1/1/2025 19:52,10
1/1/2025 20:52,10
1/1/2025 21:52,10
1/1/2025 22:52,10
1/1/2025 23:52,10
1/2/2025 00:52,10
1/2/2025 01:52,10
1/2/2025 02:52,10
1/2/2025 03:52,10
1/2/2025 04:52,10
1/2/2025 05:52,10
1/2/2025 06:52,10
1/2/2025 07:52,10
1/2/2025 08:52,10
1/2/2025 09:52,10
1/2/2025 10:52,10
1/2/2025 11:52,10
1/2/2025 12:52,10
1/2/2025 13:52,10
1/2/2025 14:52,10
1/2/2025 15:52,10
1/2/2025 16:52,10
1/2/2025 17:52,10
1/2/2025 18:52,10
1/2/2025 19:52,10
1/2/2025 20:52,10
1/2/2025 21:52,10
1/2/2025 22:52,10
1/2/2025 23:52,10
1/3/2025 00:52,10
1/3/2025 01:52,10
1/3/2025 02:52,10
1/3/2025 03:52,10
1/3/2025 04:52,10
1/3/2025 05:52,10
1/3/2025 06:52,10
1/3/2025 07:52,10
1/3/2025 08:52,10
1/3/2025 09:52,10
1/3/2025 10:52,10
1/3/2025 11:52,10
1/3/2025 12:52,10
1/3/2025 13:52,5
1/3/2025 14:52,10
1/3/2025 15:52,10
1/3/2025 16:52,10
1/3/2025 17:52,10
1/3/2025 18:52,10
1/3/2025 19:52,10
1/3/2025 20:52,10
1/3/2025 21:52,10
1/3/2025 22:52,10
1/3/2025 23:52,10
1/4/2025 00:52,10
1/4/2025 01:52,10
1/4/2025 02:52,10
1/4/2025 03:52,10
1/4/2025 04:52,10
1/4/2025 05:52,10
1/4/2025 06:52,10
1/4/2025 07:52,10
1/4/2025 08:52,10
1/4/2025 09:52,10
1/4/2025 10:52,10
1/4/2025 11:52,10
1/4/2025 12:52,10
1/4/2025 13:52,10
1/4/2025 14:52,10
1/4/2025 15:52,10
1/4/2025 16:52,10
1/4/2025 17:52,10
1/4/2025 18:52,10
1/4/2025 19:52,10
1/4/2025 20:52,10
1/4/2025 21:52,10
1/4/2025 22:52,10
1/4/2025 23:52,10
1/5/2025 00:52,10
1/5/2025 01:52,10
1/5/2025 02:52,10
1/5/2025 03:52,10
1/5/2025 04:52,10
1/5/2025 05:52,10
1/5/2025 06:52,10
1/5/2025 07:52,10
1/5/2025 08:52,10
1/5/2025 09:52,10
1/5/2025 10:52,10
1/5/2025 11:52,10
1/5/2025 12:52,10
1/5/2025 13:52,10
1/5/2025 14:52,10
1/5/2025 15:52,10
1/5/2025 16:52,10
1/5/2025 17:52,10
1/5/2025 18:52,10
1/5/2025 19:52,10
1/5/2025 20:52,10
1/5/2025 21:52,10
1/5/2025 22:52,10
1/5/2025 23:52,10
1/6/2025 00:52,3
1/6/2025 01:52,0.75
1/6/2025 02:52,0.75
1/6/2025 03:52,1
1/6/2025 04:52,0.75
1/6/2025 05:52,1
1/6/2025 06:52,3
1/6/2025 07:52,2
1/6/2025 08:52,2.5
1/6/2025 09:52,1.5
1/6/2025 10:52,1.25
1/6/2025 11:52,4
1/6/2025 12:52,10
1/6/2025 13:52,5
1/6/2025 14:52,1.5
1/6/2025 15:52,4
1/6/2025 16:52,1.5
1/6/2025 17:52,1.5
1/6/2025 18:52,1
1/6/2025 19:52,1
1/6/2025 20:52,1
1/6/2025 21:52,4
1/6/2025 22:52,7
1/6/2025 23:52,10
1/7/2025 00:52,10
1/7/2025 01:52,9
1/7/2025 02:52,10
1/7/2025 03:52,10
1/7/2025 04:52,10
1/7/2025 05:52,10
1/7/2025 06:52,10
1/7/2025 07:52,10
1/7/2025 08:52,10
1/7/2025 09:52,10
1/7/2025 10:52,10
1/7/2025 11:52,10
1/7/2025 12:52,10
1/7/2025 13:52,10
1/7/2025 14:52,10
1/7/2025 15:52,10
1/7/2025 16:52,10
1/7/2025 17:52,10
1/7/2025 18:52,10
1/7/2025 19:52,10
1/7/2025 20:52,10
1/7/2025 21:52,10
1/7/2025 22:52,10
1/7/2025 23:52,10
1/8/2025 00:52,10
1/8/2025 01:52,10
1/8/2025 02:52,10
1/8/2025 03:52,10
1/8/2025 04:52,10
1/8/2025 05:52,10
1/8/2025 06:52,10
1/8/2025 07:52,10
1/8/2025 08:52,10
1/8/2025 09:52,10
1/8/2025 10:52,10
1/8/2025 11:52,10
1/8/2025 12:52,10
1/8/2025 13:52,10
1/8/2025 14:52,10
1/8/2025 15:52,10
1/8/2025 16:52,10
1/8/2025 17:52,10
1/8/2025 18:52,10
1/8/2025 19:52,10
1/8/2025 20:52,10
1/8/2025 21:52,10
1/8/2025 22:52,10
1/8/2025 23:52,10
1/9/2025 00:52,10
1/9/2025 01:52,10
1/9/2025 02:52,10
1/9/2025 03:52,10
1/9/2025 04:52,10
1/9/2025 05:52,10
1/9/2025 06:52,10
1/9/2025 07:52,10
1/9/2025 08:52,10
1/9/2025 09:52,10
1/9/2025 10:52,10
1/9/2025 11:52,10
1/9/2025 12:52,10
1/9/2025 13:52,10
1/9/2025 14:52,10
1/9/2025 15:52,10
1/9/2025 16:52,10
1/9/2025 17:52,10
1/9/2025 18:52,10
1/9/2025 19:52,10
1/9/2025 20:52,10
1/9/2025 21:52,10
1/9/2025 22:52,10
1/9/2025 23:52,10
1/10/2025 00:52,10
1/10/2025 01:52,10
1/10/2025 02:52,10
1/10/2025 03:52,10
1/10/2025 04:52,10
1/10/2025 05:52,10
1/10/2025 06:52,10
1/10/2025 07:52,10
1/10/2025 08:52,10
1/10/2025 09:52,10
1/10/2025 10:52,10
1/10/2025 11:52,10
1/10/2025 12:52,10
1/10/2025 13:52,10
1/10/2025 14:52,10
1/10/2025 15:52,10
1/10/2025 16:52,10
1/10/2025 17:52,10
1/10/2025 18:52,10
1/10/2025 19:52,10
1/10/2025 20:52,10
1/10/2025 21:52,10
1/10/2025 22:52,3
1/10/2025 23:52,0.5
1/11/2025 00:52,0.5
1/11/2025 01:52,3
1/11/2025 02:52,10
1/11/2025 03:52,10
1/11/2025 04:52,10
1/11/2025 05:52,10
1/11/2025 06:52,10
1/11/2025 07:52,10
1/11/2025 08:52,9
1/11/2025 09:52,10
1/11/2025 10:52,10
1/11/2025 11:52,10
1/11/2025 12:52,10
1/11/2025 13:52,10
1/11/2025 14:52,10
1/11/2025 15:52,10
1/11/2025 16:52,10
1/11/2025 17:52,10
1/11/2025 18:52,10
1/11/2025 19:52,10
1/11/2025 20:52,10
1/11/2025 21:52,10
1/11/2025 22:52,10
1/11/2025 23:52,10
1/12/2025 00:52,10
1/12/2025 01:52,10
1/12/2025 02:52,10
1/12/2025 03:52,10
1/12/2025 04:52,10
1/12/2025 05:52,10
1/12/2025 06:52,10
1/12/2025 07:52,10
1/12/2025 08:52,10
1/12/2025 09:52,10
1/12/2025 10:52,10
1/12/2025 11:52,10
1/12/2025 12:52,10
1/12/2025 13:52,10
1/12/2025 14:52,10
1/12/2025 15:52,10
1/12/2025 16:52,10
1/12/2025 17:52,10
1/12/2025 18:52,10
1/12/2025 19:52,10
1/12/2025 20:52,10
1/12/2025 21:52,10
1/12/2025 22:52,10
1/12/2025 23:52,10
1/13/2025 00:52,10
1/13/2025 01:52,10
1/13/2025 02:52,10
1/13/2025 03:52,10
1/13/2025 04:52,10
1/13/2025 05:52,10
1/13/2025 06:52,10
1/13/2025 07:52,10
1/13/2025 08:52,10
1/13/2025 09:52,10
1/13/2025 10:52,10
1/13/2025 11:52,10
1/13/2025 12:52,10
1/13/2025 13:52,10
1/13/2025 14:52,10
1/13/2025 15:52,10
1/13/2025 16:52,10
1/13/2025 17:52,10
1/13/2025 18:52,10
1/13/2025 19:52,10
1/13/2025 20:52,10
1/13/2025 21:52,10
1/13/2025 22:52,10
1/13/2025 23:52,10
1/14/2025 00:52,10
1/14/2025 01:52,10
1/14/2025 02:52,10
1/14/2025 03:52,10
1/14/2025 04:52,10
1/14/2025 05:52,10
1/14/2025 06:52,10
1/14/2025 07:52,10
1/14/2025 08:52,10
1/14/2025 09:52,10
1/14/2025 10:52,10
1/14/2025 11:52,10
1/14/2025 12:52,10
1/14/2025 13:52,10
1/14/2025 14:52,10
1/14/2025 15:52,10
1/14/2025 16:52,10
1/14/2025 17:52,10
1/14/2025 18:52,10
1/14/2025 19:52,10
1/14/2025 20:52,10
1/14/2025 21:52,3
1/14/2025 22:52,7
1/14/2025 23:52,10
1/15/2025 00:52,10
1/15/2025 01:52,10
1/15/2025 02:52,10
1/15/2025 03:52,10
1/15/2025 04:52,10
1/15/2025 05:52,10
1/15/2025 06:52,10
1/15/2025 07:52,10
1/15/2025 08:52,10
1/15/2025 09:52,10
1/15/2025 10:52,10
1/15/2025 11:52,10
1/15/2025 12:52,10
1/15/2025 13:52,10
1/15/2025 14:52,10
1/15/2025 15:52,10
1/15/2025 16:52,10
1/15/2025 17:52,10
1/15/2025 18:52,10
1/15/2025 19:52,10
1/15/2025 20:52,10
1/15/2025 21:52,10
1/15/2025 22:52,10
1/15/2025 23:52,10
1/16/2025 00:52,10
1/16/2025 01:52,10
1/16/2025 02:52,10
1/16/2025 03:52,10
1/16/2025 04:52,10
1/16/2025 05:52,10
1/16/2025 06:52,10
1/16/2025 07:52,10
1/16/2025 08:52,10
1/16/2025 09:52,10
1/16/2025 10:52,10
1/16/2025 11:52,10
1/16/2025 12:52,10
1/16/2025 13:52,10
1/16/2025 14:52,10
1/16/2025 15:52,10
1/16/2025 16:52,10
1/16/2025 17:52,10
1/16/2025 18:52,6
1/16/2025 19:52,2.5
1/16/2025 20:52,10
1/16/2025 21:52,8
1/16/2025 22:52,10
1/16/2025 23:52,10
1/17/2025 00:52,10
1/17/2025 01:52,10
1/17/2025 02:52,10
1/17/2025 03:52,10
1/17/2025 05:52,10
1/17/2025 06:52,10
1/17/2025 07:52,10
1/17/2025 08:52,10
1/17/2025 09:52,10
1/17/2025 10:52,10
1/17/2025 11:52,10
1/17/2025 12:52,10
1/17/2025 13:52,10
1/17/2025 14:52,10
1/17/2025 15:52,10
1/17/2025 16:52,10
1/17/2025 17:52,10
1/17/2025 18:52,10
1/17/2025 19:52,10
1/17/2025 20:52,10
1/17/2025 21:52,10
1/17/2025 22:52,10
1/17/2025 23:52,10
1/18/2025 00:52,10
1/18/2025 01:52,10
1/18/2025 02:52,10
1/18/2025 03:52,10
1/18/2025 04:52,10
1/18/2025 05:52,10
1/18/2025 06:52,10
1/18/2025 07:52,10
1/18/2025 08:52,10
1/18/2025 09:52,10
1/18/2025 10:52,10
1/18/2025 11:52,10
1/18/2025 12:52,10
1/18/2025 13:52,10
1/18/2025 14:52,10
1/18/2025 15:52,10
1/18/2025 16:52,10
1/18/2025 17:52,10
1/18/2025 18:52,10
1/18/2025 19:52,10
1/18/2025 20:52,10
1/18/2025 21:52,10
1/18/2025 22:52,10
1/18/2025 23:52,10
1/19/2025 00:52,10
1/19/2025 01:52,10
1/19/2025 02:52,10
1/19/2025 03:52,10
1/19/2025 04:52,10
1/19/2025 05:52,10
1/19/2025 06:52,10
1/19/2025 07:52,10
1/19/2025 08:52,10
1/19/2025 09:52,5
1/19/2025 10:52,10
1/19/2025 11:52,8
1/19/2025 12:52,2.5
1/19/2025 13:52,1.5
1/19/2025 14:52,1
1/19/2025 15:52,0.75
1/19/2025 16:52,6
1/19/2025 17:52,3
1/19/2025 18:52,10
1/19/2025 19:52,10
1/19/2025 20:52,10
1/19/2025 21:52,10
1/19/2025 22:52,10
1/19/2025 23:52,10
1/20/2025 00:52,10
1/20/2025 01:52,10
1/20/2025 02:52,10
1/20/2025 03:52,10
1/20/2025 04:52,10
1/20/2025 05:52,10
1/20/2025 06:52,10
1/20/2025 07:52,10
1/20/2025 08:52,10
1/20/2025 09:52,10
1/20/2025 10:52,10
1/20/2025 11:52,10
1/20/2025 12:52,10
1/20/2025 13:52,10
1/20/2025 14:52,10
1/20/2025 15:52,10
1/20/2025 16:52,10
1/20/2025 17:52,10
1/20/2025 18:52,10
1/20/2025 19:52,10
1/20/2025 20:52,10
1/20/2025 21:52,10
1/20/2025 22:52,10
1/20/2025 23:52,10
1/21/2025 00:52,10
1/21/2025 01:52,10
1/21/2025 02:52,10
1/21/2025 03:52,10
1/21/2025 04:52,10
1/21/2025 05:52,10
1/21/2025 06:52,10
1/21/2025 07:52,10
1/21/2025 08:52,10
1/21/2025 09:52,10
1/21/2025 10:52,10
1/21/2025 11:52,10
1/21/2025 12:52,10
1/21/2025 13:52,10
1/21/2025 14:52,10
1/21/2025 15:52,10
1/21/2025 16:52,10
1/21/2025 17:52,10
1/21/2025 18:52,10
1/21/2025 19:52,10
1/21/2025 20:52,10
1/21/2025 21:52,10
1/21/2025 22:52,10
1/21/2025 23:52,10
1/22/2025 00:52,10
1/22/2025 01:52,10
1/22/2025 02:52,10
1/22/2025 03:52,10
1/22/2025 04:52,10
1/22/2025 05:52,10
1/22/2025 06:52,10
1/22/2025 07:52,10
1/22/2025 08:52,10
1/22/2025 09:52,10
1/22/2025 10:52,10
1/22/2025 11:52,10
1/22/2025 12:52,10
1/22/2025 13:52,10
1/22/2025 14:52,10
1/22/2025 15:52,10
1/22/2025 16:52,10
1/22/2025 17:52,10
1/22/2025 18:52,10
1/22/2025 19:52,10
1/22/2025 20:52,10
1/22/2025 21:52,10
1/22/2025 22:52,10
1/22/2025 23:52,10
1/23/2025 00:52,10
1/23/2025 01:52,10
1/23/2025 02:52,10
1/23/2025 03:52,10
1/23/2025 04:52,10
1/23/2025 05:52,10
1/23/2025 06:52,10
1/23/2025 07:52,10
1/23/2025 08:52,10
1/23/2025 09:52,10
1/23/2025 10:52,10
1/23/2025 11:52,10
1/23/2025 12:52,10
1/23/2025 13:52,10
1/23/2025 14:52,10
1/23/2025 15:52,10
1/23/2025 16:52,10
1/23/2025 17:52,10
1/23/2025 18:52,10
1/23/2025 19:52,10
1/23/2025 20:52,10
1/23/2025 21:52,10
1/23/2025 22:52,10
1/23/2025 23:52,10
1/24/2025 00:52,10
1/24/2025 01:52,10
1/24/2025 02:52,10
1/24/2025 03:52,10
1/24/2025 04:52,10
1/24/2025 05:52,10
1/24/2025 06:52,10
1/24/2025 07:52,10
1/24/2025 08:52,10
1/24/2025 10:52,10
1/24/2025 11:52,10
1/24/2025 12:52,10
1/24/2025 13:52,10
1/24/2025 14:52,10
1/24/2025 15:52,10
1/24/2025 16:52,10
1/24/2025 17:52,10
1/24/2025 18:52,10
1/24/2025 19:52,10
1/24/2025 20:52,10
1/24/2025 21:52,10
1/24/2025 22:52,10
1/24/2025 23:52,10
1/25/2025 00:52,10
1/25/2025 02:52,10
1/25/2025 03:52,10
1/25/2025 04:52,10
1/25/2025 05:52,10
1/25/2025 06:52,10
1/25/2025 07:52,9
1/25/2025 08:52,10
1/25/2025 09:52,10
1/25/2025 10:52,10
1/25/2025 11:52,10
1/25/2025 12:52,10
1/25/2025 13:52,10
1/25/2025 14:52,10
1/25/2025 15:52,10
1/25/2025 16:52,10
1/25/2025 17:52,10
1/25/2025 18:52,10
1/25/2025 19:52,10
1/25/2025 20:52,10
1/25/2025 21:52,10
1/25/2025 22:52,10
1/25/2025 23:52,10
1/26/2025 00:52,10
1/26/2025 01:52,10
1/26/2025 02:52,10
1/26/2025 03:52,10
1/26/2025 04:52,10
1/26/2025 05:52,10
1/26/2025 06:52,10
1/26/2025 07:52,10
1/26/2025 08:52,10
1/26/2025 09:52,10
1/26/2025 10:52,10
1/26/2025 11:52,10
1/26/2025 12:52,10
1/26/2025 13:52,10
1/26/2025 14:52,10
1/26/2025 15:52,10
1/26/2025 16:52,10
1/26/2025 17:52,10
1/26/2025 18:52,10
1/26/2025 19:52,10
1/26/2025 20:52,10
1/26/2025 21:52,10
1/26/2025 22:52,10
1/26/2025 23:52,10
1/27/2025 00:52,10
1/27/2025 01:52,10
1/27/2025 02:52,10
1/27/2025 03:52,10
1/27/2025 04:52,10
1/27/2025 05:52,10
1/27/2025 06:52,10
1/27/2025 07:52,10
1/27/2025 08:52,10
1/27/2025 09:52,10
1/27/2025 10:52,10
1/27/2025 11:52,10
1/27/2025 12:52,10
1/27/2025 13:52,10
1/27/2025 14:52,10
1/27/2025 15:52,10
1/27/2025 16:52,10
1/27/2025 18:52,10
1/27/2025 19:52,10
1/27/2025 20:52,10
1/27/2025 21:52,10
1/27/2025 22:52,10
1/27/2025 23:52,10
1/28/2025 00:52,10
1/28/2025 01:52,10
1/28/2025 02:52,10
1/28/2025 03:52,10
1/28/2025 04:52,10
1/28/2025 05:52,10
1/28/2025 06:52,10
1/28/2025 07:52,10
1/28/2025 08:52,10
1/28/2025 09:52,10
1/28/2025 10:52,10
1/28/2025 11:52,10
1/28/2025 12:52,10
1/28/2025 13:52,10
1/28/2025 14:52,10
1/28/2025 15:52,10
1/28/2025 16:52,10
1/28/2025 17:52,10
1/28/2025 18:52,10
1/28/2025 19:52,10
1/28/2025 20:52,10
1/28/2025 21:52,10
1/28/2025 22:52,10
1/28/2025 23:52,10
1/29/2025 00:52,10
1/29/2025 01:52,10
1/29/2025 02:52,10
1/29/2025 03:52,10
1/29/2025 04:52,10
1/29/2025 05:52,10
1/29/2025 06:52,10
1/29/2025 07:52,10
1/29/2025 08:52,10
1/29/2025 09:52,10
1/29/2025 10:52,10
1/29/2025 11:52,10
1/29/2025 12:52,10
1/29/2025 13:52,10
1/29/2025 14:52,10
1/29/2025 15:52,10
1/29/2025 16:52,10
1/29/2025 17:52,10
1/29/2025 18:52,10
1/29/2025 19:52,10
1/29/2025 20:52,10
1/29/2025 21:52,10
1/29/2025 22:52,10
1/29/2025 23:52,10
1/30/2025 00:52,10
1/30/2025 01:52,10
1/30/2025 02:52,10
1/30/2025 03:52,10
1/30/2025 04:52,10
1/30/2025 05:52,10
1/30/2025 06:52,10
1/30/2025 07:52,10
1/30/2025 08:52,10
1/30/2025 09:52,10
1/30/2025 10:52,10
1/30/2025 11:52,10
1/30/2025 12:52,10
1/30/2025 13:52,10
1/30/2025 14:52,10
1/30/2025 15:52,10
1/30/2025 16:52,10
1/30/2025 17:52,10
1/30/2025 18:52,10
1/30/2025 19:52,10
1/30/2025 20:52,10
1/30/2025 21:52,10
1/30/2025 22:52,10
1/30/2025 23:52,10
1/31/2025 00:52,10
1/31/2025 01:52,10
1/31/2025 02:52,10
1/31/2025 03:52,10
1/31/2025 04:52,10
1/31/2025 05:52,10
1/31/2025 06:52,10
1/31/2025 07:52,10
1/31/2025 08:52,7
1/31/2025 09:52,4
1/31/2025 10:52,3
1/31/2025 11:52,4
1/31/2025 12:52,3
1/31/2025 13:52,4
1/31/2025 14:52,10
1/31/2025 15:52,10
1/31/2025 16:52,10
1/31/2025 17:52,10
1/31/2025 18:52,7
1/31/2025 19:52,9
1/31/2025 20:52,10
1/31/2025 21:52,7
1/31/2025 22:52,9
1/31/2025 23:52,6
2/1/2025 00:52,6
2/1/2025 01:52,6
2/1/2025 02:52,10
2/1/2025 03:52,10
2/1/2025 04:52,10
2/1/2025 05:52,10
2/1/2025 06:52,10
2/1/2025 07:52,10
2/1/2025 08:52,10
2/1/2025 09:52,10
2/1/2025 10:52,10
2/1/2025 11:52,10
2/1/2025 12:52,10
2/1/2025 13:52,10
2/1/2025 14:52,10
2/1/2025 15:52,10
2/1/2025 16:52,10
2/1/2025 17:52,10
2/1/2025 18:52,10
2/1/2025 19:52,10
2/1/2025 20:52,10
2/1/2025 21:52,10
2/1/2025 22:52,10
2/1/2025 23:52,10
2/2/2025 00:52,10
2/2/2025 01:52,10
2/2/2025 02:52,10
2/2/2025 03:52,10
2/2/2025 04:52,10
2/2/2025 05:52,10
2/2/2025 06:52,10
2/2/2025 07:52,10
2/2/2025 08:52,10
2/2/2025 09:52,10
2/2/2025 10:52,10
2/2/2025 11:52,10
2/2/2025 12:52,10
2/2/2025 13:52,10
2/2/2025 14:52,10
2/2/2025 15:52,10
2/2/2025 16:52,10
2/2/2025 17:52,10
2/2/2025 18:52,10
2/2/2025 19:52,10
2/2/2025 20:52,10
2/2/2025 21:52,10
2/2/2025 22:52,10
2/2/2025 23:52,10
2/3/2025 00:52,10
2/3/2025 01:52,10
2/3/2025 02:52,10
2/3/2025 03:52,10
2/3/2025 04:52,10
2/3/2025 05:52,10
2/3/2025 06:52,10
2/3/2025 07:52,10
2/3/2025 08:52,10
2/3/2025 09:52,10
2/3/2025 10:52,10
2/3/2025 11:52,10
2/3/2025 12:52,10
2/3/2025 13:52,10
2/3/2025 14:52,10
2/3/2025 15:52,10
2/3/2025 16:52,10
2/3/2025 17:52,10
2/3/2025 18:52,10
2/3/2025 19:52,10
2/3/2025 20:52,10
2/3/2025 21:52,10
2/3/2025 22:52,10
2/3/2025 23:52,10
2/4/2025 00:52,10
2/4/2025 01:52,10
2/4/2025 02:52,10
2/4/2025 03:52,10
2/4/2025 04:52,10
2/4/2025 05:52,10
2/4/2025 06:52,10
2/4/2025 07:52,10
2/4/2025 08:52,10
2/4/2025 09:52,10
2/4/2025 10:52,10
2/4/2025 11:52,10
2/4/2025 12:52,10
2/4/2025 13:52,10
2/4/2025 14:52,10
2/4/2025 15:52,10
2/4/2025 16:52,10
2/4/2025 17:52,10
2/4/2025 18:52,10
2/4/2025 19:52,10
2/4/2025 20:52,10
2/4/2025 21:52,10
2/4/2025 22:52,10
2/4/2025 23:52,10
2/5/2025 00:52,10
2/5/2025 01:52,10
2/5/2025 02:52,10
2/5/2025 03:52,10
2/5/2025 04:52,10
2/5/2025 05:52,10
2/5/2025 06:52,10
2/5/2025 07:52,10
2/5/2025 08:52,10
2/5/2025 09:52,10
2/5/2025 10:52,10
2/5/2025 11:52,10
2/5/2025 12:52,10
2/5/2025 13:52,10
2/5/2025 14:52,10
2/5/2025 15:52,10
2/5/2025 16:52,10
2/5/2025 17:52,10
2/5/2025 18:52,10
2/5/2025 19:52,10
2/5/2025 20:52,10
2/5/2025 21:52,10
2/5/2025 22:52,8
2/5/2025 23:52,8
2/6/2025 00:52,8
2/6/2025 01:52,5
2/6/2025 02:52,7
2/6/2025 03:52,9
2/6/2025 04:52,8
2/6/2025 05:52,9
2/6/2025 06:52,10
2/6/2025 07:52,10
2/6/2025 08:52,8
2/6/2025 09:52,1.5
2/6/2025 10:52,4
2/6/2025 11:52,10
2/6/2025 12:52,7
2/6/2025 13:52,7
2/6/2025 14:52,10
2/6/2025 15:52,10
2/6/2025 16:52,10
2/6/2025 17:52,10
2/6/2025 18:52,10
2/6/2025 19:52,7
2/6/2025 20:52,10
2/6/2025 21:52,2
2/6/2025 22:52,1.5
2/6/2025 23:52,1.5
2/7/2025 00:52,6
2/7/2025 01:52,10
2/7/2025 02:52,10
2/7/2025 03:52,10
2/7/2025 04:52,10
2/7/2025 05:52,10
2/7/2025 06:52,10
2/7/2025 07:52,10
2/7/2025 08:52,10
2/7/2025 09:52,10
2/7/2025 10:52,10
2/7/2025 11:52,10
2/7/2025 12:52,10
2/7/2025 13:52,10
2/7/2025 14:52,10
2/7/2025 15:52,10
2/7/2025 16:52,10
2/7/2025 17:52,10
2/7/2025 18:52,10
2/7/2025 19:52,10
2/7/2025 20:52,10
2/7/2025 21:52,10
2/7/2025 22:52,10
2/7/2025 23:52,10
2/8/2025 00:52,10
2/8/2025 01:52,10
2/8/2025 02:52,10
2/8/2025 03:52,10
2/8/2025 04:52,10
2/8/2025 05:52,10
2/8/2025 06:52,10
2/8/2025 07:52,10
2/8/2025 08:52,10
2/8/2025 09:52,5
2/8/2025 10:52,7
2/8/2025 12:52,7
2/8/2025 13:52,10
2/8/2025 15:52,10
2/8/2025 16:52,9
2/8/2025 17:52,10
2/8/2025 18:52,8
2/8/2025 19:52,3
2/8/2025 20:52,9
2/8/2025 21:52,10
2/8/2025 22:52,10
2/8/2025 23:52,10
2/9/2025 00:52,9
2/9/2025 01:52,6
2/9/2025 02:52,6
2/9/2025 03:52,4
2/9/2025 04:52,0.5
2/9/2025 05:52,0.25
2/9/2025 06:52,10
2/9/2025 07:52,10
2/9/2025 08:52,10
2/9/2025 09:52,10
2/9/2025 10:52,10
2/9/2025 11:52,10
2/9/2025 12:52,10
2/9/2025 13:52,10
2/9/2025 14:52,10
2/9/2025 15:52,10
2/9/2025 16:52,10
2/9/2025 17:52,10
2/9/2025 18:52,10
2/9/2025 19:52,10
2/9/2025 20:52,10
2/9/2025 21:52,10
2/9/2025 22:52,10
2/9/2025 23:52,10
2/10/2025 00:52,10
2/10/2025 01:52,10
2/10/2025 02:52,10
2/10/2025 03:52,10
2/10/2025 04:52,10
2/10/2025 05:52,10
2/10/2025 06:52,10
2/10/2025 07:52,10
2/10/2025 08:52,10
2/10/2025 09:52,10
2/10/2025 10:52,10
2/10/2025 11:52,10
2/10/2025 12:52,10
2/10/2025 13:52,10
2/10/2025 14:52,10
2/10/2025 15:52,10
2/10/2025 16:52,10
2/10/2025 17:52,10
2/10/2025 18:52,10
2/10/2025 19:52,10
2/10/2025 20:52,10
2/10/2025 21:52,10
2/10/2025 22:52,10
2/10/2025 23:52,10
2/11/2025 00:52,10
2/11/2025 01:52,10
2/11/2025 02:52,10
2/11/2025 03:52,10
2/11/2025 04:52,10
2/11/2025 05:52,10
2/11/2025 06:52,10
2/11/2025 07:52,10
2/11/2025 08:52,10
2/11/2025 09:52,10
2/11/2025 10:52,10
2/11/2025 11:52,7
2/11/2025 12:52,7
2/11/2025 13:52,2
2/11/2025 14:52,0.75
2/11/2025 15:52,0.75
2/11/2025 16:52,0.75
2/11/2025 17:52,0.5
2/11/2025 18:52,0.75
2/11/2025 19:52,0.75
2/11/2025 20:52,0.75
2/11/2025 21:52,0.75
2/11/2025 22:52,0.75
2/11/2025 23:52,0.75
2/12/2025 00:52,1
2/12/2025 01:52,6
2/12/2025 02:52,6
2/12/2025 03:52,7
2/12/2025 04:52,8
2/12/2025 05:52,7
2/12/2025 06:52,7
2/12/2025 07:52,4
2/12/2025 08:52,3
2/12/2025 09:52,4
2/12/2025 10:52,4
2/12/2025 11:52,5
2/12/2025 12:52,1.25
2/12/2025 13:52,1.5
2/12/2025 14:52,2
2/12/2025 15:52,1.75
2/12/2025 16:52,1.25
2/12/2025 17:52,2.5
2/12/2025 18:52,3
2/12/2025 19:52,4
2/12/2025 20:52,4
2/12/2025 21:52,1.25
2/12/2025 22:52,1
2/12/2025 23:52,1
2/13/2025 00:52,1
2/13/2025 01:52,0.75
2/13/2025 02:52,1.75
2/13/2025 03:52,1
2/13/2025 04:52,0.5
2/13/2025 05:52,0.75
2/13/2025 06:52,0.5
2/13/2025 07:52,0.75
2/13/2025 08:52,0.5
2/13/2025 09:52,4
2/13/2025 10:52,6
2/13/2025 11:52,10
2/13/2025 12:52,10
2/13/2025 13:52,10
2/13/2025 14:52,10
2/13/2025 15:52,10
2/13/2025 16:52,10
2/13/2025 17:52,10
2/13/2025 18:52,10
2/13/2025 19:52,10
2/13/2025 20:52,10
2/13/2025 21:52,10
2/13/2025 22:52,10
2/13/2025 23:52,10
2/14/2025 00:52,10
2/14/2025 01:52,10
2/14/2025 02:52,10
2/14/2025 03:52,10
2/14/2025 04:52,10
2/14/2025 05:52,10
2/14/2025 06:52,10
2/14/2025 07:52,10
2/14/2025 08:52,10
2/14/2025 09:52,10
2/14/2025 10:52,10
2/14/2025 11:52,10
2/14/2025 12:52,10
2/14/2025 13:52,10
2/14/2025 14:52,10
2/14/2025 15:52,10
2/14/2025 16:52,10
2/14/2025 17:52,10
2/14/2025 18:52,10
2/14/2025 19:52,10
2/14/2025 20:52,10
2/14/2025 21:52,10
2/14/2025 22:52,10
2/14/2025 23:52,10
2/15/2025 00:52,10
2/15/2025 01:52,10
2/15/2025 02:52,10
2/15/2025 03:52,10
2/15/2025 04:52,10
2/15/2025 05:52,10
2/15/2025 06:52,10
2/15/2025 07:52,10
2/15/2025 08:52,10
2/15/2025 09:52,10
2/15/2025 10:52,10
2/15/2025 11:52,10
2/15/2025 12:52,10
2/15/2025 13:52,6
2/15/2025 14:52,5
2/15/2025 15:52,6
2/15/2025 16:52,5
2/15/2025 17:52,9
2/15/2025 18:52,10
2/15/2025 19:52,10
2/15/2025 20:52,9
2/15/2025 21:52,5
2/15/2025 22:52,9
2/15/2025 23:52,10
2/16/2025 00:52,6
2/16/2025 01:52,9
2/16/2025 02:52,4
2/16/2025 03:52,8
2/16/2025 04:52,2.5
2/16/2025 05:52,1
2/16/2025 06:52,1
2/16/2025 07:52,2
2/16/2025 08:52,2
2/16/2025 09:52,2
2/16/2025 10:52,7
2/16/2025 11:52,10
2/16/2025 12:52,10
2/16/2025 13:52,10
2/16/2025 14:52,10
2/16/2025 15:52,10
2/16/2025 16:52,10
2/16/2025 17:52,10
2/16/2025 18:52,10
2/16/2025 19:52,10
2/16/2025 20:52,10
2/16/2025 21:52,10
2/16/2025 22:52,10
2/16/2025 23:52,10
2/17/2025 00:52,10
2/17/2025 01:52,10
2/17/2025 02:52,10
2/17/2025 03:52,10
2/17/2025 04:52,10
2/17/2025 05:52,10
2/17/2025 06:52,10
2/17/2025 07:52,10
2/17/2025 08:52,10
2/17/2025 09:52,10
2/17/2025 10:52,10
2/17/2025 11:52,10
2/17/2025 12:52,10
2/17/2025 13:52,10
2/17/2025 14:52,10
2/17/2025 15:52,10
2/17/2025 16:52,10
2/17/2025 17:52,10
2/17/2025 18:52,10
2/17/2025 19:52,10
2/17/2025 20:52,10
2/17/2025 21:52,10
2/17/2025 22:52,10
2/17/2025 23:52,10
2/18/2025 00:52,10
2/18/2025 01:52,10
2/18/2025 02:52,10
2/18/2025 03:52,10
2/18/2025 04:52,10
2/18/2025 05:52,10
2/18/2025 06:52,10
2/18/2025 07:52,10
2/18/2025 08:52,10
2/18/2025 09:52,10
2/18/2025 10:52,10
2/18/2025 11:52,10
2/18/2025 12:52,10
2/18/2025 13:52,10
2/18/2025 14:52,10
2/18/2025 15:52,10
2/18/2025 16:52,10
2/18/2025 17:52,10
2/18/2025 18:52,10
2/18/2025 19:52,10
2/18/2025 20:52,10
2/18/2025 21:52,10
2/18/2025 22:52,10
2/18/2025 23:52,10
2/19/2025 00:52,10
2/19/2025 01:52,10
2/19/2025 02:52,10
2/19/2025 03:52,10
2/19/2025 04:52,10
2/19/2025 05:52,10
2/19/2025 06:52,10
2/19/2025 07:52,10
2/19/2025 08:52,10
2/19/2025 09:52,10
2/19/2025 10:52,9
2/19/2025 11:52,5
2/19/2025 12:52,9
2/19/2025 13:52,7
2/19/2025 14:52,9
2/19/2025 15:52,10
2/19/2025 16:52,10
2/19/2025 17:52,10
2/19/2025 18:52,10
2/19/2025 19:52,10
2/19/2025 20:52,10
2/19/2025 21:52,10
2/19/2025 22:52,10
2/19/2025 23:52,10
2/20/2025 00:52,10
2/20/2025 01:52,10
2/20/2025 02:52,10
2/20/2025 03:52,10
2/20/2025 04:52,10
2/20/2025 05:52,10
2/20/2025 06:52,10
2/20/2025 07:52,10
2/20/2025 08:52,10
2/20/2025 09:52,5
2/20/2025 10:52,9
2/20/2025 11:52,9
2/20/2025 12:52,10
2/20/2025 13:52,10
2/20/2025 14:52,10
2/20/2025 15:52,10
2/20/2025 16:52,10
2/20/2025 17:52,10
2/20/2025 18:52,10
2/20/2025 19:52,10
2/20/2025 20:52,10
2/20/2025 21:52,10
2/20/2025 22:52,10
2/20/2025 23:52,10
2/21/2025 00:52,10
2/21/2025 01:52,10
2/21/2025 02:52,10
2/21/2025 03:52,10
2/21/2025 04:52,10
2/21/2025 05:52,10
2/21/2025 06:52,10
2/21/2025 07:52,10
2/21/2025 08:52,10
2/21/2025 09:52,10
2/21/2025 10:52,10
2/21/2025 11:52,10
2/21/2025 12:52,10
2/21/2025 13:52,10
2/21/2025 14:52,10
2/21/2025 15:52,10
2/21/2025 16:52,10
2/21/2025 17:52,10
2/21/2025 18:52,10
2/21/2025 19:52,10
2/21/2025 20:52,10
2/21/2025 21:52,10
2/21/2025 22:52,10
2/21/2025 23:52,10
2/22/2025 00:52,10
2/22/2025 01:52,10
2/22/2025 02:52,10
2/22/2025 03:52,10
2/22/2025 04:52,10
2/22/2025 05:52,10
2/22/2025 06:52,10
2/22/2025 07:52,10
2/22/2025 08:52,10
2/22/2025 09:52,10
2/22/2025 10:52,10
2/22/2025 11:52,10
2/22/2025 12:52,10
2/22/2025 13:52,10
2/22/2025 14:52,10
2/22/2025 15:52,10
2/22/2025 16:52,10
2/22/2025 17:52,10
2/22/2025 18:52,10
2/22/2025 19:52,10
2/22/2025 20:52,10
2/22/2025 21:52,10
2/22/2025 22:52,10
2/22/2025 23:52,10
2/23/2025 00:52,10
2/23/2025 01:52,10
2/23/2025 02:52,10
2/23/2025 03:52,10
2/23/2025 04:52,10
2/23/2025 05:52,10
2/23/2025 06:52,10
2/23/2025 07:52,10
2/23/2025 09:52,10
2/23/2025 10:52,10
2/23/2025 11:52,10
2/23/2025 12:52,10
2/23/2025 13:52,10
2/23/2025 14:52,10
2/23/2025 15:52,10
2/23/2025 16:52,10
2/23/2025 17:52,10
2/23/2025 18:52,10
2/23/2025 19:52,10
2/23/2025 20:52,10
2/23/2025 21:52,10
2/23/2025 22:52,10
2/23/2025 23:52,10
2/24/2025 00:52,10
2/24/2025 01:52,10
2/24/2025 02:52,10
2/24/2025 03:52,10
2/24/2025 04:52,10
2/24/2025 05:52,10
2/24/2025 06:52,10
2/24/2025 07:52,9
2/24/2025 08:52,10
2/24/2025 09:52,10
2/24/2025 10:52,10
2/24/2025 11:52,10
2/24/2025 12:52,10
2/24/2025 13:52,10
2/24/2025 14:52,10
2/24/2025 15:52,10
2/24/2025 16:52,10
2/24/2025 18:52,10
2/24/2025 19:52,10
2/24/2025 20:52,10
2/24/2025 21:52,10
2/24/2025 22:52,10
2/24/2025 23:52,10
2/25/2025 00:52,10
2/25/2025 01:52,10
2/25/2025 02:52,10
2/25/2025 03:52,10
2/25/2025 04:52,10
2/25/2025 05:52,10
2/25/2025 06:52,10
2/25/2025 07:52,10
2/25/2025 08:52,10
2/25/2025 09:52,10
2/25/2025 10:52,10
2/25/2025 11:52,10
2/25/2025 12:52,10
2/25/2025 13:52,10
2/25/2025 14:52,10
2/25/2025 15:52,10
2/25/2025 16:52,10
2/25/2025 17:52,10
2/25/2025 18:52,10
2/25/2025 19:52,10
2/25/2025 20:52,10
2/25/2025 21:52,10
2/25/2025 22:52,10
2/25/2025 23:52,10
2/26/2025 00:52,10
2/26/2025 01:52,10
2/26/2025 02:52,10
2/26/2025 03:52,10
2/26/2025 04:52,10
2/26/2025 05:52,10
2/26/2025 06:52,10
2/26/2025 07:52,10
2/26/2025 08:52,10
2/26/2025 09:52,10
2/26/2025 10:52,10
2/26/2025 11:52,10
2/26/2025 12:52,10
2/26/2025 13:52,10
2/26/2025 14:52,10
2/26/2025 15:52,10
2/26/2025 16:52,10
2/26/2025 17:52,10
2/26/2025 18:52,10
2/26/2025 19:52,10
2/26/2025 20:52,10
2/26/2025 21:52,10
2/26/2025 22:52,10
2/26/2025 23:52,10
2/27/2025 00:52,10
2/27/2025 01:52,10
2/27/2025 02:52,10
2/27/2025 03:52,10
2/27/2025 04:52,10
2/27/2025 05:52,10
2/27/2025 06:52,10
2/27/2025 07:52,6
2/27/2025 08:52,10
2/27/2025 09:52,10
2/27/2025 10:52,10
2/27/2025 11:52,10
2/27/2025 12:52,10
2/27/2025 13:52,10
2/27/2025 14:52,10
2/27/2025 15:52,10
2/27/2025 16:52,10
2/27/2025 17:52,10
2/27/2025 18:52,10
2/27/2025 19:52,10
2/27/2025 20:52,10
2/27/2025 21:52,10
2/27/2025 22:52,10
2/27/2025 23:52,10
2/28/2025 00:52,10
2/28/2025 01:52,10
2/28/2025 02:52,10
2/28/2025 03:52,10
2/28/2025 04:52,10
2/28/2025 05:52,10
2/28/2025 06:52,10
2/28/2025 07:52,10
2/28/2025 08:52,10
2/28/2025 09:52,10
2/28/2025 10:52,10
2/28/2025 11:52,10
2/28/2025 12:52,10
2/28/2025 13:52,10
2/28/2025 14:52,10
2/28/2025 15:52,10
2/28/2025 16:52,10
2/28/2025 17:52,10
2/28/2025 18:52,10
2/28/2025 19:52,10
2/28/2025 20:52,10
2/28/2025 21:52,10
2/28/2025 22:52,10
2/28/2025 23:52,10
3/1/2025 00:52,10
3/1/2025 01:52,10
3/1/2025 02:52,10
3/1/2025 03:52,10
3/1/2025 04:52,10
3/1/2025 05:52,10
3/1/2025 06:52,10
3/1/2025 07:52,10
3/1/2025 08:52,10
3/1/2025 09:52,10
3/1/2025 10:52,10
3/1/2025 11:52,10
3/1/2025 12:52,10
3/1/2025 13:52,10
3/1/2025 14:52,10
3/1/2025 15:52,10
3/1/2025 16:52,10
3/1/2025 17:52,10
3/1/2025 18:52,10
3/1/2025 19:52,10
3/1/2025 20:52,10
3/1/2025 21:52,10
3/1/2025 22:52,10
3/1/2025 23:52,10
3/2/2025 00:52,10
3/2/2025 01:52,10
3/2/2025 02:52,10
3/2/2025 03:52,10
3/2/2025 04:52,10
3/2/2025 05:52,10
3/2/2025 06:52,10
3/2/2025 07:52,10
3/2/2025 08:52,10
3/2/2025 09:52,10
3/2/2025 10:52,10
3/2/2025 11:52,10
3/2/2025 12:52,10
3/2/2025 13:52,10
3/2/2025 14:52,10
3/2/2025 15:52,10
3/2/2025 16:52,10
3/2/2025 17:52,10
3/2/2025 18:52,10
3/2/2025 19:52,10
3/2/2025 20:52,10
3/2/2025 21:52,10
3/2/2025 22:52,10
3/2/2025 23:52,10
3/3/2025 00:52,10
3/3/2025 01:52,10
3/3/2025 02:52,10
3/3/2025 03:52,10
3/3/2025 04:52,10
3/3/2025 05:52,10
3/3/2025 06:52,10
3/3/2025 07:52,10
3/3/2025 08:52,10
3/3/2025 09:52,10
3/3/2025 10:52,10
3/3/2025 11:52,10
3/3/2025 12:52,10
3/3/2025 13:52,10
3/3/2025 14:52,10
3/3/2025 15:52,10
3/3/2025 16:52,10
3/3/2025 17:52,10
3/3/2025 18:52,10
3/3/2025 19:52,10
3/3/2025 20:52,10
3/3/2025 21:52,10
3/3/2025 22:52,10
3/3/2025 23:52,10
3/4/2025 00:52,10
3/4/2025 01:52,10
3/4/2025 02:52,10
3/4/2025 03:52,10
3/4/2025 04:52,10
3/4/2025 05:52,10
3/4/2025 06:52,10
3/4/2025 07:52,10
3/4/2025 08:52,10
3/4/2025 09:52,10
3/4/2025 10:52,10
3/4/2025 11:52,10
3/4/2025 12:52,10
3/4/2025 13:52,10
3/4/2025 14:52,10
3/4/2025 15:52,10
3/4/2025 16:52,10
3/4/2025 17:52,10
3/4/2025 18:52,10
3/4/2025 19:52,10
3/4/2025 20:52,10
3/4/2025 21:52,10
3/4/2025 22:52,10
3/4/2025 23:52,10
3/5/2025 00:52,10
3/5/2025 01:52,10
3/5/2025 02:52,10
3/5/2025 03:52,10
3/5/2025 04:52,10
3/5/2025 05:52,10
3/5/2025 07:52,10
3/5/2025 08:52,10
3/5/2025 09:52,10
3/5/2025 10:52,10
3/5/2025 11:52,6
3/5/2025 12:52,1.5
3/5/2025 13:52,3
3/5/2025 14:52,10
3/5/2025 15:52,10
3/5/2025 16:52,8
3/5/2025 17:52,10
3/5/2025 18:52,10
3/5/2025 19:52,10
3/5/2025 20:52,4
3/5/2025 21:52,10
3/5/2025 22:52,10
3/5/2025 23:52,10
3/6/2025 00:52,10
3/6/2025 01:52,10
3/6/2025 02:52,10
3/6/2025 03:52,10
3/6/2025 04:52,10
3/6/2025 05:52,10
3/6/2025 06:52,10
3/6/2025 07:52,10
3/6/2025 08:52,10
3/6/2025 09:52,10
3/6/2025 10:52,10
3/6/2025 11:52,10
3/6/2025 12:52,10
3/6/2025 13:52,10
3/6/2025 14:52,10
3/6/2025 15:52,10
3/6/2025 16:52,10
3/6/2025 17:52,10
3/6/2025 18:52,10
3/6/2025 19:52,10
3/6/2025 20:52,10
3/6/2025 21:52,10
3/6/2025 22:52,10
3/6/2025 23:52,10
3/7/2025 00:52,10
3/7/2025 01:52,10
3/7/2025 02:52,10
3/7/2025 03:52,10
3/7/2025 04:52,10
3/7/2025 05:52,10
3/7/2025 06:52,10
3/7/2025 07:52,10
3/7/2025 08:52,10
3/7/2025 09:52,10
3/7/2025 10:52,10
3/7/2025 11:52,10
3/7/2025 12:52,10
3/7/2025 13:52,10
3/7/2025 14:52,10
3/7/2025 15:52,10
3/7/2025 16:52,10
3/7/2025 17:52,10
3/7/2025 18:52,10
3/7/2025 19:52,10
3/7/2025 20:52,10
3/7/2025 21:52,10
3/7/2025 22:52,10
3/7/2025 23:52,10
3/8/2025 00:52,10
3/8/2025 01:52,10
3/8/2025 02:52,10
3/8/2025 03:52,10
3/8/2025 04:52,10
3/8/2025 05:52,10
3/8/2025 06:52,10
3/8/2025 07:52,10
3/8/2025 08:52,10
3/8/2025 09:52,10
3/8/2025 10:52,10
3/8/2025 11:52,10
3/8/2025 12:52,10
3/8/2025 13:52,10
3/8/2025 14:52,10
3/8/2025 15:52,10
3/8/2025 16:52,10
3/8/2025 17:52,10
3/8/2025 18:52,10
3/8/2025 19:52,10
3/8/2025 20:52,10
3/8/2025 21:52,10
3/8/2025 22:52,10
3/8/2025 23:52,10
3/9/2025 00:52,10
3/9/2025 01:52,10
3/9/2025 03:52,10
3/9/2025 04:52,10
3/9/2025 05:52,10
3/9/2025 06:52,10
3/9/2025 07:52,10
3/9/2025 08:52,10
3/9/2025 09:52,10
3/9/2025 10:52,10
3/9/2025 11:52,10
3/9/2025 12:52,10
3/9/2025 13:52,10
3/9/2025 14:52,10
3/9/2025 15:52,10
3/9/2025 16:52,10
3/9/2025 17:52,10
3/9/2025 18:52,10
3/9/2025 19:52,10
3/9/2025 20:52,10
3/9/2025 21:52,10
3/9/2025 22:52,10
3/9/2025 23:52,10
3/10/2025 01:52,10
3/10/2025 02:52,10
3/10/2025 03:52,10
3/10/2025 04:52,10
3/10/2025 05:52,10
3/10/2025 06:52,10
3/10/2025 07:52,10
3/10/2025 08:52,10
3/10/2025 09:52,10
3/10/2025 10:52,10
3/10/2025 11:52,10
3/10/2025 12:52,10
3/10/2025 13:52,10
3/10/2025 14:52,10
3/10/2025 15:52,10
3/10/2025 16:52,10
3/10/2025 17:52,10
3/10/2025 18:52,10
3/10/2025 19:52,10
3/10/2025 20:52,10
3/10/2025 21:52,10
3/10/2025 22:52,10
3/10/2025 23:52,10
3/11/2025 00:52,10
3/11/2025 01:52,10
3/11/2025 02:52,10
3/11/2025 03:52,10
3/11/2025 04:52,10
3/11/2025 05:52,10
3/11/2025 06:52,10
3/11/2025 07:52,10
3/11/2025 08:52,10
3/11/2025 09:52,10
3/11/2025 10:52,10
3/11/2025 11:52,10
3/11/2025 12:52,10
3/11/2025 13:52,10
3/11/2025 14:52,10
3/11/2025 15:52,10
3/11/2025 16:52,10
3/11/2025 17:52,10
3/11/2025 18:52,10
3/11/2025 19:52,10
3/11/2025 20:52,10
3/11/2025 21:52,10
3/11/2025 22:52,10
3/11/2025 23:52,10
3/12/2025 00:52,10
3/12/2025 01:52,10
3/12/2025 02:52,10
3/12/2025 03:52,10
3/12/2025 04:52,10
3/12/2025 05:52,10
3/12/2025 06:52,10
3/12/2025 07:52,10
3/12/2025 08:52,10
3/12/2025 09:52,10
3/12/2025 10:52,10
3/12/2025 11:52,10
3/12/2025 12:52,10
3/12/2025 13:52,10
3/12/2025 14:52,10
3/12/2025 15:52,10
3/12/2025 16:52,10
3/12/2025 17:52,10
3/12/2025 18:52,10
3/12/2025 19:52,10
3/12/2025 20:52,10
3/12/2025 21:52,10
3/12/2025 22:52,10
3/12/2025 23:52,10
3/13/2025 00:52,10
3/13/2025 01:52,10
3/13/2025 02:52,10
3/13/2025 03:52,10
3/13/2025 04:52,10
3/13/2025 05:52,10
3/13/2025 06:52,7
3/13/2025 07:52,7
3/13/2025 08:52,10
3/13/2025 09:52,7
3/13/2025 10:52,7
3/13/2025 11:52,7
3/13/2025 12:52,7
3/13/2025 13:52,7
3/13/2025 14:52,7
3/13/2025 15:52,10
3/13/2025 16:52,10
3/13/2025 17:52,10
3/13/2025 18:52,10
3/13/2025 19:52,10
3/13/2025 20:52,10
3/13/2025 21:52,10
3/13/2025 22:52,10
3/13/2025 23:52,10
3/14/2025 00:52,10
3/14/2025 01:52,10
3/14/2025 02:52,10
3/14/2025 03:52,10
3/14/2025 04:52,10
3/14/2025 05:52,10
3/14/2025 06:52,7
3/14/2025 07:52,6
3/14/2025 08:52,5
3/14/2025 09:52,4
3/14/2025 10:52,5
3/14/2025 11:52,5
3/14/2025 12:52,5
3/14/2025 13:52,7
3/14/2025 14:52,10
3/14/2025 15:52,10
3/14/2025 16:52,10
3/14/2025 17:52,10
3/14/2025 18:52,10
3/14/2025 19:52,10
3/14/2025 20:52,10
3/14/2025 21:52,10
3/14/2025 22:52,10
3/14/2025 23:52,10
3/15/2025 00:52,10
3/15/2025 01:52,10
3/15/2025 02:52,10
3/15/2025 03:52,10
3/15/2025 04:52,10
3/15/2025 05:52,10
3/15/2025 06:52,10
3/15/2025 07:52,5
3/15/2025 08:52,6
3/15/2025 09:52,5
3/15/2025 10:52,9
3/15/2025 11:52,10
3/15/2025 12:52,10
3/15/2025 13:52,10
3/15/2025 14:52,10
3/15/2025 15:52,10
3/15/2025 16:52,10
3/15/2025 17:52,10
3/15/2025 18:52,10
3/15/2025 19:52,10
3/15/2025 20:52,10
3/15/2025 21:52,10
3/15/2025 22:52,10
3/15/2025 23:52,10
3/16/2025 00:52,10
3/16/2025 01:52,10
3/16/2025 02:52,10
3/16/2025 03:52,10
3/16/2025 04:52,10
3/16/2025 05:52,10
3/16/2025 06:52,10
3/16/2025 07:52,10
3/16/2025 08:52,10
3/16/2025 09:52,10
3/16/2025 10:52,10
3/16/2025 11:52,10
3/16/2025 12:52,10
3/16/2025 13:52,10
3/16/2025 14:52,10
3/16/2025 15:52,10
3/16/2025 16:52,10
3/16/2025 17:52,10
3/16/2025 18:52,10
3/16/2025 19:52,10
3/16/2025 20:52,10
3/16/2025 21:52,10
3/16/2025 22:52,7
3/16/2025 23:52,10
3/17/2025 00:52,10
3/17/2025 01:52,10
3/17/2025 02:52,10
3/17/2025 03:52,10
3/17/2025 04:52,10
3/17/2025 05:52,10
3/17/2025 06:52,10
3/17/2025 07:52,10
3/17/2025 08:52,10
3/17/2025 09:52,10
3/17/2025 10:52,10
3/17/2025 11:52,10
3/17/2025 12:52,10
3/17/2025 13:52,10
3/17/2025 14:52,10
3/17/2025 15:52,10
3/17/2025 16:52,10
3/17/2025 17:52,10
3/17/2025 18:52,10
3/17/2025 19:52,10
3/17/2025 20:52,10
3/17/2025 21:52,10
3/17/2025 22:52,10
3/17/2025 23:52,10
3/18/2025 00:52,10
3/18/2025 01:52,10
3/18/2025 02:52,10
3/18/2025 03:52,10
3/18/2025 04:52,10
3/18/2025 05:52,10
3/18/2025 06:52,10
3/18/2025 07:52,10
3/18/2025 08:52,10
3/18/2025 09:52,10
3/18/2025 10:52,10
3/18/2025 11:52,10
3/18/2025 12:52,10
3/18/2025 13:52,10
3/18/2025 14:52,10
3/18/2025 15:52,10
3/18/2025 16:52,10
3/18/2025 17:52,10
3/18/2025 18:52,10
3/18/2025 19:52,10
3/18/2025 20:52,10
3/18/2025 21:52,10
3/18/2025 22:52,10
3/18/2025 23:52,10
3/19/2025 00:52,10
3/19/2025 01:52,10
3/19/2025 02:52,10
3/19/2025 03:52,10
3/19/2025 04:52,10
3/19/2025 05:52,10
3/19/2025 06:52,10
3/19/2025 07:52,8
3/19/2025 08:52,10
3/19/2025 09:52,10
3/19/2025 10:52,10
3/19/2025 11:52,10
3/19/2025 12:52,10
3/19/2025 13:52,10
3/19/2025 14:52,10
3/19/2025 15:52,10
3/19/2025 16:52,10
3/19/2025 17:52,10
3/19/2025 18:52,10
3/19/2025 19:52,10
3/19/2025 20:52,10
3/19/2025 21:52,10
3/19/2025 22:52,10
3/19/2025 23:52,10
3/20/2025 00:52,10
3/20/2025 01:52,10
3/20/2025 02:52,10
3/20/2025 03:52,10
3/20/2025 04:52,10
3/20/2025 05:52,10
3/20/2025 06:52,10
3/20/2025 07:52,10
3/20/2025 08:52,10
3/20/2025 09:52,10
3/20/2025 10:52,10
3/20/2025 11:52,10
3/20/2025 12:52,10
3/20/2025 13:52,10
3/20/2025 14:52,10
3/20/2025 15:52,10
3/20/2025 16:52,10
3/20/2025 17:52,10
3/20/2025 18:52,6
3/20/2025 19:52,7
3/20/2025 20:52,10
3/20/2025 21:52,10
3/20/2025 22:52,10
3/20/2025 23:52,10
3/21/2025 00:52,10
3/21/2025 01:52,10
3/21/2025 02:52,10
3/21/2025 03:52,10
3/21/2025 04:52,10
3/21/2025 05:52,10
3/21/2025 06:52,10
3/21/2025 07:52,10
3/21/2025 08:52,10
3/21/2025 09:52,10
3/21/2025 10:52,10
3/21/2025 11:52,10
3/21/2025 12:52,10
3/21/2025 13:52,10
3/21/2025 14:52,10
3/21/2025 15:52,10
3/21/2025 16:52,10
3/21/2025 17:52,10
3/21/2025 18:52,10
3/21/2025 19:52,10
3/21/2025 20:52,10
3/21/2025 21:52,10
3/21/2025 22:52,10
3/21/2025 23:52,10
3/22/2025 00:52,10
3/22/2025 01:52,10
3/22/2025 02:52,10
3/22/2025 03:52,10
3/22/2025 04:52,10
3/22/2025 05:52,10
3/22/2025 06:52,10
3/22/2025 07:52,10
3/22/2025 08:52,10
3/22/2025 09:52,10
3/22/2025 10:52,10
3/22/2025 11:52,10
3/22/2025 12:52,10
3/22/2025 13:52,10
3/22/2025 14:52,10
3/22/2025 15:52,10
3/22/2025 16:52,10
3/22/2025 17:52,10
3/22/2025 18:52,10
3/22/2025 19:52,10
3/22/2025 20:52,10
3/22/2025 21:52,10
3/22/2025 22:52,10
3/22/2025 23:52,10
3/23/2025 00:52,10
3/23/2025 01:52,10
3/23/2025 02:52,10
3/23/2025 03:52,10
3/23/2025 04:52,10
3/23/2025 05:52,10
3/23/2025 06:52,10
3/23/2025 07:52,10
3/23/2025 08:52,10
3/23/2025 09:52,10
3/23/2025 10:52,10
3/23/2025 11:52,10
3/23/2025 12:52,10
3/23/2025 13:52,10
3/23/2025 14:52,10
3/23/2025 15:52,10
3/23/2025 16:52,10
3/23/2025 17:52,10
3/23/2025 18:52,10
3/23/2025 19:52,10
3/23/2025 20:52,10
3/23/2025 21:52,10
3/23/2025 22:52,10
3/23/2025 23:52,10
3/24/2025 00:52,10
3/24/2025 01:52,10
3/24/2025 02:52,10
3/24/2025 03:52,10
3/24/2025 04:52,10
3/24/2025 05:52,10
3/24/2025 06:52,10
3/24/2025 07:52,10
3/24/2025 08:52,10
3/24/2025 09:52,10
3/24/2025 10:52,9
3/24/2025 11:52,10
3/24/2025 12:52,10
3/24/2025 13:52,10
3/24/2025 14:52,10
3/24/2025 15:52,10
3/24/2025 16:52,10
3/24/2025 17:52,10
3/24/2025 18:52,10
3/24/2025 19:52,10
3/24/2025 20:52,10
3/24/2025 21:52,10
3/24/2025 22:52,10
3/24/2025 23:52,10
3/25/2025 00:52,10
3/25/2025 01:52,10
3/25/2025 02:52,10
3/25/2025 03:52,10
3/25/2025 04:52,10
3/25/2025 05:52,10
3/25/2025 06:52,10
3/25/2025 07:52,10
3/25/2025 08:52,10
3/25/2025 09:52,10
3/25/2025 10:52,10
3/25/2025 11:52,10
3/25/2025 12:52,10
3/25/2025 13:52,10
3/25/2025 14:52,10
3/25/2025 15:52,10
3/25/2025 16:52,10
3/25/2025 17:52,10
3/25/2025 18:52,10
3/25/2025 19:52,10
3/25/2025 20:52,10
3/25/2025 21:52,10
3/25/2025 22:52,10
3/25/2025 23:52,10
3/26/2025 00:52,10
3/26/2025 01:52,10
3/26/2025 02:52,10
3/26/2025 03:52,10
3/26/2025 04:52,10
3/26/2025 05:52,10
3/26/2025 06:52,10
3/26/2025 07:52,10
3/26/2025 08:52,10
3/26/2025 09:52,10
3/26/2025 10:52,10
3/26/2025 11:52,10
3/26/2025 12:52,10
3/26/2025 13:52,10
3/26/2025 14:52,10
3/26/2025 15:52,10
3/26/2025 16:52,10
3/26/2025 17:52,10
3/26/2025 18:52,10
3/26/2025 19:52,10
3/26/2025 20:52,10
3/26/2025 21:52,10
3/26/2025 22:52,10
3/26/2025 23:52,10
3/27/2025 00:52,10
3/27/2025 01:52,10
3/27/2025 02:52,10
3/27/2025 03:52,10
3/27/2025 04:52,10
3/27/2025 05:52,10
3/27/2025 06:52,10
3/27/2025 07:52,10
3/27/2025 08:52,10
3/27/2025 09:52,10
3/27/2025 10:52,10
3/27/2025 11:52,10
3/27/2025 12:52,10
3/27/2025 14:52,10
3/27/2025 15:52,10
3/27/2025 16:52,10
3/27/2025 17:52,10
3/27/2025 18:52,10
3/27/2025 19:52,10
3/27/2025 20:52,10
3/27/2025 21:52,10
3/27/2025 22:52,10
3/27/2025 23:52,10
3/28/2025 00:52,10
3/28/2025 02:52,10
3/28/2025 03:52,10
3/28/2025 04:52,10
3/28/2025 05:52,10
3/28/2025 06:52,10
3/28/2025 07:52,10
3/28/2025 08:52,10
3/28/2025 09:52,10
3/28/2025 10:52,10
3/28/2025 11:52,10
3/28/2025 12:52,10
3/28/2025 13:52,10
3/28/2025 14:52,10
3/28/2025 15:52,10
3/28/2025 16:52,10
3/28/2025 17:52,10
3/28/2025 18:52,10
3/28/2025 19:52,10
3/28/2025 20:52,10
3/28/2025 21:52,10
3/28/2025 22:52,10
3/28/2025 23:52,10
3/29/2025 00:52,10
3/29/2025 01:52,10
3/29/2025 02:52,10
3/29/2025 03:52,10
3/29/2025 04:52,10
3/29/2025 05:52,10
3/29/2025 06:52,10
3/29/2025 07:52,10
3/29/2025 08:52,10
3/29/2025 09:52,10
3/29/2025 10:52,10
3/29/2025 11:52,10
3/29/2025 12:52,10
3/29/2025 13:52,10
3/29/2025 14:52,10
3/29/2025 15:52,10
3/29/2025 16:52,10
3/29/2025 17:52,10
3/29/2025 18:52,10
3/29/2025 19:52,10
3/29/2025 20:52,10
3/29/2025 21:52,10
3/29/2025 22:52,10
3/29/2025 23:52,10
3/30/2025 00:52,10
3/30/2025 01:52,10
3/30/2025 02:52,10
3/30/2025 03:52,10
3/30/2025 04:52,10
3/30/2025 05:52,10
3/30/2025 06:52,10
3/30/2025 07:52,10
3/30/2025 08:52,10
3/30/2025 09:52,10
3/30/2025 10:52,10
3/30/2025 11:52,10
3/30/2025 12:52,10
3/30/2025 13:52,10
3/30/2025 14:52,10
3/30/2025 15:52,10
3/30/2025 16:52,10
3/30/2025 17:52,10
3/30/2025 18:52,10
3/30/2025 19:52,10
3/30/2025 20:52,10
3/30/2025 21:52,10
3/30/2025 22:52,10
3/30/2025 23:52,10
3/31/2025 00:52,10
3/31/2025 01:52,10
3/31/2025 02:52,10
3/31/2025 03:52,10
3/31/2025 04:52,10
3/31/2025 05:52,10
3/31/2025 06:52,10
3/31/2025 07:52,10
3/31/2025 08:52,10
3/31/2025 09:52,10
3/31/2025 10:52,10
3/31/2025 11:52,10
3/31/2025 12:52,10
3/31/2025 13:52,10
3/31/2025 14:52,10
3/31/2025 15:52,10
3/31/2025 16:52,10
3/31/2025 17:52,10
3/31/2025 18:52,10
3/31/2025 19:52,2.5
3/31/2025 20:52,10
3/31/2025 21:52,10
3/31/2025 22:52,5
3/31/2025 23:52,7
4/1/2025 00:52,10
4/1/2025 01:52,10
4/1/2025 02:52,10
4/1/2025 03:52,10
4/1/2025 04:52,10
4/1/2025 05:52,10
4/1/2025 06:52,10
4/1/2025 07:52,10
4/1/2025 08:52,10
4/1/2025 09:52,10
4/1/2025 10:52,10
4/1/2025 11:52,10
4/1/2025 12:52,10
4/1/2025 13:52,10
4/1/2025 14:52,10
4/1/2025 15:52,10
4/1/2025 16:52,10
4/1/2025 17:52,10
4/1/2025 18:52,10
4/1/2025 19:52,10
4/1/2025 20:52,10
4/1/2025 21:52,10
4/1/2025 22:52,10
4/1/2025 23:52,10
4/2/2025 00:52,10
4/2/2025 01:52,10
4/2/2025 02:52,10
4/2/2025 03:52,10
4/2/2025 04:52,10
4/2/2025 05:52,10
4/2/2025 06:52,10
4/2/2025 07:52,10
4/2/2025 08:52,10
4/2/2025 09:52,10
4/2/2025 10:52,10
4/2/2025 11:52,10
4/2/2025 12:52,10
4/2/2025 13:52,10
4/2/2025 14:52,10
4/2/2025 15:52,10
4/2/2025 16:52,10
4/2/2025 17:52,10
4/2/2025 18:52,10
4/2/2025 19:52,10
4/2/2025 20:52,10
4/2/2025 21:52,10
4/2/2025 22:52,10
4/2/2025 23:52,10
4/3/2025 00:52,10
4/3/2025 01:52,7
4/3/2025 02:52,5
4/3/2025 03:52,5
4/3/2025 04:52,3
4/3/2025 05:52,3
4/3/2025 06:52,3
4/3/2025 07:52,3
4/3/2025 08:52,4
4/3/2025 09:52,3
4/3/2025 10:52,5
4/3/2025 11:52,7
4/3/2025 12:52,7
4/3/2025 13:52,7
4/3/2025 14:52,10
4/3/2025 15:52,10
4/3/2025 16:52,10
4/3/2025 17:52,10
4/3/2025 18:52,10
4/3/2025 19:52,10
4/3/2025 20:52,10
4/3/2025 21:52,10
4/3/2025 22:52,10
4/3/2025 23:52,10
4/4/2025 00:52,10
4/4/2025 01:52,10
4/4/2025 02:52,10
4/4/2025 03:52,10
4/4/2025 04:52,10
4/4/2025 05:52,5
4/4/2025 06:52,6
4/4/2025 07:52,10
4/4/2025 08:52,6
4/4/2025 09:52,10
4/4/2025 10:52,10
4/4/2025 11:52,10
4/4/2025 12:52,10
4/4/2025 13:52,10
4/4/2025 14:52,10
4/4/2025 15:52,10
4/4/2025 16:52,10
4/4/2025 17:52,10
4/4/2025 18:52,10
4/4/2025 19:52,10
4/4/2025 20:52,10
4/4/2025 21:52,10
4/4/2025 22:52,10
4/4/2025 23:52,10
4/5/2025 00:52,10
4/5/2025 01:52,10
4/5/2025 02:52,10
4/5/2025 03:52,10
4/5/2025 04:52,10
4/5/2025 05:52,10
4/5/2025 06:52,10
4/5/2025 07:52,10
4/5/2025 08:52,10
4/5/2025 09:52,10
4/5/2025 10:52,10
4/5/2025 11:52,10
4/5/2025 12:52,10
4/5/2025 13:52,10
4/5/2025 14:52,10
4/5/2025 15:52,10
4/5/2025 16:52,10
4/5/2025 17:52,10
4/5/2025 18:52,10
4/5/2025 19:52,10
4/5/2025 20:52,10
4/5/2025 21:52,10
4/5/2025 22:52,10
4/5/2025 23:52,10
4/6/2025 00:52,10
4/6/2025 01:52,10
4/6/2025 02:52,10
4/6/2025 03:52,10
4/6/2025 04:52,10
4/6/2025 05:52,10
4/6/2025 06:52,9
4/6/2025 07:52,7
4/6/2025 08:52,7
4/6/2025 09:52,8
4/6/2025 10:52,10
4/6/2025 11:52,3
4/6/2025 12:52,10
4/6/2025 13:52,10
4/6/2025 14:52,10
4/6/2025 15:52,10
4/6/2025 16:52,10
4/6/2025 17:52,10
4/6/2025 18:52,10
4/6/2025 19:52,10
4/6/2025 20:52,10
4/6/2025 21:52,10
4/6/2025 22:52,10
4/6/2025 23:52,10
4/7/2025 00:52,10
4/7/2025 01:52,6
4/7/2025 02:52,6
4/7/2025 03:52,6
4/7/2025 04:52,10
4/7/2025 05:52,5
4/7/2025 06:52,4
4/7/2025 07:52,2
4/7/2025 08:52,2
4/7/2025 09:52,5
4/7/2025 10:52,1
4/7/2025 11:52,5
4/7/2025 12:52,6
4/7/2025 13:52,5
4/7/2025 14:52,6
4/7/2025 15:52,6
4/7/2025 16:52,6
4/7/2025 17:52,10
4/7/2025 18:52,10
4/7/2025 19:52,10
4/7/2025 20:52,10
4/7/2025 21:52,10
4/7/2025 22:52,10
4/7/2025 23:52,8
4/8/2025 00:52,8
4/8/2025 01:52,8
4/8/2025 02:52,10
4/8/2025 03:52,10
4/8/2025 04:52,10
4/8/2025 05:52,10
4/8/2025 06:52,10
4/8/2025 07:52,10
4/8/2025 08:52,10
4/8/2025 09:52,10
4/8/2025 10:52,10
4/8/2025 11:52,10
4/8/2025 12:52,10
4/8/2025 13:52,10
4/8/2025 14:52,10
4/8/2025 15:52,10
4/8/2025 16:52,10
4/8/2025 17:52,10
4/8/2025 18:52,10
4/8/2025 19:52,10
4/8/2025 20:52,10
4/8/2025 21:52,10
4/8/2025 22:52,10
4/8/2025 23:52,10
4/9/2025 00:52,10
4/9/2025 01:52,10
4/9/2025 02:52,10
4/9/2025 03:52,10
4/9/2025 04:52,10
4/9/2025 05:52,10
4/9/2025 06:52,10
4/9/2025 07:52,10
4/9/2025 08:52,10
4/9/2025 09:52,10
4/9/2025 10:52,10
4/9/2025 11:52,10
4/9/2025 12:52,10
4/9/2025 13:52,10
4/9/2025 14:52,10
4/9/2025 15:52,10
4/9/2025 16:52,10
4/9/2025 17:52,10
4/9/2025 18:52,10
4/9/2025 19:52,10
4/9/2025 20:52,10
4/9/2025 21:52,10
4/9/2025 22:52,10
4/9/2025 23:52,10
4/10/2025 00:52,10
4/10/2025 01:52,10
4/10/2025 02:52,10
4/10/2025 03:52,10
4/10/2025 04:52,10
4/10/2025 05:52,10
4/10/2025 06:52,10
4/10/2025 07:52,10
4/10/2025 08:52,10
4/10/2025 09:52,10
4/10/2025 10:52,10
4/10/2025 11:52,10
4/10/2025 12:52,10
4/10/2025 13:52,10
4/10/2025 14:52,10
4/10/2025 15:52,10
4/10/2025 16:52,10
4/10/2025 17:52,10
4/10/2025 18:52,10
4/10/2025 19:52,10
4/10/2025 20:52,10
4/10/2025 21:52,10
4/10/2025 22:52,10
4/10/2025 23:52,10
4/11/2025 00:52,10
4/11/2025 01:52,10
4/11/2025 02:52,10
4/11/2025 03:52,10
4/11/2025 04:52,10
4/11/2025 05:52,10
4/11/2025 06:52,10
4/11/2025 07:52,10
4/11/2025 08:52,10
4/11/2025 09:52,10
4/11/2025 10:52,7
4/11/2025 11:52,10
4/11/2025 13:52,10
4/11/2025 14:52,4
4/11/2025 15:51,8
4/11/2025 16:52,4
4/11/2025 17:52,7
4/11/2025 18:52,7
4/11/2025 19:52,7
4/11/2025 20:52,5
4/11/2025 21:52,6
4/11/2025 22:52,8
4/11/2025 23:52,10
4/12/2025 00:52,8
4/12/2025 01:52,6
4/12/2025 02:52,8
4/12/2025 03:52,10
4/12/2025 04:52,10
4/12/2025 05:52,10
4/12/2025 06:52,10
4/12/2025 07:52,6
4/12/2025 08:52,6
4/12/2025 09:52,6
4/12/2025 10:52,6
4/12/2025 11:52,10
4/12/2025 12:52,10
4/12/2025 13:52,10
4/12/2025 14:52,10
4/12/2025 15:52,10
4/12/2025 16:52,10
4/12/2025 17:52,10
4/12/2025 18:52,10
4/12/2025 19:52,10
4/12/2025 20:52,10
4/12/2025 21:52,10
4/12/2025 22:52,10
4/12/2025 23:52,10
4/13/2025 00:52,10
4/13/2025 01:52,10
4/13/2025 02:52,10
4/13/2025 03:52,10
4/13/2025 04:52,10
4/13/2025 05:52,10
4/13/2025 06:52,10
4/13/2025 07:52,10
4/13/2025 08:52,10
4/13/2025 09:52,10
4/13/2025 10:52,10
4/13/2025 11:52,10
4/13/2025 12:52,10
4/13/2025 13:52,10
4/13/2025 14:52,10
4/13/2025 15:52,10
4/13/2025 16:52,10
4/13/2025 17:52,10
4/13/2025 18:52,10
4/13/2025 19:52,10
4/13/2025 20:52,10
4/13/2025 21:52,10
4/13/2025 22:52,10
4/13/2025 23:52,10
4/14/2025 00:52,10
4/14/2025 01:52,10
4/14/2025 02:52,10
4/14/2025 03:52,10
4/14/2025 04:52,10
4/14/2025 05:52,10
4/14/2025 06:52,10
4/14/2025 07:52,10
4/14/2025 08:52,10
4/14/2025 09:52,10
4/14/2025 10:52,10
4/14/2025 11:52,10
4/14/2025 12:52,10
4/14/2025 13:52,10
4/14/2025 14:52,10
4/14/2025 15:52,10
4/14/2025 16:52,10
4/14/2025 17:52,10
4/14/2025 18:52,10
4/14/2025 19:52,10
4/14/2025 20:52,10
4/14/2025 21:52,5
4/14/2025 22:52,7
4/14/2025 23:52,10
4/15/2025 00:52,8
4/15/2025 01:52,10
4/15/2025 02:52,10
4/15/2025 03:52,10
4/15/2025 04:52,10
4/15/2025 05:52,10
4/15/2025 06:52,10
4/15/2025 07:52,10
4/15/2025 08:52,10
4/15/2025 09:52,10
4/15/2025 10:52,10
4/15/2025 11:52,10
4/15/2025 12:52,10
4/15/2025 13:52,10
4/15/2025 14:52,10
4/15/2025 15:52,10
4/15/2025 16:52,10
4/15/2025 17:52,10
4/15/2025 18:52,10
4/15/2025 19:52,10
4/15/2025 20:52,10
4/15/2025 21:52,10
4/15/2025 22:52,10
4/15/2025 23:52,10
4/16/2025 00:52,10
4/16/2025 01:52,10
4/16/2025 02:52,10
4/16/2025 03:52,10
4/16/2025 04:52,10
4/16/2025 05:52,10
4/16/2025 06:52,10
4/16/2025 07:52,10
4/16/2025 08:52,10
4/16/2025 09:52,10
4/16/2025 10:52,10
4/16/2025 11:52,10
4/16/2025 12:52,9
4/16/2025 13:52,10
4/16/2025 14:52,10
4/16/2025 15:52,10
4/16/2025 16:52,10
4/16/2025 17:52,10
4/16/2025 18:52,10
4/16/2025 19:52,10
4/16/2025 20:52,10
4/16/2025 21:52,10
4/16/2025 22:52,10
4/16/2025 23:52,10
4/17/2025 00:52,10
4/17/2025 01:52,10
4/17/2025 02:52,10
4/17/2025 03:52,10
4/17/2025 04:52,10
4/17/2025 05:52,10
4/17/2025 06:52,10
4/17/2025 07:52,10
4/17/2025 08:52,10
4/17/2025 09:52,10
4/17/2025 10:52,10
4/17/2025 11:52,10
4/17/2025 12:52,10
4/17/2025 13:52,10
4/17/2025 14:52,10
4/17/2025 15:52,10
4/17/2025 16:52,10
4/17/2025 17:52,10
4/17/2025 18:52,10
4/17/2025 19:52,10
4/17/2025 20:52,10
4/17/2025 21:52,10
4/17/2025 22:52,10
4/17/2025 23:52,10
4/18/2025 00:52,10
4/18/2025 01:52,10
4/18/2025 02:52,10
4/18/2025 03:52,10
4/18/2025 04:52,10
4/18/2025 05:52,10
4/18/2025 06:52,10
4/18/2025 07:52,10
4/18/2025 08:52,10
4/18/2025 09:52,10
4/18/2025 10:52,10
4/18/2025 11:52,10
4/18/2025 12:52,10
4/18/2025 13:52,10
4/18/2025 14:52,10
4/18/2025 15:52,10
4/18/2025 16:52,10
4/18/2025 17:52,10
4/18/2025 18:52,10
4/18/2025 19:52,10
4/18/2025 20:52,10
4/18/2025 21:52,10
4/18/2025 22:52,10
4/18/2025 23:52,10
4/19/2025 00:52,10
4/19/2025 01:52,10
4/19/2025 02:52,10
4/19/2025 03:52,10
4/19/2025 04:52,10
4/19/2025 05:52,10
4/19/2025 06:52,10
4/19/2025 07:52,10
4/19/2025 08:52,10
4/19/2025 09:52,10
4/19/2025 10:52,10
4/19/2025 11:52,10
4/19/2025 12:52,10
4/19/2025 13:52,10
4/19/2025 14:52,10
4/19/2025 15:52,10
4/19/2025 16:52,10
4/19/2025 17:52,10
4/19/2025 18:52,10
4/19/2025 19:52,10
4/19/2025 20:52,10
4/19/2025 21:52,10
4/19/2025 22:52,10
4/19/2025 23:52,10
4/20/2025 00:52,10
4/20/2025 01:52,10
4/20/2025 02:52,10
4/20/2025 03:52,10
4/20/2025 04:52,10
4/20/2025 05:52,10
4/20/2025 08:52,10
4/20/2025 09:52,10
4/20/2025 10:52,10
4/20/2025 11:52,10
4/20/2025 12:52,10
4/20/2025 13:52,10
4/20/2025 14:52,10
4/20/2025 15:52,10
4/20/2025 16:52,10
4/20/2025 17:52,10
4/20/2025 18:52,10
4/20/2025 19:52,10
4/20/2025 20:52,10
4/20/2025 21:52,10
4/20/2025 22:52,10
4/20/2025 23:52,10
4/21/2025 00:52,10
4/21/2025 01:52,10
4/21/2025 02:52,10
4/21/2025 03:52,10
4/21/2025 04:52,10
4/21/2025 05:52,10
4/21/2025 06:52,10
4/21/2025 07:52,10
4/21/2025 08:52,10
4/21/2025 09:52,10
4/21/2025 10:52,10
4/21/2025 11:52,10
4/21/2025 12:52,10
4/21/2025 13:52,10
4/21/2025 14:52,10
4/21/2025 15:52,10
4/21/2025 16:52,10
4/21/2025 17:52,10
4/21/2025 18:52,10
4/21/2025 19:52,10
4/21/2025 20:52,10
4/21/2025 21:52,10
4/21/2025 22:52,10
4/21/2025 23:52,10
4/22/2025 00:52,10
4/22/2025 01:52,10
4/22/2025 02:52,10
4/22/2025 03:52,10
4/22/2025 04:52,10
4/22/2025 05:52,10
4/22/2025 06:52,10
4/22/2025 07:52,10
4/22/2025 08:52,10
4/22/2025 09:52,10
4/22/2025 10:52,10
4/22/2025 11:52,10
4/22/2025 12:52,10
4/22/2025 13:52,10
4/22/2025 14:52,10
4/22/2025 15:52,10
4/22/2025 16:52,10
4/22/2025 17:52,10
4/22/2025 18:52,10
4/22/2025 19:52,10
4/22/2025 20:52,10
4/22/2025 21:52,10
4/22/2025 22:52,10
4/22/2025 23:52,10
4/23/2025 00:52,8
4/23/2025 01:52,8
4/23/2025 02:52,7
4/23/2025 03:52,10
4/23/2025 04:52,7
4/23/2025 05:52,10
4/23/2025 06:52,5
4/23/2025 07:52,7
4/23/2025 08:52,10
4/23/2025 09:52,10
4/23/2025 10:52,10
4/23/2025 11:52,10
4/23/2025 12:52,10
4/23/2025 13:52,10
4/23/2025 14:52,10
4/23/2025 15:52,10
4/23/2025 16:52,10
4/23/2025 17:52,10
4/23/2025 18:52,10
4/23/2025 19:52,10
4/23/2025 20:52,10
4/23/2025 21:52,10
4/23/2025 22:52,10
4/23/2025 23:52,10
4/24/2025 00:52,10
4/24/2025 01:52,10
4/24/2025 02:52,10
4/24/2025 03:52,10
4/24/2025 04:52,10
4/24/2025 05:52,10
4/24/2025 06:52,10
4/24/2025 07:52,10
4/24/2025 08:52,10
4/24/2025 09:52,10
4/24/2025 10:52,10
4/24/2025 11:52,10
4/24/2025 12:52,10
4/24/2025 13:52,10
4/24/2025 14:52,10
4/24/2025 15:52,10
4/24/2025 16:52,10
4/24/2025 17:52,10
4/24/2025 18:52,10
4/24/2025 19:52,10
4/24/2025 20:52,10
4/24/2025 21:52,10
4/24/2025 22:52,10
4/24/2025 23:52,10
4/25/2025 00:52,10
4/25/2025 01:52,10
4/25/2025 02:52,10
4/25/2025 03:52,10
4/25/2025 04:52,10
4/25/2025 05:52,10
4/25/2025 06:52,10
4/25/2025 07:52,10
4/25/2025 08:52,10
4/25/2025 09:52,10
4/25/2025 10:52,10
4/25/2025 11:52,10
4/25/2025 12:52,10
4/25/2025 13:52,10
4/25/2025 14:52,10
4/25/2025 15:52,10
4/25/2025 16:52,10
4/25/2025 17:52,10
4/25/2025 18:52,10
4/25/2025 19:52,10
4/25/2025 20:52,10
4/25/2025 21:52,10
4/25/2025 22:52,8
4/25/2025 23:52,3
4/26/2025 00:52,6
4/26/2025 01:52,10
4/26/2025 02:52,10
4/26/2025 03:52,10
4/26/2025 04:52,10
4/26/2025 05:52,10
4/26/2025 06:52,10
4/26/2025 07:52,7
4/26/2025 08:52,7
4/26/2025 09:52,10
4/26/2025 10:52,10
4/26/2025 11:52,10
4/26/2025 12:52,10
4/26/2025 13:52,10
4/26/2025 14:52,10
4/26/2025 15:52,10
4/26/2025 16:52,10
4/26/2025 17:52,10
4/26/2025 18:52,10
4/26/2025 19:52,10
4/26/2025 20:52,10
4/26/2025 21:52,10
4/26/2025 22:52,10
4/26/2025 23:52,10
4/27/2025 00:52,10
4/27/2025 01:52,10
4/27/2025 02:52,10
4/27/2025 03:52,10
4/27/2025 04:52,10
4/27/2025 05:52,10
4/27/2025 06:52,10
4/27/2025 07:52,10
4/27/2025 08:52,10
4/27/2025 09:52,10
4/27/2025 10:52,10
4/27/2025 11:52,10
4/27/2025 12:52,10
4/27/2025 13:52,10
4/27/2025 14:52,10
4/27/2025 15:52,10
4/27/2025 16:52,10
4/27/2025 17:52,10
4/27/2025 18:52,10
4/27/2025 19:52,10
4/27/2025 20:52,10
4/27/2025 21:52,10
4/27/2025 22:52,10
4/27/2025 23:52,10
4/28/2025 00:52,10
4/28/2025 01:52,10
4/28/2025 02:52,10
4/28/2025 03:52,10
4/28/2025 04:52,10
4/28/2025 05:52,10
4/28/2025 06:52,10
4/28/2025 07:52,10
4/28/2025 08:52,10
4/28/2025 09:52,10
4/28/2025 10:52,10
4/28/2025 11:52,10
4/28/2025 12:52,10
4/28/2025 13:52,10
4/28/2025 14:52,10
4/28/2025 15:52,10
4/28/2025 16:52,10
4/28/2025 17:52,10
4/28/2025 18:52,10
4/28/2025 19:52,10
4/28/2025 20:52,10
4/28/2025 21:52,10
4/28/2025 22:52,10
4/28/2025 23:52,10
4/29/2025 00:52,10
4/29/2025 01:52,10
4/29/2025 02:52,10
4/29/2025 03:52,10
4/29/2025 04:52,10
4/29/2025 05:52,10
4/29/2025 06:52,10
4/29/2025 07:52,10
4/29/2025 08:52,10
4/29/2025 09:52,10
4/29/2025 10:52,10
4/29/2025 11:52,10
4/29/2025 12:52,10
4/29/2025 13:52,10
4/29/2025 14:52,10
4/29/2025 15:52,10
4/29/2025 16:52,10
4/29/2025 17:52,10
4/29/2025 18:52,10
4/29/2025 19:52,10
4/29/2025 20:52,10
4/29/2025 21:52,10
4/29/2025 22:52,10
4/29/2025 23:52,10
4/30/2025 00:52,10
4/30/2025 01:52,10
4/30/2025 02:52,7
4/30/2025 03:52,10
4/30/2025 04:52,10
4/30/2025 06:52,10
4/30/2025 07:52,10
4/30/2025 08:52,10
4/30/2025 09:52,10
4/30/2025 10:52,10
4/30/2025 11:52,10
4/30/2025 12:52,10
4/30/2025 13:52,10
4/30/2025 14:52,10
4/30/2025 15:52,10
4/30/2025 16:52,10
4/30/2025 17:52,10
4/30/2025 18:52,10
4/30/2025 19:52,10
4/30/2025 20:52,10
4/30/2025 21:52,10
4/30/2025 22:52,10
4/30/2025 23:52,10
5/1/2025 00:52,10
5/1/2025 01:52,10
5/1/2025 02:52,10
5/1/2025 03:52,10
5/1/2025 04:52,10
5/1/2025 05:52,10
5/1/2025 06:52,10
5/1/2025 07:52,10
5/1/2025 08:52,10
5/1/2025 09:52,10
5/1/2025 10:52,10
5/1/2025 11:52,10
5/1/2025 12:52,10
5/1/2025 13:52,10
5/1/2025 14:52,10
5/1/2025 15:52,10
5/1/2025 16:52,10
5/1/2025 17:52,10
5/1/2025 18:52,10
5/1/2025 19:52,10
5/1/2025 20:52,10
5/1/2025 21:52,10
5/1/2025 22:52,10
5/1/2025 23:52,10
5/2/2025 00:52,10
5/2/2025 01:52,10
5/2/2025 02:52,9
5/2/2025 03:52,10
5/2/2025 04:52,10
5/2/2025 05:52,10
5/2/2025 06:52,10
5/2/2025 07:52,10
5/2/2025 08:52,10
5/2/2025 09:52,10
5/2/2025 10:52,10
5/2/2025 11:52,10
5/2/2025 12:52,10
5/2/2025 13:52,10
5/2/2025 14:52,10
5/2/2025 15:52,10
5/2/2025 16:52,10
5/2/2025 17:52,10
5/2/2025 18:52,10
5/2/2025 19:52,10
5/2/2025 20:52,10
5/2/2025 21:52,10
5/2/2025 22:52,10
5/2/2025 23:52,10
5/3/2025 00:52,10
5/3/2025 01:52,10
5/3/2025 02:52,10
5/3/2025 03:52,10
5/3/2025 04:52,10
5/3/2025 05:52,10
5/3/2025 06:52,10
5/3/2025 07:52,10
5/3/2025 08:52,10
5/3/2025 09:52,10
5/3/2025 10:52,10
5/3/2025 11:52,10
5/3/2025 12:52,10
5/3/2025 13:52,10
5/3/2025 14:52,10
5/3/2025 15:52,10
5/3/2025 16:52,10
5/3/2025 17:52,10
5/3/2025 18:52,10
5/3/2025 19:52,10
5/3/2025 20:52,10
5/3/2025 21:52,10
5/3/2025 22:52,10
5/3/2025 23:52,10
5/4/2025 00:52,3
5/4/2025 01:52,5
5/4/2025 02:52,10
5/4/2025 03:52,10
5/4/2025 04:52,10
5/4/2025 05:52,10
5/4/2025 06:52,7
5/4/2025 07:52,6
5/4/2025 08:52,10
5/4/2025 09:52,10
5/4/2025 10:52,10
5/4/2025 11:52,10
5/4/2025 12:52,10
5/4/2025 13:52,10
5/4/2025 14:52,10
5/4/2025 15:52,10
5/4/2025 16:52,10
5/4/2025 17:52,10
5/4/2025 18:52,10
5/4/2025 19:52,10
5/4/2025 20:52,10
5/4/2025 21:52,10
5/4/2025 22:52,10
5/4/2025 23:52,10
5/5/2025 00:52,10
5/5/2025 01:52,10
5/5/2025 02:52,10
5/5/2025 03:52,10
5/5/2025 04:52,10
5/5/2025 05:52,10
5/5/2025 06:52,6
5/5/2025 07:52,10
5/5/2025 08:52,10
5/5/2025 09:52,10
5/5/2025 10:52,10
5/5/2025 11:52,10
5/5/2025 12:52,7
5/5/2025 13:52,7
5/5/2025 14:52,10
5/5/2025 15:52,10
5/5/2025 16:52,10
5/5/2025 17:52,10
5/5/2025 18:52,10
5/5/2025 19:52,6
5/5/2025 20:52,10
5/5/2025 21:52,10
5/5/2025 22:52,10
5/5/2025 23:52,10
5/6/2025 00:52,10
5/6/2025 01:52,10
5/6/2025 02:52,10
5/6/2025 03:52,10
5/6/2025 04:52,7
5/6/2025 05:52,10
5/6/2025 06:52,10
5/6/2025 07:52,10
5/6/2025 08:52,10
5/6/2025 09:52,10
5/6/2025 10:52,10
5/6/2025 11:52,10
5/6/2025 12:52,10
5/6/2025 13:52,10
5/6/2025 14:52,7
5/6/2025 15:52,10
5/6/2025 16:52,10
5/6/2025 17:52,10
5/6/2025 18:52,10
5/6/2025 19:52,10
5/6/2025 20:52,10
5/6/2025 21:52,10
5/6/2025 22:52,10
5/6/2025 23:52,10
5/7/2025 00:52,10
5/7/2025 01:52,10
5/7/2025 02:52,10
5/7/2025 03:52,10
5/7/2025 04:52,10
5/7/2025 05:52,10
5/7/2025 06:52,10
5/7/2025 07:52,10
5/7/2025 08:52,10
5/7/2025 09:52,10
5/7/2025 10:52,10
5/7/2025 11:52,10
5/7/2025 12:52,10
5/7/2025 13:52,10
5/7/2025 14:52,10
5/7/2025 15:52,10
5/7/2025 16:52,10
5/7/2025 17:52,10
5/7/2025 18:52,10
5/7/2025 19:52,10
5/7/2025 20:52,10
5/7/2025 21:52,10
5/7/2025 22:52,10
5/7/2025 23:52,10
5/8/2025 00:52,10
5/8/2025 01:52,10
5/8/2025 02:52,10
5/8/2025 03:52,10
5/8/2025 04:52,10
5/8/2025 05:52,10
5/8/2025 06:52,10
5/8/2025 07:52,10
5/8/2025 08:52,10
5/8/2025 09:52,10
5/8/2025 10:52,10
5/8/2025 11:52,10
5/8/2025 12:52,10
5/8/2025 13:52,10
5/8/2025 14:52,10
5/8/2025 15:52,9
5/8/2025 16:52,10
5/8/2025 17:52,10
5/8/2025 18:52,10
5/8/2025 19:52,10
5/8/2025 20:52,10
5/8/2025 21:52,10
5/8/2025 22:52,10
5/8/2025 23:52,10
5/9/2025 00:52,10
5/9/2025 01:52,6
5/9/2025 02:52,7
5/9/2025 03:52,5
5/9/2025 04:52,10
5/9/2025 05:52,10
5/9/2025 06:52,10
5/9/2025 07:52,7
5/9/2025 08:52,7
5/9/2025 09:52,7
5/9/2025 10:52,10
5/9/2025 11:52,7
5/9/2025 12:52,7
5/9/2025 13:52,10
5/9/2025 14:52,10
5/9/2025 15:52,10
5/9/2025 16:52,10
5/9/2025 17:52,10
5/9/2025 18:52,10
5/9/2025 19:52,10
5/9/2025 20:52,10
5/9/2025 21:52,10
5/9/2025 22:52,10
5/9/2025 23:52,10
5/10/2025 00:52,10
5/10/2025 01:52,10
5/10/2025 02:52,10
5/10/2025 03:52,10
5/10/2025 04:52,10
5/10/2025 05:52,10
5/10/2025 06:52,10
5/10/2025 07:52,10
5/10/2025 08:52,10
5/10/2025 09:52,10
5/10/2025 10:52,10
5/10/2025 11:52,10
5/10/2025 12:52,10
5/10/2025 13:52,10
5/10/2025 14:52,10
5/10/2025 15:52,10
5/10/2025 16:52,10
5/10/2025 17:52,10
5/10/2025 18:52,10
5/10/2025 19:52,10
5/10/2025 20:52,10
5/10/2025 21:52,10
5/10/2025 22:52,10
5/10/2025 23:52,10
5/11/2025 00:52,10
5/11/2025 01:52,10
5/11/2025 02:52,10
5/11/2025 03:52,10
5/11/2025 04:52,10
5/11/2025 05:52,10
5/11/2025 06:52,10
5/11/2025 07:52,10
5/11/2025 08:52,10
5/11/2025 09:52,10
5/11/2025 10:52,10
5/11/2025 11:52,10
5/11/2025 12:52,10
5/11/2025 13:52,10
5/11/2025 14:52,10
5/11/2025 15:52,10
5/11/2025 16:52,10
5/11/2025 17:52,10
5/11/2025 18:52,10
5/11/2025 19:52,10
5/11/2025 20:52,10
5/11/2025 21:52,10
5/11/2025 22:52,10
5/11/2025 23:52,10
5/12/2025 00:52,10
5/12/2025 01:52,10
5/12/2025 02:52,10
5/12/2025 03:52,10
5/12/2025 04:52,10
5/12/2025 05:52,10
5/12/2025 06:52,10
5/12/2025 07:52,10
5/12/2025 08:52,10
5/12/2025 09:52,10
5/12/2025 10:52,10
5/12/2025 11:52,10
5/12/2025 12:52,10
5/12/2025 13:52,10
5/12/2025 14:52,10
5/12/2025 15:52,10
5/12/2025 16:52,10
5/12/2025 17:52,10
5/12/2025 18:52,10
5/12/2025 19:52,10
5/12/2025 20:52,10
5/12/2025 21:52,10
5/12/2025 22:52,10
5/12/2025 23:52,10
5/13/2025 00:52,10
5/13/2025 01:52,10
5/13/2025 02:52,7
5/13/2025 03:52,10
5/13/2025 04:52,10
5/13/2025 05:52,6
5/13/2025 06:52,6
5/13/2025 07:52,5
5/13/2025 08:52,3
5/13/2025 09:52,3
5/13/2025 10:52,3
5/13/2025 11:52,10
5/13/2025 12:52,6
5/13/2025 13:52,8
5/13/2025 14:52,10
5/13/2025 15:52,4
5/13/2025 16:52,3
5/13/2025 17:52,2.5
5/13/2025 18:52,10
5/13/2025 19:52,3
5/13/2025 20:52,5
5/13/2025 21:52,10
5/13/2025 22:52,7
5/13/2025 23:52,10
5/14/2025 00:52,4
5/14/2025 01:52,10
5/14/2025 02:52,10
5/14/2025 03:52,10
5/14/2025 04:52,5
5/14/2025 05:52,4
5/14/2025 06:52,2
5/14/2025 07:52,7
5/14/2025 08:52,3
5/14/2025 09:52,8
5/14/2025 10:52,8
5/14/2025 11:52,10
5/14/2025 12:52,10
5/14/2025 13:52,10
5/14/2025 14:52,10
5/14/2025 15:52,10
5/14/2025 16:52,10
5/14/2025 17:52,10
5/14/2025 18:52,10
5/14/2025 19:52,10
5/14/2025 20:52,10
5/14/2025 21:52,10
5/14/2025 22:52,9
5/14/2025 23:52,6
5/15/2025 00:52,7
5/15/2025 01:52,7
5/15/2025 02:52,8
5/15/2025 03:52,7
5/15/2025 04:52,6
5/15/2025 05:52,6
5/15/2025 06:52,4
5/15/2025 07:52,4
5/15/2025 08:52,6
5/15/2025 09:52,10
5/15/2025 10:52,10
5/15/2025 11:52,10
5/15/2025 12:52,10
5/15/2025 13:52,10
5/15/2025 14:52,10
5/15/2025 15:52,10
5/15/2025 16:52,10
5/15/2025 17:52,10
5/15/2025 18:52,10
5/15/2025 19:52,10
5/15/2025 20:52,10
5/15/2025 21:52,10
5/15/2025 22:52,10
5/15/2025 23:52,10
5/16/2025 00:52,10
5/16/2025 01:52,10
5/16/2025 02:52,10
5/16/2025 03:52,10
5/16/2025 04:52,10
5/16/2025 05:52,9
5/16/2025 06:52,9
5/16/2025 07:52,8
5/16/2025 08:52,9
5/16/2025 09:52,10
5/16/2025 10:52,10
5/16/2025 11:52,10
5/16/2025 12:52,10
5/16/2025 13:52,10
5/16/2025 14:52,10
5/16/2025 15:52,10
5/16/2025 16:52,10
5/16/2025 17:52,10
5/16/2025 18:52,10
5/16/2025 19:52,10
5/16/2025 20:52,10
5/16/2025 21:52,10
5/16/2025 22:52,10
5/16/2025 23:52,10
5/17/2025 00:52,10
5/17/2025 01:52,10
5/17/2025 03:52,10
5/17/2025 04:52,10
5/17/2025 05:52,10
5/17/2025 06:52,10
5/17/2025 07:52,10
5/17/2025 08:52,10
5/17/2025 09:52,10
5/17/2025 10:52,10
5/17/2025 11:52,10
5/17/2025 12:52,10
5/17/2025 13:52,10
5/17/2025 14:52,10
5/17/2025 15:52,10
5/17/2025 16:52,10
5/17/2025 17:52,10
5/17/2025 18:52,10
5/17/2025 19:52,10
5/17/2025 20:52,10
5/17/2025 21:52,10
5/17/2025 22:52,10
5/17/2025 23:52,10
5/18/2025 00:52,10
5/18/2025 01:52,10
5/18/2025 02:52,10
5/18/2025 03:52,10
5/18/2025 04:52,10
5/18/2025 05:52,10
5/18/2025 06:52,10
5/18/2025 07:52,10
5/18/2025 08:52,10
5/18/2025 09:52,10
5/18/2025 10:52,10
5/18/2025 11:52,10
5/18/2025 12:52,10
5/18/2025 13:52,10
5/18/2025 14:52,10
5/18/2025 15:52,10
5/18/2025 16:52,10
5/18/2025 17:52,10
5/18/2025 18:52,10
5/18/2025 19:52,10
5/18/2025 20:52,10
5/18/2025 21:52,10
5/18/2025 22:52,10
5/18/2025 23:52,10
5/19/2025 00:52,10
5/19/2025 01:52,10
5/19/2025 02:52,10
5/19/2025 03:52,10
5/19/2025 04:52,10
5/19/2025 05:52,10
5/19/2025 06:52,10
5/19/2025 07:52,10
5/19/2025 08:52,10
5/19/2025 09:52,10
5/19/2025 10:52,10
5/19/2025 11:52,10
5/19/2025 12:52,10
5/19/2025 13:52,10
5/19/2025 14:52,10
5/19/2025 15:52,10
5/19/2025 16:52,10
5/19/2025 17:52,10
5/19/2025 18:52,10
5/19/2025 19:52,10
5/19/2025 20:52,10
5/19/2025 21:52,10
5/19/2025 22:52,10
5/19/2025 23:52,10
5/20/2025 00:52,10
5/20/2025 01:52,10
5/20/2025 02:52,10
5/20/2025 03:52,10
5/20/2025 04:52,10
5/20/2025 05:52,10
5/20/2025 06:52,10
5/20/2025 07:52,10
5/20/2025 08:52,10
5/20/2025 09:52,10
5/20/2025 10:52,10
5/20/2025 11:52,10
5/20/2025 12:52,10
5/20/2025 13:52,10
5/20/2025 14:52,10
5/20/2025 15:52,10
5/20/2025 16:52,10
5/20/2025 17:52,10
5/20/2025 18:52,10
5/20/2025 19:52,10
5/20/2025 20:52,10
5/20/2025 21:52,10
5/20/2025 22:52,10
5/20/2025 23:52,10
5/21/2025 00:52,10
5/21/2025 01:52,10
5/21/2025 02:52,10
5/21/2025 03:52,10
5/21/2025 04:52,10
5/21/2025 05:52,10
5/21/2025 06:52,5
5/21/2025 07:52,10
5/21/2025 08:52,3
5/21/2025 09:52,10
5/21/2025 10:52,7
5/21/2025 11:52,2
5/21/2025 12:52,10
5/21/2025 13:52,10
5/21/2025 14:52,10
5/21/2025 15:52,8
5/21/2025 16:52,10
5/21/2025 17:52,1.5
5/21/2025 18:52,2
5/21/2025 19:52,2
5/21/2025 20:52,10
5/21/2025 21:52,10
5/21/2025 22:52,10
5/21/2025 23:52,6
5/22/2025 00:52,6
5/22/2025 01:52,6
5/22/2025 02:52,10
5/22/2025 03:52,6
5/22/2025 04:52,3
5/22/2025 05:52,1
5/22/2025 06:52,1.25
5/22/2025 07:52,3
5/22/2025 08:52,6
5/22/2025 09:52,8
5/22/2025 10:52,10
5/22/2025 11:52,10
5/22/2025 12:52,10
5/22/2025 13:52,10
5/22/2025 14:52,10
5/22/2025 15:52,10
5/22/2025 16:52,10
5/22/2025 17:52,10
5/22/2025 18:52,10
5/22/2025 19:52,10
5/22/2025 20:52,10
5/22/2025 21:52,10
5/22/2025 22:52,10
5/22/2025 23:52,10
5/23/2025 00:52,10
5/23/2025 01:52,10
5/23/2025 02:52,10
5/23/2025 03:52,10
5/23/2025 04:52,10
5/23/2025 05:52,10
5/23/2025 06:52,10
5/23/2025 07:52,10
5/23/2025 08:52,10
5/23/2025 09:52,10
5/23/2025 10:52,10
5/23/2025 11:52,10
5/23/2025 12:52,10
5/23/2025 13:52,10
5/23/2025 14:52,10
5/23/2025 15:52,10
5/23/2025 16:52,10
5/23/2025 17:52,10
5/23/2025 18:52,10
5/23/2025 19:52,10
5/23/2025 20:52,10
5/23/2025 21:52,10
5/23/2025 22:52,10
5/23/2025 23:52,10
5/24/2025 00:52,10
5/24/2025 01:52,10
5/24/2025 02:52,10
5/24/2025 03:52,10
5/24/2025 04:52,10
5/24/2025 05:52,10
5/24/2025 06:52,10
5/24/2025 07:52,10
5/24/2025 08:52,10
5/24/2025 09:52,10
5/24/2025 10:52,10
5/24/2025 11:52,10
5/24/2025 12:52,10
5/24/2025 13:52,10
5/24/2025 14:52,10
5/24/2025 15:52,10
5/24/2025 16:52,10
5/24/2025 17:52,10
5/24/2025 18:52,10
5/24/2025 19:52,10
5/24/2025 20:52,10
5/24/2025 21:52,10
5/24/2025 22:52,10
5/24/2025 23:52,10
5/25/2025 00:52,10
5/25/2025 01:52,10
5/25/2025 02:52,10
5/25/2025 03:52,10
5/25/2025 04:52,10
5/25/2025 05:52,10
5/25/2025 06:52,10
5/25/2025 07:52,10
5/25/2025 08:52,10
5/25/2025 09:52,10
5/25/2025 10:52,10
5/25/2025 11:52,10
5/25/2025 12:52,10
5/25/2025 13:52,10
5/25/2025 14:52,10
5/25/2025 15:52,10
5/25/2025 16:52,10
5/25/2025 17:52,10
5/25/2025 18:52,10
5/25/2025 19:52,10
5/25/2025 20:52,10
5/25/2025 21:52,10
5/25/2025 22:52,10
5/25/2025 23:52,10
5/26/2025 00:52,10
5/26/2025 01:52,10
5/26/2025 02:52,10
5/26/2025 03:52,10
5/26/2025 04:52,10
5/26/2025 05:52,10
5/26/2025 06:52,10
5/26/2025 07:52,10
5/26/2025 08:52,10
5/26/2025 09:52,10
5/26/2025 10:52,10
5/26/2025 11:52,10
5/26/2025 12:52,10
5/26/2025 13:52,10
5/26/2025 14:52,10
5/26/2025 15:52,10
5/26/2025 16:52,10
5/26/2025 17:52,10
5/26/2025 18:52,10
5/26/2025 19:52,10
5/26/2025 20:52,10
5/26/2025 21:52,10
5/26/2025 22:52,10
5/26/2025 23:52,10
5/27/2025 00:52,10
5/27/2025 01:52,10
5/27/2025 02:52,10
5/27/2025 03:52,10
5/27/2025 04:52,10
5/27/2025 05:52,10
5/27/2025 06:52,10
5/27/2025 07:52,10
5/27/2025 08:52,10
5/27/2025 09:52,10
5/27/2025 10:52,10
5/27/2025 11:52,10
5/27/2025 12:52,10
5/27/2025 13:52,10
5/27/2025 14:52,10
5/27/2025 15:52,10
5/27/2025 16:52,10
5/27/2025 17:52,10
5/27/2025 18:52,10
5/27/2025 19:52,8
5/27/2025 20:52,10
5/27/2025 21:52,9
5/27/2025 22:52,10
5/27/2025 23:52,7
5/28/2025 00:52,8
5/28/2025 01:52,7
5/28/2025 02:52,7
5/28/2025 03:52,7
5/28/2025 04:52,6
5/28/2025 05:52,6
5/28/2025 06:52,3
5/28/2025 07:52,4
5/28/2025 08:52,5
5/28/2025 09:52,8
5/28/2025 10:52,7
5/28/2025 11:52,2
5/28/2025 12:52,2
5/28/2025 13:52,2
5/28/2025 14:52,1
5/28/2025 15:52,1
5/28/2025 16:52,1
5/28/2025 17:52,1
5/28/2025 18:52,5
5/28/2025 19:52,7
5/28/2025 20:52,9
5/28/2025 21:52,2
5/28/2025 22:52,7
5/28/2025 23:52,10
5/29/2025 00:52,10
5/29/2025 01:52,10
5/29/2025 02:52,9
5/29/2025 03:52,10
5/29/2025 04:52,10
5/29/2025 05:52,10
5/29/2025 06:52,10
5/29/2025 07:52,10
5/29/2025 08:52,10
5/29/2025 09:52,10
5/29/2025 10:52,10
5/29/2025 12:52,10
5/29/2025 13:52,10
5/29/2025 14:52,10
5/29/2025 15:52,10
5/29/2025 16:52,10
5/29/2025 17:52,10
5/29/2025 18:52,10
5/29/2025 19:52,10
5/29/2025 20:52,10
5/29/2025 21:52,10
5/29/2025 22:52,10
5/29/2025 23:52,10
5/30/2025 00:52,10
5/30/2025 01:52,10
5/30/2025 02:52,10
5/30/2025 03:52,10
5/30/2025 04:52,10
5/30/2025 05:52,0.5
5/30/2025 06:52,0.5
5/30/2025 07:52,10
5/30/2025 08:52,10
5/30/2025 09:52,10
5/30/2025 10:52,10
5/30/2025 11:52,10
5/30/2025 12:52,10
5/30/2025 13:52,10
5/30/2025 15:52,10
5/30/2025 16:52,10
5/30/2025 17:52,4
5/30/2025 18:52,10
5/30/2025 19:52,4
5/30/2025 20:52,10
5/30/2025 21:52,10
5/30/2025 22:52,10
5/30/2025 23:52,10
5/31/2025 00:52,1.75
5/31/2025 01:52,4
5/31/2025 02:52,10
5/31/2025 03:52,10
5/31/2025 04:52,10
5/31/2025 05:52,10
5/31/2025 06:52,10
5/31/2025 07:52,10
5/31/2025 08:52,10
5/31/2025 09:52,10
5/31/2025 10:52,10
5/31/2025 11:52,10
5/31/2025 12:52,10
5/31/2025 13:52,10
5/31/2025 14:52,10
5/31/2025 15:52,10
5/31/2025 16:52,10
5/31/2025 17:52,10
5/31/2025 18:52,10
5/31/2025 19:52,10
5/31/2025 20:52,10
5/31/2025 21:52,10
5/31/2025 22:52,10
5/31/2025 23:52,10
6/1/2025 00:52,10
6/1/2025 01:52,10
6/1/2025 02:52,10
6/1/2025 03:52,10
6/1/2025 04:52,10
6/1/2025 05:52,10
6/1/2025 06:52,10
6/1/2025 07:52,10
6/1/2025 08:52,10
6/1/2025 09:52,10
6/1/2025 10:52,10
6/1/2025 11:52,10
6/1/2025 12:52,10
6/1/2025 13:52,10
6/1/2025 14:52,10
6/1/2025 15:52,10
6/1/2025 16:52,10
6/1/2025 17:52,10
6/1/2025 18:52,10
6/1/2025 19:52,10
6/1/2025 20:52,10
6/1/2025 21:52,10
6/1/2025 22:52,10
6/1/2025 23:52,10
6/2/2025 00:52,10
6/2/2025 01:52,10
6/2/2025 02:52,10
6/2/2025 03:52,10
6/2/2025 04:52,10
6/2/2025 05:52,10
6/2/2025 06:52,10
6/2/2025 07:52,10
6/2/2025 08:52,10
6/2/2025 09:52,10
6/2/2025 10:52,10
6/2/2025 11:52,10
6/2/2025 12:52,10
6/2/2025 13:52,10
6/2/2025 14:52,10
6/2/2025 15:52,10
6/2/2025 16:52,10
6/2/2025 17:52,10
6/2/2025 18:52,10
6/2/2025 19:52,10
6/2/2025 20:52,10
6/2/2025 21:52,10
6/2/2025 22:52,10
6/2/2025 23:52,10
6/3/2025 00:52,10
6/3/2025 01:52,10
6/3/2025 02:52,10
6/3/2025 03:52,10
6/3/2025 04:52,10
6/3/2025 05:52,10
6/3/2025 06:52,10
6/3/2025 07:52,10
6/3/2025 08:52,10
6/3/2025 09:52,10
6/3/2025 10:52,10
6/3/2025 11:52,10
6/3/2025 12:52,10
6/3/2025 13:52,10
6/3/2025 14:52,10
6/3/2025 15:52,10
6/3/2025 16:52,10
6/3/2025 17:52,10
6/3/2025 18:52,10
6/3/2025 19:52,10
6/3/2025 20:52,10
6/3/2025 21:52,10
6/3/2025 22:52,10
6/3/2025 23:52,10
6/4/2025 00:52,10
6/4/2025 01:52,10
6/4/2025 02:52,10
6/4/2025 03:52,10
6/4/2025 04:52,10
6/4/2025 05:52,10
6/4/2025 06:52,10
6/4/2025 07:52,10
6/4/2025 08:52,10
6/4/2025 09:52,10
6/4/2025 10:52,10
6/4/2025 11:52,10
6/4/2025 12:52,10
6/4/2025 13:52,10
6/4/2025 14:52,10
6/4/2025 15:52,10
6/4/2025 16:52,10
6/4/2025 17:52,10
6/4/2025 18:52,10
6/4/2025 19:52,10
6/4/2025 20:52,10
6/4/2025 21:52,10
6/4/2025 22:52,10
6/4/2025 23:52,10
6/5/2025 00:52,10
6/5/2025 01:52,10
6/5/2025 02:52,10
6/5/2025 03:52,10
6/5/2025 04:52,10
6/5/2025 05:52,10
6/5/2025 06:52,10
6/5/2025 07:52,10
6/5/2025 08:52,10
6/5/2025 09:52,10
6/5/2025 10:52,10
6/5/2025 11:52,10
6/5/2025 12:52,10
6/5/2025 13:52,10
6/5/2025 14:52,10
6/5/2025 15:52,10
6/5/2025 16:52,10
6/5/2025 17:52,10
6/5/2025 18:52,10
6/5/2025 19:52,10
6/5/2025 20:52,10
6/5/2025 21:52,10
6/5/2025 22:52,10
6/5/2025 23:52,10
6/6/2025 00:52,10
6/6/2025 01:52,10
6/6/2025 02:52,10
6/6/2025 03:52,10
6/6/2025 04:52,10
6/6/2025 05:52,7
6/6/2025 06:52,10
6/6/2025 07:52,10
6/6/2025 08:52,10
6/6/2025 09:52,10
6/6/2025 10:52,10
6/6/2025 11:52,10
6/6/2025 12:52,10
6/6/2025 13:52,10
6/6/2025 14:52,10
6/6/2025 15:52,8
6/6/2025 16:52,10
6/6/2025 17:52,10
6/6/2025 18:52,10
6/6/2025 19:52,5
6/6/2025 20:52,10
6/6/2025 21:52,9
6/6/2025 22:52,10
6/6/2025 23:52,10
6/7/2025 00:52,8
6/7/2025 01:52,10
6/7/2025 02:52,10
6/7/2025 03:52,6
6/7/2025 04:52,10
6/7/2025 05:52,2.5
6/7/2025 06:52,4
6/7/2025 07:52,10
6/7/2025 08:52,4
6/7/2025 09:52,7
6/7/2025 10:52,10
6/7/2025 11:52,10
6/7/2025 12:52,10
6/7/2025 13:52,10
6/7/2025 14:52,10
6/7/2025 15:52,10
6/7/2025 16:52,10
6/7/2025 17:52,10
6/7/2025 18:52,10
6/7/2025 19:52,10
6/7/2025 20:52,10
6/7/2025 21:52,10
6/7/2025 22:52,10
6/7/2025 23:52,10
6/8/2025 00:52,10
6/8/2025 01:52,10
6/8/2025 02:52,10
6/8/2025 03:52,10
6/8/2025 04:52,9
6/8/2025 05:52,8
6/8/2025 06:52,7
6/8/2025 07:52,7
6/8/2025 08:52,8
6/8/2025 09:52,10
6/8/2025 10:52,9
6/8/2025 11:52,3
6/8/2025 12:52,7
6/8/2025 13:52,1
6/8/2025 14:52,9
6/8/2025 15:52,9
6/8/2025 16:52,7
6/8/2025 17:52,10
6/8/2025 18:52,10
6/8/2025 19:52,7
6/8/2025 20:52,7
6/8/2025 21:52,10
6/8/2025 22:52,9
6/8/2025 23:52,8
6/9/2025 00:52,8
6/9/2025 01:52,6
6/9/2025 02:52,2
6/9/2025 03:52,3
6/9/2025 04:52,6
6/9/2025 05:52,3
6/9/2025 06:52,0.5
6/9/2025 07:52,2.5
6/9/2025 08:52,10
6/9/2025 09:52,10
6/9/2025 10:52,10
6/9/2025 11:52,10
6/9/2025 12:52,10
6/9/2025 13:52,10
6/9/2025 14:52,10
6/9/2025 15:52,10
6/9/2025 16:52,10
6/9/2025 17:52,10
6/9/2025 18:52,10
6/9/2025 19:52,10
6/9/2025 20:52,10
6/9/2025 21:52,10
6/9/2025 22:52,10
6/9/2025 23:52,10
6/10/2025 00:52,10
6/10/2025 01:52,10
6/10/2025 02:52,10
6/10/2025 03:52,10
6/10/2025 04:52,10
6/10/2025 05:52,10
6/10/2025 06:52,10
6/10/2025 07:52,10
6/10/2025 08:52,10
6/10/2025 09:52,10
6/10/2025 10:52,10
6/10/2025 11:52,10
6/10/2025 12:52,10
6/10/2025 13:52,10
6/10/2025 14:52,10
6/10/2025 15:52,10
6/10/2025 16:52,10
6/10/2025 17:52,10
6/10/2025 18:52,10
6/10/2025 19:52,10
6/10/2025 20:52,10
6/10/2025 21:52,10
6/10/2025 22:52,4
6/10/2025 23:52,9
6/11/2025 00:52,7
6/11/2025 01:52,6
6/11/2025 02:52,7
6/11/2025 03:52,5
6/11/2025 04:52,8
6/11/2025 05:52,9
6/11/2025 06:52,9
6/11/2025 07:52,10
6/11/2025 08:52,10
6/11/2025 09:52,10
6/11/2025 10:52,10
6/11/2025 11:52,10
6/11/2025 12:52,10
6/11/2025 13:52,10
6/11/2025 14:52,10
6/11/2025 15:52,10
6/11/2025 16:52,10
6/11/2025 17:52,10
6/11/2025 18:52,10
6/11/2025 19:52,10
6/11/2025 20:52,10
6/11/2025 21:52,10
6/11/2025 22:52,10
6/11/2025 23:52,10
6/12/2025 00:52,10
6/12/2025 01:52,10
6/12/2025 02:52,10
6/12/2025 03:52,10
6/12/2025 04:52,9
6/12/2025 05:52,10
6/12/2025 06:52,9
6/12/2025 07:52,10
6/12/2025 08:52,10
6/12/2025 09:52,10
6/12/2025 10:52,10
6/12/2025 11:52,10
6/12/2025 12:52,10
6/12/2025 13:52,10
6/12/2025 14:52,10
6/12/2025 15:52,10
6/12/2025 16:52,10
6/12/2025 17:52,10
6/12/2025 18:52,10
6/12/2025 19:52,10
6/12/2025 20:52,10
6/12/2025 21:52,10
6/12/2025 22:52,10
6/12/2025 23:52,10
6/13/2025 00:52,10
6/13/2025 01:52,10
6/13/2025 02:52,10
6/13/2025 03:52,10
6/13/2025 04:52,10
6/13/2025 05:52,9
6/13/2025 06:52,7
6/13/2025 07:52,9
6/13/2025 08:52,10
6/13/2025 09:52,9
6/13/2025 10:52,10
6/13/2025 11:52,10
6/13/2025 12:52,10
6/13/2025 13:52,10
6/13/2025 14:52,10
6/13/2025 15:52,10
6/13/2025 16:52,10
6/13/2025 17:52,9
6/13/2025 18:52,10
6/13/2025 19:52,8
6/13/2025 20:52,10
6/13/2025 21:52,10
6/13/2025 22:52,10
6/13/2025 23:52,10
6/14/2025 00:52,10
6/14/2025 01:52,10
6/14/2025 02:52,10
6/14/2025 03:52,10
6/14/2025 04:52,10
6/14/2025 05:52,10
6/14/2025 06:52,10
6/14/2025 07:52,10
6/14/2025 08:52,10
6/14/2025 09:52,10
6/14/2025 10:52,10
6/14/2025 11:52,10
6/14/2025 12:52,10
6/14/2025 13:52,10
6/14/2025 14:52,10
6/14/2025 15:52,10
6/14/2025 16:52,10
6/14/2025 17:52,10
6/14/2025 18:52,10
6/14/2025 19:52,10
6/14/2025 20:52,10
6/14/2025 21:52,10
6/14/2025 22:52,5
6/14/2025 23:52,0.5
6/15/2025 00:52,6
6/15/2025 01:52,10
6/15/2025 02:52,10
6/15/2025 03:52,5
6/15/2025 04:52,3
6/15/2025 05:52,1.25
6/15/2025 06:52,1.5
6/15/2025 07:52,10
6/15/2025 08:52,10
6/15/2025 09:52,3
6/15/2025 10:52,5
6/15/2025 11:52,6
6/15/2025 12:52,6
6/15/2025 13:52,3
6/15/2025 14:52,6
6/15/2025 15:52,8
6/15/2025 16:52,7
6/15/2025 17:52,10
6/15/2025 18:52,4
6/15/2025 19:52,4
6/15/2025 20:52,1.25
6/15/2025 21:52,1.5
6/15/2025 22:52,10
6/15/2025 23:52,10
6/16/2025 00:52,6
6/16/2025 01:52,3
6/16/2025 02:52,3
6/16/2025 03:52,6
6/16/2025 04:52,10
6/16/2025 05:52,2
6/16/2025 06:52,1.5
6/16/2025 07:52,2.5
6/16/2025 08:52,5
6/16/2025 09:52,10
6/16/2025 10:52,10
6/16/2025 11:52,10
6/16/2025 12:52,10
6/16/2025 13:52,4
6/16/2025 14:52,5
6/16/2025 15:52,2
6/16/2025 16:52,4
6/16/2025 17:52,8
6/16/2025 18:52,2.5
6/16/2025 19:52,10
6/16/2025 20:52,10
6/16/2025 21:52,7
6/16/2025 22:52,10
6/16/2025 23:52,10
6/17/2025 00:52,2.5
6/17/2025 01:52,2
6/17/2025 02:52,2.5
6/17/2025 03:52,2.5
6/17/2025 04:52,3
6/17/2025 05:52,1
6/17/2025 06:52,1
6/17/2025 07:52,1.75
6/17/2025 08:52,2
6/17/2025 09:52,5
6/17/2025 10:52,8
6/17/2025 11:52,10
6/17/2025 12:52,8
6/17/2025 13:52,10
6/17/2025 14:52,10
6/17/2025 15:52,10
6/17/2025 16:52,10
6/17/2025 17:52,10
6/17/2025 18:52,10
6/17/2025 19:52,10
6/17/2025 20:52,10
6/17/2025 21:52,10
6/17/2025 22:52,10
6/17/2025 23:52,10
6/18/2025 00:52,9
6/18/2025 01:52,6
6/18/2025 02:52,4
6/18/2025 03:52,2.5
6/18/2025 04:52,2
6/18/2025 05:52,1
6/18/2025 06:52,0.75
6/18/2025 07:52,0.75
6/18/2025 08:52,2
6/18/2025 09:52,7
6/18/2025 10:52,10
6/18/2025 11:52,10
6/18/2025 12:52,10
6/18/2025 13:52,10
6/18/2025 14:52,3
6/18/2025 15:52,10
6/18/2025 16:52,10
6/18/2025 17:52,10
6/18/2025 18:52,10
6/18/2025 19:52,10
6/18/2025 20:52,10
6/18/2025 21:52,10
6/18/2025 22:52,10
6/18/2025 23:52,10
6/19/2025 00:52,10
6/19/2025 01:52,10
6/19/2025 02:52,10
6/19/2025 03:52,10
6/19/2025 04:52,10
6/19/2025 05:52,10
6/19/2025 06:52,10
6/19/2025 07:52,10
6/19/2025 08:52,10
6/19/2025 09:52,10
6/19/2025 10:52,10
6/19/2025 11:52,10
6/19/2025 12:52,10
6/19/2025 13:52,10
6/19/2025 14:52,10
6/19/2025 16:52,7
6/19/2025 17:52,10
6/19/2025 18:52,10
6/19/2025 19:52,10
6/19/2025 20:52,10
6/19/2025 21:52,10
6/19/2025 22:52,10
6/19/2025 23:52,10
6/20/2025 00:52,10
6/20/2025 01:52,10
6/20/2025 02:52,10
6/20/2025 03:52,10
6/20/2025 04:52,10
6/20/2025 05:52,10
6/20/2025 06:52,10
6/20/2025 07:52,10
6/20/2025 08:52,10
6/20/2025 09:52,10
6/20/2025 10:52,10
6/20/2025 11:52,10
6/20/2025 12:52,10
6/20/2025 13:52,10
6/20/2025 14:52,10
6/20/2025 15:52,10
6/20/2025 16:52,10
6/20/2025 17:52,10
6/20/2025 18:52,10
6/20/2025 19:52,10
6/20/2025 20:52,10
6/20/2025 21:52,10
6/20/2025 22:52,10
6/20/2025 23:52,10
6/21/2025 00:52,10
6/21/2025 01:52,10
6/21/2025 02:52,10
6/21/2025 03:52,10
6/21/2025 04:52,10
6/21/2025 05:52,10
6/21/2025 06:52,10
6/21/2025 07:52,10
6/21/2025 08:52,10
6/21/2025 09:52,10
6/21/2025 10:52,10
6/21/2025 11:52,10
6/21/2025 12:52,10
6/21/2025 13:52,10
6/21/2025 14:52,10
6/21/2025 15:52,10
6/21/2025 16:52,10
6/21/2025 17:52,10
6/21/2025 18:52,10
6/21/2025 19:52,10
6/21/2025 20:52,10
6/21/2025 21:52,10
6/21/2025 22:52,10
6/21/2025 23:52,10
6/22/2025 00:52,10
6/22/2025 01:52,10
6/22/2025 02:52,10
6/22/2025 03:52,10
6/22/2025 04:52,10
6/22/2025 05:52,10
6/22/2025 06:52,10
6/22/2025 07:52,10
6/22/2025 08:52,10
6/22/2025 09:52,10
6/22/2025 10:52,10
6/22/2025 11:52,10
6/22/2025 12:52,10
6/22/2025 13:52,10
6/22/2025 14:52,10
6/22/2025 15:52,10
6/22/2025 16:52,10
6/22/2025 17:52,10
6/22/2025 18:52,10
6/22/2025 19:52,10
6/22/2025 20:52,10
6/22/2025 21:52,10
6/22/2025 22:52,10
6/22/2025 23:52,10
6/23/2025 00:52,10
6/23/2025 01:52,10
6/23/2025 02:52,10
6/23/2025 03:52,10
6/23/2025 04:52,10
6/23/2025 05:52,10
6/23/2025 06:52,10
6/23/2025 07:52,9
6/23/2025 08:52,10
6/23/2025 09:52,9
6/23/2025 10:52,10
6/23/2025 11:52,10
6/23/2025 12:52,10
6/23/2025 13:52,10
6/23/2025 14:52,10
6/23/2025 15:52,10
6/23/2025 16:52,10
6/23/2025 17:52,10
6/23/2025 18:52,10
6/23/2025 19:52,10
6/23/2025 20:52,10
6/23/2025 21:52,10
6/23/2025 22:52,10
6/23/2025 23:52,10
6/24/2025 00:52,10
6/24/2025 01:52,10
6/24/2025 02:52,10
6/24/2025 03:52,10
6/24/2025 04:52,10
6/24/2025 05:52,10
6/24/2025 06:52,10
6/24/2025 07:52,10
6/24/2025 08:52,8
6/24/2025 09:52,10
6/24/2025 10:52,10
6/24/2025 11:52,10
6/24/2025 12:52,10
6/24/2025 13:52,10
6/24/2025 14:52,10
6/24/2025 15:52,10
6/24/2025 16:52,10
6/24/2025 17:52,10
6/24/2025 18:52,10
6/24/2025 19:52,10
6/24/2025 20:52,10
6/24/2025 21:52,10
6/24/2025 22:52,10
6/24/2025 23:52,10
6/25/2025 00:52,10
6/25/2025 01:52,10
6/25/2025 02:52,10
6/25/2025 03:52,10
6/25/2025 04:52,10
6/25/2025 05:52,10
6/25/2025 06:52,10
6/25/2025 07:52,10
6/25/2025 08:52,10
6/25/2025 09:52,10
6/25/2025 10:52,10
6/25/2025 11:52,10
6/25/2025 12:52,10
6/25/2025 13:52,10
6/25/2025 14:52,10
6/25/2025 15:52,1.5
6/25/2025 16:52,10
6/25/2025 17:52,10
6/25/2025 18:52,10
6/25/2025 19:52,10
6/25/2025 20:52,10
6/25/2025 21:52,10
6/25/2025 22:52,10
6/25/2025 23:52,10
6/26/2025 00:52,10
6/26/2025 01:52,10
6/26/2025 02:52,10
6/26/2025 03:52,10
6/26/2025 04:52,10
6/26/2025 05:52,10
6/26/2025 06:52,10
6/26/2025 07:52,10
6/26/2025 08:52,10
6/26/2025 09:52,10
6/26/2025 10:52,10
6/26/2025 11:52,10
6/26/2025 12:52,10
6/26/2025 13:52,10
6/26/2025 14:52,10
6/26/2025 15:52,10
6/26/2025 16:52,10
6/26/2025 17:52,10
6/26/2025 18:52,10
6/26/2025 19:52,10
6/26/2025 20:52,10
6/26/2025 21:52,10
6/26/2025 22:52,10
6/26/2025 23:52,10
6/27/2025 00:52,10
6/27/2025 01:52,10
6/27/2025 02:52,10
6/27/2025 03:52,10
6/27/2025 04:52,4
6/27/2025 05:52,6
6/27/2025 06:52,3
6/27/2025 07:52,4
6/27/2025 08:52,3
6/27/2025 09:52,6
6/27/2025 10:52,6
6/27/2025 11:52,7
6/27/2025 12:52,7
6/27/2025 13:52,7
6/27/2025 15:52,9
6/27/2025 16:52,7
6/27/2025 17:52,10
6/27/2025 18:52,10
6/27/2025 19:52,10
6/27/2025 20:52,3
6/27/2025 21:52,2.5
6/27/2025 22:52,2.5
6/27/2025 23:52,3
6/28/2025 00:52,4
6/28/2025 01:52,6
6/28/2025 02:52,1.75
6/28/2025 03:52,1.5
6/28/2025 04:52,1.25
6/28/2025 05:52,1.25
6/28/2025 06:52,10
6/28/2025 07:52,10
6/28/2025 08:52,10
6/28/2025 09:52,10
6/28/2025 10:52,10
6/28/2025 11:52,10
6/28/2025 12:52,10
6/28/2025 13:52,10
6/28/2025 14:52,10
6/28/2025 15:52,10
6/28/2025 16:52,10
6/28/2025 17:52,10
6/28/2025 18:52,10
6/28/2025 19:52,10
6/28/2025 20:52,10
6/28/2025 21:52,10
6/28/2025 22:52,10
6/28/2025 23:52,10
6/29/2025 00:52,10
6/29/2025 01:52,10
6/29/2025 02:52,10
6/29/2025 03:52,10
6/29/2025 04:52,10
6/29/2025 05:52,10
6/29/2025 06:52,10
6/29/2025 07:52,10
6/29/2025 08:52,10
6/29/2025 09:52,10
6/29/2025 10:52,10
6/29/2025 11:52,10
6/29/2025 12:52,10
6/29/2025 13:52,10
6/29/2025 14:52,10
6/29/2025 15:52,10
6/29/2025 16:52,10
6/29/2025 17:52,10
6/29/2025 18:52,10
6/29/2025 19:52,10
6/29/2025 20:52,10
6/29/2025 21:52,10
6/29/2025 22:52,10
6/29/2025 23:52,10
6/30/2025 00:52,10
6/30/2025 01:52,10
6/30/2025 02:52,10
6/30/2025 03:52,10
6/30/2025 04:52,10
6/30/2025 05:52,10
6/30/2025 06:52,10
6/30/2025 07:52,10
6/30/2025 08:52,10
6/30/2025 09:52,10
6/30/2025 10:52,10
6/30/2025 11:52,10
6/30/2025 12:52,10
6/30/2025 13:52,10
6/30/2025 14:52,10
6/30/2025 15:52,10
6/30/2025 16:52,10
6/30/2025 17:52,10
6/30/2025 18:52,10
6/30/2025 19:52,10
6/30/2025 20:52,10
6/30/2025 21:52,10
6/30/2025 22:52,10
6/30/2025 23:52,10
7/1/2025 00:52,10
7/1/2025 01:52,10
7/1/2025 02:52,10
7/1/2025 03:52,10
7/1/2025 04:52,10
7/1/2025 05:52,10
7/1/2025 06:52,10
7/1/2025 07:52,10
7/1/2025 08:52,10
7/1/2025 09:52,10
7/1/2025 10:52,10
7/1/2025 11:52,10
7/1/2025 12:52,10
7/1/2025 13:52,10
7/1/2025 14:52,8
7/1/2025 15:52,10
7/1/2025 16:52,10
7/1/2025 17:52,10
7/1/2025 18:52,7
7/1/2025 19:52,3
7/1/2025 20:52,10
7/1/2025 21:52,10
7/1/2025 22:52,10
7/1/2025 23:52,10
7/2/2025 00:52,10
7/2/2025 01:52,10
7/2/2025 02:52,10
7/2/2025 03:52,10
7/2/2025 04:52,10
7/2/2025 05:52,10
7/2/2025 06:52,6
7/2/2025 07:52,6
7/2/2025 08:52,7
7/2/2025 09:52,10
7/2/2025 10:52,10
7/2/2025 11:52,10
7/2/2025 12:52,10
7/2/2025 13:52,10
7/2/2025 14:52,10
7/2/2025 15:52,10
7/2/2025 16:52,10
7/2/2025 17:52,10
7/2/2025 18:52,10
7/2/2025 19:52,10
7/2/2025 20:52,10
7/2/2025 21:52,10
7/2/2025 22:52,10
7/2/2025 23:52,10
7/3/2025 00:52,10
7/3/2025 01:52,10
7/3/2025 02:52,10
7/3/2025 03:52,10
7/3/2025 04:52,10
7/3/2025 05:52,10
7/3/2025 06:52,10
7/3/2025 07:52,7
7/3/2025 08:52,10
7/3/2025 09:52,10
7/3/2025 10:52,10
7/3/2025 11:52,10
7/3/2025 12:52,10
7/3/2025 13:52,10
7/3/2025 14:52,10
7/3/2025 15:52,10
7/3/2025 16:52,10
7/3/2025 17:52,10
7/3/2025 18:52,10
7/3/2025 19:52,10
7/3/2025 20:52,10
7/3/2025 21:52,10
7/3/2025 22:52,10
7/3/2025 23:52,10
7/4/2025 00:52,10
7/4/2025 01:52,10
7/4/2025 02:52,10
7/4/2025 03:52,10
7/4/2025 04:52,10
7/4/2025 05:52,10
7/4/2025 06:52,10
7/4/2025 07:52,10
7/4/2025 08:52,10
7/4/2025 09:52,10
7/4/2025 10:52,10
7/4/2025 11:52,10
7/4/2025 12:52,10
7/4/2025 13:52,10
7/4/2025 14:52,10
7/4/2025 15:52,10
7/4/2025 16:52,10
7/4/2025 17:52,10
7/4/2025 18:52,10
7/4/2025 19:52,10
7/4/2025 20:52,10
7/4/2025 21:52,10
7/4/2025 22:52,10
7/4/2025 23:52,10
7/5/2025 00:52,8
7/5/2025 01:52,8
7/5/2025 02:52,8
7/5/2025 03:52,9
7/5/2025 04:52,7
7/5/2025 05:52,4
7/5/2025 06:52,7
7/5/2025 07:52,10
7/5/2025 08:52,10
7/5/2025 09:52,10
7/5/2025 10:52,10
7/5/2025 11:52,10
7/5/2025 12:52,10
7/5/2025 13:52,10
7/5/2025 14:52,10
7/5/2025 15:52,10
7/5/2025 16:52,10
7/5/2025 17:52,10
7/5/2025 18:52,10
7/5/2025 19:52,10
7/5/2025 20:52,10
7/5/2025 21:52,10
7/5/2025 22:52,10
7/5/2025 23:52,10
7/6/2025 00:52,10
7/6/2025 01:52,10
7/6/2025 02:52,10
7/6/2025 03:52,10
7/6/2025 04:52,10
7/6/2025 05:52,10
7/6/2025 06:52,10
7/6/2025 07:52,10
7/6/2025 08:52,10
7/6/2025 09:52,10
7/6/2025 10:52,10
7/6/2025 11:52,10
7/6/2025 12:52,10
7/6/2025 13:52,10
7/6/2025 14:52,10
7/6/2025 15:52,10
7/6/2025 16:52,10
7/6/2025 17:52,10
7/6/2025 18:52,10
7/6/2025 19:52,10
7/6/2025 20:52,10
7/6/2025 21:52,10
7/6/2025 22:52,10
7/6/2025 23:52,10
7/7/2025 00:52,10
7/7/2025 01:52,10
7/7/2025 02:52,10
7/7/2025 03:52,10
7/7/2025 04:52,10
7/7/2025 05:52,10
7/7/2025 06:52,10
7/7/2025 07:52,10
7/7/2025 08:52,10
7/7/2025 09:52,10
7/7/2025 10:52,10
7/7/2025 11:52,10
7/7/2025 12:52,10
7/7/2025 13:52,10
7/7/2025 14:52,10
7/7/2025 15:52,10
7/7/2025 16:52,10
7/7/2025 17:52,10
7/7/2025 18:52,10
7/7/2025 19:52,10
7/7/2025 20:52,10
7/7/2025 21:52,10
7/7/2025 22:52,10
7/7/2025 23:52,10
7/8/2025 00:52,10
7/8/2025 01:52,10
7/8/2025 02:52,10
7/8/2025 03:52,10
7/8/2025 04:52,10
7/8/2025 05:52,9
7/8/2025 06:52,10
7/8/2025 07:52,10
7/8/2025 08:52,10
7/8/2025 09:52,10
7/8/2025 10:52,10
7/8/2025 11:52,10
7/8/2025 12:52,10
7/8/2025 13:52,10
7/8/2025 14:52,10
7/8/2025 15:52,8
7/8/2025 16:52,4
7/8/2025 17:52,10
7/8/2025 18:52,10
7/8/2025 19:52,10
7/8/2025 20:52,10
7/8/2025 21:52,10
7/8/2025 22:52,10
7/8/2025 23:52,10
7/9/2025 00:52,10
7/9/2025 01:52,10
7/9/2025 02:52,10
7/9/2025 03:52,10
7/9/2025 04:52,10
7/9/2025 05:52,10
7/9/2025 06:52,10
7/9/2025 07:52,10
7/9/2025 08:52,10
7/9/2025 09:52,10
7/9/2025 10:52,10
7/9/2025 11:52,10
7/9/2025 12:52,10
7/9/2025 13:52,10
7/9/2025 14:52,10
7/9/2025 15:52,10
7/9/2025 16:52,10
7/9/2025 17:52,8
7/9/2025 18:52,7
7/9/2025 19:52,9
7/9/2025 20:52,7
7/9/2025 21:52,10
7/9/2025 22:52,10
7/9/2025 23:52,10
7/10/2025 00:52,10
7/10/2025 01:52,10
7/10/2025 02:52,10
7/10/2025 03:52,10
7/10/2025 04:52,10
7/10/2025 05:52,10
7/10/2025 06:52,10
7/10/2025 07:52,10
7/10/2025 08:52,10
7/10/2025 09:52,10
7/10/2025 10:52,10
7/10/2025 11:52,10
7/10/2025 12:52,10
7/10/2025 13:52,10
7/10/2025 14:52,10
7/10/2025 15:52,10
7/10/2025 16:52,10
7/10/2025 17:52,10
7/10/2025 18:52,10
7/10/2025 19:52,10
7/10/2025 20:52,10
7/10/2025 21:52,10
7/10/2025 22:52,10
7/10/2025 23:52,10
7/11/2025 00:52,10
7/11/2025 01:52,9
7/11/2025 02:52,8
7/11/2025 03:52,8
7/11/2025 04:52,7
7/11/2025 05:52,7
7/11/2025 06:52,7
7/11/2025 07:52,10
7/11/2025 08:52,10
7/11/2025 09:52,10
7/11/2025 10:52,10
7/11/2025 11:52,10
7/11/2025 12:52,10
7/11/2025 13:52,10
7/11/2025 14:52,10
7/11/2025 15:52,10
7/11/2025 16:52,10
7/11/2025 17:52,10
7/11/2025 18:52,10
7/11/2025 19:52,3
7/11/2025 20:52,10
7/11/2025 21:52,10
7/11/2025 22:52,10
7/11/2025 23:52,10
7/12/2025 00:52,10
7/12/2025 01:52,10
7/12/2025 02:52,10
7/12/2025 03:52,10
7/12/2025 04:52,10
7/12/2025 05:52,10
7/12/2025 06:52,8
7/12/2025 07:52,10
7/12/2025 08:52,10
7/12/2025 09:52,10
7/12/2025 10:52,10
7/12/2025 11:52,10
7/12/2025 12:52,10
7/12/2025 13:52,10
7/12/2025 14:52,10
7/12/2025 15:52,10
7/12/2025 16:52,10
7/12/2025 17:52,8
7/12/2025 18:52,10
7/12/2025 19:52,10
7/12/2025 20:52,10
7/12/2025 21:52,10
7/12/2025 22:52,10
7/12/2025 23:52,10
7/13/2025 00:52,10
7/13/2025 01:52,10
7/13/2025 02:52,10
7/13/2025 03:52,10
7/13/2025 04:52,10
7/13/2025 05:52,8
7/13/2025 06:52,9
7/13/2025 07:52,10
7/13/2025 08:52,10
7/13/2025 09:52,10
7/13/2025 10:52,10
7/13/2025 11:52,10
7/13/2025 12:52,10
7/13/2025 13:52,10
7/13/2025 14:52,10
7/13/2025 15:52,10
7/13/2025 16:52,10
7/13/2025 17:52,10
7/13/2025 18:52,10
7/13/2025 19:52,10
7/13/2025 20:52,10
7/13/2025 21:52,10
7/13/2025 22:52,10
7/13/2025 23:52,10
7/14/2025 00:52,10
7/14/2025 01:52,10
7/14/2025 02:52,10
7/14/2025 03:52,10
7/14/2025 04:52,10
7/14/2025 05:52,10
7/14/2025 06:52,10
7/14/2025 07:52,10
7/14/2025 08:52,10
7/14/2025 09:52,10
7/14/2025 10:52,10
7/14/2025 11:52,10
7/14/2025 12:52,10
7/14/2025 13:52,10
7/14/2025 14:52,10
7/14/2025 15:52,10
7/14/2025 16:52,10
7/14/2025 17:52,3
7/14/2025 18:52,10
7/14/2025 19:52,10
7/14/2025 20:52,10
7/14/2025 21:52,10
7/14/2025 22:52,10
7/14/2025 23:52,10
7/15/2025 00:52,10
7/15/2025 01:52,9
7/15/2025 02:52,7
7/15/2025 03:52,10
7/15/2025 04:52,9
7/15/2025 05:52,10
7/15/2025 06:52,10
7/15/2025 07:52,10
7/15/2025 08:52,10
7/15/2025 09:52,10
7/15/2025 10:52,10
7/15/2025 11:52,10
7/15/2025 12:52,10
7/15/2025 13:52,10
7/15/2025 14:52,10
7/15/2025 15:52,10
7/15/2025 16:52,10
7/15/2025 17:52,10
7/15/2025 18:52,10
7/15/2025 19:52,10
7/15/2025 20:52,10
7/15/2025 21:52,10
7/15/2025 22:52,10
7/15/2025 23:52,10
7/16/2025 00:52,10
7/16/2025 01:52,10
7/16/2025 02:52,10
7/16/2025 03:52,10
7/16/2025 04:52,10
7/16/2025 05:52,10
7/16/2025 06:52,10
7/16/2025 07:52,10
7/16/2025 08:52,10
7/16/2025 09:52,10
7/16/2025 10:52,10
7/16/2025 11:52,10
7/16/2025 12:52,10
7/16/2025 13:52,10
7/16/2025 14:52,10
7/16/2025 15:52,10
7/16/2025 16:52,10
7/16/2025 17:52,10
7/16/2025 18:52,10
7/16/2025 19:52,10
7/16/2025 20:52,1.5
7/16/2025 21:52,10
7/16/2025 22:52,10
7/16/2025 23:52,10
7/17/2025 00:52,10
7/17/2025 01:52,10
7/17/2025 02:52,10
7/17/2025 03:52,10
7/17/2025 04:52,7
7/17/2025 05:52,10
7/17/2025 06:52,10
7/17/2025 07:52,10
7/17/2025 07:54,10
7/17/2025 08:52,10
7/17/2025 09:52,10
7/17/2025 10:52,10
7/17/2025 11:52,10
7/17/2025 12:52,10
7/17/2025 13:52,10
7/17/2025 14:52,10
7/17/2025 15:52,10
7/17/2025 16:52,10
7/17/2025 17:52,10
7/17/2025 18:52,10
7/17/2025 19:52,10
7/17/2025 20:52,10
7/17/2025 21:52,10
7/17/2025 23:52,10
7/18/2025 01:52,10
7/18/2025 02:52,10
7/18/2025 03:52,10
7/18/2025 04:52,10
7/18/2025 05:52,10
7/18/2025 06:52,10
7/18/2025 07:52,10
7/18/2025 08:52,10
7/18/2025 09:52,10
7/18/2025 10:52,10
7/18/2025 11:52,10
7/18/2025 12:52,10
7/18/2025 13:52,10
7/18/2025 14:52,10
7/18/2025 15:52,10
7/18/2025 16:52,10
7/18/2025 17:52,10
7/18/2025 18:52,10
7/18/2025 19:52,8
7/18/2025 20:52,10
7/18/2025 21:52,10
7/18/2025 22:52,10
7/18/2025 23:52,10
7/19/2025 00:52,10
7/19/2025 01:52,10
7/19/2025 02:52,10
7/19/2025 03:52,10
7/19/2025 04:52,10
7/19/2025 05:52,10
7/19/2025 06:52,10
7/19/2025 07:52,10
7/19/2025 08:52,10
7/19/2025 09:52,10
7/19/2025 10:52,10
7/19/2025 11:52,10
7/19/2025 12:52,10
7/19/2025 13:52,10
7/19/2025 14:52,10
7/19/2025 15:52,10
7/19/2025 16:52,10
7/19/2025 17:52,10
7/19/2025 18:52,10
7/19/2025 19:52,10
7/19/2025 20:52,10
7/19/2025 21:52,10
7/19/2025 22:52,10
7/19/2025 23:52,10
7/20/2025 00:52,10
7/20/2025 01:52,10
7/20/2025 02:52,10
7/20/2025 03:52,10
7/20/2025 04:52,8
7/20/2025 05:52,0.5
7/20/2025 06:52,0.5
7/20/2025 07:52,0.5
7/20/2025 08:52,10
7/20/2025 09:52,10
7/20/2025 10:52,10
7/20/2025 11:52,10
7/20/2025 12:52,10
7/20/2025 13:52,10
7/20/2025 14:52,10
7/20/2025 15:52,10
7/20/2025 16:52,10
7/20/2025 17:52,10
7/20/2025 18:52,10
7/20/2025 19:52,10
7/20/2025 20:52,10
7/20/2025 21:52,10
7/20/2025 22:52,10
7/20/2025 23:52,10
7/21/2025 00:52,10
7/21/2025 01:52,10
7/21/2025 02:52,10
7/21/2025 03:52,10
7/21/2025 04:52,10
7/21/2025 05:52,10
7/21/2025 06:52,10
7/21/2025 07:52,10
7/21/2025 08:52,10
7/21/2025 09:52,10
7/21/2025 10:52,10
7/21/2025 11:52,10
7/21/2025 12:52,10
7/21/2025 13:52,10
7/21/2025 14:52,10
7/21/2025 15:52,10
7/21/2025 16:52,10
7/21/2025 17:52,10
7/21/2025 18:52,10
7/21/2025 19:52,10
7/21/2025 20:52,10
7/21/2025 21:52,10
7/21/2025 22:52,10
7/21/2025 23:52,10
7/22/2025 00:52,10
7/22/2025 01:52,10
7/22/2025 02:52,10
7/22/2025 03:52,10
7/22/2025 04:52,10
7/22/2025 05:52,10
7/22/2025 06:52,10
7/22/2025 07:52,10
7/22/2025 08:52,10
7/22/2025 09:52,10
7/22/2025 10:52,10
7/22/2025 11:52,10
7/22/2025 12:52,10
7/22/2025 13:52,10
7/22/2025 14:52,10
7/22/2025 15:52,10
7/22/2025 16:52,10
7/22/2025 17:52,10
7/22/2025 18:52,10
7/22/2025 19:52,10
7/22/2025 20:52,10
7/22/2025 21:52,10
7/22/2025 22:52,10
7/22/2025 23:52,10
7/23/2025 00:52,10
7/23/2025 01:52,10
7/23/2025 02:52,10
7/23/2025 03:52,10
7/23/2025 04:52,10
7/23/2025 05:52,10
7/23/2025 06:52,10
7/23/2025 07:52,10
7/23/2025 08:52,10
7/23/2025 09:52,10
7/23/2025 10:52,10
7/23/2025 11:52,10
7/23/2025 12:52,10
7/23/2025 13:52,10
7/23/2025 14:52,10
7/23/2025 15:52,10
7/23/2025 16:52,10
7/23/2025 17:52,10
7/23/2025 18:52,10
7/23/2025 19:52,10
7/23/2025 20:52,10
7/23/2025 21:52,10
7/23/2025 22:52,10
7/23/2025 23:52,10
7/24/2025 00:52,10
7/24/2025 01:52,10
7/24/2025 02:52,10
7/24/2025 03:52,10
7/24/2025 04:52,10
7/24/2025 05:52,10
7/24/2025 06:52,10
7/24/2025 07:52,10
7/24/2025 08:52,10
7/24/2025 09:52,10
7/24/2025 10:52,10
7/24/2025 11:52,10
7/24/2025 12:52,10
7/24/2025 13:52,10
7/24/2025 14:52,10
7/24/2025 15:52,10
7/24/2025 16:52,10
7/24/2025 17:52,10
7/24/2025 18:52,10
7/24/2025 19:52,10
7/24/2025 20:52,10
7/24/2025 21:52,10
7/24/2025 22:52,10
7/24/2025 23:52,10
7/25/2025 00:52,10
7/25/2025 01:52,10
7/25/2025 02:52,10
7/25/2025 03:52,10
7/25/2025 04:52,10
7/25/2025 05:52,10
7/25/2025 06:52,10
7/25/2025 07:52,10
7/25/2025 08:52,10
7/25/2025 09:52,10
7/25/2025 10:52,10
7/25/2025 11:52,10
7/25/2025 12:52,10
7/25/2025 13:52,10
7/25/2025 14:52,10
7/25/2025 15:52,10
7/25/2025 16:52,10
7/25/2025 17:52,10
7/25/2025 18:52,10
7/25/2025 19:52,10
7/25/2025 20:52,10
7/25/2025 21:52,10
7/25/2025 22:52,10
7/25/2025 23:52,10
7/26/2025 00:52,10
7/26/2025 01:52,10
7/26/2025 02:52,10
7/26/2025 03:52,10
7/26/2025 04:52,10
7/26/2025 05:52,10
7/26/2025 06:52,10
7/26/2025 07:52,10
7/26/2025 08:52,10
7/26/2025 09:52,10
7/26/2025 10:52,10
7/26/2025 11:52,10
7/26/2025 12:52,10
7/26/2025 13:52,10
7/26/2025 14:52,10
7/26/2025 15:52,10
7/26/2025 16:52,10
7/26/2025 17:52,10
7/26/2025 18:52,10
7/26/2025 19:52,10
7/26/2025 20:52,10
7/26/2025 21:52,10
7/26/2025 22:52,10
7/26/2025 23:52,10
7/27/2025 00:52,9
7/27/2025 01:52,4
7/27/2025 02:52,10
7/27/2025 03:52,10
7/27/2025 04:52,10
7/27/2025 05:52,10
7/27/2025 06:52,6
7/27/2025 07:52,10
7/27/2025 08:52,10
7/27/2025 09:52,10
7/27/2025 10:52,10
7/27/2025 11:52,10
7/27/2025 12:52,10
7/27/2025 13:52,7
7/27/2025 14:52,10
7/27/2025 15:52,10
7/27/2025 16:52,1.75
7/27/2025 17:52,10
7/27/2025 18:52,10
7/27/2025 19:52,10
7/27/2025 20:52,10
7/27/2025 21:52,10
7/27/2025 22:52,10
7/27/2025 23:52,10
7/28/2025 00:52,10
7/28/2025 01:52,10
7/28/2025 02:52,10
7/28/2025 03:52,10
7/28/2025 04:52,10
7/28/2025 05:52,10
7/28/2025 06:52,10
7/28/2025 07:52,10
7/28/2025 08:52,10
7/28/2025 09:52,10
7/28/2025 10:52,10
7/28/2025 11:52,10
7/28/2025 12:52,10
7/28/2025 13:52,10
7/28/2025 14:52,10
7/28/2025 15:52,10
7/28/2025 16:52,10
7/28/2025 17:52,10
7/28/2025 18:52,10
7/28/2025 19:52,10
7/28/2025 20:52,10
7/28/2025 21:52,10
7/28/2025 22:52,10
7/28/2025 23:52,10
7/29/2025 00:52,10
7/29/2025 01:52,10
7/29/2025 02:52,10
7/29/2025 03:52,10
7/29/2025 04:52,10
7/29/2025 05:52,10
7/29/2025 06:52,10
7/29/2025 07:52,9
7/29/2025 08:52,10
7/29/2025 09:52,10
7/29/2025 10:52,10
7/29/2025 11:52,10
7/29/2025 12:52,10
7/29/2025 13:52,10
7/29/2025 14:52,10
7/29/2025 15:52,10
7/29/2025 16:52,10
7/29/2025 17:52,10
7/29/2025 18:52,10
7/29/2025 19:52,10
7/29/2025 20:52,10
7/29/2025 21:52,10
7/29/2025 22:52,10
7/29/2025 23:52,10
7/30/2025 00:52,10
7/30/2025 01:52,10
7/30/2025 02:52,10
7/30/2025 03:52,10
7/30/2025 04:52,10
7/30/2025 05:52,9
7/30/2025 06:52,7
7/30/2025 07:52,10
7/30/2025 08:52,10
7/30/2025 09:52,10
7/30/2025 10:52,10
7/30/2025 11:52,10
7/30/2025 12:52,10
7/30/2025 13:52,10
7/30/2025 14:52,10
7/30/2025 15:52,10
7/30/2025 16:52,10
7/30/2025 17:52,10
7/30/2025 18:52,10
7/30/2025 19:52,10
7/30/2025 20:52,10
7/30/2025 21:52,10
7/30/2025 22:52,10
7/30/2025 23:52,10
7/31/2025 00:52,10
7/31/2025 01:52,10
7/31/2025 02:52,10
7/31/2025 03:52,10
7/31/2025 04:52,10
7/31/2025 05:52,10
7/31/2025 06:52,10
7/31/2025 07:52,10
7/31/2025 08:52,10
7/31/2025 09:52,10
7/31/2025 10:52,10
7/31/2025 11:52,10
7/31/2025 12:52,10
7/31/2025 13:52,10
7/31/2025 14:52,10
7/31/2025 15:52,10
7/31/2025 16:52,10
7/31/2025 17:52,2
7/31/2025 18:52,10
7/31/2025 19:52,10
7/31/2025 20:52,10
7/31/2025 21:52,10
7/31/2025 22:52,10
7/31/2025 23:52,10
8/1/2025 00:52,10
8/1/2025 01:52,10
8/1/2025 02:52,10
8/1/2025 03:52,10
8/1/2025 04:52,10
8/1/2025 05:52,10
8/1/2025 06:52,5
8/1/2025 07:52,4
8/1/2025 08:52,3
8/1/2025 09:52,10
8/1/2025 10:52,3
8/1/2025 11:52,10
8/1/2025 12:52,10
8/1/2025 13:52,10
8/1/2025 14:52,10
8/1/2025 15:52,10
8/1/2025 16:52,10
8/1/2025 17:52,10
8/1/2025 18:52,10
8/1/2025 19:52,10
,
