,Date,Hour,Download Speed,Test Count
0,2022-07-31,20,126.6311611,373.0
1,2022-07-31,21,123.8007144,299.0
2,2022-07-31,22,127.8466085,302.0
3,2022-07-31,23,115.0750413,262.0
4,2022-08-01,0,149.4622859,226.0
5,2022-08-01,1,130.7646044,178.0
6,2022-08-01,2,116.0406499,280.0
7,2022-08-01,3,106.0215106,178.0
8,2022-08-01,4,125.3400266,254.0
9,2022-08-01,5,69.24984371,229.0
10,2022-08-01,6,122.4429917,120.0
11,2022-08-01,7,108.1586355,29.0
12,2022-08-01,8,134.4685972,50.0
13,2022-08-01,9,68.95298244,42.0
14,2022-08-01,10,102.3552243,89.0
15,2022-08-01,11,147.6833509,159.0
16,2022-08-01,12,128.6062265,242.0
17,2022-08-01,13,116.3914971,384.0
18,2022-08-01,14,141.4344442,441.0
19,2022-08-01,15,111.4031827,354.0
20,2022-08-01,16,104.3475226,334.0
21,2022-08-01,17,99.28860507,298.0
22,2022-08-01,18,140.0426749,328.0
23,2022-08-01,19,129.6927185,333.0
24,2022-08-01,20,114.1475053,347.0
25,2022-08-01,21,117.3507214,335.0
26,2022-08-01,22,141.7720752,311.0
27,2022-08-01,23,125.6485409,324.0
28,2022-08-02,0,109.9350342,317.0
29,2022-08-02,1,132.7667116,343.0
30,2022-08-02,2,145.7375746,308.0
31,2022-08-02,3,176.0066405,217.0
32,2022-08-02,4,146.8058995,183.0
33,2022-08-02,5,114.6132964,233.0
34,2022-08-02,6,89.35556448,113.0
35,2022-08-02,7,71.92751129,46.0
36,2022-08-02,8,86.89454459,63.0
37,2022-08-02,9,109.0465165,48.0
38,2022-08-02,10,108.344819,91.0
39,2022-08-02,11,92.12851927,149.0
40,2022-08-02,12,117.3229169,193.0
41,2022-08-02,13,137.8372853,383.0
42,2022-08-02,14,116.8528229,385.0
43,2022-08-02,15,120.2618392,405.0
44,2022-08-02,16,121.2307972,348.0
45,2022-08-02,17,132.9455889,327.0
46,2022-08-02,18,88.96633417,465.0
47,2022-08-02,19,117.9646713,359.0
48,2022-08-02,20,147.1157511,325.0
49,2022-08-02,21,186.3518815,340.0
50,2022-08-02,22,105.1094889,376.0
51,2022-08-02,23,134.6303948,341.0
52,2022-08-03,0,146.1216419,408.0
53,2022-08-03,1,129.8108455,353.0
54,2022-08-03,2,95.84113196,330.0
55,2022-08-03,3,108.9785478,224.0
56,2022-08-03,4,124.0814308,136.0
57,2022-08-03,5,90.72450257,233.0
58,2022-08-03,6,55.16139212,96.0
59,2022-08-03,7,72.67535638,40.0
60,2022-08-03,8,82.52383537,42.0
61,2022-08-03,9,115.0301427,62.0
62,2022-08-03,10,153.1832979,117.0
63,2022-08-03,11,103.8319277,165.0
64,2022-08-03,12,141.5023348,267.0
65,2022-08-03,13,113.5316999,378.0
66,2022-08-03,14,111.6253528,349.0
67,2022-08-03,15,84.40931294,375.0
68,2022-08-03,16,118.1428156,309.0
69,2022-08-03,17,146.941839,342.0
70,2022-08-03,18,109.4580761,445.0
71,2022-08-03,19,92.77452337,345.0
72,2022-08-03,20,123.4520524,374.0
73,2022-08-03,21,114.3337327,364.0
74,2022-08-03,22,124.7198817,332.0
75,2022-08-03,23,119.2761066,294.0
76,2022-08-04,0,130.9070012,341.0
77,2022-08-04,1,107.0954836,391.0
78,2022-08-04,2,102.0356034,336.0
79,2022-08-04,3,170.1717954,223.0
80,2022-08-04,4,113.5666875,266.0
81,2022-08-04,5,115.4216018,234.0
82,2022-08-04,6,59.7410607,102.0
83,2022-08-04,7,142.3909925,41.0
84,2022-08-04,8,85.72302271,43.0
85,2022-08-04,9,40.58126509,60.0
86,2022-08-04,10,116.6017365,62.0
87,2022-08-04,11,103.0291549,146.0
88,2022-08-04,12,133.1812621,175.0
89,2022-08-04,13,103.4538918,345.0
90,2022-08-04,14,136.6459618,305.0
91,2022-08-04,15,106.9668663,458.0
92,2022-08-04,16,114.4446099,406.0
93,2022-08-04,17,130.4290608,419.0
94,2022-08-04,18,127.4013368,415.0
95,2022-08-04,19,137.8517161,339.0
96,2022-08-04,20,170.8307317,253.0
97,2022-08-04,21,131.9436181,351.0
98,2022-08-04,22,116.7826466,315.0
99,2022-08-04,23,114.4143479,245.0
100,2022-08-05,0,101.2857228,387.0
101,2022-08-05,1,111.7006022,389.0
102,2022-08-05,2,125.5795328,284.0
103,2022-08-05,3,116.5965658,269.0
104,2022-08-05,4,163.1355872,161.0
105,2022-08-05,5,79.44602427,299.0
106,2022-08-05,6,69.93948304,144.0
107,2022-08-05,7,80.47535476,40.0
108,2022-08-05,8,122.2003236,28.0
109,2022-08-05,9,100.2070279,44.0
110,2022-08-05,10,68.43467188,44.0
111,2022-08-05,11,111.2102146,135.0
112,2022-08-05,12,95.46844959,245.0
113,2022-08-05,13,100.0151528,360.0
114,2022-08-05,14,144.5828165,275.0
115,2022-08-05,15,101.7438893,411.0
116,2022-08-05,16,128.8385964,302.0
117,2022-08-05,17,140.7893054,347.0
118,2022-08-05,18,108.8201744,453.0
119,2022-08-05,19,139.7237187,279.0
120,2022-08-05,20,125.8935998,318.0
121,2022-08-05,21,126.9260589,342.0
122,2022-08-05,22,155.2796599,238.0
123,2022-08-05,23,147.9285462,227.0
124,2022-08-06,0,126.0055418,248.0
125,2022-08-06,1,127.4759014,180.0
126,2022-08-06,2,135.3843926,193.0
127,2022-08-06,3,118.2086745,206.0
128,2022-08-06,4,109.454761,171.0
129,2022-08-06,5,84.10447059,258.0
130,2022-08-06,6,45.87936502,61.0
131,2022-08-06,7,127.1174385,59.0
132,2022-08-06,8,187.4640896,35.0
133,2022-08-06,9,93.53320395,33.0
134,2022-08-06,10,69.74896044,40.0
135,2022-08-06,11,120.6392949,102.0
136,2022-08-06,12,105.9954376,103.0
137,2022-08-06,13,132.276448,167.0
138,2022-08-06,14,153.2252935,160.0
139,2022-08-06,15,136.0519699,305.0
140,2022-08-06,16,170.9836009,176.0
141,2022-08-06,17,153.2328702,236.0
142,2022-08-06,18,123.8386925,235.0
143,2022-08-06,19,144.141948,213.0
144,2022-08-06,20,146.6339839,199.0
145,2022-08-06,21,157.3632432,207.0
146,2022-08-06,22,110.7843214,218.0
147,2022-08-06,23,95.84729332,211.0
148,2022-08-07,0,155.1631135,237.0
149,2022-08-07,1,110.9389635,239.0
150,2022-08-07,2,107.4633352,267.0
151,2022-08-07,3,113.5480765,212.0
152,2022-08-07,4,109.8064559,133.0
153,2022-08-07,5,89.23901127,211.0
154,2022-08-07,6,72.12888623,80.0
155,2022-08-07,7,58.54703966,38.0
156,2022-08-07,8,39.8551744,21.0
157,2022-08-07,9,74.32302635,32.0
158,2022-08-07,10,68.91372706,41.0
159,2022-08-07,11,88.68773842,70.0
160,2022-08-07,12,99.45231784,184.0
161,2022-08-07,13,60.65147218,231.0
162,2022-08-07,14,120.2979239,175.0
163,2022-08-07,15,144.9173503,349.0
164,2022-08-07,16,132.2667197,183.0
165,2022-08-07,17,128.6765192,231.0
166,2022-08-07,18,127.5526811,232.0
167,2022-08-07,19,134.198894,302.0
168,2022-08-07,20,144.5825645,244.0
169,2022-08-07,21,124.699926,226.0
170,2022-08-07,22,116.7655237,247.0
171,2022-08-07,23,153.8952108,262.0
172,2022-08-08,0,135.229039,264.0
173,2022-08-08,1,158.834882,201.0
174,2022-08-08,2,144.0709202,234.0
175,2022-08-08,3,94.53519992,154.0
176,2022-08-08,4,137.068823,71.0
177,2022-08-08,5,94.83244557,159.0
178,2022-08-08,6,88.87173777,79.0
179,2022-08-08,7,83.57372745,33.0
180,2022-08-08,8,78.06726033,32.0
181,2022-08-08,9,49.65237136,28.0
182,2022-08-08,10,144.1423487,64.0
183,2022-08-08,11,116.3890906,153.0
184,2022-08-08,12,122.6670983,216.0
185,2022-08-08,13,114.9375405,406.0
186,2022-08-08,14,122.7122226,398.0
187,2022-08-08,15,112.5251383,459.0
188,2022-08-08,16,140.0339628,474.0
189,2022-08-08,17,141.8939157,382.0
190,2022-08-08,18,144.739338,393.0
191,2022-08-08,19,122.1701639,339.0
192,2022-08-08,20,127.9023691,360.0
193,2022-08-08,21,119.3366705,406.0
194,2022-08-08,22,96.19986038,364.0
195,2022-08-08,23,141.9457938,312.0
196,2022-08-09,0,110.2420026,312.0
197,2022-08-09,1,112.4453187,310.0
198,2022-08-09,2,163.7430671,201.0
199,2022-08-09,3,119.9308726,176.0
200,2022-08-09,4,115.7020808,122.0
201,2022-08-09,5,110.2087584,202.0
202,2022-08-09,6,70.1420372,109.0
203,2022-08-09,7,104.4117874,50.0
204,2022-08-09,8,146.8968496,37.0
205,2022-08-09,9,163.558735,60.0
206,2022-08-09,10,115.8241375,70.0
207,2022-08-09,11,124.7518487,160.0
208,2022-08-09,12,121.0463238,198.0
209,2022-08-09,13,136.4571814,303.0
210,2022-08-09,14,129.1796469,332.0
211,2022-08-09,15,102.0991036,444.0
212,2022-08-09,16,128.4643388,360.0
213,2022-08-09,17,130.8660079,340.0
214,2022-08-09,18,146.8438143,478.0
215,2022-08-09,19,99.65166427,399.0
216,2022-08-09,20,138.0627464,483.0
217,2022-08-09,21,102.8805696,454.0
218,2022-08-09,22,120.4748678,314.0
219,2022-08-09,23,99.32035105,305.0
220,2022-08-10,0,94.47020581,367.0
221,2022-08-10,1,107.4944893,457.0
222,2022-08-10,2,135.3766797,332.0
223,2022-08-10,3,99.02606166,246.0
224,2022-08-10,4,116.37875,131.0
225,2022-08-10,5,89.89747434,191.0
226,2022-08-10,6,94.06603235,58.0
227,2022-08-10,7,65.86955931,72.0
228,2022-08-10,8,87.38880529,37.0
229,2022-08-10,9,89.30124981,51.0
230,2022-08-10,10,114.8178862,88.0
231,2022-08-10,11,131.4539134,146.0
232,2022-08-10,12,106.1587671,264.0
233,2022-08-10,13,100.0743836,373.0
234,2022-08-10,14,110.6302489,384.0
235,2022-08-10,15,143.4052877,420.0
236,2022-08-10,16,138.5615807,399.0
237,2022-08-10,17,142.8739119,335.0
238,2022-08-10,18,111.3977855,376.0
239,2022-08-10,19,138.7355588,311.0
240,2022-08-10,20,139.689508,374.0
241,2022-08-10,21,115.3770453,358.0
242,2022-08-10,22,120.0742049,362.0
243,2022-08-10,23,143.5280911,260.0
244,2022-08-11,0,123.5812195,330.0
245,2022-08-11,1,122.5001331,320.0
246,2022-08-11,2,107.5383254,316.0
247,2022-08-11,3,94.53875318,258.0
248,2022-08-11,4,125.1966138,157.0
249,2022-08-11,5,128.4121843,152.0
250,2022-08-11,6,148.260517,31.0
251,2022-08-11,7,47.193792,25.0
252,2022-08-11,8,40.42067233,39.0
253,2022-08-11,9,56.64533596,55.0
254,2022-08-11,10,87.01186079,88.0
255,2022-08-11,11,138.6805781,146.0
256,2022-08-11,12,148.097464,283.0
257,2022-08-11,13,116.6616675,347.0
258,2022-08-11,14,122.5924833,393.0
259,2022-08-11,15,159.344447,403.0
260,2022-08-11,16,133.2703229,390.0
261,2022-08-11,17,114.8778854,330.0
262,2022-08-11,18,131.3625551,410.0
263,2022-08-11,19,118.2515618,395.0
264,2022-08-11,20,141.4611788,338.0
265,2022-08-11,21,100.3564606,280.0
266,2022-08-11,22,143.1365237,280.0
267,2022-08-11,23,143.2022242,262.0
268,2022-08-12,0,133.6260716,345.0
269,2022-08-12,1,149.5074165,301.0
270,2022-08-12,2,139.7390741,209.0
271,2022-08-12,3,131.7786252,193.0
272,2022-08-12,4,215.5621535,211.0
273,2022-08-12,5,129.0022238,198.0
274,2022-08-12,6,80.31442689,83.0
275,2022-08-12,7,92.51849497,47.0
276,2022-08-12,8,43.84552726,48.0
277,2022-08-12,9,110.9697278,51.0
278,2022-08-12,10,135.7554948,65.0
279,2022-08-12,11,115.4729461,122.0
280,2022-08-12,12,96.7244531,186.0
281,2022-08-12,13,124.8450784,320.0
282,2022-08-12,14,111.1081914,331.0
283,2022-08-12,15,119.0283952,269.0
284,2022-08-12,16,198.8843973,354.0
285,2022-08-12,17,147.7513365,291.0
286,2022-08-12,18,101.6786758,309.0
287,2022-08-12,19,104.8959251,326.0
288,2022-08-12,20,143.8612449,301.0
289,2022-08-12,21,159.3984983,249.0
290,2022-08-12,22,112.3826026,163.0
291,2022-08-12,23,131.1385143,213.0
292,2022-08-13,0,115.728008,209.0
293,2022-08-13,1,145.7007967,239.0
294,2022-08-13,2,120.8181483,298.0
295,2022-08-13,3,135.0889269,244.0
296,2022-08-13,4,107.6220492,119.0
297,2022-08-13,5,97.88421499,193.0
298,2022-08-13,6,141.9162816,60.0
299,2022-08-13,7,123.1904186,51.0
300,2022-08-13,8,101.4792959,48.0
301,2022-08-13,9,110.6744504,41.0
302,2022-08-13,10,69.93764326,94.0
303,2022-08-13,11,95.42824046,85.0
304,2022-08-13,12,107.2257804,118.0
305,2022-08-13,13,112.3773974,206.0
306,2022-08-13,14,98.8341952,243.0
307,2022-08-13,15,117.6601094,204.0
308,2022-08-13,16,87.08003332,310.0
309,2022-08-13,17,88.65091397,299.0
310,2022-08-13,18,112.3603479,324.0
311,2022-08-13,19,125.0017665,231.0
312,2022-08-13,20,120.254418,217.0
313,2022-08-13,21,150.2075018,206.0
314,2022-08-13,22,116.4498023,164.0
315,2022-08-13,23,120.2177679,211.0
316,2022-08-14,0,111.3572265,261.0
317,2022-08-14,1,115.7970256,228.0
318,2022-08-14,2,125.271147,203.0
319,2022-08-14,3,223.2249154,173.0
320,2022-08-14,4,189.594546,157.0
321,2022-08-14,5,106.5349189,238.0
322,2022-08-14,6,114.8564017,68.0
323,2022-08-14,7,107.4146343,27.0
324,2022-08-14,8,83.8743666,25.0
325,2022-08-14,9,63.56180807,49.0
326,2022-08-14,10,64.92615669,69.0
327,2022-08-14,11,106.224066,46.0
328,2022-08-14,12,116.8709498,87.0
329,2022-08-14,13,101.0480799,195.0
330,2022-08-14,14,82.86755679,184.0
331,2022-08-14,15,131.2749462,252.0
332,2022-08-14,16,197.249545,255.0
333,2022-08-14,17,177.9212475,275.0
334,2022-08-14,18,108.4736002,293.0
335,2022-08-14,19,131.1060741,242.0
336,2022-08-14,20,137.9934622,294.0
337,2022-08-14,21,139.5175327,304.0
338,2022-08-14,22,133.8095467,325.0
339,2022-08-14,23,131.9187143,219.0
340,2022-08-15,0,188.9980811,283.0
341,2022-08-15,1,164.6017087,264.0
342,2022-08-15,2,140.7630266,226.0
343,2022-08-15,3,149.4094621,150.0
344,2022-08-15,4,117.7543495,148.0
345,2022-08-15,5,103.2620941,166.0
346,2022-08-15,6,93.21715492,49.0
347,2022-08-15,7,125.556401,28.0
348,2022-08-15,8,116.5223579,44.0
349,2022-08-15,9,94.82656114,49.0
350,2022-08-15,10,88.68268068,95.0
351,2022-08-15,11,90.11864971,96.0
352,2022-08-15,12,140.6365023,211.0
353,2022-08-15,13,147.6554897,319.0
354,2022-08-15,14,110.3466604,418.0
355,2022-08-15,15,121.9163606,330.0
356,2022-08-15,16,143.0322226,341.0
357,2022-08-15,17,174.0021422,408.0
358,2022-08-15,18,130.1219545,486.0
359,2022-08-15,19,126.0828631,311.0
360,2022-08-15,20,135.553469,248.0
361,2022-08-15,21,138.7268266,302.0
362,2022-08-15,22,139.0864132,277.0
363,2022-08-15,23,126.1694934,467.0
364,2022-08-16,0,144.2127911,321.0
365,2022-08-16,1,127.7715017,306.0
366,2022-08-16,2,119.4876208,325.0
367,2022-08-16,3,107.5316448,227.0
368,2022-08-16,4,57.13840991,374.0
369,2022-08-16,5,90.86507066,221.0
370,2022-08-16,6,36.03469774,244.0
371,2022-08-16,7,102.7904976,57.0
372,2022-08-16,8,22.42262373,258.0
373,2022-08-16,9,45.56657869,95.0
374,2022-08-16,10,66.59969649,259.0
375,2022-08-16,11,126.6928207,151.0
376,2022-08-16,12,83.03793365,441.0
377,2022-08-16,13,95.67849219,352.0
378,2022-08-16,14,84.11689891,554.0
379,2022-08-16,15,116.0160326,349.0
380,2022-08-16,16,89.48951746,372.0
381,2022-08-16,17,118.4866726,400.0
382,2022-08-16,18,79.49233456,422.0
383,2022-08-16,19,106.5157829,342.0
384,2022-08-16,20,99.61398809,333.0
385,2022-08-16,21,100.3828219,440.0
386,2022-08-16,22,81.43026232,448.0
387,2022-08-16,23,129.0372965,350.0
388,2022-08-17,0,93.05381562,515.0
389,2022-08-17,1,117.6646682,383.0
390,2022-08-17,2,83.09866777,475.0
391,2022-08-17,3,133.0390552,167.0
392,2022-08-17,4,60.29957267,336.0
393,2022-08-17,5,116.1120218,292.0
394,2022-08-17,6,63.30823585,284.0
395,2022-08-17,7,83.79910036,40.0
396,2022-08-17,8,29.14028162,223.0
397,2022-08-17,9,32.24051618,87.0
398,2022-08-17,10,42.63788049,214.0
399,2022-08-17,11,78.76230746,185.0
400,2022-08-17,12,83.38626777,260.0
401,2022-08-17,13,96.36906147,406.0
402,2022-08-17,14,76.07786763,482.0
403,2022-08-17,15,90.90494894,370.0
404,2022-08-17,16,80.25732042,458.0
405,2022-08-17,17,120.2386237,356.0
406,2022-08-17,18,100.1680724,461.0
407,2022-08-17,19,85.10418859,362.0
408,2022-08-17,20,94.87110835,450.0
409,2022-08-17,21,141.5015913,322.0
410,2022-08-17,22,76.79642105,464.0
411,2022-08-17,23,100.2472189,231.0
412,2022-08-18,0,75.28019715,560.0
413,2022-08-18,1,161.8854728,357.0
414,2022-08-18,2,97.66827411,396.0
415,2022-08-18,3,160.9774978,222.0
416,2022-08-18,4,104.4851891,351.0
417,2022-08-18,5,113.3897878,230.0
418,2022-08-18,6,48.38086996,209.0
419,2022-08-18,7,66.72497343,48.0
420,2022-08-18,8,32.67222097,174.0
421,2022-08-18,9,58.2982642,56.0
422,2022-08-18,10,35.01870668,244.0
423,2022-08-18,11,73.96990252,171.0
424,2022-08-18,12,71.88298498,366.0
425,2022-08-18,13,124.0411237,282.0
426,2022-08-18,14,58.31802544,512.0
427,2022-08-18,15,108.8195931,359.0
428,2022-08-18,16,91.30883881,501.0
429,2022-08-18,17,105.8324654,415.0
430,2022-08-18,18,70.37405173,573.0
431,2022-08-18,19,112.1653338,365.0
432,2022-08-18,20,70.70710479,517.0
433,2022-08-18,21,113.4206456,258.0
434,2022-08-18,22,69.87090383,432.0
435,2022-08-18,23,126.0577334,256.0
436,2022-08-19,0,55.2049427,489.0
437,2022-08-19,1,96.54634801,388.0
438,2022-08-19,2,94.03297853,351.0
439,2022-08-19,3,76.99572289,232.0
440,2022-08-19,4,102.7692057,318.0
441,2022-08-19,5,103.4267143,292.0
442,2022-08-19,6,33.5836871,237.0
443,2022-08-19,7,95.2575479,89.0
444,2022-08-19,8,27.50495697,194.0
445,2022-08-19,9,109.4484719,71.0
446,2022-08-19,10,33.05106074,213.0
447,2022-08-19,11,86.916146,209.0
448,2022-08-19,12,70.01735017,293.0
449,2022-08-19,13,89.34336365,438.0
450,2022-08-19,14,71.67300532,393.0
451,2022-08-19,15,107.6233593,393.0
452,2022-08-19,16,95.41361892,355.0
453,2022-08-19,17,89.52031588,343.0
454,2022-08-19,18,75.22552247,487.0
455,2022-08-19,19,90.95365197,400.0
456,2022-08-19,20,77.38767232,490.0
457,2022-08-19,21,120.499185,366.0
458,2022-08-19,22,103.6461663,363.0
459,2022-08-19,23,80.87607057,326.0
460,2022-08-20,0,71.09395944,438.0
461,2022-08-20,1,150.1562156,297.0
462,2022-08-20,2,82.24146053,526.0
463,2022-08-20,3,67.67677731,251.0
464,2022-08-20,4,84.09604844,299.0
465,2022-08-20,5,76.46350439,352.0
466,2022-08-20,6,74.53007972,254.0
467,2022-08-20,7,62.32552603,58.0
468,2022-08-20,8,22.77016424,206.0
469,2022-08-20,9,130.5272732,33.0
470,2022-08-20,10,24.60299667,229.0
471,2022-08-20,11,60.50473731,117.0
472,2022-08-20,12,66.9558184,228.0
473,2022-08-20,13,92.471858,284.0
474,2022-08-20,14,68.89100563,375.0
475,2022-08-20,15,117.0634494,273.0
476,2022-08-20,16,56.10512244,570.0
477,2022-08-20,17,120.9478417,194.0
478,2022-08-20,18,66.46682767,404.0
479,2022-08-20,19,136.5582322,338.0
480,2022-08-20,20,79.88506299,425.0
481,2022-08-20,21,113.6434244,244.0
482,2022-08-20,22,93.2438191,345.0
483,2022-08-20,23,65.34821249,283.0
484,2022-08-21,0,66.28086977,364.0
485,2022-08-21,1,103.5415496,291.0
486,2022-08-21,2,101.1060884,427.0
487,2022-08-21,3,115.6928057,255.0
488,2022-08-21,4,75.72529395,305.0
489,2022-08-21,5,90.9109674,287.0
490,2022-08-21,6,52.02559457,222.0
491,2022-08-21,7,27.85793632,117.0
492,2022-08-21,8,31.97704822,179.0
493,2022-08-21,9,24.09099102,120.0
494,2022-08-21,10,23.9106333,110.0
495,2022-08-21,11,38.33687671,207.0
496,2022-08-21,12,71.75411375,137.0
497,2022-08-21,13,62.98386125,354.0
498,2022-08-21,14,74.45353273,208.0
499,2022-08-21,15,74.02087088,326.0
500,2022-08-21,16,86.93989734,265.0
501,2022-08-21,17,78.89349125,390.0
502,2022-08-21,18,121.4614046,350.0
503,2022-08-21,19,71.06542449,554.0
504,2022-08-21,20,121.3811615,383.0
505,2022-08-21,21,122.0580569,389.0
506,2022-08-21,22,105.8009614,324.0
507,2022-08-21,23,80.24628417,305.0
508,2022-08-22,0,73.97549545,416.0
509,2022-08-22,1,111.1460475,306.0
510,2022-08-22,2,100.1281349,393.0
511,2022-08-22,3,77.55095177,206.0
512,2022-08-22,4,90.7903932,349.0
513,2022-08-22,5,85.80602298,211.0
514,2022-08-22,6,35.33615898,162.0
515,2022-08-22,7,35.67290059,107.0
516,2022-08-22,8,29.67906537,157.0
517,2022-08-22,9,29.72870272,94.0
518,2022-08-22,10,36.3898401,234.0
519,2022-08-22,11,113.3972947,227.0
520,2022-08-22,12,59.709467,417.0
521,2022-08-22,13,108.2621452,325.0
522,2022-08-22,14,71.40354758,575.0
523,2022-08-22,15,119.1044863,397.0
524,2022-08-22,16,92.28933001,505.0
525,2022-08-22,17,67.89642478,402.0
526,2022-08-22,18,98.95950642,553.0
527,2022-08-22,19,107.9193512,500.0
528,2022-08-22,20,107.547903,415.0
529,2022-08-22,21,82.11456039,430.0
530,2022-08-22,22,122.8671805,429.0
531,2022-08-22,23,102.3683774,390.0
532,2022-08-23,0,93.2000555,664.0
533,2022-08-23,1,85.86459153,414.0
534,2022-08-23,2,99.72930746,381.0
535,2022-08-23,3,89.76612349,226.0
536,2022-08-23,4,61.78261231,380.0
537,2022-08-23,5,101.9936135,220.0
538,2022-08-23,6,36.31234534,286.0
539,2022-08-23,7,41.979409,86.0
540,2022-08-23,8,25.43133514,187.0
541,2022-08-23,9,42.49033675,102.0
542,2022-08-23,10,33.12964993,212.0
543,2022-08-23,11,87.52540829,214.0
544,2022-08-23,12,84.33152205,342.0
545,2022-08-23,13,105.4210695,370.0
546,2022-08-23,14,71.24888747,478.0
547,2022-08-23,15,79.33312177,380.0
548,2022-08-23,16,103.2716541,440.0
549,2022-08-23,17,119.1363264,365.0
550,2022-08-23,18,80.33066577,576.0
551,2022-08-23,19,116.2251226,423.0
552,2022-08-23,20,122.5341694,391.0
553,2022-08-23,21,101.7737283,317.0
554,2022-08-23,22,91.47153886,359.0
555,2022-08-23,23,102.7196792,392.0
556,2022-08-24,0,82.81923927,592.0
557,2022-08-24,1,114.501006,345.0
558,2022-08-24,2,67.94959817,417.0
559,2022-08-24,3,100.9836318,200.0
560,2022-08-24,4,44.96091202,322.0
561,2022-08-24,5,109.6271228,263.0
562,2022-08-24,6,88.99261289,201.0
563,2022-08-24,7,43.11042813,143.0
564,2022-08-24,8,52.06317056,123.0
565,2022-08-24,9,56.54631098,127.0
566,2022-08-24,10,42.853038,210.0
567,2022-08-24,11,101.1867369,199.0
568,2022-08-24,12,113.3208511,454.0
569,2022-08-24,13,125.8861983,396.0
570,2022-08-24,14,88.84879858,504.0
571,2022-08-24,15,99.04854796,406.0
572,2022-08-24,16,97.43956181,416.0
573,2022-08-24,17,90.48236717,542.0
574,2022-08-24,18,93.75265733,368.0
575,2022-08-24,19,72.76715469,523.0
576,2022-08-24,20,145.0676814,535.0
577,2022-08-24,21,68.6306522,550.0
578,2022-08-24,22,116.8528917,343.0
579,2022-08-24,23,82.2273601,385.0
580,2022-08-25,0,90.76794392,476.0
581,2022-08-25,1,101.0408495,328.0
582,2022-08-25,2,79.01783919,399.0
583,2022-08-25,3,90.62913664,213.0
584,2022-08-25,4,48.72169522,365.0
585,2022-08-25,5,83.8317913,206.0
586,2022-08-25,6,38.55369695,235.0
587,2022-08-25,7,98.66777427,109.0
588,2022-08-25,8,20.42029925,211.0
589,2022-08-25,9,111.2012372,67.0
590,2022-08-25,10,63.32743167,277.0
591,2022-08-25,11,80.75618019,155.0
592,2022-08-25,12,74.12160499,428.0
593,2022-08-25,13,91.29218604,317.0
594,2022-08-25,14,101.7718832,579.0
595,2022-08-25,15,107.6000869,384.0
596,2022-08-25,16,75.63082743,420.0
597,2022-08-25,17,131.7089186,403.0
598,2022-08-25,18,91.0122596,592.0
599,2022-08-25,19,148.5768914,428.0
600,2022-08-25,20,93.05519626,434.0
601,2022-08-25,21,118.389131,346.0
602,2022-08-25,22,119.3276125,396.0
603,2022-08-25,23,98.89657108,289.0
604,2022-08-26,0,104.6050017,506.0
605,2022-08-26,1,118.2860529,400.0
606,2022-08-26,2,95.88824665,403.0
607,2022-08-26,3,113.1784606,216.0
608,2022-08-26,4,82.61709785,355.0
609,2022-08-26,5,120.8335463,330.0
610,2022-08-26,6,66.90443863,170.0
611,2022-08-26,7,49.65060687,171.0
612,2022-08-26,8,36.45055349,188.0
613,2022-08-26,9,41.46717212,159.0
614,2022-08-26,10,74.08676944,232.0
615,2022-08-26,11,68.26212931,315.0
616,2022-08-26,12,92.47747464,347.0
617,2022-08-26,13,92.54270135,455.0
618,2022-08-26,14,101.8971186,417.0
619,2022-08-26,15,102.2135594,439.0
620,2022-08-26,16,96.71395588,413.0
621,2022-08-26,17,106.201701,330.0
622,2022-08-26,18,83.02762045,423.0
623,2022-08-26,19,92.34860252,381.0
624,2022-08-26,20,92.92049507,422.0
625,2022-08-26,21,106.6835143,308.0
626,2022-08-26,22,92.36604722,357.0
627,2022-08-26,23,118.9507924,314.0
628,2022-08-27,0,104.9962099,400.0
629,2022-08-27,1,170.3546011,296.0
630,2022-08-27,2,79.76218481,431.0
631,2022-08-27,3,106.4945893,279.0
632,2022-08-27,4,68.82007767,341.0
633,2022-08-27,5,80.01173956,367.0
634,2022-08-27,6,53.8636366,134.0
635,2022-08-27,7,39.47785462,162.0
636,2022-08-27,8,43.08593621,136.0
637,2022-08-27,9,37.59301335,117.0
638,2022-08-27,10,47.62820761,233.0
639,2022-08-27,11,84.0413648,113.0
640,2022-08-27,12,57.53747043,331.0
641,2022-08-27,13,111.1702424,232.0
642,2022-08-27,14,75.29627142,468.0
643,2022-08-27,15,135.4847774,324.0
644,2022-08-27,16,110.8433746,369.0
645,2022-08-27,17,121.8445813,432.0
646,2022-08-27,18,106.8814496,275.0
647,2022-08-27,19,75.70887413,437.0
648,2022-08-27,20,95.24139151,392.0
649,2022-08-27,21,85.35677751,465.0
650,2022-08-27,22,126.3408613,278.0
651,2022-08-27,23,108.0545652,422.0
652,2022-08-28,0,92.31782367,471.0
653,2022-08-28,1,132.8229911,200.0
654,2022-08-28,2,77.84539621,453.0
655,2022-08-28,3,94.26867581,222.0
656,2022-08-28,4,69.79587834,411.0
657,2022-08-28,5,76.80722061,380.0
658,2022-08-28,6,44.74742094,240.0
659,2022-08-28,7,93.74448828,163.0
660,2022-08-28,8,40.87418525,203.0
661,2022-08-28,9,29.04730614,82.0
662,2022-08-28,10,50.46247424,137.0
663,2022-08-28,11,41.07604336,109.0
664,2022-08-28,12,82.60189888,261.0
665,2022-08-28,13,116.199267,265.0
666,2022-08-28,14,85.65563853,476.0
667,2022-08-28,15,120.3021077,431.0
668,2022-08-28,16,114.1930265,587.0
669,2022-08-28,17,104.2921703,296.0
670,2022-08-28,18,108.6326322,438.0
671,2022-08-28,19,114.7660752,326.0
672,2022-08-28,20,126.9528237,500.0
673,2022-08-28,21,101.3277963,243.0
674,2022-08-28,22,77.13907859,482.0
675,2022-08-28,23,157.5195953,228.0
676,2022-08-29,0,84.5320924,392.0
677,2022-08-29,1,129.5877757,312.0
678,2022-08-29,2,102.8441275,481.0
679,2022-08-29,3,78.67138112,218.0
680,2022-08-29,4,74.326412,229.0
681,2022-08-29,5,73.8978558,319.0
682,2022-08-29,6,26.44988395,167.0
683,2022-08-29,7,41.64797649,128.0
684,2022-08-29,8,38.4381648,158.0
685,2022-08-29,9,30.67827417,145.0
686,2022-08-29,10,52.7687765,147.0
687,2022-08-29,11,98.3190585,196.0
688,2022-08-29,12,74.19080701,369.0
689,2022-08-29,13,113.0745245,384.0
690,2022-08-29,14,96.97211803,446.0
691,2022-08-29,15,117.4616889,483.0
692,2022-08-29,16,138.870004,429.0
693,2022-08-29,17,117.325426,412.0
694,2022-08-29,18,125.861273,390.0
695,2022-08-29,19,100.8611429,582.0
696,2022-08-29,20,115.310323,428.0
697,2022-08-29,21,109.755733,343.0
698,2022-08-29,22,137.1049891,412.0
699,2022-08-29,23,120.8090694,279.0
700,2022-08-30,0,85.82848274,408.0
701,2022-08-30,1,142.8705376,241.0
702,2022-08-30,2,84.42943218,436.0
703,2022-08-30,3,100.9318638,228.0
704,2022-08-30,4,45.11325698,296.0
705,2022-08-30,5,94.50556483,279.0
706,2022-08-30,6,34.8687258,234.0
707,2022-08-30,7,29.97325066,97.0
708,2022-08-30,8,25.16499033,228.0
709,2022-08-30,9,114.0975453,42.0
710,2022-08-30,10,29.43889094,257.0
711,2022-08-30,11,128.5844418,176.0
712,2022-08-30,12,76.53072194,429.0
713,2022-08-30,13,77.54558224,406.0
714,2022-08-30,14,80.24305442,414.0
715,2022-08-30,15,76.46454031,447.0
716,2022-08-30,16,97.98084806,329.0
717,2022-08-30,17,121.5327777,390.0
718,2022-08-30,18,76.81109267,565.0
719,2022-08-30,19,113.163207,407.0
720,2022-08-30,20,82.22217891,473.0
721,2022-08-30,21,124.5748665,347.0
722,2022-08-30,22,104.7024505,393.0
723,2022-08-30,23,100.1380215,479.0
724,2022-08-31,0,87.7553831,623.0
725,2022-08-31,1,149.493842,425.0
726,2022-08-31,2,74.0393217,455.0
727,2022-08-31,3,98.77015431,234.0
728,2022-08-31,4,63.17050671,342.0
729,2022-08-31,5,107.8396377,305.0
730,2022-08-31,6,49.01664732,230.0
731,2022-08-31,7,63.09593396,105.0
732,2022-08-31,8,41.34553033,199.0
733,2022-08-31,9,84.21245001,130.0
734,2022-08-31,10,38.22057458,238.0
735,2022-08-31,11,81.8388508,241.0
736,2022-08-31,12,108.4159025,423.0
737,2022-08-31,13,126.9209678,345.0
738,2022-08-31,14,74.47664756,477.0
739,2022-08-31,15,125.5448579,392.0
740,2022-08-31,16,98.8367127,427.0
741,2022-08-31,17,98.92844049,351.0
742,2022-08-31,18,86.72740042,410.0
743,2022-08-31,19,83.25868859,382.0
744,2022-08-31,20,85.50464523,425.0
745,2022-08-31,21,107.0529817,378.0
746,2022-08-31,22,97.22116292,326.0
747,2022-08-31,23,136.6623624,288.0
748,2022-09-01,0,90.92296976,517.0
749,2022-09-01,1,91.91608376,358.0
750,2022-09-01,2,82.06452505,469.0
751,2022-09-01,3,107.1210004,214.0
752,2022-09-01,4,32.48223879,368.0
753,2022-09-01,5,92.86729,262.0
754,2022-09-01,6,45.61662931,217.0
755,2022-09-01,7,69.185935,114.0
756,2022-09-01,8,25.1536994,141.0
757,2022-09-01,9,52.77820909,132.0
758,2022-09-01,10,39.8313674,254.0
759,2022-09-01,11,71.46986258,212.0
760,2022-09-01,12,82.32933242,394.0
761,2022-09-01,13,83.35345921,425.0
762,2022-09-01,14,92.7630891,491.0
763,2022-09-01,15,79.85407694,425.0
764,2022-09-01,16,93.89948011,331.0
765,2022-09-01,17,87.27580485,494.0
766,2022-09-01,18,109.3597546,464.0
767,2022-09-01,19,109.2751874,503.0
768,2022-09-01,20,114.3012044,459.0
769,2022-09-01,21,103.2880534,356.0
770,2022-09-01,22,71.93681318,429.0
771,2022-09-01,23,96.2785386,321.0
772,2022-09-02,0,76.61010818,551.0
773,2022-09-02,1,112.3017931,347.0
774,2022-09-02,2,82.15922002,402.0
775,2022-09-02,3,100.522628,292.0
776,2022-09-02,4,58.51029729,274.0
777,2022-09-02,5,91.60832963,327.0
778,2022-09-02,6,40.39943179,157.0
779,2022-09-02,7,62.44396424,115.0
780,2022-09-02,8,40.13896234,169.0
781,2022-09-02,9,43.06776072,205.0
782,2022-09-02,10,71.38964034,161.0
783,2022-09-02,11,68.76268283,322.0
784,2022-09-02,12,84.826492,354.0
785,2022-09-02,13,85.66459226,523.0
786,2022-09-02,14,81.41535027,427.0
787,2022-09-02,15,84.68542973,513.0
788,2022-09-02,16,130.9284769,328.0
789,2022-09-02,17,116.6458001,446.0
790,2022-09-02,18,82.0157766,381.0
791,2022-09-02,19,105.6317209,408.0
792,2022-09-02,20,83.8231147,458.0
793,2022-09-02,21,140.7047645,297.0
794,2022-09-02,22,76.41291996,308.0
795,2022-09-02,23,99.37023628,219.0
796,2022-09-03,0,75.13957812,456.0
797,2022-09-03,1,162.641474,208.0
798,2022-09-03,2,103.5999897,308.0
799,2022-09-03,3,98.75191389,215.0
800,2022-09-03,4,74.31059237,308.0
801,2022-09-03,5,86.40952254,310.0
802,2022-09-03,6,36.42785922,207.0
803,2022-09-03,7,57.37600906,85.0
804,2022-09-03,8,31.00282004,265.0
805,2022-09-03,9,99.08002756,48.0
806,2022-09-03,10,36.63681406,262.0
807,2022-09-03,11,50.16568664,120.0
808,2022-09-03,12,107.2384989,265.0
809,2022-09-03,13,93.27398761,234.0
810,2022-09-03,14,91.76011412,302.0
811,2022-09-03,15,81.33839333,334.0
812,2022-09-03,16,121.9046222,274.0
813,2022-09-03,17,114.6706987,402.0
814,2022-09-03,18,96.39465233,375.0
815,2022-09-03,19,117.5035237,338.0
816,2022-09-03,20,98.08757267,376.0
817,2022-09-03,21,94.57615529,316.0
818,2022-09-03,22,102.7566,322.0
819,2022-09-03,23,70.41895691,293.0
820,2022-09-04,0,74.10496047,392.0
821,2022-09-04,1,113.9658087,253.0
822,2022-09-04,2,74.93028714,399.0
823,2022-09-04,3,85.55919634,193.0
824,2022-09-04,4,46.41144494,271.0
825,2022-09-04,5,88.53026236,289.0
826,2022-09-04,6,39.79338002,147.0
827,2022-09-04,7,40.65744348,95.0
828,2022-09-04,8,22.52123244,207.0
829,2022-09-04,9,33.81346987,71.0
830,2022-09-04,10,25.94892826,188.0
831,2022-09-04,11,90.10395803,110.0
832,2022-09-04,12,53.18354975,236.0
833,2022-09-04,13,110.9802182,182.0
834,2022-09-04,14,63.65560712,311.0
835,2022-09-04,15,98.61515086,269.0
836,2022-09-04,16,79.34923324,321.0
837,2022-09-04,17,110.0284875,202.0
838,2022-09-04,18,97.145198,293.0
839,2022-09-04,19,91.30379495,279.0
840,2022-09-04,20,67.40016903,403.0
841,2022-09-04,21,98.70065932,344.0
842,2022-09-04,22,73.86888048,455.0
843,2022-09-04,23,90.29684446,228.0
844,2022-09-05,0,86.50572911,365.0
845,2022-09-05,1,100.2971353,304.0
846,2022-09-05,2,90.07421604,295.0
847,2022-09-05,3,126.7707456,222.0
848,2022-09-05,4,61.91542145,210.0
849,2022-09-05,5,109.4985964,481.0
850,2022-09-05,6,68.03617732,246.0
851,2022-09-05,7,101.2993408,178.0
852,2022-09-05,8,69.24084602,129.0
853,2022-09-05,9,27.45975389,112.0
854,2022-09-05,10,30.98714941,169.0
855,2022-09-05,11,92.85989245,133.0
856,2022-09-05,12,82.24505666,278.0
857,2022-09-05,13,78.03211621,241.0
858,2022-09-05,14,91.81424383,352.0
859,2022-09-05,15,83.45357429,284.0
860,2022-09-05,16,72.88206722,335.0
861,2022-09-05,17,84.56583819,341.0
862,2022-09-05,18,94.30726792,411.0
863,2022-09-05,19,70.22143913,349.0
864,2022-09-05,20,167.2693762,401.0
865,2022-09-05,21,105.0841076,346.0
866,2022-09-05,22,83.05089958,393.0
867,2022-09-05,23,69.82051852,424.0
868,2022-09-06,0,88.72363251,561.0
869,2022-09-06,1,113.2653516,293.0
870,2022-09-06,2,66.58768624,364.0
871,2022-09-06,3,112.790942,152.0
872,2022-09-06,4,52.46038808,223.0
873,2022-09-06,5,88.26934581,252.0
874,2022-09-06,6,31.56956372,237.0
875,2022-09-06,7,43.93657302,54.0
876,2022-09-06,8,23.18480609,218.0
877,2022-09-06,9,77.48640566,73.0
878,2022-09-06,10,31.01827058,216.0
879,2022-09-06,11,87.76470278,236.0
880,2022-09-06,12,87.2150171,385.0
881,2022-09-06,13,97.24880597,419.0
882,2022-09-06,14,171.3289502,452.0
883,2022-09-06,15,88.22895159,364.0
884,2022-09-06,16,119.1033618,392.0
885,2022-09-06,17,81.6695192,470.0
886,2022-09-06,18,71.55919436,383.0
887,2022-09-06,19,93.12330239,398.0
888,2022-09-06,20,106.2819163,370.0
889,2022-09-06,21,89.16632382,377.0
890,2022-09-06,22,87.31274467,348.0
891,2022-09-06,23,109.8217114,424.0
892,2022-09-07,0,96.13505147,408.0
893,2022-09-07,1,154.5551356,197.0
894,2022-09-07,2,76.10586993,417.0
895,2022-09-07,3,113.1808262,146.0
896,2022-09-07,4,43.99017648,274.0
897,2022-09-07,5,111.4698568,189.0
898,2022-09-07,6,21.81390857,234.0
899,2022-09-07,7,41.17177135,56.0
900,2022-09-07,8,20.20904233,177.0
901,2022-09-07,9,82.66269111,79.0
902,2022-09-07,10,39.4249154,224.0
903,2022-09-07,11,93.24130763,205.0
904,2022-09-07,12,96.7947907,389.0
905,2022-09-07,13,116.1867032,441.0
906,2022-09-07,14,64.31204711,527.0
907,2022-09-07,15,120.346934,332.0
908,2022-09-07,16,86.32406674,414.0
909,2022-09-07,17,95.93144385,408.0
910,2022-09-07,18,71.8171155,356.0
911,2022-09-07,19,111.147327,412.0
912,2022-09-07,20,102.9373357,407.0
913,2022-09-07,21,120.6169969,461.0
914,2022-09-07,22,146.8759361,394.0
915,2022-09-07,23,116.2283101,456.0
916,2022-09-08,0,62.60870293,476.0
917,2022-09-08,1,110.8127566,260.0
918,2022-09-08,2,95.96860585,407.0
919,2022-09-08,3,98.61414697,193.0
920,2022-09-08,4,60.06983971,365.0
921,2022-09-08,5,87.1466895,303.0
922,2022-09-08,6,32.88204493,221.0
923,2022-09-08,7,46.30567094,101.0
924,2022-09-08,8,33.86513112,173.0
925,2022-09-08,9,47.36663418,77.0
926,2022-09-08,10,44.84679233,299.0
927,2022-09-08,11,106.0617086,215.0
928,2022-09-08,12,81.68725818,380.0
929,2022-09-08,13,103.8759062,420.0
930,2022-09-08,14,86.49134355,506.0
931,2022-09-08,15,103.4156167,455.0
932,2022-09-08,16,82.21014123,534.0
933,2022-09-08,17,113.5553751,401.0
934,2022-09-08,18,89.28549799,596.0
935,2022-09-08,19,131.0008153,404.0
936,2022-09-08,20,97.03077209,514.0
937,2022-09-08,21,78.14723926,462.0
938,2022-09-08,22,106.8040263,397.0
939,2022-09-08,23,87.90406815,431.0
940,2022-09-09,0,70.97748698,537.0
941,2022-09-09,1,100.3140451,361.0
942,2022-09-09,2,67.00131231,406.0
943,2022-09-09,3,128.6711335,173.0
944,2022-09-09,4,66.59454015,399.0
945,2022-09-09,5,72.72363745,253.0
946,2022-09-09,6,28.11209334,212.0
947,2022-09-09,7,27.56841007,117.0
948,2022-09-09,8,25.51383017,184.0
949,2022-09-09,9,41.47910892,151.0
950,2022-09-09,10,42.5124103,219.0
951,2022-09-09,11,53.78798613,269.0
952,2022-09-09,12,89.55161152,412.0
953,2022-09-09,13,115.6030067,444.0
954,2022-09-09,14,74.33399484,569.0
955,2022-09-09,15,113.5768734,359.0
956,2022-09-09,16,89.95021175,390.0
957,2022-09-09,17,76.33516451,375.0
958,2022-09-09,18,84.04777882,397.0
959,2022-09-09,19,79.75089486,376.0
960,2022-09-09,20,117.4395089,410.0
961,2022-09-09,21,86.95636543,440.0
962,2022-09-09,22,104.9986574,333.0
963,2022-09-09,23,82.70928328,345.0
964,2022-09-10,0,81.14398636,408.0
965,2022-09-10,1,121.5458494,284.0
966,2022-09-10,2,87.65274515,467.0
967,2022-09-10,3,97.36132505,249.0
968,2022-09-10,4,70.60157506,278.0
969,2022-09-10,5,84.22973367,210.0
970,2022-09-10,6,22.54176923,193.0
971,2022-09-10,7,54.77898283,144.0
972,2022-09-10,8,28.33855525,161.0
973,2022-09-10,9,37.99595202,87.0
974,2022-09-10,10,27.28573756,188.0
975,2022-09-10,11,93.40745336,136.0
976,2022-09-10,12,66.88047112,259.0
977,2022-09-10,13,91.92094114,190.0
978,2022-09-10,14,66.75613659,358.0
979,2022-09-10,15,124.7290935,303.0
980,2022-09-10,16,74.44860498,343.0
981,2022-09-10,17,120.1053349,310.0
982,2022-09-10,18,84.22154005,357.0
983,2022-09-10,19,119.7087629,270.0
984,2022-09-10,20,98.91771903,440.0
985,2022-09-10,21,91.07787298,234.0
986,2022-09-10,22,78.1997041,317.0
987,2022-09-10,23,95.72805334,323.0
988,2022-09-11,0,104.4950131,409.0
989,2022-09-11,1,98.07591942,213.0
990,2022-09-11,2,78.88305512,334.0
991,2022-09-11,3,85.5616265,262.0
992,2022-09-11,4,81.47998084,328.0
993,2022-09-11,5,101.6434276,246.0
994,2022-09-11,6,47.28088977,173.0
995,2022-09-11,7,69.79257396,108.0
996,2022-09-11,8,36.65118311,174.0
997,2022-09-11,9,41.12393314,144.0
998,2022-09-11,10,73.92779061,213.0
999,2022-09-11,11,56.32772947,162.0
1000,2022-09-11,12,64.07883009,292.0
1001,2022-09-11,13,99.45958076,232.0
1002,2022-09-11,14,70.261706,346.0
1003,2022-09-11,15,105.536094,300.0
1004,2022-09-11,16,87.51656021,346.0
1005,2022-09-11,17,124.140422,354.0
1006,2022-09-11,18,96.72741848,391.0
1007,2022-09-11,19,135.3940945,450.0
1008,2022-09-11,20,111.780949,385.0
1009,2022-09-11,21,135.4546154,302.0
1010,2022-09-11,22,91.40409983,360.0
1011,2022-09-11,23,105.3881757,308.0
1012,2022-09-12,0,89.56815232,411.0
1013,2022-09-12,1,109.8038406,265.0
1014,2022-09-12,2,73.87895748,375.0
1015,2022-09-12,3,71.08849221,218.0
1016,2022-09-12,4,99.59468237,278.0
1017,2022-09-12,5,78.34059019,262.0
1018,2022-09-12,6,42.795403,205.0
1019,2022-09-12,7,89.80357559,115.0
1020,2022-09-12,8,35.25031518,219.0
1021,2022-09-12,9,44.33235857,64.0
1022,2022-09-12,10,28.05627208,267.0
1023,2022-09-12,11,79.23407278,209.0
1024,2022-09-12,12,95.23097876,391.0
1025,2022-09-12,13,88.33945095,465.0
1026,2022-09-12,14,64.86924481,601.0
1027,2022-09-12,15,103.8075129,562.0
1028,2022-09-12,16,102.5075292,543.0
1029,2022-09-12,17,105.489372,403.0
1030,2022-09-12,18,95.17567649,465.0
1031,2022-09-12,19,112.6876158,434.0
1032,2022-09-12,20,158.32696,466.0
1033,2022-09-12,21,91.47917233,542.0
1034,2022-09-12,22,106.2267513,383.0
1035,2022-09-12,23,92.78125026,422.0
1036,2022-09-13,0,85.74191873,531.0
1037,2022-09-13,1,94.58486616,338.0
1038,2022-09-13,2,82.54883912,484.0
1039,2022-09-13,3,126.6709299,249.0
1040,2022-09-13,4,99.2037369,440.0
1041,2022-09-13,5,80.65700319,242.0
1042,2022-09-13,6,33.35763934,197.0
1043,2022-09-13,7,45.94413798,94.0
1044,2022-09-13,8,37.91558593,216.0
1045,2022-09-13,9,93.40754801,72.0
1046,2022-09-13,10,42.28654431,262.0
1047,2022-09-13,11,91.94494719,145.0
1048,2022-09-13,12,102.4213718,514.0
1049,2022-09-13,13,134.5790969,392.0
1050,2022-09-13,14,82.02269034,570.0
1051,2022-09-13,15,159.6618771,409.0
1052,2022-09-13,16,104.37985,442.0
1053,2022-09-13,17,101.7844365,314.0
1054,2022-09-13,18,96.04414477,464.0
1055,2022-09-13,19,99.39644343,401.0
1056,2022-09-13,20,96.4324088,430.0
1057,2022-09-13,21,77.20225699,431.0
1058,2022-09-13,22,121.193587,412.0
1059,2022-09-13,23,106.005591,328.0
1060,2022-09-14,0,83.462856,515.0
1061,2022-09-14,1,116.5401498,412.0
1062,2022-09-14,2,88.53943528,360.0
1063,2022-09-14,3,55.61403005,308.0
1064,2022-09-14,4,95.12097114,246.0
1065,2022-09-14,5,70.1204203,234.0
1066,2022-09-14,6,37.16315087,186.0
1067,2022-09-14,7,29.90035885,117.0
1068,2022-09-14,8,46.78410188,118.0
1069,2022-09-14,9,92.9808255,154.0
1070,2022-09-14,10,45.5772053,260.0
1071,2022-09-14,11,60.09232132,235.0
1072,2022-09-14,12,111.3335513,434.0
1073,2022-09-14,13,141.6904122,402.0
1074,2022-09-14,14,87.29143118,461.0
1075,2022-09-14,15,86.5696835,396.0
1076,2022-09-14,16,102.8541111,312.0
1077,2022-09-14,17,83.12786869,343.0
1078,2022-09-14,18,88.65622118,408.0
1079,2022-09-14,19,142.2544103,390.0
1080,2022-09-14,20,112.5817212,333.0
1081,2022-09-14,21,96.24349078,369.0
1082,2022-09-14,22,127.4591916,381.0
1083,2022-09-14,23,98.97780271,237.0
1084,2022-09-15,0,78.59017543,404.0
1085,2022-09-15,1,105.666182,308.0
1086,2022-09-15,2,83.42158031,432.0
1087,2022-09-15,3,113.9621378,206.0
1088,2022-09-15,4,109.9058259,256.0
1089,2022-09-15,5,92.46941166,276.0
1090,2022-09-15,6,35.78534992,150.0
1091,2022-09-15,7,44.12936855,118.0
1092,2022-09-15,8,21.74853903,155.0
1093,2022-09-15,9,42.18592277,156.0
1094,2022-09-15,10,40.29299044,171.0
1095,2022-09-15,11,73.55450032,231.0
1096,2022-09-15,12,98.39661141,339.0
1097,2022-09-15,13,106.0005603,480.0
1098,2022-09-15,14,117.2839531,442.0
1099,2022-09-15,15,90.92796023,446.0
1100,2022-09-15,16,150.841088,438.0
1101,2022-09-15,17,115.0002874,355.0
1102,2022-09-15,18,92.42959564,514.0
1103,2022-09-15,19,109.7636416,395.0
1104,2022-09-15,20,115.5255391,447.0
1105,2022-09-15,21,84.28833438,412.0
1106,2022-09-15,22,96.7321404,288.0
1107,2022-09-15,23,97.62683046,414.0
1108,2022-09-16,0,109.0408994,531.0
1109,2022-09-16,1,124.1873545,318.0
1110,2022-09-16,2,80.58003485,417.0
1111,2022-09-16,3,102.5878283,196.0
1112,2022-09-16,4,59.53000003,300.0
1113,2022-09-16,5,124.6846805,133.0
1114,2022-09-16,6,39.36721817,214.0
1115,2022-09-16,7,56.16642548,101.0
1116,2022-09-16,8,36.00919991,155.0
1117,2022-09-16,9,33.52811032,101.0
1118,2022-09-16,10,40.34740833,230.0
1119,2022-09-16,11,99.76006574,216.0
1120,2022-09-16,12,74.06219245,333.0
1121,2022-09-16,13,137.6974745,321.0
1122,2022-09-16,14,110.998776,437.0
1123,2022-09-16,15,91.20469174,373.0
1124,2022-09-16,16,93.29082347,411.0
1125,2022-09-16,17,98.01658012,342.0
1126,2022-09-16,18,102.2123586,408.0
1127,2022-09-16,19,119.3947648,372.0
1128,2022-09-16,20,90.63279597,344.0
1129,2022-09-16,21,125.2294517,258.0
1130,2022-09-16,22,87.54809161,349.0
1131,2022-09-16,23,71.81937318,284.0
1132,2022-09-17,0,86.38553165,469.0
1133,2022-09-17,1,127.2871571,240.0
1134,2022-09-17,2,94.71434241,346.0
1135,2022-09-17,3,117.873376,211.0
1136,2022-09-17,4,66.59647501,291.0
1137,2022-09-17,5,81.98486085,197.0
1138,2022-09-17,6,46.36105881,186.0
1139,2022-09-17,7,69.80777765,49.0
1140,2022-09-17,8,28.09305992,177.0
1141,2022-09-17,9,38.99819779,45.0
1142,2022-09-17,10,36.88633165,215.0
1143,2022-09-17,11,122.0163981,115.0
1144,2022-09-17,12,69.4434389,234.0
1145,2022-09-17,13,124.9243544,215.0
1146,2022-09-17,14,91.51840139,301.0
1147,2022-09-17,15,100.1482328,332.0
1148,2022-09-17,16,79.94853558,307.0
1149,2022-09-17,17,106.0775311,353.0
1150,2022-09-17,18,120.8093852,319.0
1151,2022-09-17,19,106.9586858,364.0
1152,2022-09-17,20,124.5810289,424.0
1153,2022-09-17,21,90.58644306,401.0
1154,2022-09-17,22,84.19512603,307.0
1155,2022-09-17,23,64.60614972,437.0
1156,2022-09-18,0,80.8181308,450.0
1157,2022-09-18,1,144.0987186,195.0
1158,2022-09-18,2,90.19671713,385.0
1159,2022-09-18,3,130.6760666,158.0
1160,2022-09-18,4,90.30504298,432.0
1161,2022-09-18,5,113.6676547,221.0
1162,2022-09-18,6,43.15577579,192.0
1163,2022-09-18,7,55.07950062,95.0
1164,2022-09-18,8,59.50977944,193.0
1165,2022-09-18,9,74.26446496,68.0
1166,2022-09-18,10,23.9497126,236.0
1167,2022-09-18,11,68.31161958,168.0
1168,2022-09-18,12,67.06922536,256.0
1169,2022-09-18,13,117.3641737,210.0
1170,2022-09-18,14,85.6488673,458.0
1171,2022-09-18,15,125.7442782,331.0
1172,2022-09-18,16,81.29349709,347.0
1173,2022-09-18,17,94.70673022,345.0
1174,2022-09-18,18,107.9489183,496.0
1175,2022-09-18,19,138.1470437,305.0
1176,2022-09-18,20,76.0126797,347.0
1177,2022-09-18,21,170.3021831,244.0
1178,2022-09-18,22,104.2702943,356.0
1179,2022-09-18,23,135.3147561,349.0
1180,2022-09-19,0,91.68780043,479.0
1181,2022-09-19,1,121.3701149,257.0
1182,2022-09-19,2,69.45578218,413.0
1183,2022-09-19,3,133.0738397,211.0
1184,2022-09-19,4,73.47671193,323.0
1185,2022-09-19,5,100.6892763,170.0
1186,2022-09-19,6,43.4026825,200.0
1187,2022-09-19,7,33.30752515,83.0
1188,2022-09-19,8,29.84630188,143.0
1189,2022-09-19,9,63.6351837,142.0
1190,2022-09-19,10,78.8738644,213.0
1191,2022-09-19,11,79.94037857,253.0
1192,2022-09-19,12,104.3553404,300.0
1193,2022-09-19,13,101.6055383,388.0
1194,2022-09-19,14,92.53113369,447.0
1195,2022-09-19,15,118.340336,400.0
1196,2022-09-19,16,109.1860536,327.0
1197,2022-09-19,17,109.7809356,434.0
1198,2022-09-19,18,104.0405172,436.0
1199,2022-09-19,19,97.42857112,502.0
1200,2022-09-19,20,101.5671036,367.0
1201,2022-09-19,21,116.1668719,430.0
1202,2022-09-19,22,79.56307323,391.0
1203,2022-09-19,23,99.88095552,370.0
1204,2022-09-20,0,85.01083987,512.0
1205,2022-09-20,1,160.3962095,282.0
1206,2022-09-20,2,82.71414141,357.0
1207,2022-09-20,3,114.8194324,165.0
1208,2022-09-20,4,63.38883648,240.0
1209,2022-09-20,5,88.80163289,190.0
1210,2022-09-20,6,45.54182776,154.0
1211,2022-09-20,7,40.47010215,104.0
1212,2022-09-20,8,34.10379056,110.0
1213,2022-09-20,9,39.03905445,145.0
1214,2022-09-20,10,45.9128663,213.0
1215,2022-09-20,11,78.33060625,198.0
1216,2022-09-20,12,113.5551883,309.0
1217,2022-09-20,13,85.54379486,387.0
1218,2022-09-20,14,102.0245872,448.0
1219,2022-09-20,15,120.9012341,274.0
1220,2022-09-20,16,116.1348792,377.0
1221,2022-09-20,17,110.1328912,344.0
1222,2022-09-20,18,121.5444158,433.0
1223,2022-09-20,19,94.96084922,381.0
1224,2022-09-20,20,121.4970595,440.0
1225,2022-09-20,21,90.07502825,330.0
1226,2022-09-20,22,103.0270207,398.0
1227,2022-09-20,23,119.8814778,386.0
1228,2022-09-21,0,85.55932719,549.0
1229,2022-09-21,1,113.3316171,343.0
1230,2022-09-21,2,80.84519929,416.0
1231,2022-09-21,3,143.0004109,171.0
1232,2022-09-21,4,61.82336068,267.0
1233,2022-09-21,5,94.92351865,179.0
1234,2022-09-21,6,44.88832884,263.0
1235,2022-09-21,7,68.00621735,63.0
1236,2022-09-21,8,49.58201168,239.0
1237,2022-09-21,9,53.98318774,144.0
1238,2022-09-21,10,45.36428104,237.0
1239,2022-09-21,11,77.7645974,181.0
1240,2022-09-21,12,81.95979838,449.0
1241,2022-09-21,13,138.6393879,295.0
1242,2022-09-21,14,73.33586355,488.0
1243,2022-09-21,15,94.17525831,299.0
1244,2022-09-21,16,91.98492685,351.0
1245,2022-09-21,17,116.7804423,331.0
1246,2022-09-21,18,120.7398099,400.0
1247,2022-09-21,19,111.7735918,263.0
1248,2022-09-21,20,101.7128934,443.0
1249,2022-09-21,21,92.25438732,339.0
1250,2022-09-21,22,98.4516035,329.0
1251,2022-09-21,23,109.7888631,342.0
1252,2022-09-22,0,70.99070339,516.0
1253,2022-09-22,1,154.4548276,408.0
1254,2022-09-22,2,80.11590728,366.0
1255,2022-09-22,3,120.4816819,155.0
1256,2022-09-22,4,75.02703397,311.0
1257,2022-09-22,5,97.7781552,163.0
1258,2022-09-22,6,49.50269478,211.0
1259,2022-09-22,7,84.05805584,81.0
1260,2022-09-22,8,37.06492493,143.0
1261,2022-09-22,9,27.97664815,103.0
1262,2022-09-22,10,41.93257489,189.0
1263,2022-09-22,11,76.34971234,176.0
1264,2022-09-22,12,83.41884367,337.0
1265,2022-09-22,13,156.306475,384.0
1266,2022-09-22,14,107.8070002,482.0
1267,2022-09-22,15,105.8802914,275.0
1268,2022-09-22,16,101.0929011,355.0
1269,2022-09-22,17,102.497105,386.0
1270,2022-09-22,18,92.31225401,331.0
1271,2022-09-22,19,106.8424482,314.0
1272,2022-09-22,20,70.33712093,395.0
1273,2022-09-22,21,124.4156947,321.0
1274,2022-09-22,22,84.28276763,369.0
1275,2022-09-22,23,95.00115259,348.0
1276,2022-09-23,0,88.58761497,494.0
1277,2022-09-23,1,142.5555536,323.0
1278,2022-09-23,2,106.3564828,394.0
1279,2022-09-23,3,101.5926501,239.0
1280,2022-09-23,4,97.24767809,240.0
1281,2022-09-23,5,86.77618742,219.0
1282,2022-09-23,6,54.53061382,198.0
1283,2022-09-23,7,59.40133576,93.0
1284,2022-09-23,8,27.23908057,187.0
1285,2022-09-23,9,95.69682974,94.0
1286,2022-09-23,10,40.5984722,237.0
1287,2022-09-23,11,86.22211144,213.0
1288,2022-09-23,12,74.18690791,311.0
1289,2022-09-23,13,128.4787594,367.0
1290,2022-09-23,14,77.1849113,485.0
1291,2022-09-23,15,118.4104019,377.0
1292,2022-09-23,16,124.4499772,322.0
1293,2022-09-23,17,89.34958068,412.0
1294,2022-09-23,18,107.4051756,422.0
1295,2022-09-23,19,100.7366469,330.0
1296,2022-09-23,20,122.9530576,322.0
1297,2022-09-23,21,64.48638522,323.0
1298,2022-09-23,22,96.13190148,231.0
1299,2022-09-23,23,86.96767062,336.0
1300,2022-09-24,0,72.8188898,440.0
1301,2022-09-24,1,102.1734856,270.0
1302,2022-09-24,2,70.23422535,374.0
1303,2022-09-24,3,118.784697,199.0
1304,2022-09-24,4,64.3423537,388.0
1305,2022-09-24,5,120.9728655,158.0
1306,2022-09-24,6,29.09454939,209.0
1307,2022-09-24,7,44.54942351,25.0
1308,2022-09-24,8,20.83775549,155.0
1309,2022-09-24,9,47.24396419,92.0
1310,2022-09-24,10,36.42788023,203.0
1311,2022-09-24,11,85.80191648,114.0
1312,2022-09-24,12,53.64087763,275.0
1313,2022-09-24,13,135.5816648,186.0
1314,2022-09-24,14,91.38651836,334.0
1315,2022-09-24,15,79.46987651,268.0
1316,2022-09-24,16,93.39182354,300.0
1317,2022-09-24,17,87.6394722,273.0
1318,2022-09-24,18,102.1214375,367.0
1319,2022-09-24,19,81.82012214,303.0
1320,2022-09-24,20,102.1101521,285.0
1321,2022-09-24,21,110.6285878,261.0
1322,2022-09-24,22,100.2338655,375.0
1323,2022-09-24,23,87.82114798,341.0
1324,2022-09-25,0,69.86486983,387.0
1325,2022-09-25,1,110.5773002,262.0
1326,2022-09-25,2,83.73548963,337.0
1327,2022-09-25,3,104.3306623,215.0
1328,2022-09-25,4,74.5298388,236.0
1329,2022-09-25,5,74.26382345,273.0
1330,2022-09-25,6,76.91529697,175.0
1331,2022-09-25,7,30.4348185,96.0
1332,2022-09-25,8,72.7861865,77.0
1333,2022-09-25,9,22.23626905,194.0
1334,2022-09-25,10,65.60716237,120.0
1335,2022-09-25,11,45.23369062,191.0
1336,2022-09-25,12,98.51735337,118.0
1337,2022-09-25,13,96.0267513,287.0
1338,2022-09-25,14,115.5317708,269.0
1339,2022-09-25,15,99.196608,299.0
1340,2022-09-25,16,131.0154604,236.0
1341,2022-09-25,17,69.20646043,390.0
1342,2022-09-25,18,124.4288193,234.0
1343,2022-09-25,19,100.789559,416.0
1344,2022-09-25,20,127.3059886,234.0
1345,2022-09-25,21,115.8874787,386.0
1346,2022-09-25,22,110.7600235,329.0
1347,2022-09-25,23,109.5897611,303.0
1348,2022-09-26,0,81.68946937,508.0
1349,2022-09-26,1,119.2286931,257.0
1350,2022-09-26,2,78.0699664,339.0
1351,2022-09-26,3,92.07199811,159.0
1352,2022-09-26,4,80.89427053,293.0
1353,2022-09-26,5,98.88431476,154.0
1354,2022-09-26,6,26.00766437,231.0
1355,2022-09-26,7,101.4650058,31.0
1356,2022-09-26,8,29.87269638,214.0
1357,2022-09-26,9,36.40187462,89.0
1358,2022-09-26,10,37.60678993,262.0
1359,2022-09-26,11,124.7923755,119.0
1360,2022-09-26,12,69.87438575,382.0
1361,2022-09-26,13,121.1431168,269.0
1362,2022-09-26,14,92.90931536,445.0
1363,2022-09-26,15,120.3807491,331.0
1364,2022-09-26,16,81.25817215,395.0
1365,2022-09-26,17,76.89830542,336.0
1366,2022-09-26,18,102.5756354,524.0
1367,2022-09-26,19,127.4446191,332.0
1368,2022-09-26,20,102.5951773,476.0
1369,2022-09-26,21,107.3914039,348.0
1370,2022-09-26,22,92.62585196,390.0
1371,2022-09-26,23,105.2138776,297.0
1372,2022-09-27,0,75.63357294,438.0
1373,2022-09-27,1,120.8560184,295.0
1374,2022-09-27,2,85.58350746,299.0
1375,2022-09-27,3,97.31315789,128.0
1376,2022-09-27,4,37.32958222,244.0
1377,2022-09-27,5,76.72977251,205.0
1378,2022-09-27,6,31.77610353,217.0
1379,2022-09-27,7,45.35257059,26.0
1380,2022-09-27,8,20.6449281,174.0
1381,2022-09-27,9,41.95482743,101.0
1382,2022-09-27,10,40.22572466,208.0
1383,2022-09-27,11,69.94517826,224.0
1384,2022-09-27,12,91.61074469,297.0
1385,2022-09-27,13,109.8144448,376.0
1386,2022-09-27,14,86.3838819,403.0
1387,2022-09-27,15,120.6536505,295.0
1388,2022-09-27,16,155.5612901,246.0
1389,2022-09-27,17,112.745697,365.0
1390,2022-09-27,18,100.8362039,405.0
1391,2022-09-27,19,84.13807441,349.0
1392,2022-09-27,20,100.5265267,287.0
1393,2022-09-27,21,82.90216998,348.0
1394,2022-09-27,22,139.65734,358.0
1395,2022-09-27,23,99.85160707,386.0
1396,2022-09-28,0,68.27664119,426.0
1397,2022-09-28,1,132.6054273,282.0
1398,2022-09-28,2,78.92996392,312.0
1399,2022-09-28,3,68.92246507,246.0
1400,2022-09-28,4,70.01696958,267.0
1401,2022-09-28,5,68.34331611,286.0
1402,2022-09-28,6,39.11252174,108.0
1403,2022-09-28,7,44.04037067,178.0
1404,2022-09-28,8,20.52578158,110.0
1405,2022-09-28,9,21.04278001,190.0
1406,2022-09-28,10,60.2803052,71.0
1407,2022-09-28,11,50.57071999,230.0
1408,2022-09-28,12,89.04693054,367.0
1409,2022-09-28,13,108.2134474,362.0
1410,2022-09-28,14,114.885775,469.0
1411,2022-09-28,15,135.4921046,511.0
1412,2022-09-28,16,119.0432067,382.0
1413,2022-09-28,17,87.10251152,382.0
1414,2022-09-28,18,125.810147,400.0
1415,2022-09-28,19,103.5583619,548.0
1416,2022-09-28,20,94.95161509,385.0
1417,2022-09-28,21,93.25489946,423.0
1418,2022-09-28,22,88.3026065,340.0
1419,2022-09-28,23,110.420252,452.0
1420,2022-09-29,0,87.08834116,593.0
1421,2022-09-29,1,251.7320829,369.0
1422,2022-09-29,2,74.60564235,347.0
1423,2022-09-29,3,201.0403557,149.0
1424,2022-09-29,4,70.65192921,311.0
1425,2022-09-29,5,105.1212077,155.0
1426,2022-09-29,6,38.39495225,284.0
1427,2022-09-29,7,53.22065638,63.0
1428,2022-09-29,8,31.38457826,220.0
1429,2022-09-29,9,40.07834285,120.0
1430,2022-09-29,10,49.79189946,132.0
1431,2022-09-29,11,60.94393374,209.0
1432,2022-09-29,12,98.45634528,293.0
1433,2022-09-29,13,123.8009564,354.0
1434,2022-09-29,14,86.81849886,483.0
1435,2022-09-29,15,102.0220882,340.0
1436,2022-09-29,16,92.02875093,349.0
1437,2022-09-29,17,70.40630611,438.0
1438,2022-09-29,18,82.08264614,374.0
1439,2022-09-29,19,94.21094286,446.0
1440,2022-09-29,20,89.93590069,364.0
1441,2022-09-29,21,95.22890547,346.0
1442,2022-09-29,22,110.4032972,275.0
1443,2022-09-29,23,114.3200003,409.0
1444,2022-09-30,0,84.53604678,448.0
1445,2022-09-30,1,103.2799549,220.0
1446,2022-09-30,2,70.22252967,408.0
1447,2022-09-30,3,103.2977396,236.0
1448,2022-09-30,4,140.2135322,363.0
1449,2022-09-30,5,95.60721364,172.0
1450,2022-09-30,6,39.670803,233.0
1451,2022-09-30,7,51.10603969,90.0
1452,2022-09-30,8,48.19491744,171.0
1453,2022-09-30,9,61.70098032,112.0
1454,2022-09-30,10,64.32471682,213.0
1455,2022-09-30,11,77.91924431,168.0
1456,2022-09-30,12,110.2124763,304.0
1457,2022-09-30,13,109.4167196,411.0
1458,2022-09-30,14,112.8489275,497.0
1459,2022-09-30,15,92.08212324,420.0
1460,2022-09-30,16,129.0102087,564.0
1461,2022-09-30,17,87.11513283,307.0
1462,2022-09-30,18,118.2826969,319.0
1463,2022-09-30,19,95.3945453,336.0
1464,2022-09-30,20,112.0046203,356.0
1465,2022-09-30,21,122.9276858,337.0
1466,2022-09-30,22,113.1416811,317.0
1467,2022-09-30,23,91.64965753,338.0
1468,2022-10-01,0,106.1305747,490.0
1469,2022-10-01,1,125.5265959,206.0
1470,2022-10-01,2,122.4232853,414.0
1471,2022-10-01,3,129.8058718,169.0
1472,2022-10-01,4,77.92618066,518.0
1473,2022-10-01,5,75.25295135,171.0
1474,2022-10-01,6,46.68463108,250.0
1475,2022-10-01,7,82.15597317,64.0
1476,2022-10-01,8,22.29452455,217.0
1477,2022-10-01,9,59.25221721,52.0
1478,2022-10-01,10,56.62683089,207.0
1479,2022-10-01,11,65.32661343,116.0
1480,2022-10-01,12,75.18906851,204.0
1481,2022-10-01,13,81.40471539,229.0
1482,2022-10-01,14,160.6222961,449.0
1483,2022-10-01,15,168.268351,298.0
1484,2022-10-01,16,111.1218754,497.0
1485,2022-10-01,17,140.5506238,312.0
1486,2022-10-01,18,82.40891911,319.0
1487,2022-10-01,19,109.88727,330.0
1488,2022-10-01,20,86.09192285,305.0
1489,2022-10-01,21,109.3183685,335.0
1490,2022-10-01,22,69.15984636,333.0
1491,2022-10-01,23,117.7922221,319.0
1492,2022-10-02,0,67.52132491,414.0
1493,2022-10-02,1,120.7164913,203.0
1494,2022-10-02,2,70.18032726,374.0
1495,2022-10-02,3,92.44154133,194.0
1496,2022-10-02,4,84.14632328,373.0
1497,2022-10-02,5,62.44491051,177.0
1498,2022-10-02,6,50.91927427,207.0
1499,2022-10-02,7,61.63167715,103.0
1500,2022-10-02,8,26.65000577,121.0
1501,2022-10-02,9,35.3310871,119.0
1502,2022-10-02,10,27.59473097,135.0
1503,2022-10-02,11,59.85903172,157.0
1504,2022-10-02,12,54.76568423,203.0
1505,2022-10-02,13,96.93075928,230.0
1506,2022-10-02,14,67.52839022,318.0
1507,2022-10-02,15,118.7300782,281.0
1508,2022-10-02,16,82.56500251,407.0
1509,2022-10-02,17,126.7636299,180.0
1510,2022-10-02,18,87.92890332,383.0
1511,2022-10-02,19,135.05094,210.0
1512,2022-10-02,20,86.84295179,386.0
1513,2022-10-02,21,143.0946415,176.0
1514,2022-10-02,22,105.4555402,446.0
1515,2022-10-02,23,127.2115155,377.0
1516,2022-10-03,0,101.3925273,520.0
1517,2022-10-03,1,165.3633103,273.0
1518,2022-10-03,2,77.91623903,397.0
1519,2022-10-03,3,131.2974071,165.0
1520,2022-10-03,4,68.02573869,306.0
1521,2022-10-03,5,65.20835905,170.0
1522,2022-10-03,6,36.98004144,185.0
1523,2022-10-03,7,42.72185748,110.0
1524,2022-10-03,8,38.93324664,161.0
1525,2022-10-03,9,41.67348728,125.0
1526,2022-10-03,10,50.12866132,208.0
1527,2022-10-03,11,91.59358419,178.0
1528,2022-10-03,12,99.45172518,305.0
1529,2022-10-03,13,96.43296084,276.0
1530,2022-10-03,14,127.7938907,323.0
1531,2022-10-03,15,129.8019706,296.0
1532,2022-10-03,16,109.8961822,403.0
1533,2022-10-03,17,101.3372792,310.0
1534,2022-10-03,18,127.2075855,328.0
1535,2022-10-03,19,148.9951292,431.0
1536,2022-10-03,20,136.4648057,394.0
1537,2022-10-03,21,120.7121658,192.0
1538,2022-10-03,22,96.74203274,344.0
1539,2022-10-03,23,126.4855062,337.0
1540,2022-10-04,0,113.3439628,501.0
1541,2022-10-04,1,142.656656,323.0
1542,2022-10-04,2,74.80550951,336.0
1543,2022-10-04,3,118.6476272,188.0
1544,2022-10-04,4,70.05553691,364.0
1545,2022-10-04,5,94.11635348,206.0
1546,2022-10-04,6,33.02839151,245.0
1547,2022-10-04,7,79.19299548,82.0
1548,2022-10-04,8,21.19049714,199.0
1549,2022-10-04,9,79.05167505,90.0
1550,2022-10-04,10,61.99523004,258.0
1551,2022-10-04,11,98.25299728,141.0
1552,2022-10-04,12,75.35326468,388.0
1553,2022-10-04,13,120.9819027,248.0
1554,2022-10-04,14,92.77531116,466.0
1555,2022-10-04,15,138.4655251,377.0
1556,2022-10-04,16,72.36962043,430.0
1557,2022-10-04,17,130.0395333,350.0
1558,2022-10-04,18,108.2289535,341.0
1559,2022-10-04,19,164.054059,199.0
1560,2022-10-04,20,98.48422017,406.0
1561,2022-10-04,21,144.3818435,359.0
1562,2022-10-04,22,121.8869098,433.0
1563,2022-10-04,23,120.5750529,354.0
1564,2022-10-05,0,88.98792657,468.0
1565,2022-10-05,1,127.9481827,262.0
1566,2022-10-05,2,90.36096409,373.0
1567,2022-10-05,3,107.1819464,240.0
1568,2022-10-05,4,75.19913845,322.0
1569,2022-10-05,5,67.05447804,200.0
1570,2022-10-05,6,34.82310626,211.0
1571,2022-10-05,7,65.43372368,62.0
1572,2022-10-05,8,31.82052058,213.0
1573,2022-10-05,9,44.12330902,92.0
1574,2022-10-05,10,40.48519837,175.0
1575,2022-10-05,11,80.49207046,198.0
1576,2022-10-05,12,89.24077129,285.0
1577,2022-10-05,13,93.48687208,439.0
1578,2022-10-05,14,104.3754437,377.0
1579,2022-10-05,15,103.5166836,370.0
1580,2022-10-05,16,119.0110653,329.0
1581,2022-10-05,17,127.87297,383.0
1582,2022-10-05,18,90.96441215,416.0
1583,2022-10-05,19,138.1045711,248.0
1584,2022-10-05,20,82.30410338,554.0
1585,2022-10-05,21,118.2795605,262.0
1586,2022-10-05,22,119.240747,439.0
1587,2022-10-05,23,191.0987415,376.0
1588,2022-10-06,0,89.77022233,463.0
1589,2022-10-06,1,135.7917283,306.0
1590,2022-10-06,2,93.88206041,356.0
1591,2022-10-06,3,124.6052787,212.0
1592,2022-10-06,4,93.86040887,319.0
1593,2022-10-06,5,63.78809352,198.0
1594,2022-10-06,6,33.12031926,164.0
1595,2022-10-06,7,44.93108217,75.0
1596,2022-10-06,8,43.63700154,160.0
1597,2022-10-06,9,42.97632654,91.0
1598,2022-10-06,10,49.20625943,239.0
1599,2022-10-06,11,84.28008269,120.0
1600,2022-10-06,12,102.3705636,328.0
1601,2022-10-06,13,113.7746987,294.0
1602,2022-10-06,14,113.7661746,404.0
1603,2022-10-06,15,116.438724,355.0
1604,2022-10-06,16,91.84861102,429.0
1605,2022-10-06,17,118.0865972,259.0
1606,2022-10-06,18,66.57049296,474.0
1607,2022-10-06,19,126.828088,322.0
1608,2022-10-06,20,78.99275819,420.0
1609,2022-10-06,21,118.9030949,370.0
1610,2022-10-06,22,84.86981301,465.0
1611,2022-10-06,23,106.8630797,343.0
1612,2022-10-07,0,94.19187923,549.0
1613,2022-10-07,1,113.7026679,319.0
1614,2022-10-07,2,73.67697465,350.0
1615,2022-10-07,3,145.2731118,254.0
1616,2022-10-07,4,56.67839733,367.0
1617,2022-10-07,5,66.31842627,238.0
1618,2022-10-07,6,31.85039461,167.0
1619,2022-10-07,7,24.87466614,134.0
1620,2022-10-07,8,34.12932469,175.0
1621,2022-10-07,9,48.52233082,128.0
1622,2022-10-07,10,35.66021065,220.0
1623,2022-10-07,11,122.2210269,164.0
1624,2022-10-07,12,99.78161195,408.0
1625,2022-10-07,13,132.4927325,337.0
1626,2022-10-07,14,105.0743558,359.0
1627,2022-10-07,15,118.0857531,264.0
1628,2022-10-07,16,105.0400801,299.0
1629,2022-10-07,17,125.536013,287.0
1630,2022-10-07,18,117.1970588,252.0
1631,2022-10-07,19,83.25617158,350.0
1632,2022-10-07,20,80.96760766,362.0
1633,2022-10-07,21,83.10061756,328.0
1634,2022-10-07,22,79.42299949,271.0
1635,2022-10-07,23,90.26035969,355.0
1636,2022-10-08,0,77.98654487,374.0
1637,2022-10-08,1,126.3987381,220.0
1638,2022-10-08,2,54.98033611,363.0
1639,2022-10-08,3,109.985637,165.0
1640,2022-10-08,4,74.81015117,287.0
1641,2022-10-08,5,71.8890599,212.0
1642,2022-10-08,6,26.0478189,217.0
1643,2022-10-08,7,42.23922032,82.0
1644,2022-10-08,8,23.18176078,179.0
1645,2022-10-08,9,52.50351022,118.0
1646,2022-10-08,10,44.80701829,130.0
1647,2022-10-08,11,53.5679903,242.0
1648,2022-10-08,12,79.38620098,210.0
1649,2022-10-08,13,69.44711436,378.0
1650,2022-10-08,14,93.77971171,248.0
1651,2022-10-08,15,90.44328153,388.0
1652,2022-10-08,16,108.0534086,216.0
1653,2022-10-08,17,115.4069462,379.0
1654,2022-10-08,18,109.0401948,297.0
1655,2022-10-08,19,109.5134896,465.0
1656,2022-10-08,20,99.46415051,250.0
1657,2022-10-08,21,100.7351165,378.0
1658,2022-10-08,22,80.03349557,347.0
1659,2022-10-08,23,77.38549713,342.0
1660,2022-10-09,0,80.7681045,393.0
1661,2022-10-09,1,87.78426557,212.0
1662,2022-10-09,2,67.5680968,260.0
1663,2022-10-09,3,128.3855524,268.0
1664,2022-10-09,4,66.55980749,318.0
1665,2022-10-09,5,63.91985105,269.0
1666,2022-10-09,6,38.62306736,186.0
1667,2022-10-09,7,33.66280212,98.0
1668,2022-10-09,8,59.42936228,187.0
1669,2022-10-09,9,33.58561726,84.0
1670,2022-10-09,10,30.08507438,155.0
1671,2022-10-09,11,39.28377573,168.0
1672,2022-10-09,12,79.90127086,184.0
1673,2022-10-09,13,68.46254983,278.0
1674,2022-10-09,14,84.48457647,303.0
1675,2022-10-09,15,84.09824924,357.0
1676,2022-10-09,16,112.0569667,291.0
1677,2022-10-09,17,102.1771393,284.0
1678,2022-10-09,18,105.8806146,244.0
1679,2022-10-09,19,81.4454309,278.0
1680,2022-10-09,20,106.6883365,273.0
1681,2022-10-09,21,79.13120001,374.0
1682,2022-10-09,22,95.1335604,269.0
1683,2022-10-09,23,77.75639624,398.0
1684,2022-10-10,0,78.55871929,476.0
1685,2022-10-10,1,126.102906,342.0
1686,2022-10-10,2,109.7584294,345.0
1687,2022-10-10,3,87.33907864,169.0
1688,2022-10-10,4,63.97217297,325.0
1689,2022-10-10,5,69.66217086,238.0
1690,2022-10-10,6,33.98037475,123.0
1691,2022-10-10,7,41.94149457,192.0
1692,2022-10-10,8,36.4263318,119.0
1693,2022-10-10,9,44.93934197,150.0
1694,2022-10-10,10,32.7707135,243.0
1695,2022-10-10,11,62.6710438,159.0
1696,2022-10-10,12,78.90631616,317.0
1697,2022-10-10,13,110.5492461,362.0
1698,2022-10-10,14,102.8717564,417.0
1699,2022-10-10,15,113.8076797,353.0
1700,2022-10-10,16,86.89340695,423.0
1701,2022-10-10,17,104.9147961,348.0
1702,2022-10-10,18,86.01370259,348.0
1703,2022-10-10,19,108.9019771,280.0
1704,2022-10-10,20,85.73664521,372.0
1705,2022-10-10,21,82.00931224,274.0
1706,2022-10-10,22,78.53545817,338.0
1707,2022-10-10,23,93.3760215,330.0
1708,2022-10-11,0,99.07005248,534.0
1709,2022-10-11,1,127.8282891,409.0
1710,2022-10-11,2,52.43493913,402.0
1711,2022-10-11,3,131.0048241,187.0
1712,2022-10-11,4,50.36229352,386.0
1713,2022-10-11,5,67.26972254,295.0
1714,2022-10-11,6,29.58931153,311.0
1715,2022-10-11,7,26.49140407,161.0
1716,2022-10-11,8,22.29764702,313.0
1717,2022-10-11,9,36.62027999,214.0
1718,2022-10-11,10,22.8896379,347.0
1719,2022-10-11,11,107.853734,216.0
1720,2022-10-11,12,58.34971994,489.0
1721,2022-10-11,13,111.1374177,322.0
1722,2022-10-11,14,48.81796013,559.0
1723,2022-10-11,15,100.2217803,438.0
1724,2022-10-11,16,79.70662494,532.0
1725,2022-10-11,17,83.36345818,416.0
1726,2022-10-11,18,104.6396299,417.0
1727,2022-10-11,19,67.68191542,429.0
1728,2022-10-11,20,95.42877547,475.0
1729,2022-10-11,21,91.67159246,448.0
1730,2022-10-11,22,80.16588602,510.0
1731,2022-10-11,23,101.9353998,372.0
1732,2022-10-12,0,83.41813273,640.0
1733,2022-10-12,1,105.9646964,333.0
1734,2022-10-12,2,48.43089564,522.0
1735,2022-10-12,3,79.89607099,289.0
1736,2022-10-12,4,35.87457884,494.0
1737,2022-10-12,5,47.16567343,310.0
1738,2022-10-12,6,22.79700336,330.0
1739,2022-10-12,7,21.24742826,197.0
1740,2022-10-12,8,18.00005631,277.0
1741,2022-10-12,9,42.7365773,199.0
1742,2022-10-12,10,37.42781667,435.0
1743,2022-10-12,11,96.95726905,227.0
1744,2022-10-12,12,78.95406395,600.0
1745,2022-10-12,13,93.14044239,452.0
1746,2022-10-12,14,63.54620588,660.0
1747,2022-10-12,15,117.3774685,492.0
1748,2022-10-12,16,74.7962422,562.0
1749,2022-10-12,17,95.3178486,329.0
1750,2022-10-12,18,59.85296553,562.0
1751,2022-10-12,19,97.03231417,448.0
1752,2022-10-12,20,69.27325976,606.0
1753,2022-10-12,21,126.808935,331.0
1754,2022-10-12,22,102.9071731,613.0
1755,2022-10-12,23,111.4698217,415.0
1756,2022-10-13,0,77.5302171,743.0
1757,2022-10-13,1,87.41029329,524.0
1758,2022-10-13,2,83.342751,591.0
1759,2022-10-13,3,89.48989075,274.0
1760,2022-10-13,4,63.61361746,452.0
1761,2022-10-13,5,48.66160443,333.0
1762,2022-10-13,6,26.27898048,340.0
1763,2022-10-13,7,48.82141115,213.0
1764,2022-10-13,8,20.89385088,331.0
1765,2022-10-13,9,33.57566642,146.0
1766,2022-10-13,10,31.56376488,426.0
1767,2022-10-13,11,88.29902491,228.0
1768,2022-10-13,12,58.28762022,582.0
1769,2022-10-13,13,112.6773028,385.0
1770,2022-10-13,14,83.83810083,696.0
1771,2022-10-13,15,124.1138473,356.0
1772,2022-10-13,16,85.26936479,610.0
1773,2022-10-13,17,104.9323373,444.0
1774,2022-10-13,18,83.09660712,566.0
1775,2022-10-13,19,102.85442,367.0
1776,2022-10-13,20,128.0547948,462.0
1777,2022-10-13,21,76.10782789,424.0
1778,2022-10-13,22,58.7694994,610.0
1779,2022-10-13,23,117.9319097,460.0
1780,2022-10-14,0,66.64553537,866.0
1781,2022-10-14,1,89.17621379,512.0
1782,2022-10-14,2,55.87301381,745.0
1783,2022-10-14,3,71.75406022,372.0
1784,2022-10-14,4,48.03939209,471.0
1785,2022-10-14,5,64.49253149,280.0
1786,2022-10-14,6,34.62515128,367.0
1787,2022-10-14,7,46.39471169,132.0
1788,2022-10-14,8,18.80358793,310.0
1789,2022-10-14,9,38.12350661,180.0
1790,2022-10-14,10,29.22601126,354.0
1791,2022-10-14,11,85.94278667,280.0
1792,2022-10-14,12,78.94741513,413.0
1793,2022-10-14,13,111.9970915,474.0
1794,2022-10-14,14,91.79516023,536.0
1795,2022-10-14,15,93.37690307,448.0
1796,2022-10-14,16,89.79286429,598.0
1797,2022-10-14,17,89.48426238,408.0
1798,2022-10-14,18,97.32250686,440.0
1799,2022-10-14,19,96.9391371,450.0
1800,2022-10-14,20,69.0348503,503.0
1801,2022-10-14,21,89.23181896,381.0
1802,2022-10-14,22,64.35782019,432.0
1803,2022-10-14,23,101.1219425,381.0
1804,2022-10-15,0,82.51845773,739.0
1805,2022-10-15,1,153.200457,413.0
1806,2022-10-15,2,100.2367943,632.0
1807,2022-10-15,3,107.1967171,366.0
1808,2022-10-15,4,46.79529321,394.0
1809,2022-10-15,5,68.59732195,352.0
1810,2022-10-15,6,30.39993483,359.0
1811,2022-10-15,7,34.15364747,114.0
1812,2022-10-15,8,17.935268,413.0
1813,2022-10-15,9,48.8138291,94.0
1814,2022-10-15,10,22.68300535,446.0
1815,2022-10-15,11,75.11064863,151.0
1816,2022-10-15,12,45.9855728,474.0
1817,2022-10-15,13,83.28554816,281.0
1818,2022-10-15,14,66.08844878,477.0
1819,2022-10-15,15,108.1891745,299.0
1820,2022-10-15,16,70.28075446,467.0
1821,2022-10-15,17,113.614767,344.0
1822,2022-10-15,18,79.73454599,461.0
1823,2022-10-15,19,112.8040885,284.0
1824,2022-10-15,20,82.80983748,548.0
1825,2022-10-15,21,64.92408872,310.0
1826,2022-10-15,22,72.71714256,446.0
1827,2022-10-15,23,81.05235482,432.0
1828,2022-10-16,0,73.20859472,623.0
1829,2022-10-16,1,113.4763703,337.0
1830,2022-10-16,2,79.3750917,540.0
1831,2022-10-16,3,119.697164,290.0
1832,2022-10-16,4,43.45046362,512.0
1833,2022-10-16,5,72.99636491,403.0
1834,2022-10-16,6,31.72944286,333.0
1835,2022-10-16,7,44.47720092,160.0
1836,2022-10-16,8,24.0006501,295.0
1837,2022-10-16,9,28.63454705,185.0
1838,2022-10-16,10,26.14805711,341.0
1839,2022-10-16,11,41.31269948,207.0
1840,2022-10-16,12,49.33120619,372.0
1841,2022-10-16,13,75.44523833,307.0
1842,2022-10-16,14,63.355812,491.0
1843,2022-10-16,15,88.02508938,344.0
1844,2022-10-16,16,69.3624578,435.0
1845,2022-10-16,17,84.71689762,346.0
1846,2022-10-16,18,73.51736648,623.0
1847,2022-10-16,19,152.9785975,284.0
1848,2022-10-16,20,96.29853864,558.0
1849,2022-10-16,21,125.1465373,458.0
1850,2022-10-16,22,104.4660419,502.0
1851,2022-10-16,23,105.1961923,411.0
1852,2022-10-17,0,75.89856965,634.0
1853,2022-10-17,1,108.5417589,428.0
1854,2022-10-17,2,64.1562181,581.0
1855,2022-10-17,3,73.37436768,275.0
1856,2022-10-17,4,52.20758878,423.0
1857,2022-10-17,5,66.62996216,384.0
1858,2022-10-17,6,30.77713234,277.0
1859,2022-10-17,7,30.70374686,191.0
1860,2022-10-17,8,28.62441116,298.0
1861,2022-10-17,9,51.87810388,232.0
1862,2022-10-17,10,34.62554024,309.0
1863,2022-10-17,11,62.04580484,319.0
1864,2022-10-17,12,75.42426132,557.0
1865,2022-10-17,13,103.9851696,515.0
1866,2022-10-17,14,83.50206819,726.0
1867,2022-10-17,15,122.8410891,369.0
1868,2022-10-17,16,98.45386633,550.0
1869,2022-10-17,17,124.5497848,391.0
1870,2022-10-17,18,81.52501942,669.0
1871,2022-10-17,19,108.367816,418.0
1872,2022-10-17,20,88.65399011,648.0
1873,2022-10-17,21,109.7394125,437.0
1874,2022-10-17,22,97.88843934,495.0
1875,2022-10-17,23,109.1804659,508.0
1876,2022-10-18,0,83.94506911,579.0
1877,2022-10-18,1,127.331327,353.0
1878,2022-10-18,2,54.6292309,449.0
1879,2022-10-18,3,76.29337358,247.0
1880,2022-10-18,4,44.01819301,469.0
1881,2022-10-18,5,55.95166391,322.0
1882,2022-10-18,6,26.54597821,273.0
1883,2022-10-18,7,30.2899627,162.0
1884,2022-10-18,8,20.66141873,345.0
1885,2022-10-18,9,47.52224332,133.0
1886,2022-10-18,10,34.34066805,352.0
1887,2022-10-18,11,68.94906745,200.0
1888,2022-10-18,12,71.5143705,565.0
1889,2022-10-18,13,109.997009,522.0
1890,2022-10-18,14,69.5976355,541.0
1891,2022-10-18,15,81.29357559,319.0
1892,2022-10-18,16,58.19408856,511.0
1893,2022-10-18,17,80.71576612,377.0
1894,2022-10-18,18,70.72026813,486.0
1895,2022-10-18,19,90.35931532,414.0
1896,2022-10-18,20,107.9941578,634.0
1897,2022-10-18,21,75.99483972,398.0
1898,2022-10-18,22,59.14609177,499.0
1899,2022-10-18,23,104.8904506,512.0
1900,2022-10-19,0,80.37608305,725.0
1901,2022-10-19,1,132.2910183,473.0
1902,2022-10-19,2,52.88506064,500.0
1903,2022-10-19,3,75.81114895,245.0
1904,2022-10-19,4,33.78038214,324.0
1905,2022-10-19,5,57.43079333,279.0
1906,2022-10-19,6,66.8214337,359.0
1907,2022-10-19,7,40.5886506,225.0
1908,2022-10-19,8,18.56585179,318.0
1909,2022-10-19,9,37.72835599,234.0
1910,2022-10-19,10,32.78778765,355.0
1911,2022-10-19,11,55.08916914,264.0
1912,2022-10-19,12,75.2012813,496.0
1913,2022-10-19,13,89.71643779,473.0
1914,2022-10-19,14,98.6154476,634.0
1915,2022-10-19,15,108.8680599,446.0
1916,2022-10-19,16,94.57574219,624.0
1917,2022-10-19,17,128.3984935,419.0
1918,2022-10-19,18,79.283075,527.0
1919,2022-10-19,19,104.8425422,379.0
1920,2022-10-19,20,72.16069371,558.0
1921,2022-10-19,21,84.71318864,383.0
1922,2022-10-19,22,94.77842817,456.0
1923,2022-10-19,23,93.42369918,400.0
1924,2022-10-20,0,81.77836925,586.0
1925,2022-10-20,1,106.6497485,319.0
1926,2022-10-20,2,56.89144709,467.0
1927,2022-10-20,3,56.19537667,258.0
1928,2022-10-20,4,56.51804585,371.0
1929,2022-10-20,5,47.36545329,403.0
1930,2022-10-20,6,28.01929978,272.0
1931,2022-10-20,7,20.33126404,262.0
1932,2022-10-20,8,35.0734913,240.0
1933,2022-10-20,9,19.71874448,268.0
1934,2022-10-20,10,44.71342147,253.0
1935,2022-10-20,11,48.25952283,345.0
1936,2022-10-20,12,69.90248612,431.0
1937,2022-10-20,13,71.4524869,538.0
1938,2022-10-20,14,88.66088864,569.0
1939,2022-10-20,15,90.44331448,513.0
1940,2022-10-20,16,73.5864244,492.0
1941,2022-10-20,17,123.4885458,405.0
1942,2022-10-20,18,130.3188399,506.0
1943,2022-10-20,19,88.98398456,542.0
1944,2022-10-20,20,90.76409841,458.0
1945,2022-10-20,21,84.73107425,486.0
1946,2022-10-20,22,91.83730051,449.0
1947,2022-10-20,23,87.18296604,554.0
1948,2022-10-21,0,65.95366533,602.0
1949,2022-10-21,1,96.98978684,316.0
1950,2022-10-21,2,80.83916728,557.0
1951,2022-10-21,3,80.25220502,302.0
1952,2022-10-21,4,65.43342046,374.0
1953,2022-10-21,5,49.56001948,419.0
1954,2022-10-21,6,26.57643675,329.0
1955,2022-10-21,7,29.25928068,219.0
1956,2022-10-21,8,14.35446238,387.0
1957,2022-10-21,9,54.30325195,72.0
1958,2022-10-21,10,40.22175435,448.0
1959,2022-10-21,11,92.00000308,154.0
1960,2022-10-21,12,64.86699739,566.0
1961,2022-10-21,13,116.6166979,511.0
1962,2022-10-21,14,68.95104996,753.0
1963,2022-10-21,15,108.7748234,410.0
1964,2022-10-21,16,80.9869014,706.0
1965,2022-10-21,17,64.11357073,398.0
1966,2022-10-21,18,78.78342287,522.0
1967,2022-10-21,19,99.88160527,325.0
1968,2022-10-21,20,68.80894231,467.0
1969,2022-10-21,21,83.76404177,346.0
1970,2022-10-21,22,76.79620765,439.0
1971,2022-10-21,23,102.260451,341.0
1972,2022-10-22,0,51.96711505,591.0
1973,2022-10-22,1,112.3206695,324.0
1974,2022-10-22,2,71.02429678,405.0
1975,2022-10-22,3,98.62326962,315.0
1976,2022-10-22,4,84.56831767,391.0
1977,2022-10-22,5,110.6990537,424.0
1978,2022-10-22,6,61.21154677,320.0
1979,2022-10-22,7,54.94944625,193.0
1980,2022-10-22,8,25.98226808,310.0
1981,2022-10-22,9,30.0534717,168.0
1982,2022-10-22,10,31.71113826,299.0
1983,2022-10-22,11,60.4243443,198.0
1984,2022-10-22,12,51.09104194,387.0
1985,2022-10-22,13,103.5655075,252.0
1986,2022-10-22,14,60.49069498,505.0
1987,2022-10-22,15,104.4231754,369.0
1988,2022-10-22,16,65.51036059,600.0
1989,2022-10-22,17,160.8882677,312.0
1990,2022-10-22,18,53.84689193,615.0
1991,2022-10-22,19,121.4863301,322.0
1992,2022-10-22,20,67.47320141,532.0
1993,2022-10-22,21,124.563524,274.0
1994,2022-10-22,22,57.05634616,460.0
1995,2022-10-22,23,87.2390831,349.0
1996,2022-10-23,0,61.58202923,553.0
1997,2022-10-23,1,101.0993889,255.0
1998,2022-10-23,2,58.13476002,573.0
1999,2022-10-23,3,116.4609249,147.0
2000,2022-10-23,4,43.78077423,525.0
2001,2022-10-23,5,89.71941657,245.0
2002,2022-10-23,6,26.95261274,424.0
2003,2022-10-23,7,49.70816777,119.0
2004,2022-10-23,8,29.66491154,353.0
2005,2022-10-23,9,38.77586393,106.0
2006,2022-10-23,10,39.86279797,378.0
2007,2022-10-23,11,68.88102793,156.0
2008,2022-10-23,12,57.47118382,395.0
2009,2022-10-23,13,85.1984689,310.0
2010,2022-10-23,14,70.68547782,525.0
2011,2022-10-23,15,149.9342026,280.0
2012,2022-10-23,16,61.61514085,430.0
2013,2022-10-23,17,115.5402448,260.0
2014,2022-10-23,18,56.67935076,534.0
2015,2022-10-23,19,117.2752926,271.0
2016,2022-10-23,20,57.59542616,530.0
2017,2022-10-23,21,117.7437116,305.0
2018,2022-10-23,22,62.4478517,490.0
2019,2022-10-23,23,102.6908058,404.0
2020,2022-10-24,0,42.66374763,521.0
2021,2022-10-24,1,166.6970498,295.0
2022,2022-10-24,2,59.85530437,517.0
2023,2022-10-24,3,77.95456361,223.0
2024,2022-10-24,4,53.92760484,419.0
2025,2022-10-24,5,72.00985609,297.0
2026,2022-10-24,6,32.26430511,406.0
2027,2022-10-24,7,61.30160179,111.0
2028,2022-10-24,8,25.94215042,394.0
2029,2022-10-24,9,56.71114505,114.0
2030,2022-10-24,10,44.94969862,415.0
2031,2022-10-24,11,128.7747063,170.0
2032,2022-10-24,12,61.54759606,578.0
2033,2022-10-24,13,94.88820634,422.0
2034,2022-10-24,14,55.11598995,576.0
2035,2022-10-24,15,117.1721262,441.0
2036,2022-10-24,16,94.25430742,533.0
2037,2022-10-24,17,78.18444653,430.0
2038,2022-10-24,18,92.23478339,629.0
2039,2022-10-24,19,117.6917593,494.0
2040,2022-10-24,20,63.73871476,479.0
2041,2022-10-24,21,105.6456882,304.0
2042,2022-10-24,22,64.33935591,543.0
2043,2022-10-24,23,119.4274786,400.0
2044,2022-10-25,0,82.16983834,641.0
2045,2022-10-25,1,122.0167872,368.0
2046,2022-10-25,2,45.42167204,534.0
2047,2022-10-25,3,127.7494098,189.0
2048,2022-10-25,4,38.76424651,471.0
2049,2022-10-25,5,88.58298959,333.0
2050,2022-10-25,6,36.32013182,354.0
2051,2022-10-25,7,32.38502509,161.0
2052,2022-10-25,8,21.14235309,401.0
2053,2022-10-25,9,90.85769927,78.0
2054,2022-10-25,10,31.31953352,401.0
2055,2022-10-25,11,64.68762732,155.0
2056,2022-10-25,12,58.78580395,638.0
2057,2022-10-25,13,107.898315,393.0
2058,2022-10-25,14,66.5509227,702.0
2059,2022-10-25,15,99.15021345,382.0
2060,2022-10-25,16,68.7369152,521.0
2061,2022-10-25,17,92.91414291,346.0
2062,2022-10-25,18,71.08286341,487.0
2063,2022-10-25,19,140.8295713,283.0
2064,2022-10-25,20,92.84118382,521.0
2065,2022-10-25,21,104.400727,350.0
2066,2022-10-25,22,95.9497939,442.0
2067,2022-10-25,23,142.8920123,569.0
2068,2022-10-26,0,68.06647125,695.0
2069,2022-10-26,1,118.0155577,423.0
2070,2022-10-26,2,77.21094109,650.0
2071,2022-10-26,3,80.50959703,373.0
2072,2022-10-26,4,74.63833817,448.0
2073,2022-10-26,5,64.39838698,337.0
2074,2022-10-26,6,33.6888676,303.0
2075,2022-10-26,7,21.10948544,211.0
2076,2022-10-26,8,21.27238365,334.0
2077,2022-10-26,9,62.58412871,121.0
2078,2022-10-26,10,39.10407715,391.0
2079,2022-10-26,11,108.6905574,233.0
2080,2022-10-26,12,59.59105304,621.0
2081,2022-10-26,13,117.9438097,464.0
2082,2022-10-26,14,78.28371386,615.0
2083,2022-10-26,15,108.9077116,462.0
2084,2022-10-26,16,59.08460508,539.0
2085,2022-10-26,17,118.2678623,402.0
2086,2022-10-26,18,60.21979494,623.0
2087,2022-10-26,19,103.0798615,388.0
2088,2022-10-26,20,61.62687021,664.0
2089,2022-10-26,21,90.13324876,325.0
2090,2022-10-26,22,83.16926369,585.0
2091,2022-10-26,23,84.51397985,443.0
2092,2022-10-27,0,75.20853896,767.0
2093,2022-10-27,1,151.6417373,326.0
2094,2022-10-27,2,71.1832486,499.0
2095,2022-10-27,3,98.94875444,285.0
2096,2022-10-27,4,32.26579814,463.0
2097,2022-10-27,5,69.96784909,370.0
2098,2022-10-27,6,24.93908155,356.0
2099,2022-10-27,7,35.25922628,151.0
2100,2022-10-27,8,20.01741026,423.0
2101,2022-10-27,9,40.51770856,97.0
2102,2022-10-27,10,26.05821443,382.0
2103,2022-10-27,11,61.94720986,191.0
2104,2022-10-27,12,62.26609064,487.0
2105,2022-10-27,13,108.8740258,329.0
2106,2022-10-27,14,74.59720758,544.0
2107,2022-10-27,15,83.68921366,471.0
2108,2022-10-27,16,83.26791709,505.0
2109,2022-10-27,17,128.2465821,363.0
2110,2022-10-27,18,59.72922547,656.0
2111,2022-10-27,19,76.5827082,333.0
2112,2022-10-27,20,59.94469639,553.0
2113,2022-10-27,21,98.37421967,501.0
2114,2022-10-27,22,64.43750148,464.0
2115,2022-10-27,23,86.00374537,513.0
2116,2022-10-28,0,70.59682284,786.0
2117,2022-10-28,1,111.9804094,353.0
2118,2022-10-28,2,59.95549471,589.0
2119,2022-10-28,3,100.3011884,294.0
2120,2022-10-28,4,35.2055463,565.0
2121,2022-10-28,5,71.72805323,346.0
2122,2022-10-28,6,48.86397562,353.0
2123,2022-10-28,7,33.51918199,211.0
2124,2022-10-28,8,24.72510091,384.0
2125,2022-10-28,9,59.25218978,132.0
2126,2022-10-28,10,27.57763229,391.0
2127,2022-10-28,11,83.59066123,264.0
2128,2022-10-28,12,48.11244463,524.0
2129,2022-10-28,13,115.0395158,442.0
2130,2022-10-28,14,82.35274647,622.0
2131,2022-10-28,15,81.81329533,518.0
2132,2022-10-28,16,109.5344758,658.0
2133,2022-10-28,17,94.17509692,332.0
2134,2022-10-28,18,68.21987455,561.0
2135,2022-10-28,19,98.27351251,457.0
2136,2022-10-28,20,97.08071045,494.0
2137,2022-10-28,21,112.3680552,436.0
2138,2022-10-28,22,63.33656838,576.0
2139,2022-10-28,23,105.419595,355.0
2140,2022-10-29,0,64.60920706,595.0
2141,2022-10-29,1,127.1022321,386.0
2142,2022-10-29,2,78.90437365,541.0
2143,2022-10-29,3,80.97331566,433.0
2144,2022-10-29,4,50.94933488,402.0
2145,2022-10-29,5,73.17525667,398.0
2146,2022-10-29,6,37.7245593,237.0
2147,2022-10-29,7,39.94300306,263.0
2148,2022-10-29,8,44.88345135,295.0
2149,2022-10-29,9,42.17250196,198.0
2150,2022-10-29,10,30.27936255,322.0
2151,2022-10-29,11,44.01125988,276.0
2152,2022-10-29,12,69.15519085,340.0
2153,2022-10-29,13,87.16641369,349.0
2154,2022-10-29,14,77.94752767,522.0
2155,2022-10-29,15,76.14392093,488.0
2156,2022-10-29,16,78.94132389,514.0
2157,2022-10-29,17,87.88135428,460.0
2158,2022-10-29,18,59.69916212,500.0
2159,2022-10-29,19,87.61015271,374.0
2160,2022-10-29,20,98.54453931,518.0
2161,2022-10-29,21,107.1419017,421.0
2162,2022-10-29,22,67.93011539,509.0
2163,2022-10-29,23,80.13412114,400.0
2164,2022-10-30,0,69.66444703,599.0
2165,2022-10-30,1,116.4252992,292.0
2166,2022-10-30,2,84.36999255,616.0
2167,2022-10-30,3,114.9796939,224.0
2168,2022-10-30,4,72.6320836,571.0
2169,2022-10-30,5,89.56377578,269.0
2170,2022-10-30,6,23.61347738,452.0
2171,2022-10-30,7,64.31902519,143.0
2172,2022-10-30,8,31.74266378,395.0
2173,2022-10-30,9,91.84424675,85.0
2174,2022-10-30,10,25.60937131,408.0
2175,2022-10-30,11,75.70457018,117.0
2176,2022-10-30,12,33.59040762,439.0
2177,2022-10-30,13,109.1396438,187.0
2178,2022-10-30,14,58.70836731,604.0
2179,2022-10-30,15,144.2852613,281.0
2180,2022-10-30,16,60.20754419,517.0
2181,2022-10-30,17,111.6539866,520.0
2182,2022-10-30,18,72.97443237,529.0
2183,2022-10-30,19,85.93088399,430.0
2184,2022-10-30,20,104.946559,554.0
2185,2022-10-30,21,122.3700931,379.0
2186,2022-10-30,22,80.42451295,545.0
2187,2022-10-30,23,62.45971135,449.0
2188,2022-10-31,0,61.66878559,544.0
2189,2022-10-31,1,119.473538,319.0
2190,2022-10-31,2,62.56372362,632.0
2191,2022-10-31,3,113.7596227,178.0
2192,2022-10-31,4,52.10256437,526.0
2193,2022-10-31,5,86.91893003,278.0
2194,2022-10-31,6,42.64986116,347.0
2195,2022-10-31,7,28.53216392,167.0
2196,2022-10-31,8,41.01867967,314.0
2197,2022-10-31,9,52.69570995,180.0
2198,2022-10-31,10,59.98034172,336.0
2199,2022-10-31,11,90.52281339,245.0
2200,2022-10-31,12,67.99272802,455.0
2201,2022-10-31,13,89.56758536,412.0
2202,2022-10-31,14,72.67784916,570.0
2203,2022-10-31,15,86.43668419,496.0
2204,2022-10-31,16,75.07683526,564.0
2205,2022-10-31,17,97.0230671,348.0
2206,2022-10-31,18,69.8100146,570.0
2207,2022-10-31,19,97.01350341,473.0
2208,2022-10-31,20,77.6500064,568.0
2209,2022-10-31,21,103.4723179,408.0
2210,2022-10-31,22,68.23345691,390.0
2211,2022-10-31,23,87.44100868,367.0
2212,2022-11-01,0,68.16340639,633.0
2213,2022-11-01,1,130.5185322,363.0
2214,2022-11-01,2,54.58998071,501.0
2215,2022-11-01,3,83.73180101,286.0
2216,2022-11-01,4,59.96968747,587.0
2217,2022-11-01,5,87.99756336,389.0
2218,2022-11-01,6,42.30635954,326.0
2219,2022-11-01,7,28.6676486,160.0
2220,2022-11-01,8,17.33449914,360.0
2221,2022-11-01,9,40.76494802,165.0
2222,2022-11-01,10,32.8907937,338.0
2223,2022-11-01,11,82.54589622,200.0
2224,2022-11-01,12,50.92191361,497.0
2225,2022-11-01,13,93.00998701,378.0
2226,2022-11-01,14,66.90682791,639.0
2227,2022-11-01,15,126.2699187,415.0
2228,2022-11-01,16,78.660997,469.0
2229,2022-11-01,17,102.6035906,416.0
2230,2022-11-01,18,65.72227035,675.0
2231,2022-11-01,19,106.9127739,425.0
2232,2022-11-01,20,79.53690437,560.0
2233,2022-11-01,21,115.2082374,242.0
2234,2022-11-01,22,66.37359946,634.0
2235,2022-11-01,23,147.2002663,366.0
2236,2022-11-02,0,54.93993424,642.0
2237,2022-11-02,1,102.8408987,386.0
2238,2022-11-02,2,68.44833734,646.0
2239,2022-11-02,3,97.40290861,264.0
2240,2022-11-02,4,35.43515881,426.0
2241,2022-11-02,5,73.13474109,346.0
2242,2022-11-02,6,36.41068121,276.0
2243,2022-11-02,7,30.60379229,165.0
2244,2022-11-02,8,23.93429336,261.0
2245,2022-11-02,9,52.39382819,170.0
2246,2022-11-02,10,33.67023937,320.0
2247,2022-11-02,11,49.50759177,246.0
2248,2022-11-02,12,63.90719707,504.0
2249,2022-11-02,13,85.83349746,386.0
2250,2022-11-02,14,92.19882706,562.0
2251,2022-11-02,15,82.63874787,372.0
2252,2022-11-02,16,70.23567242,497.0
2253,2022-11-02,17,76.21542657,439.0
2254,2022-11-02,18,72.26068406,423.0
2255,2022-11-02,19,106.6275132,459.0
2256,2022-11-02,20,93.87410917,517.0
2257,2022-11-02,21,72.9409997,480.0
2258,2022-11-02,22,70.26237783,474.0
2259,2022-11-02,23,80.95148675,464.0
2260,2022-11-03,0,54.86925488,725.0
2261,2022-11-03,1,145.0705924,362.0
2262,2022-11-03,2,59.30758798,605.0
2263,2022-11-03,3,81.3810242,164.0
2264,2022-11-03,4,40.43963658,414.0
2265,2022-11-03,5,55.65859217,401.0
2266,2022-11-03,6,26.1671699,267.0
2267,2022-11-03,7,22.21981791,247.0
2268,2022-11-03,8,34.18462377,281.0
2269,2022-11-03,9,33.09126269,272.0
2270,2022-11-03,10,28.95176325,286.0
2271,2022-11-03,11,80.09066977,239.0
2272,2022-11-03,12,65.30098827,499.0
2273,2022-11-03,13,96.89617147,419.0
2274,2022-11-03,14,74.29379204,634.0
2275,2022-11-03,15,88.29122438,404.0
2276,2022-11-03,16,76.79904691,599.0
2277,2022-11-03,17,79.30660635,424.0
2278,2022-11-03,18,86.23327929,446.0
2279,2022-11-03,19,95.75103651,526.0
2280,2022-11-03,20,65.24953289,492.0
2281,2022-11-03,21,100.4680766,434.0
2282,2022-11-03,22,57.98557339,565.0
2283,2022-11-03,23,83.46668418,418.0
2284,2022-11-04,0,59.21296198,709.0
2285,2022-11-04,1,89.32157184,418.0
2286,2022-11-04,2,56.88480028,461.0
2287,2022-11-04,3,75.13891045,279.0
2288,2022-11-04,4,30.65967161,446.0
2289,2022-11-04,5,60.15710556,366.0
2290,2022-11-04,6,29.81110837,314.0
2291,2022-11-04,7,35.36929075,173.0
2292,2022-11-04,8,24.47649102,306.0
2293,2022-11-04,9,37.05291128,158.0
2294,2022-11-04,10,30.97319229,278.0
2295,2022-11-04,11,78.56943468,264.0
2296,2022-11-04,12,75.20329509,352.0
2297,2022-11-04,13,73.09233604,433.0
2298,2022-11-04,14,69.37918511,445.0
2299,2022-11-04,15,108.4261121,371.0
2300,2022-11-04,16,84.72730282,436.0
2301,2022-11-04,17,99.79762347,390.0
2302,2022-11-04,18,86.19896442,481.0
2303,2022-11-04,19,100.5883705,341.0
2304,2022-11-04,20,80.63666138,419.0
2305,2022-11-04,21,78.26843463,430.0
2306,2022-11-04,22,64.50853551,384.0
2307,2022-11-04,23,95.11361339,431.0
2308,2022-11-05,0,51.3077118,632.0
2309,2022-11-05,1,88.60098075,396.0
2310,2022-11-05,2,60.59210791,535.0
2311,2022-11-05,3,89.98651996,347.0
2312,2022-11-05,4,46.16973103,395.0
2313,2022-11-05,5,69.77859225,334.0
2314,2022-11-05,6,20.94776898,399.0
2315,2022-11-05,7,47.80142912,121.0
2316,2022-11-05,8,24.3116014,399.0
2317,2022-11-05,9,42.09063525,165.0
2318,2022-11-05,10,33.54802764,285.0
2319,2022-11-05,11,33.53947947,289.0
2320,2022-11-05,12,52.54214553,352.0
2321,2022-11-05,13,86.94286877,313.0
2322,2022-11-05,14,66.78762057,531.0
2323,2022-11-05,15,108.5294275,256.0
2324,2022-11-05,16,54.13891857,538.0
2325,2022-11-05,17,95.57371814,347.0
2326,2022-11-05,18,74.33213906,506.0
2327,2022-11-05,19,108.489451,331.0
2328,2022-11-05,20,79.73182572,579.0
2329,2022-11-05,21,94.65590079,359.0
2330,2022-11-05,22,60.76229114,567.0
2331,2022-11-05,23,118.4474884,363.0
2332,2022-11-06,0,62.90263234,681.0
2333,2022-11-06,1,124.9430153,287.0
2334,2022-11-06,2,61.50415116,526.0
2335,2022-11-06,3,87.09830707,305.0
2336,2022-11-06,4,50.03102809,506.0
2337,2022-11-06,5,64.76768235,352.0
2338,2022-11-06,6,26.99709779,386.0
2339,2022-11-06,7,52.0153867,369.0
2340,2022-11-06,8,22.04553463,326.0
2341,2022-11-06,9,30.76629647,216.0
2342,2022-11-06,10,23.01289649,320.0
2343,2022-11-06,11,72.53967801,169.0
2344,2022-11-06,12,44.78584504,429.0
2345,2022-11-06,13,79.75928331,321.0
2346,2022-11-06,14,55.25467219,450.0
2347,2022-11-06,15,77.14524256,298.0
2348,2022-11-06,16,59.86037698,563.0
2349,2022-11-06,17,91.88516032,355.0
2350,2022-11-06,18,51.32533732,554.0
2351,2022-11-06,19,107.9234174,397.0
2352,2022-11-06,20,111.4161185,620.0
2353,2022-11-06,21,137.6406379,312.0
2354,2022-11-06,22,64.15812214,548.0
2355,2022-11-06,23,87.95355688,343.0
2356,2022-11-07,0,70.20313841,544.0
2357,2022-11-07,1,118.8309052,378.0
2358,2022-11-07,2,64.90827974,636.0
2359,2022-11-07,3,71.84413055,295.0
2360,2022-11-07,4,57.46906617,418.0
2361,2022-11-07,5,59.38320567,241.0
2362,2022-11-07,6,41.42492697,575.0
2363,2022-11-07,7,28.22907102,114.0
2364,2022-11-07,8,18.74578149,440.0
2365,2022-11-07,9,49.53514628,123.0
2366,2022-11-07,10,27.94321528,345.0
2367,2022-11-07,11,56.20195304,250.0
2368,2022-11-07,12,38.84458648,451.0
2369,2022-11-07,13,85.1324884,394.0
2370,2022-11-07,14,66.63251023,777.0
2371,2022-11-07,15,115.1136181,515.0
2372,2022-11-07,16,75.2032069,602.0
2373,2022-11-07,17,80.33017483,454.0
2374,2022-11-07,18,87.47588035,592.0
2375,2022-11-07,19,112.4059816,419.0
2376,2022-11-07,20,90.77160752,514.0
2377,2022-11-07,21,96.74892004,466.0
2378,2022-11-07,22,59.13356355,444.0
2379,2022-11-07,23,87.24586924,332.0
2380,2022-11-08,0,54.81217335,657.0
2381,2022-11-08,1,94.2332361,446.0
2382,2022-11-08,2,72.16780293,513.0
2383,2022-11-08,3,69.40865885,370.0
2384,2022-11-08,4,57.59326742,515.0
2385,2022-11-08,5,74.33868622,242.0
2386,2022-11-08,6,48.28939886,549.0
2387,2022-11-08,7,36.99139909,152.0
2388,2022-11-08,8,19.5790056,403.0
2389,2022-11-08,9,37.70296804,146.0
2390,2022-11-08,10,25.17039623,344.0
2391,2022-11-08,11,66.16359411,149.0
2392,2022-11-08,12,55.77102569,434.0
2393,2022-11-08,13,94.67403262,366.0
2394,2022-11-08,14,68.26577159,683.0
2395,2022-11-08,15,122.1524093,327.0
2396,2022-11-08,16,79.39906983,532.0
2397,2022-11-08,17,71.52972755,440.0
2398,2022-11-08,18,77.0223011,558.0
2399,2022-11-08,19,71.17847183,515.0
2400,2022-11-08,20,70.81337543,522.0
2401,2022-11-08,21,95.33129003,330.0
2402,2022-11-08,22,66.18283037,579.0
2403,2022-11-08,23,90.45682794,409.0
2404,2022-11-09,0,80.89488043,777.0
2405,2022-11-09,1,135.6929611,629.0
2406,2022-11-09,2,79.60547121,575.0
2407,2022-11-09,3,111.092204,343.0
2408,2022-11-09,4,64.0474898,374.0
2409,2022-11-09,5,129.3866632,222.0
2410,2022-11-09,6,64.53059666,402.0
2411,2022-11-09,7,54.43972372,92.0
2412,2022-11-09,8,48.13633123,185.0
2413,2022-11-09,9,32.06769245,100.0
2414,2022-11-09,10,57.91111922,185.0
2415,2022-11-09,11,63.15401344,208.0
2416,2022-11-09,12,58.40396238,260.0
2417,2022-11-09,13,95.1224127,380.0
2418,2022-11-09,14,87.8246565,509.0
2419,2022-11-09,15,103.3899215,416.0
2420,2022-11-09,16,125.1891395,414.0
2421,2022-11-09,17,102.7025199,457.0
2422,2022-11-09,18,116.1181015,267.0
2423,2022-11-09,19,108.3725846,326.0
2424,2022-11-09,20,104.5590998,365.0
2425,2022-11-09,21,102.5557791,326.0
2426,2022-11-09,22,92.46733444,380.0
2427,2022-11-09,23,112.2440823,526.0
2428,2022-11-10,0,81.41916143,512.0
2429,2022-11-10,1,131.7860111,392.0
2430,2022-11-10,2,91.37375822,401.0
2431,2022-11-10,3,87.80889452,321.0
2432,2022-11-10,4,89.78053926,241.0
2433,2022-11-10,5,41.05844658,207.0
2434,2022-11-10,6,57.3095075,243.0
2435,2022-11-10,7,34.03655183,200.0
2436,2022-11-10,8,54.69985835,87.0
2437,2022-11-10,9,57.33420964,199.0
2438,2022-11-10,10,88.57213587,132.0
2439,2022-11-10,11,48.87293828,205.0
2440,2022-11-10,12,80.55221332,292.0
2441,2022-11-10,13,104.9219914,416.0
2442,2022-11-10,14,109.0215803,422.0
2443,2022-11-10,15,69.03798258,401.0
2444,2022-11-10,16,106.3255574,397.0
2445,2022-11-10,17,80.91893845,411.0
2446,2022-11-10,18,98.24238397,349.0
2447,2022-11-10,19,81.33922815,408.0
2448,2022-11-10,20,104.1263215,342.0
2449,2022-11-10,21,86.45732537,365.0
2450,2022-11-10,22,129.4854754,398.0
2451,2022-11-10,23,134.9827647,435.0
2452,2022-11-11,0,88.73165923,449.0
2453,2022-11-11,1,139.8675174,315.0
2454,2022-11-11,2,74.08013453,529.0
2455,2022-11-11,3,100.0175233,231.0
2456,2022-11-11,4,75.322142,392.0
2457,2022-11-11,5,78.25753237,189.0
2458,2022-11-11,6,68.58304937,279.0
2459,2022-11-11,7,43.4630918,122.0
2460,2022-11-11,8,49.49202781,158.0
2461,2022-11-11,9,34.05611815,129.0
2462,2022-11-11,10,70.06478431,187.0
2463,2022-11-11,11,76.54885462,151.0
2464,2022-11-11,12,95.04572568,290.0
2465,2022-11-11,13,88.20915156,398.0
2466,2022-11-11,14,102.1597693,571.0
2467,2022-11-11,15,112.7530621,530.0
2468,2022-11-11,16,104.9292762,469.0
2469,2022-11-11,17,106.433803,378.0
2470,2022-11-11,18,115.7893426,473.0
2471,2022-11-11,19,116.1405494,398.0
2472,2022-11-11,20,105.9469111,427.0
2473,2022-11-11,21,130.4667103,340.0
2474,2022-11-11,22,92.50076267,443.0
2475,2022-11-11,23,96.12343216,395.0
2476,2022-11-12,0,73.69922843,409.0
2477,2022-11-12,1,109.4472421,267.0
2478,2022-11-12,2,106.961549,332.0
2479,2022-11-12,3,91.16808717,326.0
2480,2022-11-12,4,64.39145397,383.0
2481,2022-11-12,5,71.88336766,198.0
2482,2022-11-12,6,46.56658797,279.0
2483,2022-11-12,7,77.26837228,198.0
2484,2022-11-12,8,48.40040982,124.0
2485,2022-11-12,9,44.35760336,132.0
2486,2022-11-12,10,35.78528765,127.0
2487,2022-11-12,11,42.47752433,245.0
2488,2022-11-12,12,70.58950926,198.0
2489,2022-11-12,13,71.72059754,246.0
2490,2022-11-12,14,103.4869114,406.0
2491,2022-11-12,15,96.38810265,329.0
2492,2022-11-12,16,91.3211317,339.0
2493,2022-11-12,17,113.0576852,390.0
2494,2022-11-12,18,63.18552152,369.0
2495,2022-11-12,19,82.69695475,378.0
2496,2022-11-12,20,93.66189138,389.0
2497,2022-11-12,21,96.37780337,275.0
2498,2022-11-12,22,90.56924327,498.0
2499,2022-11-12,23,90.94135582,328.0
2500,2022-11-13,0,91.26717705,350.0
2501,2022-11-13,1,88.78420835,400.0
2502,2022-11-13,2,96.19172283,417.0
2503,2022-11-13,3,89.26254828,284.0
2504,2022-11-13,4,97.55976714,353.0
2505,2022-11-13,5,50.9995748,266.0
2506,2022-11-13,6,61.07727005,248.0
2507,2022-11-13,7,61.50728397,132.0
2508,2022-11-13,8,41.10193223,202.0
2509,2022-11-13,9,40.35998146,120.0
2510,2022-11-13,10,34.73829635,196.0
2511,2022-11-13,11,39.303065,196.0
2512,2022-11-13,12,68.2910167,209.0
2513,2022-11-13,13,86.38446956,183.0
2514,2022-11-13,14,95.94831533,262.0
2515,2022-11-13,15,81.97010009,382.0
2516,2022-11-13,16,122.6818131,276.0
2517,2022-11-13,17,124.7828886,450.0
2518,2022-11-13,18,107.8202553,227.0
2519,2022-11-13,19,92.8175332,364.0
2520,2022-11-13,20,95.11183232,386.0
2521,2022-11-13,21,89.8268612,354.0
2522,2022-11-13,22,118.1235476,320.0
2523,2022-11-13,23,109.469602,313.0
2524,2022-11-14,0,76.22482048,375.0
2525,2022-11-14,1,115.1114964,340.0
2526,2022-11-14,2,99.10370778,444.0
2527,2022-11-14,3,105.3936632,331.0
2528,2022-11-14,4,80.80990723,367.0
2529,2022-11-14,5,64.41095173,141.0
2530,2022-11-14,6,65.44118871,208.0
2531,2022-11-14,7,35.94152687,201.0
2532,2022-11-14,8,65.17260769,144.0
2533,2022-11-14,9,27.75146851,97.0
2534,2022-11-14,10,30.38927915,151.0
2535,2022-11-14,11,46.63342768,207.0
2536,2022-11-14,12,82.24165545,305.0
2537,2022-11-14,13,124.7387775,327.0
2538,2022-11-14,14,96.65587036,471.0
2539,2022-11-14,15,135.8455252,326.0
2540,2022-11-14,16,90.63700195,406.0
2541,2022-11-14,17,147.8584658,281.0
2542,2022-11-14,18,147.7011159,308.0
2543,2022-11-14,19,144.9232215,302.0
2544,2022-11-14,20,141.6801987,293.0
2545,2022-11-14,21,125.2739439,282.0
2546,2022-11-14,22,132.4383434,270.0
2547,2022-11-14,23,124.1017585,302.0
2548,2022-11-15,0,147.6924249,277.0
2549,2022-11-15,1,109.8220981,311.0
2550,2022-11-15,2,107.2549802,321.0
2551,2022-11-15,3,87.430971,205.0
2552,2022-11-15,4,93.20268613,185.0
2553,2022-11-15,5,83.53562478,73.0
2554,2022-11-15,6,66.82756152,154.0
2555,2022-11-15,7,141.4768627,68.0
2556,2022-11-15,8,62.86824256,74.0
2557,2022-11-15,9,76.64828019,30.0
2558,2022-11-15,10,68.71365779,40.0
2559,2022-11-15,11,63.33725177,115.0
2560,2022-11-15,12,97.84595208,142.0
2561,2022-11-15,13,118.5470243,307.0
2562,2022-11-15,14,132.144592,354.0
2563,2022-11-15,15,122.4164591,271.0
2564,2022-11-15,16,103.0683326,271.0
2565,2022-11-15,17,122.3060571,289.0
2566,2022-11-15,18,138.8425843,298.0
2567,2022-11-15,19,116.5039872,207.0
2568,2022-11-15,20,118.7140294,386.0
2569,2022-11-15,21,132.3332651,322.0
2570,2022-11-15,22,141.539107,481.0
2571,2022-11-15,23,86.51096381,305.0
2572,2022-11-16,0,136.4574057,223.0
2573,2022-11-16,1,142.1761326,312.0
2574,2022-11-16,2,129.2369906,362.0
2575,2022-11-16,3,193.4784427,334.0
2576,2022-11-16,4,203.0038608,283.0
2577,2022-11-16,5,137.9535177,169.0
2578,2022-11-16,6,92.01260471,167.0
2579,2022-11-16,7,88.35724361,43.0
2580,2022-11-16,8,76.79392226,81.0
2581,2022-11-16,9,129.4511491,53.0
2582,2022-11-16,10,137.5355996,41.0
2583,2022-11-16,11,80.97751957,169.0
2584,2022-11-16,12,143.9980343,130.0
2585,2022-11-16,13,134.5667128,268.0
2586,2022-11-16,14,101.1547829,418.0
2587,2022-11-16,15,132.5645076,298.0
2588,2022-11-16,16,126.2034467,395.0
2589,2022-11-16,17,105.6808988,317.0
2590,2022-11-16,18,135.0366297,372.0
2591,2022-11-16,19,143.4977431,357.0
2592,2022-11-16,20,191.5405255,419.0
2593,2022-11-16,21,213.5157942,338.0
2594,2022-11-16,22,162.5486807,367.0
2595,2022-11-16,23,138.0413184,418.0
2596,2022-11-17,0,167.5502011,315.0
2597,2022-11-17,1,162.0147516,316.0
2598,2022-11-17,2,149.2910439,319.0
2599,2022-11-17,3,127.5210689,210.0
2600,2022-11-17,4,100.186219,201.0
2601,2022-11-17,5,87.46665649,131.0
2602,2022-11-17,6,112.3644917,170.0
2603,2022-11-17,7,129.2742578,45.0
2604,2022-11-17,8,94.66829696,104.0
2605,2022-11-17,9,58.73889881,51.0
2606,2022-11-17,10,104.0034404,55.0
2607,2022-11-17,11,58.43765454,155.0
2608,2022-11-17,12,139.9187869,161.0
2609,2022-11-17,13,134.7946552,259.0
2610,2022-11-17,14,126.7284263,294.0
2611,2022-11-17,15,158.3471418,344.0
2612,2022-11-17,16,123.2245243,341.0
2613,2022-11-17,17,107.4732108,286.0
2614,2022-11-17,18,123.8150653,297.0
2615,2022-11-17,19,105.2315821,292.0
2616,2022-11-17,20,122.9439256,350.0
2617,2022-11-17,21,164.4729017,374.0
2618,2022-11-17,22,147.5390951,350.0
2619,2022-11-17,23,132.3761991,307.0
2620,2022-11-18,0,129.022946,242.0
2621,2022-11-18,1,153.0930696,274.0
2622,2022-11-18,2,114.7430563,339.0
2623,2022-11-18,3,152.7196458,305.0
2624,2022-11-18,4,123.8925894,192.0
2625,2022-11-18,5,133.4200486,158.0
2626,2022-11-18,6,95.86516008,191.0
2627,2022-11-18,7,67.86383245,81.0
2628,2022-11-18,8,105.3450419,135.0
2629,2022-11-18,9,78.74538337,74.0
2630,2022-11-18,10,107.5607427,35.0
2631,2022-11-18,11,71.64905409,172.0
2632,2022-11-18,12,130.1956888,167.0
2633,2022-11-18,13,164.7472549,243.0
2634,2022-11-18,14,136.867153,430.0
2635,2022-11-18,15,132.2428345,300.0
2636,2022-11-18,16,125.0325595,291.0
2637,2022-11-18,17,108.7463199,279.0
2638,2022-11-18,18,129.7182738,247.0
2639,2022-11-18,19,105.2454572,257.0
2640,2022-11-18,20,133.5016345,361.0
2641,2022-11-18,21,122.5468453,416.0
2642,2022-11-18,22,126.9617461,279.0
2643,2022-11-18,23,143.1882913,283.0
2644,2022-11-19,0,141.9587862,279.0
2645,2022-11-19,1,144.2673503,254.0
2646,2022-11-19,2,113.5056393,296.0
2647,2022-11-19,3,140.4777902,305.0
2648,2022-11-19,4,149.8608251,213.0
2649,2022-11-19,5,101.9349761,150.0
2650,2022-11-19,6,81.20978826,171.0
2651,2022-11-19,7,139.9194297,48.0
2652,2022-11-19,8,79.22704582,77.0
2653,2022-11-19,9,111.5619443,45.0
2654,2022-11-19,10,76.85602195,60.0
2655,2022-11-19,11,79.68719809,127.0
2656,2022-11-19,12,95.89533458,95.0
2657,2022-11-19,13,121.2590397,127.0
2658,2022-11-19,14,103.5910639,199.0
2659,2022-11-19,15,137.8463703,219.0
2660,2022-11-19,16,140.8533179,223.0
2661,2022-11-19,17,123.1993951,229.0
2662,2022-11-19,18,138.3427837,249.0
2663,2022-11-19,19,116.3253849,275.0
2664,2022-11-19,20,111.5794101,236.0
2665,2022-11-19,21,123.5149474,242.0
2666,2022-11-19,22,137.8403254,286.0
2667,2022-11-19,23,95.05225217,236.0
2668,2022-11-20,0,103.6088536,194.0
2669,2022-11-20,1,101.9968718,249.0
2670,2022-11-20,2,124.8927825,271.0
2671,2022-11-20,3,99.43577095,233.0
2672,2022-11-20,4,151.2524811,199.0
2673,2022-11-20,5,124.7668695,225.0
2674,2022-11-20,6,89.51376156,196.0
2675,2022-11-20,7,191.8893724,54.0
2676,2022-11-20,8,75.50187867,66.0
2677,2022-11-20,9,97.76539885,44.0
2678,2022-11-20,10,68.38723007,48.0
2679,2022-11-20,11,88.81648438,144.0
2680,2022-11-20,12,101.0015382,89.0
2681,2022-11-20,13,130.1353178,112.0
2682,2022-11-20,14,155.8400512,238.0
2683,2022-11-20,15,162.4347688,262.0
2684,2022-11-20,16,139.1490376,443.0
2685,2022-11-20,17,149.2219448,325.0
2686,2022-11-20,18,192.6452511,262.0
2687,2022-11-20,19,129.2966163,294.0
2688,2022-11-20,20,163.5679535,291.0
2689,2022-11-20,21,153.2488258,251.0
2690,2022-11-20,22,109.2482345,242.0
2691,2022-11-20,23,145.8854184,287.0
2692,2022-11-21,0,175.668164,296.0
2693,2022-11-21,1,145.6630475,345.0
2694,2022-11-21,2,97.59677952,293.0
2695,2022-11-21,3,156.3164334,235.0
2696,2022-11-21,4,96.8864081,208.0
2697,2022-11-21,5,108.7109025,132.0
2698,2022-11-21,6,103.8948173,185.0
2699,2022-11-21,7,162.5729756,56.0
2700,2022-11-21,8,136.7050279,76.0
2701,2022-11-21,9,109.1867213,50.0
2702,2022-11-21,10,87.6977278,64.0
2703,2022-11-21,11,65.06906652,146.0
2704,2022-11-21,12,124.9804869,186.0
2705,2022-11-21,13,100.2504276,243.0
2706,2022-11-21,14,131.1152039,454.0
2707,2022-11-21,15,146.7578019,373.0
2708,2022-11-21,16,142.9761305,433.0
2709,2022-11-21,17,162.7855601,418.0
2710,2022-11-21,18,138.7513175,351.0
2711,2022-11-21,19,157.4156954,370.0
2712,2022-11-21,20,148.7026353,300.0
2713,2022-11-21,21,149.8320847,272.0
2714,2022-11-21,22,156.6990188,288.0
2715,2022-11-21,23,132.5908614,351.0
2716,2022-11-22,0,121.798138,301.0
2717,2022-11-22,1,171.5014171,318.0
2718,2022-11-22,2,132.5164877,350.0
2719,2022-11-22,3,124.8722653,295.0
2720,2022-11-22,4,124.7581427,235.0
2721,2022-11-22,5,139.6268518,137.0
2722,2022-11-22,6,81.91434609,201.0
2723,2022-11-22,7,107.7413868,53.0
2724,2022-11-22,8,57.65056894,57.0
2725,2022-11-22,9,126.881327,52.0
2726,2022-11-22,10,89.92173372,61.0
2727,2022-11-22,11,147.4576825,83.0
2728,2022-11-22,12,125.5428284,156.0
2729,2022-11-22,13,142.3959939,269.0
2730,2022-11-22,14,146.7331634,334.0
2731,2022-11-22,15,138.2560996,304.0
2732,2022-11-22,16,148.3299152,241.0
2733,2022-11-22,17,128.8597641,336.0
2734,2022-11-22,18,106.5041944,329.0
2735,2022-11-22,19,108.4266668,305.0
2736,2022-11-22,20,125.4472022,241.0
2737,2022-11-22,21,131.940522,214.0
2738,2022-11-22,22,117.3503697,251.0
2739,2022-11-22,23,126.9880814,308.0
2740,2022-11-23,0,150.4229216,207.0
2741,2022-11-23,1,139.6478455,298.0
2742,2022-11-23,2,148.3854332,255.0
2743,2022-11-23,3,129.1961596,217.0
2744,2022-11-23,4,105.0739757,197.0
2745,2022-11-23,5,139.7324569,152.0
2746,2022-11-23,6,88.18990949,124.0
2747,2022-11-23,7,105.0313345,34.0
2748,2022-11-23,8,72.39006414,35.0
2749,2022-11-23,9,99.71014969,61.0
2750,2022-11-23,10,112.0442045,41.0
2751,2022-11-23,11,102.6476743,56.0
2752,2022-11-23,12,151.040286,108.0
2753,2022-11-23,13,135.7343472,302.0
2754,2022-11-23,14,113.6398915,251.0
2755,2022-11-23,15,118.3355031,245.0
2756,2022-11-23,16,142.6732619,400.0
2757,2022-11-23,17,137.4527778,343.0
2758,2022-11-23,18,159.035619,234.0
2759,2022-11-23,19,143.0527862,293.0
2760,2022-11-23,20,130.3293527,192.0
2761,2022-11-23,21,130.7117742,275.0
2762,2022-11-23,22,173.2428446,358.0
2763,2022-11-23,23,153.6206413,249.0
2764,2022-11-24,0,138.1255345,251.0
2765,2022-11-24,1,111.9686792,283.0
2766,2022-11-24,2,126.3853078,203.0
2767,2022-11-24,3,149.5870358,224.0
2768,2022-11-24,4,129.7888225,307.0
2769,2022-11-24,5,83.51652835,111.0
2770,2022-11-24,6,122.7117874,155.0
2771,2022-11-24,7,229.7114829,42.0
2772,2022-11-24,8,104.6727999,41.0
2773,2022-11-24,9,99.00144023,63.0
2774,2022-11-24,10,115.6824284,43.0
2775,2022-11-24,11,208.241376,63.0
2776,2022-11-24,12,183.1702607,101.0
2777,2022-11-24,13,120.8314023,154.0
2778,2022-11-24,14,107.7148395,183.0
2779,2022-11-24,15,110.2960655,190.0
2780,2022-11-24,16,112.567387,191.0
2781,2022-11-24,17,115.7508692,214.0
2782,2022-11-24,18,110.045142,166.0
2783,2022-11-24,19,128.23993,196.0
2784,2022-11-24,20,112.1048541,181.0
2785,2022-11-24,21,112.3044617,171.0
2786,2022-11-24,22,112.3265486,199.0
2787,2022-11-24,23,125.5274363,179.0
2788,2022-11-25,0,150.8997721,195.0
2789,2022-11-25,1,162.7694133,194.0
2790,2022-11-25,2,123.4369693,195.0
2791,2022-11-25,3,146.0503254,215.0
2792,2022-11-25,4,137.1707727,211.0
2793,2022-11-25,5,99.14710311,165.0
2794,2022-11-25,6,104.2899296,185.0
2795,2022-11-25,7,128.6784206,39.0
2796,2022-11-25,8,96.75597305,29.0
2797,2022-11-25,9,66.86661893,51.0
2798,2022-11-25,10,75.00534596,48.0
2799,2022-11-25,11,90.15803125,65.0
2800,2022-11-25,12,116.9333915,111.0
2801,2022-11-25,13,122.1510864,139.0
2802,2022-11-25,14,116.3018928,214.0
2803,2022-11-25,15,156.2039757,226.0
2804,2022-11-25,16,120.3279874,195.0
2805,2022-11-25,17,111.7050129,301.0
2806,2022-11-25,18,91.70181997,306.0
2807,2022-11-25,19,150.7035007,251.0
2808,2022-11-25,20,115.0272966,211.0
2809,2022-11-25,21,130.3715412,258.0
2810,2022-11-25,22,145.9897406,284.0
2811,2022-11-25,23,150.2062659,280.0
2812,2022-11-26,0,153.5792026,222.0
2813,2022-11-26,1,126.4136154,364.0
2814,2022-11-26,2,122.6560606,312.0
2815,2022-11-26,3,140.6787776,325.0
2816,2022-11-26,4,109.3384793,218.0
2817,2022-11-26,5,106.6205074,126.0
2818,2022-11-26,6,93.83923816,153.0
2819,2022-11-26,7,105.3729692,41.0
2820,2022-11-26,8,102.0784413,36.0
2821,2022-11-26,9,58.61316391,59.0
2822,2022-11-26,10,65.836253,45.0
2823,2022-11-26,11,161.704569,33.0
2824,2022-11-26,12,117.9218676,47.0
2825,2022-11-26,13,111.4254422,152.0
2826,2022-11-26,14,207.0814672,223.0
2827,2022-11-26,15,186.5525903,196.0
2828,2022-11-26,16,135.500286,256.0
2829,2022-11-26,17,137.8378468,231.0
2830,2022-11-26,18,143.7837179,179.0
2831,2022-11-26,19,121.4711009,363.0
2832,2022-11-26,20,82.84358785,446.0
2833,2022-11-26,21,138.0472752,280.0
2834,2022-11-26,22,139.376834,278.0
2835,2022-11-26,23,164.1845087,239.0
2836,2022-11-27,0,143.6537216,189.0
2837,2022-11-27,1,139.8467536,220.0
2838,2022-11-27,2,147.8371372,217.0
2839,2022-11-27,3,133.1184503,237.0
2840,2022-11-27,4,129.7147954,187.0
2841,2022-11-27,5,98.37650551,130.0
2842,2022-11-27,6,125.228986,149.0
2843,2022-11-27,7,139.3186811,50.0
2844,2022-11-27,8,84.89082782,39.0
2845,2022-11-27,9,77.94128256,58.0
2846,2022-11-27,10,72.80708699,46.0
2847,2022-11-27,11,107.3215004,56.0
2848,2022-11-27,12,146.0851869,81.0
2849,2022-11-27,13,127.1014683,174.0
2850,2022-11-27,14,118.7411131,132.0
2851,2022-11-27,15,132.2958543,176.0
2852,2022-11-27,16,127.1716294,207.0
2853,2022-11-27,17,136.1632866,272.0
2854,2022-11-27,18,123.9424421,278.0
2855,2022-11-27,19,116.7705872,285.0
2856,2022-11-27,20,167.3940335,278.0
2857,2022-11-27,21,113.3770449,303.0
2858,2022-11-27,22,123.2076002,305.0
2859,2022-11-27,23,143.1514523,213.0
2860,2022-11-28,0,111.4989,361.0
2861,2022-11-28,1,111.9614587,434.0
2862,2022-11-28,2,136.6395682,361.0
2863,2022-11-28,3,108.8821343,289.0
2864,2022-11-28,4,116.7137715,215.0
2865,2022-11-28,5,112.9973044,112.0
2866,2022-11-28,6,80.15677456,194.0
2867,2022-11-28,7,113.6901817,38.0
2868,2022-11-28,8,127.417516,69.0
2869,2022-11-28,9,89.99046076,53.0
2870,2022-11-28,10,97.87195383,50.0
2871,2022-11-28,11,107.6557161,75.0
2872,2022-11-28,12,159.0973682,166.0
2873,2022-11-28,13,147.0864589,270.0
2874,2022-11-28,14,136.1646584,382.0
2875,2022-11-28,15,123.470459,430.0
2876,2022-11-28,16,91.58362335,407.0
2877,2022-11-28,17,139.5549085,378.0
2878,2022-11-28,18,111.2524065,381.0
2879,2022-11-28,19,101.2553295,323.0
2880,2022-11-28,20,106.6185779,312.0
2881,2022-11-28,21,119.4613587,401.0
2882,2022-11-28,22,124.9771159,322.0
2883,2022-11-28,23,153.5324758,327.0
2884,2022-11-29,0,123.9879127,419.0
2885,2022-11-29,1,149.2703579,390.0
2886,2022-11-29,2,122.0863146,304.0
2887,2022-11-29,3,105.8547708,199.0
2888,2022-11-29,4,126.1273051,176.0
2889,2022-11-29,5,130.6005482,151.0
2890,2022-11-29,6,125.9276129,145.0
2891,2022-11-29,7,153.9947993,44.0
2892,2022-11-29,8,138.2793698,29.0
2893,2022-11-29,9,124.8432672,51.0
2894,2022-11-29,10,100.3482477,56.0
2895,2022-11-29,11,118.327784,57.0
2896,2022-11-29,12,138.8034389,119.0
2897,2022-11-29,13,120.0775891,233.0
2898,2022-11-29,14,133.6515821,274.0
2899,2022-11-29,15,100.3453162,297.0
2900,2022-11-29,16,145.6500684,283.0
2901,2022-11-29,17,156.9241254,300.0
2902,2022-11-29,18,147.9243016,260.0
2903,2022-11-29,19,143.6492938,193.0
2904,2022-11-29,20,128.1132966,318.0
2905,2022-11-29,21,141.9380917,335.0
2906,2022-11-29,22,131.743101,372.0
2907,2022-11-29,23,144.0198347,284.0
2908,2022-11-30,0,94.63385117,350.0
2909,2022-11-30,1,125.987931,395.0
2910,2022-11-30,2,104.1601416,330.0
2911,2022-11-30,3,90.49799941,265.0
2912,2022-11-30,4,145.1591335,221.0
2913,2022-11-30,5,148.7818433,139.0
2914,2022-11-30,6,89.53509479,178.0
2915,2022-11-30,7,118.5646762,27.0
2916,2022-11-30,8,124.2890087,29.0
2917,2022-11-30,9,117.7121332,68.0
2918,2022-11-30,10,103.0536408,75.0
2919,2022-11-30,11,131.9321704,68.0
2920,2022-11-30,12,149.5059491,137.0
2921,2022-11-30,13,119.6543873,222.0
2922,2022-11-30,14,145.8478748,286.0
2923,2022-11-30,15,134.2552761,396.0
2924,2022-11-30,16,220.9318024,314.0
2925,2022-11-30,17,152.2289205,311.0
2926,2022-11-30,18,123.6957285,427.0
2927,2022-11-30,19,128.7163305,371.0
2928,2022-11-30,20,143.9867797,436.0
2929,2022-11-30,21,131.2528756,338.0
2930,2022-11-30,22,131.5552972,315.0
2931,2022-11-30,23,131.4916343,294.0
2932,2022-12-01,0,137.864154,356.0
2933,2022-12-01,1,123.7754833,397.0
2934,2022-12-01,2,102.6124791,298.0
2935,2022-12-01,3,129.7337077,229.0
2936,2022-12-01,4,123.7156477,178.0
2937,2022-12-01,5,74.19107667,159.0
2938,2022-12-01,6,109.4441705,135.0
2939,2022-12-01,7,76.29629531,94.0
2940,2022-12-01,8,64.54872368,39.0
2941,2022-12-01,9,88.25452336,45.0
2942,2022-12-01,10,127.3325243,55.0
2943,2022-12-01,11,149.9131703,62.0
2944,2022-12-01,12,146.4388702,104.0
2945,2022-12-01,13,109.8730128,266.0
2946,2022-12-01,14,138.1524752,204.0
2947,2022-12-01,15,114.6793835,338.0
2948,2022-12-01,16,130.4377526,252.0
2949,2022-12-01,17,140.7829321,232.0
2950,2022-12-01,18,108.9019441,356.0
2951,2022-12-01,19,126.6089637,284.0
2952,2022-12-01,20,122.4539064,328.0
2953,2022-12-01,21,118.1968672,313.0
2954,2022-12-01,22,108.2789317,444.0
2955,2022-12-01,23,145.4379303,260.0
2956,2022-12-02,0,136.3662318,281.0
2957,2022-12-02,1,143.033861,450.0
2958,2022-12-02,2,127.6917054,293.0
2959,2022-12-02,3,161.5799904,209.0
2960,2022-12-02,4,165.7292992,189.0
2961,2022-12-02,5,192.4876549,125.0
2962,2022-12-02,6,210.3009537,181.0
2963,2022-12-02,7,143.8111474,56.0
2964,2022-12-02,8,66.44887074,35.0
2965,2022-12-02,9,97.23202719,32.0
2966,2022-12-02,10,107.8829004,74.0
2967,2022-12-02,11,70.11174205,145.0
2968,2022-12-02,12,119.3125399,177.0
2969,2022-12-02,13,113.4107156,363.0
2970,2022-12-02,14,128.2570925,376.0
2971,2022-12-02,15,147.2462767,307.0
2972,2022-12-02,16,127.8704159,241.0
2973,2022-12-02,17,133.2462829,301.0
2974,2022-12-02,18,111.8956479,265.0
2975,2022-12-02,19,141.7602857,299.0
2976,2022-12-02,20,132.650949,324.0
2977,2022-12-02,21,121.5304593,375.0
2978,2022-12-02,22,122.4575363,331.0
2979,2022-12-02,23,139.3129869,268.0
2980,2022-12-03,0,158.3468577,248.0
2981,2022-12-03,1,116.6111247,241.0
2982,2022-12-03,2,139.422669,246.0
2983,2022-12-03,3,151.9922273,300.0
2984,2022-12-03,4,123.7085097,209.0
2985,2022-12-03,5,160.2039963,129.0
2986,2022-12-03,6,102.0150176,160.0
2987,2022-12-03,7,183.371314,78.0
2988,2022-12-03,8,111.5004928,40.0
2989,2022-12-03,9,139.3071973,24.0
2990,2022-12-03,10,84.19139478,46.0
2991,2022-12-03,11,120.1074125,41.0
2992,2022-12-03,12,144.3005892,67.0
2993,2022-12-03,13,156.2444478,119.0
2994,2022-12-03,14,131.808964,200.0
2995,2022-12-03,15,138.0844272,231.0
2996,2022-12-03,16,165.3256575,180.0
2997,2022-12-03,17,121.7021481,216.0
2998,2022-12-03,18,97.08433214,295.0
2999,2022-12-03,19,153.4693289,179.0
3000,2022-12-03,20,113.3824761,197.0
3001,2022-12-03,21,155.161408,180.0
3002,2022-12-03,22,125.5065789,342.0
3003,2022-12-03,23,118.5287304,198.0
3004,2022-12-04,0,127.5521976,253.0
3005,2022-12-04,1,142.7279443,191.0
3006,2022-12-04,2,119.4922607,282.0
3007,2022-12-04,3,157.1371275,174.0
3008,2022-12-04,4,120.9724747,244.0
3009,2022-12-04,5,163.7819404,145.0
3010,2022-12-04,6,115.1462587,147.0
3011,2022-12-04,7,169.0937178,51.0
3012,2022-12-04,8,70.66564949,75.0
3013,2022-12-04,9,118.6967292,53.0
3014,2022-12-04,10,90.21079032,47.0
3015,2022-12-04,11,130.1450281,63.0
3016,2022-12-04,12,148.8431143,112.0
3017,2022-12-04,13,149.8061037,210.0
3018,2022-12-04,14,115.4703967,272.0
3019,2022-12-04,15,119.952986,277.0
3020,2022-12-04,16,151.2958844,199.0
3021,2022-12-04,17,121.2651599,278.0
3022,2022-12-04,18,151.461112,259.0
3023,2022-12-04,19,141.6350558,292.0
3024,2022-12-04,20,146.8550371,248.0
3025,2022-12-04,21,158.2926189,261.0
3026,2022-12-04,22,158.0845313,381.0
3027,2022-12-04,23,137.6229622,209.0
3028,2022-12-05,0,131.5308932,313.0
3029,2022-12-05,1,147.8267793,318.0
3030,2022-12-05,2,125.6869634,300.0
3031,2022-12-05,3,135.8359192,198.0
3032,2022-12-05,4,131.5050698,226.0
3033,2022-12-05,5,126.5423108,204.0
3034,2022-12-05,6,117.6130514,158.0
3035,2022-12-05,7,85.89334799,86.0
3036,2022-12-05,8,170.8684498,50.0
3037,2022-12-05,9,129.9899205,49.0
3038,2022-12-05,10,105.2191033,66.0
3039,2022-12-05,11,133.2322619,65.0
3040,2022-12-05,12,121.9147243,138.0
3041,2022-12-05,13,129.5120207,248.0
3042,2022-12-05,14,143.1526495,349.0
3043,2022-12-05,15,115.5322037,346.0
3044,2022-12-05,16,137.0831577,344.0
3045,2022-12-05,17,135.9294206,241.0
3046,2022-12-05,18,102.0048399,361.0
3047,2022-12-05,19,136.5946863,366.0
3048,2022-12-05,20,153.0382859,383.0
3049,2022-12-05,21,143.672709,394.0
3050,2022-12-05,22,129.8514958,344.0
3051,2022-12-05,23,152.632406,322.0
3052,2022-12-06,0,140.1163958,403.0
3053,2022-12-06,1,151.4642685,329.0
3054,2022-12-06,2,116.019338,335.0
3055,2022-12-06,3,134.3670432,195.0
3056,2022-12-06,4,123.0111706,214.0
3057,2022-12-06,5,128.1134279,131.0
3058,2022-12-06,6,117.5390548,163.0
3059,2022-12-06,7,71.22702848,108.0
3060,2022-12-06,8,99.24702703,161.0
3061,2022-12-06,9,68.28921754,94.0
3062,2022-12-06,10,94.77131116,134.0
3063,2022-12-06,11,79.70896193,234.0
3064,2022-12-06,12,114.0471834,260.0
3065,2022-12-06,13,102.1398911,578.0
3066,2022-12-06,14,105.2125203,447.0
3067,2022-12-06,15,112.3152985,345.0
3068,2022-12-06,16,115.6124137,339.0
3069,2022-12-06,17,119.8881767,493.0
3070,2022-12-06,18,125.1262328,462.0
3071,2022-12-06,19,104.3530016,360.0
3072,2022-12-06,20,128.8262668,545.0
3073,2022-12-06,21,122.5356759,296.0
3074,2022-12-06,22,113.8967563,350.0
3075,2022-12-06,23,121.093669,533.0
3076,2022-12-07,0,124.7113624,421.0
3077,2022-12-07,1,110.3763394,266.0
3078,2022-12-07,2,93.54309478,515.0
3079,2022-12-07,3,148.7356219,266.0
3080,2022-12-07,4,113.8067934,155.0
3081,2022-12-07,5,92.6859085,248.0
3082,2022-12-07,6,94.16293652,200.0
3083,2022-12-07,7,122.2990443,93.0
3084,2022-12-07,8,81.67006,170.0
3085,2022-12-07,9,72.77157143,67.0
3086,2022-12-07,10,93.92183022,100.0
3087,2022-12-07,11,89.13054927,230.0
3088,2022-12-07,12,111.7437077,179.0
3089,2022-12-07,13,112.1685305,507.0
3090,2022-12-07,14,93.67135618,552.0
3091,2022-12-07,15,132.7726397,361.0
3092,2022-12-07,16,108.3602946,306.0
3093,2022-12-07,17,102.0780275,486.0
3094,2022-12-07,18,124.1643473,429.0
3095,2022-12-07,19,130.1907333,315.0
3096,2022-12-07,20,112.2668346,549.0
3097,2022-12-07,21,177.1788281,409.0
3098,2022-12-07,22,117.3644026,425.0
3099,2022-12-07,23,99.07703308,397.0
3100,2022-12-08,0,128.1981428,402.0
3101,2022-12-08,1,124.6925154,379.0
3102,2022-12-08,2,124.3903557,442.0
3103,2022-12-08,3,105.8825655,271.0
3104,2022-12-08,4,146.5388203,286.0
3105,2022-12-08,5,96.60744009,313.0
3106,2022-12-08,6,80.39420123,192.0
3107,2022-12-08,7,78.83870783,130.0
3108,2022-12-08,8,81.90509695,174.0
3109,2022-12-08,9,45.97233097,80.0
3110,2022-12-08,10,64.54251523,109.0
3111,2022-12-08,11,99.46260703,262.0
3112,2022-12-08,12,99.01189701,230.0
3113,2022-12-08,13,106.7044727,575.0
3114,2022-12-08,14,107.9117225,613.0
3115,2022-12-08,15,87.03383484,324.0
3116,2022-12-08,16,121.5299789,345.0
3117,2022-12-08,17,109.324291,486.0
3118,2022-12-08,18,100.6473918,340.0
3119,2022-12-08,19,110.1377748,406.0
3120,2022-12-08,20,94.06616592,517.0
3121,2022-12-08,21,129.698544,300.0
3122,2022-12-08,22,121.5155754,271.0
3123,2022-12-08,23,108.0713782,474.0
3124,2022-12-09,0,170.106062,271.0
3125,2022-12-09,1,87.25732173,265.0
3126,2022-12-09,2,100.964301,384.0
3127,2022-12-09,3,107.3438877,296.0
3128,2022-12-09,4,99.69717814,200.0
3129,2022-12-09,5,122.6373477,231.0
3130,2022-12-09,6,94.66227171,195.0
3131,2022-12-09,7,90.34377352,57.0
3132,2022-12-09,8,99.37438758,149.0
3133,2022-12-09,9,129.1579885,39.0
3134,2022-12-09,10,96.16041893,129.0
3135,2022-12-09,11,86.59457691,185.0
3136,2022-12-09,12,82.37530251,161.0
3137,2022-12-09,13,114.4738315,476.0
3138,2022-12-09,14,104.5580816,536.0
3139,2022-12-09,15,127.3275638,371.0
3140,2022-12-09,16,87.82994243,407.0
3141,2022-12-09,17,106.4496174,444.0
3142,2022-12-09,18,93.18654078,379.0
3143,2022-12-09,19,116.9193922,324.0
3144,2022-12-09,20,111.3842994,602.0
3145,2022-12-09,21,107.3705773,290.0
3146,2022-12-09,22,141.860904,411.0
3147,2022-12-09,23,131.8224729,354.0
3148,2022-12-10,0,127.323905,320.0
3149,2022-12-10,1,157.9868084,243.0
3150,2022-12-10,2,88.6057741,377.0
3151,2022-12-10,3,111.523406,257.0
3152,2022-12-10,4,118.906263,259.0
3153,2022-12-10,5,116.8123906,317.0
3154,2022-12-10,6,91.00072073,177.0
3155,2022-12-10,7,92.94852009,90.0
3156,2022-12-10,8,89.25106645,144.0
3157,2022-12-10,9,86.65578697,54.0
3158,2022-12-10,10,70.96967863,130.0
3159,2022-12-10,11,112.4041572,182.0
3160,2022-12-10,12,125.8785916,111.0
3161,2022-12-10,13,105.8345159,193.0
3162,2022-12-10,14,108.1308424,334.0
3163,2022-12-10,15,149.1573254,320.0
3164,2022-12-10,16,159.2404058,296.0
3165,2022-12-10,17,124.1438789,438.0
3166,2022-12-10,18,101.6776771,402.0
3167,2022-12-10,19,124.4888199,279.0
3168,2022-12-10,20,121.8044905,361.0
3169,2022-12-10,21,143.2565446,278.0
3170,2022-12-10,22,117.7242095,272.0
3171,2022-12-10,23,105.9636365,347.0
3172,2022-12-11,0,131.4740472,307.0
3173,2022-12-11,1,117.8103968,285.0
3174,2022-12-11,2,95.04022037,397.0
3175,2022-12-11,3,122.3578083,272.0
3176,2022-12-11,4,101.0223381,227.0
3177,2022-12-11,5,96.92100707,301.0
3178,2022-12-11,6,90.58799911,198.0
3179,2022-12-11,7,91.38025027,148.0
3180,2022-12-11,8,110.8683478,166.0
3181,2022-12-11,9,75.32106913,46.0
3182,2022-12-11,10,72.99960312,120.0
3183,2022-12-11,11,120.0190324,218.0
3184,2022-12-11,12,124.150134,133.0
3185,2022-12-11,13,75.46434196,150.0
3186,2022-12-11,14,116.0499221,330.0
3187,2022-12-11,15,115.8222237,190.0
3188,2022-12-11,16,100.621762,317.0
3189,2022-12-11,17,112.9840704,392.0
3190,2022-12-11,18,123.7035117,348.0
3191,2022-12-11,19,148.7198349,229.0
3192,2022-12-11,20,112.7052225,427.0
3193,2022-12-11,21,108.0807861,307.0
3194,2022-12-11,22,96.57871401,255.0
3195,2022-12-11,23,105.7008359,404.0
3196,2022-12-12,0,146.0331566,295.0
3197,2022-12-12,1,116.7368222,353.0
3198,2022-12-12,2,139.2448317,494.0
3199,2022-12-12,3,147.4646622,261.0
3200,2022-12-12,4,119.7002276,177.0
3201,2022-12-12,5,123.3004146,252.0
3202,2022-12-12,6,110.7769201,204.0
3203,2022-12-12,7,79.46362741,67.0
3204,2022-12-12,8,76.13726486,160.0
3205,2022-12-12,9,96.71016465,69.0
3206,2022-12-12,10,87.72761959,108.0
3207,2022-12-12,11,98.10945789,226.0
3208,2022-12-12,12,72.26370532,252.0
3209,2022-12-12,13,114.8251872,581.0
3210,2022-12-12,14,107.2647672,669.0
3211,2022-12-12,15,130.0337336,459.0
3212,2022-12-12,16,122.8496859,380.0
3213,2022-12-12,17,104.1525358,477.0
3214,2022-12-12,18,104.4236798,444.0
3215,2022-12-12,19,121.5120575,434.0
3216,2022-12-12,20,118.9537746,583.0
3217,2022-12-12,21,133.584609,390.0
3218,2022-12-12,22,116.7974962,425.0
3219,2022-12-12,23,129.3563224,493.0
3220,2022-12-13,0,101.395713,318.0
3221,2022-12-13,1,137.7991908,347.0
3222,2022-12-13,2,106.6184191,482.0
3223,2022-12-13,3,116.565587,327.0
3224,2022-12-13,4,115.288752,178.0
3225,2022-12-13,5,96.7970698,215.0
3226,2022-12-13,6,103.1212098,190.0
3227,2022-12-13,7,58.62009149,128.0
3228,2022-12-13,8,96.23132071,169.0
3229,2022-12-13,9,94.53988421,66.0
3230,2022-12-13,10,108.7279601,78.0
3231,2022-12-13,11,96.64516844,227.0
3232,2022-12-13,12,99.74006416,220.0
3233,2022-12-13,13,129.7503918,491.0
3234,2022-12-13,14,116.8455614,536.0
3235,2022-12-13,15,121.0878256,417.0
3236,2022-12-13,16,105.2113949,430.0
3237,2022-12-13,17,109.7812401,488.0
3238,2022-12-13,18,130.6379757,423.0
3239,2022-12-13,19,107.6579285,386.0
3240,2022-12-13,20,105.8376451,539.0
3241,2022-12-13,21,102.6738496,329.0
3242,2022-12-13,22,112.6913343,294.0
3243,2022-12-13,23,120.5543132,437.0
3244,2022-12-14,0,100.8552224,392.0
3245,2022-12-14,1,118.5840148,380.0
3246,2022-12-14,2,105.4417388,445.0
3247,2022-12-14,3,114.6000276,323.0
3248,2022-12-14,4,122.9871268,194.0
3249,2022-12-14,5,116.5731789,232.0
3250,2022-12-14,6,87.57959254,217.0
3251,2022-12-14,7,62.36160067,119.0
3252,2022-12-14,8,75.90372104,188.0
3253,2022-12-14,9,77.68187384,72.0
3254,2022-12-14,10,92.34345935,85.0
3255,2022-12-14,11,121.6114153,248.0
3256,2022-12-14,12,91.14069755,164.0
3257,2022-12-14,13,114.0296549,446.0
3258,2022-12-14,14,103.5749277,623.0
3259,2022-12-14,15,92.17204932,472.0
3260,2022-12-14,16,118.7402859,364.0
3261,2022-12-14,17,117.7081237,435.0
3262,2022-12-14,18,105.1600365,407.0
3263,2022-12-14,19,113.9231413,326.0
3264,2022-12-14,20,95.85396086,488.0
3265,2022-12-14,21,111.5962581,313.0
3266,2022-12-14,22,123.5815248,305.0
3267,2022-12-14,23,113.8911652,517.0
3268,2022-12-15,0,141.2611046,342.0
3269,2022-12-15,1,104.7271801,407.0
3270,2022-12-15,2,105.8526091,408.0
3271,2022-12-15,3,99.24191159,283.0
3272,2022-12-15,4,116.4272004,181.0
3273,2022-12-15,5,115.575308,336.0
3274,2022-12-15,6,105.8765536,198.0
3275,2022-12-15,7,112.1928283,80.0
3276,2022-12-15,8,87.14679297,138.0
3277,2022-12-15,9,65.86466035,65.0
3278,2022-12-15,10,66.92010543,87.0
3279,2022-12-15,11,83.87576437,226.0
3280,2022-12-15,12,131.8773153,141.0
3281,2022-12-15,13,130.5374831,505.0
3282,2022-12-15,14,109.5600834,548.0
3283,2022-12-15,15,106.1631923,453.0
3284,2022-12-15,16,119.9312885,490.0
3285,2022-12-15,17,105.8442099,561.0
3286,2022-12-15,18,100.3947196,415.0
3287,2022-12-15,19,91.93306944,524.0
3288,2022-12-15,20,131.0062643,511.0
3289,2022-12-15,21,101.0148833,377.0
3290,2022-12-15,22,124.1079881,458.0
3291,2022-12-15,23,118.0562618,460.0
3292,2022-12-16,0,131.8814795,286.0
3293,2022-12-16,1,102.0992029,459.0
3294,2022-12-16,2,99.53623767,611.0
3295,2022-12-16,3,120.8762946,330.0
3296,2022-12-16,4,153.463228,222.0
3297,2022-12-16,5,91.1722076,253.0
3298,2022-12-16,6,126.4291515,216.0
3299,2022-12-16,7,172.4486854,93.0
3300,2022-12-16,8,77.20428453,158.0
3301,2022-12-16,9,96.10256845,59.0
3302,2022-12-16,10,91.9998544,68.0
3303,2022-12-16,11,108.816734,223.0
3304,2022-12-16,12,127.041814,180.0
3305,2022-12-16,13,129.2551058,405.0
3306,2022-12-16,14,106.353817,501.0
3307,2022-12-16,15,97.06682456,368.0
3308,2022-12-16,16,102.0909944,406.0
3309,2022-12-16,17,109.7636879,479.0
3310,2022-12-16,18,111.6856481,353.0
3311,2022-12-16,19,106.5483938,395.0
3312,2022-12-16,20,129.4836146,446.0
3313,2022-12-16,21,125.6815043,325.0
3314,2022-12-16,22,120.6018109,274.0
3315,2022-12-16,23,112.6308209,416.0
3316,2022-12-17,0,136.8838618,251.0
3317,2022-12-17,1,129.9684201,267.0
3318,2022-12-17,2,108.6762425,452.0
3319,2022-12-17,3,125.129511,294.0
3320,2022-12-17,4,111.9575366,202.0
3321,2022-12-17,5,102.4754235,248.0
3322,2022-12-17,6,108.8842503,221.0
3323,2022-12-17,7,117.6896936,59.0
3324,2022-12-17,8,84.39274543,174.0
3325,2022-12-17,9,111.9792805,39.0
3326,2022-12-17,10,83.58290386,70.0
3327,2022-12-17,11,111.4993141,133.0
3328,2022-12-17,12,70.99687238,137.0
3329,2022-12-17,13,115.4349618,176.0
3330,2022-12-17,14,107.2811252,335.0
3331,2022-12-17,15,131.2570218,340.0
3332,2022-12-17,16,109.5587577,285.0
3333,2022-12-17,17,103.0267233,419.0
3334,2022-12-17,18,101.7908321,391.0
3335,2022-12-17,19,105.1774692,239.0
3336,2022-12-17,20,96.3577455,392.0
3337,2022-12-17,21,114.1189764,179.0
3338,2022-12-17,22,112.733662,246.0
3339,2022-12-17,23,119.9692468,271.0
3340,2022-12-18,0,99.44123561,274.0
3341,2022-12-18,1,124.645179,213.0
3342,2022-12-18,2,100.349761,379.0
3343,2022-12-18,3,114.7268172,216.0
3344,2022-12-18,4,92.1873456,243.0
3345,2022-12-18,5,89.90044692,269.0
3346,2022-12-18,6,103.2839633,173.0
3347,2022-12-18,7,113.7560598,64.0
3348,2022-12-18,8,74.35912769,170.0
3349,2022-12-18,9,73.06353058,62.0
3350,2022-12-18,10,45.79189653,80.0
3351,2022-12-18,11,81.87062366,143.0
3352,2022-12-18,12,73.522295,94.0
3353,2022-12-18,13,86.4074907,153.0
3354,2022-12-18,14,92.83907637,308.0
3355,2022-12-18,15,119.3507078,220.0
3356,2022-12-18,16,102.2989119,281.0
3357,2022-12-18,17,112.4323896,268.0
3358,2022-12-18,18,97.8732898,323.0
3359,2022-12-18,19,140.8944555,252.0
3360,2022-12-18,20,107.7559097,347.0
3361,2022-12-18,21,158.0790127,295.0
3362,2022-12-18,22,133.0975755,385.0
3363,2022-12-18,23,115.1006826,415.0
3364,2022-12-19,0,125.1355331,361.0
3365,2022-12-19,1,159.4841646,299.0
3366,2022-12-19,2,100.6268347,425.0
3367,2022-12-19,3,130.4618721,246.0
3368,2022-12-19,4,95.52136436,233.0
3369,2022-12-19,5,98.99724523,315.0
3370,2022-12-19,6,105.8798467,157.0
3371,2022-12-19,7,77.45306514,38.0
3372,2022-12-19,8,80.46834212,155.0
3373,2022-12-19,9,49.330541,82.0
3374,2022-12-19,10,71.54306738,115.0
3375,2022-12-19,11,80.89736932,184.0
3376,2022-12-19,12,129.9698816,183.0
3377,2022-12-19,13,99.87088568,486.0
3378,2022-12-19,14,111.3021354,667.0
3379,2022-12-19,15,105.0285689,524.0
3380,2022-12-19,16,98.29413459,465.0
3381,2022-12-19,17,113.6634707,497.0
3382,2022-12-19,18,120.4859084,461.0
3383,2022-12-19,19,96.00427407,396.0
3384,2022-12-19,20,116.9621072,508.0
3385,2022-12-19,21,123.846998,380.0
3386,2022-12-19,22,117.0126862,379.0
3387,2022-12-19,23,103.4950217,617.0
3388,2022-12-20,0,132.6511152,355.0
3389,2022-12-20,1,110.025128,308.0
3390,2022-12-20,2,131.0074934,386.0
3391,2022-12-20,3,127.1726212,223.0
3392,2022-12-20,4,131.4635013,177.0
3393,2022-12-20,5,127.6264373,257.0
3394,2022-12-20,6,93.37278144,213.0
3395,2022-12-20,7,60.57551617,50.0
3396,2022-12-20,8,89.42472144,158.0
3397,2022-12-20,9,73.19823353,75.0
3398,2022-12-20,10,66.64924452,134.0
3399,2022-12-20,11,82.24485942,219.0
3400,2022-12-20,12,168.8216023,195.0
3401,2022-12-20,13,136.2246319,485.0
3402,2022-12-20,14,89.96286347,595.0
3403,2022-12-20,15,120.1848087,396.0
3404,2022-12-20,16,124.8962016,441.0
3405,2022-12-20,17,114.4558093,462.0
3406,2022-12-20,18,117.8413937,341.0
3407,2022-12-20,19,124.6092768,318.0
3408,2022-12-20,20,115.0171394,505.0
3409,2022-12-20,21,99.92651074,281.0
3410,2022-12-20,22,150.5540536,279.0
3411,2022-12-20,23,103.0090841,405.0
3412,2022-12-21,0,156.3523807,280.0
3413,2022-12-21,1,159.6227773,233.0
3414,2022-12-21,2,108.1782245,372.0
3415,2022-12-21,3,113.0805949,222.0
3416,2022-12-21,4,104.6404383,254.0
3417,2022-12-21,5,124.5207298,230.0
3418,2022-12-21,6,93.49966728,179.0
3419,2022-12-21,7,102.3192419,56.0
3420,2022-12-21,8,94.59456003,176.0
3421,2022-12-21,9,79.19535708,67.0
3422,2022-12-21,10,95.82828678,93.0
3423,2022-12-21,11,84.31522936,214.0
3424,2022-12-21,12,128.2177313,135.0
3425,2022-12-21,13,119.0111705,463.0
3426,2022-12-21,14,105.0361331,441.0
3427,2022-12-21,15,101.7940377,341.0
3428,2022-12-21,16,128.5438652,345.0
3429,2022-12-21,17,99.15594674,517.0
3430,2022-12-21,18,141.8310446,322.0
3431,2022-12-21,19,133.4038454,330.0
3432,2022-12-21,20,115.490405,525.0
3433,2022-12-21,21,120.1081998,303.0
3434,2022-12-21,22,114.6063999,253.0
3435,2022-12-21,23,127.2712408,410.0
3436,2022-12-22,0,129.5009037,239.0
3437,2022-12-22,1,114.9785557,285.0
3438,2022-12-22,2,102.1897925,359.0
3439,2022-12-22,3,124.4191268,236.0
3440,2022-12-22,4,106.0232415,165.0
3441,2022-12-22,5,99.3432726,255.0
3442,2022-12-22,6,104.3844339,186.0
3443,2022-12-22,7,94.06356966,73.0
3444,2022-12-22,8,66.80279307,175.0
3445,2022-12-22,9,83.01907511,66.0
3446,2022-12-22,10,79.6598638,135.0
3447,2022-12-22,11,81.50157741,182.0
3448,2022-12-22,12,95.52628396,130.0
3449,2022-12-22,13,100.3151962,460.0
3450,2022-12-22,14,86.24999599,497.0
3451,2022-12-22,15,155.8845952,336.0
3452,2022-12-22,16,163.0727015,378.0
3453,2022-12-22,17,96.40168699,463.0
3454,2022-12-22,18,97.75712178,268.0
3455,2022-12-22,19,109.6268262,480.0
3456,2022-12-22,20,110.8755217,473.0
3457,2022-12-22,21,114.0881254,387.0
3458,2022-12-22,22,133.4985519,352.0
3459,2022-12-22,23,111.8308755,477.0
3460,2022-12-23,0,113.2746862,365.0
3461,2022-12-23,1,103.0212404,365.0
3462,2022-12-23,2,104.4367131,458.0
3463,2022-12-23,3,124.3669319,253.0
3464,2022-12-23,4,138.1122923,258.0
3465,2022-12-23,5,117.0812787,267.0
3466,2022-12-23,6,97.87453084,237.0
3467,2022-12-23,7,102.309736,69.0
3468,2022-12-23,8,73.85857081,166.0
3469,2022-12-23,9,78.67504255,79.0
3470,2022-12-23,10,110.4386303,80.0
3471,2022-12-23,11,72.95335427,225.0
3472,2022-12-23,12,89.3214702,196.0
3473,2022-12-23,13,116.0048406,205.0
3474,2022-12-23,14,94.59013115,350.0
3475,2022-12-23,15,110.2636048,303.0
3476,2022-12-23,16,124.3990324,310.0
3477,2022-12-23,17,112.5025596,544.0
3478,2022-12-23,18,86.96459611,336.0
3479,2022-12-23,19,104.4900967,338.0
3480,2022-12-23,20,133.2461776,540.0
3481,2022-12-23,21,120.905212,304.0
3482,2022-12-23,22,158.3838195,190.0
3483,2022-12-23,23,120.1116314,368.0
3484,2022-12-24,0,117.4324429,279.0
3485,2022-12-24,1,126.1336736,226.0
3486,2022-12-24,2,133.2110438,346.0
3487,2022-12-24,3,136.3904278,229.0
3488,2022-12-24,4,141.1371426,170.0
3489,2022-12-24,5,86.98545205,255.0
3490,2022-12-24,6,101.4802218,186.0
3491,2022-12-24,7,108.7020737,90.0
3492,2022-12-24,8,91.17353698,172.0
3493,2022-12-24,9,118.2781008,46.0
3494,2022-12-24,10,74.69332076,82.0
3495,2022-12-24,11,90.5963545,159.0
3496,2022-12-24,12,89.30442716,95.0
3497,2022-12-24,13,117.8742357,173.0
3498,2022-12-24,14,95.13199549,268.0
3499,2022-12-24,15,133.2940126,222.0
3500,2022-12-24,16,132.0735251,308.0
3501,2022-12-24,17,130.203164,282.0
3502,2022-12-24,18,99.99532294,272.0
3503,2022-12-24,19,113.0526824,249.0
3504,2022-12-24,20,140.807953,342.0
3505,2022-12-24,21,130.1196506,239.0
3506,2022-12-24,22,130.8384673,227.0
3507,2022-12-24,23,108.391174,307.0
3508,2022-12-25,0,103.3102119,263.0
3509,2022-12-25,1,155.8775094,188.0
3510,2022-12-25,2,105.0588215,295.0
3511,2022-12-25,3,141.0190759,190.0
3512,2022-12-25,4,105.3631604,225.0
3513,2022-12-25,5,80.81878411,289.0
3514,2022-12-25,6,119.9449817,287.0
3515,2022-12-25,7,83.86729759,69.0
3516,2022-12-25,8,85.6914251,164.0
3517,2022-12-25,9,114.316964,52.0
3518,2022-12-25,10,63.81741705,77.0
3519,2022-12-25,11,75.16556447,169.0
3520,2022-12-25,12,54.12198719,106.0
3521,2022-12-25,13,91.92929262,135.0
3522,2022-12-25,14,99.99814799,255.0
3523,2022-12-25,15,121.3141828,285.0
3524,2022-12-25,16,106.6738846,288.0
3525,2022-12-25,17,100.8759132,378.0
3526,2022-12-25,18,121.2127801,248.0
3527,2022-12-25,19,104.6306714,206.0
3528,2022-12-25,20,85.0806608,341.0
3529,2022-12-25,21,100.9996667,271.0
3530,2022-12-25,22,100.247561,251.0
3531,2022-12-25,23,100.394131,352.0
3532,2022-12-26,0,115.2456391,274.0
3533,2022-12-26,1,109.7160735,276.0
3534,2022-12-26,2,99.34111317,429.0
3535,2022-12-26,3,124.1869487,247.0
3536,2022-12-26,4,74.75585428,243.0
3537,2022-12-26,5,94.04778777,249.0
3538,2022-12-26,6,73.24359405,202.0
3539,2022-12-26,7,167.6804755,73.0
3540,2022-12-26,8,83.65495983,170.0
3541,2022-12-26,9,86.84732769,77.0
3542,2022-12-26,10,74.39251019,103.0
3543,2022-12-26,11,74.35529719,186.0
3544,2022-12-26,12,113.8396628,108.0
3545,2022-12-26,13,96.90395339,152.0
3546,2022-12-26,14,103.9036992,406.0
3547,2022-12-26,15,145.2209685,292.0
3548,2022-12-26,16,130.9711905,286.0
3549,2022-12-26,17,127.9086424,376.0
3550,2022-12-26,18,116.6676988,361.0
3551,2022-12-26,19,125.2991449,266.0
3552,2022-12-26,20,114.5970172,368.0
3553,2022-12-26,21,131.0039621,281.0
3554,2022-12-26,22,137.3856497,246.0
3555,2022-12-26,23,101.4100014,420.0
3556,2022-12-27,0,106.9517226,284.0
3557,2022-12-27,1,121.0930822,300.0
3558,2022-12-27,2,128.3912257,413.0
3559,2022-12-27,3,104.9494235,230.0
3560,2022-12-27,4,142.7712397,235.0
3561,2022-12-27,5,82.0807861,307.0
3562,2022-12-27,6,111.6404654,187.0
3563,2022-12-27,7,89.14815024,116.0
3564,2022-12-27,8,119.2289748,156.0
3565,2022-12-27,9,83.8208817,94.0
3566,2022-12-27,10,82.73730272,103.0
3567,2022-12-27,11,91.99891287,186.0
3568,2022-12-27,12,88.23906404,156.0
3569,2022-12-27,13,133.4116004,404.0
3570,2022-12-27,14,101.8305876,462.0
3571,2022-12-27,15,142.0033867,339.0
3572,2022-12-27,16,105.3905732,373.0
3573,2022-12-27,17,95.89831876,437.0
3574,2022-12-27,18,97.91277717,308.0
3575,2022-12-27,19,104.9983923,349.0
3576,2022-12-27,20,104.2511043,588.0
3577,2022-12-27,21,117.9262755,390.0
3578,2022-12-27,22,127.9741877,449.0
3579,2022-12-27,23,96.81930605,500.0
3580,2022-12-28,0,102.9768477,379.0
3581,2022-12-28,1,137.9766452,257.0
3582,2022-12-28,2,120.8355825,443.0
3583,2022-12-28,3,109.0757405,235.0
3584,2022-12-28,4,116.5697584,316.0
3585,2022-12-28,5,93.86992815,282.0
3586,2022-12-28,6,125.8148893,214.0
3587,2022-12-28,7,114.3789893,91.0
3588,2022-12-28,8,74.81314768,179.0
3589,2022-12-28,9,106.6974355,102.0
3590,2022-12-28,10,96.9138778,132.0
3591,2022-12-28,11,78.74062871,205.0
3592,2022-12-28,12,87.9963764,196.0
3593,2022-12-28,13,136.4713114,427.0
3594,2022-12-28,14,108.3885256,490.0
3595,2022-12-28,15,107.6600155,318.0
3596,2022-12-28,16,94.51331595,383.0
3597,2022-12-28,17,104.9264655,520.0
3598,2022-12-28,18,139.8192069,403.0
3599,2022-12-28,19,124.4388024,440.0
3600,2022-12-28,20,119.7594329,522.0
3601,2022-12-28,21,131.4658263,305.0
3602,2022-12-28,22,107.4834967,339.0
3603,2022-12-28,23,114.6689949,486.0
3604,2022-12-29,0,111.7455876,292.0
3605,2022-12-29,1,104.0224469,323.0
3606,2022-12-29,2,99.13402317,499.0
3607,2022-12-29,3,138.3634539,272.0
3608,2022-12-29,4,121.3897097,175.0
3609,2022-12-29,5,138.8182634,305.0
3610,2022-12-29,6,122.5094605,295.0
3611,2022-12-29,7,114.8043854,76.0
3612,2022-12-29,8,71.45752961,185.0
3613,2022-12-29,9,87.60965819,63.0
3614,2022-12-29,10,107.4612124,90.0
3615,2022-12-29,11,83.30915012,210.0
3616,2022-12-29,12,103.9521468,146.0
3617,2022-12-29,13,133.6907713,398.0
3618,2022-12-29,14,92.26460272,460.0
3619,2022-12-29,15,126.4527476,336.0
3620,2022-12-29,16,136.7677778,373.0
3621,2022-12-29,17,107.8228214,521.0
3622,2022-12-29,18,135.9723277,418.0
3623,2022-12-29,19,100.2385644,389.0
3624,2022-12-29,20,108.4787753,483.0
3625,2022-12-29,21,134.2985303,320.0
3626,2022-12-29,22,105.0953092,363.0
3627,2022-12-29,23,131.3881719,413.0
3628,2022-12-30,0,113.4192931,359.0
3629,2022-12-30,1,111.8515888,298.0
3630,2022-12-30,2,101.3319783,480.0
3631,2022-12-30,3,109.7295577,260.0
3632,2022-12-30,4,123.4941404,222.0
3633,2022-12-30,5,108.1021984,273.0
3634,2022-12-30,6,108.8873434,376.0
3635,2022-12-30,7,137.0319419,78.0
3636,2022-12-30,8,110.7484255,168.0
3637,2022-12-30,9,137.6756279,38.0
3638,2022-12-30,10,54.83887332,118.0
3639,2022-12-30,11,89.95860018,155.0
3640,2022-12-30,12,104.0333537,122.0
3641,2022-12-30,13,116.3325694,206.0
3642,2022-12-30,14,144.9970965,598.0
3643,2022-12-30,15,167.5204477,244.0
3644,2022-12-30,16,107.5381597,363.0
3645,2022-12-30,17,109.5672753,439.0
3646,2022-12-30,18,113.2015096,339.0
3647,2022-12-30,19,101.2168164,217.0
3648,2022-12-30,20,101.289725,431.0
3649,2022-12-30,21,130.5882661,261.0
3650,2022-12-30,22,129.0690083,213.0
3651,2022-12-30,23,125.9996131,382.0
3652,2022-12-31,0,133.5565046,336.0
3653,2022-12-31,1,125.508183,282.0
3654,2022-12-31,2,107.9234409,326.0
3655,2022-12-31,3,124.0739922,250.0
3656,2022-12-31,4,195.3861764,245.0
3657,2022-12-31,5,94.17369911,220.0
3658,2022-12-31,6,72.44174683,287.0
3659,2022-12-31,7,113.878804,89.0
3660,2022-12-31,8,87.19201867,150.0
3661,2022-12-31,9,87.14187755,106.0
3662,2022-12-31,10,55.10879893,58.0
3663,2022-12-31,11,76.46012849,131.0
3664,2022-12-31,12,88.18819068,104.0
3665,2022-12-31,13,121.0643764,147.0
3666,2022-12-31,14,112.5714762,301.0
3667,2022-12-31,15,145.6697931,218.0
3668,2022-12-31,16,174.8188819,270.0
3669,2022-12-31,17,123.3635777,320.0
3670,2022-12-31,18,115.9445741,272.0
3671,2022-12-31,19,153.8375225,250.0
3672,2022-12-31,20,102.9590313,389.0
3673,2022-12-31,21,121.1721666,227.0
3674,2022-12-31,22,115.9482429,302.0
3675,2022-12-31,23,103.7659407,366.0
3676,2023-01-01,0,100.358385,283.0
3677,2023-01-01,1,144.002589,219.0
3678,2023-01-01,2,115.4232739,327.0
3679,2023-01-01,3,102.6763473,159.0
3680,2023-01-01,4,113.4410859,217.0
3681,2023-01-01,5,104.0411569,286.0
3682,2023-01-01,6,86.94446914,314.0
3683,2023-01-01,7,73.99750163,82.0
3684,2023-01-01,8,76.22251958,145.0
3685,2023-01-01,9,80.11572874,33.0
3686,2023-01-01,10,60.81697903,70.0
3687,2023-01-01,11,72.45104819,151.0
3688,2023-01-01,12,90.92523126,70.0
3689,2023-01-01,13,125.9237361,122.0
3690,2023-01-01,14,93.58984342,277.0
3691,2023-01-01,15,123.7158145,230.0
3692,2023-01-01,16,138.13543,189.0
3693,2023-01-01,17,130.0080952,283.0
3694,2023-01-01,18,140.3324236,258.0
3695,2023-01-01,19,121.894305,194.0
3696,2023-01-01,20,106.0619828,274.0
3697,2023-01-01,21,114.3260526,214.0
3698,2023-01-01,22,116.5747676,229.0
3699,2023-01-01,23,97.86082112,430.0
3700,2023-01-02,0,124.5333781,306.0
3701,2023-01-02,1,117.0996409,358.0
3702,2023-01-02,2,100.425866,424.0
3703,2023-01-02,3,161.5527485,212.0
3704,2023-01-02,4,146.939671,184.0
3705,2023-01-02,5,87.2386694,291.0
3706,2023-01-02,6,83.79463657,253.0
3707,2023-01-02,7,121.1065802,105.0
3708,2023-01-02,8,90.03391661,198.0
3709,2023-01-02,9,51.68552425,66.0
3710,2023-01-02,10,66.71884812,86.0
3711,2023-01-02,11,78.90624037,190.0
3712,2023-01-02,12,69.09587955,74.0
3713,2023-01-02,13,134.7057232,194.0
3714,2023-01-02,14,119.1331662,393.0
3715,2023-01-02,15,101.6502392,321.0
3716,2023-01-02,16,125.0994097,308.0
3717,2023-01-02,17,109.3236012,427.0
3718,2023-01-02,18,105.465395,397.0
3719,2023-01-02,19,164.4104946,302.0
3720,2023-01-02,20,102.8606033,472.0
3721,2023-01-02,21,132.2589149,247.0
3722,2023-01-02,22,112.2840596,308.0
3723,2023-01-02,23,112.8620308,431.0
3724,2023-01-03,0,114.7860622,373.0
3725,2023-01-03,1,123.8149867,274.0
3726,2023-01-03,2,121.8654193,368.0
3727,2023-01-03,3,118.6365185,198.0
3728,2023-01-03,4,96.73485325,151.0
3729,2023-01-03,5,89.18759488,182.0
3730,2023-01-03,6,98.893985,228.0
3731,2023-01-03,7,92.74778141,68.0
3732,2023-01-03,8,66.14609055,217.0
3733,2023-01-03,9,48.22777092,55.0
3734,2023-01-03,10,80.29962261,89.0
3735,2023-01-03,11,102.9005523,152.0
3736,2023-01-03,12,93.1450578,181.0
3737,2023-01-03,13,130.3970828,519.0
3738,2023-01-03,14,115.6351444,446.0
3739,2023-01-03,15,113.8814074,460.0
3740,2023-01-03,16,123.8428649,434.0
3741,2023-01-03,17,102.341701,517.0
3742,2023-01-03,18,128.0213475,480.0
3743,2023-01-03,19,127.1816391,390.0
3744,2023-01-03,20,110.73524,487.0
3745,2023-01-03,21,137.8989099,399.0
3746,2023-01-03,22,101.1114055,500.0
3747,2023-01-03,23,95.00489217,567.0
3748,2023-01-04,0,116.791309,498.0
3749,2023-01-04,1,136.1928524,215.0
3750,2023-01-04,2,93.65221174,355.0
3751,2023-01-04,3,124.8042235,258.0
3752,2023-01-04,4,108.0126678,198.0
3753,2023-01-04,5,107.5765049,365.0
3754,2023-01-04,6,99.75474521,241.0
3755,2023-01-04,7,108.797696,75.0
3756,2023-01-04,8,75.95997159,248.0
3757,2023-01-04,9,103.1043604,85.0
3758,2023-01-04,10,74.50478453,114.0
3759,2023-01-04,11,97.64098537,258.0
3760,2023-01-04,12,113.8814284,236.0
3761,2023-01-04,13,111.8844951,456.0
3762,2023-01-04,14,96.12611507,664.0
3763,2023-01-04,15,116.6207663,389.0
3764,2023-01-04,16,110.1035265,414.0
3765,2023-01-04,17,104.1171517,579.0
3766,2023-01-04,18,134.3046952,364.0
3767,2023-01-04,19,123.3597366,363.0
3768,2023-01-04,20,102.4556724,688.0
3769,2023-01-04,21,134.10892,461.0
3770,2023-01-04,22,110.6030909,339.0
3771,2023-01-04,23,106.692514,556.0
3772,2023-01-05,0,113.2653669,393.0
3773,2023-01-05,1,117.4929343,299.0
3774,2023-01-05,2,89.07719737,477.0
3775,2023-01-05,3,118.7000829,310.0
3776,2023-01-05,4,94.08280458,238.0
3777,2023-01-05,5,100.9959974,284.0
3778,2023-01-05,6,88.01491981,169.0
3779,2023-01-05,7,90.12262239,70.0
3780,2023-01-05,8,76.34103247,244.0
3781,2023-01-05,9,96.38617405,60.0
3782,2023-01-05,10,64.16609662,69.0
3783,2023-01-05,11,74.23710958,327.0
3784,2023-01-05,12,86.9386724,180.0
3785,2023-01-05,13,141.3274915,465.0
3786,2023-01-05,14,93.27085968,631.0
3787,2023-01-05,15,138.1331819,424.0
3788,2023-01-05,16,97.60714148,392.0
3789,2023-01-05,17,100.775683,576.0
3790,2023-01-05,18,115.3915717,412.0
3791,2023-01-05,19,84.17552417,530.0
3792,2023-01-05,20,102.9484091,690.0
3793,2023-01-05,21,100.5436014,403.0
3794,2023-01-05,22,119.0853301,334.0
3795,2023-01-05,23,118.1000406,597.0
3796,2023-01-06,0,119.1295018,336.0
3797,2023-01-06,1,118.936635,350.0
3798,2023-01-06,2,99.2252415,540.0
3799,2023-01-06,3,92.35143065,279.0
3800,2023-01-06,4,124.1831906,155.0
3801,2023-01-06,5,91.5112747,345.0
3802,2023-01-06,6,87.35413909,238.0
3803,2023-01-06,7,147.9543354,138.0
3804,2023-01-06,8,80.84054929,293.0
3805,2023-01-06,9,120.9588157,88.0
3806,2023-01-06,10,67.92586442,155.0
3807,2023-01-06,11,108.6177471,308.0
3808,2023-01-06,12,96.70304589,164.0
3809,2023-01-06,13,114.9288749,503.0
3810,2023-01-06,14,102.1555258,610.0
3811,2023-01-06,15,109.2989792,415.0
3812,2023-01-06,16,106.0870175,422.0
3813,2023-01-06,17,102.9560101,615.0
3814,2023-01-06,18,128.1562272,287.0
3815,2023-01-06,19,113.9145256,325.0
3816,2023-01-06,20,105.9973783,625.0
3817,2023-01-06,21,120.8692431,358.0
3818,2023-01-06,22,130.1152359,279.0
3819,2023-01-06,23,92.92963678,485.0
3820,2023-01-07,0,131.4992415,312.0
3821,2023-01-07,1,117.0637046,342.0
3822,2023-01-07,2,92.94379928,514.0
3823,2023-01-07,3,104.3712048,261.0
3824,2023-01-07,4,102.4694038,190.0
3825,2023-01-07,5,98.94115965,301.0
3826,2023-01-07,6,79.46368472,192.0
3827,2023-01-07,7,70.86582099,50.0
3828,2023-01-07,8,82.62031263,238.0
3829,2023-01-07,9,92.21581054,42.0
3830,2023-01-07,10,63.25465692,92.0
3831,2023-01-07,11,72.11706278,239.0
3832,2023-01-07,12,67.89797795,98.0
3833,2023-01-07,13,94.39848978,168.0
3834,2023-01-07,14,90.10554145,496.0
3835,2023-01-07,15,91.47149752,188.0
3836,2023-01-07,16,114.8383185,260.0
3837,2023-01-07,17,95.12855401,397.0
3838,2023-01-07,18,100.3856223,214.0
3839,2023-01-07,19,131.3994539,282.0
3840,2023-01-07,20,108.9015141,401.0
3841,2023-01-07,21,144.5025661,232.0
3842,2023-01-07,22,127.2746014,282.0
3843,2023-01-07,23,94.749353,427.0
3844,2023-01-08,0,100.5075175,313.0
3845,2023-01-08,1,102.3997766,373.0
3846,2023-01-08,2,106.6452978,551.0
3847,2023-01-08,3,122.5481829,245.0
3848,2023-01-08,4,169.2778103,175.0
3849,2023-01-08,5,92.08799397,350.0
3850,2023-01-08,6,87.918399,292.0
3851,2023-01-08,7,140.8241001,105.0
3852,2023-01-08,8,88.29938741,230.0
3853,2023-01-08,9,66.35559264,60.0
3854,2023-01-08,10,64.82734443,64.0
3855,2023-01-08,11,79.58729265,239.0
3856,2023-01-08,12,68.59678986,106.0
3857,2023-01-08,13,142.9029852,103.0
3858,2023-01-08,14,105.3128639,397.0
3859,2023-01-08,15,141.362558,236.0
3860,2023-01-08,16,91.26179045,355.0
3861,2023-01-08,17,121.1476073,488.0
3862,2023-01-08,18,136.5165286,263.0
3863,2023-01-08,19,148.4272519,196.0
3864,2023-01-08,20,103.4513118,422.0
3865,2023-01-08,21,120.2158987,240.0
3866,2023-01-08,22,130.0038725,268.0
3867,2023-01-08,23,96.76656741,484.0
3868,2023-01-09,0,126.0777312,340.0
3869,2023-01-09,1,128.0844925,239.0
3870,2023-01-09,2,106.5534364,451.0
3871,2023-01-09,3,94.79391759,289.0
3872,2023-01-09,4,97.93967457,192.0
3873,2023-01-09,5,79.3460249,337.0
3874,2023-01-09,6,79.76901803,237.0
3875,2023-01-09,7,102.6305965,89.0
3876,2023-01-09,8,89.35946719,261.0
3877,2023-01-09,9,50.11540845,90.0
3878,2023-01-09,10,87.68637842,117.0
3879,2023-01-09,11,87.55615749,352.0
3880,2023-01-09,12,98.78006252,197.0
3881,2023-01-09,13,114.9586356,536.0
3882,2023-01-09,14,90.21842143,710.0
3883,2023-01-09,15,112.6538758,427.0
3884,2023-01-09,16,105.6560246,386.0
3885,2023-01-09,17,83.22835269,695.0
3886,2023-01-09,18,99.09912851,365.0
3887,2023-01-09,19,108.2162122,307.0
3888,2023-01-09,20,98.15623853,681.0
3889,2023-01-09,21,111.6166205,394.0
3890,2023-01-09,22,131.8073239,280.0
3891,2023-01-09,23,110.4993715,520.0
3892,2023-01-10,0,111.706622,389.0
3893,2023-01-10,1,141.7754623,275.0
3894,2023-01-10,2,88.70074796,497.0
3895,2023-01-10,3,102.7911071,214.0
3896,2023-01-10,4,100.9872515,200.0
3897,2023-01-10,5,96.55714165,127.0
3898,2023-01-10,6,69.64777045,180.0
3899,2023-01-10,7,85.9019074,40.0
3900,2023-01-10,8,97.84754654,95.0
3901,2023-01-10,9,85.07809458,59.0
3902,2023-01-10,10,91.70907234,60.0
3903,2023-01-10,11,109.1769269,108.0
3904,2023-01-10,12,107.2803696,120.0
3905,2023-01-10,13,114.8473282,226.0
3906,2023-01-10,14,145.9593023,300.0
3907,2023-01-10,15,113.3649227,280.0
3908,2023-01-10,16,116.8421728,344.0
3909,2023-01-10,17,117.8856789,295.0
3910,2023-01-10,18,123.7952527,397.0
3911,2023-01-10,19,142.237787,376.0
3912,2023-01-10,20,151.2935295,306.0
3913,2023-01-10,21,124.9806866,280.0
3914,2023-01-10,22,158.875729,296.0
3915,2023-01-10,23,160.7009568,311.0
3916,2023-01-11,0,120.0601817,254.0
3917,2023-01-11,1,177.5601157,272.0
3918,2023-01-11,2,143.397612,297.0
3919,2023-01-11,3,107.1769628,251.0
3920,2023-01-11,4,104.2910546,154.0
3921,2023-01-11,5,124.7778643,191.0
3922,2023-01-11,6,77.19286042,212.0
3923,2023-01-11,7,67.75548568,69.0
3924,2023-01-11,8,115.6947702,52.0
3925,2023-01-11,9,102.6734089,29.0
3926,2023-01-11,10,114.6318859,73.0
3927,2023-01-11,11,70.22894826,95.0
3928,2023-01-11,12,120.5308472,107.0
3929,2023-01-11,13,99.39516278,304.0
3930,2023-01-11,14,120.4572293,350.0
3931,2023-01-11,15,116.8923909,311.0
3932,2023-01-11,16,120.8981996,384.0
3933,2023-01-11,17,118.8484496,309.0
3934,2023-01-11,18,108.0448681,280.0
3935,2023-01-11,19,136.4029783,304.0
3936,2023-01-11,20,123.1512101,393.0
3937,2023-01-11,21,139.8847951,272.0
3938,2023-01-11,22,121.2440305,328.0
3939,2023-01-11,23,157.5362876,292.0
3940,2023-01-12,0,121.4515839,288.0
3941,2023-01-12,1,117.3333727,283.0
3942,2023-01-12,2,150.5056426,217.0
3943,2023-01-12,3,152.686149,266.0
3944,2023-01-12,4,115.4769537,112.0
3945,2023-01-12,5,129.2752947,92.0
3946,2023-01-12,6,75.44168544,186.0
3947,2023-01-12,7,97.59550166,37.0
3948,2023-01-12,8,93.19249313,53.0
3949,2023-01-12,9,134.003041,30.0
3950,2023-01-12,10,113.5524178,40.0
3951,2023-01-12,11,116.0874137,119.0
3952,2023-01-12,12,131.3718752,107.0
3953,2023-01-12,13,91.97131959,349.0
3954,2023-01-12,14,157.9513589,354.0
3955,2023-01-12,15,148.7416318,451.0
3956,2023-01-12,16,135.4894599,348.0
3957,2023-01-12,17,126.5994576,318.0
3958,2023-01-12,18,103.5400819,301.0
3959,2023-01-12,19,105.1554023,483.0
3960,2023-01-12,20,121.9087397,366.0
3961,2023-01-12,21,129.1623757,298.0
3962,2023-01-12,22,134.3666848,315.0
3963,2023-01-12,23,135.5737142,288.0
3964,2023-01-13,0,121.6347904,283.0
3965,2023-01-13,1,129.131057,228.0
3966,2023-01-13,2,159.0828424,217.0
3967,2023-01-13,3,122.6278695,373.0
3968,2023-01-13,4,174.9004237,212.0
3969,2023-01-13,5,157.6514462,83.0
3970,2023-01-13,6,85.0310881,215.0
3971,2023-01-13,7,132.181287,33.0
3972,2023-01-13,8,152.146724,34.0
3973,2023-01-13,9,130.8068221,58.0
3974,2023-01-13,10,151.0836584,67.0
3975,2023-01-13,11,134.3131837,82.0
3976,2023-01-13,12,123.0991728,125.0
3977,2023-01-13,13,129.7027244,332.0
3978,2023-01-13,14,150.3262263,335.0
3979,2023-01-13,15,113.4315039,407.0
3980,2023-01-13,16,150.9886552,367.0
3981,2023-01-13,17,150.504687,418.0
3982,2023-01-13,18,138.7501697,385.0
3983,2023-01-13,19,109.2911215,447.0
3984,2023-01-13,20,161.381292,420.0
3985,2023-01-13,21,106.785826,305.0
3986,2023-01-13,22,105.1777376,307.0
3987,2023-01-13,23,143.1686462,268.0
3988,2023-01-14,0,121.9024839,247.0
3989,2023-01-14,1,135.6915518,313.0
3990,2023-01-14,2,158.1075988,258.0
3991,2023-01-14,3,136.1214931,210.0
3992,2023-01-14,4,110.0056472,243.0
3993,2023-01-14,5,106.5816973,159.0
3994,2023-01-14,6,94.8482074,226.0
3995,2023-01-14,7,106.0349646,64.0
3996,2023-01-14,8,83.08241218,34.0
3997,2023-01-14,9,122.0956224,57.0
3998,2023-01-14,10,89.51026893,59.0
3999,2023-01-14,11,87.75246177,79.0
4000,2023-01-14,12,124.8725791,99.0
4001,2023-01-14,13,124.42094,182.0
4002,2023-01-14,14,118.5623479,224.0
4003,2023-01-14,15,130.1787391,235.0
4004,2023-01-14,16,140.4145321,311.0
4005,2023-01-14,17,121.0032884,289.0
4006,2023-01-14,18,133.8973486,326.0
4007,2023-01-14,19,144.6262535,245.0
4008,2023-01-14,20,151.1498984,174.0
4009,2023-01-14,21,147.9530268,238.0
4010,2023-01-14,22,136.9791635,340.0
4011,2023-01-14,23,124.2481359,233.0
4012,2023-01-15,0,150.6956737,333.0
4013,2023-01-15,1,172.3325504,189.0
4014,2023-01-15,2,135.191851,257.0
4015,2023-01-15,3,125.9157831,183.0
4016,2023-01-15,4,142.2559297,148.0
4017,2023-01-15,5,168.6616213,153.0
4018,2023-01-15,6,76.3617878,221.0
4019,2023-01-15,7,222.080722,45.0
4020,2023-01-15,8,113.5947155,43.0
4021,2023-01-15,9,134.809493,38.0
4022,2023-01-15,10,109.0984231,28.0
4023,2023-01-15,11,122.4797089,51.0
4024,2023-01-15,12,122.8656613,68.0
4025,2023-01-15,13,124.2225105,95.0
4026,2023-01-15,14,139.9268678,190.0
4027,2023-01-15,15,149.4607472,180.0
4028,2023-01-15,16,210.8141119,238.0
4029,2023-01-15,17,165.8348293,263.0
4030,2023-01-15,18,134.040223,278.0
4031,2023-01-15,19,139.7915516,187.0
4032,2023-01-15,20,138.765123,202.0
4033,2023-01-15,21,142.9970565,208.0
4034,2023-01-15,22,155.071514,192.0
4035,2023-01-15,23,164.5231515,171.0
4036,2023-01-16,0,105.0296635,218.0
4037,2023-01-16,1,128.9114202,230.0
4038,2023-01-16,2,114.1510902,303.0
4039,2023-01-16,3,92.61147032,289.0
4040,2023-01-16,4,127.5741494,210.0
4041,2023-01-16,5,139.2033092,117.0
4042,2023-01-16,6,98.32596416,188.0
4043,2023-01-16,7,117.7805933,55.0
4044,2023-01-16,8,109.5701438,53.0
4045,2023-01-16,9,97.28560493,64.0
4046,2023-01-16,10,108.7985692,66.0
4047,2023-01-16,11,87.97730942,79.0
4048,2023-01-16,12,135.0496658,106.0
4049,2023-01-16,13,138.493343,294.0
4050,2023-01-16,14,141.1559579,316.0
4051,2023-01-16,15,134.8726392,246.0
4052,2023-01-16,16,138.1374601,364.0
4053,2023-01-16,17,106.0862005,298.0
4054,2023-01-16,18,145.2538036,343.0
4055,2023-01-16,19,125.3791504,257.0
4056,2023-01-16,20,108.0696089,283.0
4057,2023-01-16,21,98.36964485,340.0
4058,2023-01-16,22,138.7882504,357.0
4059,2023-01-16,23,160.0114533,320.0
4060,2023-01-17,0,155.8509901,374.0
4061,2023-01-17,1,132.6509759,319.0
4062,2023-01-17,2,129.2966518,263.0
4063,2023-01-17,3,109.5482797,189.0
4064,2023-01-17,4,109.1824318,133.0
4065,2023-01-17,5,142.9140589,118.0
4066,2023-01-17,6,87.16591168,169.0
4067,2023-01-17,7,122.267172,62.0
4068,2023-01-17,8,193.1981102,66.0
4069,2023-01-17,9,119.9614972,52.0
4070,2023-01-17,10,115.8241893,57.0
4071,2023-01-17,11,128.4382242,112.0
4072,2023-01-17,12,119.7318067,154.0
4073,2023-01-17,13,105.9656824,467.0
4074,2023-01-17,14,136.7955874,343.0
4075,2023-01-17,15,101.6171762,354.0
4076,2023-01-17,16,104.0529604,326.0
4077,2023-01-17,17,116.4667408,341.0
4078,2023-01-17,18,127.1904844,382.0
4079,2023-01-17,19,137.7474187,333.0
4080,2023-01-17,20,96.76026135,366.0
4081,2023-01-17,21,146.7703872,281.0
4082,2023-01-17,22,125.1881437,342.0
4083,2023-01-17,23,159.6526205,268.0
4084,2023-01-18,0,136.8284327,335.0
4085,2023-01-18,1,177.3387008,232.0
4086,2023-01-18,2,146.1167235,268.0
4087,2023-01-18,3,122.8329489,265.0
4088,2023-01-18,4,125.9371927,164.0
4089,2023-01-18,5,117.305669,68.0
4090,2023-01-18,6,81.33174664,162.0
4091,2023-01-18,7,141.0736339,49.0
4092,2023-01-18,8,46.96681081,37.0
4093,2023-01-18,9,71.47488055,52.0
4094,2023-01-18,10,71.47560649,75.0
4095,2023-01-18,11,108.1981404,134.0
4096,2023-01-18,12,92.77354081,198.0
4097,2023-01-18,13,100.1944725,501.0
4098,2023-01-18,14,117.3898391,458.0
4099,2023-01-18,15,132.4811804,386.0
4100,2023-01-18,16,159.0840104,413.0
4101,2023-01-18,17,143.6714845,293.0
4102,2023-01-18,18,88.31124825,327.0
4103,2023-01-18,19,99.81101539,392.0
4104,2023-01-18,20,124.3770937,317.0
4105,2023-01-18,21,177.6360901,256.0
4106,2023-01-18,22,135.5384989,355.0
4107,2023-01-18,23,113.3307833,276.0
4108,2023-01-19,0,166.0861535,204.0
4109,2023-01-19,1,143.9656258,266.0
4110,2023-01-19,2,118.3777334,222.0
4111,2023-01-19,3,157.301925,215.0
4112,2023-01-19,4,116.2605154,144.0
4113,2023-01-19,5,102.3962934,126.0
4114,2023-01-19,6,86.67089328,191.0
4115,2023-01-19,7,120.3800927,34.0
4116,2023-01-19,8,65.83492743,40.0
4117,2023-01-19,9,67.47728257,39.0
4118,2023-01-19,10,81.33555417,53.0
4119,2023-01-19,11,93.91906576,116.0
4120,2023-01-19,12,120.8016201,212.0
4121,2023-01-19,13,106.247214,472.0
4122,2023-01-19,14,126.868994,350.0
4123,2023-01-19,15,105.6803287,342.0
4124,2023-01-19,16,113.075712,482.0
4125,2023-01-19,17,121.3691633,348.0
4126,2023-01-19,18,120.1645809,340.0
4127,2023-01-19,19,118.1695568,371.0
4128,2023-01-19,20,133.7055903,348.0
4129,2023-01-19,21,129.222651,401.0
4130,2023-01-19,22,118.5824917,361.0
4131,2023-01-19,23,155.6118083,268.0
4132,2023-01-20,0,136.7861454,377.0
4133,2023-01-20,1,123.7998338,221.0
4134,2023-01-20,2,129.1414145,261.0
4135,2023-01-20,3,151.798207,276.0
4136,2023-01-20,4,173.1650118,155.0
4137,2023-01-20,5,119.7072216,90.0
4138,2023-01-20,6,92.81457391,250.0
4139,2023-01-20,7,173.9799225,76.0
4140,2023-01-20,8,74.08295418,60.0
4141,2023-01-20,9,138.8195724,49.0
4142,2023-01-20,10,83.53349822,67.0
4143,2023-01-20,11,69.31032211,93.0
4144,2023-01-20,12,142.1499313,152.0
4145,2023-01-20,13,112.3398735,423.0
4146,2023-01-20,14,142.8909309,380.0
4147,2023-01-20,15,124.9255634,355.0
4148,2023-01-20,16,128.4604563,367.0
4149,2023-01-20,17,132.5074809,275.0
4150,2023-01-20,18,131.0459737,306.0
4151,2023-01-20,19,119.8600028,290.0
4152,2023-01-20,20,120.8053251,229.0
4153,2023-01-20,21,126.6358911,240.0
4154,2023-01-20,22,140.6001818,248.0
4155,2023-01-20,23,145.7538143,239.0
4156,2023-01-21,0,146.6129582,213.0
4157,2023-01-21,1,143.0926119,283.0
4158,2023-01-21,2,108.973526,243.0
4159,2023-01-21,3,114.0442164,201.0
4160,2023-01-21,4,121.3726321,168.0
4161,2023-01-21,5,152.1602523,106.0
4162,2023-01-21,6,81.09354992,194.0
4163,2023-01-21,7,111.5696565,52.0
4164,2023-01-21,8,59.12824052,44.0
4165,2023-01-21,9,105.4457434,42.0
4166,2023-01-21,10,61.34124122,52.0
4167,2023-01-21,11,99.61875,64.0
4168,2023-01-21,12,98.02558755,76.0
4169,2023-01-21,13,112.3525406,129.0
4170,2023-01-21,14,114.3997709,174.0
4171,2023-01-21,15,140.3053775,253.0
4172,2023-01-21,16,103.7778779,219.0
4173,2023-01-21,17,136.2740405,246.0
4174,2023-01-21,18,128.3615615,282.0
4175,2023-01-21,19,127.8496907,231.0
4176,2023-01-21,20,121.7822444,275.0
4177,2023-01-21,21,152.4080993,316.0
4178,2023-01-21,22,126.1179708,302.0
4179,2023-01-21,23,125.4843083,228.0
4180,2023-01-22,0,144.3238698,203.0
4181,2023-01-22,1,162.3790856,280.0
4182,2023-01-22,2,114.273172,219.0
4183,2023-01-22,3,94.09073167,237.0
4184,2023-01-22,4,109.7154964,190.0
4185,2023-01-22,5,170.3085558,138.0
4186,2023-01-22,6,106.6336231,198.0
4187,2023-01-22,7,138.939255,66.0
4188,2023-01-22,8,161.8302777,47.0
4189,2023-01-22,9,77.86060239,35.0
4190,2023-01-22,10,119.5928834,35.0
4191,2023-01-22,11,89.6782637,98.0
4192,2023-01-22,12,116.00649,63.0
4193,2023-01-22,13,155.4555038,140.0
4194,2023-01-22,14,141.2961809,174.0
4195,2023-01-22,15,128.1001249,185.0
4196,2023-01-22,16,120.6622169,258.0
4197,2023-01-22,17,146.878818,250.0
4198,2023-01-22,18,141.8990482,286.0
4199,2023-01-22,19,153.4290016,250.0
4200,2023-01-22,20,182.1184123,244.0
4201,2023-01-22,21,103.7362435,254.0
4202,2023-01-22,22,134.1679025,224.0
4203,2023-01-22,23,119.8968545,315.0
4204,2023-01-23,0,120.5924445,254.0
4205,2023-01-23,1,117.350695,253.0
4206,2023-01-23,2,133.6007156,221.0
4207,2023-01-23,3,152.1123185,192.0
4208,2023-01-23,4,161.0844611,161.0
4209,2023-01-23,5,115.0184578,97.0
4210,2023-01-23,6,84.26900891,164.0
4211,2023-01-23,7,121.4182279,28.0
4212,2023-01-23,8,113.0544713,41.0
4213,2023-01-23,9,123.7676862,41.0
4214,2023-01-23,10,89.10696212,57.0
4215,2023-01-23,11,109.486795,84.0
4216,2023-01-23,12,137.4516714,147.0
4217,2023-01-23,13,104.4936267,559.0
4218,2023-01-23,14,140.2847349,371.0
4219,2023-01-23,15,124.9476992,357.0
4220,2023-01-23,16,125.6834909,363.0
4221,2023-01-23,17,138.6403073,294.0
4222,2023-01-23,18,100.3798504,391.0
4223,2023-01-23,19,143.3048017,323.0
4224,2023-01-23,20,130.8084267,359.0
4225,2023-01-23,21,129.7649805,375.0
4226,2023-01-23,22,119.8146384,348.0
4227,2023-01-23,23,130.221883,273.0
4228,2023-01-24,0,133.7433996,302.0
4229,2023-01-24,1,117.5953147,346.0
4230,2023-01-24,2,113.8362762,338.0
4231,2023-01-24,3,151.4685277,249.0
4232,2023-01-24,4,131.0971862,101.0
4233,2023-01-24,5,170.5661328,74.0
4234,2023-01-24,6,79.08328002,186.0
4235,2023-01-24,7,173.7820165,53.0
4236,2023-01-24,8,111.7193938,46.0
4237,2023-01-24,9,101.149312,37.0
4238,2023-01-24,10,134.5307909,57.0
4239,2023-01-24,11,115.1527385,80.0
4240,2023-01-24,12,119.233797,142.0
4241,2023-01-24,13,124.9205439,468.0
4242,2023-01-24,14,147.2525038,305.0
4243,2023-01-24,15,113.0873784,335.0
4244,2023-01-24,16,129.320192,325.0
4245,2023-01-24,17,109.5020334,311.0
4246,2023-01-24,18,128.1524988,353.0
4247,2023-01-24,19,134.650501,380.0
4248,2023-01-24,20,162.5004161,343.0
4249,2023-01-24,21,186.0129465,335.0
4250,2023-01-24,22,139.1709313,372.0
4251,2023-01-24,23,133.2791679,300.0
4252,2023-01-25,0,145.6216368,320.0
4253,2023-01-25,1,96.82441697,373.0
4254,2023-01-25,2,123.88529,306.0
4255,2023-01-25,3,161.3574137,244.0
4256,2023-01-25,4,158.6679375,173.0
4257,2023-01-25,5,87.13900096,204.0
4258,2023-01-25,6,93.92914655,201.0
4259,2023-01-25,7,74.88523019,33.0
4260,2023-01-25,8,59.93611661,30.0
4261,2023-01-25,9,82.79744326,52.0
4262,2023-01-25,10,134.1395504,64.0
4263,2023-01-25,11,144.1325669,92.0
4264,2023-01-25,12,142.4253346,118.0
4265,2023-01-25,13,127.5847413,432.0
4266,2023-01-25,14,113.1378576,258.0
4267,2023-01-25,15,134.9669294,345.0
4268,2023-01-25,16,136.8758766,305.0
4269,2023-01-25,17,115.7620881,312.0
4270,2023-01-25,18,133.3502568,399.0
4271,2023-01-25,19,142.0477349,254.0
4272,2023-01-25,20,143.0663209,291.0
4273,2023-01-25,21,112.2874682,329.0
4274,2023-01-25,22,155.7951707,311.0
4275,2023-01-25,23,134.4037095,391.0
4276,2023-01-26,0,135.4694594,279.0
4277,2023-01-26,1,122.1626922,355.0
4278,2023-01-26,2,138.8277226,270.0
4279,2023-01-26,3,169.7337497,235.0
4280,2023-01-26,4,131.4580293,123.0
4281,2023-01-26,5,122.0200883,162.0
4282,2023-01-26,6,102.5198317,174.0
4283,2023-01-26,7,94.40864226,33.0
4284,2023-01-26,8,145.9851007,47.0
4285,2023-01-26,9,95.87708922,27.0
4286,2023-01-26,10,90.86000161,42.0
4287,2023-01-26,11,86.44673612,112.0
4288,2023-01-26,12,151.7568364,124.0
4289,2023-01-26,13,119.2164906,461.0
4290,2023-01-26,14,124.2473093,273.0
4291,2023-01-26,15,118.9443778,287.0
4292,2023-01-26,16,152.8040775,202.0
4293,2023-01-26,17,164.8404286,275.0
4294,2023-01-26,18,152.3959466,391.0
4295,2023-01-26,19,172.9867682,287.0
4296,2023-01-26,20,136.1605478,274.0
4297,2023-01-26,21,143.9750349,304.0
4298,2023-01-26,22,131.0493519,324.0
4299,2023-01-26,23,120.9548691,243.0
4300,2023-01-27,0,124.4764633,303.0
4301,2023-01-27,1,147.700841,237.0
4302,2023-01-27,2,125.6766648,272.0
4303,2023-01-27,3,135.0322914,239.0
4304,2023-01-27,4,160.3812254,140.0
4305,2023-01-27,5,105.1843464,130.0
4306,2023-01-27,6,98.30146851,220.0
4307,2023-01-27,7,90.92889482,47.0
4308,2023-01-27,8,113.9995016,41.0
4309,2023-01-27,9,193.8948569,21.0
4310,2023-01-27,10,74.7913419,35.0
4311,2023-01-27,11,69.5233594,91.0
4312,2023-01-27,12,146.1821091,135.0
4313,2023-01-27,13,138.6563529,465.0
4314,2023-01-27,14,123.8214215,340.0
4315,2023-01-27,15,145.5645058,376.0
4316,2023-01-27,16,126.2401954,384.0
4317,2023-01-27,17,133.3838771,343.0
4318,2023-01-27,18,103.6557919,432.0
4319,2023-01-27,19,172.995804,343.0
4320,2023-01-27,20,166.5886626,253.0
4321,2023-01-27,21,145.4817832,221.0
4322,2023-01-27,22,162.2810255,354.0
4323,2023-01-27,23,115.3443583,198.0
4324,2023-01-28,0,134.141876,229.0
4325,2023-01-28,1,174.5844629,173.0
4326,2023-01-28,2,132.0070975,248.0
4327,2023-01-28,3,153.1013537,210.0
4328,2023-01-28,4,135.3820149,148.0
4329,2023-01-28,5,77.87002785,167.0
4330,2023-01-28,6,102.6578343,186.0
4331,2023-01-28,7,94.95366073,39.0
4332,2023-01-28,8,111.8497877,28.0
4333,2023-01-28,9,70.16274396,36.0
4334,2023-01-28,10,166.5425362,53.0
4335,2023-01-28,11,129.4986061,36.0
4336,2023-01-28,12,132.7514924,59.0
4337,2023-01-28,13,131.7035612,134.0
4338,2023-01-28,14,143.7442967,164.0
4339,2023-01-28,15,132.8670188,228.0
4340,2023-01-28,16,110.8717786,438.0
4341,2023-01-28,17,162.4560074,320.0
4342,2023-01-28,18,127.0600061,244.0
4343,2023-01-28,19,154.4740148,217.0
4344,2023-01-28,20,149.2420015,287.0
4345,2023-01-28,21,143.3976535,284.0
4346,2023-01-28,22,197.9323642,255.0
4347,2023-01-28,23,145.0696109,222.0
4348,2023-01-29,0,130.6484711,223.0
4349,2023-01-29,1,185.2129221,252.0
4350,2023-01-29,2,163.2384961,203.0
4351,2023-01-29,3,108.7211355,241.0
4352,2023-01-29,4,95.90662702,165.0
4353,2023-01-29,5,99.01792579,167.0
4354,2023-01-29,6,76.87940926,168.0
4355,2023-01-29,7,86.10370675,66.0
4356,2023-01-29,8,138.8641314,37.0
4357,2023-01-29,9,119.6071599,27.0
4358,2023-01-29,10,182.4535201,47.0
4359,2023-01-29,11,96.96095544,49.0
4360,2023-01-29,12,131.0164483,74.0
4361,2023-01-29,13,132.728481,92.0
4362,2023-01-29,14,155.6621413,170.0
4363,2023-01-29,15,150.0696057,181.0
4364,2023-01-29,16,142.4057068,185.0
4365,2023-01-29,17,156.4216784,310.0
4366,2023-01-29,18,110.9036598,304.0
4367,2023-01-29,19,118.1579978,287.0
4368,2023-01-29,20,131.857917,248.0
4369,2023-01-29,21,125.8444716,167.0
4370,2023-01-29,22,148.8957355,377.0
4371,2023-01-29,23,169.2816172,206.0
4372,2023-01-30,0,136.0040624,264.0
4373,2023-01-30,1,152.5491419,301.0
4374,2023-01-30,2,138.4891031,243.0
4375,2023-01-30,3,156.8613271,232.0
4376,2023-01-30,4,173.2900195,168.0
4377,2023-01-30,5,107.6590351,147.0
4378,2023-01-30,6,98.16272043,201.0
4379,2023-01-30,7,89.69105823,37.0
4380,2023-01-30,8,109.488211,36.0
4381,2023-01-30,9,114.7685426,28.0
4382,2023-01-30,10,103.4249029,39.0
4383,2023-01-30,11,102.2315299,108.0
4384,2023-01-30,12,124.9847089,136.0
4385,2023-01-30,13,121.2614265,454.0
4386,2023-01-30,14,117.8215342,327.0
4387,2023-01-30,15,111.0229351,363.0
4388,2023-01-30,16,141.0351725,254.0
4389,2023-01-30,17,170.2436337,293.0
4390,2023-01-30,18,111.332713,306.0
4391,2023-01-30,19,116.6945351,317.0
4392,2023-01-30,20,121.6205935,329.0
4393,2023-01-30,21,146.3807222,275.0
4394,2023-01-30,22,165.469265,331.0
4395,2023-01-30,23,143.1527318,216.0
4396,2023-01-31,0,168.1035621,234.0
4397,2023-01-31,1,128.683156,306.0
4398,2023-01-31,2,146.7538229,275.0
4399,2023-01-31,3,148.763394,181.0
4400,2023-01-31,4,106.2503748,152.0
4401,2023-01-31,5,88.80926864,125.0
4402,2023-01-31,6,94.54079521,174.0
4403,2023-01-31,7,94.78924922,59.0
4404,2023-01-31,8,52.48117758,35.0
4405,2023-01-31,9,144.369061,25.0
4406,2023-01-31,10,62.79656286,70.0
4407,2023-01-31,11,126.3327307,116.0
4408,2023-01-31,12,110.721415,153.0
4409,2023-01-31,13,137.6585939,469.0
4410,2023-01-31,14,165.7998003,345.0
4411,2023-01-31,15,134.6838007,325.0
4412,2023-01-31,16,139.3664919,269.0
4413,2023-01-31,17,131.8909094,309.0
4414,2023-01-31,18,126.983253,263.0
4415,2023-01-31,19,103.1878197,298.0
4416,2023-01-31,20,111.6549326,418.0
4417,2023-01-31,21,163.6446668,346.0
4418,2023-01-31,22,112.5189097,429.0
4419,2023-01-31,23,124.0843147,268.0
4420,2023-02-01,0,138.8445594,249.0
4421,2023-02-01,1,137.6859782,316.0
4422,2023-02-01,2,117.3233032,326.0
4423,2023-02-01,3,169.174173,266.0
4424,2023-02-01,4,133.4967806,184.0
4425,2023-02-01,5,53.97725173,190.0
4426,2023-02-01,6,80.67895539,172.0
4427,2023-02-01,7,167.3229697,66.0
4428,2023-02-01,8,121.4693884,38.0
4429,2023-02-01,9,108.5611328,26.0
4430,2023-02-01,10,106.772611,70.0
4431,2023-02-01,11,116.4518107,127.0
4432,2023-02-01,12,116.7591534,142.0
4433,2023-02-01,13,123.6819441,511.0
4434,2023-02-01,14,114.1105744,392.0
4435,2023-02-01,15,117.1997677,358.0
4436,2023-02-01,16,122.9782934,280.0
4437,2023-02-01,17,149.3881924,261.0
4438,2023-02-01,18,121.3145361,373.0
4439,2023-02-01,19,136.2257243,258.0
4440,2023-02-01,20,119.4616393,263.0
4441,2023-02-01,21,125.421286,334.0
4442,2023-02-01,22,150.2759098,322.0
4443,2023-02-01,23,149.6452908,300.0
4444,2023-02-02,0,147.0655628,270.0
4445,2023-02-02,1,127.6570443,276.0
4446,2023-02-02,2,131.1203392,330.0
4447,2023-02-02,3,173.0739092,218.0
4448,2023-02-02,4,162.1733663,118.0
4449,2023-02-02,5,127.0996919,230.0
4450,2023-02-02,6,87.93525915,181.0
4451,2023-02-02,7,180.3905512,38.0
4452,2023-02-02,8,173.5251326,44.0
4453,2023-02-02,9,145.888171,26.0
4454,2023-02-02,10,264.7563633,67.0
4455,2023-02-02,11,60.54043525,109.0
4456,2023-02-02,12,163.9985374,92.0
4457,2023-02-02,13,102.0551938,412.0
4458,2023-02-02,14,134.5550663,371.0
4459,2023-02-02,15,165.6565474,260.0
4460,2023-02-02,16,124.22522,268.0
4461,2023-02-02,17,113.6952567,224.0
4462,2023-02-02,18,105.772191,274.0
4463,2023-02-02,19,125.3859228,301.0
4464,2023-02-02,20,101.4395805,317.0
4465,2023-02-02,21,141.6484016,302.0
4466,2023-02-02,22,115.410458,359.0
4467,2023-02-02,23,161.7806777,251.0
4468,2023-02-03,0,143.8382309,231.0
4469,2023-02-03,1,126.4670908,250.0
4470,2023-02-03,2,146.4331677,202.0
4471,2023-02-03,3,135.9323441,130.0
4472,2023-02-03,4,154.7208316,89.0
4473,2023-02-03,5,105.4972555,92.0
4474,2023-02-03,6,94.4526791,191.0
4475,2023-02-03,7,113.7360451,31.0
4476,2023-02-03,8,88.96894218,40.0
4477,2023-02-03,9,93.93014846,32.0
4478,2023-02-03,10,73.08916122,39.0
4479,2023-02-03,11,86.02746274,117.0
4480,2023-02-03,12,166.8531704,101.0
4481,2023-02-03,13,115.277628,457.0
4482,2023-02-03,14,127.1780457,301.0
4483,2023-02-03,15,135.1547712,311.0
4484,2023-02-03,16,138.0429607,386.0
4485,2023-02-03,17,122.1910478,302.0
4486,2023-02-03,18,127.7800943,313.0
4487,2023-02-03,19,139.9795776,283.0
4488,2023-02-03,20,133.9703047,291.0
4489,2023-02-03,21,154.5857126,284.0
4490,2023-02-03,22,149.853834,249.0
4491,2023-02-03,23,188.6197327,186.0
4492,2023-02-04,0,149.1850581,232.0
4493,2023-02-04,1,166.7113076,184.0
4494,2023-02-04,2,114.0042035,284.0
4495,2023-02-04,3,140.6883078,213.0
4496,2023-02-04,4,124.2372648,216.0
4497,2023-02-04,5,114.7888254,119.0
4498,2023-02-04,6,108.4852547,181.0
4499,2023-02-04,7,98.25262164,31.0
4500,2023-02-04,8,156.5434444,29.0
4501,2023-02-04,9,143.8995302,10.0
4502,2023-02-04,10,56.18690352,114.0
4503,2023-02-04,11,71.40787787,200.0
4504,2023-02-04,12,123.6695286,81.0
4505,2023-02-04,13,119.04075,95.0
4506,2023-02-04,14,120.9438052,230.0
4507,2023-02-04,15,158.9340097,194.0
4508,2023-02-04,16,123.1750721,264.0
4509,2023-02-04,17,145.8257244,230.0
4510,2023-02-04,18,112.3683241,288.0
4511,2023-02-04,19,121.6164964,320.0
4512,2023-02-04,20,142.6409287,250.0
4513,2023-02-04,21,144.8221642,244.0
4514,2023-02-04,22,140.2572085,251.0
4515,2023-02-04,23,144.5803201,240.0
4516,2023-02-05,0,159.3385883,199.0
4517,2023-02-05,1,175.9874168,245.0
4518,2023-02-05,2,139.5782815,227.0
4519,2023-02-05,3,153.0842011,220.0
4520,2023-02-05,4,128.2547327,126.0
4521,2023-02-05,5,96.2584568,199.0
4522,2023-02-05,6,87.13899484,191.0
4523,2023-02-05,7,71.52386395,48.0
4524,2023-02-05,8,127.5430624,68.0
4525,2023-02-05,9,131.954924,23.0
4526,2023-02-05,10,56.74749302,24.0
4527,2023-02-05,11,55.45291409,56.0
4528,2023-02-05,12,159.538916,64.0
4529,2023-02-05,13,209.0878856,145.0
4530,2023-02-05,14,134.3737089,237.0
4531,2023-02-05,15,144.0143749,161.0
4532,2023-02-05,16,123.7560485,145.0
4533,2023-02-05,17,158.3623067,240.0
4534,2023-02-05,18,126.1748492,313.0
4535,2023-02-05,19,180.9527585,207.0
4536,2023-02-05,20,198.9037115,215.0
4537,2023-02-05,21,179.8311123,210.0
4538,2023-02-05,22,138.2009121,258.0
4539,2023-02-05,23,116.4632548,245.0
4540,2023-02-06,0,125.4739982,191.0
4541,2023-02-06,1,114.4133139,254.0
4542,2023-02-06,2,150.3584714,249.0
4543,2023-02-06,3,140.2791916,246.0
4544,2023-02-06,4,146.4062542,150.0
4545,2023-02-06,5,94.59748318,160.0
4546,2023-02-06,6,97.10994101,144.0
4547,2023-02-06,7,147.4811349,50.0
4548,2023-02-06,8,193.9541595,42.0
4549,2023-02-06,9,68.54226206,47.0
4550,2023-02-06,10,170.7631247,42.0
4551,2023-02-06,11,115.1570607,116.0
4552,2023-02-06,12,138.4238767,136.0
4553,2023-02-06,13,124.0608035,388.0
4554,2023-02-06,14,150.6302187,378.0
4555,2023-02-06,15,163.359255,334.0
4556,2023-02-06,16,149.0837275,338.0
4557,2023-02-06,17,125.186138,359.0
4558,2023-02-06,18,138.0201392,367.0
4559,2023-02-06,19,124.8884338,288.0
4560,2023-02-06,20,122.5456057,351.0
4561,2023-02-06,21,133.7360952,201.0
4562,2023-02-06,22,141.1491511,305.0
4563,2023-02-06,23,130.4519368,284.0
4564,2023-02-07,0,132.6574929,326.0
4565,2023-02-07,1,124.7086986,337.0
4566,2023-02-07,2,123.7996851,257.0
4567,2023-02-07,3,177.5718175,224.0
4568,2023-02-07,4,171.5612261,125.0
4569,2023-02-07,5,79.55443823,126.0
4570,2023-02-07,6,98.49725701,150.0
4571,2023-02-07,7,89.88062236,48.0
4572,2023-02-07,8,81.32366275,38.0
4573,2023-02-07,9,97.55169917,33.0
4574,2023-02-07,10,108.5957021,80.0
4575,2023-02-07,11,117.6040275,106.0
4576,2023-02-07,12,130.1695471,135.0
4577,2023-02-07,13,124.8782534,377.0
4578,2023-02-07,14,160.7631756,290.0
4579,2023-02-07,15,131.1389942,333.0
4580,2023-02-07,16,110.8230402,220.0
4581,2023-02-07,17,150.0698023,174.0
4582,2023-02-07,18,104.4319398,390.0
4583,2023-02-07,19,116.283402,298.0
4584,2023-02-07,20,174.9263424,355.0
4585,2023-02-07,21,127.391086,267.0
4586,2023-02-07,22,142.0304032,386.0
4587,2023-02-07,23,121.4570032,350.0
4588,2023-02-08,0,159.5127275,271.0
4589,2023-02-08,1,124.1335546,284.0
4590,2023-02-08,2,213.6222842,253.0
4591,2023-02-08,3,136.1538889,222.0
4592,2023-02-08,4,145.0608263,161.0
4593,2023-02-08,5,145.0554902,81.0
4594,2023-02-08,6,106.6570938,181.0
4595,2023-02-08,7,96.46076963,44.0
4596,2023-02-08,8,192.1826327,37.0
4597,2023-02-08,9,123.3054241,39.0
4598,2023-02-08,10,328.4188118,52.0
4599,2023-02-08,11,172.4872833,101.0
4600,2023-02-08,12,168.6361207,189.0
4601,2023-02-08,13,172.0004786,266.0
4602,2023-02-08,14,147.0388592,276.0
4603,2023-02-08,15,170.7774367,358.0
4604,2023-02-08,16,146.706674,375.0
4605,2023-02-08,17,150.3251256,371.0
4606,2023-02-08,18,147.269515,442.0
4607,2023-02-08,19,152.9431281,409.0
4608,2023-02-08,20,158.1674062,342.0
4609,2023-02-08,21,158.7768228,274.0
4610,2023-02-08,22,169.1875698,356.0
4611,2023-02-08,23,165.7077148,275.0
4612,2023-02-09,0,190.2586509,314.0
4613,2023-02-09,1,220.7699724,254.0
4614,2023-02-09,2,139.9674921,286.0
4615,2023-02-09,3,212.066226,202.0
4616,2023-02-09,4,203.3296106,117.0
4617,2023-02-09,5,132.6992531,131.0
4618,2023-02-09,6,119.3271196,159.0
4619,2023-02-09,7,291.7351255,40.0
4620,2023-02-09,8,259.5760944,54.0
4621,2023-02-09,9,304.013321,35.0
4622,2023-02-09,10,209.0349478,53.0
4623,2023-02-09,11,136.7891414,129.0
4624,2023-02-09,12,202.0463748,147.0
4625,2023-02-09,13,153.3268519,265.0
4626,2023-02-09,14,150.549512,427.0
4627,2023-02-09,15,138.6447375,393.0
4628,2023-02-09,16,139.6716456,329.0
4629,2023-02-09,17,147.3694276,376.0
4630,2023-02-09,18,152.0378681,333.0
4631,2023-02-09,19,128.5639494,333.0
4632,2023-02-09,20,139.4896955,310.0
4633,2023-02-09,21,135.1331792,371.0
4634,2023-02-09,22,151.7825073,342.0
4635,2023-02-09,23,164.6025462,315.0
4636,2023-02-10,0,142.7076314,380.0
4637,2023-02-10,1,154.9108968,311.0
4638,2023-02-10,2,185.2820481,258.0
4639,2023-02-10,3,135.0945395,231.0
4640,2023-02-10,4,169.1138545,158.0
4641,2023-02-10,5,139.6925111,160.0
4642,2023-02-10,6,126.2767803,210.0
4643,2023-02-10,7,261.228648,44.0
4644,2023-02-10,8,225.7970071,65.0
4645,2023-02-10,9,240.252341,53.0
4646,2023-02-10,10,239.8786139,42.0
4647,2023-02-10,11,155.030994,165.0
4648,2023-02-10,12,143.3329949,167.0
4649,2023-02-10,13,184.0039852,240.0
4650,2023-02-10,14,167.3644142,333.0
4651,2023-02-10,15,133.5024101,448.0
4652,2023-02-10,16,146.5927113,295.0
4653,2023-02-10,17,150.4387695,297.0
4654,2023-02-10,18,143.7152178,322.0
4655,2023-02-10,19,146.1549198,308.0
4656,2023-02-10,20,172.0194849,305.0
4657,2023-02-10,21,140.4025986,360.0
4658,2023-02-10,22,175.0767941,369.0
4659,2023-02-10,23,213.6759602,261.0
4660,2023-02-11,0,171.3679816,242.0
4661,2023-02-11,1,164.7653284,305.0
4662,2023-02-11,2,195.0795028,220.0
4663,2023-02-11,3,171.935971,250.0
4664,2023-02-11,4,168.3060669,190.0
4665,2023-02-11,5,130.8750648,198.0
4666,2023-02-11,6,111.9876286,131.0
4667,2023-02-11,7,224.187089,64.0
4668,2023-02-11,8,261.5489668,80.0
4669,2023-02-11,9,419.4736127,54.0
4670,2023-02-11,10,194.2650482,79.0
4671,2023-02-11,11,166.7084656,98.0
4672,2023-02-11,12,196.8361208,114.0
4673,2023-02-11,13,182.7245526,153.0
4674,2023-02-11,14,173.1230801,268.0
4675,2023-02-11,15,155.4305335,271.0
4676,2023-02-11,16,171.2336596,290.0
4677,2023-02-11,17,148.3613866,373.0
4678,2023-02-11,18,143.5437377,283.0
4679,2023-02-11,19,128.2239786,273.0
4680,2023-02-11,20,182.1442092,243.0
4681,2023-02-11,21,183.1834403,301.0
4682,2023-02-11,22,167.7244067,245.0
4683,2023-02-11,23,172.3543187,222.0
4684,2023-02-12,0,186.1908408,175.0
4685,2023-02-12,1,154.7164659,229.0
4686,2023-02-12,2,161.2475393,246.0
4687,2023-02-12,3,153.3394077,201.0
4688,2023-02-12,4,150.1498444,186.0
4689,2023-02-12,5,162.1225893,157.0
4690,2023-02-12,6,71.82559009,226.0
4691,2023-02-12,7,205.8811113,56.0
4692,2023-02-12,8,202.4046853,53.0
4693,2023-02-12,9,237.888381,57.0
4694,2023-02-12,10,292.4857272,32.0
4695,2023-02-12,11,156.4536044,104.0
4696,2023-02-12,12,147.5044767,92.0
4697,2023-02-12,13,171.9305136,196.0
4698,2023-02-12,14,146.4921934,222.0
4699,2023-02-12,15,137.3633402,275.0
4700,2023-02-12,16,121.3352197,329.0
4701,2023-02-12,17,146.6570256,334.0
4702,2023-02-12,18,139.9869831,245.0
4703,2023-02-12,19,188.6345592,226.0
4704,2023-02-12,20,169.0731878,319.0
4705,2023-02-12,21,148.4627627,260.0
4706,2023-02-12,22,172.0185842,294.0
4707,2023-02-12,23,154.4876344,283.0
4708,2023-02-13,0,193.4686689,228.0
4709,2023-02-13,1,176.8191272,258.0
4710,2023-02-13,2,170.8207989,250.0
4711,2023-02-13,3,162.5467404,218.0
4712,2023-02-13,4,167.5391936,138.0
4713,2023-02-13,5,118.5451308,175.0
4714,2023-02-13,6,97.64963579,177.0
4715,2023-02-13,7,291.8853556,86.0
4716,2023-02-13,8,206.3351047,60.0
4717,2023-02-13,9,208.9331678,54.0
4718,2023-02-13,10,214.8226926,54.0
4719,2023-02-13,11,143.8726711,122.0
4720,2023-02-13,12,197.6789919,124.0
4721,2023-02-13,13,151.6286296,230.0
4722,2023-02-13,14,128.8418637,373.0
4723,2023-02-13,15,150.5526328,393.0
4724,2023-02-13,16,127.9330766,359.0
4725,2023-02-13,17,172.0036067,356.0
4726,2023-02-13,18,119.7527353,339.0
4727,2023-02-13,19,164.2070547,316.0
4728,2023-02-13,20,150.4136073,308.0
4729,2023-02-13,21,143.0125478,342.0
4730,2023-02-13,22,184.0386279,297.0
4731,2023-02-13,23,182.4358213,280.0
4732,2023-02-14,0,187.2050492,251.0
4733,2023-02-14,1,143.0558335,241.0
4734,2023-02-14,2,148.531832,261.0
4735,2023-02-14,3,174.4554741,245.0
4736,2023-02-14,4,141.3864967,190.0
4737,2023-02-14,5,111.9758682,148.0
4738,2023-02-14,6,85.91124732,236.0
4739,2023-02-14,7,238.7580926,44.0
4740,2023-02-14,8,204.3709608,59.0
4741,2023-02-14,9,266.2611858,65.0
4742,2023-02-14,10,186.6018299,79.0
4743,2023-02-14,11,130.4268681,137.0
4744,2023-02-14,12,143.2203579,199.0
4745,2023-02-14,13,153.298645,288.0
4746,2023-02-14,14,146.8314469,368.0
4747,2023-02-14,15,136.2361467,324.0
4748,2023-02-14,16,137.940601,262.0
4749,2023-02-14,17,147.7448401,360.0
4750,2023-02-14,18,119.2777056,341.0
4751,2023-02-14,19,155.4927522,292.0
4752,2023-02-14,20,148.7083003,342.0
4753,2023-02-14,21,133.4822031,310.0
4754,2023-02-14,22,151.2013407,374.0
4755,2023-02-14,23,161.4656947,291.0
4756,2023-02-15,0,182.0994934,293.0
4757,2023-02-15,1,164.2657476,251.0
4758,2023-02-15,2,133.535246,420.0
4759,2023-02-15,3,164.1138381,221.0
4760,2023-02-15,4,174.3731643,188.0
4761,2023-02-15,5,237.4044181,119.0
4762,2023-02-15,6,97.3129306,222.0
4763,2023-02-15,7,241.0675512,67.0
4764,2023-02-15,8,223.372621,61.0
4765,2023-02-15,9,208.6213622,63.0
4766,2023-02-15,10,209.8979916,64.0
4767,2023-02-15,11,172.789688,158.0
4768,2023-02-15,12,154.7085582,167.0
4769,2023-02-15,13,157.4792828,281.0
4770,2023-02-15,14,131.2725801,316.0
4771,2023-02-15,15,129.5577658,422.0
4772,2023-02-15,16,118.7627505,391.0
4773,2023-02-15,17,125.5890679,428.0
4774,2023-02-15,18,155.1908423,344.0
4775,2023-02-15,19,167.8475778,346.0
4776,2023-02-15,20,141.6577946,441.0
4777,2023-02-15,21,152.5743664,371.0
4778,2023-02-15,22,178.2207205,326.0
4779,2023-02-15,23,126.181764,387.0
4780,2023-02-16,0,125.4366723,390.0
4781,2023-02-16,1,114.8542879,368.0
4782,2023-02-16,2,162.1078873,328.0
4783,2023-02-16,3,137.9607462,218.0
4784,2023-02-16,4,174.5782423,121.0
4785,2023-02-16,5,107.6339596,186.0
4786,2023-02-16,6,87.52308851,185.0
4787,2023-02-16,7,182.6303858,58.0
4788,2023-02-16,8,236.6772605,75.0
4789,2023-02-16,9,248.6950055,56.0
4790,2023-02-16,10,226.4142591,79.0
4791,2023-02-16,11,122.9728797,123.0
4792,2023-02-16,12,166.0170524,151.0
4793,2023-02-16,13,162.5118343,278.0
4794,2023-02-16,14,135.3956411,360.0
4795,2023-02-16,15,132.3321612,327.0
4796,2023-02-16,16,162.6968595,354.0
4797,2023-02-16,17,140.5898339,341.0
4798,2023-02-16,18,148.3799193,356.0
4799,2023-02-16,19,135.6123864,369.0
4800,2023-02-16,20,178.8540332,317.0
4801,2023-02-16,21,123.2438098,357.0
4802,2023-02-16,22,154.0626444,384.0
4803,2023-02-16,23,166.3296913,359.0
4804,2023-02-17,0,162.8145476,302.0
4805,2023-02-17,1,118.8606633,295.0
4806,2023-02-17,2,149.9828936,269.0
4807,2023-02-17,3,137.3082137,197.0
4808,2023-02-17,4,154.2638221,216.0
4809,2023-02-17,5,105.9878161,240.0
4810,2023-02-17,6,116.6653307,199.0
4811,2023-02-17,7,265.8743698,56.0
4812,2023-02-17,8,217.5775346,70.0
4813,2023-02-17,9,193.8023395,60.0
4814,2023-02-17,10,201.1104695,68.0
4815,2023-02-17,11,136.184827,160.0
4816,2023-02-17,12,158.0631642,169.0
4817,2023-02-17,13,122.5015699,330.0
4818,2023-02-17,14,173.2768835,407.0
4819,2023-02-17,15,136.4433087,342.0
4820,2023-02-17,16,138.5872889,391.0
4821,2023-02-17,17,138.7540631,311.0
4822,2023-02-17,18,157.7282261,419.0
4823,2023-02-17,19,178.5958911,302.0
4824,2023-02-17,20,166.0770573,301.0
4825,2023-02-17,21,159.4975874,357.0
4826,2023-02-17,22,160.4079744,353.0
4827,2023-02-17,23,178.7839725,291.0
4828,2023-02-18,0,182.9643362,232.0
4829,2023-02-18,1,180.747227,302.0
4830,2023-02-18,2,156.8813631,292.0
4831,2023-02-18,3,176.679195,191.0
4832,2023-02-18,4,167.6309319,191.0
4833,2023-02-18,5,124.7553913,169.0
4834,2023-02-18,6,68.17535139,299.0
4835,2023-02-18,7,181.4063044,63.0
4836,2023-02-18,8,243.7131522,54.0
4837,2023-02-18,9,205.6537603,43.0
4838,2023-02-18,10,205.0055568,59.0
4839,2023-02-18,11,184.2776846,79.0
4840,2023-02-18,12,206.3543022,79.0
4841,2023-02-18,13,185.709844,158.0
4842,2023-02-18,14,171.9397819,212.0
4843,2023-02-18,15,180.0443447,157.0
4844,2023-02-18,16,192.8907786,227.0
4845,2023-02-18,17,165.0181561,334.0
4846,2023-02-18,18,158.3736395,315.0
4847,2023-02-18,19,156.4913974,284.0
4848,2023-02-18,20,176.5296276,270.0
4849,2023-02-18,21,135.7888402,349.0
4850,2023-02-18,22,140.9344701,299.0
4851,2023-02-18,23,173.7581701,212.0
4852,2023-02-19,0,167.6161778,204.0
4853,2023-02-19,1,144.1360157,243.0
4854,2023-02-19,2,140.076985,263.0
4855,2023-02-19,3,133.2719509,228.0
4856,2023-02-19,4,175.9360404,177.0
4857,2023-02-19,5,160.3392424,183.0
4858,2023-02-19,6,89.07985285,244.0
4859,2023-02-19,7,181.2704886,88.0
4860,2023-02-19,8,204.8489045,57.0
4861,2023-02-19,9,212.8285702,46.0
4862,2023-02-19,10,189.1088964,52.0
4863,2023-02-19,11,143.6531252,88.0
4864,2023-02-19,12,169.7172528,98.0
4865,2023-02-19,13,179.2579616,148.0
4866,2023-02-19,14,155.6338785,185.0
4867,2023-02-19,15,184.0288479,198.0
4868,2023-02-19,16,145.7312673,175.0
4869,2023-02-19,17,198.5842304,275.0
4870,2023-02-19,18,156.0523825,229.0
4871,2023-02-19,19,178.6398265,190.0
4872,2023-02-19,20,156.7253198,219.0
4873,2023-02-19,21,181.7741204,177.0
4874,2023-02-19,22,131.1319035,260.0
4875,2023-02-19,23,171.7591344,235.0
4876,2023-02-20,0,187.9870637,200.0
4877,2023-02-20,1,165.9783504,241.0
4878,2023-02-20,2,148.8379275,269.0
4879,2023-02-20,3,163.3957014,195.0
4880,2023-02-20,4,194.586517,137.0
4881,2023-02-20,5,108.0858373,185.0
4882,2023-02-20,6,81.40460176,217.0
4883,2023-02-20,7,161.6347437,124.0
4884,2023-02-20,8,218.3215064,46.0
4885,2023-02-20,9,234.8919843,57.0
4886,2023-02-20,10,227.3438905,52.0
4887,2023-02-20,11,166.8353771,129.0
4888,2023-02-20,12,154.9487927,126.0
4889,2023-02-20,13,156.6111234,218.0
4890,2023-02-20,14,122.9548045,300.0
4891,2023-02-20,15,157.8866141,309.0
4892,2023-02-20,16,161.8821077,320.0
4893,2023-02-20,17,178.3630565,339.0
4894,2023-02-20,18,122.1497304,471.0
4895,2023-02-20,19,142.5992848,286.0
4896,2023-02-20,20,160.1960395,303.0
4897,2023-02-20,21,144.3268515,295.0
4898,2023-02-20,22,182.3958715,296.0
4899,2023-02-20,23,162.1518878,310.0
4900,2023-02-21,0,169.8036817,243.0
4901,2023-02-21,1,186.1542026,292.0
4902,2023-02-21,2,132.9276149,354.0
4903,2023-02-21,3,202.688559,189.0
4904,2023-02-21,4,182.4669721,169.0
4905,2023-02-21,5,119.4777243,187.0
4906,2023-02-21,6,114.011921,166.0
4907,2023-02-21,7,197.2239369,52.0
4908,2023-02-21,8,234.657719,51.0
4909,2023-02-21,9,233.9712075,51.0
4910,2023-02-21,10,190.2182322,67.0
4911,2023-02-21,11,123.7501759,148.0
4912,2023-02-21,12,206.4261895,140.0
4913,2023-02-21,13,130.7863841,327.0
4914,2023-02-21,14,141.8660268,395.0
4915,2023-02-21,15,142.9020135,387.0
4916,2023-02-21,16,136.183955,358.0
4917,2023-02-21,17,134.0722901,320.0
4918,2023-02-21,18,140.7072772,436.0
4919,2023-02-21,19,152.849668,342.0
4920,2023-02-21,20,159.683376,433.0
4921,2023-02-21,21,148.8190087,283.0
4922,2023-02-21,22,155.6644848,376.0
4923,2023-02-21,23,161.7346688,282.0
4924,2023-02-22,0,133.5989674,379.0
4925,2023-02-22,1,154.1124884,327.0
4926,2023-02-22,2,128.3016636,368.0
4927,2023-02-22,3,99.90906291,323.0
4928,2023-02-22,4,134.4241305,193.0
4929,2023-02-22,5,148.9808734,118.0
4930,2023-02-22,6,94.16627643,242.0
4931,2023-02-22,7,131.4883349,88.0
4932,2023-02-22,8,191.6483298,58.0
4933,2023-02-22,9,204.3376399,55.0
4934,2023-02-22,10,194.7610957,72.0
4935,2023-02-22,11,190.1640318,125.0
4936,2023-02-22,12,164.4677627,138.0
4937,2023-02-22,13,161.3557842,232.0
4938,2023-02-22,14,121.8546263,321.0
4939,2023-02-22,15,147.7468717,316.0
4940,2023-02-22,16,161.0460632,282.0
4941,2023-02-22,17,134.3799083,306.0
4942,2023-02-22,18,135.2314874,357.0
4943,2023-02-22,19,125.4353809,302.0
4944,2023-02-22,20,139.8207521,310.0
4945,2023-02-22,21,158.3442584,273.0
4946,2023-02-22,22,155.0667506,337.0
4947,2023-02-22,23,154.1047865,244.0
4948,2023-02-23,0,135.6629174,261.0
4949,2023-02-23,1,173.3793234,295.0
4950,2023-02-23,2,159.2663521,266.0
4951,2023-02-23,3,134.8621739,236.0
4952,2023-02-23,4,208.422991,107.0
4953,2023-02-23,5,123.3461253,120.0
4954,2023-02-23,6,86.78661553,211.0
4955,2023-02-23,7,199.6160037,49.0
4956,2023-02-23,8,315.9275617,28.0
4957,2023-02-23,9,222.7894969,56.0
4958,2023-02-23,10,180.6993096,86.0
4959,2023-02-23,11,142.5244529,160.0
4960,2023-02-23,12,165.9060122,141.0
4961,2023-02-23,13,185.0685115,243.0
4962,2023-02-23,14,147.2367324,303.0
4963,2023-02-23,15,160.6759501,314.0
4964,2023-02-23,16,143.8834279,340.0
4965,2023-02-23,17,203.8612985,318.0
4966,2023-02-23,18,135.9098603,376.0
4967,2023-02-23,19,162.2722401,436.0
4968,2023-02-23,20,154.9056539,247.0
4969,2023-02-23,21,161.6525835,303.0
4970,2023-02-23,22,124.8026777,318.0
4971,2023-02-23,23,153.6606954,250.0
4972,2023-02-24,0,158.9949249,327.0
4973,2023-02-24,1,143.2233675,456.0
4974,2023-02-24,2,151.7782901,315.0
4975,2023-02-24,3,132.8535725,241.0
4976,2023-02-24,4,134.0260947,136.0
4977,2023-02-24,5,114.7031162,118.0
4978,2023-02-24,6,105.4634504,223.0
4979,2023-02-24,7,220.4635318,92.0
4980,2023-02-24,8,179.8011624,81.0
4981,2023-02-24,9,141.9119587,67.0
4982,2023-02-24,10,123.6531083,118.0
4983,2023-02-24,11,106.6916338,148.0
4984,2023-02-24,12,178.7335544,146.0
4985,2023-02-24,13,149.9740761,247.0
4986,2023-02-24,14,165.7992017,414.0
4987,2023-02-24,15,153.4533768,448.0
4988,2023-02-24,16,154.4237418,429.0
4989,2023-02-24,17,148.8362337,290.0
4990,2023-02-24,18,151.3679938,369.0
4991,2023-02-24,19,168.0660857,299.0
4992,2023-02-24,20,178.7515457,415.0
4993,2023-02-24,21,118.5562738,343.0
4994,2023-02-24,22,127.717713,360.0
4995,2023-02-24,23,148.0465619,340.0
4996,2023-02-25,0,153.109746,310.0
4997,2023-02-25,1,150.9150988,295.0
4998,2023-02-25,2,126.8284656,330.0
4999,2023-02-25,3,156.3845116,245.0
5000,2023-02-25,4,208.7889303,116.0
5001,2023-02-25,5,172.9209405,192.0
5002,2023-02-25,6,110.1042285,226.0
5003,2023-02-25,7,146.4613667,73.0
5004,2023-02-25,8,225.3334189,40.0
5005,2023-02-25,9,226.9828641,42.0
5006,2023-02-25,10,178.9987709,66.0
5007,2023-02-25,11,170.1235827,75.0
5008,2023-02-25,12,161.0329721,121.0
5009,2023-02-25,13,147.1096846,189.0
5010,2023-02-25,14,148.5861142,229.0
5011,2023-02-25,15,132.6381297,297.0
5012,2023-02-25,16,117.896585,296.0
5013,2023-02-25,17,147.2291066,261.0
5014,2023-02-25,18,154.6142747,258.0
5015,2023-02-25,19,155.4495891,267.0
5016,2023-02-25,20,156.422118,233.0
5017,2023-02-25,21,158.6600191,249.0
5018,2023-02-25,22,143.6755075,292.0
5019,2023-02-25,23,136.7586373,242.0
5020,2023-02-26,0,190.0359656,218.0
5021,2023-02-26,1,130.0413308,299.0
5022,2023-02-26,2,119.8606198,312.0
5023,2023-02-26,3,160.1141898,221.0
5024,2023-02-26,4,158.2523963,155.0
5025,2023-02-26,5,157.2690916,218.0
5026,2023-02-26,6,108.4583476,221.0
5027,2023-02-26,7,150.7331817,85.0
5028,2023-02-26,8,223.9008327,62.0
5029,2023-02-26,9,209.0605491,47.0
5030,2023-02-26,10,195.1362777,56.0
5031,2023-02-26,11,189.8314799,61.0
5032,2023-02-26,12,210.5101474,62.0
5033,2023-02-26,13,185.2138304,148.0
5034,2023-02-26,14,146.7201046,198.0
5035,2023-02-26,15,151.9206706,206.0
5036,2023-02-26,16,152.7682517,250.0
5037,2023-02-26,17,194.9802342,196.0
5038,2023-02-26,18,151.0865622,303.0
5039,2023-02-26,19,190.9973689,255.0
5040,2023-02-26,20,156.5953088,227.0
5041,2023-02-26,21,178.6630563,223.0
5042,2023-02-26,22,169.1936984,259.0
5043,2023-02-26,23,146.0350079,273.0
5044,2023-02-27,0,164.8956374,257.0
5045,2023-02-27,1,198.0376944,251.0
5046,2023-02-27,2,131.1792817,259.0
5047,2023-02-27,3,171.8245103,164.0
5048,2023-02-27,4,158.3222039,168.0
5049,2023-02-27,5,164.419086,114.0
5050,2023-02-27,6,117.6139215,314.0
5051,2023-02-27,7,209.1241488,64.0
5052,2023-02-27,8,212.7954706,55.0
5053,2023-02-27,9,256.5284154,48.0
5054,2023-02-27,10,187.3350885,71.0
5055,2023-02-27,11,168.7825056,82.0
5056,2023-02-27,12,146.8560575,150.0
5057,2023-02-27,13,180.7625468,276.0
5058,2023-02-27,14,145.3785091,489.0
5059,2023-02-27,15,137.0313391,348.0
5060,2023-02-27,16,161.8536884,371.0
5061,2023-02-27,17,156.5294929,318.0
5062,2023-02-27,18,166.5136611,429.0
5063,2023-02-27,19,141.9509013,340.0
5064,2023-02-27,20,178.5362459,356.0
5065,2023-02-27,21,183.2474801,322.0
5066,2023-02-27,22,151.7597149,397.0
5067,2023-02-27,23,124.7070708,284.0
5068,2023-02-28,0,129.5515575,356.0
5069,2023-02-28,1,137.1686904,384.0
5070,2023-02-28,2,123.091136,376.0
5071,2023-02-28,3,147.1621161,325.0
5072,2023-02-28,4,185.050697,157.0
5073,2023-02-28,5,124.7388939,129.0
5074,2023-02-28,6,131.8981313,271.0
5075,2023-02-28,7,238.0206939,41.0
5076,2023-02-28,8,205.2316811,49.0
5077,2023-02-28,9,280.2848949,32.0
5078,2023-02-28,10,206.7128712,52.0
5079,2023-02-28,11,183.7076487,81.0
5080,2023-02-28,12,150.264779,189.0
5081,2023-02-28,13,159.1307457,260.0
5082,2023-02-28,14,156.9148943,413.0
5083,2023-02-28,15,131.4525264,336.0
5084,2023-02-28,16,138.3003724,260.0
5085,2023-02-28,17,163.4476184,249.0
5086,2023-02-28,18,130.0987859,331.0
5087,2023-02-28,19,147.5182652,303.0
5088,2023-02-28,20,141.6510716,419.0
5089,2023-02-28,21,160.7951529,286.0
5090,2023-02-28,22,166.6173224,289.0
5091,2023-02-28,23,159.8452563,379.0
5092,2023-03-01,0,133.8395283,267.0
5093,2023-03-01,1,160.309022,314.0
5094,2023-03-01,2,160.9172051,277.0
5095,2023-03-01,3,174.5402136,250.0
5096,2023-03-01,4,169.4758158,138.0
5097,2023-03-01,5,166.8652991,173.0
5098,2023-03-01,6,99.93537112,204.0
5099,2023-03-01,7,267.4474784,33.0
5100,2023-03-01,8,225.2952494,61.0
5101,2023-03-01,9,223.9200863,30.0
5102,2023-03-01,10,235.8394728,49.0
5103,2023-03-01,11,201.5910248,77.0
5104,2023-03-01,12,185.0355361,145.0
5105,2023-03-01,13,188.6603585,278.0
5106,2023-03-01,14,153.2768282,353.0
5107,2023-03-01,15,163.0683696,351.0
5108,2023-03-01,16,153.6852804,283.0
5109,2023-03-01,17,160.4751862,278.0
5110,2023-03-01,18,155.3316421,439.0
5111,2023-03-01,19,185.8034164,315.0
5112,2023-03-01,20,167.7638846,325.0
5113,2023-03-01,21,170.8300277,289.0
5114,2023-03-01,22,160.1136445,373.0
5115,2023-03-01,23,126.6882867,254.0
5116,2023-03-02,0,143.3971561,328.0
5117,2023-03-02,1,163.6633061,312.0
5118,2023-03-02,2,162.2711636,316.0
5119,2023-03-02,3,194.1054633,229.0
5120,2023-03-02,4,168.923774,152.0
5121,2023-03-02,5,139.1597648,200.0
5122,2023-03-02,6,118.6192569,175.0
5123,2023-03-02,7,229.7335339,76.0
5124,2023-03-02,8,170.1092787,59.0
5125,2023-03-02,9,240.4821831,45.0
5126,2023-03-02,10,220.5911722,51.0
5127,2023-03-02,11,190.0744988,96.0
5128,2023-03-02,12,160.7189693,154.0
5129,2023-03-02,13,152.0943145,237.0
5130,2023-03-02,14,156.3387935,282.0
5131,2023-03-02,15,151.5555199,328.0
5132,2023-03-02,16,172.4567758,271.0
5133,2023-03-02,17,163.8672303,280.0
5134,2023-03-02,18,156.9262401,340.0
5135,2023-03-02,19,147.0024262,315.0
5136,2023-03-02,20,82.67158626,464.0
5137,2023-03-02,21,160.2315174,281.0
5138,2023-03-02,22,131.3443345,280.0
5139,2023-03-02,23,169.6543069,300.0
5140,2023-03-03,0,150.0961034,291.0
5141,2023-03-03,1,145.9259777,338.0
5142,2023-03-03,2,146.0015121,331.0
5143,2023-03-03,3,192.8688305,306.0
5144,2023-03-03,4,152.5510164,176.0
5145,2023-03-03,5,126.3509475,128.0
5146,2023-03-03,6,118.6214573,229.0
5147,2023-03-03,7,262.8504783,88.0
5148,2023-03-03,8,207.487863,55.0
5149,2023-03-03,9,202.3549006,51.0
5150,2023-03-03,10,166.947388,66.0
5151,2023-03-03,11,212.6471599,80.0
5152,2023-03-03,12,141.6654295,202.0
5153,2023-03-03,13,196.7132854,278.0
5154,2023-03-03,14,168.9494544,254.0
5155,2023-03-03,15,114.8575567,366.0
5156,2023-03-03,16,149.7452725,373.0
5157,2023-03-03,17,171.5368177,319.0
5158,2023-03-03,18,145.4467308,370.0
5159,2023-03-03,19,162.7987256,323.0
5160,2023-03-03,20,182.2694159,245.0
5161,2023-03-03,21,186.5119256,304.0
5162,2023-03-03,22,161.1195698,337.0
5163,2023-03-03,23,143.0703413,228.0
5164,2023-03-04,0,126.4625721,272.0
5165,2023-03-04,1,177.2029098,228.0
5166,2023-03-04,2,140.1879665,273.0
5167,2023-03-04,3,150.2223192,184.0
5168,2023-03-04,4,181.8061189,163.0
5169,2023-03-04,5,116.7310965,156.0
5170,2023-03-04,6,93.57922789,269.0
5171,2023-03-04,7,199.8032711,106.0
5172,2023-03-04,8,305.1782789,31.0
5173,2023-03-04,9,243.1044949,57.0
5174,2023-03-04,10,188.682733,56.0
5175,2023-03-04,11,275.126779,70.0
5176,2023-03-04,12,161.8609564,125.0
5177,2023-03-04,13,154.5145755,134.0
5178,2023-03-04,14,167.3692052,201.0
5179,2023-03-04,15,178.9463858,293.0
5180,2023-03-04,16,176.2826431,238.0
5181,2023-03-04,17,187.1452884,259.0
5182,2023-03-04,18,173.0850304,304.0
5183,2023-03-04,19,168.4936584,289.0
5184,2023-03-04,20,217.000449,248.0
5185,2023-03-04,21,171.0281997,253.0
5186,2023-03-04,22,175.3612372,288.0
5187,2023-03-04,23,159.0751952,241.0
5188,2023-03-05,0,136.0276865,223.0
5189,2023-03-05,1,148.9743075,265.0
5190,2023-03-05,2,168.2001032,258.0
5191,2023-03-05,3,175.3539573,273.0
5192,2023-03-05,4,162.2509988,134.0
5193,2023-03-05,5,159.1026074,165.0
5194,2023-03-05,6,96.88779136,237.0
5195,2023-03-05,7,228.2788566,35.0
5196,2023-03-05,8,259.3051671,48.0
5197,2023-03-05,9,188.6959162,63.0
5198,2023-03-05,10,191.0529224,62.0
5199,2023-03-05,11,242.2338504,47.0
5200,2023-03-05,12,206.5086591,77.0
5201,2023-03-05,13,144.9613835,163.0
5202,2023-03-05,14,169.3028224,193.0
5203,2023-03-05,15,166.6611374,192.0
5204,2023-03-05,16,151.9220447,197.0
5205,2023-03-05,17,191.4277022,299.0
5206,2023-03-05,18,149.870909,294.0
5207,2023-03-05,19,150.9965981,281.0
5208,2023-03-05,20,168.9720113,233.0
5209,2023-03-05,21,141.328801,270.0
5210,2023-03-05,22,161.8561586,329.0
5211,2023-03-05,23,159.6923287,256.0
5212,2023-03-06,0,137.209344,339.0
5213,2023-03-06,1,139.1883234,323.0
5214,2023-03-06,2,167.2275795,268.0
5215,2023-03-06,3,146.2761005,199.0
5216,2023-03-06,4,191.1314084,153.0
5217,2023-03-06,5,134.8089754,162.0
5218,2023-03-06,6,98.95524392,217.0
5219,2023-03-06,7,218.6378345,65.0
5220,2023-03-06,8,220.3246956,56.0
5221,2023-03-06,9,218.960134,51.0
5222,2023-03-06,10,218.555105,69.0
5223,2023-03-06,11,171.0124795,104.0
5224,2023-03-06,12,166.3218238,184.0
5225,2023-03-06,13,149.6999678,289.0
5226,2023-03-06,14,183.7805354,246.0
5227,2023-03-06,15,153.536283,344.0
5228,2023-03-06,16,163.456094,379.0
5229,2023-03-06,17,151.69433,294.0
5230,2023-03-06,18,172.3307033,404.0
5231,2023-03-06,19,162.5465041,410.0
5232,2023-03-06,20,156.1372541,316.0
5233,2023-03-06,21,125.3274796,338.0
5234,2023-03-06,22,142.8147074,366.0
5235,2023-03-06,23,146.3184233,322.0
5236,2023-03-07,0,151.2853657,333.0
5237,2023-03-07,1,116.8648863,345.0
5238,2023-03-07,2,177.4832286,290.0
5239,2023-03-07,3,158.4143189,243.0
5240,2023-03-07,4,168.2870735,265.0
5241,2023-03-07,5,162.5690714,160.0
5242,2023-03-07,6,122.9700285,286.0
5243,2023-03-07,7,300.7206466,47.0
5244,2023-03-07,8,248.6760054,49.0
5245,2023-03-07,9,237.1550028,57.0
5246,2023-03-07,10,193.702275,81.0
5247,2023-03-07,11,224.77849,85.0
5248,2023-03-07,12,154.3807808,185.0
5249,2023-03-07,13,146.558059,209.0
5250,2023-03-07,14,140.0143389,281.0
5251,2023-03-07,15,117.2212186,329.0
5252,2023-03-07,16,120.2275801,290.0
5253,2023-03-07,17,111.6766976,293.0
5254,2023-03-07,18,141.7131988,336.0
5255,2023-03-07,19,139.9657998,276.0
5256,2023-03-07,20,175.0377902,256.0
5257,2023-03-07,21,147.575693,347.0
5258,2023-03-07,22,132.9686105,416.0
5259,2023-03-07,23,147.189379,357.0
5260,2023-03-08,0,120.2548692,346.0
5261,2023-03-08,1,140.135903,402.0
5262,2023-03-08,2,128.0341356,521.0
5263,2023-03-08,3,132.4761764,379.0
5264,2023-03-08,4,131.6618548,376.0
5265,2023-03-08,5,129.9655914,402.0
5266,2023-03-08,6,106.9194634,330.0
5267,2023-03-08,7,115.9331182,112.0
5268,2023-03-08,8,122.6772647,183.0
5269,2023-03-08,9,126.5778965,121.0
5270,2023-03-08,10,117.5132997,208.0
5271,2023-03-08,11,106.0073051,213.0
5272,2023-03-08,12,131.2246104,306.0
5273,2023-03-08,13,124.0343545,594.0
5274,2023-03-08,14,107.3639038,604.0
5275,2023-03-08,15,111.3076285,517.0
5276,2023-03-08,16,110.9133421,495.0
5277,2023-03-08,17,118.9386169,479.0
5278,2023-03-08,18,112.6293213,436.0
5279,2023-03-08,19,114.9190727,364.0
5280,2023-03-08,20,127.9225393,510.0
5281,2023-03-08,21,122.9327149,390.0
5282,2023-03-08,22,113.4724131,375.0
5283,2023-03-08,23,137.3424153,411.0
5284,2023-03-09,0,112.8519819,475.0
5285,2023-03-09,1,155.1055697,436.0
5286,2023-03-09,2,131.8857628,574.0
5287,2023-03-09,3,161.5287648,299.0
5288,2023-03-09,4,99.78717608,257.0
5289,2023-03-09,5,137.4637865,345.0
5290,2023-03-09,6,93.78722211,330.0
5291,2023-03-09,7,124.6401884,124.0
5292,2023-03-09,8,95.84377489,194.0
5293,2023-03-09,9,143.0277665,118.0
5294,2023-03-09,10,106.5864788,162.0
5295,2023-03-09,11,106.5676018,219.0
5296,2023-03-09,12,136.5552533,308.0
5297,2023-03-09,13,112.1398163,557.0
5298,2023-03-09,14,113.5411433,579.0
5299,2023-03-09,15,102.2579114,408.0
5300,2023-03-09,16,122.3867414,508.0
5301,2023-03-09,17,141.3785121,572.0
5302,2023-03-09,18,120.5957969,525.0
5303,2023-03-09,19,130.0065593,371.0
5304,2023-03-09,20,108.1987026,607.0
5305,2023-03-09,21,163.0811526,315.0
5306,2023-03-09,22,131.8861226,387.0
5307,2023-03-09,23,109.6434817,479.0
5308,2023-03-10,0,117.0633584,478.0
5309,2023-03-10,1,151.1540301,224.0
5310,2023-03-10,2,125.1164147,469.0
5311,2023-03-10,3,182.5558246,282.0
5312,2023-03-10,4,118.3100758,277.0
5313,2023-03-10,5,166.8008091,301.0
5314,2023-03-10,6,93.2822628,328.0
5315,2023-03-10,7,201.3112955,99.0
5316,2023-03-10,8,110.0362579,178.0
5317,2023-03-10,9,128.7473108,135.0
5318,2023-03-10,10,106.3349287,195.0
5319,2023-03-10,11,123.4408049,221.0
5320,2023-03-10,12,140.0509621,258.0
5321,2023-03-10,13,113.5759854,534.0
5322,2023-03-10,14,127.7469168,707.0
5323,2023-03-10,15,141.697673,421.0
5324,2023-03-10,16,122.0176977,495.0
5325,2023-03-10,17,105.7401377,485.0
5326,2023-03-10,18,120.798533,494.0
5327,2023-03-10,19,132.561579,346.0
5328,2023-03-10,20,116.6203722,490.0
5329,2023-03-10,21,117.7482575,476.0
5330,2023-03-10,22,99.18794708,589.0
5331,2023-03-10,23,141.0527732,493.0
5332,2023-03-11,0,152.8657217,433.0
5333,2023-03-11,1,117.9112129,353.0
5334,2023-03-11,2,171.0693595,465.0
5335,2023-03-11,3,134.1192526,363.0
5336,2023-03-11,4,145.9934457,282.0
5337,2023-03-11,5,121.0251838,239.0
5338,2023-03-11,6,123.9317136,226.0
5339,2023-03-11,7,102.2430461,169.0
5340,2023-03-11,8,116.6472469,134.0
5341,2023-03-11,9,123.2930943,121.0
5342,2023-03-11,10,133.2574076,120.0
5343,2023-03-11,11,102.392078,185.0
5344,2023-03-11,12,133.2895023,152.0
5345,2023-03-11,13,121.9133266,292.0
5346,2023-03-11,14,128.0407952,389.0
5347,2023-03-11,15,131.2376341,356.0
5348,2023-03-11,16,140.6158162,377.0
5349,2023-03-11,17,129.3857364,357.0
5350,2023-03-11,18,137.0910078,293.0
5351,2023-03-11,19,108.4409667,423.0
5352,2023-03-11,20,123.6585169,475.0
5353,2023-03-11,21,130.2591343,306.0
5354,2023-03-11,22,106.065232,383.0
5355,2023-03-11,23,151.5662396,333.0
5356,2023-03-12,0,116.0572665,402.0
5357,2023-03-12,1,113.3572666,254.0
5358,2023-03-12,2,152.2740407,333.0
5359,2023-03-12,3,164.6154949,277.0
5360,2023-03-12,4,159.450371,254.0
5361,2023-03-12,5,118.3321701,276.0
5362,2023-03-12,6,96.42931569,299.0
5363,2023-03-12,7,111.4016613,165.0
5364,2023-03-12,8,106.9175203,162.0
5365,2023-03-12,9,113.5382711,110.0
5366,2023-03-12,10,90.59009363,220.0
5367,2023-03-12,11,155.18589,112.0
5368,2023-03-12,12,119.2494352,259.0
5369,2023-03-12,13,109.0376095,366.0
5370,2023-03-12,14,122.496397,287.0
5371,2023-03-12,15,155.6515187,266.0
5372,2023-03-12,16,127.2126506,451.0
5373,2023-03-12,17,140.3920843,332.0
5374,2023-03-12,18,116.9475465,294.0
5375,2023-03-12,19,149.3872831,367.0
5376,2023-03-12,20,147.2233998,348.0
5377,2023-03-12,21,140.1363074,431.0
5378,2023-03-12,22,117.1918176,444.0
5379,2023-03-12,23,134.3575654,265.0
5380,2023-03-13,0,112.2211314,386.0
5381,2023-03-13,1,134.6038829,342.0
5382,2023-03-13,2,171.7550563,359.0
5383,2023-03-13,3,144.648904,271.0
5384,2023-03-13,4,103.5001207,292.0
5385,2023-03-13,5,83.17375889,264.0
5386,2023-03-13,6,118.9166032,112.0
5387,2023-03-13,7,128.5099783,140.0
5388,2023-03-13,8,103.5590379,96.0
5389,2023-03-13,9,102.9471156,138.0
5390,2023-03-13,10,119.7213449,205.0
5391,2023-03-13,11,135.644028,183.0
5392,2023-03-13,12,135.1869147,566.0
5393,2023-03-13,13,114.8603576,560.0
5394,2023-03-13,14,119.5346859,454.0
5395,2023-03-13,15,127.3609135,453.0
5396,2023-03-13,16,116.551043,578.0
5397,2023-03-13,17,117.4896132,433.0
5398,2023-03-13,18,117.4013306,400.0
5399,2023-03-13,19,102.8071939,531.0
5400,2023-03-13,20,124.4952082,470.0
5401,2023-03-13,21,127.7366587,386.0
5402,2023-03-13,22,136.1861994,595.0
5403,2023-03-13,23,133.7944001,463.0
5404,2023-03-14,0,108.7508574,409.0
5405,2023-03-14,1,130.9866807,370.0
5406,2023-03-14,2,125.3096399,326.0
5407,2023-03-14,3,162.6729016,213.0
5408,2023-03-14,4,147.3830245,351.0
5409,2023-03-14,5,134.5836619,282.0
5410,2023-03-14,6,127.5777777,136.0
5411,2023-03-14,7,119.2736865,183.0
5412,2023-03-14,8,103.7553715,156.0
5413,2023-03-14,9,133.4921784,114.0
5414,2023-03-14,10,97.74586329,308.0
5415,2023-03-14,11,109.1121338,218.0
5416,2023-03-14,12,128.9133863,500.0
5417,2023-03-14,13,141.1888881,645.0
5418,2023-03-14,14,117.6158263,557.0
5419,2023-03-14,15,127.1658607,443.0
5420,2023-03-14,16,135.4902058,622.0
5421,2023-03-14,17,127.7923947,439.0
5422,2023-03-14,18,101.2782861,586.0
5423,2023-03-14,19,117.5868464,569.0
5424,2023-03-14,20,154.0080058,419.0
5425,2023-03-14,21,171.5572278,447.0
5426,2023-03-14,22,137.2482967,505.0
5427,2023-03-14,23,121.1928894,374.0
5428,2023-03-15,0,112.7188178,399.0
5429,2023-03-15,1,106.9006567,473.0
5430,2023-03-15,2,102.7156029,389.0
5431,2023-03-15,3,124.8524428,262.0
5432,2023-03-15,4,94.67985481,247.0
5433,2023-03-15,5,104.0893049,248.0
5434,2023-03-15,6,117.5222903,101.0
5435,2023-03-15,7,118.7073818,162.0
5436,2023-03-15,8,115.1756903,144.0
5437,2023-03-15,9,138.2091198,110.0
5438,2023-03-15,10,130.1194749,242.0
5439,2023-03-15,11,147.1419512,219.0
5440,2023-03-15,12,105.4196926,518.0
5441,2023-03-15,13,135.4103373,616.0
5442,2023-03-15,14,89.19208657,478.0
5443,2023-03-15,15,109.5479731,573.0
5444,2023-03-15,16,109.1686107,506.0
5445,2023-03-15,17,113.5145593,474.0
5446,2023-03-15,18,120.1877841,517.0
5447,2023-03-15,19,111.4732173,547.0
5448,2023-03-15,20,128.7091522,419.0
5449,2023-03-15,21,126.6895402,398.0
5450,2023-03-15,22,123.0691908,416.0
5451,2023-03-15,23,104.1700093,386.0
5452,2023-03-16,0,105.4397521,528.0
5453,2023-03-16,1,110.512028,499.0
5454,2023-03-16,2,120.7633704,466.0
5455,2023-03-16,3,157.875013,331.0
5456,2023-03-16,4,98.41633799,292.0
5457,2023-03-16,5,105.5790225,244.0
5458,2023-03-16,6,147.5588316,115.0
5459,2023-03-16,7,112.2388023,184.0
5460,2023-03-16,8,112.2485702,138.0
5461,2023-03-16,9,161.2433855,117.0
5462,2023-03-16,10,106.4421844,295.0
5463,2023-03-16,11,130.6037665,167.0
5464,2023-03-16,12,118.7357663,551.0
5465,2023-03-16,13,117.8585393,732.0
5466,2023-03-16,14,134.6360074,530.0
5467,2023-03-16,15,99.87075957,454.0
5468,2023-03-16,16,106.7137051,484.0
5469,2023-03-16,17,119.5106476,454.0
5470,2023-03-16,18,105.6027649,541.0
5471,2023-03-16,19,129.8183935,669.0
5472,2023-03-16,20,143.3090754,431.0
5473,2023-03-16,21,139.6284779,404.0
5474,2023-03-16,22,111.9250964,397.0
5475,2023-03-16,23,147.5091857,369.0
5476,2023-03-17,0,194.1697261,469.0
5477,2023-03-17,1,216.0643809,599.0
5478,2023-03-17,2,237.486153,392.0
5479,2023-03-17,3,98.84218005,393.0
5480,2023-03-17,4,108.0770115,276.0
5481,2023-03-17,5,131.5455255,327.0
5482,2023-03-17,6,171.3171298,154.0
5483,2023-03-17,7,105.0160219,264.0
5484,2023-03-17,8,114.6328793,112.0
5485,2023-03-17,9,107.0445093,184.0
5486,2023-03-17,10,102.7822259,249.0
5487,2023-03-17,11,101.5490313,286.0
5488,2023-03-17,12,125.8152171,574.0
5489,2023-03-17,13,126.3292474,735.0
5490,2023-03-17,14,131.904817,523.0
5491,2023-03-17,15,137.6169791,523.0
5492,2023-03-17,16,115.7915802,596.0
5493,2023-03-17,17,132.649408,406.0
5494,2023-03-17,18,116.5148899,469.0
5495,2023-03-17,19,92.83755439,549.0
5496,2023-03-17,20,116.311224,496.0
5497,2023-03-17,21,130.7161596,414.0
5498,2023-03-17,22,145.4341537,435.0
5499,2023-03-17,23,144.8093165,393.0
5500,2023-03-18,0,91.67221717,447.0
5501,2023-03-18,1,119.987341,390.0
5502,2023-03-18,2,108.3490945,401.0
5503,2023-03-18,3,142.6384678,244.0
5504,2023-03-18,4,91.33373366,281.0
5505,2023-03-18,5,122.3639132,199.0
5506,2023-03-18,6,97.81650375,206.0
5507,2023-03-18,7,116.9892338,159.0
5508,2023-03-18,8,97.16664548,131.0
5509,2023-03-18,9,136.7242783,129.0
5510,2023-03-18,10,103.7739077,207.0
5511,2023-03-18,11,104.5527754,136.0
5512,2023-03-18,12,128.6328194,195.0
5513,2023-03-18,13,110.200498,389.0
5514,2023-03-18,14,137.6313233,278.0
5515,2023-03-18,15,130.9640476,361.0
5516,2023-03-18,16,127.1160526,380.0
5517,2023-03-18,17,146.5032492,472.0
5518,2023-03-18,18,118.9554306,395.0
5519,2023-03-18,19,137.740284,371.0
5520,2023-03-18,20,130.3831867,367.0
5521,2023-03-18,21,141.4392806,326.0
5522,2023-03-18,22,118.4029088,422.0
5523,2023-03-18,23,119.8535086,287.0
5524,2023-03-19,0,118.2901356,372.0
5525,2023-03-19,1,123.4988867,401.0
5526,2023-03-19,2,175.6128419,271.0
5527,2023-03-19,3,128.7980427,246.0
5528,2023-03-19,4,95.01203595,362.0
5529,2023-03-19,5,112.8783814,278.0
5530,2023-03-19,6,129.5377103,139.0
5531,2023-03-19,7,116.9459257,182.0
5532,2023-03-19,8,87.27891026,145.0
5533,2023-03-19,9,184.7266864,79.0
5534,2023-03-19,10,86.58027159,249.0
5535,2023-03-19,11,139.0032966,116.0
5536,2023-03-19,12,124.1786935,164.0
5537,2023-03-19,13,128.1422095,338.0
5538,2023-03-19,14,117.8484694,316.0
5539,2023-03-19,15,138.5379163,323.0
5540,2023-03-19,16,120.5087079,369.0
5541,2023-03-19,17,122.237725,356.0
5542,2023-03-19,18,105.557251,440.0
5543,2023-03-19,19,119.1036134,365.0
5544,2023-03-19,20,149.2729904,446.0
5545,2023-03-19,21,156.7983409,431.0
5546,2023-03-19,22,141.6747147,396.0
5547,2023-03-19,23,130.3477096,313.0
5548,2023-03-20,0,116.5699794,360.0
5549,2023-03-20,1,125.9433931,411.0
5550,2023-03-20,2,141.0492279,344.0
5551,2023-03-20,3,145.8145493,236.0
5552,2023-03-20,4,122.4359144,245.0
5553,2023-03-20,5,122.4098505,232.0
5554,2023-03-20,6,117.1493441,168.0
5555,2023-03-20,7,106.8349654,194.0
5556,2023-03-20,8,148.2982787,129.0
5557,2023-03-20,9,161.9558341,166.0
5558,2023-03-20,10,123.3406298,234.0
5559,2023-03-20,11,130.7894092,278.0
5560,2023-03-20,12,128.1541521,546.0
5561,2023-03-20,13,119.9327224,674.0
5562,2023-03-20,14,143.5180417,508.0
5563,2023-03-20,15,156.0908836,550.0
5564,2023-03-20,16,101.9017629,670.0
5565,2023-03-20,17,115.0773048,483.0
5566,2023-03-20,18,130.034917,460.0
5567,2023-03-20,19,113.3729095,613.0
5568,2023-03-20,20,111.5866966,394.0
5569,2023-03-20,21,112.8189076,455.0
5570,2023-03-20,22,117.2290026,514.0
5571,2023-03-20,23,142.4933936,306.0
5572,2023-03-21,0,114.3219651,354.0
5573,2023-03-21,1,138.7509987,441.0
5574,2023-03-21,2,137.1750258,336.0
5575,2023-03-21,3,185.9534668,208.0
5576,2023-03-21,4,113.4016113,219.0
5577,2023-03-21,5,118.6046774,190.0
5578,2023-03-21,6,97.70248289,126.0
5579,2023-03-21,7,123.8866475,123.0
5580,2023-03-21,8,136.530916,128.0
5581,2023-03-21,9,154.577604,76.0
5582,2023-03-21,10,131.0488703,140.0
5583,2023-03-21,11,124.6653921,207.0
5584,2023-03-21,12,146.0808363,386.0
5585,2023-03-21,13,126.2906794,377.0
5586,2023-03-21,14,140.4621848,397.0
5587,2023-03-21,15,150.4999008,390.0
5588,2023-03-21,16,153.140456,417.0
5589,2023-03-21,17,121.6073731,428.0
5590,2023-03-21,18,146.7308392,460.0
5591,2023-03-21,19,119.4422329,358.0
5592,2023-03-21,20,142.0707994,386.0
5593,2023-03-21,21,184.9568132,336.0
5594,2023-03-21,22,158.5674541,310.0
5595,2023-03-21,23,159.2419233,300.0
5596,2023-03-22,0,143.4867696,426.0
5597,2023-03-22,1,164.7701515,272.0
5598,2023-03-22,2,169.3655717,284.0
5599,2023-03-22,3,139.4921163,252.0
5600,2023-03-22,4,129.7086435,211.0
5601,2023-03-22,5,125.8166506,233.0
5602,2023-03-22,6,119.1101656,162.0
5603,2023-03-22,7,142.3464144,88.0
5604,2023-03-22,8,136.2377665,77.0
5605,2023-03-22,9,134.3963135,89.0
5606,2023-03-22,10,139.4574072,125.0
5607,2023-03-22,11,159.5839792,157.0
5608,2023-03-22,12,150.872518,377.0
5609,2023-03-22,13,157.5381408,444.0
5610,2023-03-22,14,144.1880648,468.0
5611,2023-03-22,15,141.4980084,489.0
5612,2023-03-22,16,112.4687255,454.0
5613,2023-03-22,17,134.9870943,376.0
5614,2023-03-22,18,171.4042483,368.0
5615,2023-03-22,19,149.5037273,384.0
5616,2023-03-22,20,183.3147849,288.0
5617,2023-03-22,21,119.7623155,307.0
5618,2023-03-22,22,159.0230879,314.0
5619,2023-03-22,23,140.4953537,252.0
5620,2023-03-23,0,120.6626501,352.0
5621,2023-03-23,1,131.5222428,333.0
5622,2023-03-23,2,132.7367241,279.0
5623,2023-03-23,3,153.7317406,159.0
5624,2023-03-23,4,121.2541458,225.0
5625,2023-03-23,5,100.0912699,244.0
5626,2023-03-23,6,147.1685792,80.0
5627,2023-03-23,7,211.844247,68.0
5628,2023-03-23,8,169.2716267,71.0
5629,2023-03-23,9,130.9037989,111.0
5630,2023-03-23,10,109.1613811,192.0
5631,2023-03-23,11,156.9201211,135.0
5632,2023-03-23,12,148.5845897,396.0
5633,2023-03-23,13,122.6221072,375.0
5634,2023-03-23,14,137.1127017,471.0
5635,2023-03-23,15,135.9542874,401.0
5636,2023-03-23,16,127.6076741,415.0
5637,2023-03-23,17,130.5962532,348.0
5638,2023-03-23,18,106.2917404,394.0
5639,2023-03-23,19,121.0702266,366.0
5640,2023-03-23,20,154.5960291,391.0
5641,2023-03-23,21,134.9258015,264.0
5642,2023-03-23,22,161.3012754,371.0
5643,2023-03-23,23,126.1087144,355.0
5644,2023-03-24,0,116.0664072,351.0
5645,2023-03-24,1,157.9342374,353.0
5646,2023-03-24,2,141.5256302,262.0
5647,2023-03-24,3,130.7515496,240.0
5648,2023-03-24,4,176.8152724,111.0
5649,2023-03-24,5,91.31881065,278.0
5650,2023-03-24,6,123.3801313,112.0
5651,2023-03-24,7,133.7448308,86.0
5652,2023-03-24,8,111.5924151,104.0
5653,2023-03-24,9,146.321955,131.0
5654,2023-03-24,10,122.1390629,194.0
5655,2023-03-24,11,165.6550001,170.0
5656,2023-03-24,12,141.2697098,337.0
5657,2023-03-24,13,150.9452118,440.0
5658,2023-03-24,14,152.590594,355.0
5659,2023-03-24,15,139.5527445,410.0
5660,2023-03-24,16,102.3660824,563.0
5661,2023-03-24,17,119.8151294,374.0
5662,2023-03-24,18,115.236763,407.0
5663,2023-03-24,19,123.2574627,426.0
5664,2023-03-24,20,137.3866061,405.0
5665,2023-03-24,21,151.7063356,326.0
5666,2023-03-24,22,106.9727927,380.0
5667,2023-03-24,23,152.3804145,261.0
5668,2023-03-25,0,126.7315197,287.0
5669,2023-03-25,1,142.694672,335.0
5670,2023-03-25,2,140.8270908,280.0
5671,2023-03-25,3,145.3391447,201.0
5672,2023-03-25,4,124.7297422,224.0
5673,2023-03-25,5,158.6257754,209.0
5674,2023-03-25,6,148.3571016,120.0
5675,2023-03-25,7,133.2340582,116.0
5676,2023-03-25,8,138.7783423,89.0
5677,2023-03-25,9,152.4532038,93.0
5678,2023-03-25,10,118.4329359,118.0
5679,2023-03-25,11,159.4640545,91.0
5680,2023-03-25,12,169.8970939,177.0
5681,2023-03-25,13,148.5519794,315.0
5682,2023-03-25,14,171.252879,304.0
5683,2023-03-25,15,152.681911,350.0
5684,2023-03-25,16,122.3298877,251.0
5685,2023-03-25,17,167.7907801,292.0
5686,2023-03-25,18,146.1342656,284.0
5687,2023-03-25,19,166.6010264,270.0
5688,2023-03-25,20,142.3519596,330.0
5689,2023-03-25,21,126.5864715,340.0
5690,2023-03-25,22,141.2459096,244.0
5691,2023-03-25,23,125.0018327,281.0
5692,2023-03-26,0,129.4341089,325.0
5693,2023-03-26,1,163.3782962,267.0
5694,2023-03-26,2,148.9184967,279.0
5695,2023-03-26,3,148.4477744,243.0
5696,2023-03-26,4,127.8453752,208.0
5697,2023-03-26,5,126.4966679,279.0
5698,2023-03-26,6,151.0963457,114.0
5699,2023-03-26,7,113.6684332,131.0
5700,2023-03-26,8,135.9341849,80.0
5701,2023-03-26,9,124.1595045,95.0
5702,2023-03-26,10,119.9615541,120.0
5703,2023-03-26,11,197.2751299,73.0
5704,2023-03-26,12,148.9210254,190.0
5705,2023-03-26,13,171.507302,231.0
5706,2023-03-26,14,163.8257744,175.0
5707,2023-03-26,15,126.6721697,277.0
5708,2023-03-26,16,154.6131265,308.0
5709,2023-03-26,17,146.8634826,268.0
5710,2023-03-26,18,125.042686,250.0
5711,2023-03-26,19,130.5562531,245.0
5712,2023-03-26,20,136.880359,307.0
5713,2023-03-26,21,157.1328986,296.0
5714,2023-03-26,22,121.8432331,322.0
5715,2023-03-26,23,156.293608,253.0
5716,2023-03-27,0,149.171763,348.0
5717,2023-03-27,1,151.9964695,297.0
5718,2023-03-27,2,145.2183133,273.0
5719,2023-03-27,3,144.1570938,254.0
5720,2023-03-27,4,110.2741767,148.0
5721,2023-03-27,5,111.283871,244.0
5722,2023-03-27,6,162.1805442,110.0
5723,2023-03-27,7,221.8466374,79.0
5724,2023-03-27,8,112.6625401,100.0
5725,2023-03-27,9,226.2256319,51.0
5726,2023-03-27,10,151.4910805,118.0
5727,2023-03-27,11,180.746289,132.0
5728,2023-03-27,12,141.4170642,409.0
5729,2023-03-27,13,150.5581292,588.0
5730,2023-03-27,14,170.0054112,358.0
5731,2023-03-27,15,147.8785955,341.0
5732,2023-03-27,16,159.0337432,323.0
5733,2023-03-27,17,145.8928455,324.0
5734,2023-03-27,18,170.1630704,357.0
5735,2023-03-27,19,143.806609,377.0
5736,2023-03-27,20,144.8170564,307.0
5737,2023-03-27,21,137.7766978,396.0
5738,2023-03-27,22,131.6382269,328.0
5739,2023-03-27,23,181.6306454,246.0
5740,2023-03-28,0,144.2012363,339.0
5741,2023-03-28,1,239.5327399,703.0
5742,2023-03-28,2,182.3739999,484.0
5743,2023-03-28,3,188.2656887,270.0
5744,2023-03-28,4,106.641995,305.0
5745,2023-03-28,5,158.1954793,171.0
5746,2023-03-28,6,145.6440294,84.0
5747,2023-03-28,7,174.1616281,57.0
5748,2023-03-28,8,110.3233647,94.0
5749,2023-03-28,9,216.0473883,71.0
5750,2023-03-28,10,138.995935,141.0
5751,2023-03-28,11,132.7182838,160.0
5752,2023-03-28,12,145.8428952,367.0
5753,2023-03-28,13,135.7790256,420.0
5754,2023-03-28,14,123.5661225,352.0
5755,2023-03-28,15,113.9313368,453.0
5756,2023-03-28,16,132.8777491,348.0
5757,2023-03-28,17,145.1744412,326.0
5758,2023-03-28,18,145.7611882,339.0
5759,2023-03-28,19,115.9141602,515.0
5760,2023-03-28,20,134.8577549,338.0
5761,2023-03-28,21,137.1889058,356.0
5762,2023-03-28,22,155.5951437,323.0
5763,2023-03-28,23,149.5410355,273.0
5764,2023-03-29,0,134.0185997,331.0
5765,2023-03-29,1,158.0784009,287.0
5766,2023-03-29,2,156.7888605,253.0
5767,2023-03-29,3,208.0879059,151.0
5768,2023-03-29,4,102.4054343,296.0
5769,2023-03-29,5,132.7948054,137.0
5770,2023-03-29,6,110.9110803,135.0
5771,2023-03-29,7,178.0484806,73.0
5772,2023-03-29,8,114.6378443,121.0
5773,2023-03-29,9,277.119348,56.0
5774,2023-03-29,10,115.6606531,129.0
5775,2023-03-29,11,182.8439883,163.0
5776,2023-03-29,12,132.6141446,341.0
5777,2023-03-29,13,147.8538491,350.0
5778,2023-03-29,14,105.5064252,455.0
5779,2023-03-29,15,139.5315236,350.0
5780,2023-03-29,16,103.7429305,416.0
5781,2023-03-29,17,102.5852826,291.0
5782,2023-03-29,18,116.2337429,390.0
5783,2023-03-29,19,146.2618901,339.0
5784,2023-03-29,20,131.6904214,386.0
5785,2023-03-29,21,152.9847637,290.0
5786,2023-03-29,22,136.9848895,318.0
5787,2023-03-29,23,192.5370387,282.0
5788,2023-03-30,0,151.3450415,396.0
5789,2023-03-30,1,159.0594489,290.0
5790,2023-03-30,2,165.4666096,283.0
5791,2023-03-30,3,145.1833333,163.0
5792,2023-03-30,4,126.6032887,183.0
5793,2023-03-30,5,125.4639478,145.0
5794,2023-03-30,6,104.4747768,124.0
5795,2023-03-30,7,246.7654576,47.0
5796,2023-03-30,8,127.2075632,98.0
5797,2023-03-30,9,183.0996755,61.0
5798,2023-03-30,10,122.0452857,144.0
5799,2023-03-30,11,141.8106865,250.0
5800,2023-03-30,12,113.3778501,477.0
5801,2023-03-30,13,107.6955455,586.0
5802,2023-03-30,14,115.439339,524.0
5803,2023-03-30,15,122.8883347,359.0
5804,2023-03-30,16,117.684056,396.0
5805,2023-03-30,17,127.9846018,360.0
5806,2023-03-30,18,136.1054294,342.0
5807,2023-03-30,19,136.1536046,323.0
5808,2023-03-30,20,128.5617489,344.0
5809,2023-03-30,21,136.9735755,305.0
5810,2023-03-30,22,188.082779,218.0
5811,2023-03-30,23,156.4158096,342.0
5812,2023-03-31,0,117.1711281,405.0
5813,2023-03-31,1,132.2193748,285.0
5814,2023-03-31,2,111.6618374,271.0
5815,2023-03-31,3,221.5935448,133.0
5816,2023-03-31,4,105.1231126,247.0
5817,2023-03-31,5,120.4589053,159.0
5818,2023-03-31,6,166.7484017,95.0
5819,2023-03-31,7,166.7636342,68.0
5820,2023-03-31,8,135.6085695,86.0
5821,2023-03-31,9,135.2354001,86.0
5822,2023-03-31,10,139.2079075,137.0
5823,2023-03-31,11,164.2420088,162.0
5824,2023-03-31,12,131.5206592,356.0
5825,2023-03-31,13,123.3469258,307.0
5826,2023-03-31,14,141.9036888,430.0
5827,2023-03-31,15,130.5812686,427.0
5828,2023-03-31,16,119.8847683,455.0
5829,2023-03-31,17,140.3968592,368.0
5830,2023-03-31,18,131.83294,351.0
5831,2023-03-31,19,145.5277862,311.0
5832,2023-03-31,20,143.4630858,236.0
5833,2023-03-31,21,114.4314302,322.0
5834,2023-03-31,22,153.133642,292.0
5835,2023-03-31,23,165.9024302,365.0
5836,2023-04-01,0,174.4939989,329.0
5837,2023-04-01,1,175.8995605,222.0
5838,2023-04-01,2,145.0583656,238.0
5839,2023-04-01,3,174.4808214,190.0
5840,2023-04-01,4,114.7608777,213.0
5841,2023-04-01,5,140.83314,157.0
5842,2023-04-01,6,124.1056228,133.0
5843,2023-04-01,7,104.4595523,97.0
5844,2023-04-01,8,152.9240787,101.0
5845,2023-04-01,9,224.4821071,54.0
5846,2023-04-01,10,126.5805856,136.0
5847,2023-04-01,11,161.0363591,98.0
5848,2023-04-01,12,111.1490581,202.0
5849,2023-04-01,13,154.9514774,218.0
5850,2023-04-01,14,119.6004095,258.0
5851,2023-04-01,15,168.7713433,299.0
5852,2023-04-01,16,119.987301,429.0
5853,2023-04-01,17,176.9246056,294.0
5854,2023-04-01,18,130.0518065,295.0
5855,2023-04-01,19,162.4180783,299.0
5856,2023-04-01,20,149.4330025,257.0
5857,2023-04-01,21,163.8641684,199.0
5858,2023-04-01,22,111.4232804,347.0
5859,2023-04-01,23,166.7840041,237.0
5860,2023-04-02,0,132.7191729,366.0
5861,2023-04-02,1,144.7059663,303.0
5862,2023-04-02,2,135.9162069,258.0
5863,2023-04-02,3,186.2036652,174.0
5864,2023-04-02,4,154.840191,157.0
5865,2023-04-02,5,117.6796039,160.0
5866,2023-04-02,6,143.1130878,104.0
5867,2023-04-02,7,204.1980915,47.0
5868,2023-04-02,8,191.8494683,80.0
5869,2023-04-02,9,155.0275883,71.0
5870,2023-04-02,10,153.6637473,107.0
5871,2023-04-02,11,190.8044848,86.0
5872,2023-04-02,12,138.5463251,187.0
5873,2023-04-02,13,171.4111212,172.0
5874,2023-04-02,14,119.1708274,270.0
5875,2023-04-02,15,136.4502371,181.0
5876,2023-04-02,16,119.6618232,269.0
5877,2023-04-02,17,148.4323814,231.0
5878,2023-04-02,18,113.6758263,250.0
5879,2023-04-02,19,132.7518785,236.0
5880,2023-04-02,20,132.4554925,345.0
5881,2023-04-02,21,144.2225665,337.0
5882,2023-04-02,22,144.6422796,263.0
5883,2023-04-02,23,170.4437494,249.0
5884,2023-04-03,0,150.1876153,334.0
5885,2023-04-03,1,151.6586677,257.0
5886,2023-04-03,2,168.608814,269.0
5887,2023-04-03,3,143.7012089,222.0
5888,2023-04-03,4,148.4026322,198.0
5889,2023-04-03,5,123.2466645,175.0
5890,2023-04-03,6,92.93183764,136.0
5891,2023-04-03,7,156.7152927,71.0
5892,2023-04-03,8,122.3483843,106.0
5893,2023-04-03,9,113.89463,100.0
5894,2023-04-03,10,121.2762907,145.0
5895,2023-04-03,11,114.0922317,161.0
5896,2023-04-03,12,146.9914006,349.0
5897,2023-04-03,13,128.2438352,430.0
5898,2023-04-03,14,116.8897177,421.0
5899,2023-04-03,15,155.1913213,472.0
5900,2023-04-03,16,119.0211809,360.0
5901,2023-04-03,17,116.8774653,361.0
5902,2023-04-03,18,113.5885874,365.0
5903,2023-04-03,19,129.9967112,347.0
5904,2023-04-03,20,131.4073002,334.0
5905,2023-04-03,21,205.6310134,235.0
5906,2023-04-03,22,173.1406915,272.0
5907,2023-04-03,23,161.7462734,319.0
5908,2023-04-04,0,130.2530773,291.0
5909,2023-04-04,1,186.4637774,236.0
5910,2023-04-04,2,118.9634558,254.0
5911,2023-04-04,3,180.4043812,186.0
5912,2023-04-04,4,118.1502324,187.0
5913,2023-04-04,5,165.8278338,107.0
5914,2023-04-04,6,101.2676303,216.0
5915,2023-04-04,7,98.30055706,145.0
5916,2023-04-04,8,132.6084047,90.0
5917,2023-04-04,9,162.0069747,95.0
5918,2023-04-04,10,159.088665,125.0
5919,2023-04-04,11,151.5108298,125.0
5920,2023-04-04,12,127.4242654,315.0
5921,2023-04-04,13,112.36675,497.0
5922,2023-04-04,14,159.1581537,401.0
5923,2023-04-04,15,125.629589,428.0
5924,2023-04-04,16,135.8769101,371.0
5925,2023-04-04,17,108.281726,385.0
5926,2023-04-04,18,156.8145606,390.0
5927,2023-04-04,19,112.1295612,454.0
5928,2023-04-04,20,164.8887011,332.0
5929,2023-04-04,21,188.149891,267.0
5930,2023-04-04,22,145.6406105,314.0
5931,2023-04-04,23,117.7207344,274.0
5932,2023-04-05,0,153.9674545,264.0
5933,2023-04-05,1,157.8861963,248.0
5934,2023-04-05,2,167.2496029,245.0
5935,2023-04-05,3,151.4085411,212.0
5936,2023-04-05,4,119.7091717,157.0
5937,2023-04-05,5,158.1040223,89.0
5938,2023-04-05,6,159.8888981,89.0
5939,2023-04-05,7,127.9924057,108.0
5940,2023-04-05,8,164.8963165,70.0
5941,2023-04-05,9,132.2687975,119.0
5942,2023-04-05,10,117.8690163,226.0
5943,2023-04-05,11,156.0982854,119.0
5944,2023-04-05,12,123.1297013,362.0
5945,2023-04-05,13,127.1522943,360.0
5946,2023-04-05,14,130.534171,319.0
5947,2023-04-05,15,125.2021754,360.0
5948,2023-04-05,16,122.4303328,320.0
5949,2023-04-05,17,128.3519257,301.0
5950,2023-04-05,18,136.9838253,304.0
5951,2023-04-05,19,156.1616896,364.0
5952,2023-04-05,20,136.4126993,334.0
5953,2023-04-05,21,138.4598505,346.0
5954,2023-04-05,22,159.1054505,293.0
5955,2023-04-05,23,159.5778669,250.0
5956,2023-04-06,0,150.0281243,293.0
5957,2023-04-06,1,148.8279843,302.0
5958,2023-04-06,2,126.0621656,274.0
5959,2023-04-06,3,191.0805943,228.0
5960,2023-04-06,4,138.7492085,182.0
5961,2023-04-06,5,174.5766576,81.0
5962,2023-04-06,6,102.2423791,145.0
5963,2023-04-06,7,118.0848389,153.0
5964,2023-04-06,8,130.6500242,87.0
5965,2023-04-06,9,149.0917531,74.0
5966,2023-04-06,10,105.6328487,193.0
5967,2023-04-06,11,151.3951907,181.0
5968,2023-04-06,12,158.2869028,240.0
5969,2023-04-06,13,115.9899398,358.0
5970,2023-04-06,14,121.4622208,328.0
5971,2023-04-06,15,136.5968204,317.0
5972,2023-04-06,16,129.0864067,480.0
5973,2023-04-06,17,145.6462011,342.0
5974,2023-04-06,18,128.4455624,327.0
5975,2023-04-06,19,121.730435,422.0
5976,2023-04-06,20,152.1661793,278.0
5977,2023-04-06,21,121.28157,411.0
5978,2023-04-06,22,130.1220335,539.0
5979,2023-04-06,23,142.9917647,309.0
5980,2023-04-07,0,139.1298691,394.0
5981,2023-04-07,1,120.4022277,418.0
5982,2023-04-07,2,132.7215594,301.0
5983,2023-04-07,3,171.1826345,143.0
5984,2023-04-07,4,143.27632,164.0
5985,2023-04-07,5,134.0661588,97.0
5986,2023-04-07,6,155.2793849,108.0
5987,2023-04-07,7,130.5584025,113.0
5988,2023-04-07,8,164.4489971,64.0
5989,2023-04-07,9,161.1248151,94.0
5990,2023-04-07,10,94.55436725,190.0
5991,2023-04-07,11,163.3076664,138.0
5992,2023-04-07,12,122.0229023,305.0
5993,2023-04-07,13,168.3092578,341.0
5994,2023-04-07,14,151.3551385,232.0
5995,2023-04-07,15,142.2339825,406.0
5996,2023-04-07,16,138.3609755,519.0
5997,2023-04-07,17,149.503657,334.0
5998,2023-04-07,18,131.2754693,415.0
5999,2023-04-07,19,131.8617554,371.0
6000,2023-04-07,20,132.0294508,420.0
6001,2023-04-07,21,164.4431257,325.0
6002,2023-04-07,22,151.3361135,264.0
6003,2023-04-07,23,159.0557346,268.0
6004,2023-04-08,0,124.929921,277.0
6005,2023-04-08,1,151.8852642,327.0
6006,2023-04-08,2,121.1546914,241.0
6007,2023-04-08,3,188.1674949,161.0
6008,2023-04-08,4,123.72916,248.0
6009,2023-04-08,5,165.3334522,131.0
6010,2023-04-08,6,138.1520373,132.0
6011,2023-04-08,7,156.4338539,88.0
6012,2023-04-08,8,136.5883174,92.0
6013,2023-04-08,9,137.4743592,112.0
6014,2023-04-08,10,111.8494212,137.0
6015,2023-04-08,11,152.2815178,131.0
6016,2023-04-08,12,134.5207526,178.0
6017,2023-04-08,13,156.1542127,232.0
6018,2023-04-08,14,170.2659701,186.0
6019,2023-04-08,15,125.6053217,153.0
6020,2023-04-08,16,120.8433588,294.0
6021,2023-04-08,17,192.7857507,256.0
6022,2023-04-08,18,146.8374316,214.0
6023,2023-04-08,19,181.6521757,272.0
6024,2023-04-08,20,131.1406234,252.0
6025,2023-04-08,21,207.3288363,247.0
6026,2023-04-08,22,158.4311644,275.0
6027,2023-04-08,23,116.4614597,306.0
6028,2023-04-09,0,118.1836694,306.0
6029,2023-04-09,1,162.4411169,296.0
6030,2023-04-09,2,205.868723,198.0
6031,2023-04-09,3,134.9897381,176.0
6032,2023-04-09,4,116.8560944,189.0
6033,2023-04-09,5,106.6095529,226.0
6034,2023-04-09,6,221.7109568,111.0
6035,2023-04-09,7,118.9174855,130.0
6036,2023-04-09,8,143.9540422,83.0
6037,2023-04-09,9,171.2742562,97.0
6038,2023-04-09,10,127.1576854,146.0
6039,2023-04-09,11,162.0753844,96.0
6040,2023-04-09,12,128.3424202,172.0
6041,2023-04-09,13,136.4341335,234.0
6042,2023-04-09,14,166.0081376,201.0
6043,2023-04-09,15,119.3772757,372.0
6044,2023-04-09,16,151.9970102,283.0
6045,2023-04-09,17,166.4728752,220.0
6046,2023-04-09,18,128.9002099,259.0
6047,2023-04-09,19,151.3747649,259.0
6048,2023-04-09,20,133.1578935,267.0
6049,2023-04-09,21,130.629092,238.0
6050,2023-04-09,22,130.6892174,260.0
6051,2023-04-09,23,152.3986295,205.0
6052,2023-04-10,0,149.9315247,315.0
6053,2023-04-10,1,130.006772,355.0
6054,2023-04-10,2,126.9964539,240.0
6055,2023-04-10,3,166.0153011,156.0
6056,2023-04-10,4,110.4070042,163.0
6057,2023-04-10,5,130.6270127,170.0
6058,2023-04-10,6,147.0201413,121.0
6059,2023-04-10,7,124.0784115,128.0
6060,2023-04-10,8,130.2520984,73.0
6061,2023-04-10,9,176.4448505,84.0
6062,2023-04-10,10,108.7759388,163.0
6063,2023-04-10,11,116.3229067,163.0
6064,2023-04-10,12,131.2797672,405.0
6065,2023-04-10,13,124.5498997,441.0
6066,2023-04-10,14,131.4405893,312.0
6067,2023-04-10,15,143.8131046,296.0
6068,2023-04-10,16,122.093721,396.0
6069,2023-04-10,17,159.0893391,288.0
6070,2023-04-10,18,122.2746712,310.0
6071,2023-04-10,19,123.0137167,440.0
6072,2023-04-10,20,130.6278366,318.0
6073,2023-04-10,21,169.318803,310.0
6074,2023-04-10,22,123.8750369,406.0
6075,2023-04-10,23,149.1368358,282.0
6076,2023-04-11,0,142.6398485,303.0
6077,2023-04-11,1,146.6223118,252.0
6078,2023-04-11,2,138.9948829,215.0
6079,2023-04-11,3,188.2263732,152.0
6080,2023-04-11,4,179.8312524,108.0
6081,2023-04-11,5,165.1470463,113.0
6082,2023-04-11,6,206.4960623,42.0
6083,2023-04-11,7,316.8033381,37.0
6084,2023-04-11,8,252.0527216,42.0
6085,2023-04-11,9,243.9299449,38.0
6086,2023-04-11,10,232.6188969,80.0
6087,2023-04-11,11,189.7826867,146.0
6088,2023-04-11,12,139.1221142,256.0
6089,2023-04-11,13,157.2802903,312.0
6090,2023-04-11,14,159.0543184,198.0
6091,2023-04-11,15,136.8870635,222.0
6092,2023-04-11,16,159.2394907,243.0
6093,2023-04-11,17,173.4828166,230.0
6094,2023-04-11,18,210.4383122,252.0
6095,2023-04-11,19,172.2458889,206.0
6096,2023-04-11,20,147.2167103,218.0
6097,2023-04-11,21,136.5743836,262.0
6098,2023-04-11,22,201.8518713,278.0
6099,2023-04-11,23,214.0597985,211.0
6100,2023-04-12,0,216.5480029,245.0
6101,2023-04-12,1,133.7361791,250.0
6102,2023-04-12,2,128.1438156,216.0
6103,2023-04-12,3,210.6505918,169.0
6104,2023-04-12,4,161.4014502,106.0
6105,2023-04-12,5,145.8022631,109.0
6106,2023-04-12,6,274.3649988,39.0
6107,2023-04-12,7,234.8049222,50.0
6108,2023-04-12,8,263.4224334,51.0
6109,2023-04-12,9,230.5222231,59.0
6110,2023-04-12,10,145.8328622,93.0
6111,2023-04-12,11,207.9744018,121.0
6112,2023-04-12,12,132.3825256,206.0
6113,2023-04-12,13,161.3434749,301.0
6114,2023-04-12,14,133.819354,324.0
6115,2023-04-12,15,198.4470861,245.0
6116,2023-04-12,16,161.616535,250.0
6117,2023-04-12,17,180.9046279,269.0
6118,2023-04-12,18,183.6685489,201.0
6119,2023-04-12,19,163.4190351,264.0
6120,2023-04-12,20,177.2738043,220.0
6121,2023-04-12,21,161.9610732,203.0
6122,2023-04-12,22,159.3029565,259.0
6123,2023-04-12,23,222.7822514,195.0
6124,2023-04-13,0,168.1162041,302.0
6125,2023-04-13,1,185.3975775,275.0
6126,2023-04-13,2,165.159132,271.0
6127,2023-04-13,3,221.6961053,159.0
6128,2023-04-13,4,158.4567027,114.0
6129,2023-04-13,5,169.9300175,102.0
6130,2023-04-13,6,241.2936839,44.0
6131,2023-04-13,7,362.5585163,24.0
6132,2023-04-13,8,234.2077742,40.0
6133,2023-04-13,9,227.5335768,61.0
6134,2023-04-13,10,206.7628223,74.0
6135,2023-04-13,11,170.2943013,136.0
6136,2023-04-13,12,169.3539489,326.0
6137,2023-04-13,13,167.7155094,274.0
6138,2023-04-13,14,172.5943591,287.0
6139,2023-04-13,15,165.6509753,258.0
6140,2023-04-13,16,149.9655136,250.0
6141,2023-04-13,17,178.1998383,294.0
6142,2023-04-13,18,135.6841083,265.0
6143,2023-04-13,19,161.2851356,265.0
6144,2023-04-13,20,160.4247673,261.0
6145,2023-04-13,21,150.475199,237.0
6146,2023-04-13,22,180.3785199,194.0
6147,2023-04-13,23,186.608971,226.0
6148,2023-04-14,0,155.5480931,211.0
6149,2023-04-14,1,144.3409425,320.0
6150,2023-04-14,2,162.0370081,210.0
6151,2023-04-14,3,169.964739,121.0
6152,2023-04-14,4,162.9672457,101.0
6153,2023-04-14,5,180.9906646,109.0
6154,2023-04-14,6,264.0435094,45.0
6155,2023-04-14,7,251.1082861,45.0
6156,2023-04-14,8,283.1930922,39.0
6157,2023-04-14,9,309.911837,43.0
6158,2023-04-14,10,197.5375644,80.0
6159,2023-04-14,11,190.7449346,146.0
6160,2023-04-14,12,145.7249519,335.0
6161,2023-04-14,13,167.3803951,238.0
6162,2023-04-14,14,132.7844865,284.0
6163,2023-04-14,15,143.5039229,302.0
6164,2023-04-14,16,133.0646932,331.0
6165,2023-04-14,17,130.6144357,326.0
6166,2023-04-14,18,160.3534844,321.0
6167,2023-04-14,19,181.7074288,224.0
6168,2023-04-14,20,165.7107308,242.0
6169,2023-04-14,21,143.788377,261.0
6170,2023-04-14,22,184.9569188,221.0
6171,2023-04-14,23,155.0347578,231.0
6172,2023-04-15,0,154.886127,313.0
6173,2023-04-15,1,176.6907383,299.0
6174,2023-04-15,2,129.4241022,262.0
6175,2023-04-15,3,173.1579807,222.0
6176,2023-04-15,4,214.2521942,137.0
6177,2023-04-15,5,190.9426247,112.0
6178,2023-04-15,6,301.1250724,47.0
6179,2023-04-15,7,202.0605504,56.0
6180,2023-04-15,8,245.4922874,57.0
6181,2023-04-15,9,242.9716929,54.0
6182,2023-04-15,10,258.0190091,60.0
6183,2023-04-15,11,210.4328575,78.0
6184,2023-04-15,12,158.0053912,178.0
6185,2023-04-15,13,171.9488316,179.0
6186,2023-04-15,14,177.4665613,158.0
6187,2023-04-15,15,158.3406222,259.0
6188,2023-04-15,16,185.1066597,186.0
6189,2023-04-15,17,209.125732,208.0
6190,2023-04-15,18,209.8913638,199.0
6191,2023-04-15,19,149.9562195,278.0
6192,2023-04-15,20,180.7290749,170.0
6193,2023-04-15,21,159.3357245,318.0
6194,2023-04-15,22,189.4883865,248.0
6195,2023-04-15,23,145.216675,207.0
6196,2023-04-16,0,178.4114862,246.0
6197,2023-04-16,1,221.8978038,174.0
6198,2023-04-16,2,209.4449534,201.0
6199,2023-04-16,3,178.0136612,174.0
6200,2023-04-16,4,139.1795349,125.0
6201,2023-04-16,5,145.8392511,148.0
6202,2023-04-16,6,287.0775846,61.0
6203,2023-04-16,7,233.9787224,47.0
6204,2023-04-16,8,477.8275324,22.0
6205,2023-04-16,9,209.6744751,53.0
6206,2023-04-16,10,187.7082787,78.0
6207,2023-04-16,11,160.2366614,82.0
6208,2023-04-16,12,222.087316,161.0
6209,2023-04-16,13,174.4796686,170.0
6210,2023-04-16,14,164.8425074,182.0
6211,2023-04-16,15,209.1731713,213.0
6212,2023-04-16,16,196.9381666,242.0
6213,2023-04-16,17,171.6401901,203.0
6214,2023-04-16,18,178.53656,217.0
6215,2023-04-16,19,170.1971796,230.0
6216,2023-04-16,20,153.5996065,164.0
6217,2023-04-16,21,164.6146077,193.0
6218,2023-04-16,22,145.6404379,188.0
6219,2023-04-16,23,151.7901296,217.0
6220,2023-04-17,0,169.0105484,224.0
6221,2023-04-17,1,178.9389305,226.0
6222,2023-04-17,2,146.6825723,185.0
6223,2023-04-17,3,164.5767545,121.0
6224,2023-04-17,4,228.6731374,86.0
6225,2023-04-17,5,175.0441751,111.0
6226,2023-04-17,6,227.0995938,56.0
6227,2023-04-17,7,279.7179489,36.0
6228,2023-04-17,8,258.0775845,45.0
6229,2023-04-17,9,233.2119273,49.0
6230,2023-04-17,10,170.8835441,79.0
6231,2023-04-17,11,212.5791017,122.0
6232,2023-04-17,12,163.1872835,241.0
6233,2023-04-17,13,163.2307262,394.0
6234,2023-04-17,14,175.0616294,296.0
6235,2023-04-17,15,210.2191802,246.0
6236,2023-04-17,16,208.2954841,243.0
6237,2023-04-17,17,186.5219866,202.0
6238,2023-04-17,18,155.4291631,297.0
6239,2023-04-17,19,212.8836413,267.0
6240,2023-04-17,20,218.7794089,258.0
6241,2023-04-17,21,179.0552332,236.0
6242,2023-04-17,22,204.8379924,268.0
6243,2023-04-17,23,169.2966702,229.0
6244,2023-04-18,0,201.6092758,215.0
6245,2023-04-18,1,160.3532137,273.0
6246,2023-04-18,2,181.3710615,177.0
6247,2023-04-18,3,221.2322931,119.0
6248,2023-04-18,4,192.7093417,84.0
6249,2023-04-18,5,178.8646755,111.0
6250,2023-04-18,6,245.2577697,50.0
6251,2023-04-18,7,402.2918865,26.0
6252,2023-04-18,8,295.3414776,36.0
6253,2023-04-18,9,241.5304974,54.0
6254,2023-04-18,10,205.7162929,85.0
6255,2023-04-18,11,230.2963898,124.0
6256,2023-04-18,12,148.4004255,319.0
6257,2023-04-18,13,125.7795816,323.0
6258,2023-04-18,14,182.4527677,217.0
6259,2023-04-18,15,202.0721353,187.0
6260,2023-04-18,16,184.304277,201.0
6261,2023-04-18,17,188.6668786,245.0
6262,2023-04-18,18,160.4606238,327.0
6263,2023-04-18,19,212.2683876,239.0
6264,2023-04-18,20,167.6834717,260.0
6265,2023-04-18,21,206.8044262,232.0
6266,2023-04-18,22,185.3255745,307.0
6267,2023-04-18,23,199.0039713,157.0
6268,2023-04-19,0,181.3026758,257.0
6269,2023-04-19,1,156.3507273,350.0
6270,2023-04-19,2,166.208687,183.0
6271,2023-04-19,3,184.5519617,154.0
6272,2023-04-19,4,139.6178759,142.0
6273,2023-04-19,5,140.4621064,113.0
6274,2023-04-19,6,194.8714048,51.0
6275,2023-04-19,7,407.9965576,25.0
6276,2023-04-19,8,241.4510911,45.0
6277,2023-04-19,9,260.1223809,54.0
6278,2023-04-19,10,259.4600288,81.0
6279,2023-04-19,11,147.9971598,153.0
6280,2023-04-19,12,175.2558297,254.0
6281,2023-04-19,13,160.8541041,303.0
6282,2023-04-19,14,159.7081967,264.0
6283,2023-04-19,15,168.6589759,227.0
6284,2023-04-19,16,158.9083283,267.0
6285,2023-04-19,17,158.5433118,240.0
6286,2023-04-19,18,159.7305223,227.0
6287,2023-04-19,19,158.2394045,285.0
6288,2023-04-19,20,145.8557885,294.0
6289,2023-04-19,21,169.8403124,282.0
6290,2023-04-19,22,158.3909726,250.0
6291,2023-04-19,23,163.5520332,283.0
6292,2023-04-20,0,180.1583474,261.0
6293,2023-04-20,1,162.3438779,316.0
6294,2023-04-20,2,186.5608335,233.0
6295,2023-04-20,3,218.3519301,137.0
6296,2023-04-20,4,173.2149544,137.0
6297,2023-04-20,5,177.8189913,75.0
6298,2023-04-20,6,230.7441425,55.0
6299,2023-04-20,7,456.8090488,24.0
6300,2023-04-20,8,381.9174911,22.0
6301,2023-04-20,9,271.0400651,41.0
6302,2023-04-20,10,204.5277934,79.0
6303,2023-04-20,11,205.7726433,130.0
6304,2023-04-20,12,166.6503349,214.0
6305,2023-04-20,13,185.6802345,272.0
6306,2023-04-20,14,188.1773559,267.0
6307,2023-04-20,15,187.2595094,192.0
6308,2023-04-20,16,166.65046,213.0
6309,2023-04-20,17,187.8516916,269.0
6310,2023-04-20,18,188.1500503,317.0
6311,2023-04-20,19,177.6272612,244.0
6312,2023-04-20,20,154.5711908,245.0
6313,2023-04-20,21,150.0945605,245.0
6314,2023-04-20,22,238.2266071,242.0
6315,2023-04-20,23,139.6374119,201.0
6316,2023-04-21,0,136.9374476,242.0
6317,2023-04-21,1,173.602951,239.0
6318,2023-04-21,2,188.3990599,219.0
6319,2023-04-21,3,201.7875981,120.0
6320,2023-04-21,4,133.2796308,167.0
6321,2023-04-21,5,193.6630582,117.0
6322,2023-04-21,6,251.4860449,37.0
6323,2023-04-21,7,435.196807,21.0
6324,2023-04-21,8,286.6386431,24.0
6325,2023-04-21,9,315.9446994,45.0
6326,2023-04-21,10,246.8167734,52.0
6327,2023-04-21,11,168.5515409,139.0
6328,2023-04-21,12,161.6261788,232.0
6329,2023-04-21,13,164.6296215,291.0
6330,2023-04-21,14,149.0201707,305.0
6331,2023-04-21,15,152.1144508,336.0
6332,2023-04-21,16,167.3688922,219.0
6333,2023-04-21,17,154.2876435,275.0
6334,2023-04-21,18,154.5213521,287.0
6335,2023-04-21,19,191.9746101,377.0
6336,2023-04-21,20,187.1005323,300.0
6337,2023-04-21,21,157.5256206,177.0
6338,2023-04-21,22,174.2427739,232.0
6339,2023-04-21,23,210.0218336,164.0
6340,2023-04-22,0,151.6078407,186.0
6341,2023-04-22,1,178.6292447,209.0
6342,2023-04-22,2,177.7508431,260.0
6343,2023-04-22,3,191.7282818,131.0
6344,2023-04-22,4,145.3462381,181.0
6345,2023-04-22,5,170.8252194,91.0
6346,2023-04-22,6,207.3532532,65.0
6347,2023-04-22,7,308.8842594,33.0
6348,2023-04-22,8,247.7368262,57.0
6349,2023-04-22,9,271.9999897,74.0
6350,2023-04-22,10,199.5387144,76.0
6351,2023-04-22,11,208.6158825,79.0
6352,2023-04-22,12,164.7184204,122.0
6353,2023-04-22,13,189.0402926,141.0
6354,2023-04-22,14,175.3983147,204.0
6355,2023-04-22,15,198.7485934,223.0
6356,2023-04-22,16,156.9945013,224.0
6357,2023-04-22,17,223.79358,188.0
6358,2023-04-22,18,182.4426076,208.0
6359,2023-04-22,19,146.4253817,342.0
6360,2023-04-22,20,192.3812245,213.0
6361,2023-04-22,21,179.6408998,182.0
6362,2023-04-22,22,226.732076,211.0
6363,2023-04-22,23,204.5801641,179.0
6364,2023-04-23,0,170.9893766,195.0
6365,2023-04-23,1,197.6126789,160.0
6366,2023-04-23,2,182.6633276,238.0
6367,2023-04-23,3,140.9042345,168.0
6368,2023-04-23,4,90.10500425,157.0
6369,2023-04-23,5,151.0179396,173.0
6370,2023-04-23,6,223.6065319,45.0
6371,2023-04-23,7,272.4188753,31.0
6372,2023-04-23,8,327.6371245,59.0
6373,2023-04-23,9,275.207775,33.0
6374,2023-04-23,10,289.6087174,56.0
6375,2023-04-23,11,152.7528581,85.0
6376,2023-04-23,12,167.9015398,112.0
6377,2023-04-23,13,178.2184621,153.0
6378,2023-04-23,14,163.1523819,173.0
6379,2023-04-23,15,183.2412582,156.0
6380,2023-04-23,16,213.3122337,210.0
6381,2023-04-23,17,170.9500877,170.0
6382,2023-04-23,18,147.2195732,218.0
6383,2023-04-23,19,212.3012338,241.0
6384,2023-04-23,20,164.637203,244.0
6385,2023-04-23,21,228.716751,197.0
6386,2023-04-23,22,200.4187391,195.0
6387,2023-04-23,23,203.445251,230.0
6388,2023-04-24,0,167.308604,253.0
6389,2023-04-24,1,145.2008342,209.0
6390,2023-04-24,2,147.8617627,193.0
6391,2023-04-24,3,149.8476898,161.0
6392,2023-04-24,4,191.1692324,109.0
6393,2023-04-24,5,105.8535731,129.0
6394,2023-04-24,6,346.0180343,38.0
6395,2023-04-24,7,257.1420018,47.0
6396,2023-04-24,8,320.8027374,40.0
6397,2023-04-24,9,282.8804294,48.0
6398,2023-04-24,10,211.2833952,72.0
6399,2023-04-24,11,173.5821399,104.0
6400,2023-04-24,12,165.6449237,351.0
6401,2023-04-24,13,181.505101,255.0
6402,2023-04-24,14,169.2867418,277.0
6403,2023-04-24,15,163.7371295,266.0
6404,2023-04-24,16,170.7641735,226.0
6405,2023-04-24,17,170.8611729,223.0
6406,2023-04-24,18,147.9006895,261.0
6407,2023-04-24,19,158.0220242,305.0
6408,2023-04-24,20,183.7226248,233.0
6409,2023-04-24,21,139.5362336,212.0
6410,2023-04-24,22,167.6999388,210.0
6411,2023-04-24,23,170.5187166,229.0
6412,2023-04-25,0,176.9832831,250.0
6413,2023-04-25,1,163.5300907,251.0
6414,2023-04-25,2,206.4782862,151.0
6415,2023-04-25,3,257.5021671,142.0
6416,2023-04-25,4,108.9790644,150.0
6417,2023-04-25,5,180.4843477,122.0
6418,2023-04-25,6,237.2436797,49.0
6419,2023-04-25,7,197.2643092,55.0
6420,2023-04-25,8,231.4562009,42.0
6421,2023-04-25,9,288.4974062,32.0
6422,2023-04-25,10,216.5784289,73.0
6423,2023-04-25,11,190.2783186,123.0
6424,2023-04-25,12,162.6938404,344.0
6425,2023-04-25,13,194.6793658,255.0
6426,2023-04-25,14,168.9983778,233.0
6427,2023-04-25,15,163.6901631,286.0
6428,2023-04-25,16,153.6307964,261.0
6429,2023-04-25,17,190.8590392,192.0
6430,2023-04-25,18,194.7232496,239.0
6431,2023-04-25,19,165.7575433,271.0
6432,2023-04-25,20,179.7375462,256.0
6433,2023-04-25,21,205.3947928,175.0
6434,2023-04-25,22,202.152796,270.0
6435,2023-04-25,23,176.0265222,236.0
6436,2023-04-26,0,215.457498,179.0
6437,2023-04-26,1,207.936477,242.0
6438,2023-04-26,2,203.3236198,208.0
6439,2023-04-26,3,297.4299574,131.0
6440,2023-04-26,4,112.1341478,160.0
6441,2023-04-26,5,128.2542447,120.0
6442,2023-04-26,6,296.6130168,51.0
6443,2023-04-26,7,230.3516622,53.0
6444,2023-04-26,8,234.3039851,50.0
6445,2023-04-26,9,248.2620195,55.0
6446,2023-04-26,10,182.8718603,91.0
6447,2023-04-26,11,166.7424882,153.0
6448,2023-04-26,12,147.5787062,381.0
6449,2023-04-26,13,150.7275215,334.0
6450,2023-04-26,14,171.8977774,225.0
6451,2023-04-26,15,178.507947,243.0
6452,2023-04-26,16,135.486767,176.0
6453,2023-04-26,17,141.141255,254.0
6454,2023-04-26,18,161.8419054,222.0
6455,2023-04-26,19,140.5405446,230.0
6456,2023-04-26,20,162.0342511,226.0
6457,2023-04-26,21,155.0042812,232.0
6458,2023-04-26,22,172.3848161,166.0
6459,2023-04-26,23,168.2163837,213.0
6460,2023-04-27,0,163.182714,214.0
6461,2023-04-27,1,178.7019273,273.0
6462,2023-04-27,2,205.3109274,232.0
6463,2023-04-27,3,201.913086,135.0
6464,2023-04-27,4,196.7664529,74.0
6465,2023-04-27,5,124.1127223,181.0
6466,2023-04-27,6,197.7609136,71.0
6467,2023-04-27,7,249.6864329,50.0
6468,2023-04-27,8,278.33215,32.0
6469,2023-04-27,9,275.2248577,59.0
6470,2023-04-27,10,160.315575,71.0
6471,2023-04-27,11,190.0317398,143.0
6472,2023-04-27,12,115.8601517,391.0
6473,2023-04-27,13,178.7962304,284.0
6474,2023-04-27,14,147.4557091,242.0
6475,2023-04-27,15,165.930001,224.0
6476,2023-04-27,16,165.2546866,287.0
6477,2023-04-27,17,154.726018,249.0
6478,2023-04-27,18,131.5460589,321.0
6479,2023-04-27,19,158.107665,254.0
6480,2023-04-27,20,163.2309354,324.0
6481,2023-04-27,21,116.0035629,284.0
6482,2023-04-27,22,189.4953928,254.0
6483,2023-04-27,23,169.8542949,262.0
6484,2023-04-28,0,143.213367,269.0
6485,2023-04-28,1,140.5186602,200.0
6486,2023-04-28,2,161.2408538,233.0
6487,2023-04-28,3,192.634985,144.0
6488,2023-04-28,4,103.3512371,188.0
6489,2023-04-28,5,108.1569286,156.0
6490,2023-04-28,6,142.3103834,69.0
6491,2023-04-28,7,255.3422985,63.0
6492,2023-04-28,8,386.7135122,29.0
6493,2023-04-28,9,256.8066642,55.0
6494,2023-04-28,10,184.1099811,67.0
6495,2023-04-28,11,150.6907504,191.0
6496,2023-04-28,12,137.0330216,383.0
6497,2023-04-28,13,132.697717,318.0
6498,2023-04-28,14,159.6951689,216.0
6499,2023-04-28,15,130.1731624,287.0
6500,2023-04-28,16,159.4468414,214.0
6501,2023-04-28,17,173.0002174,245.0
6502,2023-04-28,18,165.9805236,293.0
6503,2023-04-28,19,186.6557767,196.0
6504,2023-04-28,20,158.4241196,209.0
6505,2023-04-28,21,111.9839155,274.0
6506,2023-04-28,22,175.1642675,307.0
6507,2023-04-28,23,186.6555117,239.0
6508,2023-04-29,0,217.1694938,172.0
6509,2023-04-29,1,161.2862146,152.0
6510,2023-04-29,2,176.7107197,201.0
6511,2023-04-29,3,217.6519463,103.0
6512,2023-04-29,4,157.1832588,139.0
6513,2023-04-29,5,109.7324819,142.0
6514,2023-04-29,6,242.6237148,60.0
6515,2023-04-29,7,200.6607226,51.0
6516,2023-04-29,8,304.8691095,41.0
6517,2023-04-29,9,278.6671441,43.0
6518,2023-04-29,10,258.4794918,52.0
6519,2023-04-29,11,275.6060304,79.0
6520,2023-04-29,12,190.64797,147.0
6521,2023-04-29,13,170.042343,98.0
6522,2023-04-29,14,166.3798077,166.0
6523,2023-04-29,15,134.1612365,188.0
6524,2023-04-29,16,166.1071465,187.0
6525,2023-04-29,17,188.1440543,181.0
6526,2023-04-29,18,185.7231103,178.0
6527,2023-04-29,19,156.6139796,264.0
6528,2023-04-29,20,144.8545835,254.0
6529,2023-04-29,21,176.8245529,155.0
6530,2023-04-29,22,141.6947313,191.0
6531,2023-04-29,23,132.7009327,184.0
6532,2023-04-30,0,173.8490996,175.0
6533,2023-04-30,1,156.4032337,157.0
6534,2023-04-30,2,112.7219202,238.0
6535,2023-04-30,3,116.6346314,215.0
6536,2023-04-30,4,124.405812,183.0
6537,2023-04-30,5,131.3587909,146.0
6538,2023-04-30,6,291.1085605,38.0
6539,2023-04-30,7,165.9558251,60.0
6540,2023-04-30,8,327.9960405,38.0
6541,2023-04-30,9,151.6261198,47.0
6542,2023-04-30,10,210.8342915,46.0
6543,2023-04-30,11,198.5029114,111.0
6544,2023-04-30,12,222.0257541,148.0
6545,2023-04-30,13,160.719666,162.0
6546,2023-04-30,14,157.8942313,232.0
6547,2023-04-30,15,187.8920891,277.0
6548,2023-04-30,16,186.0416702,194.0
6549,2023-04-30,17,185.5609467,255.0
6550,2023-04-30,18,143.6603052,297.0
6551,2023-04-30,19,158.2627732,274.0
6552,2023-04-30,20,167.707459,226.0
6553,2023-04-30,21,173.3526992,200.0
6554,2023-04-30,22,143.0396546,226.0
6555,2023-04-30,23,146.1777258,243.0
6556,2023-05-01,0,158.1411605,215.0
6557,2023-05-01,1,146.1674421,142.0
6558,2023-05-01,2,212.9322666,172.0
6559,2023-05-01,3,166.0983656,118.0
6560,2023-05-01,4,148.6150466,175.0
6561,2023-05-01,5,109.9743638,128.0
6562,2023-05-01,6,163.3354183,44.0
6563,2023-05-01,7,272.144909,35.0
6564,2023-05-01,8,276.0442998,38.0
6565,2023-05-01,9,161.899605,44.0
6566,2023-05-01,10,174.2102945,68.0
6567,2023-05-01,11,208.7388377,96.0
6568,2023-05-01,12,166.7043856,359.0
6569,2023-05-01,13,165.2502075,357.0
6570,2023-05-01,14,144.1636911,284.0
6571,2023-05-01,15,138.0109339,304.0
6572,2023-05-01,16,126.3249016,285.0
6573,2023-05-01,17,163.6524888,291.0
6574,2023-05-01,18,131.6413921,283.0
6575,2023-05-01,19,166.4292968,255.0
6576,2023-05-01,20,149.8788227,307.0
6577,2023-05-01,21,178.2565794,268.0
6578,2023-05-01,22,166.727009,284.0
6579,2023-05-01,23,128.5290717,216.0
6580,2023-05-02,0,183.6631012,304.0
6581,2023-05-02,1,114.1274274,301.0
6582,2023-05-02,2,133.3594365,171.0
6583,2023-05-02,3,197.4247472,163.0
6584,2023-05-02,4,134.0420532,128.0
6585,2023-05-02,5,120.9392987,141.0
6586,2023-05-02,6,235.5442479,58.0
6587,2023-05-02,7,251.5335486,61.0
6588,2023-05-02,8,254.0905938,24.0
6589,2023-05-02,9,212.5336628,61.0
6590,2023-05-02,10,216.8055517,61.0
6591,2023-05-02,11,205.8064583,110.0
6592,2023-05-02,12,160.4498884,307.0
6593,2023-05-02,13,158.3749217,347.0
6594,2023-05-02,14,135.3325087,249.0
6595,2023-05-02,15,150.1960618,295.0
6596,2023-05-02,16,152.2346908,200.0
6597,2023-05-02,17,155.2901898,274.0
6598,2023-05-02,18,193.712139,202.0
6599,2023-05-02,19,169.9309133,267.0
6600,2023-05-02,20,210.8845521,184.0
6601,2023-05-02,21,165.7586058,189.0
6602,2023-05-02,22,175.294996,194.0
6603,2023-05-02,23,159.9708108,242.0
6604,2023-05-03,0,164.1028207,181.0
6605,2023-05-03,1,125.1902197,219.0
6606,2023-05-03,2,136.7685422,305.0
6607,2023-05-03,3,128.042941,229.0
6608,2023-05-03,4,131.8667511,176.0
6609,2023-05-03,5,217.5975682,69.0
6610,2023-05-03,6,197.2159476,46.0
6611,2023-05-03,7,228.4248456,42.0
6612,2023-05-03,8,303.2598828,30.0
6613,2023-05-03,9,203.4738268,50.0
6614,2023-05-03,10,167.9853332,97.0
6615,2023-05-03,11,173.2230579,125.0
6616,2023-05-03,12,195.0095929,190.0
6617,2023-05-03,13,150.5991687,222.0
6618,2023-05-03,14,187.7339072,198.0
6619,2023-05-03,15,142.9196477,211.0
6620,2023-05-03,16,138.7664731,308.0
6621,2023-05-03,17,134.2223059,237.0
6622,2023-05-03,18,154.9890744,311.0
6623,2023-05-03,19,139.3189528,302.0
6624,2023-05-03,20,139.424763,240.0
6625,2023-05-03,21,164.2299906,231.0
6626,2023-05-03,22,167.7288702,196.0
6627,2023-05-03,23,181.0800313,229.0
6628,2023-05-04,0,215.2095949,228.0
6629,2023-05-04,1,179.3984108,253.0
6630,2023-05-04,2,181.6516418,149.0
6631,2023-05-04,3,180.0197305,156.0
6632,2023-05-04,4,152.4495845,132.0
6633,2023-05-04,5,218.4185596,70.0
6634,2023-05-04,6,290.6559552,38.0
6635,2023-05-04,7,248.0702957,41.0
6636,2023-05-04,8,335.8557743,27.0
6637,2023-05-04,9,237.6641118,57.0
6638,2023-05-04,10,366.0124761,29.0
6639,2023-05-04,11,197.8690152,112.0
6640,2023-05-04,12,147.9440334,212.0
6641,2023-05-04,13,150.3655309,275.0
6642,2023-05-04,14,157.0531397,234.0
6643,2023-05-04,15,158.8256896,270.0
6644,2023-05-04,16,224.9977651,202.0
6645,2023-05-04,17,106.0906211,335.0
6646,2023-05-04,18,122.3595616,334.0
6647,2023-05-04,19,185.6271523,261.0
6648,2023-05-04,20,177.7079252,258.0
6649,2023-05-04,21,160.2097593,260.0
6650,2023-05-04,22,176.0081881,217.0
6651,2023-05-04,23,122.3116642,242.0
6652,2023-05-05,0,178.7079593,183.0
6653,2023-05-05,1,141.6181843,266.0
6654,2023-05-05,2,176.5902843,157.0
6655,2023-05-05,3,184.8202874,140.0
6656,2023-05-05,4,114.1786192,174.0
6657,2023-05-05,5,128.4621631,121.0
6658,2023-05-05,6,144.7551023,55.0
6659,2023-05-05,7,329.6751239,26.0
6660,2023-05-05,8,273.3068118,40.0
6661,2023-05-05,9,264.5799084,38.0
6662,2023-05-05,10,275.0371643,63.0
6663,2023-05-05,11,169.236963,146.0
6664,2023-05-05,12,159.7412515,360.0
6665,2023-05-05,13,149.6367751,293.0
6666,2023-05-05,14,177.1201587,236.0
6667,2023-05-05,15,180.7679267,204.0
6668,2023-05-05,16,234.9265095,271.0
6669,2023-05-05,17,141.1028419,308.0
6670,2023-05-05,18,145.5773796,236.0
6671,2023-05-05,19,171.2695415,167.0
6672,2023-05-05,20,175.305254,241.0
6673,2023-05-05,21,152.6390032,211.0
6674,2023-05-05,22,185.115251,209.0
6675,2023-05-05,23,161.6487264,195.0
6676,2023-05-06,0,189.2600101,254.0
6677,2023-05-06,1,194.2366777,193.0
6678,2023-05-06,2,164.4891077,163.0
6679,2023-05-06,3,206.5820795,123.0
6680,2023-05-06,4,152.167368,104.0
6681,2023-05-06,5,160.3533119,127.0
6682,2023-05-06,6,393.242971,31.0
6683,2023-05-06,7,255.1908992,28.0
6684,2023-05-06,8,391.1541804,36.0
6685,2023-05-06,9,332.1165183,30.0
6686,2023-05-06,10,285.2770682,35.0
6687,2023-05-06,11,183.1097883,73.0
6688,2023-05-06,12,253.1170787,76.0
6689,2023-05-06,13,171.7307432,178.0
6690,2023-05-06,14,213.269137,128.0
6691,2023-05-06,15,190.4058472,503.0
6692,2023-05-06,16,198.1098838,247.0
6693,2023-05-06,17,114.5342227,329.0
6694,2023-05-06,18,194.5044415,185.0
6695,2023-05-06,19,173.7345412,189.0
6696,2023-05-06,20,142.0570399,211.0
6697,2023-05-06,21,195.4823507,181.0
6698,2023-05-06,22,202.1615378,189.0
6699,2023-05-06,23,263.4942709,379.0
6700,2023-05-07,0,225.2375659,382.0
6701,2023-05-07,1,231.5975568,149.0
6702,2023-05-07,2,192.275873,198.0
6703,2023-05-07,3,184.8101914,113.0
6704,2023-05-07,4,148.7382188,211.0
6705,2023-05-07,5,136.0961925,133.0
6706,2023-05-07,6,240.9602118,52.0
6707,2023-05-07,7,376.1465274,27.0
6708,2023-05-07,8,407.1656711,24.0
6709,2023-05-07,9,226.1138161,31.0
6710,2023-05-07,10,298.8159859,41.0
6711,2023-05-07,11,239.0888456,72.0
6712,2023-05-07,12,217.1545333,72.0
6713,2023-05-07,13,214.8842734,97.0
6714,2023-05-07,14,199.3159039,135.0
6715,2023-05-07,15,175.3016127,142.0
6716,2023-05-07,16,157.8586152,201.0
6717,2023-05-07,17,132.0325663,174.0
6718,2023-05-07,18,255.8623403,143.0
6719,2023-05-07,19,146.1056459,178.0
6720,2023-05-07,20,155.0451658,215.0
6721,2023-05-07,21,127.6241551,151.0
6722,2023-05-07,22,221.0330569,155.0
6723,2023-05-07,23,185.9071691,140.0
6724,2023-05-08,0,177.1153005,164.0
6725,2023-05-08,1,155.9561265,183.0
6726,2023-05-08,2,168.7267901,143.0
6727,2023-05-08,3,231.7550858,96.0
6728,2023-05-08,4,120.3692086,166.0
6729,2023-05-08,5,158.0719954,119.0
6730,2023-05-08,6,326.1977484,26.0
6731,2023-05-08,7,399.0447466,22.0
6732,2023-05-08,8,361.2879688,29.0
6733,2023-05-08,9,383.5274905,36.0
6734,2023-05-08,10,251.2119598,50.0
6735,2023-05-08,11,169.2965706,102.0
6736,2023-05-08,12,123.1574709,386.0
6737,2023-05-08,13,181.4919127,306.0
6738,2023-05-08,14,150.666754,249.0
6739,2023-05-08,15,153.746098,285.0
6740,2023-05-08,16,172.1405098,213.0
6741,2023-05-08,17,195.3937428,287.0
6742,2023-05-08,18,202.8700678,216.0
6743,2023-05-08,19,221.5490293,204.0
6744,2023-05-08,20,150.1613765,290.0
6745,2023-05-08,21,96.52300759,1111.0
6746,2023-05-08,22,183.4266069,201.0
6747,2023-05-08,23,190.4327305,195.0
6748,2023-05-09,0,160.6758013,248.0
6749,2023-05-09,1,129.5686845,218.0
6750,2023-05-09,2,143.6181603,208.0
6751,2023-05-09,3,160.0818648,112.0
6752,2023-05-09,4,192.6239619,97.0
6753,2023-05-09,5,128.1024584,123.0
6754,2023-05-09,6,162.5412756,71.0
6755,2023-05-09,7,233.106424,44.0
6756,2023-05-09,8,267.5190338,31.0
6757,2023-05-09,9,186.6982089,48.0
6758,2023-05-09,10,168.5461946,100.0
6759,2023-05-09,11,155.0064219,141.0
6760,2023-05-09,12,125.584588,335.0
6761,2023-05-09,13,142.8061611,433.0
6762,2023-05-09,14,114.755515,329.0
6763,2023-05-09,15,156.2309563,252.0
6764,2023-05-09,16,117.0849684,275.0
6765,2023-05-09,17,133.1952563,273.0
6766,2023-05-09,18,107.7343766,266.0
6767,2023-05-09,19,105.9499129,262.0
6768,2023-05-09,20,177.4445604,266.0
6769,2023-05-09,21,120.3526965,250.0
6770,2023-05-09,22,130.335669,371.0
6771,2023-05-09,23,144.0208479,258.0
6772,2023-05-10,0,120.7553117,323.0
6773,2023-05-10,1,100.6744529,232.0
6774,2023-05-10,2,97.07031907,258.0
6775,2023-05-10,3,119.8173948,91.0
6776,2023-05-10,4,71.4836088,189.0
6777,2023-05-10,5,49.95736695,239.0
6778,2023-05-10,6,42.9770144,130.0
6779,2023-05-10,7,52.5253598,81.0
6780,2023-05-10,8,87.5749525,48.0
6781,2023-05-10,9,105.4885794,42.0
6782,2023-05-10,10,95.76146586,168.0
6783,2023-05-10,11,114.0887863,92.0
6784,2023-05-10,12,108.9656016,348.0
6785,2023-05-10,13,118.1086554,347.0
6786,2023-05-10,14,113.862086,280.0
6787,2023-05-10,15,109.1246921,281.0
6788,2023-05-10,16,102.0651433,341.0
6789,2023-05-10,17,121.1329608,262.0
6790,2023-05-10,18,120.0488541,280.0
6791,2023-05-10,19,120.2914351,321.0
6792,2023-05-10,20,136.8735631,294.0
6793,2023-05-10,21,132.4056688,274.0
6794,2023-05-10,22,103.9924091,326.0
6795,2023-05-10,23,120.4322686,296.0
6796,2023-05-11,0,123.0045425,313.0
6797,2023-05-11,1,143.0156049,240.0
6798,2023-05-11,2,126.2608787,256.0
6799,2023-05-11,3,141.1162414,161.0
6800,2023-05-11,4,66.74733871,270.0
6801,2023-05-11,5,53.72343508,116.0
6802,2023-05-11,6,57.26578069,61.0
6803,2023-05-11,7,64.3264883,88.0
6804,2023-05-11,8,52.10931626,82.0
6805,2023-05-11,9,57.85432238,58.0
6806,2023-05-11,10,76.51527191,125.0
6807,2023-05-11,11,145.9904237,117.0
6808,2023-05-11,12,113.0227954,405.0
6809,2023-05-11,13,104.4541325,516.0
6810,2023-05-11,14,129.0160202,294.0
6811,2023-05-11,15,114.6637823,319.0
6812,2023-05-11,16,91.10483704,272.0
6813,2023-05-11,17,130.1968419,197.0
6814,2023-05-11,18,116.0596366,298.0
6815,2023-05-11,19,125.8392626,404.0
6816,2023-05-11,20,123.2162818,248.0
6817,2023-05-11,21,137.3152904,264.0
6818,2023-05-11,22,131.4147505,253.0
6819,2023-05-11,23,146.0953013,200.0
6820,2023-05-12,0,111.3774381,206.0
6821,2023-05-12,1,78.94715518,232.0
6822,2023-05-12,2,138.3543271,207.0
6823,2023-05-12,3,90.78156295,115.0
6824,2023-05-12,4,84.58808718,196.0
6825,2023-05-12,5,94.02045169,86.0
6826,2023-05-12,6,98.96426686,74.0
6827,2023-05-12,7,88.93095236,117.0
6828,2023-05-12,8,72.79350518,36.0
6829,2023-05-12,9,120.3325198,40.0
6830,2023-05-12,10,96.15940051,164.0
6831,2023-05-12,11,116.9363815,125.0
6832,2023-05-12,12,128.7231155,377.0
6833,2023-05-12,13,124.7541911,372.0
6834,2023-05-12,14,117.0903744,297.0
6835,2023-05-12,15,133.3821509,195.0
6836,2023-05-12,16,91.48156306,318.0
6837,2023-05-12,17,118.9593554,283.0
6838,2023-05-12,18,113.3726903,273.0
6839,2023-05-12,19,113.4416509,286.0
6840,2023-05-12,20,115.9816185,246.0
6841,2023-05-12,21,159.1085441,208.0
6842,2023-05-12,22,144.7101431,232.0
6843,2023-05-12,23,139.6346865,184.0
6844,2023-05-13,0,114.0563989,244.0
6845,2023-05-13,1,143.902652,241.0
6846,2023-05-13,2,112.0474157,242.0
6847,2023-05-13,3,137.8225885,160.0
6848,2023-05-13,4,86.98825662,230.0
6849,2023-05-13,5,130.1557382,78.0
6850,2023-05-13,6,98.31730488,70.0
6851,2023-05-13,7,73.71955819,88.0
6852,2023-05-13,8,78.0534977,67.0
6853,2023-05-13,9,103.3161555,33.0
6854,2023-05-13,10,68.88401682,128.0
6855,2023-05-13,11,133.6694889,77.0
6856,2023-05-13,12,112.2774787,137.0
6857,2023-05-13,13,106.5954945,141.0
6858,2023-05-13,14,136.9218535,159.0
6859,2023-05-13,15,157.2223571,168.0
6860,2023-05-13,16,136.7109528,233.0
6861,2023-05-13,17,168.0293817,178.0
6862,2023-05-13,18,160.4317812,207.0
6863,2023-05-13,19,120.9643149,208.0
6864,2023-05-13,20,142.2529234,137.0
6865,2023-05-13,21,209.2025253,97.0
6866,2023-05-13,22,83.78729702,211.0
6867,2023-05-13,23,102.6255368,162.0
6868,2023-05-14,0,126.5142426,218.0
6869,2023-05-14,1,104.3049951,211.0
6870,2023-05-14,2,108.6321015,135.0
6871,2023-05-14,3,189.2988603,74.0
6872,2023-05-14,4,82.7096259,166.0
6873,2023-05-14,5,45.16223145,77.0
6874,2023-05-14,6,93.56593182,106.0
6875,2023-05-14,7,80.878915,105.0
6876,2023-05-14,8,53.29733773,45.0
6877,2023-05-14,9,79.09124542,33.0
6878,2023-05-14,10,77.98643299,91.0
6879,2023-05-14,11,102.4406843,48.0
6880,2023-05-14,12,93.09957121,104.0
6881,2023-05-14,13,103.0873381,196.0
6882,2023-05-14,14,135.8644661,124.0
6883,2023-05-14,15,170.9687307,159.0
6884,2023-05-14,16,109.8506897,245.0
6885,2023-05-14,17,143.9168729,240.0
6886,2023-05-14,18,108.4108453,150.0
6887,2023-05-14,19,147.9671585,186.0
6888,2023-05-14,20,121.1135804,172.0
6889,2023-05-14,21,104.6129332,141.0
6890,2023-05-14,22,74.39381465,220.0
6891,2023-05-14,23,136.1246387,167.0
6892,2023-05-15,0,129.9560519,185.0
6893,2023-05-15,1,146.7591555,191.0
6894,2023-05-15,2,122.7362939,183.0
6895,2023-05-15,3,162.0895347,105.0
6896,2023-05-15,4,103.1522651,101.0
6897,2023-05-15,5,178.4643245,96.0
6898,2023-05-15,6,163.8091726,52.0
6899,2023-05-15,7,87.26738367,99.0
6900,2023-05-15,8,56.90910197,56.0
6901,2023-05-15,9,100.7712858,49.0
6902,2023-05-15,10,62.029129,115.0
6903,2023-05-15,11,119.9917716,144.0
6904,2023-05-15,12,119.6783022,370.0
6905,2023-05-15,13,118.5724718,401.0
6906,2023-05-15,14,165.3244241,233.0
6907,2023-05-15,15,156.3290956,206.0
6908,2023-05-15,16,111.4409301,307.0
6909,2023-05-15,17,137.919384,249.0
6910,2023-05-15,18,124.5491471,267.0
6911,2023-05-15,19,128.4740983,310.0
6912,2023-05-15,20,84.97867978,200.0
6913,2023-05-15,21,113.3786481,223.0
6914,2023-05-15,22,102.1056191,266.0
6915,2023-05-15,23,153.2661338,248.0
6916,2023-05-16,0,134.1385127,240.0
6917,2023-05-16,1,114.5262143,229.0
6918,2023-05-16,2,141.8653358,171.0
6919,2023-05-16,3,174.9517573,148.0
6920,2023-05-16,4,84.23243377,143.0
6921,2023-05-16,5,107.3876375,43.0
6922,2023-05-16,6,56.77974276,66.0
6923,2023-05-16,7,68.48523944,93.0
6924,2023-05-16,8,60.29110942,70.0
6925,2023-05-16,9,83.32192667,62.0
6926,2023-05-16,10,97.19032531,136.0
6927,2023-05-16,11,119.5501169,275.0
6928,2023-05-16,12,136.3660282,397.0
6929,2023-05-16,13,97.81861587,433.0
6930,2023-05-16,14,158.3915716,246.0
6931,2023-05-16,15,121.6703148,288.0
6932,2023-05-16,16,102.1589775,367.0
6933,2023-05-16,17,129.0385042,248.0
6934,2023-05-16,18,103.7924396,281.0
6935,2023-05-16,19,89.48329845,311.0
6936,2023-05-16,20,141.2038291,308.0
6937,2023-05-16,21,113.2098585,203.0
6938,2023-05-16,22,138.2745197,269.0
6939,2023-05-16,23,92.671556,190.0
6940,2023-05-17,0,163.6384438,266.0
6941,2023-05-17,1,131.955434,246.0
6942,2023-05-17,2,137.1861505,184.0
6943,2023-05-17,3,136.6713314,134.0
6944,2023-05-17,4,82.80511238,233.0
6945,2023-05-17,5,99.23050668,104.0
6946,2023-05-17,6,159.2729,72.0
6947,2023-05-17,7,49.48943761,87.0
6948,2023-05-17,8,98.63585016,40.0
6949,2023-05-17,9,76.90095447,58.0
6950,2023-05-17,10,96.33745793,173.0
6951,2023-05-17,11,128.5921547,145.0
6952,2023-05-17,12,114.8464745,382.0
6953,2023-05-17,13,128.1322129,415.0
6954,2023-05-17,14,139.4361908,307.0
6955,2023-05-17,15,133.0662417,256.0
6956,2023-05-17,16,116.9669798,292.0
6957,2023-05-17,17,106.9541969,254.0
6958,2023-05-17,18,102.5749163,180.0
6959,2023-05-17,19,113.9168124,303.0
6960,2023-05-17,20,172.7722082,217.0
6961,2023-05-17,21,119.5512223,229.0
6962,2023-05-17,22,128.4464654,231.0
6963,2023-05-17,23,168.2576891,183.0
6964,2023-05-18,0,168.0466667,210.0
6965,2023-05-18,1,151.8858965,307.0
6966,2023-05-18,2,142.6764517,346.0
6967,2023-05-18,3,116.0007126,188.0
6968,2023-05-18,4,88.28707987,193.0
6969,2023-05-18,5,117.9247661,115.0
6970,2023-05-18,6,134.9432738,118.0
6971,2023-05-18,7,71.72922862,70.0
6972,2023-05-18,8,59.49257324,59.0
6973,2023-05-18,9,70.87200697,43.0
6974,2023-05-18,10,98.02855957,83.0
6975,2023-05-18,11,99.99372985,148.0
6976,2023-05-18,12,115.5230769,379.0
6977,2023-05-18,13,168.4051998,399.0
6978,2023-05-18,14,187.8223324,273.0
6979,2023-05-18,15,155.2702336,225.0
6980,2023-05-18,16,145.3961112,183.0
6981,2023-05-18,17,108.0881249,269.0
6982,2023-05-18,18,99.66493509,378.0
6983,2023-05-18,19,141.5254602,293.0
6984,2023-05-18,20,121.8239221,307.0
6985,2023-05-18,21,139.8714068,221.0
6986,2023-05-18,22,126.2499139,221.0
6987,2023-05-18,23,139.5953131,194.0
6988,2023-05-19,0,122.0939978,278.0
6989,2023-05-19,1,142.9286726,252.0
6990,2023-05-19,2,126.2923288,232.0
6991,2023-05-19,3,183.0413816,108.0
6992,2023-05-19,4,81.22362955,168.0
6993,2023-05-19,5,62.57908877,73.0
6994,2023-05-19,6,71.64309741,52.0
6995,2023-05-19,7,60.9717672,111.0
6996,2023-05-19,8,69.9707266,44.0
6997,2023-05-19,9,53.73515891,60.0
6998,2023-05-19,10,79.17489405,93.0
6999,2023-05-19,11,121.285534,138.0
7000,2023-05-19,12,91.80264761,341.0
7001,2023-05-19,13,98.91619126,307.0
7002,2023-05-19,14,108.4813663,287.0
7003,2023-05-19,15,153.219184,186.0
7004,2023-05-19,16,115.9241814,259.0
7005,2023-05-19,17,134.400333,139.0
7006,2023-05-19,18,124.1999234,179.0
7007,2023-05-19,19,131.043672,299.0
7008,2023-05-19,20,108.4896708,176.0
7009,2023-05-19,21,150.0534717,153.0
7010,2023-05-19,22,135.3945658,226.0
7011,2023-05-19,23,78.59655589,165.0
7012,2023-05-20,0,96.2114347,158.0
7013,2023-05-20,1,128.4039558,147.0
7014,2023-05-20,2,118.8214938,118.0
7015,2023-05-20,3,126.1479151,118.0
7016,2023-05-20,4,100.9461773,222.0
7017,2023-05-20,5,96.24319029,86.0
7018,2023-05-20,6,71.74725936,37.0
7019,2023-05-20,7,80.11439613,50.0
7020,2023-05-20,8,57.25336774,43.0
7021,2023-05-20,9,39.66244778,13.0
7022,2023-05-20,10,67.69368424,123.0
7023,2023-05-20,11,123.6358424,57.0
7024,2023-05-20,12,106.3774646,121.0
7025,2023-05-20,13,102.1777608,119.0
7026,2023-05-20,14,130.4845102,144.0
7027,2023-05-20,15,158.3188328,96.0
7028,2023-05-20,16,127.5562356,252.0
7029,2023-05-20,17,138.2470286,121.0
7030,2023-05-20,18,118.7124523,189.0
7031,2023-05-20,19,127.2770539,166.0
7032,2023-05-20,20,144.7859366,119.0
7033,2023-05-20,21,116.9087007,143.0
7034,2023-05-20,22,138.3239451,180.0
7035,2023-05-20,23,196.2666629,129.0
7036,2023-05-21,0,133.0452811,160.0
7037,2023-05-21,1,129.6537094,193.0
7038,2023-05-21,2,128.3102435,192.0
7039,2023-05-21,3,198.7057948,106.0
7040,2023-05-21,4,89.88935315,267.0
7041,2023-05-21,5,95.42355438,72.0
7042,2023-05-21,6,54.99064975,40.0
7043,2023-05-21,7,93.95271521,75.0
7044,2023-05-21,8,92.88722434,31.0
7045,2023-05-21,9,113.8898068,24.0
7046,2023-05-21,10,117.5760961,96.0
7047,2023-05-21,11,145.9095028,44.0
7048,2023-05-21,12,105.6418485,90.0
7049,2023-05-21,13,113.8077993,155.0
7050,2023-05-21,14,155.8458833,108.0
7051,2023-05-21,15,161.154597,114.0
7052,2023-05-21,16,98.36680533,199.0
7053,2023-05-21,17,121.8824393,158.0
7054,2023-05-21,18,128.1036261,203.0
7055,2023-05-21,19,147.3147951,181.0
7056,2023-05-21,20,178.639384,141.0
7057,2023-05-21,21,131.3220326,147.0
7058,2023-05-21,22,135.2071942,298.0
7059,2023-05-21,23,125.3213872,189.0
7060,2023-05-22,0,113.1999369,206.0
7061,2023-05-22,1,114.9337767,174.0
7062,2023-05-22,2,96.68713442,191.0
7063,2023-05-22,3,137.3111292,69.0
7064,2023-05-22,4,93.89443912,153.0
7065,2023-05-22,5,123.2342647,73.0
7066,2023-05-22,6,74.69440491,55.0
7067,2023-05-22,7,81.22624008,71.0
7068,2023-05-22,8,86.853573,76.0
7069,2023-05-22,9,112.7876436,34.0
7070,2023-05-22,10,88.58099535,130.0
7071,2023-05-22,11,99.87566789,142.0
7072,2023-05-22,12,137.1370866,356.0
7073,2023-05-22,13,115.771858,520.0
7074,2023-05-22,14,119.1293393,242.0
7075,2023-05-22,15,145.3589337,271.0
7076,2023-05-22,16,99.8345955,333.0
7077,2023-05-22,17,110.0483735,256.0
7078,2023-05-22,18,153.8554314,264.0
7079,2023-05-22,19,131.9264429,380.0
7080,2023-05-22,20,115.2679637,338.0
7081,2023-05-22,21,117.93157,193.0
7082,2023-05-22,22,104.9386827,277.0
7083,2023-05-22,23,146.2543537,247.0
7084,2023-05-23,0,115.1743036,230.0
7085,2023-05-23,1,124.9369348,261.0
7086,2023-05-23,2,105.1045645,238.0
7087,2023-05-23,3,113.1070466,121.0
7088,2023-05-23,4,154.4198031,350.0
7089,2023-05-23,5,96.99587318,67.0
7090,2023-05-23,6,142.5875087,44.0
7091,2023-05-23,7,79.38527584,74.0
7092,2023-05-23,8,77.88567718,40.0
7093,2023-05-23,9,118.198417,51.0
7094,2023-05-23,10,98.23632709,127.0
7095,2023-05-23,11,118.0281538,94.0
7096,2023-05-23,12,90.52795447,449.0
7097,2023-05-23,13,119.4056885,419.0
7098,2023-05-23,14,112.4592389,260.0
7099,2023-05-23,15,118.653594,226.0
7100,2023-05-23,16,92.92053592,364.0
7101,2023-05-23,17,144.7598034,352.0
7102,2023-05-23,18,108.5455079,295.0
7103,2023-05-23,19,98.29747802,391.0
7104,2023-05-23,20,116.7810893,271.0
7105,2023-05-23,21,103.4317967,206.0
7106,2023-05-23,22,114.2666749,360.0
7107,2023-05-23,23,107.114039,336.0
7108,2023-05-24,0,104.3126824,306.0
7109,2023-05-24,1,107.5782599,347.0
7110,2023-05-24,2,99.96736454,236.0
7111,2023-05-24,3,148.8836886,186.0
7112,2023-05-24,4,93.79647131,217.0
7113,2023-05-24,5,124.4374935,106.0
7114,2023-05-24,6,91.05778831,94.0
7115,2023-05-24,7,91.35579543,118.0
7116,2023-05-24,8,95.94375326,73.0
7117,2023-05-24,9,98.95532894,56.0
7118,2023-05-24,10,86.94969931,181.0
7119,2023-05-24,11,89.38864601,132.0
7120,2023-05-24,12,112.1973218,488.0
7121,2023-05-24,13,102.8388672,501.0
7122,2023-05-24,14,92.73926311,344.0
7123,2023-05-24,15,121.8829186,251.0
7124,2023-05-24,16,98.38623322,447.0
7125,2023-05-24,17,126.2064993,217.0
7126,2023-05-24,18,108.7526543,247.0
7127,2023-05-24,19,106.7195005,319.0
7128,2023-05-24,20,174.1897244,254.0
7129,2023-05-24,21,142.2374056,174.0
7130,2023-05-24,22,111.1506794,227.0
7131,2023-05-24,23,151.8273362,243.0
7132,2023-05-25,0,109.3752457,217.0
7133,2023-05-25,1,95.89200048,327.0
7134,2023-05-25,2,126.922211,262.0
7135,2023-05-25,3,98.92333594,210.0
7136,2023-05-25,4,90.12668239,208.0
7137,2023-05-25,5,88.30193922,82.0
7138,2023-05-25,6,107.790333,83.0
7139,2023-05-25,7,76.40362621,96.0
7140,2023-05-25,8,65.74608212,146.0
7141,2023-05-25,9,71.93487224,39.0
7142,2023-05-25,10,92.1969117,197.0
7143,2023-05-25,11,108.2280124,146.0
7144,2023-05-25,12,102.8130949,343.0
7145,2023-05-25,13,127.0397315,526.0
7146,2023-05-25,14,138.9442782,315.0
7147,2023-05-25,15,117.521437,306.0
7148,2023-05-25,16,93.69152188,453.0
7149,2023-05-25,17,137.1654114,227.0
7150,2023-05-25,18,97.50771913,400.0
7151,2023-05-25,19,92.2987791,427.0
7152,2023-05-25,20,135.090887,296.0
7153,2023-05-25,21,134.2568089,281.0
7154,2023-05-25,22,131.5071526,381.0
7155,2023-05-25,23,170.5329513,199.0
7156,2023-05-26,0,103.6727998,246.0
7157,2023-05-26,1,121.3684221,329.0
7158,2023-05-26,2,191.8722443,179.0
7159,2023-05-26,3,126.6691315,175.0
7160,2023-05-26,4,126.4430273,176.0
7161,2023-05-26,5,82.42916761,70.0
7162,2023-05-26,6,88.51197759,31.0
7163,2023-05-26,7,72.63253243,133.0
7164,2023-05-26,8,97.98058943,29.0
7165,2023-05-26,9,97.08092403,19.0
7166,2023-05-26,10,115.0696862,129.0
7167,2023-05-26,11,126.4408695,99.0
7168,2023-05-26,12,117.4259502,318.0
7169,2023-05-26,13,122.5620472,541.0
7170,2023-05-26,14,123.4529557,238.0
7171,2023-05-26,15,169.7805844,267.0
7172,2023-05-26,16,116.9882483,309.0
7173,2023-05-26,17,120.0039481,239.0
7174,2023-05-26,18,159.7729108,267.0
7175,2023-05-26,19,107.766923,318.0
7176,2023-05-26,20,134.8790805,230.0
7177,2023-05-26,21,134.4531792,244.0
7178,2023-05-26,22,119.7939593,213.0
7179,2023-05-26,23,135.3044855,151.0
7180,2023-05-27,0,132.9937551,242.0
7181,2023-05-27,1,134.2445239,265.0
7182,2023-05-27,2,137.8669227,255.0
7183,2023-05-27,3,143.1010671,110.0
7184,2023-05-27,4,141.3047997,112.0
7185,2023-05-27,5,206.5550127,128.0
7186,2023-05-27,6,175.7852197,41.0
7187,2023-05-27,7,125.1609812,55.0
7188,2023-05-27,8,101.4606554,18.0
7189,2023-05-27,9,51.73832619,13.0
7190,2023-05-27,10,109.0305772,91.0
7191,2023-05-27,11,128.0527404,70.0
7192,2023-05-27,12,160.3767594,100.0
7193,2023-05-27,13,118.5800069,188.0
7194,2023-05-27,14,138.106551,146.0
7195,2023-05-27,15,162.5694947,182.0
7196,2023-05-27,16,175.1069873,221.0
7197,2023-05-27,17,173.4399369,139.0
7198,2023-05-27,18,153.3120447,186.0
7199,2023-05-27,19,148.8079248,226.0
7200,2023-05-27,20,111.1647079,140.0
7201,2023-05-27,21,199.3001896,183.0
7202,2023-05-27,22,114.4967114,213.0
7203,2023-05-27,23,151.6688243,97.0
7204,2023-05-28,0,130.628651,198.0
7205,2023-05-28,1,153.1286951,241.0
7206,2023-05-28,2,136.2670512,174.0
7207,2023-05-28,3,145.8000904,159.0
7208,2023-05-28,4,94.93603505,254.0
7209,2023-05-28,5,140.9379325,71.0
7210,2023-05-28,6,151.5909797,34.0
7211,2023-05-28,7,122.4093086,98.0
7212,2023-05-28,8,173.856968,15.0
7213,2023-05-28,9,170.7051159,19.0
7214,2023-05-28,10,88.80461915,81.0
7215,2023-05-28,11,100.020431,40.0
7216,2023-05-28,12,142.416488,95.0
7217,2023-05-28,13,154.0326997,146.0
7218,2023-05-28,14,161.1737148,143.0
7219,2023-05-28,15,196.0893212,104.0
7220,2023-05-28,16,112.7443891,270.0
7221,2023-05-28,17,130.7767852,168.0
7222,2023-05-28,18,143.8793008,166.0
7223,2023-05-28,19,133.0540667,243.0
7224,2023-05-28,20,152.4419587,123.0
7225,2023-05-28,21,96.28087825,156.0
7226,2023-05-28,22,118.3672529,288.0
7227,2023-05-28,23,127.1217155,214.0
7228,2023-05-29,0,127.7878812,168.0
7229,2023-05-29,1,106.4889845,266.0
7230,2023-05-29,2,148.6272143,116.0
7231,2023-05-29,3,155.2648468,86.0
7232,2023-05-29,4,217.451161,169.0
7233,2023-05-29,5,147.3625054,89.0
7234,2023-05-29,6,89.43648708,23.0
7235,2023-05-29,7,83.85269311,62.0
7236,2023-05-29,8,90.63135646,27.0
7237,2023-05-29,9,91.16754187,31.0
7238,2023-05-29,10,79.5560246,76.0
7239,2023-05-29,11,104.6312269,82.0
7240,2023-05-29,12,169.4148663,67.0
7241,2023-05-29,13,105.9508354,143.0
7242,2023-05-29,14,128.7823738,155.0
7243,2023-05-29,15,193.3545331,157.0
7244,2023-05-29,16,101.9338438,346.0
7245,2023-05-29,17,155.8349075,275.0
7246,2023-05-29,18,131.2266572,212.0
7247,2023-05-29,19,119.812418,286.0
7248,2023-05-29,20,106.2445004,245.0
7249,2023-05-29,21,149.9981201,202.0
7250,2023-05-29,22,117.6572011,237.0
7251,2023-05-29,23,126.6788169,175.0
7252,2023-05-30,0,135.5485128,140.0
7253,2023-05-30,1,145.3406382,254.0
7254,2023-05-30,2,146.4740145,187.0
7255,2023-05-30,3,119.5286251,150.0
7256,2023-05-30,4,128.1366626,181.0
7257,2023-05-30,5,75.12073525,71.0
7258,2023-05-30,6,78.85537462,27.0
7259,2023-05-30,7,123.4942076,79.0
7260,2023-05-30,8,156.126075,19.0
7261,2023-05-30,9,71.5667892,26.0
7262,2023-05-30,10,110.2029534,103.0
7263,2023-05-30,11,150.6263974,155.0
7264,2023-05-30,12,137.0267811,349.0
7265,2023-05-30,13,110.909012,500.0
7266,2023-05-30,14,96.87878755,278.0
7267,2023-05-30,15,146.7202894,314.0
7268,2023-05-30,16,128.1324866,405.0
7269,2023-05-30,17,124.7894926,288.0
7270,2023-05-30,18,128.2610899,270.0
7271,2023-05-30,19,109.626965,485.0
7272,2023-05-30,20,132.46861,244.0
7273,2023-05-30,21,162.9623508,231.0
7274,2023-05-30,22,151.844074,357.0
7275,2023-05-30,23,156.520931,264.0
7276,2023-05-31,0,161.0079271,235.0
7277,2023-05-31,1,140.3655447,358.0
7278,2023-05-31,2,156.2370898,207.0
7279,2023-05-31,3,90.79327062,200.0
7280,2023-05-31,4,92.67872969,236.0
7281,2023-05-31,5,94.35073668,71.0
7282,2023-05-31,6,130.4573664,32.0
7283,2023-05-31,7,56.33293492,128.0
7284,2023-05-31,8,114.0993739,24.0
7285,2023-05-31,9,80.97870385,34.0
7286,2023-05-31,10,72.59310928,139.0
7287,2023-05-31,11,105.6616073,156.0
7288,2023-05-31,12,130.0314464,316.0
7289,2023-05-31,13,110.5484263,421.0
7290,2023-05-31,14,131.3091923,304.0
7291,2023-05-31,15,105.194685,310.0
7292,2023-05-31,16,97.9760554,466.0
7293,2023-05-31,17,110.3344121,373.0
7294,2023-05-31,18,109.3592499,299.0
7295,2023-05-31,19,102.3506149,386.0
7296,2023-05-31,20,142.2177426,241.0
7297,2023-05-31,21,125.6027663,302.0
7298,2023-05-31,22,134.9004159,369.0
7299,2023-05-31,23,152.348631,224.0
7300,2023-06-01,0,181.0512328,285.0
7301,2023-06-01,1,137.158009,349.0
7302,2023-06-01,2,178.9405528,261.0
7303,2023-06-01,3,148.8928784,114.0
7304,2023-06-01,4,97.62122307,326.0
7305,2023-06-01,5,121.6066041,83.0
7306,2023-06-01,6,139.6238458,76.0
7307,2023-06-01,7,74.20606639,140.0
7308,2023-06-01,8,91.62927155,64.0
7309,2023-06-01,9,81.75631105,23.0
7310,2023-06-01,10,113.7637715,129.0
7311,2023-06-01,11,114.9893514,139.0
7312,2023-06-01,12,116.5369409,378.0
7313,2023-06-01,13,117.2220271,454.0
7314,2023-06-01,14,114.9885473,281.0
7315,2023-06-01,15,116.9539992,270.0
7316,2023-06-01,16,83.61371528,421.0
7317,2023-06-01,17,116.500284,234.0
7318,2023-06-01,18,136.0301512,407.0
7319,2023-06-01,19,86.61788111,509.0
7320,2023-06-01,20,125.0575819,231.0
7321,2023-06-01,21,94.71142508,304.0
7322,2023-06-01,22,121.0482208,355.0
7323,2023-06-01,23,110.5351547,261.0
7324,2023-06-02,0,114.3469002,309.0
7325,2023-06-02,1,113.8088166,346.0
7326,2023-06-02,2,101.470098,286.0
7327,2023-06-02,3,137.5112425,132.0
7328,2023-06-02,4,73.96008805,295.0
7329,2023-06-02,5,88.34995439,114.0
7330,2023-06-02,6,87.54485272,97.0
7331,2023-06-02,7,55.94182896,151.0
7332,2023-06-02,8,43.6180157,74.0
7333,2023-06-02,9,92.52426743,36.0
7334,2023-06-02,10,66.55439449,178.0
7335,2023-06-02,11,130.3743339,194.0
7336,2023-06-02,12,122.4329968,425.0
7337,2023-06-02,13,118.5964209,457.0
7338,2023-06-02,14,102.5368095,402.0
7339,2023-06-02,15,128.2163903,334.0
7340,2023-06-02,16,124.727456,433.0
7341,2023-06-02,17,110.5267266,364.0
7342,2023-06-02,18,112.7141787,388.0
7343,2023-06-02,19,97.20094918,439.0
7344,2023-06-02,20,86.79608752,404.0
7345,2023-06-02,21,104.998567,307.0
7346,2023-06-02,22,91.18600762,391.0
7347,2023-06-02,23,127.5350336,211.0
7348,2023-06-03,0,112.1985256,222.0
7349,2023-06-03,1,97.72399175,359.0
7350,2023-06-03,2,103.5663404,266.0
7351,2023-06-03,3,96.66139039,155.0
7352,2023-06-03,4,94.21752757,236.0
7353,2023-06-03,5,91.26195245,92.0
7354,2023-06-03,6,64.9586281,83.0
7355,2023-06-03,7,85.84081066,93.0
7356,2023-06-03,8,84.50082962,66.0
7357,2023-06-03,9,187.042593,24.0
7358,2023-06-03,10,87.72566501,137.0
7359,2023-06-03,11,121.3228373,72.0
7360,2023-06-03,12,127.6781377,140.0
7361,2023-06-03,13,117.392902,211.0
7362,2023-06-03,14,133.7897139,246.0
7363,2023-06-03,15,136.9042781,169.0
7364,2023-06-03,16,106.832488,253.0
7365,2023-06-03,17,126.8650425,200.0
7366,2023-06-03,18,103.3111767,299.0
7367,2023-06-03,19,129.5289129,368.0
7368,2023-06-03,20,105.709739,254.0
7369,2023-06-03,21,119.1049886,214.0
7370,2023-06-03,22,92.97708202,215.0
7371,2023-06-03,23,148.1076128,173.0
7372,2023-06-04,0,101.2689097,265.0
7373,2023-06-04,1,106.0729865,260.0
7374,2023-06-04,2,96.55831058,176.0
7375,2023-06-04,3,127.0946002,96.0
7376,2023-06-04,4,85.57793756,350.0
7377,2023-06-04,5,81.76367383,84.0
7378,2023-06-04,6,60.77857756,76.0
7379,2023-06-04,7,79.26892164,142.0
7380,2023-06-04,8,56.44954789,69.0
7381,2023-06-04,9,86.39733273,34.0
7382,2023-06-04,10,63.16023848,107.0
7383,2023-06-04,11,109.4129993,78.0
7384,2023-06-04,12,86.68643869,118.0
7385,2023-06-04,13,87.24304361,249.0
7386,2023-06-04,14,131.023773,226.0
7387,2023-06-04,15,113.5294184,206.0
7388,2023-06-04,16,98.6277308,249.0
7389,2023-06-04,17,124.3066437,222.0
7390,2023-06-04,18,106.3698539,250.0
7391,2023-06-04,19,102.176376,227.0
7392,2023-06-04,20,90.73127993,254.0
7393,2023-06-04,21,85.55969319,183.0
7394,2023-06-04,22,87.81354416,309.0
7395,2023-06-04,23,116.3178082,179.0
7396,2023-06-05,0,96.24543042,249.0
7397,2023-06-05,1,78.66408703,337.0
7398,2023-06-05,2,132.498057,210.0
7399,2023-06-05,3,186.8135556,195.0
7400,2023-06-05,4,112.2780001,194.0
7401,2023-06-05,5,88.74736967,96.0
7402,2023-06-05,6,103.6594751,50.0
7403,2023-06-05,7,80.33427322,94.0
7404,2023-06-05,8,113.0336406,59.0
7405,2023-06-05,9,115.2981192,33.0
7406,2023-06-05,10,82.050639,141.0
7407,2023-06-05,11,135.6563352,159.0
7408,2023-06-05,12,99.55215689,555.0
7409,2023-06-05,13,99.29453555,596.0
7410,2023-06-05,14,99.23044737,578.0
7411,2023-06-05,15,119.1150536,616.0
7412,2023-06-05,16,99.52621767,620.0
7413,2023-06-05,17,104.1999905,314.0
7414,2023-06-05,18,113.7820235,327.0
7415,2023-06-05,19,103.8909102,617.0
7416,2023-06-05,20,119.2616243,425.0
7417,2023-06-05,21,143.7850219,290.0
7418,2023-06-05,22,97.57462904,511.0
7419,2023-06-05,23,105.7582997,247.0
7420,2023-06-06,0,117.409033,399.0
7421,2023-06-06,1,101.4765008,350.0
7422,2023-06-06,2,107.237141,229.0
7423,2023-06-06,3,160.8792352,153.0
7424,2023-06-06,4,81.69891022,315.0
7425,2023-06-06,5,122.1629167,78.0
7426,2023-06-06,6,90.08137464,78.0
7427,2023-06-06,7,80.77208942,144.0
7428,2023-06-06,8,44.51032854,62.0
7429,2023-06-06,9,82.94134644,42.0
7430,2023-06-06,10,71.24062126,244.0
7431,2023-06-06,11,121.820547,140.0
7432,2023-06-06,12,116.7651116,449.0
7433,2023-06-06,13,102.143454,593.0
7434,2023-06-06,14,137.6935959,331.0
7435,2023-06-06,15,144.1562322,340.0
7436,2023-06-06,16,80.45018912,519.0
7437,2023-06-06,17,136.4855315,305.0
7438,2023-06-06,18,134.2864789,273.0
7439,2023-06-06,19,82.73834703,495.0
7440,2023-06-06,20,108.2964126,264.0
7441,2023-06-06,21,97.47195528,215.0
7442,2023-06-06,22,102.630844,335.0
7443,2023-06-06,23,135.7658729,286.0
7444,2023-06-07,0,119.297922,226.0
7445,2023-06-07,1,138.1329982,316.0
7446,2023-06-07,2,143.9386039,213.0
7447,2023-06-07,3,125.0377604,178.0
7448,2023-06-07,4,103.4707031,144.0
7449,2023-06-07,5,102.2290358,89.0
7450,2023-06-07,6,68.17983831,55.0
7451,2023-06-07,7,94.24948888,48.0
7452,2023-06-07,8,105.7434849,32.0
7453,2023-06-07,9,170.4921098,64.0
7454,2023-06-07,10,128.8167659,94.0
7455,2023-06-07,11,139.0165602,103.0
7456,2023-06-07,12,132.9350873,327.0
7457,2023-06-07,13,170.3561669,349.0
7458,2023-06-07,14,99.26309296,368.0
7459,2023-06-07,15,117.29669,281.0
7460,2023-06-07,16,123.6331489,310.0
7461,2023-06-07,17,116.8104059,244.0
7462,2023-06-07,18,137.9035429,204.0
7463,2023-06-07,19,133.6211131,244.0
7464,2023-06-07,20,117.9673968,252.0
7465,2023-06-07,21,142.9515295,228.0
7466,2023-06-07,22,149.2603815,266.0
7467,2023-06-07,23,182.272587,253.0
7468,2023-06-08,0,160.0085732,250.0
7469,2023-06-08,1,165.069477,357.0
7470,2023-06-08,2,126.9154462,202.0
7471,2023-06-08,3,137.6985981,146.0
7472,2023-06-08,4,81.51877224,163.0
7473,2023-06-08,5,87.45944941,90.0
7474,2023-06-08,6,135.1096928,64.0
7475,2023-06-08,7,118.7473571,29.0
7476,2023-06-08,8,145.37646,31.0
7477,2023-06-08,9,116.900895,42.0
7478,2023-06-08,10,102.5823277,62.0
7479,2023-06-08,11,124.7965571,127.0
7480,2023-06-08,12,122.6628902,337.0
7481,2023-06-08,13,135.5546446,348.0
7482,2023-06-08,14,170.5640297,351.0
7483,2023-06-08,15,167.37958,248.0
7484,2023-06-08,16,116.0617034,274.0
7485,2023-06-08,17,130.1787651,350.0
7486,2023-06-08,18,120.9477451,377.0
7487,2023-06-08,19,141.423269,247.0
7488,2023-06-08,20,158.1410198,229.0
7489,2023-06-08,21,187.3636804,265.0
7490,2023-06-08,22,134.093326,287.0
7491,2023-06-08,23,121.6928409,252.0
7492,2023-06-09,0,130.6038711,254.0
7493,2023-06-09,1,140.4748895,251.0
7494,2023-06-09,2,105.175891,303.0
7495,2023-06-09,3,125.8314992,163.0
7496,2023-06-09,4,106.3094849,158.0
7497,2023-06-09,5,73.73722698,91.0
7498,2023-06-09,6,141.6041859,43.0
7499,2023-06-09,7,144.4590745,31.0
7500,2023-06-09,8,163.9317959,28.0
7501,2023-06-09,9,179.3846093,72.0
7502,2023-06-09,10,168.43269,99.0
7503,2023-06-09,11,140.6263355,151.0
7504,2023-06-09,12,115.1380322,426.0
7505,2023-06-09,13,132.7500109,431.0
7506,2023-06-09,14,123.1335782,328.0
7507,2023-06-09,15,133.6757322,300.0
7508,2023-06-09,16,100.7684644,283.0
7509,2023-06-09,17,151.2180218,300.0
7510,2023-06-09,18,98.04563412,355.0
7511,2023-06-09,19,115.1365072,273.0
7512,2023-06-09,20,128.927034,247.0
7513,2023-06-09,21,168.8741373,288.0
7514,2023-06-09,22,158.2182708,187.0
7515,2023-06-09,23,163.2446301,179.0
7516,2023-06-10,0,173.2008815,287.0
7517,2023-06-10,1,123.6375331,236.0
7518,2023-06-10,2,103.7342182,250.0
7519,2023-06-10,3,111.3296942,228.0
7520,2023-06-10,4,108.4805631,113.0
7521,2023-06-10,5,76.97166445,39.0
7522,2023-06-10,6,65.22616069,78.0
7523,2023-06-10,7,90.15602642,23.0
7524,2023-06-10,8,201.5715705,21.0
7525,2023-06-10,9,229.4557053,35.0
7526,2023-06-10,10,165.1312964,52.0
7527,2023-06-10,11,146.0984563,93.0
7528,2023-06-10,12,180.2550589,102.0
7529,2023-06-10,13,114.9012099,155.0
7530,2023-06-10,14,147.2911284,197.0
7531,2023-06-10,15,207.173683,179.0
7532,2023-06-10,16,184.9010424,158.0
7533,2023-06-10,17,118.428171,167.0
7534,2023-06-10,18,151.5216148,196.0
7535,2023-06-10,19,99.99376746,275.0
7536,2023-06-10,20,140.9371772,218.0
7537,2023-06-10,21,121.2286973,190.0
7538,2023-06-10,22,113.3018446,230.0
7539,2023-06-10,23,161.9886939,184.0
7540,2023-06-11,0,123.4181578,336.0
7541,2023-06-11,1,115.4583654,237.0
7542,2023-06-11,2,94.13066169,228.0
7543,2023-06-11,3,145.8238394,218.0
7544,2023-06-11,4,99.8881645,130.0
7545,2023-06-11,5,73.13946241,62.0
7546,2023-06-11,6,106.7554902,42.0
7547,2023-06-11,7,149.864806,36.0
7548,2023-06-11,8,143.1463079,33.0
7549,2023-06-11,9,62.39768862,16.0
7550,2023-06-11,10,143.6022656,38.0
7551,2023-06-11,11,124.5967911,113.0
7552,2023-06-11,12,120.6195278,129.0
7553,2023-06-11,13,136.3595149,155.0
7554,2023-06-11,14,123.8010111,145.0
7555,2023-06-11,15,140.7329592,195.0
7556,2023-06-11,16,113.9089132,204.0
7557,2023-06-11,17,122.1036927,276.0
7558,2023-06-11,18,215.5307559,344.0
7559,2023-06-11,19,133.6032798,211.0
7560,2023-06-11,20,134.061617,211.0
7561,2023-06-11,21,154.9228962,202.0
7562,2023-06-11,22,157.3790389,271.0
7563,2023-06-11,23,155.5417317,340.0
7564,2023-06-12,0,164.4351156,219.0
7565,2023-06-12,1,134.5203719,243.0
7566,2023-06-12,2,147.9792897,181.0
7567,2023-06-12,3,133.1890796,208.0
7568,2023-06-12,4,91.74823477,99.0
7569,2023-06-12,5,89.94402838,93.0
7570,2023-06-12,6,69.84464238,41.0
7571,2023-06-12,7,154.091281,12.0
7572,2023-06-12,8,116.1646537,21.0
7573,2023-06-12,9,97.6868635,38.0
7574,2023-06-12,10,113.5655148,85.0
7575,2023-06-12,11,92.98220494,189.0
7576,2023-06-12,12,129.9198013,359.0
7577,2023-06-12,13,155.0358597,427.0
7578,2023-06-12,14,176.8227366,319.0
7579,2023-06-12,15,115.4999861,341.0
7580,2023-06-12,16,127.4547738,276.0
7581,2023-06-12,17,94.60723359,362.0
7582,2023-06-12,18,122.34044,292.0
7583,2023-06-12,19,117.1142774,253.0
7584,2023-06-12,20,109.7169851,339.0
7585,2023-06-12,21,119.6070828,339.0
7586,2023-06-12,22,115.8549331,202.0
7587,2023-06-12,23,143.7875633,239.0
7588,2023-06-13,0,110.0059114,305.0
7589,2023-06-13,1,133.3939594,287.0
7590,2023-06-13,2,112.6550961,277.0
7591,2023-06-13,3,139.3378089,190.0
7592,2023-06-13,4,123.8577959,114.0
7593,2023-06-13,5,92.511629,94.0
7594,2023-06-13,6,222.1326869,40.0
7595,2023-06-13,7,146.9914816,24.0
7596,2023-06-13,8,55.39044767,58.0
7597,2023-06-13,9,102.2158902,34.0
7598,2023-06-13,10,148.3300179,83.0
7599,2023-06-13,11,137.2255228,115.0
7600,2023-06-13,12,148.7661894,321.0
7601,2023-06-13,13,132.8003081,353.0
7602,2023-06-13,14,180.3409711,314.0
7603,2023-06-13,15,141.7525368,279.0
7604,2023-06-13,16,155.3326219,239.0
7605,2023-06-13,17,115.3969467,254.0
7606,2023-06-13,18,136.8219617,303.0
7607,2023-06-13,19,156.8407897,264.0
7608,2023-06-13,20,144.7850459,316.0
7609,2023-06-13,21,143.2660843,317.0
7610,2023-06-13,22,179.560087,234.0
7611,2023-06-13,23,172.6498968,255.0
7612,2023-06-14,0,118.9469611,229.0
7613,2023-06-14,1,136.4028985,281.0
7614,2023-06-14,2,116.4724371,354.0
7615,2023-06-14,3,158.9726212,174.0
7616,2023-06-14,4,119.6945758,117.0
7617,2023-06-14,5,70.54749043,118.0
7618,2023-06-14,6,87.28403371,53.0
7619,2023-06-14,7,144.8132948,25.0
7620,2023-06-14,8,108.0203541,10.0
7621,2023-06-14,9,100.6209033,56.0
7622,2023-06-14,10,128.0873367,88.0
7623,2023-06-14,11,129.0198181,123.0
7624,2023-06-14,12,126.4812781,418.0
7625,2023-06-14,13,166.2694708,407.0
7626,2023-06-14,14,105.5080259,355.0
7627,2023-06-14,15,119.5252592,371.0
7628,2023-06-14,16,129.5587565,218.0
7629,2023-06-14,17,120.1314521,302.0
7630,2023-06-14,18,115.9743283,244.0
7631,2023-06-14,19,136.0464367,176.0
7632,2023-06-14,20,119.6622157,205.0
7633,2023-06-14,21,177.6540103,180.0
7634,2023-06-14,22,128.0457298,262.0
7635,2023-06-14,23,136.397552,276.0
7636,2023-06-15,0,155.3547839,269.0
7637,2023-06-15,1,121.9045561,271.0
7638,2023-06-15,2,109.8793783,179.0
7639,2023-06-15,3,114.6413966,160.0
7640,2023-06-15,4,75.62613568,123.0
7641,2023-06-15,5,89.88201456,114.0
7642,2023-06-15,6,103.7486488,66.0
7643,2023-06-15,7,74.67282796,34.0
7644,2023-06-15,8,59.1994492,20.0
7645,2023-06-15,9,137.6570516,35.0
7646,2023-06-15,10,158.7261541,85.0
7647,2023-06-15,11,136.3991864,186.0
7648,2023-06-15,12,117.1167513,404.0
7649,2023-06-15,13,153.3032225,261.0
7650,2023-06-15,14,133.1870588,294.0
7651,2023-06-15,15,117.1300498,339.0
7652,2023-06-15,16,113.4334806,272.0
7653,2023-06-15,17,174.9676486,251.0
7654,2023-06-15,18,114.8636806,368.0
7655,2023-06-15,19,167.7343873,301.0
7656,2023-06-15,20,141.112464,226.0
7657,2023-06-15,21,180.0651702,258.0
7658,2023-06-15,22,146.611132,232.0
7659,2023-06-15,23,116.8231456,218.0
7660,2023-06-16,0,162.7348353,197.0
7661,2023-06-16,1,134.3425239,250.0
7662,2023-06-16,2,112.7900387,354.0
7663,2023-06-16,3,110.5827106,263.0
7664,2023-06-16,4,105.8393371,178.0
7665,2023-06-16,5,78.94047037,178.0
7666,2023-06-16,6,85.57758699,74.0
7667,2023-06-16,7,80.86879525,37.0
7668,2023-06-16,8,104.1189225,31.0
7669,2023-06-16,9,162.4780106,26.0
7670,2023-06-16,10,106.3445547,94.0
7671,2023-06-16,11,126.2207561,108.0
7672,2023-06-16,12,133.7287812,481.0
7673,2023-06-16,13,130.6676928,319.0
7674,2023-06-16,14,158.682204,305.0
7675,2023-06-16,15,161.8251891,336.0
7676,2023-06-16,16,139.0694093,262.0
7677,2023-06-16,17,125.4449232,257.0
7678,2023-06-16,18,151.9820402,264.0
7679,2023-06-16,19,163.9403442,351.0
7680,2023-06-16,20,194.4864192,326.0
7681,2023-06-16,21,171.6002554,231.0
7682,2023-06-16,22,138.7563394,217.0
7683,2023-06-16,23,116.18518,246.0
7684,2023-06-17,0,138.7548987,211.0
7685,2023-06-17,1,148.8366909,204.0
7686,2023-06-17,2,117.6805225,197.0
7687,2023-06-17,3,154.0451725,194.0
7688,2023-06-17,4,91.32059823,107.0
7689,2023-06-17,5,147.1572791,67.0
7690,2023-06-17,6,128.8777721,70.0
7691,2023-06-17,7,145.3255086,38.0
7692,2023-06-17,8,89.94350263,30.0
7693,2023-06-17,9,50.09239621,20.0
7694,2023-06-17,10,201.2230623,35.0
7695,2023-06-17,11,148.5650995,75.0
7696,2023-06-17,12,115.7224119,164.0
7697,2023-06-17,13,221.5566927,144.0
7698,2023-06-17,14,150.4265345,254.0
7699,2023-06-17,15,170.701609,557.0
7700,2023-06-17,16,147.951686,316.0
7701,2023-06-17,17,132.2974092,229.0
7702,2023-06-17,18,128.621978,207.0
7703,2023-06-17,19,158.6620417,308.0
7704,2023-06-17,20,158.7659386,256.0
7705,2023-06-17,21,173.5640975,167.0
7706,2023-06-17,22,164.3201957,164.0
7707,2023-06-17,23,114.9555376,169.0
7708,2023-06-18,0,160.1045819,237.0
7709,2023-06-18,1,143.9991303,181.0
7710,2023-06-18,2,129.504189,183.0
7711,2023-06-18,3,114.5368375,172.0
7712,2023-06-18,4,90.74020193,164.0
7713,2023-06-18,5,91.08033993,83.0
7714,2023-06-18,6,100.8093336,49.0
7715,2023-06-18,7,115.8962184,37.0
7716,2023-06-18,8,230.0884931,36.0
7717,2023-06-18,9,128.026716,15.0
7718,2023-06-18,10,140.4093231,42.0
7719,2023-06-18,11,170.2027535,50.0
7720,2023-06-18,12,130.667657,90.0
7721,2023-06-18,13,151.4926438,103.0
7722,2023-06-18,14,166.3016395,125.0
7723,2023-06-18,15,182.8235324,119.0
7724,2023-06-18,16,131.3641729,193.0
7725,2023-06-18,17,118.820045,198.0
7726,2023-06-18,18,129.9390276,156.0
7727,2023-06-18,19,121.7815806,132.0
7728,2023-06-18,20,150.5539393,171.0
7729,2023-06-18,21,170.2890803,136.0
7730,2023-06-18,22,109.42224,187.0
7731,2023-06-18,23,103.3029185,156.0
7732,2023-06-19,0,158.5314253,176.0
7733,2023-06-19,1,156.6073847,216.0
7734,2023-06-19,2,144.9356086,193.0
7735,2023-06-19,3,120.9507421,181.0
7736,2023-06-19,4,88.37901756,165.0
7737,2023-06-19,5,81.55961802,85.0
7738,2023-06-19,6,159.1991081,38.0
7739,2023-06-19,7,118.6569866,19.0
7740,2023-06-19,8,110.1961436,28.0
7741,2023-06-19,9,181.2298721,21.0
7742,2023-06-19,10,142.2228723,55.0
7743,2023-06-19,11,151.9171333,89.0
7744,2023-06-19,12,156.5525287,134.0
7745,2023-06-19,13,155.6918906,266.0
7746,2023-06-19,14,132.1445486,260.0
7747,2023-06-19,15,147.7200237,331.0
7748,2023-06-19,16,171.4001728,233.0
7749,2023-06-19,17,167.4661245,232.0
7750,2023-06-19,18,115.5401633,363.0
7751,2023-06-19,19,131.9017369,288.0
7752,2023-06-19,20,132.502498,239.0
7753,2023-06-19,21,143.3704024,297.0
7754,2023-06-19,22,138.1428058,201.0
7755,2023-06-19,23,181.2516002,261.0
7756,2023-06-20,0,157.0194828,276.0
7757,2023-06-20,1,160.1134715,168.0
7758,2023-06-20,2,149.2115218,155.0
7759,2023-06-20,3,149.6522533,140.0
7760,2023-06-20,4,107.122005,133.0
7761,2023-06-20,5,113.7638212,69.0
7762,2023-06-20,6,236.9370455,42.0
7763,2023-06-20,7,168.1875076,22.0
7764,2023-06-20,8,145.2429374,40.0
7765,2023-06-20,9,143.3980148,50.0
7766,2023-06-20,10,134.7397552,78.0
7767,2023-06-20,11,162.8135627,118.0
7768,2023-06-20,12,162.6378482,350.0
7769,2023-06-20,13,135.4870069,403.0
7770,2023-06-20,14,137.6044658,348.0
7771,2023-06-20,15,120.3317159,336.0
7772,2023-06-20,16,132.2979148,286.0
7773,2023-06-20,17,106.8083547,266.0
7774,2023-06-20,18,126.7953975,278.0
7775,2023-06-20,19,151.0390491,241.0
7776,2023-06-20,20,108.0694986,265.0
7777,2023-06-20,21,156.8711124,225.0
7778,2023-06-20,22,125.5658359,249.0
7779,2023-06-20,23,142.2836531,189.0
7780,2023-06-21,0,152.0725643,379.0
7781,2023-06-21,1,145.477567,244.0
7782,2023-06-21,2,147.0477837,258.0
7783,2023-06-21,3,118.3217142,201.0
7784,2023-06-21,4,116.0580233,163.0
7785,2023-06-21,5,71.12467489,76.0
7786,2023-06-21,6,70.86354647,65.0
7787,2023-06-21,7,129.744354,19.0
7788,2023-06-21,8,143.5271187,50.0
7789,2023-06-21,9,129.0963315,37.0
7790,2023-06-21,10,163.0263147,68.0
7791,2023-06-21,11,128.1594706,141.0
7792,2023-06-21,12,134.6348019,433.0
7793,2023-06-21,13,112.9398428,388.0
7794,2023-06-21,14,141.4508371,327.0
7795,2023-06-21,15,132.1871998,327.0
7796,2023-06-21,16,146.2393854,297.0
7797,2023-06-21,17,148.9358163,305.0
7798,2023-06-21,18,96.08909215,318.0
7799,2023-06-21,19,142.965175,342.0
7800,2023-06-21,20,135.7640002,309.0
7801,2023-06-21,21,119.8803544,284.0
7802,2023-06-21,22,121.7523249,301.0
7803,2023-06-21,23,148.6194873,261.0
7804,2023-06-22,0,141.0600253,290.0
7805,2023-06-22,1,149.7498287,345.0
7806,2023-06-22,2,120.1247729,218.0
7807,2023-06-22,3,134.0796533,217.0
7808,2023-06-22,4,105.4113196,221.0
7809,2023-06-22,5,76.76606618,78.0
7810,2023-06-22,6,71.98849197,78.0
7811,2023-06-22,7,89.03786209,31.0
7812,2023-06-22,8,135.6961063,38.0
7813,2023-06-22,9,199.5859251,15.0
7814,2023-06-22,10,182.1301402,52.0
7815,2023-06-22,11,135.7745971,155.0
7816,2023-06-22,12,113.1728355,345.0
7817,2023-06-22,13,127.2576477,325.0
7818,2023-06-22,14,129.1436462,437.0
7819,2023-06-22,15,103.5762643,343.0
7820,2023-06-22,16,115.6308991,313.0
7821,2023-06-22,17,143.1102814,248.0
7822,2023-06-22,18,115.3246914,394.0
7823,2023-06-22,19,129.317489,262.0
7824,2023-06-22,20,135.5106671,248.0
7825,2023-06-22,21,158.7413683,280.0
7826,2023-06-22,22,114.7438231,298.0
7827,2023-06-22,23,102.2228009,241.0
7828,2023-06-23,0,155.029699,566.0
7829,2023-06-23,1,187.4866076,678.0
7830,2023-06-23,2,205.2864673,489.0
7831,2023-06-23,3,141.4742332,245.0
7832,2023-06-23,4,134.8193792,150.0
7833,2023-06-23,5,76.86633358,70.0
7834,2023-06-23,6,85.77287528,94.0
7835,2023-06-23,7,71.34082904,64.0
7836,2023-06-23,8,120.2454388,83.0
7837,2023-06-23,9,100.4833073,49.0
7838,2023-06-23,10,156.6127921,85.0
7839,2023-06-23,11,146.6895068,143.0
7840,2023-06-23,12,115.4797357,517.0
7841,2023-06-23,13,162.5343522,274.0
7842,2023-06-23,14,135.8656012,343.0
7843,2023-06-23,15,133.8521014,239.0
7844,2023-06-23,16,148.0958102,261.0
7845,2023-06-23,17,156.1773811,255.0
7846,2023-06-23,18,168.2064842,319.0
7847,2023-06-23,19,132.1309914,234.0
7848,2023-06-23,20,129.2394109,292.0
7849,2023-06-23,21,128.0769427,275.0
7850,2023-06-23,22,132.9952924,257.0
7851,2023-06-23,23,135.8448386,257.0
7852,2023-06-24,0,138.4149226,293.0
7853,2023-06-24,1,121.3111042,297.0
7854,2023-06-24,2,130.656786,286.0
7855,2023-06-24,3,130.6701089,208.0
7856,2023-06-24,4,119.6456199,146.0
7857,2023-06-24,5,77.0514639,126.0
7858,2023-06-24,6,54.88373093,88.0
7859,2023-06-24,7,93.92939587,33.0
7860,2023-06-24,8,126.5412262,38.0
7861,2023-06-24,9,162.2523704,18.0
7862,2023-06-24,10,160.126564,38.0
7863,2023-06-24,11,93.38328107,67.0
7864,2023-06-24,12,156.0298234,99.0
7865,2023-06-24,13,174.7822889,164.0
7866,2023-06-24,14,147.2657425,200.0
7867,2023-06-24,15,129.1839447,211.0
7868,2023-06-24,16,131.2400091,187.0
7869,2023-06-24,17,134.0809781,221.0
7870,2023-06-24,18,169.75462,257.0
7871,2023-06-24,19,126.9845463,263.0
7872,2023-06-24,20,172.6295012,211.0
7873,2023-06-24,21,140.5709093,183.0
7874,2023-06-24,22,126.0880952,218.0
7875,2023-06-24,23,127.9311573,209.0
7876,2023-06-25,0,160.6272295,291.0
7877,2023-06-25,1,160.4341673,279.0
7878,2023-06-25,2,118.2201243,279.0
7879,2023-06-25,3,148.7308205,247.0
7880,2023-06-25,4,94.07927677,186.0
7881,2023-06-25,5,87.6995854,102.0
7882,2023-06-25,6,184.4307473,87.0
7883,2023-06-25,7,109.1462245,31.0
7884,2023-06-25,8,183.9463058,17.0
7885,2023-06-25,9,124.9049941,25.0
7886,2023-06-25,10,78.85674754,31.0
7887,2023-06-25,11,166.7506636,83.0
7888,2023-06-25,12,113.7512774,137.0
7889,2023-06-25,13,120.8650692,161.0
7890,2023-06-25,14,161.8827353,206.0
7891,2023-06-25,15,125.9765276,152.0
7892,2023-06-25,16,140.5798235,223.0
7893,2023-06-25,17,183.3349733,217.0
7894,2023-06-25,18,124.4250106,234.0
7895,2023-06-25,19,123.920826,225.0
7896,2023-06-25,20,107.1827864,198.0
7897,2023-06-25,21,163.6211869,246.0
7898,2023-06-25,22,170.4195995,222.0
7899,2023-06-25,23,128.0595281,236.0
7900,2023-06-26,0,155.1336826,220.0
7901,2023-06-26,1,182.3064502,231.0
7902,2023-06-26,2,205.4810754,168.0
7903,2023-06-26,3,136.2770009,157.0
7904,2023-06-26,4,88.40296297,162.0
7905,2023-06-26,5,85.38201404,117.0
7906,2023-06-26,6,58.16885603,84.0
7907,2023-06-26,7,83.0946722,27.0
7908,2023-06-26,8,71.52596249,31.0
7909,2023-06-26,9,171.620644,55.0
7910,2023-06-26,10,79.61237679,61.0
7911,2023-06-26,11,141.0493912,161.0
7912,2023-06-26,12,94.11690728,266.0
7913,2023-06-26,13,112.7699596,336.0
7914,2023-06-26,14,147.0000998,290.0
7915,2023-06-26,15,112.2828269,354.0
7916,2023-06-26,16,114.1125042,326.0
7917,2023-06-26,17,108.6634406,267.0
7918,2023-06-26,18,100.8722089,337.0
7919,2023-06-26,19,124.7579988,374.0
7920,2023-06-26,20,150.7030458,309.0
7921,2023-06-26,21,118.9807079,307.0
7922,2023-06-26,22,127.8612911,358.0
7923,2023-06-26,23,136.5169185,340.0
7924,2023-06-27,0,136.0315533,294.0
7925,2023-06-27,1,179.9382755,390.0
7926,2023-06-27,2,133.4599332,333.0
7927,2023-06-27,3,128.3283041,205.0
7928,2023-06-27,4,98.71773835,140.0
7929,2023-06-27,5,154.4549437,122.0
7930,2023-06-27,6,81.65750785,97.0
7931,2023-06-27,7,173.7300971,39.0
7932,2023-06-27,8,74.48241493,21.0
7933,2023-06-27,9,54.62401553,27.0
7934,2023-06-27,10,152.0044084,51.0
7935,2023-06-27,11,81.51596932,141.0
7936,2023-06-27,12,120.9471991,183.0
7937,2023-06-27,13,164.6003108,305.0
7938,2023-06-27,14,138.0519939,329.0
7939,2023-06-27,15,123.9525991,270.0
7940,2023-06-27,16,141.4211107,222.0
7941,2023-06-27,17,128.6573533,344.0
7942,2023-06-27,18,125.0607203,289.0
7943,2023-06-27,19,154.3378384,261.0
7944,2023-06-27,20,179.4440931,293.0
7945,2023-06-27,21,143.8742358,285.0
7946,2023-06-27,22,144.5871441,301.0
7947,2023-06-27,23,130.7273949,250.0
7948,2023-06-28,0,119.7506988,280.0
7949,2023-06-28,1,132.6719057,254.0
7950,2023-06-28,2,126.5807126,308.0
7951,2023-06-28,3,146.5978083,199.0
7952,2023-06-28,4,143.6204502,394.0
7953,2023-06-28,5,74.83310136,166.0
7954,2023-06-28,6,143.9308767,88.0
7955,2023-06-28,7,108.5233003,38.0
7956,2023-06-28,8,80.52871543,32.0
7957,2023-06-28,9,166.1333863,82.0
7958,2023-06-28,10,129.7858165,47.0
7959,2023-06-28,11,111.9181962,148.0
7960,2023-06-28,12,120.7896162,221.0
7961,2023-06-28,13,111.6038958,311.0
7962,2023-06-28,14,143.3823465,231.0
7963,2023-06-28,15,116.367473,353.0
7964,2023-06-28,16,124.3953123,330.0
7965,2023-06-28,17,102.9624415,313.0
7966,2023-06-28,18,96.46953968,404.0
7967,2023-06-28,19,128.9290239,315.0
7968,2023-06-28,20,140.2482553,254.0
7969,2023-06-28,21,121.5773915,203.0
7970,2023-06-28,22,120.6631215,194.0
7971,2023-06-28,23,166.867171,256.0
7972,2023-06-29,0,150.3969388,359.0
7973,2023-06-29,1,117.1054982,389.0
7974,2023-06-29,2,137.6078381,280.0
7975,2023-06-29,3,143.3994507,207.0
7976,2023-06-29,4,138.4955116,211.0
7977,2023-06-29,5,91.17019847,142.0
7978,2023-06-29,6,115.7752254,100.0
7979,2023-06-29,7,67.49347862,60.0
7980,2023-06-29,8,86.22433898,23.0
7981,2023-06-29,9,153.8643275,28.0
7982,2023-06-29,10,180.332728,58.0
7983,2023-06-29,11,116.689265,152.0
7984,2023-06-29,12,122.8235394,439.0
7985,2023-06-29,13,123.1711685,258.0
7986,2023-06-29,14,141.690345,370.0
7987,2023-06-29,15,121.2150031,289.0
7988,2023-06-29,16,124.2827095,261.0
7989,2023-06-29,17,154.2684851,278.0
7990,2023-06-29,18,115.2598406,431.0
7991,2023-06-29,19,127.4087031,334.0
7992,2023-06-29,20,132.1140238,328.0
7993,2023-06-29,21,136.0938726,296.0
7994,2023-06-29,22,139.0724501,262.0
7995,2023-06-29,23,157.5938812,220.0
7996,2023-06-30,0,141.9130986,212.0
7997,2023-06-30,1,157.987018,260.0
7998,2023-06-30,2,161.9645703,245.0
7999,2023-06-30,3,159.4189401,332.0
8000,2023-06-30,4,130.6100407,206.0
8001,2023-06-30,5,77.54637269,103.0
8002,2023-06-30,6,58.96363763,81.0
8003,2023-06-30,7,132.6854342,29.0
8004,2023-06-30,8,76.42800212,18.0
8005,2023-06-30,9,129.8218188,32.0
8006,2023-06-30,10,118.8471411,49.0
8007,2023-06-30,11,124.3377074,288.0
8008,2023-06-30,12,159.8506596,359.0
8009,2023-06-30,13,132.800485,249.0
8010,2023-06-30,14,131.1562731,279.0
8011,2023-06-30,15,116.5091383,343.0
8012,2023-06-30,16,119.5625399,306.0
8013,2023-06-30,17,170.9009433,271.0
8014,2023-06-30,18,157.1011577,249.0
8015,2023-06-30,19,132.5633366,435.0
8016,2023-06-30,20,164.5299904,232.0
8017,2023-06-30,21,155.3503821,191.0
8018,2023-06-30,22,143.5807694,224.0
8019,2023-06-30,23,147.9267306,236.0
8020,2023-07-01,0,135.4146523,249.0
8021,2023-07-01,1,161.6111046,212.0
8022,2023-07-01,2,137.2358202,190.0
8023,2023-07-01,3,137.3021309,198.0
8024,2023-07-01,4,70.42051443,161.0
8025,2023-07-01,5,83.04753097,153.0
8026,2023-07-01,6,64.65324907,69.0
8027,2023-07-01,7,177.852078,27.0
8028,2023-07-01,8,67.34966533,18.0
8029,2023-07-01,9,87.41684012,23.0
8030,2023-07-01,10,106.4412389,42.0
8031,2023-07-01,11,98.04958916,82.0
8032,2023-07-01,12,182.3066496,114.0
8033,2023-07-01,13,182.4316999,154.0
8034,2023-07-01,14,112.7746877,206.0
8035,2023-07-01,15,122.6844942,227.0
8036,2023-07-01,16,165.501878,209.0
8037,2023-07-01,17,134.0496367,187.0
8038,2023-07-01,18,183.1236405,173.0
8039,2023-07-01,19,177.7051593,203.0
8040,2023-07-01,20,199.1257349,272.0
8041,2023-07-01,21,186.2620967,271.0
8042,2023-07-01,22,175.0147341,169.0
8043,2023-07-01,23,197.7479787,263.0
8044,2023-07-02,0,142.6363279,216.0
8045,2023-07-02,1,150.108588,198.0
8046,2023-07-02,2,134.7230079,194.0
8047,2023-07-02,3,116.0138123,221.0
8048,2023-07-02,4,92.14590827,157.0
8049,2023-07-02,5,102.1878964,119.0
8050,2023-07-02,6,85.35643452,70.0
8051,2023-07-02,7,108.715047,42.0
8052,2023-07-02,8,116.5106258,25.0
8053,2023-07-02,9,76.20110899,20.0
8054,2023-07-02,10,225.5113602,26.0
8055,2023-07-02,11,162.1493467,85.0
8056,2023-07-02,12,160.0957131,122.0
8057,2023-07-02,13,189.1519174,109.0
8058,2023-07-02,14,160.8411158,143.0
8059,2023-07-02,15,140.8004815,137.0
8060,2023-07-02,16,144.9057306,169.0
8061,2023-07-02,17,175.7302502,145.0
8062,2023-07-02,18,140.4264928,270.0
8063,2023-07-02,19,126.8578949,195.0
8064,2023-07-02,20,154.0336904,245.0
8065,2023-07-02,21,127.3514982,255.0
8066,2023-07-02,22,120.6722991,266.0
8067,2023-07-02,23,121.4592218,237.0
8068,2023-07-03,0,99.14261183,296.0
8069,2023-07-03,1,129.543984,233.0
8070,2023-07-03,2,127.8663387,271.0
8071,2023-07-03,3,125.9398813,165.0
8072,2023-07-03,4,131.9210563,124.0
8073,2023-07-03,5,105.3252727,152.0
8074,2023-07-03,6,38.04972134,77.0
8075,2023-07-03,7,161.4980953,22.0
8076,2023-07-03,8,79.21284211,28.0
8077,2023-07-03,9,177.0217671,25.0
8078,2023-07-03,10,159.0066511,49.0
8079,2023-07-03,11,114.3231913,145.0
8080,2023-07-03,12,162.9290944,341.0
8081,2023-07-03,13,135.3842361,377.0
8082,2023-07-03,14,143.0484149,309.0
8083,2023-07-03,15,124.7669983,386.0
8084,2023-07-03,16,125.4597086,260.0
8085,2023-07-03,17,150.5126392,234.0
8086,2023-07-03,18,168.7271388,228.0
8087,2023-07-03,19,150.8661711,247.0
8088,2023-07-03,20,144.6683263,203.0
8089,2023-07-03,21,129.9000052,240.0
8090,2023-07-03,22,155.3607678,210.0
8091,2023-07-03,23,136.25291,316.0
8092,2023-07-04,0,100.0708461,206.0
8093,2023-07-04,1,138.232779,211.0
8094,2023-07-04,2,139.927173,286.0
8095,2023-07-04,3,124.5557407,219.0
8096,2023-07-04,4,69.71140811,179.0
8097,2023-07-04,5,106.4635894,128.0
8098,2023-07-04,6,61.9997948,88.0
8099,2023-07-04,7,253.161704,14.0
8100,2023-07-04,8,100.7669819,24.0
8101,2023-07-04,9,129.8707984,31.0
8102,2023-07-04,10,210.077486,37.0
8103,2023-07-04,11,142.5597021,93.0
8104,2023-07-04,12,138.8617338,123.0
8105,2023-07-04,13,140.7137504,135.0
8106,2023-07-04,14,165.8217223,192.0
8107,2023-07-04,15,141.4575704,167.0
8108,2023-07-04,16,159.2668906,182.0
8109,2023-07-04,17,221.3954786,145.0
8110,2023-07-04,18,94.63546248,180.0
8111,2023-07-04,19,146.0159282,207.0
8112,2023-07-04,20,154.9011126,198.0
8113,2023-07-04,21,250.1886765,135.0
8114,2023-07-04,22,175.489939,153.0
8115,2023-07-04,23,182.4155463,154.0
8116,2023-07-05,0,131.2917434,149.0
8117,2023-07-05,1,141.1007256,203.0
8118,2023-07-05,2,139.2657287,118.0
8119,2023-07-05,3,109.9719373,157.0
8120,2023-07-05,4,119.1904873,148.0
8121,2023-07-05,5,112.928668,87.0
8122,2023-07-05,6,53.42083509,66.0
8123,2023-07-05,7,238.7108671,18.0
8124,2023-07-05,8,105.3839675,13.0
8125,2023-07-05,9,168.1992071,47.0
8126,2023-07-05,10,176.8337413,61.0
8127,2023-07-05,11,133.8206262,108.0
8128,2023-07-05,12,126.4814113,415.0
8129,2023-07-05,13,142.7372575,330.0
8130,2023-07-05,14,121.5197042,351.0
8131,2023-07-05,15,161.9916291,258.0
8132,2023-07-05,16,155.4303879,278.0
8133,2023-07-05,17,140.0119778,385.0
8134,2023-07-05,18,176.892894,299.0
8135,2023-07-05,19,169.0276204,277.0
8136,2023-07-05,20,117.5567057,243.0
8137,2023-07-05,21,124.2764928,312.0
8138,2023-07-05,22,126.1071568,341.0
8139,2023-07-05,23,118.3583286,244.0
8140,2023-07-06,0,128.8030353,256.0
8141,2023-07-06,1,164.7246913,253.0
8142,2023-07-06,2,133.3682435,361.0
8143,2023-07-06,3,163.45462,237.0
8144,2023-07-06,4,106.2793633,153.0
8145,2023-07-06,5,88.86583687,73.0
8146,2023-07-06,6,122.7824817,74.0
8147,2023-07-06,7,75.73087907,45.0
8148,2023-07-06,8,187.8787606,15.0
8149,2023-07-06,9,132.7937048,25.0
8150,2023-07-06,10,122.6573004,46.0
8151,2023-07-06,11,102.1886355,139.0
8152,2023-07-06,12,115.3708641,388.0
8153,2023-07-06,13,132.7161051,275.0
8154,2023-07-06,14,150.1603095,301.0
8155,2023-07-06,15,171.7741297,276.0
8156,2023-07-06,16,127.7416307,240.0
8157,2023-07-06,17,143.8822134,232.0
8158,2023-07-06,18,123.9669903,427.0
8159,2023-07-06,19,119.6484059,292.0
8160,2023-07-06,20,141.6673017,325.0
8161,2023-07-06,21,168.9624978,249.0
8162,2023-07-06,22,132.4544005,356.0
8163,2023-07-06,23,119.5299,299.0
8164,2023-07-07,0,136.8857695,230.0
8165,2023-07-07,1,165.5983086,313.0
8166,2023-07-07,2,151.2769182,247.0
8167,2023-07-07,3,157.4675717,149.0
8168,2023-07-07,4,113.070918,146.0
8169,2023-07-07,5,54.14471959,92.0
8170,2023-07-07,6,78.63740002,81.0
8171,2023-07-07,7,127.2844445,48.0
8172,2023-07-07,8,100.9404512,58.0
8173,2023-07-07,9,127.6606262,30.0
8174,2023-07-07,10,137.874025,68.0
8175,2023-07-07,11,121.4620723,316.0
8176,2023-07-07,12,143.8981872,279.0
8177,2023-07-07,13,115.6037931,279.0
8178,2023-07-07,14,122.7627055,308.0
8179,2023-07-07,15,132.1198451,304.0
8180,2023-07-07,16,169.1016321,249.0
8181,2023-07-07,17,125.0608263,326.0
8182,2023-07-07,18,104.5830391,301.0
8183,2023-07-07,19,165.6516903,228.0
8184,2023-07-07,20,172.7041973,347.0
8185,2023-07-07,21,149.8244247,261.0
8186,2023-07-07,22,114.3967873,203.0
8187,2023-07-07,23,135.1971195,178.0
8188,2023-07-08,0,130.7883455,182.0
8189,2023-07-08,1,111.466965,236.0
8190,2023-07-08,2,88.69327836,255.0
8191,2023-07-08,3,119.5937965,326.0
8192,2023-07-08,4,126.7616435,127.0
8193,2023-07-08,5,102.6137159,82.0
8194,2023-07-08,6,39.03928421,104.0
8195,2023-07-08,7,160.7197303,23.0
8196,2023-07-08,8,68.94302501,17.0
8197,2023-07-08,9,56.82520015,34.0
8198,2023-07-08,10,70.30333266,22.0
8199,2023-07-08,11,139.4109569,57.0
8200,2023-07-08,12,158.459132,144.0
8201,2023-07-08,13,144.7070974,141.0
8202,2023-07-08,14,168.7044468,138.0
8203,2023-07-08,15,180.6457392,181.0
8204,2023-07-08,16,138.7234761,187.0
8205,2023-07-08,17,193.6155518,181.0
8206,2023-07-08,18,152.1925517,305.0
8207,2023-07-08,19,134.2264062,268.0
8208,2023-07-08,20,119.1915712,235.0
8209,2023-07-08,21,143.0044479,188.0
8210,2023-07-08,22,158.0483892,178.0
8211,2023-07-08,23,171.2577309,171.0
8212,2023-07-09,0,196.8582104,196.0
8213,2023-07-09,1,159.4302643,246.0
8214,2023-07-09,2,104.516689,213.0
8215,2023-07-09,3,100.8279502,235.0
8216,2023-07-09,4,104.1852602,107.0
8217,2023-07-09,5,80.67413904,108.0
8218,2023-07-09,6,97.83968528,73.0
8219,2023-07-09,7,117.9729471,11.0
8220,2023-07-09,8,142.9749366,37.0
8221,2023-07-09,9,116.6151365,21.0
8222,2023-07-09,10,98.69418458,19.0
8223,2023-07-09,11,157.8424536,82.0
8224,2023-07-09,12,154.1988951,106.0
8225,2023-07-09,13,131.599951,114.0
8226,2023-07-09,14,121.8607771,228.0
8227,2023-07-09,15,137.4723617,222.0
8228,2023-07-09,16,157.5780051,168.0
8229,2023-07-09,17,170.6850346,239.0
8230,2023-07-09,18,178.7892646,287.0
8231,2023-07-09,19,165.3147389,283.0
8232,2023-07-09,20,116.6151109,315.0
8233,2023-07-09,21,141.6500977,232.0
8234,2023-07-09,22,129.8436057,219.0
8235,2023-07-09,23,127.1918388,253.0
8236,2023-07-10,0,163.5216108,260.0
8237,2023-07-10,1,134.7752479,293.0
8238,2023-07-10,2,86.34859335,450.0
8239,2023-07-10,3,141.4582634,232.0
8240,2023-07-10,4,149.4636562,123.0
8241,2023-07-10,5,121.5252322,117.0
8242,2023-07-10,6,39.40701181,77.0
8243,2023-07-10,7,120.0619043,26.0
8244,2023-07-10,8,177.388204,35.0
8245,2023-07-10,9,82.85376248,26.0
8246,2023-07-10,10,140.3560581,87.0
8247,2023-07-10,11,95.17438608,170.0
8248,2023-07-10,12,111.9791457,383.0
8249,2023-07-10,13,112.5621133,433.0
8250,2023-07-10,14,148.5355915,289.0
8251,2023-07-10,15,112.6317633,273.0
8252,2023-07-10,16,121.9133418,196.0
8253,2023-07-10,17,152.2441325,283.0
8254,2023-07-10,18,140.2326376,333.0
8255,2023-07-10,19,139.9892922,298.0
8256,2023-07-10,20,132.1697367,394.0
8257,2023-07-10,21,128.4502859,274.0
8258,2023-07-10,22,107.6128297,243.0
8259,2023-07-10,23,116.7434415,247.0
8260,2023-07-11,0,124.3952796,294.0
8261,2023-07-11,1,124.4816796,275.0
8262,2023-07-11,2,123.1617502,245.0
8263,2023-07-11,3,101.71183,200.0
8264,2023-07-11,4,108.1059029,106.0
8265,2023-07-11,5,94.32618936,84.0
8266,2023-07-11,6,83.87613619,55.0
8267,2023-07-11,7,111.819692,43.0
8268,2023-07-11,8,90.76432503,21.0
8269,2023-07-11,9,147.2649847,52.0
8270,2023-07-11,10,97.81011939,61.0
8271,2023-07-11,11,119.0713075,137.0
8272,2023-07-11,12,106.3087451,442.0
8273,2023-07-11,13,113.5556444,308.0
8274,2023-07-11,14,143.4116514,290.0
8275,2023-07-11,15,150.348843,239.0
8276,2023-07-11,16,131.25473,231.0
8277,2023-07-11,17,127.5500294,269.0
8278,2023-07-11,18,122.3639239,293.0
8279,2023-07-11,19,131.0692,250.0
8280,2023-07-11,20,140.7393109,291.0
8281,2023-07-11,21,196.2476022,221.0
8282,2023-07-11,22,130.7098053,271.0
8283,2023-07-11,23,130.5590221,233.0
8284,2023-07-12,0,141.0460652,302.0
8285,2023-07-12,1,144.4691237,230.0
8286,2023-07-12,2,165.7667345,186.0
8287,2023-07-12,3,150.0300557,230.0
8288,2023-07-12,4,117.3667266,158.0
8289,2023-07-12,5,82.02258156,146.0
8290,2023-07-12,6,82.49976077,91.0
8291,2023-07-12,7,70.21486368,32.0
8292,2023-07-12,8,133.3259125,25.0
8293,2023-07-12,9,113.2317812,48.0
8294,2023-07-12,10,82.14465304,93.0
8295,2023-07-12,11,93.47962912,137.0
8296,2023-07-12,12,103.5535055,177.0
8297,2023-07-12,13,145.3358506,320.0
8298,2023-07-12,14,125.8154271,494.0
8299,2023-07-12,15,136.1734404,293.0
8300,2023-07-12,16,129.1670269,245.0
8301,2023-07-12,17,102.5652677,322.0
8302,2023-07-12,18,131.7332212,315.0
8303,2023-07-12,19,120.7214015,358.0
8304,2023-07-12,20,112.4092431,307.0
8305,2023-07-12,21,134.8752773,210.0
8306,2023-07-12,22,116.5452792,265.0
8307,2023-07-12,23,136.6536481,303.0
8308,2023-07-13,0,184.9223411,268.0
8309,2023-07-13,1,137.879817,315.0
8310,2023-07-13,2,131.5021682,281.0
8311,2023-07-13,3,139.8565085,252.0
8312,2023-07-13,4,112.6014642,122.0
8313,2023-07-13,5,79.13951256,116.0
8314,2023-07-13,6,48.32885104,76.0
8315,2023-07-13,7,114.9984449,50.0
8316,2023-07-13,8,66.11399175,72.0
8317,2023-07-13,9,106.5995408,33.0
8318,2023-07-13,10,94.80856636,68.0
8319,2023-07-13,11,153.2595219,124.0
8320,2023-07-13,12,129.144333,182.0
8321,2023-07-13,13,131.5127876,275.0
8322,2023-07-13,14,175.7879061,254.0
8323,2023-07-13,15,153.1486724,280.0
8324,2023-07-13,16,128.5047183,318.0
8325,2023-07-13,17,129.4417765,357.0
8326,2023-07-13,18,144.9932041,440.0
8327,2023-07-13,19,178.4781184,387.0
8328,2023-07-13,20,182.9413044,253.0
8329,2023-07-13,21,132.2784661,247.0
8330,2023-07-13,22,114.9812356,267.0
8331,2023-07-13,23,134.5638156,240.0
8332,2023-07-14,0,163.7164026,192.0
8333,2023-07-14,1,154.3878012,201.0
8334,2023-07-14,2,164.9670647,214.0
8335,2023-07-14,3,150.5917595,118.0
8336,2023-07-14,4,122.0326719,163.0
8337,2023-07-14,5,76.78553498,85.0
8338,2023-07-14,6,43.97758716,70.0
8339,2023-07-14,7,100.5832449,31.0
8340,2023-07-14,8,104.5628081,31.0
8341,2023-07-14,9,152.003094,26.0
8342,2023-07-14,10,105.4528522,76.0
8343,2023-07-14,11,126.2832579,130.0
8344,2023-07-14,12,150.5699628,280.0
8345,2023-07-14,13,122.6793252,331.0
8346,2023-07-14,14,132.8511076,262.0
8347,2023-07-14,15,157.9316758,309.0
8348,2023-07-14,16,124.1903127,293.0
8349,2023-07-14,17,116.5473378,351.0
8350,2023-07-14,18,187.3316552,294.0
8351,2023-07-14,19,132.9052895,273.0
8352,2023-07-14,20,171.2720434,237.0
8353,2023-07-14,21,121.3575033,251.0
8354,2023-07-14,22,180.7169973,285.0
8355,2023-07-14,23,175.0233098,382.0
8356,2023-07-15,0,193.6581669,410.0
8357,2023-07-15,1,148.4351922,263.0
8358,2023-07-15,2,159.6336739,209.0
8359,2023-07-15,3,154.7584642,176.0
8360,2023-07-15,4,132.3275159,174.0
8361,2023-07-15,5,69.5236013,129.0
8362,2023-07-15,6,60.39005949,103.0
8363,2023-07-15,7,201.1254545,42.0
8364,2023-07-15,8,158.3601712,32.0
8365,2023-07-15,9,75.47235359,25.0
8366,2023-07-15,10,106.5269367,75.0
8367,2023-07-15,11,80.79514059,82.0
8368,2023-07-15,12,130.8672458,120.0
8369,2023-07-15,13,132.6601731,160.0
8370,2023-07-15,14,154.6748182,210.0
8371,2023-07-15,15,125.2439762,120.0
8372,2023-07-15,16,131.4224031,169.0
8373,2023-07-15,17,158.5617471,127.0
8374,2023-07-15,18,136.0802041,200.0
8375,2023-07-15,19,160.3978247,202.0
8376,2023-07-15,20,157.2115068,260.0
8377,2023-07-15,21,134.7705268,168.0
8378,2023-07-15,22,151.0877292,245.0
8379,2023-07-15,23,159.9503818,198.0
8380,2023-07-16,0,148.2027289,40.0
8381,2023-07-16,1,155.1797329,17.0
8382,2023-07-16,2,160.1870366,23.0
8383,2023-07-16,3,94.17521343,19.0
8384,2023-07-16,4,126.3816038,19.0
8385,2023-07-16,5,52.21488745,12.0
8386,2023-07-16,6,116.9450667,21.0
8387,2023-07-16,7,126.0254157,7.0
8388,2023-07-16,8,71.21165961,5.0
8389,2023-07-16,9,63.89895855,1.0
8390,2023-07-16,10,254.8130075,11.0
8391,2023-07-16,11,95.19916561,55.0
8392,2023-07-16,12,144.5301176,97.0
8393,2023-07-16,13,168.5522798,115.0
8394,2023-07-16,14,178.4042081,162.0
8395,2023-07-16,15,153.2074724,127.0
8396,2023-07-16,16,146.4068436,167.0
8397,2023-07-16,17,114.2379328,245.0
8398,2023-07-16,18,119.7495289,189.0
8399,2023-07-16,19,109.289695,252.0
8400,2023-07-16,20,118.8318878,266.0
8401,2023-07-16,21,157.2485683,157.0
8402,2023-07-16,22,150.9491501,169.0
8403,2023-07-16,23,145.0365359,223.0
8404,2023-07-17,0,138.8571298,213.0
8405,2023-07-17,1,132.8952209,314.0
8406,2023-07-17,2,153.9719466,202.0
8407,2023-07-17,3,158.5204522,156.0
8408,2023-07-17,4,148.9841519,104.0
8409,2023-07-17,5,91.73376137,91.0
8410,2023-07-17,6,68.51983373,112.0
8411,2023-07-17,7,176.5592183,29.0
8412,2023-07-17,8,143.017551,30.0
8413,2023-07-17,9,168.6637266,26.0
8414,2023-07-17,10,130.9561499,60.0
8415,2023-07-17,11,125.7107321,139.0
8416,2023-07-17,12,119.7994525,228.0
8417,2023-07-17,13,138.169937,330.0
8418,2023-07-17,14,163.3897577,271.0
8419,2023-07-17,15,126.7908463,270.0
8420,2023-07-17,16,138.9232912,309.0
8421,2023-07-17,17,116.4061892,349.0
8422,2023-07-17,18,128.5228303,365.0
8423,2023-07-17,19,158.6399365,202.0
8424,2023-07-17,20,132.4937051,293.0
8425,2023-07-17,21,166.7707434,247.0
8426,2023-07-17,22,222.4813396,262.0
8427,2023-07-17,23,165.6300977,450.0
8428,2023-07-18,0,134.2921802,362.0
8429,2023-07-18,1,132.55278,292.0
8430,2023-07-18,2,161.8211938,252.0
8431,2023-07-18,3,149.2183419,143.0
8432,2023-07-18,4,95.94910776,145.0
8433,2023-07-18,5,103.4587228,106.0
8434,2023-07-18,6,40.25718829,71.0
8435,2023-07-18,7,357.9255775,51.0
8436,2023-07-18,8,87.96206932,32.0
8437,2023-07-18,9,154.9263904,44.0
8438,2023-07-18,10,131.8205977,56.0
8439,2023-07-18,11,116.1962317,126.0
8440,2023-07-18,12,155.1723251,195.0
8441,2023-07-18,13,98.84353752,294.0
8442,2023-07-18,14,171.2686486,312.0
8443,2023-07-18,15,185.0352448,249.0
8444,2023-07-18,16,171.804621,303.0
8445,2023-07-18,17,148.2745172,325.0
8446,2023-07-18,18,129.4945197,236.0
8447,2023-07-18,19,137.3099797,255.0
8448,2023-07-18,20,143.1960687,316.0
8449,2023-07-18,21,120.5867251,263.0
8450,2023-07-18,22,176.1111799,239.0
8451,2023-07-18,23,150.0446281,238.0
8452,2023-07-19,0,127.1036155,308.0
8453,2023-07-19,1,135.8175881,326.0
8454,2023-07-19,2,176.2740624,202.0
8455,2023-07-19,3,129.0871659,185.0
8456,2023-07-19,4,124.0789211,125.0
8457,2023-07-19,5,61.50754727,112.0
8458,2023-07-19,6,78.68211724,81.0
8459,2023-07-19,7,164.3631615,20.0
8460,2023-07-19,8,123.5481952,23.0
8461,2023-07-19,9,154.6914945,54.0
8462,2023-07-19,10,124.7840554,63.0
8463,2023-07-19,11,151.7082242,111.0
8464,2023-07-19,12,129.6357894,245.0
8465,2023-07-19,13,176.145508,259.0
8466,2023-07-19,14,130.8530986,296.0
8467,2023-07-19,15,137.4105601,281.0
8468,2023-07-19,16,128.5756219,289.0
8469,2023-07-19,17,139.3220747,245.0
8470,2023-07-19,18,154.0365316,235.0
8471,2023-07-19,19,118.544072,261.0
8472,2023-07-19,20,145.2120435,291.0
8473,2023-07-19,21,129.5437834,279.0
8474,2023-07-19,22,189.6916832,287.0
8475,2023-07-19,23,127.0472918,241.0
8476,2023-07-20,0,107.304429,225.0
8477,2023-07-20,1,175.3924622,283.0
8478,2023-07-20,2,163.8015971,300.0
8479,2023-07-20,3,177.7176101,185.0
8480,2023-07-20,4,121.2948903,127.0
8481,2023-07-20,5,86.01488135,89.0
8482,2023-07-20,6,82.51934141,63.0
8483,2023-07-20,7,95.12247527,27.0
8484,2023-07-20,8,149.8515395,71.0
8485,2023-07-20,9,149.4636292,44.0
8486,2023-07-20,10,171.056487,56.0
8487,2023-07-20,11,171.029931,101.0
8488,2023-07-20,12,129.4146645,316.0
8489,2023-07-20,13,116.5327208,339.0
8490,2023-07-20,14,130.322916,351.0
8491,2023-07-20,15,110.6382202,317.0
8492,2023-07-20,16,132.5865002,323.0
8493,2023-07-20,17,148.6541172,341.0
8494,2023-07-20,18,115.8940275,465.0
8495,2023-07-20,19,124.6099787,370.0
8496,2023-07-20,20,141.2434199,253.0
8497,2023-07-20,21,136.6523018,281.0
8498,2023-07-20,22,147.9181943,127.0
8499,2023-07-20,23,128.7500453,258.0
8500,2023-07-21,0,143.8132445,230.0
8501,2023-07-21,1,143.223272,256.0
8502,2023-07-21,2,141.3742455,204.0
8503,2023-07-21,3,140.1176205,190.0
8504,2023-07-21,4,135.8238061,114.0
8505,2023-07-21,5,59.77018445,103.0
8506,2023-07-21,6,75.32430919,67.0
8507,2023-07-21,7,126.8769547,35.0
8508,2023-07-21,8,111.8401303,34.0
8509,2023-07-21,9,189.7185979,33.0
8510,2023-07-21,10,104.361507,37.0
8511,2023-07-21,11,147.137619,146.0
8512,2023-07-21,12,122.3775453,247.0
8513,2023-07-21,13,125.2409236,274.0
8514,2023-07-21,14,134.2987451,282.0
8515,2023-07-21,15,126.3811227,362.0
8516,2023-07-21,16,140.3422897,276.0
8517,2023-07-21,17,113.3306635,275.0
8518,2023-07-21,18,118.2476966,296.0
8519,2023-07-21,19,151.8437206,418.0
8520,2023-07-21,20,162.0375304,332.0
8521,2023-07-21,21,137.966793,273.0
8522,2023-07-21,22,178.431229,280.0
8523,2023-07-21,23,169.144994,242.0
8524,2023-07-22,0,171.4973853,233.0
8525,2023-07-22,1,214.9345209,283.0
8526,2023-07-22,2,149.9615186,263.0
8527,2023-07-22,3,169.1583874,242.0
8528,2023-07-22,4,155.7884601,160.0
8529,2023-07-22,5,150.3860942,101.0
8530,2023-07-22,6,96.35145882,111.0
8531,2023-07-22,7,107.2540245,43.0
8532,2023-07-22,8,98.33378066,16.0
8533,2023-07-22,9,80.86741937,26.0
8534,2023-07-22,10,101.6221816,46.0
8535,2023-07-22,11,158.5327551,45.0
8536,2023-07-22,12,137.9782697,126.0
8537,2023-07-22,13,157.349659,106.0
8538,2023-07-22,14,176.756909,147.0
8539,2023-07-22,15,144.0816839,163.0
8540,2023-07-22,16,178.703761,195.0
8541,2023-07-22,17,119.080907,214.0
8542,2023-07-22,18,133.9145099,194.0
8543,2023-07-22,19,144.1452723,217.0
8544,2023-07-22,20,143.0753574,230.0
8545,2023-07-22,21,161.973452,188.0
8546,2023-07-22,22,164.3032381,168.0
8547,2023-07-22,23,139.073523,170.0
8548,2023-07-23,0,148.4702943,232.0
8549,2023-07-23,1,126.5155244,259.0
8550,2023-07-23,2,172.433791,161.0
8551,2023-07-23,3,137.9915318,151.0
8552,2023-07-23,4,101.1561974,115.0
8553,2023-07-23,5,65.35991582,88.0
8554,2023-07-23,6,76.1641025,78.0
8555,2023-07-23,7,136.1840589,28.0
8556,2023-07-23,8,194.6286997,17.0
8557,2023-07-23,9,104.8326224,19.0
8558,2023-07-23,10,149.4826392,57.0
8559,2023-07-23,11,83.52952963,88.0
8560,2023-07-23,12,118.2676142,87.0
8561,2023-07-23,13,147.6661467,116.0
8562,2023-07-23,14,111.9283434,124.0
8563,2023-07-23,15,169.1167632,135.0
8564,2023-07-23,16,130.3232254,207.0
8565,2023-07-23,17,135.6401507,139.0
8566,2023-07-23,18,167.9008772,192.0
8567,2023-07-23,19,158.9527733,205.0
8568,2023-07-23,20,127.8548236,258.0
8569,2023-07-23,21,116.9130409,200.0
8570,2023-07-23,22,100.2457797,262.0
8571,2023-07-23,23,138.6187641,174.0
8572,2023-07-24,0,128.7117143,194.0
8573,2023-07-24,1,139.8710697,192.0
8574,2023-07-24,2,114.5798323,241.0
8575,2023-07-24,3,121.3816222,153.0
8576,2023-07-24,4,169.7275662,87.0
8577,2023-07-24,5,123.0062557,107.0
8578,2023-07-24,6,76.17844924,102.0
8579,2023-07-24,7,79.82763423,19.0
8580,2023-07-24,8,191.0673001,19.0
8581,2023-07-24,9,61.19290063,34.0
8582,2023-07-24,10,104.5189787,61.0
8583,2023-07-24,11,142.6529263,123.0
8584,2023-07-24,12,103.2588974,194.0
8585,2023-07-24,13,127.6811884,384.0
8586,2023-07-24,14,109.8877408,274.0
8587,2023-07-24,15,120.1126933,224.0
8588,2023-07-24,16,145.5660133,269.0
8589,2023-07-24,17,127.043301,255.0
8590,2023-07-24,18,106.1470997,282.0
8591,2023-07-24,19,130.5556587,215.0
8592,2023-07-24,20,119.7922687,289.0
8593,2023-07-24,21,133.3199065,244.0
8594,2023-07-24,22,150.8484562,229.0
8595,2023-07-24,23,152.1789338,225.0
8596,2023-07-25,0,127.4452761,241.0
8597,2023-07-25,1,177.0388536,217.0
8598,2023-07-25,2,119.2311472,229.0
8599,2023-07-25,3,107.4596422,255.0
8600,2023-07-25,4,155.6520711,122.0
8601,2023-07-25,5,87.35061317,96.0
8602,2023-07-25,6,54.45424439,77.0
8603,2023-07-25,7,146.0267548,35.0
8604,2023-07-25,8,187.3161069,18.0
8605,2023-07-25,9,141.6846536,15.0
8606,2023-07-25,10,150.2734358,62.0
8607,2023-07-25,11,163.5941852,126.0
8608,2023-07-25,12,113.6377699,251.0
8609,2023-07-25,13,128.9406583,265.0
8610,2023-07-25,14,145.4212656,331.0
8611,2023-07-25,15,141.0512809,278.0
8612,2023-07-25,16,100.7733745,363.0
8613,2023-07-25,17,120.2467741,307.0
8614,2023-07-25,18,92.21497393,245.0
8615,2023-07-25,19,145.2649245,369.0
8616,2023-07-25,20,124.6810757,363.0
8617,2023-07-25,21,143.5582737,305.0
8618,2023-07-25,22,188.911373,309.0
8619,2023-07-25,23,162.5904906,257.0
8620,2023-07-26,0,143.9155129,253.0
8621,2023-07-26,1,139.8550697,291.0
8622,2023-07-26,2,151.6160281,205.0
8623,2023-07-26,3,112.7773759,177.0
8624,2023-07-26,4,182.5093936,103.0
8625,2023-07-26,5,123.8940337,112.0
8626,2023-07-26,6,93.9002372,74.0
8627,2023-07-26,7,95.03728409,22.0
8628,2023-07-26,8,143.1939265,21.0
8629,2023-07-26,9,170.6644985,33.0
8630,2023-07-26,10,177.9456139,73.0
8631,2023-07-26,11,133.3548788,90.0
8632,2023-07-26,12,124.9623006,247.0
8633,2023-07-26,13,130.0146979,336.0
8634,2023-07-26,14,156.2003703,348.0
8635,2023-07-26,15,123.7089019,228.0
8636,2023-07-26,16,135.4261362,242.0
8637,2023-07-26,17,147.0662266,253.0
8638,2023-07-26,18,135.9973497,281.0
8639,2023-07-26,19,135.8647209,351.0
8640,2023-07-26,20,145.0228844,237.0
8641,2023-07-26,21,145.0766995,216.0
8642,2023-07-26,22,136.6911252,280.0
8643,2023-07-26,23,150.8611956,225.0
8644,2023-07-27,0,144.8365528,212.0
8645,2023-07-27,1,112.390162,257.0
8646,2023-07-27,2,125.0407859,282.0
8647,2023-07-27,3,146.9800099,218.0
8648,2023-07-27,4,145.7223462,104.0
8649,2023-07-27,5,122.2115329,116.0
8650,2023-07-27,6,109.989546,75.0
8651,2023-07-27,7,154.699231,19.0
8652,2023-07-27,8,149.3696054,30.0
8653,2023-07-27,9,151.3256583,25.0
8654,2023-07-27,10,128.2813993,75.0
8655,2023-07-27,11,123.9881341,165.0
8656,2023-07-27,12,120.039407,272.0
8657,2023-07-27,13,120.6904859,289.0
8658,2023-07-27,14,123.7715967,282.0
8659,2023-07-27,15,130.6442407,355.0
8660,2023-07-27,16,111.919925,217.0
8661,2023-07-27,17,142.7058357,274.0
8662,2023-07-27,18,100.2782387,391.0
8663,2023-07-27,19,104.9339811,355.0
8664,2023-07-27,20,131.2702475,399.0
8665,2023-07-27,21,131.9151052,310.0
8666,2023-07-27,22,123.4585952,355.0
8667,2023-07-27,23,159.3437351,267.0
8668,2023-07-28,0,164.7454993,303.0
8669,2023-07-28,1,160.917272,265.0
8670,2023-07-28,2,142.4793799,218.0
8671,2023-07-28,3,170.6743461,200.0
8672,2023-07-28,4,121.1940759,264.0
8673,2023-07-28,5,74.665709,77.0
8674,2023-07-28,6,54.76224532,85.0
8675,2023-07-28,7,67.66755266,28.0
8676,2023-07-28,8,116.9203149,23.0
8677,2023-07-28,9,129.7725434,55.0
8678,2023-07-28,10,127.8734104,77.0
8679,2023-07-28,11,110.9724551,234.0
8680,2023-07-28,12,163.3228128,182.0
8681,2023-07-28,13,141.8542822,342.0
8682,2023-07-28,14,140.9006853,365.0
8683,2023-07-28,15,149.9852757,371.0
8684,2023-07-28,16,116.2877653,275.0
8685,2023-07-28,17,169.0977891,294.0
8686,2023-07-28,18,149.0262261,276.0
8687,2023-07-28,19,160.7935382,219.0
8688,2023-07-28,20,149.5516356,210.0
8689,2023-07-28,21,150.2856429,240.0
8690,2023-07-28,22,158.8488954,313.0
8691,2023-07-28,23,123.1175175,251.0
8692,2023-07-29,0,126.2720601,306.0
8693,2023-07-29,1,136.752324,218.0
8694,2023-07-29,2,125.2106797,252.0
8695,2023-07-29,3,149.8999933,200.0
8696,2023-07-29,4,121.238575,183.0
8697,2023-07-29,5,87.97354865,140.0
8698,2023-07-29,6,96.66143046,106.0
8699,2023-07-29,7,145.6831975,31.0
8700,2023-07-29,8,145.3693918,17.0
8701,2023-07-29,9,174.4444872,31.0
8702,2023-07-29,10,88.89049828,49.0
8703,2023-07-29,11,122.4268693,72.0
8704,2023-07-29,12,102.7557801,111.0
8705,2023-07-29,13,137.0422745,147.0
8706,2023-07-29,14,122.3117814,202.0
8707,2023-07-29,15,148.2430814,177.0
8708,2023-07-29,16,162.5909739,228.0
8709,2023-07-29,17,113.3157361,229.0
8710,2023-07-29,18,147.4493217,256.0
8711,2023-07-29,19,146.8252363,257.0
8712,2023-07-29,20,184.7559977,226.0
8713,2023-07-29,21,173.4324019,196.0
8714,2023-07-29,22,148.7618591,210.0
8715,2023-07-29,23,147.6427481,226.0
8716,2023-07-30,0,102.3669625,234.0
8717,2023-07-30,1,192.0433738,207.0
8718,2023-07-30,2,130.8140842,235.0
8719,2023-07-30,3,126.9679801,276.0
8720,2023-07-30,4,163.4820416,143.0
8721,2023-07-30,5,51.97474827,127.0
8722,2023-07-30,6,63.82258528,88.0
8723,2023-07-30,7,74.34676256,58.0
8724,2023-07-30,8,86.11215157,24.0
8725,2023-07-30,9,132.9566077,20.0
8726,2023-07-30,10,158.4077047,46.0
8727,2023-07-30,11,137.4579003,90.0
8728,2023-07-30,12,151.8227346,82.0
8729,2023-07-30,13,200.6055956,109.0
8730,2023-07-30,14,127.714263,139.0
8731,2023-07-30,15,112.2846311,201.0
8732,2023-07-30,16,153.6582275,223.0
8733,2023-07-30,17,175.165812,197.0
8734,2023-07-30,18,154.9736572,209.0
8735,2023-07-30,19,133.8935958,199.0
8736,2023-07-30,20,145.6347983,266.0
8737,2023-07-30,21,194.4140798,188.0
8738,2023-07-30,22,128.3415539,192.0
8739,2023-07-30,23,125.6072861,242.0
8740,2023-07-31,0,187.92603,191.0
8741,2023-07-31,1,126.8002472,314.0
8742,2023-07-31,2,142.9764932,194.0
8743,2023-07-31,3,132.8515651,171.0
8744,2023-07-31,4,158.3327615,131.0
8745,2023-07-31,5,87.57932542,113.0
8746,2023-07-31,6,63.5061806,83.0
8747,2023-07-31,7,71.23211517,17.0
8748,2023-07-31,8,123.8206799,13.0
8749,2023-07-31,9,215.8130781,26.0
8750,2023-07-31,10,157.4740525,57.0
8751,2023-07-31,11,117.6521893,121.0
8752,2023-07-31,12,106.5546338,235.0
8753,2023-07-31,13,124.7884324,378.0
8754,2023-07-31,14,142.6840247,327.0
8755,2023-07-31,15,151.8343022,322.0
8756,2023-07-31,16,144.6991457,275.0
8757,2023-07-31,17,111.3540254,321.0
8758,2023-07-31,18,122.7100803,268.0
8759,2023-07-31,19,149.094746,297.0
8760,2023-07-31,20,151.4378955,356.0
8761,2023-07-31,21,152.7895463,240.0
8762,2023-07-31,22,136.4063037,172.0
8763,2023-07-31,23,159.7240901,221.0
8764,2023-08-01,0,153.1590823,251.0
8765,2023-08-01,1,140.0277873,222.0
8766,2023-08-01,2,144.9846273,196.0
8767,2023-08-01,3,151.096074,186.0
8768,2023-08-01,4,116.0563061,201.0
8769,2023-08-01,5,44.09849936,116.0
8770,2023-08-01,6,102.1481759,73.0
8771,2023-08-01,7,87.33378562,22.0
8772,2023-08-01,8,181.6192438,41.0
8773,2023-08-01,9,122.4225163,39.0
8774,2023-08-01,10,137.2772973,51.0
8775,2023-08-01,11,99.39105105,174.0
8776,2023-08-01,12,147.1030866,175.0
8777,2023-08-01,13,114.5135589,284.0
8778,2023-08-01,14,136.937072,310.0
8779,2023-08-01,15,129.9256211,318.0
8780,2023-08-01,16,138.3599554,247.0
8781,2023-08-01,17,169.8820146,221.0
8782,2023-08-01,18,149.0922618,253.0
8783,2023-08-01,19,129.8228981,277.0
8784,2023-08-01,20,139.7428012,263.0
8785,2023-08-01,21,118.8700685,270.0
8786,2023-08-01,22,121.633879,286.0
8787,2023-08-01,23,152.8994298,276.0
8788,2023-08-02,0,150.7150943,428.0
8789,2023-08-02,1,128.9694267,249.0
8790,2023-08-02,2,139.4914909,219.0
8791,2023-08-02,3,100.9379928,281.0
8792,2023-08-02,4,90.9335932,141.0
8793,2023-08-02,5,85.48800544,134.0
8794,2023-08-02,6,56.68596247,69.0
8795,2023-08-02,7,78.93034616,43.0
8796,2023-08-02,8,89.34353123,45.0
8797,2023-08-02,9,99.21427626,33.0
8798,2023-08-02,10,148.1761291,72.0
8799,2023-08-02,11,117.3610628,161.0
8800,2023-08-02,12,118.6385696,199.0
8801,2023-08-02,13,215.7868951,310.0
8802,2023-08-02,14,151.3768576,296.0
8803,2023-08-02,15,134.0112452,257.0
8804,2023-08-02,16,112.1458809,254.0
8805,2023-08-02,17,176.7882968,321.0
8806,2023-08-02,18,126.0071414,301.0
8807,2023-08-02,19,118.5240144,314.0
8808,2023-08-02,20,147.1313147,319.0
8809,2023-08-02,21,153.149136,255.0
8810,2023-08-02,22,149.5728552,243.0
8811,2023-08-02,23,134.2943636,264.0
8812,2023-08-03,0,117.5209733,241.0
8813,2023-08-03,1,166.839593,344.0
8814,2023-08-03,2,126.4088583,208.0
8815,2023-08-03,3,137.4250687,252.0
8816,2023-08-03,4,144.8299051,167.0
8817,2023-08-03,5,75.93345803,131.0
8818,2023-08-03,6,90.82894979,109.0
8819,2023-08-03,7,79.70390176,31.0
8820,2023-08-03,8,113.2815988,33.0
8821,2023-08-03,9,185.5398705,15.0
8822,2023-08-03,10,127.7224336,56.0
8823,2023-08-03,11,114.0187667,151.0
8824,2023-08-03,12,122.1682888,219.0
8825,2023-08-03,13,162.6669923,261.0
8826,2023-08-03,14,125.0495364,281.0
8827,2023-08-03,15,147.1486928,247.0
8828,2023-08-03,16,130.778076,286.0
8829,2023-08-03,17,170.1871169,268.0
8830,2023-08-03,18,128.3415682,442.0
8831,2023-08-03,19,135.1672309,254.0
8832,2023-08-03,20,118.5218417,300.0
8833,2023-08-03,21,124.7481585,311.0
8834,2023-08-03,22,89.58976041,279.0
8835,2023-08-03,23,133.1963625,263.0
8836,2023-08-04,0,123.6762211,211.0
8837,2023-08-04,1,146.990774,244.0
8838,2023-08-04,2,143.4495936,238.0
8839,2023-08-04,3,124.1187551,219.0
8840,2023-08-04,4,85.13897296,169.0
8841,2023-08-04,5,88.02390756,129.0
8842,2023-08-04,6,41.21858716,67.0
8843,2023-08-04,7,105.2654077,53.0
8844,2023-08-04,8,103.6421205,31.0
8845,2023-08-04,9,143.0397042,38.0
8846,2023-08-04,10,129.7289373,51.0
8847,2023-08-04,11,135.9903114,136.0
8848,2023-08-04,12,136.8018574,199.0
8849,2023-08-04,13,128.1013577,301.0
8850,2023-08-04,14,125.6552285,252.0
8851,2023-08-04,15,133.0022298,264.0
8852,2023-08-04,16,123.2135666,249.0
8853,2023-08-04,17,146.469861,286.0
8854,2023-08-04,18,106.884732,296.0
8855,2023-08-04,19,110.6482728,226.0
8856,2023-08-04,20,126.7341941,348.0
8857,2023-08-04,21,92.00473225,386.0
8858,2023-08-04,22,109.6136986,223.0
8859,2023-08-04,23,133.5025979,225.0
8860,2023-08-05,0,161.5944605,194.0
8861,2023-08-05,1,129.2760982,215.0
8862,2023-08-05,2,146.3008866,157.0
8863,2023-08-05,3,130.345672,192.0
8864,2023-08-05,4,73.78005283,173.0
8865,2023-08-05,5,80.36144912,126.0
8866,2023-08-05,6,112.3641678,91.0
8867,2023-08-05,7,63.97969184,40.0
8868,2023-08-05,8,182.6074068,23.0
8869,2023-08-05,9,64.73699279,27.0
8870,2023-08-05,10,137.2566898,49.0
8871,2023-08-05,11,161.5283138,83.0
8872,2023-08-05,12,202.1790561,69.0
8873,2023-08-05,13,125.1884835,101.0
8874,2023-08-05,14,145.0895206,185.0
8875,2023-08-05,15,144.1167424,160.0
8876,2023-08-05,16,159.0005379,179.0
8877,2023-08-05,17,155.6698881,223.0
8878,2023-08-05,18,163.1950836,268.0
8879,2023-08-05,19,136.5609758,236.0
8880,2023-08-05,20,137.8301705,229.0
8881,2023-08-05,21,189.3397888,258.0
8882,2023-08-05,22,157.0538132,232.0
8883,2023-08-05,23,123.7217053,278.0
8884,2023-08-06,0,129.5123155,177.0
8885,2023-08-06,1,154.9127451,166.0
8886,2023-08-06,2,143.4717013,225.0
8887,2023-08-06,3,137.5676802,216.0
8888,2023-08-06,4,95.83215984,180.0
8889,2023-08-06,5,83.52718697,169.0
8890,2023-08-06,6,58.9582048,65.0
8891,2023-08-06,7,70.12476866,44.0
8892,2023-08-06,8,104.4466814,37.0
8893,2023-08-06,9,167.4280442,9.0
8894,2023-08-06,10,181.9351315,37.0
8895,2023-08-06,11,112.3851525,74.0
8896,2023-08-06,12,191.4187813,122.0
8897,2023-08-06,13,229.7935551,101.0
8898,2023-08-06,14,161.9176056,176.0
8899,2023-08-06,15,159.9326968,124.0
8900,2023-08-06,16,115.2503947,158.0
8901,2023-08-06,17,127.8007637,199.0
8902,2023-08-06,18,144.4725103,203.0
8903,2023-08-06,19,167.1488404,177.0
8904,2023-08-06,20,158.1075503,167.0
8905,2023-08-06,21,160.3865322,187.0
8906,2023-08-06,22,141.56184,182.0
8907,2023-08-06,23,127.2563988,307.0
8908,2023-08-07,0,114.7268521,249.0
8909,2023-08-07,1,133.9200669,219.0
8910,2023-08-07,2,125.4811132,219.0
8911,2023-08-07,3,133.3729291,179.0
8912,2023-08-07,4,113.0798137,142.0
8913,2023-08-07,5,96.30789385,115.0
8914,2023-08-07,6,65.62027663,87.0
8915,2023-08-07,7,83.13959706,32.0
8916,2023-08-07,8,91.18430727,27.0
8917,2023-08-07,9,237.1027759,11.0
8918,2023-08-07,10,108.8321257,45.0
8919,2023-08-07,11,175.399592,93.0
8920,2023-08-07,12,149.3132454,261.0
8921,2023-08-07,13,131.2877431,281.0
8922,2023-08-07,14,116.7023252,260.0
8923,2023-08-07,15,119.1947066,344.0
8924,2023-08-07,16,121.7341711,291.0
8925,2023-08-07,17,150.0591064,211.0
8926,2023-08-07,18,152.7245668,345.0
8927,2023-08-07,19,176.779953,308.0
8928,2023-08-07,20,180.8602679,317.0
8929,2023-08-07,21,160.3256916,342.0
8930,2023-08-07,22,174.083502,356.0
8931,2023-08-07,23,163.5644466,309.0
8932,2023-08-08,0,140.6212564,316.0
8933,2023-08-08,1,144.3170752,233.0
8934,2023-08-08,2,127.90624,186.0
8935,2023-08-08,3,121.4684859,191.0
8936,2023-08-08,4,120.6938936,140.0
8937,2023-08-08,5,91.41403373,147.0
8938,2023-08-08,6,64.083662,141.0
8939,2023-08-08,7,75.423729,64.0
8940,2023-08-08,8,84.96140134,45.0
8941,2023-08-08,9,119.7729842,34.0
8942,2023-08-08,10,100.0161599,59.0
8943,2023-08-08,11,103.6264743,116.0
8944,2023-08-08,12,146.9883272,215.0
8945,2023-08-08,13,125.1514675,293.0
8946,2023-08-08,14,141.503386,260.0
8947,2023-08-08,15,136.1704845,261.0
8948,2023-08-08,16,141.203509,257.0
8949,2023-08-08,17,128.7659628,266.0
8950,2023-08-08,18,124.9543982,332.0
8951,2023-08-08,19,128.8035402,344.0
8952,2023-08-08,20,168.8579735,258.0
8953,2023-08-08,21,155.4578256,257.0
8954,2023-08-08,22,130.1129906,305.0
8955,2023-08-08,23,137.5259271,286.0
8956,2023-08-09,0,168.2077191,251.0
8957,2023-08-09,1,169.5732469,273.0
8958,2023-08-09,2,105.70871,335.0
8959,2023-08-09,3,110.0865048,246.0
8960,2023-08-09,4,115.486395,167.0
8961,2023-08-09,5,115.1641518,149.0
8962,2023-08-09,6,80.89445634,79.0
8963,2023-08-09,7,120.7477212,168.0
8964,2023-08-09,8,163.0494214,62.0
8965,2023-08-09,9,241.6958429,62.0
8966,2023-08-09,10,164.4042019,240.0
8967,2023-08-09,11,147.9239635,218.0
8968,2023-08-09,12,153.0515385,299.0
8969,2023-08-09,13,103.0572561,860.0
8970,2023-08-09,14,135.494042,522.0
8971,2023-08-09,15,148.9967302,437.0
8972,2023-08-09,16,102.0531273,1020.0
8973,2023-08-09,17,136.9492991,459.0
8974,2023-08-09,18,155.6911065,377.0
8975,2023-08-09,19,107.0797062,957.0
8976,2023-08-09,20,146.5349457,438.0
8977,2023-08-09,21,166.0438863,358.0
8978,2023-08-09,22,126.4309664,597.0
8979,2023-08-09,23,164.7799245,362.0
8980,2023-08-10,0,168.4595868,350.0
8981,2023-08-10,1,132.1000929,653.0
8982,2023-08-10,2,169.930634,287.0
8983,2023-08-10,3,223.0963247,244.0
8984,2023-08-10,4,115.0008846,429.0
8985,2023-08-10,5,205.0215743,185.0
8986,2023-08-10,6,212.7184714,154.0
8987,2023-08-10,7,139.806509,337.0
8988,2023-08-10,8,280.6185753,95.0
8989,2023-08-10,9,280.1514564,82.0
8990,2023-08-10,10,151.5670941,322.0
8991,2023-08-10,11,200.8255035,251.0
8992,2023-08-10,12,186.6860508,341.0
8993,2023-08-10,13,112.2621025,853.0
8994,2023-08-10,14,151.034444,481.0
8995,2023-08-10,15,146.4376931,400.0
8996,2023-08-10,16,104.7800355,878.0
8997,2023-08-10,17,150.0270443,380.0
8998,2023-08-10,18,152.3517339,432.0
8999,2023-08-10,19,105.4527951,927.0
9000,2023-08-10,20,144.5883331,547.0
9001,2023-08-10,21,165.1420446,376.0
9002,2023-08-10,22,119.5448338,622.0
9003,2023-08-10,23,176.2839169,367.0
9004,2023-08-11,0,169.9534219,365.0
9005,2023-08-11,1,145.9409334,691.0
9006,2023-08-11,2,192.835234,281.0
9007,2023-08-11,3,175.1060476,270.0
9008,2023-08-11,4,123.282258,405.0
9009,2023-08-11,5,167.2635742,264.0
9010,2023-08-11,6,261.9084836,118.0
9011,2023-08-11,7,134.2337469,360.0
9012,2023-08-11,8,288.5199806,83.0
9013,2023-08-11,9,298.2732194,88.0
9014,2023-08-11,10,155.2619488,335.0
9015,2023-08-11,11,192.6221111,212.0
9016,2023-08-11,12,169.9112791,304.0
9017,2023-08-11,13,110.9997182,951.0
9018,2023-08-11,14,142.1042366,492.0
9019,2023-08-11,15,133.4202562,526.0
9020,2023-08-11,16,107.1101119,927.0
9021,2023-08-11,17,168.6232558,347.0
9022,2023-08-11,18,154.3351258,402.0
9023,2023-08-11,19,118.1417994,949.0
9024,2023-08-11,20,173.0280587,362.0
9025,2023-08-11,21,168.1826414,370.0
9026,2023-08-11,22,132.4361082,503.0
9027,2023-08-11,23,197.7033716,261.0
9028,2023-08-12,0,163.3069506,413.0
9029,2023-08-12,1,128.169822,563.0
9030,2023-08-12,2,161.2651427,276.0
9031,2023-08-12,3,209.0064553,282.0
9032,2023-08-12,4,121.6044128,504.0
9033,2023-08-12,5,206.7755057,187.0
9034,2023-08-12,6,200.489288,179.0
9035,2023-08-12,7,127.2742789,330.0
9036,2023-08-12,8,271.9265078,92.0
9037,2023-08-12,9,307.008531,77.0
9038,2023-08-12,10,145.9289334,292.0
9039,2023-08-12,11,231.277013,140.0
9040,2023-08-12,12,211.7534082,221.0
9041,2023-08-12,13,140.5564567,515.0
9042,2023-08-12,14,206.2021498,254.0
9043,2023-08-12,15,216.1621625,330.0
9044,2023-08-12,16,147.4636781,584.0
9045,2023-08-12,17,208.8660191,292.0
9046,2023-08-12,18,237.2113345,246.0
9047,2023-08-12,19,154.208978,479.0
9048,2023-08-12,20,188.8081566,269.0
9049,2023-08-12,21,181.3235139,272.0
9050,2023-08-12,22,140.0967179,555.0
9051,2023-08-12,23,183.3613775,351.0
9052,2023-08-13,0,186.7508123,230.0
9053,2023-08-13,1,152.1232225,490.0
9054,2023-08-13,2,189.0647458,240.0
9055,2023-08-13,3,205.0565028,206.0
9056,2023-08-13,4,120.5274926,513.0
9057,2023-08-13,5,169.9798132,233.0
9058,2023-08-13,6,203.1568764,131.0
9059,2023-08-13,7,148.6508889,276.0
9060,2023-08-13,8,188.4022515,155.0
9061,2023-08-13,9,338.4102328,71.0
9062,2023-08-13,10,141.9948394,287.0
9063,2023-08-13,11,273.9913008,108.0
9064,2023-08-13,12,220.9089822,140.0
9065,2023-08-13,13,135.0813676,383.0
9066,2023-08-13,14,183.1589175,236.0
9067,2023-08-13,15,209.7299919,241.0
9068,2023-08-13,16,120.8422664,459.0
9069,2023-08-13,17,177.0214294,278.0
9070,2023-08-13,18,169.1786972,383.0
9071,2023-08-13,19,187.7947235,329.0
9072,2023-08-13,20,171.737933,348.0
9073,2023-08-13,21,153.6948074,310.0
9074,2023-08-13,22,128.0935484,529.0
9075,2023-08-13,23,198.58343,291.0
9076,2023-08-14,0,186.0248221,288.0
9077,2023-08-14,1,125.5077676,649.0
9078,2023-08-14,2,176.383885,341.0
9079,2023-08-14,3,182.8343874,273.0
9080,2023-08-14,4,116.781762,438.0
9081,2023-08-14,5,199.6757949,171.0
9082,2023-08-14,6,198.9861371,137.0
9083,2023-08-14,7,141.5196664,299.0
9084,2023-08-14,8,285.6001573,88.0
9085,2023-08-14,9,274.3013065,89.0
9086,2023-08-14,10,139.8378452,341.0
9087,2023-08-14,11,177.8518446,260.0
9088,2023-08-14,12,144.5453204,506.0
9089,2023-08-14,13,99.08815924,938.0
9090,2023-08-14,14,140.5126793,558.0
9091,2023-08-14,15,165.5198265,475.0
9092,2023-08-14,16,102.5122852,974.0
9093,2023-08-14,17,122.7537017,501.0
9094,2023-08-14,18,149.1425552,446.0
9095,2023-08-14,19,100.3370648,970.0
9096,2023-08-14,20,170.1239807,470.0
9097,2023-08-14,21,151.2560269,382.0
9098,2023-08-14,22,135.0054809,713.0
9099,2023-08-14,23,161.1656169,407.0
9100,2023-08-15,0,186.5058091,406.0
9101,2023-08-15,1,133.6901044,682.0
9102,2023-08-15,2,212.1280828,265.0
9103,2023-08-15,3,144.1359695,292.0
9104,2023-08-15,4,118.1004339,525.0
9105,2023-08-15,5,198.6218579,215.0
9106,2023-08-15,6,223.6595135,134.0
9107,2023-08-15,7,150.8117324,378.0
9108,2023-08-15,8,267.0410592,91.0
9109,2023-08-15,9,220.7787302,118.0
9110,2023-08-15,10,129.9896,397.0
9111,2023-08-15,11,177.3748439,217.0
9112,2023-08-15,12,157.3408189,398.0
9113,2023-08-15,13,105.8101392,1033.0
9114,2023-08-15,14,138.7904847,478.0
9115,2023-08-15,15,151.9457189,398.0
9116,2023-08-15,16,108.134451,943.0
9117,2023-08-15,17,143.1424959,442.0
9118,2023-08-15,18,169.5862239,439.0
9119,2023-08-15,19,107.7732513,955.0
9120,2023-08-15,20,177.1397488,499.0
9121,2023-08-15,21,157.4903671,422.0
9122,2023-08-15,22,134.1522956,758.0
9123,2023-08-15,23,159.4313086,437.0
9124,2023-08-16,0,198.5165418,406.0
9125,2023-08-16,1,121.9175555,734.0
9126,2023-08-16,2,157.7919683,331.0
9127,2023-08-16,3,184.998011,327.0
9128,2023-08-16,4,116.090194,532.0
9129,2023-08-16,5,162.2821182,202.0
9130,2023-08-16,6,230.5737319,119.0
9131,2023-08-16,7,135.9595661,387.0
9132,2023-08-16,8,278.0358485,106.0
9133,2023-08-16,9,271.3470198,113.0
9134,2023-08-16,10,129.7505347,408.0
9135,2023-08-16,11,169.5888635,246.0
9136,2023-08-16,12,152.8013344,445.0
9137,2023-08-16,13,106.4703284,1040.0
9138,2023-08-16,14,144.7554575,448.0
9139,2023-08-16,15,164.8195556,391.0
9140,2023-08-16,16,101.7764196,1026.0
9141,2023-08-16,17,179.9409637,517.0
9142,2023-08-16,18,169.4855138,482.0
9143,2023-08-16,19,112.0567241,1066.0
9144,2023-08-16,20,152.0727036,445.0
9145,2023-08-16,21,149.9948642,377.0
9146,2023-08-16,22,111.6392785,783.0
9147,2023-08-16,23,173.3351506,380.0
9148,2023-08-17,0,176.353485,337.0
9149,2023-08-17,1,121.9552244,653.0
9150,2023-08-17,2,163.6939442,325.0
9151,2023-08-17,3,197.4078906,251.0
9152,2023-08-17,4,111.7958617,521.0
9153,2023-08-17,5,168.117772,246.0
9154,2023-08-17,6,177.1323618,197.0
9155,2023-08-17,7,135.4715942,366.0
9156,2023-08-17,8,199.8174373,128.0
9157,2023-08-17,9,307.6491538,84.0
9158,2023-08-17,10,134.2324241,321.0
9159,2023-08-17,11,180.0991271,251.0
9160,2023-08-17,12,173.9469148,395.0
9161,2023-08-17,13,96.00666352,1032.0
9162,2023-08-17,14,128.8733215,503.0
9163,2023-08-17,15,145.1712189,426.0
9164,2023-08-17,16,104.7476055,1037.0
9165,2023-08-17,17,141.620175,540.0
9166,2023-08-17,18,153.5617736,504.0
9167,2023-08-17,19,113.1160369,895.0
9168,2023-08-17,20,146.2030929,429.0
9169,2023-08-17,21,180.188271,291.0
9170,2023-08-17,22,136.1826209,625.0
9171,2023-08-17,23,170.03675,325.0
9172,2023-08-18,0,157.082796,413.0
9173,2023-08-18,1,125.39969,727.0
9174,2023-08-18,2,190.4045949,264.0
9175,2023-08-18,3,185.560767,251.0
9176,2023-08-18,4,120.3914161,464.0
9177,2023-08-18,5,156.2022964,248.0
9178,2023-08-18,6,201.82718,142.0
9179,2023-08-18,7,127.9446389,366.0
9180,2023-08-18,8,269.0655066,85.0
9181,2023-08-18,9,221.9582639,130.0
9182,2023-08-18,10,125.5435909,406.0
9183,2023-08-18,11,228.4617572,195.0
9184,2023-08-18,12,191.2721737,388.0
9185,2023-08-18,13,114.53117,945.0
9186,2023-08-18,14,144.6871266,395.0
9187,2023-08-18,15,142.8777284,460.0
9188,2023-08-18,16,113.6017981,963.0
9189,2023-08-18,17,137.93956,466.0
9190,2023-08-18,18,150.1193954,402.0
9191,2023-08-18,19,115.0214823,809.0
9192,2023-08-18,20,178.6522886,371.0
9193,2023-08-18,21,172.396457,291.0
9194,2023-08-18,22,132.4162909,549.0
9195,2023-08-18,23,259.921499,261.0
9196,2023-08-19,0,192.6890815,317.0
9197,2023-08-19,1,148.9782605,619.0
9198,2023-08-19,2,153.3001996,386.0
9199,2023-08-19,3,197.8402216,224.0
9200,2023-08-19,4,134.0274014,515.0
9201,2023-08-19,5,260.3201195,124.0
9202,2023-08-19,6,176.5149134,143.0
9203,2023-08-19,7,149.5555629,313.0
9204,2023-08-19,8,457.4862205,46.0
9205,2023-08-19,9,256.6108757,96.0
9206,2023-08-19,10,141.6454439,340.0
9207,2023-08-19,11,250.8821876,122.0
9208,2023-08-19,12,235.8238078,154.0
9209,2023-08-19,13,170.6066171,512.0
9210,2023-08-19,14,218.8441555,210.0
9211,2023-08-19,15,218.6668236,247.0
9212,2023-08-19,16,135.6765611,542.0
9213,2023-08-19,17,195.2500732,243.0
9214,2023-08-19,18,196.4596829,285.0
9215,2023-08-19,19,143.4304725,616.0
9216,2023-08-19,20,217.4247315,245.0
9217,2023-08-19,21,191.3435683,269.0
9218,2023-08-19,22,138.0802134,554.0
9219,2023-08-19,23,193.9511853,313.0
9220,2023-08-20,0,154.4531344,312.0
9221,2023-08-20,1,135.4091836,624.0
9222,2023-08-20,2,201.8908683,206.0
9223,2023-08-20,3,218.1967039,186.0
9224,2023-08-20,4,119.6926258,509.0
9225,2023-08-20,5,222.9885449,156.0
9226,2023-08-20,6,210.5102991,130.0
9227,2023-08-20,7,149.8947259,285.0
9228,2023-08-20,8,347.0762948,68.0
9229,2023-08-20,9,331.0749199,79.0
9230,2023-08-20,10,143.8938965,317.0
9231,2023-08-20,11,287.5737367,87.0
9232,2023-08-20,12,233.8596938,116.0
9233,2023-08-20,13,139.5357011,389.0
9234,2023-08-20,14,169.8572952,238.0
9235,2023-08-20,15,198.0218213,382.0
9236,2023-08-20,16,138.3199514,500.0
9237,2023-08-20,17,172.6786855,302.0
9238,2023-08-20,18,204.7303606,330.0
9239,2023-08-20,19,132.6246361,512.0
9240,2023-08-20,20,212.1358407,250.0
9241,2023-08-20,21,173.9669625,238.0
9242,2023-08-20,22,130.3043799,545.0
9243,2023-08-20,23,151.9801025,330.0
9244,2023-08-21,0,189.1364419,309.0
9245,2023-08-21,1,140.9129189,580.0
9246,2023-08-21,2,164.0894375,234.0
9247,2023-08-21,3,177.2874015,237.0
9248,2023-08-21,4,124.8682785,394.0
9249,2023-08-21,5,180.7957828,179.0
9250,2023-08-21,6,188.9606005,126.0
9251,2023-08-21,7,138.123828,312.0
9252,2023-08-21,8,325.2050062,79.0
9253,2023-08-21,9,191.2095747,116.0
9254,2023-08-21,10,135.7982891,364.0
9255,2023-08-21,11,186.6422571,229.0
9256,2023-08-21,12,160.9410308,327.0
9257,2023-08-21,13,100.5784347,1070.0
9258,2023-08-21,14,139.2961622,503.0
9259,2023-08-21,15,151.0812998,462.0
9260,2023-08-21,16,101.6276275,999.0
9261,2023-08-21,17,145.8332635,423.0
9262,2023-08-21,18,130.546629,477.0
9263,2023-08-21,19,99.07483195,1078.0
9264,2023-08-21,20,164.0577702,337.0
9265,2023-08-21,21,191.1761441,345.0
9266,2023-08-21,22,129.4552662,690.0
9267,2023-08-21,23,191.9001924,288.0
9268,2023-08-22,0,204.9003835,220.0
9269,2023-08-22,1,147.6951596,663.0
9270,2023-08-22,2,205.4509256,304.0
9271,2023-08-22,3,201.9728765,245.0
9272,2023-08-22,4,152.6062643,251.0
9273,2023-08-22,5,208.04075,165.0
9274,2023-08-22,6,274.4706235,109.0
9275,2023-08-22,7,320.2271502,79.0
9276,2023-08-22,8,479.0173167,51.0
9277,2023-08-22,9,345.0335108,84.0
9278,2023-08-22,10,285.5668343,116.0
9279,2023-08-22,11,278.383048,122.0
9280,2023-08-22,12,229.2918055,256.0
9281,2023-08-22,13,186.6406541,313.0
9282,2023-08-22,14,250.446948,239.0
9283,2023-08-22,15,199.2100594,382.0
9284,2023-08-22,16,183.2677221,289.0
9285,2023-08-22,17,183.0901711,282.0
9286,2023-08-22,18,203.3497769,283.0
9287,2023-08-22,19,211.6526818,370.0
9288,2023-08-22,20,220.4490496,294.0
9289,2023-08-22,21,204.8302304,300.0
9290,2023-08-22,22,265.196223,230.0
9291,2023-08-22,23,185.7404575,306.0
9292,2023-08-23,0,180.8924131,284.0
9293,2023-08-23,1,191.5471199,323.0
9294,2023-08-23,2,186.7824761,260.0
9295,2023-08-23,3,279.9070066,174.0
9296,2023-08-23,4,244.7575046,135.0
9297,2023-08-23,5,218.4649858,170.0
9298,2023-08-23,6,249.0857302,99.0
9299,2023-08-23,7,477.4896297,48.0
9300,2023-08-23,8,544.3277661,40.0
9301,2023-08-23,9,390.5757382,63.0
9302,2023-08-23,10,383.8267477,68.0
9303,2023-08-23,11,251.3778877,153.0
9304,2023-08-23,12,228.6056221,199.0
9305,2023-08-23,13,154.3907345,328.0
9306,2023-08-23,14,195.6438576,296.0
9307,2023-08-23,15,218.6102045,305.0
9308,2023-08-23,16,175.3512293,282.0
9309,2023-08-23,17,242.8042956,289.0
9310,2023-08-23,18,199.7462519,350.0
9311,2023-08-23,19,198.9999356,295.0
9312,2023-08-23,20,257.5578531,233.0
9313,2023-08-23,21,205.0558047,258.0
9314,2023-08-23,22,214.3263395,209.0
9315,2023-08-23,23,220.6828256,305.0
9316,2023-08-24,0,208.659425,240.0
9317,2023-08-24,1,220.2879781,328.0
9318,2023-08-24,2,215.2350238,297.0
9319,2023-08-24,3,228.1647972,185.0
9320,2023-08-24,4,190.4047875,219.0
9321,2023-08-24,5,228.6692257,156.0
9322,2023-08-24,6,275.1889982,93.0
9323,2023-08-24,7,596.0921708,37.0
9324,2023-08-24,8,522.5775407,50.0
9325,2023-08-24,9,402.6069043,69.0
9326,2023-08-24,10,316.2879898,108.0
9327,2023-08-24,11,265.6432498,119.0
9328,2023-08-24,12,213.3337482,286.0
9329,2023-08-24,13,183.4100078,344.0
9330,2023-08-24,14,202.8358749,273.0
9331,2023-08-24,15,174.4118406,475.0
9332,2023-08-24,16,193.5059355,385.0
9333,2023-08-24,17,218.8819046,302.0
9334,2023-08-24,18,176.7845341,362.0
9335,2023-08-24,19,148.140328,347.0
9336,2023-08-24,20,198.5763941,298.0
9337,2023-08-24,21,220.1057654,308.0
9338,2023-08-24,22,175.816336,310.0
9339,2023-08-24,23,196.3022379,252.0
9340,2023-08-25,0,208.7176576,287.0
9341,2023-08-25,1,228.616557,268.0
9342,2023-08-25,2,196.2949484,342.0
9343,2023-08-25,3,193.804594,199.0
9344,2023-08-25,4,267.9540181,115.0
9345,2023-08-25,5,265.6906734,124.0
9346,2023-08-25,6,223.0717405,115.0
9347,2023-08-25,7,509.5525845,44.0
9348,2023-08-25,8,635.5325394,32.0
9349,2023-08-25,9,410.7887651,61.0
9350,2023-08-25,10,309.0897653,80.0
9351,2023-08-25,11,257.0344067,139.0
9352,2023-08-25,12,214.1591042,237.0
9353,2023-08-25,13,172.8821485,334.0
9354,2023-08-25,14,184.7443812,333.0
9355,2023-08-25,15,155.4982844,439.0
9356,2023-08-25,16,159.0776277,316.0
9357,2023-08-25,17,176.36519,328.0
9358,2023-08-25,18,197.971634,232.0
9359,2023-08-25,19,208.4836557,259.0
9360,2023-08-25,20,170.7780047,313.0
9361,2023-08-25,21,208.1327252,255.0
9362,2023-08-25,22,206.1910713,213.0
9363,2023-08-25,23,197.4654175,315.0
9364,2023-08-26,0,179.9694205,284.0
9365,2023-08-26,1,206.9275469,281.0
9366,2023-08-26,2,179.31525,280.0
9367,2023-08-26,3,202.4003004,234.0
9368,2023-08-26,4,167.7622904,223.0
9369,2023-08-26,5,315.3414164,86.0
9370,2023-08-26,6,183.7221859,149.0
9371,2023-08-26,7,509.1425383,47.0
9372,2023-08-26,8,527.6398771,46.0
9373,2023-08-26,9,527.8511684,42.0
9374,2023-08-26,10,366.909992,95.0
9375,2023-08-26,11,299.5605367,112.0
9376,2023-08-26,12,229.7575423,130.0
9377,2023-08-26,13,191.8306334,265.0
9378,2023-08-26,14,207.6197018,315.0
9379,2023-08-26,15,235.2316025,306.0
9380,2023-08-26,16,164.8098422,356.0
9381,2023-08-26,17,230.4653203,208.0
9382,2023-08-26,18,204.0183441,258.0
9383,2023-08-26,19,205.3117695,244.0
9384,2023-08-26,20,247.2963549,174.0
9385,2023-08-26,21,240.236476,202.0
9386,2023-08-26,22,211.3710513,255.0
9387,2023-08-26,23,242.1661336,242.0
9388,2023-08-27,0,215.6922697,256.0
9389,2023-08-27,1,202.6030502,265.0
9390,2023-08-27,2,237.3160543,250.0
9391,2023-08-27,3,229.0718261,210.0
9392,2023-08-27,4,177.6495235,189.0
9393,2023-08-27,5,195.1794351,210.0
9394,2023-08-27,6,236.6513379,101.0
9395,2023-08-27,7,412.4461502,65.0
9396,2023-08-27,8,403.8054337,61.0
9397,2023-08-27,9,569.1223773,40.0
9398,2023-08-27,10,423.1813934,61.0
9399,2023-08-27,11,311.3841926,90.0
9400,2023-08-27,12,267.6020658,127.0
9401,2023-08-27,13,259.2752651,148.0
9402,2023-08-27,14,236.8572225,181.0
9403,2023-08-27,15,205.7442961,245.0
9404,2023-08-27,16,239.3079488,208.0
9405,2023-08-27,17,240.0231397,196.0
9406,2023-08-27,18,235.910054,172.0
9407,2023-08-27,19,187.786279,224.0
9408,2023-08-27,20,225.7828748,220.0
9409,2023-08-27,21,268.68525,180.0
9410,2023-08-27,22,230.435979,207.0
9411,2023-08-27,23,190.6799323,301.0
9412,2023-08-28,0,167.7361904,256.0
9413,2023-08-28,1,220.4999955,289.0
9414,2023-08-28,2,213.716886,240.0
9415,2023-08-28,3,243.8455496,174.0
9416,2023-08-28,4,222.6779809,155.0
9417,2023-08-28,5,185.1172123,159.0
9418,2023-08-28,6,278.6182472,136.0
9419,2023-08-28,7,340.4973494,88.0
9420,2023-08-28,8,436.4396701,51.0
9421,2023-08-28,9,460.6938086,49.0
9422,2023-08-28,10,281.2325027,102.0
9423,2023-08-28,11,275.2881037,124.0
9424,2023-08-28,12,230.6626564,179.0
9425,2023-08-28,13,223.0152662,277.0
9426,2023-08-28,14,221.0403075,275.0
9427,2023-08-28,15,147.7547879,500.0
9428,2023-08-28,16,182.6076488,273.0
9429,2023-08-28,17,219.0989144,267.0
9430,2023-08-28,18,231.436406,230.0
9431,2023-08-28,19,174.7753741,271.0
9432,2023-08-28,20,176.022542,303.0
9433,2023-08-28,21,210.1148563,259.0
9434,2023-08-28,22,176.3434535,339.0
9435,2023-08-28,23,156.3835062,353.0
9436,2023-08-29,0,231.7051225,283.0
9437,2023-08-29,1,232.4804334,239.0
9438,2023-08-29,2,212.4539032,230.0
9439,2023-08-29,3,252.4420318,159.0
9440,2023-08-29,4,272.1930515,114.0
9441,2023-08-29,5,191.5280835,167.0
9442,2023-08-29,6,221.5511382,106.0
9443,2023-08-29,7,496.4758027,49.0
9444,2023-08-29,8,473.1974398,46.0
9445,2023-08-29,9,477.1266241,54.0
9446,2023-08-29,10,349.1672961,80.0
9447,2023-08-29,11,251.8369593,143.0
9448,2023-08-29,12,197.7270551,293.0
9449,2023-08-29,13,164.0954639,365.0
9450,2023-08-29,14,209.4443758,289.0
9451,2023-08-29,15,177.6149352,412.0
9452,2023-08-29,16,177.4770949,337.0
9453,2023-08-29,17,189.2600384,275.0
9454,2023-08-29,18,186.028851,352.0
9455,2023-08-29,19,201.0678731,380.0
9456,2023-08-29,20,209.6936474,326.0
9457,2023-08-29,21,189.0093941,269.0
9458,2023-08-29,22,200.1536737,229.0
9459,2023-08-29,23,187.7085126,262.0
9460,2023-08-30,0,201.1031944,291.0
9461,2023-08-30,1,199.5508475,387.0
9462,2023-08-30,2,201.1073601,257.0
9463,2023-08-30,3,222.620589,202.0
9464,2023-08-30,4,211.0020999,169.0
9465,2023-08-30,5,224.4779367,160.0
9466,2023-08-30,6,249.8122692,117.0
9467,2023-08-30,7,463.9460012,55.0
9468,2023-08-30,8,477.8655227,53.0
9469,2023-08-30,9,448.2485487,51.0
9470,2023-08-30,10,333.1612977,102.0
9471,2023-08-30,11,215.267176,162.0
9472,2023-08-30,12,192.0545318,285.0
9473,2023-08-30,13,182.7257945,334.0
9474,2023-08-30,14,163.6319877,340.0
9475,2023-08-30,15,156.4557703,392.0
9476,2023-08-30,16,160.8522703,331.0
9477,2023-08-30,17,188.9645375,258.0
9478,2023-08-30,18,183.2447413,315.0
9479,2023-08-30,19,196.3034822,339.0
9480,2023-08-30,20,208.8345203,309.0
9481,2023-08-30,21,203.2229431,260.0
9482,2023-08-30,22,201.4311078,257.0
9483,2023-08-30,23,176.3881543,284.0
9484,2023-08-31,0,201.816615,345.0
9485,2023-08-31,1,204.6690786,384.0
9486,2023-08-31,2,234.089674,224.0
9487,2023-08-31,3,245.2131367,215.0
9488,2023-08-31,4,177.9012641,187.0
9489,2023-08-31,5,248.5649656,129.0
9490,2023-08-31,6,261.2380867,83.0
9491,2023-08-31,7,395.3210807,37.0
9492,2023-08-31,8,343.1318268,63.0
9493,2023-08-31,9,409.9560324,52.0
9494,2023-08-31,10,263.1044878,112.0
9495,2023-08-31,11,255.4610544,149.0
9496,2023-08-31,12,190.076999,265.0
9497,2023-08-31,13,190.6812172,333.0
9498,2023-08-31,14,202.3745,347.0
9499,2023-08-31,15,174.7882963,397.0
9500,2023-08-31,16,214.3951009,250.0
9501,2023-08-31,17,204.9184354,226.0
9502,2023-08-31,18,175.2456583,375.0
9503,2023-08-31,19,189.5079078,289.0
9504,2023-08-31,20,236.093247,303.0
9505,2023-08-31,21,190.0051175,219.0
9506,2023-08-31,22,177.9101542,324.0
9507,2023-08-31,23,237.7656766,259.0
9508,2023-09-01,0,216.6159783,249.0
9509,2023-09-01,1,175.1688814,373.0
9510,2023-09-01,2,200.0717006,272.0
9511,2023-09-01,3,173.2961734,276.0
9512,2023-09-01,4,226.9229175,133.0
9513,2023-09-01,5,179.1030073,198.0
9514,2023-09-01,6,196.2029908,129.0
9515,2023-09-01,7,504.6094015,43.0
9516,2023-09-01,8,496.1860519,44.0
9517,2023-09-01,9,356.150281,65.0
9518,2023-09-01,10,380.7849401,72.0
9519,2023-09-01,11,216.7886813,228.0
9520,2023-09-01,12,206.9242052,263.0
9521,2023-09-01,13,221.3301986,295.0
9522,2023-09-01,14,156.6484743,460.0
9523,2023-09-01,15,177.720434,413.0
9524,2023-09-01,16,215.374631,341.0
9525,2023-09-01,17,198.5178833,355.0
9526,2023-09-01,18,190.5828508,332.0
9527,2023-09-01,19,193.7826805,371.0
9528,2023-09-01,20,165.953297,350.0
9529,2023-09-01,21,197.6853702,282.0
9530,2023-09-01,22,246.2872639,199.0
9531,2023-09-01,23,184.8457648,305.0
9532,2023-09-02,0,232.5370529,248.0
9533,2023-09-02,1,205.8253365,272.0
9534,2023-09-02,2,204.1239832,248.0
9535,2023-09-02,3,210.2398191,213.0
9536,2023-09-02,4,198.5123306,193.0
9537,2023-09-02,5,218.9436718,158.0
9538,2023-09-02,6,186.0026317,152.0
9539,2023-09-02,7,389.3071308,68.0
9540,2023-09-02,8,464.2605055,47.0
9541,2023-09-02,9,433.8687714,51.0
9542,2023-09-02,10,350.3168538,92.0
9543,2023-09-02,11,266.6514345,118.0
9544,2023-09-02,12,239.1816429,150.0
9545,2023-09-02,13,262.679927,164.0
9546,2023-09-02,14,231.087716,235.0
9547,2023-09-02,15,210.2179467,264.0
9548,2023-09-02,16,194.2120272,215.0
9549,2023-09-02,17,170.9316023,231.0
9550,2023-09-02,18,239.5555167,244.0
9551,2023-09-02,19,216.8447706,268.0
9552,2023-09-02,20,231.4512062,172.0
9553,2023-09-02,21,203.4315056,250.0
9554,2023-09-02,22,240.2747619,196.0
9555,2023-09-02,23,199.4831224,252.0
9556,2023-09-03,0,193.7599834,204.0
9557,2023-09-03,1,188.7612336,271.0
9558,2023-09-03,2,193.3770853,198.0
9559,2023-09-03,3,224.9348384,179.0
9560,2023-09-03,4,215.134761,237.0
9561,2023-09-03,5,229.0273233,136.0
9562,2023-09-03,6,218.9295881,110.0
9563,2023-09-03,7,255.2559559,105.0
9564,2023-09-03,8,416.918876,56.0
9565,2023-09-03,9,409.3384203,56.0
9566,2023-09-03,10,414.6521166,64.0
9567,2023-09-03,11,315.0844436,81.0
9568,2023-09-03,12,213.7953386,147.0
9569,2023-09-03,13,236.4881616,183.0
9570,2023-09-03,14,229.0733824,174.0
9571,2023-09-03,15,158.3064155,237.0
9572,2023-09-03,16,220.9459788,188.0
9573,2023-09-03,17,232.9438693,219.0
9574,2023-09-03,18,219.2258235,216.0
9575,2023-09-03,19,219.5424241,229.0
9576,2023-09-03,20,186.6903026,245.0
9577,2023-09-03,21,230.0660648,204.0
9578,2023-09-03,22,215.9634289,235.0
9579,2023-09-03,23,196.5551258,302.0
9580,2023-09-04,0,249.7452282,196.0
9581,2023-09-04,1,193.1413971,302.0
9582,2023-09-04,2,257.5752708,188.0
9583,2023-09-04,3,210.2117572,199.0
9584,2023-09-04,4,243.1166327,198.0
9585,2023-09-04,5,212.2633799,161.0
9586,2023-09-04,6,242.0007898,155.0
9587,2023-09-04,7,376.3441379,66.0
9588,2023-09-04,8,465.8756695,49.0
9589,2023-09-04,9,401.146248,55.0
9590,2023-09-04,10,334.3582882,65.0
9591,2023-09-04,11,340.520143,97.0
9592,2023-09-04,12,254.451488,129.0
9593,2023-09-04,13,226.653299,184.0
9594,2023-09-04,14,239.9189536,205.0
9595,2023-09-04,15,187.329136,332.0
9596,2023-09-04,16,189.2269325,245.0
9597,2023-09-04,17,227.2074947,218.0
9598,2023-09-04,18,229.53653,267.0
9599,2023-09-04,19,190.2406341,251.0
9600,2023-09-04,20,188.9019594,366.0
9601,2023-09-04,21,179.9819605,277.0
9602,2023-09-04,22,169.2498332,285.0
9603,2023-09-04,23,232.6884537,313.0
9604,2023-09-05,0,198.1041516,222.0
9605,2023-09-05,1,212.5114247,288.0
9606,2023-09-05,2,175.2468245,240.0
9607,2023-09-05,3,221.8041887,179.0
9608,2023-09-05,4,206.1890162,168.0
9609,2023-09-05,5,165.5071639,209.0
9610,2023-09-05,6,166.3075915,130.0
9611,2023-09-05,7,342.859375,69.0
9612,2023-09-05,8,416.9998855,50.0
9613,2023-09-05,9,448.8513909,49.0
9614,2023-09-05,10,361.2152499,86.0
9615,2023-09-05,11,224.3383206,171.0
9616,2023-09-05,12,192.8420035,244.0
9617,2023-09-05,13,213.5916272,268.0
9618,2023-09-05,14,176.1345771,303.0
9619,2023-09-05,15,169.31098,457.0
9620,2023-09-05,16,173.1328241,338.0
9621,2023-09-05,17,190.4258479,310.0
9622,2023-09-05,18,197.0441983,337.0
9623,2023-09-05,19,222.3833896,293.0
9624,2023-09-05,20,160.9336385,368.0
9625,2023-09-05,21,158.5902277,403.0
9626,2023-09-05,22,182.7111857,299.0
9627,2023-09-05,23,182.1830252,308.0
9628,2023-09-06,0,202.1662141,287.0
9629,2023-09-06,1,191.3871699,365.0
9630,2023-09-06,2,201.2688189,190.0
9631,2023-09-06,3,236.7669728,174.0
9632,2023-09-06,4,160.0514986,184.0
9633,2023-09-06,5,206.1748797,111.0
9634,2023-09-06,6,154.0670555,77.0
9635,2023-09-06,7,83.23291449,34.0
9636,2023-09-06,8,179.3523332,37.0
9637,2023-09-06,9,172.7553128,30.0
9638,2023-09-06,10,170.2340722,66.0
9639,2023-09-06,11,153.0404392,110.0
9640,2023-09-06,12,169.8985741,275.0
9641,2023-09-06,13,140.9084534,298.0
9642,2023-09-06,14,152.4917655,254.0
9643,2023-09-06,15,137.0707858,231.0
9644,2023-09-06,16,127.4127009,277.0
9645,2023-09-06,17,154.7049498,234.0
9646,2023-09-06,18,141.4626144,289.0
9647,2023-09-06,19,169.0913507,251.0
9648,2023-09-06,20,152.4699108,351.0
9649,2023-09-06,21,138.2197832,216.0
9650,2023-09-06,22,120.2168596,243.0
9651,2023-09-06,23,159.221245,304.0
9652,2023-09-07,0,168.7582947,297.0
9653,2023-09-07,1,159.9210402,269.0
9654,2023-09-07,2,149.5119806,203.0
9655,2023-09-07,3,134.5151817,207.0
9656,2023-09-07,4,107.2085717,81.0
9657,2023-09-07,5,68.88442331,111.0
9658,2023-09-07,6,58.35065488,100.0
9659,2023-09-07,7,111.8477208,51.0
9660,2023-09-07,8,103.2608141,53.0
9661,2023-09-07,9,80.3208377,58.0
9662,2023-09-07,10,125.9260548,68.0
9663,2023-09-07,11,169.173145,128.0
9664,2023-09-07,12,148.8939453,279.0
9665,2023-09-07,13,145.676419,272.0
9666,2023-09-07,14,153.523287,259.0
9667,2023-09-07,15,123.7910353,334.0
9668,2023-09-07,16,170.3629481,219.0
9669,2023-09-07,17,130.9308957,324.0
9670,2023-09-07,18,127.5442386,333.0
9671,2023-09-07,19,142.6271578,370.0
9672,2023-09-07,20,130.9721198,321.0
9673,2023-09-07,21,143.9670458,307.0
9674,2023-09-07,22,150.4002834,285.0
9675,2023-09-07,23,163.9518074,262.0
9676,2023-09-08,0,125.0417953,269.0
9677,2023-09-08,1,127.6743468,346.0
9678,2023-09-08,2,207.6905327,279.0
9679,2023-09-08,3,185.2929962,195.0
9680,2023-09-08,4,87.11266309,153.0
9681,2023-09-08,5,90.20065689,94.0
9682,2023-09-08,6,51.4346031,92.0
9683,2023-09-08,7,63.00614402,53.0
9684,2023-09-08,8,95.23196481,53.0
9685,2023-09-08,9,111.2411603,62.0
9686,2023-09-08,10,99.42080298,76.0
9687,2023-09-08,11,107.5236915,111.0
9688,2023-09-08,12,153.7013638,201.0
9689,2023-09-08,13,130.7325494,283.0
9690,2023-09-08,14,140.5355147,312.0
9691,2023-09-08,15,145.6566539,337.0
9692,2023-09-08,16,150.6710632,283.0
9693,2023-09-08,17,191.1576054,239.0
9694,2023-09-08,18,132.349689,269.0
9695,2023-09-08,19,138.8836541,374.0
9696,2023-09-08,20,149.2611537,349.0
9697,2023-09-08,21,139.8296522,263.0
9698,2023-09-08,22,135.3436554,262.0
9699,2023-09-08,23,150.6129246,267.0
9700,2023-09-09,0,144.4985545,229.0
9701,2023-09-09,1,171.7193059,316.0
9702,2023-09-09,2,153.4451023,241.0
9703,2023-09-09,3,115.7925665,209.0
9704,2023-09-09,4,116.1917173,180.0
9705,2023-09-09,5,103.9127395,120.0
9706,2023-09-09,6,111.4513527,58.0
9707,2023-09-09,7,103.3042652,44.0
9708,2023-09-09,8,98.59609751,47.0
9709,2023-09-09,9,99.0937942,50.0
9710,2023-09-09,10,77.11927054,81.0
9711,2023-09-09,11,133.2592793,135.0
9712,2023-09-09,12,159.4733558,171.0
9713,2023-09-09,13,139.2003952,240.0
9714,2023-09-09,14,182.7354957,197.0
9715,2023-09-09,15,130.0020884,223.0
9716,2023-09-09,16,131.5797429,283.0
9717,2023-09-09,17,142.552955,260.0
9718,2023-09-09,18,136.5828926,246.0
9719,2023-09-09,19,148.4799086,237.0
9720,2023-09-09,20,143.2716986,346.0
9721,2023-09-09,21,114.0512397,303.0
9722,2023-09-09,22,135.1241263,270.0
9723,2023-09-09,23,122.5484541,268.0
9724,2023-09-10,0,157.202405,219.0
9725,2023-09-10,1,179.5883887,285.0
9726,2023-09-10,2,108.2697684,184.0
9727,2023-09-10,3,88.99054459,129.0
9728,2023-09-10,4,87.88548381,146.0
9729,2023-09-10,5,59.22089306,139.0
9730,2023-09-10,6,80.60199962,109.0
9731,2023-09-10,7,73.2816421,50.0
9732,2023-09-10,8,110.4404199,45.0
9733,2023-09-10,9,72.24056861,45.0
9734,2023-09-10,10,131.9196716,49.0
9735,2023-09-10,11,145.7275785,102.0
9736,2023-09-10,12,150.0062438,116.0
9737,2023-09-10,13,147.2557822,142.0
9738,2023-09-10,14,159.7025783,246.0
9739,2023-09-10,15,128.6712875,228.0
9740,2023-09-10,16,180.2878499,274.0
9741,2023-09-10,17,139.1246372,256.0
9742,2023-09-10,18,118.2555404,234.0
9743,2023-09-10,19,157.2002999,254.0
9744,2023-09-10,20,159.8578384,245.0
9745,2023-09-10,21,147.9065689,187.0
9746,2023-09-10,22,144.9210927,226.0
9747,2023-09-10,23,132.4388679,339.0
9748,2023-09-11,0,142.9994854,265.0
9749,2023-09-11,1,149.2369512,250.0
9750,2023-09-11,2,163.1557168,211.0
9751,2023-09-11,3,152.0834172,144.0
9752,2023-09-11,4,125.2270239,132.0
9753,2023-09-11,5,131.8883291,112.0
9754,2023-09-11,6,56.47409904,93.0
9755,2023-09-11,7,78.40813626,41.0
9756,2023-09-11,8,132.9306125,46.0
9757,2023-09-11,9,90.90083448,37.0
9758,2023-09-11,10,121.122451,84.0
9759,2023-09-11,11,179.7575325,154.0
9760,2023-09-11,12,139.9593383,263.0
9761,2023-09-11,13,136.63771,321.0
9762,2023-09-11,14,134.5790868,353.0
9763,2023-09-11,15,132.3266049,338.0
9764,2023-09-11,16,148.4538309,238.0
9765,2023-09-11,17,173.8468863,331.0
9766,2023-09-11,18,181.0499265,343.0
9767,2023-09-11,19,155.0830517,620.0
9768,2023-09-11,20,153.2077537,346.0
9769,2023-09-11,21,118.5032016,352.0
9770,2023-09-11,22,134.1772045,402.0
9771,2023-09-11,23,149.3337672,289.0
9772,2023-09-12,0,133.527539,421.0
9773,2023-09-12,1,172.4184194,386.0
9774,2023-09-12,2,162.5306023,274.0
9775,2023-09-12,3,142.7348427,193.0
9776,2023-09-12,4,125.7508334,133.0
9777,2023-09-12,5,72.7827595,131.0
9778,2023-09-12,6,55.09276501,83.0
9779,2023-09-12,7,91.71035192,46.0
9780,2023-09-12,8,80.40392811,54.0
9781,2023-09-12,9,86.85307517,52.0
9782,2023-09-12,10,142.0794679,70.0
9783,2023-09-12,11,155.3042959,153.0
9784,2023-09-12,12,144.8520874,183.0
9785,2023-09-12,13,102.3940419,384.0
9786,2023-09-12,14,149.8969444,280.0
9787,2023-09-12,15,173.9573247,222.0
9788,2023-09-12,16,150.2651259,317.0
9789,2023-09-12,17,97.79156924,312.0
9790,2023-09-12,18,110.5546124,325.0
9791,2023-09-12,19,123.9031743,307.0
9792,2023-09-12,20,112.967649,490.0
9793,2023-09-12,21,130.7830546,327.0
9794,2023-09-12,22,108.9686943,291.0
9795,2023-09-12,23,118.6037356,324.0
9796,2023-09-13,0,104.3061408,271.0
9797,2023-09-13,1,129.8266985,235.0
9798,2023-09-13,2,115.810937,255.0
9799,2023-09-13,3,185.4630849,144.0
9800,2023-09-13,4,109.2201028,145.0
9801,2023-09-13,5,66.33776897,162.0
9802,2023-09-13,6,67.97295453,88.0
9803,2023-09-13,7,147.0385427,76.0
9804,2023-09-13,8,104.6189534,50.0
9805,2023-09-13,9,113.1527515,48.0
9806,2023-09-13,10,151.1428884,95.0
9807,2023-09-13,11,134.8114332,156.0
9808,2023-09-13,12,157.7186203,242.0
9809,2023-09-13,13,142.3948604,317.0
9810,2023-09-13,14,130.2838809,322.0
9811,2023-09-13,15,149.9966436,325.0
9812,2023-09-13,16,131.1645919,384.0
9813,2023-09-13,17,130.5841096,297.0
9814,2023-09-13,18,132.3021006,266.0
9815,2023-09-13,19,139.8104283,297.0
9816,2023-09-13,20,119.2774711,314.0
9817,2023-09-13,21,148.022742,288.0
9818,2023-09-13,22,124.9724126,276.0
9819,2023-09-13,23,153.281721,324.0
9820,2023-09-14,0,120.1522888,260.0
9821,2023-09-14,1,137.3564096,290.0
9822,2023-09-14,2,163.1132421,257.0
9823,2023-09-14,3,130.8177456,140.0
9824,2023-09-14,4,138.1838107,92.0
9825,2023-09-14,5,67.03154388,183.0
9826,2023-09-14,6,76.49490502,122.0
9827,2023-09-14,7,115.3942293,54.0
9828,2023-09-14,8,130.2534649,53.0
9829,2023-09-14,9,99.47963533,41.0
9830,2023-09-14,10,121.5016364,65.0
9831,2023-09-14,11,178.3926944,152.0
9832,2023-09-14,12,166.7373818,274.0
9833,2023-09-14,13,116.2496617,317.0
9834,2023-09-14,14,136.4041382,358.0
9835,2023-09-14,15,144.5995981,246.0
9836,2023-09-14,16,118.9686394,286.0
9837,2023-09-14,17,125.0171046,290.0
9838,2023-09-14,18,127.324415,284.0
9839,2023-09-14,19,119.6085086,254.0
9840,2023-09-14,20,169.2888026,333.0
9841,2023-09-14,21,188.0251878,221.0
9842,2023-09-14,22,152.5314498,271.0
9843,2023-09-14,23,145.4735149,345.0
9844,2023-09-15,0,129.9570084,339.0
9845,2023-09-15,1,127.9478329,323.0
9846,2023-09-15,2,122.2874751,212.0
9847,2023-09-15,3,117.7609993,150.0
9848,2023-09-15,4,119.9317377,94.0
9849,2023-09-15,5,76.17016297,154.0
9850,2023-09-15,6,61.52623081,117.0
9851,2023-09-15,7,118.1753073,43.0
9852,2023-09-15,8,105.6091371,36.0
9853,2023-09-15,9,120.2815906,46.0
9854,2023-09-15,10,122.1851084,76.0
9855,2023-09-15,11,136.7976728,176.0
9856,2023-09-15,12,138.9285216,213.0
9857,2023-09-15,13,125.5698421,325.0
9858,2023-09-15,14,156.4003733,320.0
9859,2023-09-15,15,132.5942447,354.0
9860,2023-09-15,16,131.1458915,291.0
9861,2023-09-15,17,166.7199938,298.0
9862,2023-09-15,18,135.5676659,306.0
9863,2023-09-15,19,134.7942507,320.0
9864,2023-09-15,20,160.3992706,244.0
9865,2023-09-15,21,144.2785273,283.0
9866,2023-09-15,22,132.1721269,245.0
9867,2023-09-15,23,131.9764414,266.0
9868,2023-09-16,0,162.7454865,261.0
9869,2023-09-16,1,136.9905705,383.0
9870,2023-09-16,2,135.4255854,238.0
9871,2023-09-16,3,127.84881,211.0
9872,2023-09-16,4,158.1960891,158.0
9873,2023-09-16,5,118.3122971,148.0
9874,2023-09-16,6,56.20024164,163.0
9875,2023-09-16,7,146.7188816,41.0
9876,2023-09-16,8,95.10720519,52.0
9877,2023-09-16,9,104.4091381,54.0
9878,2023-09-16,10,105.88914,68.0
9879,2023-09-16,11,154.0480579,82.0
9880,2023-09-16,12,128.9390807,134.0
9881,2023-09-16,13,141.3570713,233.0
9882,2023-09-16,14,190.3575413,238.0
9883,2023-09-16,15,149.1366042,206.0
9884,2023-09-16,16,137.7071698,217.0
9885,2023-09-16,17,154.5406147,216.0
9886,2023-09-16,18,228.6416916,239.0
9887,2023-09-16,19,158.5307507,302.0
9888,2023-09-16,20,130.1785129,225.0
9889,2023-09-16,21,151.2045435,197.0
9890,2023-09-16,22,142.8918999,221.0
9891,2023-09-16,23,136.2746036,266.0
9892,2023-09-17,0,136.3843733,224.0
9893,2023-09-17,1,119.7266321,283.0
9894,2023-09-17,2,120.9548608,235.0
9895,2023-09-17,3,134.2424707,176.0
9896,2023-09-17,4,108.9830062,140.0
9897,2023-09-17,5,125.9081409,102.0
9898,2023-09-17,6,100.2759387,89.0
9899,2023-09-17,7,61.48995235,79.0
9900,2023-09-17,8,121.9668703,41.0
9901,2023-09-17,9,96.69414764,47.0
9902,2023-09-17,10,125.0574657,61.0
9903,2023-09-17,11,125.9512948,108.0
9904,2023-09-17,12,126.7349596,173.0
9905,2023-09-17,13,143.6774265,166.0
9906,2023-09-17,14,147.5208488,257.0
9907,2023-09-17,15,137.4266185,287.0
9908,2023-09-17,16,134.3336015,270.0
9909,2023-09-17,17,181.9325154,219.0
9910,2023-09-17,18,141.5975822,238.0
9911,2023-09-17,19,130.9914609,289.0
9912,2023-09-17,20,138.5816097,265.0
9913,2023-09-17,21,141.5311901,185.0
9914,2023-09-17,22,142.2426113,201.0
9915,2023-09-17,23,210.5566242,260.0
9916,2023-09-18,0,155.0688703,304.0
9917,2023-09-18,1,141.2314172,262.0
9918,2023-09-18,2,142.9160196,243.0
9919,2023-09-18,3,111.5386725,156.0
9920,2023-09-18,4,135.206155,119.0
9921,2023-09-18,5,80.44001942,107.0
9922,2023-09-18,6,66.76730353,122.0
9923,2023-09-18,7,126.4463051,52.0
9924,2023-09-18,8,100.9111957,56.0
9925,2023-09-18,9,89.69668105,52.0
9926,2023-09-18,10,140.8460053,90.0
9927,2023-09-18,11,137.3616133,137.0
9928,2023-09-18,12,143.368566,218.0
9929,2023-09-18,13,131.8456,311.0
9930,2023-09-18,14,119.3290283,325.0
9931,2023-09-18,15,127.8903631,332.0
9932,2023-09-18,16,125.398248,333.0
9933,2023-09-18,17,135.2844688,296.0
9934,2023-09-18,18,136.4651123,276.0
9935,2023-09-18,19,146.1815364,318.0
9936,2023-09-18,20,127.2964856,316.0
9937,2023-09-18,21,150.8469829,265.0
9938,2023-09-18,22,116.0651692,211.0
9939,2023-09-18,23,132.6894489,205.0
9940,2023-09-19,0,142.1926776,258.0
9941,2023-09-19,1,156.5173688,354.0
9942,2023-09-19,2,155.0587944,231.0
9943,2023-09-19,3,121.477644,118.0
9944,2023-09-19,4,159.1211081,99.0
9945,2023-09-19,5,136.1345896,114.0
9946,2023-09-19,6,71.75302646,118.0
9947,2023-09-19,7,86.3977651,36.0
9948,2023-09-19,8,58.31286492,44.0
9949,2023-09-19,9,172.8522909,67.0
9950,2023-09-19,10,131.1695399,73.0
9951,2023-09-19,11,131.0574994,150.0
9952,2023-09-19,12,125.4270662,222.0
9953,2023-09-19,13,119.984858,302.0
9954,2023-09-19,14,120.9587524,347.0
9955,2023-09-19,15,180.545823,287.0
9956,2023-09-19,16,121.646218,285.0
9957,2023-09-19,17,143.5381715,260.0
9958,2023-09-19,18,142.3976804,206.0
9959,2023-09-19,19,163.2039452,244.0
9960,2023-09-19,20,151.6628204,288.0
9961,2023-09-19,21,167.510082,316.0
9962,2023-09-19,22,118.7969719,262.0
9963,2023-09-19,23,140.8533202,231.0
9964,2023-09-20,0,146.1077495,315.0
9965,2023-09-20,1,185.8162824,275.0
9966,2023-09-20,2,159.484973,226.0
9967,2023-09-20,3,124.882015,232.0
9968,2023-09-20,4,94.32082307,95.0
9969,2023-09-20,5,79.96023979,99.0
9970,2023-09-20,6,65.24162592,131.0
9971,2023-09-20,7,95.49869264,49.0
9972,2023-09-20,8,146.5782984,47.0
9973,2023-09-20,9,108.2909873,67.0
9974,2023-09-20,10,102.0710565,88.0
9975,2023-09-20,11,166.0663357,159.0
9976,2023-09-20,12,170.0922124,280.0
9977,2023-09-20,13,162.461656,278.0
9978,2023-09-20,14,125.3551356,395.0
9979,2023-09-20,15,147.2726032,286.0
9980,2023-09-20,16,149.9961687,326.0
9981,2023-09-20,17,160.2495684,313.0
9982,2023-09-20,18,101.6412189,315.0
9983,2023-09-20,19,129.9068464,258.0
9984,2023-09-20,20,118.35324,276.0
9985,2023-09-20,21,174.7116579,203.0
9986,2023-09-20,22,143.2668712,216.0
9987,2023-09-20,23,138.0383829,262.0
9988,2023-09-21,0,156.1742896,260.0
9989,2023-09-21,1,157.2742439,311.0
9990,2023-09-21,2,125.2669392,186.0
9991,2023-09-21,3,125.6805341,149.0
9992,2023-09-21,4,121.0235353,113.0
9993,2023-09-21,5,155.0123141,136.0
9994,2023-09-21,6,92.74887539,145.0
9995,2023-09-21,7,73.06726229,45.0
9996,2023-09-21,8,155.1018582,59.0
9997,2023-09-21,9,106.6103709,58.0
9998,2023-09-21,10,145.2775337,73.0
9999,2023-09-21,11,147.6407108,126.0
10000,2023-09-21,12,151.779835,237.0
10001,2023-09-21,13,145.6997017,349.0
10002,2023-09-21,14,161.2950749,278.0
10003,2023-09-21,15,146.9072326,338.0
10004,2023-09-21,16,163.9720098,295.0
10005,2023-09-21,17,170.2719187,254.0
10006,2023-09-21,18,153.8234579,344.0
10007,2023-09-21,19,167.493266,292.0
10008,2023-09-21,20,161.7569199,289.0
10009,2023-09-21,21,136.0487661,260.0
10010,2023-09-21,22,174.6645259,191.0
10011,2023-09-21,23,163.6678095,293.0
10012,2023-09-22,0,138.2832279,306.0
10013,2023-09-22,1,118.137044,299.0
10014,2023-09-22,2,160.1079691,213.0
10015,2023-09-22,3,130.3119648,117.0
10016,2023-09-22,4,88.05290361,134.0
10017,2023-09-22,5,90.63840214,46.0
10018,2023-09-22,6,52.0891642,140.0
10019,2023-09-22,7,93.4901343,85.0
10020,2023-09-22,8,108.4100358,46.0
10021,2023-09-22,9,143.9399119,54.0
10022,2023-09-22,10,115.401173,83.0
10023,2023-09-22,11,146.0686017,128.0
10024,2023-09-22,12,107.4030894,250.0
10025,2023-09-22,13,123.9893303,367.0
10026,2023-09-22,14,125.4426657,367.0
10027,2023-09-22,15,151.9560305,287.0
10028,2023-09-22,16,132.7379745,293.0
10029,2023-09-22,17,144.5429087,213.0
10030,2023-09-22,18,148.8114076,331.0
10031,2023-09-22,19,151.1905384,285.0
10032,2023-09-22,20,137.3964668,223.0
10033,2023-09-22,21,134.0877196,254.0
10034,2023-09-22,22,147.5942671,194.0
10035,2023-09-22,23,139.7806402,278.0
10036,2023-09-23,0,136.2670408,241.0
10037,2023-09-23,1,166.5131222,276.0
10038,2023-09-23,2,154.9267611,235.0
10039,2023-09-23,3,126.4728699,239.0
10040,2023-09-23,4,121.072885,183.0
10041,2023-09-23,5,164.0754725,80.0
10042,2023-09-23,6,47.30698997,167.0
10043,2023-09-23,7,87.54991901,78.0
10044,2023-09-23,8,87.69914277,78.0
10045,2023-09-23,9,125.5961805,72.0
10046,2023-09-23,10,138.310759,57.0
10047,2023-09-23,11,136.1329754,79.0
10048,2023-09-23,12,169.5559113,141.0
10049,2023-09-23,13,118.5912744,139.0
10050,2023-09-23,14,146.5109929,180.0
10051,2023-09-23,15,142.7560658,318.0
10052,2023-09-23,16,171.4427976,249.0
10053,2023-09-23,17,132.5654964,254.0
10054,2023-09-23,18,113.6923069,258.0
10055,2023-09-23,19,103.9281177,237.0
10056,2023-09-23,20,148.6548833,343.0
10057,2023-09-23,21,223.3487083,181.0
10058,2023-09-23,22,115.5227042,217.0
10059,2023-09-23,23,127.7496427,216.0
10060,2023-09-24,0,114.0646173,241.0
10061,2023-09-24,1,158.1862055,281.0
10062,2023-09-24,2,134.820631,212.0
10063,2023-09-24,3,99.7627831,181.0
10064,2023-09-24,4,165.6612711,147.0
10065,2023-09-24,5,77.35920739,120.0
10066,2023-09-24,6,64.03885905,101.0
10067,2023-09-24,7,55.01330671,113.0
10068,2023-09-24,8,142.567131,49.0
10069,2023-09-24,9,75.91197703,42.0
10070,2023-09-24,10,83.99112362,62.0
10071,2023-09-24,11,171.7958582,68.0
10072,2023-09-24,12,137.5241484,139.0
10073,2023-09-24,13,165.3500295,149.0
10074,2023-09-24,14,127.0093231,212.0
10075,2023-09-24,15,151.8754119,269.0
10076,2023-09-24,16,152.1872263,159.0
10077,2023-09-24,17,161.6451804,164.0
10078,2023-09-24,18,130.6832824,225.0
10079,2023-09-24,19,122.5618021,177.0
10080,2023-09-24,20,143.8589657,179.0
10081,2023-09-24,21,153.0942632,259.0
10082,2023-09-24,22,138.5819591,208.0
10083,2023-09-24,23,151.7033827,268.0
10084,2023-09-25,0,118.9816109,205.0
10085,2023-09-25,1,116.0650001,268.0
10086,2023-09-25,2,156.0178433,186.0
10087,2023-09-25,3,113.4903742,114.0
10088,2023-09-25,4,128.777313,112.0
10089,2023-09-25,5,126.9453167,126.0
10090,2023-09-25,6,43.89705223,111.0
10091,2023-09-25,7,50.71281627,70.0
10092,2023-09-25,8,93.02702477,27.0
10093,2023-09-25,9,183.6167327,73.0
10094,2023-09-25,10,148.6635402,65.0
10095,2023-09-25,11,155.8364545,119.0
10096,2023-09-25,12,162.8523568,197.0
10097,2023-09-25,13,136.8948362,357.0
10098,2023-09-25,14,128.8705667,287.0
10099,2023-09-25,15,111.5639399,326.0
10100,2023-09-25,16,149.0286374,288.0
10101,2023-09-25,17,130.604728,292.0
10102,2023-09-25,18,158.1439939,284.0
10103,2023-09-25,19,124.442786,278.0
10104,2023-09-25,20,103.2744827,259.0
10105,2023-09-25,21,124.0799757,255.0
10106,2023-09-25,22,144.7758918,195.0
10107,2023-09-25,23,126.8934498,317.0
10108,2023-09-26,0,172.4180602,338.0
10109,2023-09-26,1,140.6821152,366.0
10110,2023-09-26,2,137.7451239,309.0
10111,2023-09-26,3,105.8209071,144.0
10112,2023-09-26,4,110.4467702,113.0
10113,2023-09-26,5,119.8202285,94.0
10114,2023-09-26,6,48.47762623,134.0
10115,2023-09-26,7,117.1807951,101.0
10116,2023-09-26,8,62.88022002,44.0
10117,2023-09-26,9,74.11721316,48.0
10118,2023-09-26,10,99.80134829,99.0
10119,2023-09-26,11,117.6307526,115.0
10120,2023-09-26,12,141.242121,256.0
10121,2023-09-26,13,93.99287345,255.0
10122,2023-09-26,14,127.5388229,338.0
10123,2023-09-26,15,100.0196176,357.0
10124,2023-09-26,16,117.4116059,259.0
10125,2023-09-26,17,134.0352119,294.0
10126,2023-09-26,18,138.7090808,316.0
10127,2023-09-26,19,125.9165139,338.0
10128,2023-09-26,20,126.0130228,379.0
10129,2023-09-26,21,143.0427427,232.0
10130,2023-09-26,22,153.5725533,263.0
10131,2023-09-26,23,161.2563459,296.0
10132,2023-09-27,0,154.659405,334.0
10133,2023-09-27,1,138.5845846,351.0
10134,2023-09-27,2,139.4955745,172.0
10135,2023-09-27,3,114.2552371,132.0
10136,2023-09-27,4,131.9094899,150.0
10137,2023-09-27,5,106.9255188,152.0
10138,2023-09-27,6,63.34682798,166.0
10139,2023-09-27,7,50.6943055,92.0
10140,2023-09-27,8,128.1412355,39.0
10141,2023-09-27,9,122.5795186,74.0
10142,2023-09-27,10,121.2493956,86.0
10143,2023-09-27,11,187.3390362,160.0
10144,2023-09-27,12,144.4667614,238.0
10145,2023-09-27,13,141.1989837,348.0
10146,2023-09-27,14,143.1301328,308.0
10147,2023-09-27,15,114.1153797,373.0
10148,2023-09-27,16,176.285043,318.0
10149,2023-09-27,17,131.0769018,332.0
10150,2023-09-27,18,100.460494,267.0
10151,2023-09-27,19,144.7505814,278.0
10152,2023-09-27,20,148.2251641,288.0
10153,2023-09-27,21,142.7828621,301.0
10154,2023-09-27,22,160.4982854,268.0
10155,2023-09-27,23,119.9256451,280.0
10156,2023-09-28,0,154.4726408,326.0
10157,2023-09-28,1,141.952118,382.0
10158,2023-09-28,2,120.2230401,258.0
10159,2023-09-28,3,131.9190237,182.0
10160,2023-09-28,4,153.4967192,183.0
10161,2023-09-28,5,89.79423556,126.0
10162,2023-09-28,6,45.8452256,134.0
10163,2023-09-28,7,66.33486713,90.0
10164,2023-09-28,8,83.01612796,48.0
10165,2023-09-28,9,135.7146079,47.0
10166,2023-09-28,10,95.2403695,87.0
10167,2023-09-28,11,130.6168801,106.0
10168,2023-09-28,12,167.8687313,203.0
10169,2023-09-28,13,122.5648199,239.0
10170,2023-09-28,14,118.7095396,314.0
10171,2023-09-28,15,117.890229,376.0
10172,2023-09-28,16,138.3835276,247.0
10173,2023-09-28,17,129.8896643,297.0
10174,2023-09-28,18,104.3704663,336.0
10175,2023-09-28,19,143.5066353,252.0
10176,2023-09-28,20,159.1641014,342.0
10177,2023-09-28,21,184.8633308,394.0
10178,2023-09-28,22,131.9396741,232.0
10179,2023-09-28,23,157.5031418,368.0
10180,2023-09-29,0,144.5076047,233.0
10181,2023-09-29,1,138.0291592,335.0
10182,2023-09-29,2,131.1904985,255.0
10183,2023-09-29,3,156.0394087,225.0
10184,2023-09-29,4,171.3140953,151.0
10185,2023-09-29,5,72.97336923,126.0
10186,2023-09-29,6,77.46865939,156.0
10187,2023-09-29,7,111.3301936,147.0
10188,2023-09-29,8,131.5233378,46.0
10189,2023-09-29,9,103.7113001,55.0
10190,2023-09-29,10,143.7857621,88.0
10191,2023-09-29,11,126.7480112,146.0
10192,2023-09-29,12,87.32728816,270.0
10193,2023-09-29,13,139.0875344,279.0
10194,2023-09-29,14,136.3681427,319.0
10195,2023-09-29,15,131.5553281,305.0
10196,2023-09-29,16,105.6496613,258.0
10197,2023-09-29,17,152.5262783,260.0
10198,2023-09-29,18,131.484882,281.0
10199,2023-09-29,19,143.3415818,315.0
10200,2023-09-29,20,154.0208723,255.0
10201,2023-09-29,21,145.5705911,235.0
10202,2023-09-29,22,123.1583566,174.0
10203,2023-09-29,23,155.1968809,275.0
10204,2023-09-30,0,120.9194765,247.0
10205,2023-09-30,1,173.6346997,295.0
10206,2023-09-30,2,186.1065124,229.0
10207,2023-09-30,3,112.3153168,149.0
10208,2023-09-30,4,111.2907074,178.0
10209,2023-09-30,5,138.7142661,107.0
10210,2023-09-30,6,83.92942684,65.0
10211,2023-09-30,7,82.98468233,60.0
10212,2023-09-30,8,106.4648245,62.0
10213,2023-09-30,9,67.51649033,32.0
10214,2023-09-30,10,93.90395156,37.0
10215,2023-09-30,11,150.0672437,40.0
10216,2023-09-30,12,140.8610242,48.0
10217,2023-09-30,13,152.7494941,147.0
10218,2023-09-30,14,165.3588925,202.0
10219,2023-09-30,15,129.5424578,172.0
10220,2023-09-30,16,147.7021018,181.0
10221,2023-09-30,17,131.8913885,192.0
10222,2023-09-30,18,214.3083343,190.0
10223,2023-09-30,19,283.044013,225.0
10224,2023-09-30,20,203.2054814,250.0
10225,2023-09-30,21,172.5417341,218.0
10226,2023-09-30,22,123.8817173,197.0
10227,2023-09-30,23,141.9863548,205.0
10228,2023-10-01,0,149.6602285,159.0
10229,2023-10-01,1,154.6724281,286.0
10230,2023-10-01,2,133.861704,234.0
10231,2023-10-01,3,131.5167003,180.0
10232,2023-10-01,4,81.4423178,147.0
10233,2023-10-01,5,111.4461127,144.0
10234,2023-10-01,6,105.5258968,72.0
10235,2023-10-01,7,60.26771847,108.0
10236,2023-10-01,8,236.8509032,35.0
10237,2023-10-01,9,75.62147374,38.0
10238,2023-10-01,10,254.2295216,30.0
10239,2023-10-01,11,81.47010556,43.0
10240,2023-10-01,12,89.74474642,103.0
10241,2023-10-01,13,163.3257621,122.0
10242,2023-10-01,14,130.4910183,172.0
10243,2023-10-01,15,157.1272799,173.0
10244,2023-10-01,16,145.8290822,193.0
10245,2023-10-01,17,155.2766876,237.0
10246,2023-10-01,18,149.4237572,195.0
10247,2023-10-01,19,122.0283677,167.0
10248,2023-10-01,20,165.3072439,223.0
10249,2023-10-01,21,136.5376631,247.0
10250,2023-10-01,22,147.2689395,233.0
10251,2023-10-01,23,133.4175199,348.0
10252,2023-10-02,0,126.1047283,260.0
10253,2023-10-02,1,144.7428568,295.0
10254,2023-10-02,2,146.3317759,213.0
10255,2023-10-02,3,135.174891,151.0
10256,2023-10-02,4,99.86447122,152.0
10257,2023-10-02,5,95.70005572,87.0
10258,2023-10-02,6,48.49873524,103.0
10259,2023-10-02,7,73.03352431,60.0
10260,2023-10-02,8,61.84441206,22.0
10261,2023-10-02,9,90.92294271,44.0
10262,2023-10-02,10,193.5478728,56.0
10263,2023-10-02,11,168.8834471,105.0
10264,2023-10-02,12,127.6271653,263.0
10265,2023-10-02,13,115.6556007,315.0
10266,2023-10-02,14,121.6799119,291.0
10267,2023-10-02,15,152.78676,278.0
10268,2023-10-02,16,123.4634672,216.0
10269,2023-10-02,17,144.4247893,266.0
10270,2023-10-02,18,146.7028675,297.0
10271,2023-10-02,19,166.9654286,277.0
10272,2023-10-02,20,147.985397,225.0
10273,2023-10-02,21,119.8120235,295.0
10274,2023-10-02,22,128.280651,358.0
10275,2023-10-02,23,143.7136036,242.0
10276,2023-10-03,0,156.14148,311.0
10277,2023-10-03,1,135.0033415,348.0
10278,2023-10-03,2,154.7533452,221.0
10279,2023-10-03,3,127.8022093,134.0
10280,2023-10-03,4,163.834914,98.0
10281,2023-10-03,5,97.06836099,114.0
10282,2023-10-03,6,42.12385108,121.0
10283,2023-10-03,7,46.91593271,64.0
10284,2023-10-03,8,138.8647723,30.0
10285,2023-10-03,9,73.98299035,57.0
10286,2023-10-03,10,82.32289697,57.0
10287,2023-10-03,11,141.7416176,104.0
10288,2023-10-03,12,158.5101341,232.0
10289,2023-10-03,13,106.168198,273.0
10290,2023-10-03,14,138.4124075,341.0
10291,2023-10-03,15,162.5975058,270.0
10292,2023-10-03,16,125.8383284,217.0
10293,2023-10-03,17,152.8271847,225.0
10294,2023-10-03,18,128.5621049,376.0
10295,2023-10-03,19,140.7988066,308.0
10296,2023-10-03,20,142.1623436,230.0
10297,2023-10-03,21,142.5002893,309.0
10298,2023-10-03,22,134.7731625,253.0
10299,2023-10-03,23,141.8689085,333.0
10300,2023-10-04,0,128.824597,354.0
10301,2023-10-04,1,164.80265,391.0
10302,2023-10-04,2,120.8705859,336.0
10303,2023-10-04,3,90.13254671,191.0
10304,2023-10-04,4,156.2817412,112.0
10305,2023-10-04,5,101.6607943,131.0
10306,2023-10-04,6,62.66328822,118.0
10307,2023-10-04,7,72.18952883,60.0
10308,2023-10-04,8,153.9409574,26.0
10309,2023-10-04,9,130.2077025,39.0
10310,2023-10-04,10,156.3415021,78.0
10311,2023-10-04,11,149.4899476,119.0
10312,2023-10-04,12,158.679892,244.0
10313,2023-10-04,13,135.4603887,328.0
10314,2023-10-04,14,139.4216727,333.0
10315,2023-10-04,15,145.7524845,293.0
10316,2023-10-04,16,139.327311,237.0
10317,2023-10-04,17,130.4443999,408.0
10318,2023-10-04,18,152.7301548,314.0
10319,2023-10-04,19,103.7551401,257.0
10320,2023-10-04,20,166.8896646,275.0
10321,2023-10-04,21,121.8031577,368.0
10322,2023-10-04,22,113.2831904,196.0
10323,2023-10-04,23,128.4228132,222.0
10324,2023-10-05,0,150.518429,337.0
10325,2023-10-05,1,137.4203335,288.0
10326,2023-10-05,2,133.1941765,207.0
10327,2023-10-05,3,181.3595054,178.0
10328,2023-10-05,4,109.331043,65.0
10329,2023-10-05,5,51.68286849,142.0
10330,2023-10-05,6,63.07714368,132.0
10331,2023-10-05,7,67.37971152,50.0
10332,2023-10-05,8,74.47348989,17.0
10333,2023-10-05,9,229.7076876,34.0
10334,2023-10-05,10,141.5998993,76.0
10335,2023-10-05,11,203.4807851,121.0
10336,2023-10-05,12,178.6041416,271.0
10337,2023-10-05,13,147.9471722,289.0
10338,2023-10-05,14,192.4835573,247.0
10339,2023-10-05,15,168.4275297,177.0
10340,2023-10-05,16,130.0742038,231.0
10341,2023-10-05,17,148.4918137,211.0
10342,2023-10-05,18,126.8312638,311.0
10343,2023-10-05,19,140.1979677,241.0
10344,2023-10-05,20,145.0555208,275.0
10345,2023-10-05,21,98.15364181,313.0
10346,2023-10-05,22,133.0405753,282.0
10347,2023-10-05,23,127.1544979,205.0
10348,2023-10-06,0,127.9953648,246.0
10349,2023-10-06,1,142.8930069,351.0
10350,2023-10-06,2,134.2908132,212.0
10351,2023-10-06,3,142.6932356,131.0
10352,2023-10-06,4,131.923203,75.0
10353,2023-10-06,5,61.02199494,133.0
10354,2023-10-06,6,60.27000071,159.0
10355,2023-10-06,7,76.92373073,63.0
10356,2023-10-06,8,173.4159172,17.0
10357,2023-10-06,9,176.8539588,34.0
10358,2023-10-06,10,112.2938159,68.0
10359,2023-10-06,11,225.5794315,92.0
10360,2023-10-06,12,135.7535079,294.0
10361,2023-10-06,13,173.5517279,276.0
10362,2023-10-06,14,129.6968196,292.0
10363,2023-10-06,15,148.3624882,362.0
10364,2023-10-06,16,151.2966827,195.0
10365,2023-10-06,17,188.9558206,232.0
10366,2023-10-06,18,154.6132929,311.0
10367,2023-10-06,19,181.2962816,286.0
10368,2023-10-06,20,200.121643,272.0
10369,2023-10-06,21,132.1223429,225.0
10370,2023-10-06,22,176.8754859,238.0
10371,2023-10-06,23,144.7967287,326.0
10372,2023-10-07,0,205.6941459,203.0
10373,2023-10-07,1,179.7017772,233.0
10374,2023-10-07,2,143.6067429,308.0
10375,2023-10-07,3,107.3867017,140.0
10376,2023-10-07,4,105.3158508,151.0
10377,2023-10-07,5,91.26257268,64.0
10378,2023-10-07,6,57.07750459,109.0
10379,2023-10-07,7,86.61154677,62.0
10380,2023-10-07,8,89.2516108,66.0
10381,2023-10-07,9,89.79807175,59.0
10382,2023-10-07,10,98.7116296,51.0
10383,2023-10-07,11,101.9722838,54.0
10384,2023-10-07,12,124.8045258,138.0
10385,2023-10-07,13,171.7431757,229.0
10386,2023-10-07,14,153.3033686,248.0
10387,2023-10-07,15,149.9590873,215.0
10388,2023-10-07,16,118.1788242,167.0
10389,2023-10-07,17,182.0397107,308.0
10390,2023-10-07,18,131.830873,332.0
10391,2023-10-07,19,136.43867,255.0
10392,2023-10-07,20,155.7038975,254.0
10393,2023-10-07,21,117.9897382,178.0
10394,2023-10-07,22,123.7135446,207.0
10395,2023-10-07,23,143.5089666,234.0
10396,2023-10-08,0,148.9712872,189.0
10397,2023-10-08,1,137.5550021,202.0
10398,2023-10-08,2,133.384131,147.0
10399,2023-10-08,3,168.9239281,135.0
10400,2023-10-08,4,80.08562899,97.0
10401,2023-10-08,5,66.19471372,101.0
10402,2023-10-08,6,64.40416914,118.0
10403,2023-10-08,7,69.69935544,79.0
10404,2023-10-08,8,255.4561558,19.0
10405,2023-10-08,9,127.0232528,18.0
10406,2023-10-08,10,174.8563743,35.0
10407,2023-10-08,11,179.7382391,58.0
10408,2023-10-08,12,137.4600813,109.0
10409,2023-10-08,13,113.7730199,143.0
10410,2023-10-08,14,156.6794956,164.0
10411,2023-10-08,15,144.0543403,142.0
10412,2023-10-08,16,151.2188027,194.0
10413,2023-10-08,17,205.008353,193.0
10414,2023-10-08,18,192.3702412,197.0
10415,2023-10-08,19,164.8288714,263.0
10416,2023-10-08,20,136.3504175,163.0
10417,2023-10-08,21,186.7803176,202.0
10418,2023-10-08,22,172.5972149,161.0
10419,2023-10-08,23,113.5321718,219.0
10420,2023-10-09,0,138.0997796,342.0
10421,2023-10-09,1,146.5123431,284.0
10422,2023-10-09,2,127.6711415,256.0
10423,2023-10-09,3,169.1749084,127.0
10424,2023-10-09,4,115.0249366,109.0
10425,2023-10-09,5,111.4025148,118.0
10426,2023-10-09,6,99.24198676,144.0
10427,2023-10-09,7,89.67557937,84.0
10428,2023-10-09,8,130.5414936,54.0
10429,2023-10-09,9,131.8435137,13.0
10430,2023-10-09,10,182.4880174,60.0
10431,2023-10-09,11,116.9082347,152.0
10432,2023-10-09,12,150.0355637,306.0
10433,2023-10-09,13,147.385315,255.0
10434,2023-10-09,14,114.5675806,270.0
10435,2023-10-09,15,158.5084805,337.0
10436,2023-10-09,16,148.3787809,236.0
10437,2023-10-09,17,179.0733599,267.0
10438,2023-10-09,18,134.6854262,262.0
10439,2023-10-09,19,134.9288892,296.0
10440,2023-10-09,20,153.4990968,308.0
10441,2023-10-09,21,145.8435855,219.0
10442,2023-10-09,22,166.2338563,261.0
10443,2023-10-09,23,145.7661222,269.0
10444,2023-10-10,0,194.622524,273.0
10445,2023-10-10,1,182.8804483,325.0
10446,2023-10-10,2,198.735867,214.0
10447,2023-10-10,3,239.0797211,156.0
10448,2023-10-10,4,189.9128347,150.0
10449,2023-10-10,5,173.71838,174.0
10450,2023-10-10,6,222.129062,118.0
10451,2023-10-10,7,340.6050178,73.0
10452,2023-10-10,8,258.5225126,97.0
10453,2023-10-10,9,325.9924966,74.0
10454,2023-10-10,10,290.704163,85.0
10455,2023-10-10,11,215.3177605,172.0
10456,2023-10-10,12,168.1717626,359.0
10457,2023-10-10,13,155.2292798,469.0
10458,2023-10-10,14,139.7121499,519.0
10459,2023-10-10,15,155.0445938,481.0
10460,2023-10-10,16,154.7764838,463.0
10461,2023-10-10,17,160.9445216,423.0
10462,2023-10-10,18,172.9306352,423.0
10463,2023-10-10,19,173.7974531,446.0
10464,2023-10-10,20,165.1999937,398.0
10465,2023-10-10,21,188.8905321,280.0
10466,2023-10-10,22,176.7593449,352.0
10467,2023-10-10,23,181.9166271,280.0
10468,2023-10-11,0,162.2277436,406.0
10469,2023-10-11,1,176.9908023,544.0
10470,2023-10-11,2,146.425159,311.0
10471,2023-10-11,3,171.8202544,236.0
10472,2023-10-11,4,205.1962384,188.0
10473,2023-10-11,5,154.5203842,183.0
10474,2023-10-11,6,235.7521961,133.0
10475,2023-10-11,7,258.9929127,114.0
10476,2023-10-11,8,319.3158538,84.0
10477,2023-10-11,9,236.98557,108.0
10478,2023-10-11,10,242.94803,115.0
10479,2023-10-11,11,195.5462611,219.0
10480,2023-10-11,12,199.1979563,353.0
10481,2023-10-11,13,186.4679943,431.0
10482,2023-10-11,14,141.6521543,538.0
10483,2023-10-11,15,143.9497661,456.0
10484,2023-10-11,16,183.5520959,398.0
10485,2023-10-11,17,159.7857505,478.0
10486,2023-10-11,18,131.1405171,530.0
10487,2023-10-11,19,151.61403,430.0
10488,2023-10-11,20,168.7823493,457.0
10489,2023-10-11,21,206.7603321,325.0
10490,2023-10-11,22,187.6688394,305.0
10491,2023-10-11,23,175.0266483,287.0
10492,2023-10-12,0,147.9057013,390.0
10493,2023-10-12,1,211.8277236,346.0
10494,2023-10-12,2,173.9682121,300.0
10495,2023-10-12,3,279.6200256,305.0
10496,2023-10-12,4,284.7808792,191.0
10497,2023-10-12,5,174.7433742,202.0
10498,2023-10-12,6,208.2687626,143.0
10499,2023-10-12,7,311.6615561,80.0
10500,2023-10-12,8,314.1001074,83.0
10501,2023-10-12,9,299.4402989,86.0
10502,2023-10-12,10,282.6205089,98.0
10503,2023-10-12,11,206.5895529,221.0
10504,2023-10-12,12,177.5809524,380.0
10505,2023-10-12,13,140.4205415,478.0
10506,2023-10-12,14,165.1599432,430.0
10507,2023-10-12,15,144.2113584,539.0
10508,2023-10-12,16,160.2462058,417.0
10509,2023-10-12,17,151.7155411,420.0
10510,2023-10-12,18,154.6354118,473.0
10511,2023-10-12,19,125.5343479,488.0
10512,2023-10-12,20,177.8968932,424.0
10513,2023-10-12,21,150.3894632,453.0
10514,2023-10-12,22,165.5966828,382.0
10515,2023-10-12,23,198.1180899,270.0
10516,2023-10-13,0,190.5730733,348.0
10517,2023-10-13,1,207.9940569,340.0
10518,2023-10-13,2,151.952152,282.0
10519,2023-10-13,3,246.7788255,153.0
10520,2023-10-13,4,197.6822709,230.0
10521,2023-10-13,5,144.0783491,202.0
10522,2023-10-13,6,221.2795677,135.0
10523,2023-10-13,7,279.4461386,134.0
10524,2023-10-13,8,385.8284108,86.0
10525,2023-10-13,9,391.8152748,68.0
10526,2023-10-13,10,211.1984104,150.0
10527,2023-10-13,11,228.5213469,198.0
10528,2023-10-13,12,151.538124,408.0
10529,2023-10-13,13,171.7419558,419.0
10530,2023-10-13,14,165.1952905,443.0
10531,2023-10-13,15,148.6078008,393.0
10532,2023-10-13,16,155.6433015,517.0
10533,2023-10-13,17,172.2126094,369.0
10534,2023-10-13,18,170.8047139,547.0
10535,2023-10-13,19,170.1176233,423.0
10536,2023-10-13,20,180.7355762,403.0
10537,2023-10-13,21,191.5264602,296.0
10538,2023-10-13,22,179.1975896,307.0
10539,2023-10-13,23,177.1732002,293.0
10540,2023-10-14,0,183.1731492,315.0
10541,2023-10-14,1,173.9286404,370.0
10542,2023-10-14,2,217.8311729,221.0
10543,2023-10-14,3,243.3535858,201.0
10544,2023-10-14,4,171.6268269,293.0
10545,2023-10-14,5,239.8088501,131.0
10546,2023-10-14,6,175.8048992,163.0
10547,2023-10-14,7,346.3652752,67.0
10548,2023-10-14,8,388.9174523,61.0
10549,2023-10-14,9,366.3765017,63.0
10550,2023-10-14,10,296.4306495,88.0
10551,2023-10-14,11,184.3013384,162.0
10552,2023-10-14,12,243.435108,160.0
10553,2023-10-14,13,213.6595431,181.0
10554,2023-10-14,14,173.5065061,315.0
10555,2023-10-14,15,221.6589375,325.0
10556,2023-10-14,16,211.0869155,243.0
10557,2023-10-14,17,199.433204,279.0
10558,2023-10-14,18,181.1473434,283.0
10559,2023-10-14,19,183.0378194,399.0
10560,2023-10-14,20,179.1599448,333.0
10561,2023-10-14,21,261.7476993,293.0
10562,2023-10-14,22,199.0452249,255.0
10563,2023-10-14,23,223.405994,297.0
10564,2023-10-15,0,185.9793649,313.0
10565,2023-10-15,1,175.4964646,348.0
10566,2023-10-15,2,202.1262362,243.0
10567,2023-10-15,3,183.178839,243.0
10568,2023-10-15,4,177.6103753,312.0
10569,2023-10-15,5,171.094104,257.0
10570,2023-10-15,6,313.1985491,88.0
10571,2023-10-15,7,181.1646639,164.0
10572,2023-10-15,8,304.0666196,84.0
10573,2023-10-15,9,321.0052741,62.0
10574,2023-10-15,10,352.7973236,75.0
10575,2023-10-15,11,267.1749276,104.0
10576,2023-10-15,12,227.7799193,178.0
10577,2023-10-15,13,263.0847242,168.0
10578,2023-10-15,14,199.3243667,253.0
10579,2023-10-15,15,195.1801342,373.0
10580,2023-10-15,16,187.609554,275.0
10581,2023-10-15,17,186.7070506,239.0
10582,2023-10-15,18,168.3766457,337.0
10583,2023-10-15,19,234.0835699,291.0
10584,2023-10-15,20,235.8273891,241.0
10585,2023-10-15,21,222.3593029,256.0
10586,2023-10-15,22,197.8399481,276.0
10587,2023-10-15,23,172.5209169,278.0
10588,2023-10-16,0,168.709441,365.0
10589,2023-10-16,1,187.9915198,282.0
10590,2023-10-16,2,181.6723128,291.0
10591,2023-10-16,3,211.1384143,153.0
10592,2023-10-16,4,189.8126282,229.0
10593,2023-10-16,5,191.6865687,137.0
10594,2023-10-16,6,229.9285966,136.0
10595,2023-10-16,7,338.4357534,80.0
10596,2023-10-16,8,274.8019029,102.0
10597,2023-10-16,9,445.0770664,56.0
10598,2023-10-16,10,280.8231667,104.0
10599,2023-10-16,11,194.1997288,213.0
10600,2023-10-16,12,184.5278979,359.0
10601,2023-10-16,13,162.7999822,515.0
10602,2023-10-16,14,158.7097726,470.0
10603,2023-10-16,15,153.938881,403.0
10604,2023-10-16,16,163.4661173,387.0
10605,2023-10-16,17,133.3035546,463.0
10606,2023-10-16,18,157.1746147,485.0
10607,2023-10-16,19,158.7482527,430.0
10608,2023-10-16,20,189.7232372,421.0
10609,2023-10-16,21,187.4272144,432.0
10610,2023-10-16,22,183.9056538,293.0
10611,2023-10-16,23,241.6240152,322.0
10612,2023-10-17,0,180.3417669,350.0
10613,2023-10-17,1,180.9329007,320.0
10614,2023-10-17,2,223.766044,264.0
10615,2023-10-17,3,235.7567769,151.0
10616,2023-10-17,4,197.2046855,202.0
10617,2023-10-17,5,212.1610087,158.0
10618,2023-10-17,6,251.0215086,111.0
10619,2023-10-17,7,354.1247462,66.0
10620,2023-10-17,8,245.1033311,119.0
10621,2023-10-17,9,263.5425534,108.0
10622,2023-10-17,10,287.9650895,94.0
10623,2023-10-17,11,227.8679224,158.0
10624,2023-10-17,12,179.6300905,418.0
10625,2023-10-17,13,180.3411896,578.0
10626,2023-10-17,14,149.1188577,522.0
10627,2023-10-17,15,139.2816176,437.0
10628,2023-10-17,16,148.0567673,582.0
10629,2023-10-17,17,156.4047981,571.0
10630,2023-10-17,18,156.5092607,433.0
10631,2023-10-17,19,173.1625552,420.0
10632,2023-10-17,20,193.7718836,473.0
10633,2023-10-17,21,171.3506516,439.0
10634,2023-10-17,22,186.7145068,347.0
10635,2023-10-17,23,215.8952835,302.0
10636,2023-10-18,0,162.9936934,405.0
10637,2023-10-18,1,192.6171764,340.0
10638,2023-10-18,2,249.2193466,226.0
10639,2023-10-18,3,201.2947239,204.0
10640,2023-10-18,4,178.9077517,264.0
10641,2023-10-18,5,172.7626806,239.0
10642,2023-10-18,6,224.2393535,139.0
10643,2023-10-18,7,368.9724681,55.0
10644,2023-10-18,8,249.5635738,104.0
10645,2023-10-18,9,337.2999363,108.0
10646,2023-10-18,10,287.3053136,97.0
10647,2023-10-18,11,218.7734936,191.0
10648,2023-10-18,12,161.8095794,429.0
10649,2023-10-18,13,153.4369022,438.0
10650,2023-10-18,14,154.5582909,447.0
10651,2023-10-18,15,180.5554752,378.0
10652,2023-10-18,16,157.8596975,374.0
10653,2023-10-18,17,175.3426562,394.0
10654,2023-10-18,18,198.7837674,360.0
10655,2023-10-18,19,170.2853199,431.0
10656,2023-10-18,20,206.3359214,378.0
10657,2023-10-18,21,186.7593133,304.0
10658,2023-10-18,22,136.1671255,462.0
10659,2023-10-18,23,149.6604179,347.0
10660,2023-10-19,0,196.7079841,253.0
10661,2023-10-19,1,152.4249282,385.0
10662,2023-10-19,2,237.4480868,211.0
10663,2023-10-19,3,275.906347,152.0
10664,2023-10-19,4,201.0187788,220.0
10665,2023-10-19,5,159.7821616,173.0
10666,2023-10-19,6,221.726848,131.0
10667,2023-10-19,7,291.1117117,86.0
10668,2023-10-19,8,426.4838577,69.0
10669,2023-10-19,9,366.0709615,67.0
10670,2023-10-19,10,266.3746921,109.0
10671,2023-10-19,11,223.2019524,212.0
10672,2023-10-19,12,193.2966231,328.0
10673,2023-10-19,13,149.911658,453.0
10674,2023-10-19,14,174.3977695,419.0
10675,2023-10-19,15,158.2832857,413.0
10676,2023-10-19,16,175.7990032,410.0
10677,2023-10-19,17,160.9094746,420.0
10678,2023-10-19,18,155.3934946,480.0
10679,2023-10-19,19,144.5836901,522.0
10680,2023-10-19,20,166.0727377,464.0
10681,2023-10-19,21,193.3118401,331.0
10682,2023-10-19,22,183.9827683,304.0
10683,2023-10-19,23,175.0395102,351.0
10684,2023-10-20,0,167.9013786,322.0
10685,2023-10-20,1,201.8782953,255.0
10686,2023-10-20,2,192.0069274,291.0
10687,2023-10-20,3,225.6294736,187.0
10688,2023-10-20,4,269.3103892,182.0
10689,2023-10-20,5,198.0545593,167.0
10690,2023-10-20,6,214.0185859,136.0
10691,2023-10-20,7,440.5303951,54.0
10692,2023-10-20,8,310.5927503,80.0
10693,2023-10-20,9,91.00143883,294.0
10694,2023-10-20,10,260.7116696,100.0
10695,2023-10-20,11,243.7028464,152.0
10696,2023-10-20,12,187.8339772,375.0
10697,2023-10-20,13,122.8784774,677.0
10698,2023-10-20,14,153.4701795,504.0
10699,2023-10-20,15,177.0504431,349.0
10700,2023-10-20,16,187.0365278,332.0
10701,2023-10-20,17,167.2482873,450.0
10702,2023-10-20,18,143.143784,427.0
10703,2023-10-20,19,205.0743224,327.0
10704,2023-10-20,20,184.0616384,456.0
10705,2023-10-20,21,157.0284432,484.0
10706,2023-10-20,22,220.6976883,318.0
10707,2023-10-20,23,220.0692933,304.0
10708,2023-10-21,0,216.5830677,264.0
10709,2023-10-21,1,200.6396612,312.0
10710,2023-10-21,2,196.1891277,255.0
10711,2023-10-21,3,239.7754896,179.0
10712,2023-10-21,4,207.0182873,254.0
10713,2023-10-21,5,189.4769157,167.0
10714,2023-10-21,6,153.5326983,193.0
10715,2023-10-21,7,259.7768948,87.0
10716,2023-10-21,8,244.1474632,90.0
10717,2023-10-21,9,268.6710145,81.0
10718,2023-10-21,10,251.2803929,98.0
10719,2023-10-21,11,253.7086595,140.0
10720,2023-10-21,12,259.4953641,180.0
10721,2023-10-21,13,224.722647,207.0
10722,2023-10-21,14,174.836446,293.0
10723,2023-10-21,15,206.192539,246.0
10724,2023-10-21,16,211.759843,258.0
10725,2023-10-21,17,191.6107297,328.0
10726,2023-10-21,18,211.2735713,251.0
10727,2023-10-21,19,187.8608849,293.0
10728,2023-10-21,20,194.5946154,292.0
10729,2023-10-21,21,221.3978254,275.0
10730,2023-10-21,22,210.629892,237.0
10731,2023-10-21,23,205.2419976,229.0
10732,2023-10-22,0,162.054247,328.0
10733,2023-10-22,1,199.424723,221.0
10734,2023-10-22,2,169.2748471,229.0
10735,2023-10-22,3,227.645586,190.0
10736,2023-10-22,4,197.2383956,255.0
10737,2023-10-22,5,181.2425861,234.0
10738,2023-10-22,6,217.3023666,144.0
10739,2023-10-22,7,204.369282,138.0
10740,2023-10-22,8,267.0483109,84.0
10741,2023-10-22,9,309.5071976,76.0
10742,2023-10-22,10,289.9764028,76.0
10743,2023-10-22,11,249.2440521,136.0
10744,2023-10-22,12,202.7702715,173.0
10745,2023-10-22,13,200.4994866,247.0
10746,2023-10-22,14,215.1072325,235.0
10747,2023-10-22,15,210.680431,188.0
10748,2023-10-22,16,185.6011688,287.0
10749,2023-10-22,17,227.4198297,228.0
10750,2023-10-22,18,241.2045804,212.0
10751,2023-10-22,19,188.9958969,297.0
10752,2023-10-22,20,197.0535411,240.0
10753,2023-10-22,21,177.0141429,327.0
10754,2023-10-22,22,166.7030685,293.0
10755,2023-10-22,23,185.7377773,327.0
10756,2023-10-23,0,184.5196227,369.0
10757,2023-10-23,1,151.5210928,408.0
10758,2023-10-23,2,168.0284879,340.0
10759,2023-10-23,3,203.1170187,185.0
10760,2023-10-23,4,197.6564019,189.0
10761,2023-10-23,5,178.1284997,175.0
10762,2023-10-23,6,211.5519326,114.0
10763,2023-10-23,7,393.0109032,58.0
10764,2023-10-23,8,327.5163108,80.0
10765,2023-10-23,9,90.58706247,299.0
10766,2023-10-23,10,222.5058074,147.0
10767,2023-10-23,11,204.2536559,244.0
10768,2023-10-23,12,162.9004806,403.0
10769,2023-10-23,13,95.28935016,766.0
10770,2023-10-23,14,143.1770501,505.0
10771,2023-10-23,15,170.6319953,474.0
10772,2023-10-23,16,195.0593559,336.0
10773,2023-10-23,17,178.1581971,398.0
10774,2023-10-23,18,148.5611561,496.0
10775,2023-10-23,19,141.4548384,368.0
10776,2023-10-23,20,175.3655557,347.0
10777,2023-10-23,21,147.1667064,420.0
10778,2023-10-23,22,195.4386008,266.0
10779,2023-10-23,23,202.8970214,313.0
10780,2023-10-24,0,179.7217926,328.0
10781,2023-10-24,1,186.2276563,299.0
10782,2023-10-24,2,213.4889675,264.0
10783,2023-10-24,3,225.4074492,195.0
10784,2023-10-24,4,202.3727861,230.0
10785,2023-10-24,5,174.1763521,219.0
10786,2023-10-24,6,191.9283891,136.0
10787,2023-10-24,7,263.7424135,104.0
10788,2023-10-24,8,342.7475263,77.0
10789,2023-10-24,9,353.4579935,73.0
10790,2023-10-24,10,315.8021717,100.0
10791,2023-10-24,11,214.441051,191.0
10792,2023-10-24,12,157.336368,338.0
10793,2023-10-24,13,156.9736832,488.0
10794,2023-10-24,14,133.2952158,518.0
10795,2023-10-24,15,143.0949086,492.0
10796,2023-10-24,16,183.769017,461.0
10797,2023-10-24,17,157.3170601,417.0
10798,2023-10-24,18,150.1727002,418.0
10799,2023-10-24,19,184.8839232,402.0
10800,2023-10-24,20,186.6847071,325.0
10801,2023-10-24,21,197.2659556,261.0
10802,2023-10-24,22,209.6417361,285.0
10803,2023-10-24,23,171.6808488,471.0
10804,2023-10-25,0,192.559186,420.0
10805,2023-10-25,1,207.253584,352.0
10806,2023-10-25,2,208.2629996,274.0
10807,2023-10-25,3,224.3262867,171.0
10808,2023-10-25,4,177.4615672,238.0
10809,2023-10-25,5,158.9980007,231.0
10810,2023-10-25,6,205.5860175,175.0
10811,2023-10-25,7,284.5625705,92.0
10812,2023-10-25,8,382.9938692,63.0
10813,2023-10-25,9,183.2731813,136.0
10814,2023-10-25,10,274.1010225,107.0
10815,2023-10-25,11,233.0148651,244.0
10816,2023-10-25,12,197.8961152,246.0
10817,2023-10-25,13,198.465317,351.0
10818,2023-10-25,14,177.7685783,358.0
10819,2023-10-25,15,174.9361369,433.0
10820,2023-10-25,16,205.7875306,342.0
10821,2023-10-25,17,221.1749789,293.0
10822,2023-10-25,18,228.4827606,261.0
10823,2023-10-25,19,221.5841152,244.0
10824,2023-10-25,20,223.4859244,317.0
10825,2023-10-25,21,248.8639737,204.0
10826,2023-10-25,22,189.4715754,251.0
10827,2023-10-25,23,219.998504,341.0
10828,2023-10-26,0,227.0990238,280.0
10829,2023-10-26,1,195.0171167,332.0
10830,2023-10-26,2,236.9753505,188.0
10831,2023-10-26,3,272.2776365,153.0
10832,2023-10-26,4,235.9064081,186.0
10833,2023-10-26,5,162.0756745,170.0
10834,2023-10-26,6,245.2792257,96.0
10835,2023-10-26,7,376.4617173,64.0
10836,2023-10-26,8,422.9677759,47.0
10837,2023-10-26,9,347.4424341,71.0
10838,2023-10-26,10,361.2266169,68.0
10839,2023-10-26,11,260.7902121,181.0
10840,2023-10-26,12,209.5594863,283.0
10841,2023-10-26,13,206.8869401,375.0
10842,2023-10-26,14,197.9221117,354.0
10843,2023-10-26,15,181.2152518,325.0
10844,2023-10-26,16,198.6532908,279.0
10845,2023-10-26,17,195.7722883,287.0
10846,2023-10-26,18,184.849394,340.0
10847,2023-10-26,19,173.9506037,355.0
10848,2023-10-26,20,172.9525426,306.0
10849,2023-10-26,21,186.8104863,281.0
10850,2023-10-26,22,214.0675534,218.0
10851,2023-10-26,23,191.6146914,290.0
10852,2023-10-27,0,213.9334623,371.0
10853,2023-10-27,1,194.8674345,320.0
10854,2023-10-27,2,244.4463804,233.0
10855,2023-10-27,3,257.7043536,148.0
10856,2023-10-27,4,227.6881323,173.0
10857,2023-10-27,5,218.2289066,131.0
10858,2023-10-27,6,277.5748993,93.0
10859,2023-10-27,7,408.5812914,58.0
10860,2023-10-27,8,388.0852818,47.0
10861,2023-10-27,9,329.2582206,72.0
10862,2023-10-27,10,325.9216626,83.0
10863,2023-10-27,11,242.3214227,149.0
10864,2023-10-27,12,204.6502737,291.0
10865,2023-10-27,13,217.8022488,284.0
10866,2023-10-27,14,221.3400645,304.0
10867,2023-10-27,15,182.6463244,310.0
10868,2023-10-27,16,174.2626999,305.0
10869,2023-10-27,17,181.8680261,349.0
10870,2023-10-27,18,192.3070073,262.0
10871,2023-10-27,19,212.9314447,241.0
10872,2023-10-27,20,236.6249124,204.0
10873,2023-10-27,21,243.8234794,227.0
10874,2023-10-27,22,217.5760379,217.0
10875,2023-10-27,23,193.8402917,256.0
10876,2023-10-28,0,177.0412008,313.0
10877,2023-10-28,1,217.7269763,185.0
10878,2023-10-28,2,248.7167961,203.0
10879,2023-10-28,3,222.1314238,169.0
10880,2023-10-28,4,158.3656,315.0
10881,2023-10-28,5,184.4022486,171.0
10882,2023-10-28,6,226.5565224,104.0
10883,2023-10-28,7,476.8230774,56.0
10884,2023-10-28,8,447.0724637,56.0
10885,2023-10-28,9,398.5407944,55.0
10886,2023-10-28,10,389.8079731,57.0
10887,2023-10-28,11,408.5978253,61.0
10888,2023-10-28,12,250.4409525,140.0
10889,2023-10-28,13,253.1216095,259.0
10890,2023-10-28,14,214.3586458,203.0
10891,2023-10-28,15,211.5959269,221.0
10892,2023-10-28,16,215.0817155,248.0
10893,2023-10-28,17,222.2242338,219.0
10894,2023-10-28,18,200.5692721,258.0
10895,2023-10-28,19,208.3370265,235.0
10896,2023-10-28,20,202.686708,218.0
10897,2023-10-28,21,202.1619216,287.0
10898,2023-10-28,22,216.6711946,215.0
10899,2023-10-28,23,313.6021779,286.0
10900,2023-10-29,0,467.1066704,431.0
10901,2023-10-29,1,443.1885681,411.0
10902,2023-10-29,2,244.3060313,217.0
10903,2023-10-29,3,208.9165514,156.0
10904,2023-10-29,4,172.4414023,267.0
10905,2023-10-29,5,193.3979444,154.0
10906,2023-10-29,6,339.2508347,71.0
10907,2023-10-29,7,318.4434732,80.0
10908,2023-10-29,8,336.409138,73.0
10909,2023-10-29,9,348.1678771,95.0
10910,2023-10-29,10,527.2825224,42.0
10911,2023-10-29,11,402.7048233,64.0
10912,2023-10-29,12,297.5667803,111.0
10913,2023-10-29,13,222.4494,192.0
10914,2023-10-29,14,249.2637172,234.0
10915,2023-10-29,15,226.0964241,209.0
10916,2023-10-29,16,198.1637628,277.0
10917,2023-10-29,17,193.1633802,556.0
10918,2023-10-29,18,206.9455062,344.0
10919,2023-10-29,19,193.6610327,276.0
10920,2023-10-29,20,204.6838417,244.0
10921,2023-10-29,21,279.5619647,198.0
10922,2023-10-29,22,218.8404191,231.0
10923,2023-10-29,23,211.0317008,304.0
10924,2023-10-30,0,197.7471227,310.0
10925,2023-10-30,1,222.4553613,306.0
10926,2023-10-30,2,176.4337191,294.0
10927,2023-10-30,3,238.464603,171.0
10928,2023-10-30,4,301.3133104,130.0
10929,2023-10-30,5,200.862179,134.0
10930,2023-10-30,6,167.6450664,137.0
10931,2023-10-30,7,245.6496448,101.0
10932,2023-10-30,8,385.4188834,62.0
10933,2023-10-30,9,402.7858992,66.0
10934,2023-10-30,10,321.4761808,80.0
10935,2023-10-30,11,319.2113499,108.0
10936,2023-10-30,12,228.6964917,251.0
10937,2023-10-30,13,194.8668207,318.0
10938,2023-10-30,14,132.0114276,533.0
10939,2023-10-30,15,168.4732361,322.0
10940,2023-10-30,16,199.4921593,286.0
10941,2023-10-30,17,196.5999012,280.0
10942,2023-10-30,18,202.9668727,344.0
10943,2023-10-30,19,230.3950425,306.0
10944,2023-10-30,20,182.4036527,357.0
10945,2023-10-30,21,186.3376408,348.0
10946,2023-10-30,22,238.54365,307.0
10947,2023-10-30,23,243.9459187,254.0
10948,2023-10-31,0,216.0329388,225.0
10949,2023-10-31,1,179.491544,326.0
10950,2023-10-31,2,249.3711316,263.0
10951,2023-10-31,3,203.9754035,206.0
10952,2023-10-31,4,242.5416682,152.0
10953,2023-10-31,5,164.9185699,200.0
10954,2023-10-31,6,216.7723984,115.0
10955,2023-10-31,7,461.2918942,43.0
10956,2023-10-31,8,389.8238453,57.0
10957,2023-10-31,9,326.9040309,67.0
10958,2023-10-31,10,404.3178303,66.0
10959,2023-10-31,11,331.9212755,99.0
10960,2023-10-31,12,210.5218561,229.0
10961,2023-10-31,13,208.6385535,310.0
10962,2023-10-31,14,222.4464608,313.0
10963,2023-10-31,15,248.9483559,279.0
10964,2023-10-31,16,238.823309,254.0
10965,2023-10-31,17,212.2309315,353.0
10966,2023-10-31,18,217.6642585,239.0
10967,2023-10-31,19,207.4850212,265.0
10968,2023-10-31,20,208.0046901,279.0
10969,2023-10-31,21,207.8305275,302.0
10970,2023-10-31,22,212.5724574,264.0
10971,2023-10-31,23,236.1548098,213.0
10972,2023-11-01,0,214.5280221,274.0
10973,2023-11-01,1,234.3221972,227.0
10974,2023-11-01,2,256.2931571,173.0
10975,2023-11-01,3,295.6989844,124.0
10976,2023-11-01,4,241.283219,227.0
10977,2023-11-01,5,139.6664956,204.0
10978,2023-11-01,6,182.7738612,128.0
10979,2023-11-01,7,598.5950477,36.0
10980,2023-11-01,8,444.2494861,49.0
10981,2023-11-01,9,314.7256269,72.0
10982,2023-11-01,10,393.153411,77.0
10983,2023-11-01,11,322.1387708,103.0
10984,2023-11-01,12,219.5515124,215.0
10985,2023-11-01,13,183.4993629,309.0
10986,2023-11-01,14,185.8670498,410.0
10987,2023-11-01,15,200.1126701,247.0
10988,2023-11-01,16,190.8127497,284.0
10989,2023-11-01,17,227.5138878,294.0
10990,2023-11-01,18,199.7844759,306.0
10991,2023-11-01,19,220.0773965,247.0
10992,2023-11-01,20,241.3544726,224.0
10993,2023-11-01,21,219.39669,285.0
10994,2023-11-01,22,201.6731235,228.0
10995,2023-11-01,23,205.3487605,336.0
10996,2023-11-02,0,223.1011512,312.0
10997,2023-11-02,1,161.0871093,346.0
10998,2023-11-02,2,226.0636085,236.0
10999,2023-11-02,3,249.2097155,173.0
11000,2023-11-02,4,171.3370649,240.0
11001,2023-11-02,5,170.9776696,169.0
11002,2023-11-02,6,248.9738037,119.0
11003,2023-11-02,7,456.6086854,46.0
11004,2023-11-02,8,579.945071,42.0
11005,2023-11-02,9,307.0664891,85.0
11006,2023-11-02,10,293.1066128,88.0
11007,2023-11-02,11,288.6344384,127.0
11008,2023-11-02,12,210.3027465,188.0
11009,2023-11-02,13,148.1542608,408.0
11010,2023-11-02,14,205.4643739,337.0
11011,2023-11-02,15,148.6268825,346.0
11012,2023-11-02,16,218.4984372,274.0
11013,2023-11-02,17,187.3841961,276.0
11014,2023-11-02,18,195.2030778,295.0
11015,2023-11-02,19,220.248234,276.0
11016,2023-11-02,20,181.8362287,319.0
11017,2023-11-02,21,177.3879625,304.0
11018,2023-11-02,22,224.6290909,216.0
11019,2023-11-02,23,197.831479,246.0
11020,2023-11-03,0,165.8982617,377.0
11021,2023-11-03,1,153.5822545,388.0
11022,2023-11-03,2,224.4672583,270.0
11023,2023-11-03,3,245.0742148,156.0
11024,2023-11-03,4,235.212467,149.0
11025,2023-11-03,5,184.4470691,173.0
11026,2023-11-03,6,215.6418966,122.0
11027,2023-11-03,7,418.1755673,57.0
11028,2023-11-03,8,577.0943891,37.0
11029,2023-11-03,9,398.942848,59.0
11030,2023-11-03,10,300.248732,103.0
11031,2023-11-03,11,251.4767081,164.0
11032,2023-11-03,12,213.7942292,266.0
11033,2023-11-03,13,205.1330434,328.0
11034,2023-11-03,14,238.570413,228.0
11035,2023-11-03,15,177.3486694,298.0
11036,2023-11-03,16,200.2114974,278.0
11037,2023-11-03,17,207.0618245,296.0
11038,2023-11-03,18,199.6477834,323.0
11039,2023-11-03,19,222.3550343,286.0
11040,2023-11-03,20,219.8605446,337.0
11041,2023-11-03,21,213.3183492,192.0
11042,2023-11-03,22,202.2985294,288.0
11043,2023-11-03,23,229.0527721,326.0
11044,2023-11-04,0,230.1388712,311.0
11045,2023-11-04,1,178.3844657,268.0
11046,2023-11-04,2,187.1051151,249.0
11047,2023-11-04,3,199.7150191,214.0
11048,2023-11-04,4,195.2355669,261.0
11049,2023-11-04,5,209.6529204,150.0
11050,2023-11-04,6,225.428307,125.0
11051,2023-11-04,7,446.4116877,49.0
11052,2023-11-04,8,449.4599939,55.0
11053,2023-11-04,9,475.7913717,43.0
11054,2023-11-04,10,336.4290729,73.0
11055,2023-11-04,11,323.8762891,91.0
11056,2023-11-04,12,203.6799489,200.0
11057,2023-11-04,13,218.753549,225.0
11058,2023-11-04,14,209.5007732,206.0
11059,2023-11-04,15,202.7017407,266.0
11060,2023-11-04,16,195.1527503,272.0
11061,2023-11-04,17,200.4096839,235.0
11062,2023-11-04,18,178.921575,325.0
11063,2023-11-04,19,148.7216564,310.0
11064,2023-11-04,20,165.7864425,220.0
11065,2023-11-04,21,245.9199011,193.0
11066,2023-11-04,22,234.3379495,251.0
11067,2023-11-04,23,194.0131729,292.0
11068,2023-11-05,0,224.0609339,243.0
11069,2023-11-05,1,205.5439907,191.0
11070,2023-11-05,2,191.6377482,234.0
11071,2023-11-05,3,202.2788828,184.0
11072,2023-11-05,4,189.6146512,341.0
11073,2023-11-05,5,173.449492,190.0
11074,2023-11-05,6,297.1810004,94.0
11075,2023-11-05,7,222.7056582,98.0
11076,2023-11-05,8,444.8228239,58.0
11077,2023-11-05,9,448.9216404,58.0
11078,2023-11-05,10,389.8992758,55.0
11079,2023-11-05,11,391.5514751,64.0
11080,2023-11-05,12,271.2325884,110.0
11081,2023-11-05,13,223.8147058,201.0
11082,2023-11-05,14,170.7252994,234.0
11083,2023-11-05,15,216.6770936,232.0
11084,2023-11-05,16,205.1424644,289.0
11085,2023-11-05,17,214.3278431,219.0
11086,2023-11-05,18,235.2795597,226.0
11087,2023-11-05,19,258.3973294,226.0
11088,2023-11-05,20,198.8018126,251.0
11089,2023-11-05,21,257.7528247,262.0
11090,2023-11-05,22,201.6756532,346.0
11091,2023-11-05,23,201.3836775,313.0
11092,2023-11-06,0,183.3689116,386.0
11093,2023-11-06,1,212.6780849,313.0
11094,2023-11-06,2,185.0429334,249.0
11095,2023-11-06,3,192.5570034,278.0
11096,2023-11-06,4,259.1210477,167.0
11097,2023-11-06,5,305.9815217,129.0
11098,2023-11-06,6,169.1088844,155.0
11099,2023-11-06,7,267.4022901,85.0
11100,2023-11-06,8,464.5926109,48.0
11101,2023-11-06,9,673.1948073,33.0
11102,2023-11-06,10,368.0139821,59.0
11103,2023-11-06,11,283.3109229,88.0
11104,2023-11-06,12,271.6441329,137.0
11105,2023-11-06,13,218.2136797,273.0
11106,2023-11-06,14,217.4709389,264.0
11107,2023-11-06,15,195.4044045,344.0
11108,2023-11-06,16,190.0188476,308.0
11109,2023-11-06,17,159.109075,394.0
11110,2023-11-06,18,222.2549378,306.0
11111,2023-11-06,19,219.6791326,275.0
11112,2023-11-06,20,233.1539607,266.0
11113,2023-11-06,21,201.4017246,274.0
11114,2023-11-06,22,212.1043366,275.0
11115,2023-11-06,23,180.6030819,412.0
11116,2023-11-07,0,192.655233,398.0
11117,2023-11-07,1,199.612878,314.0
11118,2023-11-07,2,193.4795221,235.0
11119,2023-11-07,3,247.8234634,203.0
11120,2023-11-07,4,324.0083362,119.0
11121,2023-11-07,5,212.7716573,180.0
11122,2023-11-07,6,202.9539639,179.0
11123,2023-11-07,7,195.0846415,133.0
11124,2023-11-07,8,289.147995,72.0
11125,2023-11-07,9,357.1497009,68.0
11126,2023-11-07,10,368.4917744,63.0
11127,2023-11-07,11,256.9575178,114.0
11128,2023-11-07,12,251.5026306,157.0
11129,2023-11-07,13,212.8424985,268.0
11130,2023-11-07,14,189.1477904,322.0
11131,2023-11-07,15,214.143534,281.0
11132,2023-11-07,16,190.1308605,360.0
11133,2023-11-07,17,171.859627,380.0
11134,2023-11-07,18,181.3784178,282.0
11135,2023-11-07,19,180.3369249,353.0
11136,2023-11-07,20,215.6883321,298.0
11137,2023-11-07,21,216.2629937,297.0
11138,2023-11-07,22,200.4805668,293.0
11139,2023-11-07,23,210.6756809,355.0
11140,2023-11-08,0,201.1697713,325.0
11141,2023-11-08,1,226.7977035,247.0
11142,2023-11-08,2,237.9736045,248.0
11143,2023-11-08,3,288.2046508,280.0
11144,2023-11-08,4,261.5856206,167.0
11145,2023-11-08,5,291.8137279,160.0
11146,2023-11-08,6,213.2768811,144.0
11147,2023-11-08,7,237.6694271,99.0
11148,2023-11-08,8,324.4858553,76.0
11149,2023-11-08,9,282.2033865,89.0
11150,2023-11-08,10,337.4927732,91.0
11151,2023-11-08,11,300.0282013,90.0
11152,2023-11-08,12,228.9890671,201.0
11153,2023-11-08,13,205.4432671,426.0
11154,2023-11-08,14,205.7444826,322.0
11155,2023-11-08,15,173.6954874,397.0
11156,2023-11-08,16,185.3487894,340.0
11157,2023-11-08,17,214.2275312,266.0
11158,2023-11-08,18,214.7127657,336.0
11159,2023-11-08,19,205.0502514,326.0
11160,2023-11-08,20,215.1162532,290.0
11161,2023-11-08,21,179.269908,339.0
11162,2023-11-08,22,159.2137886,309.0
11163,2023-11-08,23,173.7261939,345.0
11164,2023-11-09,0,209.3222183,397.0
11165,2023-11-09,1,217.4459047,510.0
11166,2023-11-09,2,210.3197931,474.0
11167,2023-11-09,3,169.5067439,321.0
11168,2023-11-09,4,209.4296684,213.0
11169,2023-11-09,5,259.6267763,141.0
11170,2023-11-09,6,239.5275941,108.0
11171,2023-11-09,7,270.2096158,100.0
11172,2023-11-09,8,229.0767842,123.0
11173,2023-11-09,9,404.9870948,59.0
11174,2023-11-09,10,429.5926019,58.0
11175,2023-11-09,11,270.3778418,109.0
11176,2023-11-09,12,273.4107939,127.0
11177,2023-11-09,13,154.8397188,367.0
11178,2023-11-09,14,212.8589827,443.0
11179,2023-11-09,15,246.9318205,297.0
11180,2023-11-09,16,211.1540435,281.0
11181,2023-11-09,17,170.7546482,276.0
11182,2023-11-09,18,200.7932607,346.0
11183,2023-11-09,19,158.0078641,389.0
11184,2023-11-09,20,223.580675,272.0
11185,2023-11-09,21,181.5365111,326.0
11186,2023-11-09,22,219.0967322,325.0
11187,2023-11-09,23,169.8056498,420.0
11188,2023-11-10,0,177.8931897,419.0
11189,2023-11-10,1,208.7771788,338.0
11190,2023-11-10,2,162.4129362,291.0
11191,2023-11-10,3,193.6969556,285.0
11192,2023-11-10,4,240.3173828,179.0
11193,2023-11-10,5,257.7301935,145.0
11194,2023-11-10,6,217.9378114,139.0
11195,2023-11-10,7,250.1177586,118.0
11196,2023-11-10,8,280.8064541,92.0
11197,2023-11-10,9,444.4003962,49.0
11198,2023-11-10,10,380.8056839,59.0
11199,2023-11-10,11,343.4172349,77.0
11200,2023-11-10,12,212.2459515,151.0
11201,2023-11-10,13,231.4523558,199.0
11202,2023-11-10,14,215.9997008,303.0
11203,2023-11-10,15,189.2803457,310.0
11204,2023-11-10,16,179.8371622,288.0
11205,2023-11-10,17,228.0984593,291.0
11206,2023-11-10,18,197.9465833,338.0
11207,2023-11-10,19,152.9147555,403.0
11208,2023-11-10,20,131.8238368,524.0
11209,2023-11-10,21,169.7254216,397.0
11210,2023-11-10,22,146.3092685,332.0
11211,2023-11-10,23,227.8405617,311.0
11212,2023-11-11,0,195.9137076,349.0
11213,2023-11-11,1,158.6004698,381.0
11214,2023-11-11,2,189.0113688,238.0
11215,2023-11-11,3,199.2104865,238.0
11216,2023-11-11,4,216.646504,164.0
11217,2023-11-11,5,207.7018039,229.0
11218,2023-11-11,6,243.0337853,113.0
11219,2023-11-11,7,256.7163415,107.0
11220,2023-11-11,8,251.5129158,91.0
11221,2023-11-11,9,482.8780594,47.0
11222,2023-11-11,10,401.9188094,65.0
11223,2023-11-11,11,400.2244131,74.0
11224,2023-11-11,12,267.8400761,96.0
11225,2023-11-11,13,219.1982036,200.0
11226,2023-11-11,14,204.9020047,303.0
11227,2023-11-11,15,223.2274498,203.0
11228,2023-11-11,16,175.7220529,287.0
11229,2023-11-11,17,191.278086,244.0
11230,2023-11-11,18,208.6006095,250.0
11231,2023-11-11,19,231.1507444,288.0
11232,2023-11-11,20,148.2763837,318.0
11233,2023-11-11,21,276.5749605,163.0
11234,2023-11-11,22,174.721483,238.0
11235,2023-11-11,23,214.1082657,185.0
11236,2023-11-12,0,183.1322315,334.0
11237,2023-11-12,1,227.9257516,278.0
11238,2023-11-12,2,189.357338,205.0
11239,2023-11-12,3,192.0208285,247.0
11240,2023-11-12,4,238.0635862,181.0
11241,2023-11-12,5,230.0547551,202.0
11242,2023-11-12,6,209.4946571,142.0
11243,2023-11-12,7,288.9774488,73.0
11244,2023-11-12,8,316.7061277,73.0
11245,2023-11-12,9,417.8488807,55.0
11246,2023-11-12,10,330.0121571,71.0
11247,2023-11-12,11,427.7873951,54.0
11248,2023-11-12,12,257.1878889,102.0
11249,2023-11-12,13,249.0710116,146.0
11250,2023-11-12,14,195.6207887,243.0
11251,2023-11-12,15,219.3850007,211.0
11252,2023-11-12,16,215.4819441,200.0
11253,2023-11-12,17,194.5238036,207.0
11254,2023-11-12,18,185.4603029,307.0
11255,2023-11-12,19,173.9521554,334.0
11256,2023-11-12,20,219.2816443,304.0
11257,2023-11-12,21,194.1301801,249.0
11258,2023-11-12,22,201.728293,219.0
11259,2023-11-12,23,213.7568083,231.0
11260,2023-11-13,0,188.9321936,272.0
11261,2023-11-13,1,181.1957679,350.0
11262,2023-11-13,2,192.1352669,259.0
11263,2023-11-13,3,224.8078402,259.0
11264,2023-11-13,4,279.8516568,127.0
11265,2023-11-13,5,246.1103767,151.0
11266,2023-11-13,6,201.1711547,137.0
11267,2023-11-13,7,329.9943923,66.0
11268,2023-11-13,8,297.2202143,78.0
11269,2023-11-13,9,365.5192998,64.0
11270,2023-11-13,10,263.3666829,97.0
11271,2023-11-13,11,413.4109132,69.0
11272,2023-11-13,12,300.2347916,122.0
11273,2023-11-13,13,183.4493524,413.0
11274,2023-11-13,14,174.4838076,461.0
11275,2023-11-13,15,156.3405912,493.0
11276,2023-11-13,16,150.6949107,540.0
11277,2023-11-13,17,188.4779326,343.0
11278,2023-11-13,18,172.5099422,385.0
11279,2023-11-13,19,204.3367975,355.0
11280,2023-11-13,20,217.5801281,358.0
11281,2023-11-13,21,194.2390279,322.0
11282,2023-11-13,22,182.7429259,311.0
11283,2023-11-13,23,176.3202945,294.0
11284,2023-11-14,0,165.3669231,418.0
11285,2023-11-14,1,208.941045,296.0
11286,2023-11-14,2,196.8636796,297.0
11287,2023-11-14,3,225.1688315,247.0
11288,2023-11-14,4,235.9598589,215.0
11289,2023-11-14,5,254.2897558,174.0
11290,2023-11-14,6,175.6394612,147.0
11291,2023-11-14,7,265.946778,85.0
11292,2023-11-14,8,303.3525718,77.0
11293,2023-11-14,9,402.4716072,65.0
11294,2023-11-14,10,324.65283,81.0
11295,2023-11-14,11,280.687834,116.0
11296,2023-11-14,12,280.4471395,115.0
11297,2023-11-14,13,179.2656489,467.0
11298,2023-11-14,14,192.7974957,288.0
11299,2023-11-14,15,218.1214709,266.0
11300,2023-11-14,16,194.4887302,342.0
11301,2023-11-14,17,191.1113308,250.0
11302,2023-11-14,18,171.5001408,429.0
11303,2023-11-14,19,175.507611,452.0
11304,2023-11-14,20,210.6879798,356.0
11305,2023-11-14,21,188.5537035,403.0
11306,2023-11-14,22,194.6005783,316.0
11307,2023-11-14,23,205.9971402,292.0
11308,2023-11-15,0,193.2441176,340.0
11309,2023-11-15,1,209.5412948,278.0
11310,2023-11-15,2,192.5395952,295.0
11311,2023-11-15,3,214.6849235,279.0
11312,2023-11-15,4,251.2589435,162.0
11313,2023-11-15,5,298.9810738,136.0
11314,2023-11-15,6,197.578153,150.0
11315,2023-11-15,7,264.1172981,98.0
11316,2023-11-15,8,311.9362458,73.0
11317,2023-11-15,9,413.632725,76.0
11318,2023-11-15,10,312.8473507,87.0
11319,2023-11-15,11,269.3661358,108.0
11320,2023-11-15,12,194.0090688,201.0
11321,2023-11-15,13,193.5513427,400.0
11322,2023-11-15,14,220.7965019,365.0
11323,2023-11-15,15,170.1564146,268.0
11324,2023-11-15,16,200.7984716,314.0
11325,2023-11-15,17,196.0711593,400.0
11326,2023-11-15,18,193.7969359,390.0
11327,2023-11-15,19,219.2530531,275.0
11328,2023-11-15,20,215.2851725,258.0
11329,2023-11-15,21,171.1137486,338.0
11330,2023-11-15,22,170.09963,343.0
11331,2023-11-15,23,171.2296277,418.0
11332,2023-11-16,0,199.5514145,255.0
11333,2023-11-16,1,192.1366044,376.0
11334,2023-11-16,2,189.914296,296.0
11335,2023-11-16,3,208.2542398,247.0
11336,2023-11-16,4,201.7861601,179.0
11337,2023-11-16,5,274.5610463,225.0
11338,2023-11-16,6,230.2593214,133.0
11339,2023-11-16,7,255.4997733,105.0
11340,2023-11-16,8,294.8348356,68.0
11341,2023-11-16,9,446.2928092,56.0
11342,2023-11-16,10,334.5107935,96.0
11343,2023-11-16,11,282.4251505,100.0
11344,2023-11-16,12,255.3230804,140.0
11345,2023-11-16,13,176.0256939,362.0
11346,2023-11-16,14,215.3829095,376.0
11347,2023-11-16,15,165.7495128,409.0
11348,2023-11-16,16,186.6200342,403.0
11349,2023-11-16,17,204.6369347,261.0
11350,2023-11-16,18,196.2275438,428.0
11351,2023-11-16,19,178.4419282,436.0
11352,2023-11-16,20,197.5963815,326.0
11353,2023-11-16,21,166.6356523,303.0
11354,2023-11-16,22,209.2716517,246.0
11355,2023-11-16,23,154.0816524,355.0
11356,2023-11-17,0,174.9344536,384.0
11357,2023-11-17,1,173.9311756,384.0
11358,2023-11-17,2,188.6955731,329.0
11359,2023-11-17,3,183.5920259,311.0
11360,2023-11-17,4,248.9407359,185.0
11361,2023-11-17,5,313.8729293,138.0
11362,2023-11-17,6,224.710742,116.0
11363,2023-11-17,7,222.310762,117.0
11364,2023-11-17,8,342.1360296,78.0
11365,2023-11-17,9,538.4251643,39.0
11366,2023-11-17,10,337.6432969,79.0
11367,2023-11-17,11,236.962115,130.0
11368,2023-11-17,12,164.2124369,189.0
11369,2023-11-17,13,164.3145127,453.0
11370,2023-11-17,14,186.9757988,423.0
11371,2023-11-17,15,172.6917012,401.0
11372,2023-11-17,16,203.5556202,380.0
11373,2023-11-17,17,188.1045279,342.0
11374,2023-11-17,18,177.8620354,405.0
11375,2023-11-17,19,185.265719,405.0
11376,2023-11-17,20,150.4732726,384.0
11377,2023-11-17,21,206.2738634,382.0
11378,2023-11-17,22,150.0967708,506.0
11379,2023-11-17,23,233.1636935,312.0
11380,2023-11-18,0,223.7108564,324.0
11381,2023-11-18,1,160.1145466,310.0
11382,2023-11-18,2,220.394308,225.0
11383,2023-11-18,3,192.3174943,323.0
11384,2023-11-18,4,195.6380695,232.0
11385,2023-11-18,5,157.0682241,326.0
11386,2023-11-18,6,242.4519095,133.0
11387,2023-11-18,7,282.5811341,89.0
11388,2023-11-18,8,231.6773468,101.0
11389,2023-11-18,9,520.3367982,49.0
11390,2023-11-18,10,481.8337795,52.0
11391,2023-11-18,11,367.4113283,65.0
11392,2023-11-18,12,221.001836,125.0
11393,2023-11-18,13,220.6420826,189.0
11394,2023-11-18,14,190.2524897,247.0
11395,2023-11-18,15,223.6969485,215.0
11396,2023-11-18,16,190.9779968,290.0
11397,2023-11-18,17,228.4475821,305.0
11398,2023-11-18,18,187.552604,387.0
11399,2023-11-18,19,235.665793,270.0
11400,2023-11-18,20,179.4455058,341.0
11401,2023-11-18,21,194.0512138,232.0
11402,2023-11-18,22,182.9206572,374.0
11403,2023-11-18,23,211.1335604,291.0
11404,2023-11-19,0,223.5799553,271.0
11405,2023-11-19,1,211.1442326,218.0
11406,2023-11-19,2,217.4630465,240.0
11407,2023-11-19,3,236.0735022,234.0
11408,2023-11-19,4,213.0517932,188.0
11409,2023-11-19,5,222.4113755,230.0
11410,2023-11-19,6,253.3061656,141.0
11411,2023-11-19,7,305.345679,87.0
11412,2023-11-19,8,227.1850765,116.0
11413,2023-11-19,9,397.5604203,58.0
11414,2023-11-19,10,372.7588253,78.0
11415,2023-11-19,11,348.2965638,90.0
11416,2023-11-19,12,218.8550457,143.0
11417,2023-11-19,13,310.1090955,102.0
11418,2023-11-19,14,225.5393806,231.0
11419,2023-11-19,15,253.878102,150.0
11420,2023-11-19,16,214.7844087,279.0
11421,2023-11-19,17,221.7646056,196.0
11422,2023-11-19,18,192.3810998,271.0
11423,2023-11-19,19,186.8260626,258.0
11424,2023-11-19,20,188.8129957,272.0
11425,2023-11-19,21,169.4623466,378.0
11426,2023-11-19,22,193.8696711,262.0
11427,2023-11-19,23,216.5994022,244.0
11428,2023-11-20,0,186.3712437,387.0
11429,2023-11-20,1,177.4411154,392.0
11430,2023-11-20,2,195.1836027,369.0
11431,2023-11-20,3,177.7005622,369.0
11432,2023-11-20,4,226.1822743,192.0
11433,2023-11-20,5,223.2985942,165.0
11434,2023-11-20,6,204.990203,126.0
11435,2023-11-20,7,264.4228842,91.0
11436,2023-11-20,8,326.8687026,84.0
11437,2023-11-20,9,355.9606859,58.0
11438,2023-11-20,10,398.8961275,60.0
11439,2023-11-20,11,343.1696929,91.0
11440,2023-11-20,12,251.5128142,144.0
11441,2023-11-20,13,135.8265577,437.0
11442,2023-11-20,14,162.9461799,560.0
11443,2023-11-20,15,165.7092328,368.0
11444,2023-11-20,16,166.378342,435.0
11445,2023-11-20,17,182.5418933,349.0
11446,2023-11-20,18,203.9269142,335.0
11447,2023-11-20,19,181.4510283,428.0
11448,2023-11-20,20,210.8693904,244.0
11449,2023-11-20,21,201.8920377,281.0
11450,2023-11-20,22,180.0377615,319.0
11451,2023-11-20,23,203.7894825,293.0
11452,2023-11-21,0,205.15796,256.0
11453,2023-11-21,1,197.773685,338.0
11454,2023-11-21,2,174.2206397,347.0
11455,2023-11-21,3,234.3712572,223.0
11456,2023-11-21,4,212.2774638,200.0
11457,2023-11-21,5,216.0559396,191.0
11458,2023-11-21,6,295.1256584,96.0
11459,2023-11-21,7,276.402195,100.0
11460,2023-11-21,8,263.9852942,103.0
11461,2023-11-21,9,283.5378102,88.0
11462,2023-11-21,10,388.3831704,68.0
11463,2023-11-21,11,358.6800995,82.0
11464,2023-11-21,12,264.073253,125.0
11465,2023-11-21,13,164.5765092,401.0
11466,2023-11-21,14,203.6509929,339.0
11467,2023-11-21,15,224.0262143,324.0
11468,2023-11-21,16,196.3482697,355.0
11469,2023-11-21,17,230.9190727,262.0
11470,2023-11-21,18,189.428373,336.0
11471,2023-11-21,19,155.3048166,435.0
11472,2023-11-21,20,211.3205594,303.0
11473,2023-11-21,21,171.5322389,459.0
11474,2023-11-21,22,161.0303268,397.0
11475,2023-11-21,23,202.6384666,361.0
11476,2023-11-22,0,185.3673288,334.0
11477,2023-11-22,1,173.2800506,361.0
11478,2023-11-22,2,195.3300289,516.0
11479,2023-11-22,3,206.205957,299.0
11480,2023-11-22,4,207.6424586,208.0
11481,2023-11-22,5,219.0446118,189.0
11482,2023-11-22,6,241.9260489,181.0
11483,2023-11-22,7,241.8747115,118.0
11484,2023-11-22,8,254.023733,111.0
11485,2023-11-22,9,325.1838449,77.0
11486,2023-11-22,10,335.8741236,75.0
11487,2023-11-22,11,303.97344,86.0
11488,2023-11-22,12,299.9499845,122.0
11489,2023-11-22,13,229.9181359,227.0
11490,2023-11-22,14,231.9293859,246.0
11491,2023-11-22,15,223.1589866,304.0
11492,2023-11-22,16,226.5483011,255.0
11493,2023-11-22,17,201.3443546,337.0
11494,2023-11-22,18,189.7373584,343.0
11495,2023-11-22,19,191.6044929,289.0
11496,2023-11-22,20,198.0935632,340.0
11497,2023-11-22,21,174.3117933,533.0
11498,2023-11-22,22,231.6288187,359.0
11499,2023-11-22,23,182.7059406,245.0
11500,2023-11-23,0,200.1024842,266.0
11501,2023-11-23,1,189.9356583,317.0
11502,2023-11-23,2,199.6474464,305.0
11503,2023-11-23,3,213.268635,222.0
11504,2023-11-23,4,264.8517636,181.0
11505,2023-11-23,5,285.6996222,155.0
11506,2023-11-23,6,247.9444092,130.0
11507,2023-11-23,7,241.3056779,114.0
11508,2023-11-23,8,253.2050451,104.0
11509,2023-11-23,9,383.1003494,68.0
11510,2023-11-23,10,382.3041828,64.0
11511,2023-11-23,11,307.1578589,84.0
11512,2023-11-23,12,354.3964498,107.0
11513,2023-11-23,13,238.7796597,136.0
11514,2023-11-23,14,246.6477976,189.0
11515,2023-11-23,15,247.5296158,200.0
11516,2023-11-23,16,227.1520007,156.0
11517,2023-11-23,17,192.573588,219.0
11518,2023-11-23,18,245.9009496,242.0
11519,2023-11-23,19,174.5117415,330.0
11520,2023-11-23,20,244.2467484,236.0
11521,2023-11-23,21,226.6502297,163.0
11522,2023-11-23,22,240.6707524,174.0
11523,2023-11-23,23,213.5515697,209.0
11524,2023-11-24,0,187.7912025,199.0
11525,2023-11-24,1,201.8566164,235.0
11526,2023-11-24,2,224.6753795,217.0
11527,2023-11-24,3,269.0221731,171.0
11528,2023-11-24,4,210.0607959,158.0
11529,2023-11-24,5,229.7253877,165.0
11530,2023-11-24,6,247.8747002,105.0
11531,2023-11-24,7,250.5668345,95.0
11532,2023-11-24,8,288.7903941,88.0
11533,2023-11-24,9,480.795854,48.0
11534,2023-11-24,10,323.4925607,72.0
11535,2023-11-24,11,411.7216957,65.0
11536,2023-11-24,12,327.8368017,103.0
11537,2023-11-24,13,245.6967333,197.0
11538,2023-11-24,14,269.557926,163.0
11539,2023-11-24,15,216.4583892,269.0
11540,2023-11-24,16,198.6633973,343.0
11541,2023-11-24,17,228.4016035,247.0
11542,2023-11-24,18,218.5224101,274.0
11543,2023-11-24,19,224.1049778,298.0
11544,2023-11-24,20,174.4055801,251.0
11545,2023-11-24,21,202.9183966,270.0
11546,2023-11-24,22,212.6384504,228.0
11547,2023-11-24,23,194.5898025,320.0
11548,2023-11-25,0,180.7820034,337.0
11549,2023-11-25,1,245.5414293,238.0
11550,2023-11-25,2,170.9624884,290.0
11551,2023-11-25,3,180.5333011,284.0
11552,2023-11-25,4,235.3940018,175.0
11553,2023-11-25,5,187.0236749,268.0
11554,2023-11-25,6,251.4084401,158.0
11555,2023-11-25,7,234.0379202,127.0
11556,2023-11-25,8,258.2779409,86.0
11557,2023-11-25,9,575.1971133,38.0
11558,2023-11-25,10,345.4752319,63.0
11559,2023-11-25,11,441.2441108,56.0
11560,2023-11-25,12,310.6991886,105.0
11561,2023-11-25,13,268.4618999,202.0
11562,2023-11-25,14,203.3601066,248.0
11563,2023-11-25,15,221.3058114,224.0
11564,2023-11-25,16,237.043774,242.0
11565,2023-11-25,17,226.2553952,309.0
11566,2023-11-25,18,188.432478,355.0
11567,2023-11-25,19,197.5688322,333.0
11568,2023-11-25,20,224.4720087,258.0
11569,2023-11-25,21,249.4547807,252.0
11570,2023-11-25,22,190.8151928,249.0
11571,2023-11-25,23,215.0188442,263.0
11572,2023-11-26,0,202.9093683,262.0
11573,2023-11-26,1,222.4390501,214.0
11574,2023-11-26,2,226.7421428,280.0
11575,2023-11-26,3,219.1216768,217.0
11576,2023-11-26,4,248.5533799,166.0
11577,2023-11-26,5,225.1008875,204.0
11578,2023-11-26,6,216.6181773,187.0
11579,2023-11-26,7,270.0527133,104.0
11580,2023-11-26,8,306.5941184,90.0
11581,2023-11-26,9,463.4779567,57.0
11582,2023-11-26,10,367.72081,68.0
11583,2023-11-26,11,404.5931715,59.0
11584,2023-11-26,12,394.4959421,71.0
11585,2023-11-26,13,323.3185574,91.0
11586,2023-11-26,14,202.924109,242.0
11587,2023-11-26,15,256.4977032,232.0
11588,2023-11-26,16,234.5233391,204.0
11589,2023-11-26,17,209.6928953,209.0
11590,2023-11-26,18,170.3403632,317.0
11591,2023-11-26,19,208.7936599,254.0
11592,2023-11-26,20,214.4921551,325.0
11593,2023-11-26,21,206.7475564,326.0
11594,2023-11-26,22,223.817499,315.0
11595,2023-11-26,23,218.2985681,368.0
11596,2023-11-27,0,215.1959441,301.0
11597,2023-11-27,1,220.2456705,282.0
11598,2023-11-27,2,185.0200729,305.0
11599,2023-11-27,3,189.6714079,265.0
11600,2023-11-27,4,212.2840502,196.0
11601,2023-11-27,5,275.8936716,147.0
11602,2023-11-27,6,249.0902507,110.0
11603,2023-11-27,7,280.8951838,90.0
11604,2023-11-27,8,238.8313172,109.0
11605,2023-11-27,9,451.4622395,63.0
11606,2023-11-27,10,370.1638577,70.0
11607,2023-11-27,11,263.2730264,92.0
11608,2023-11-27,12,238.6062909,158.0
11609,2023-11-27,13,217.6304197,284.0
11610,2023-11-27,14,213.1128715,334.0
11611,2023-11-27,15,201.0979773,379.0
11612,2023-11-27,16,187.5504951,487.0
11613,2023-11-27,17,207.136743,381.0
11614,2023-11-27,18,214.0417679,410.0
11615,2023-11-27,19,186.8379306,373.0
11616,2023-11-27,20,156.8868024,479.0
11617,2023-11-27,21,204.6902889,388.0
11618,2023-11-27,22,177.5505943,371.0
11619,2023-11-27,23,217.1292885,320.0
11620,2023-11-28,0,195.1822137,443.0
11621,2023-11-28,1,234.2453947,376.0
11622,2023-11-28,2,196.5085835,300.0
11623,2023-11-28,3,200.710528,313.0
11624,2023-11-28,4,228.7667589,209.0
11625,2023-11-28,5,252.1101264,159.0
11626,2023-11-28,6,263.0532758,140.0
11627,2023-11-28,7,290.911837,94.0
11628,2023-11-28,8,305.7562214,97.0
11629,2023-11-28,9,409.666585,71.0
11630,2023-11-28,10,453.1244603,60.0
11631,2023-11-28,11,299.7646334,120.0
11632,2023-11-28,12,281.3767056,135.0
11633,2023-11-28,13,180.3651059,284.0
11634,2023-11-28,14,182.9113001,345.0
11635,2023-11-28,15,186.9901056,426.0
11636,2023-11-28,16,191.4846471,286.0
11637,2023-11-28,17,169.3318666,362.0
11638,2023-11-28,18,175.0051361,418.0
11639,2023-11-28,19,187.1844421,367.0
11640,2023-11-28,20,166.1225987,414.0
11641,2023-11-28,21,153.1637409,389.0
11642,2023-11-28,22,164.6517404,444.0
11643,2023-11-28,23,181.377644,321.0
11644,2023-11-29,0,213.0236116,382.0
11645,2023-11-29,1,197.1270914,277.0
11646,2023-11-29,2,183.9228004,289.0
11647,2023-11-29,3,205.5257549,215.0
11648,2023-11-29,4,217.3239547,195.0
11649,2023-11-29,5,226.2714898,182.0
11650,2023-11-29,6,248.081848,137.0
11651,2023-11-29,7,252.5135683,102.0
11652,2023-11-29,8,276.7830533,98.0
11653,2023-11-29,9,397.8949188,67.0
11654,2023-11-29,10,384.9482493,66.0
11655,2023-11-29,11,314.7852809,103.0
11656,2023-11-29,12,296.0203736,116.0
11657,2023-11-29,13,215.8024828,343.0
11658,2023-11-29,14,187.1021485,377.0
11659,2023-11-29,15,193.8826949,389.0
11660,2023-11-29,16,216.3947623,286.0
11661,2023-11-29,17,240.3024809,417.0
11662,2023-11-29,18,180.7431948,359.0
11663,2023-11-29,19,233.998553,273.0
11664,2023-11-29,20,203.6180084,340.0
11665,2023-11-29,21,202.3523495,355.0
11666,2023-11-29,22,197.2399799,321.0
11667,2023-11-29,23,185.9915839,401.0
11668,2023-11-30,0,208.0931749,332.0
11669,2023-11-30,1,194.097218,371.0
11670,2023-11-30,2,150.3851338,365.0
11671,2023-11-30,3,143.9919115,324.0
11672,2023-11-30,4,239.7962835,155.0
11673,2023-11-30,5,267.6828494,148.0
11674,2023-11-30,6,201.1276734,124.0
11675,2023-11-30,7,270.6286915,105.0
11676,2023-11-30,8,256.001551,108.0
11677,2023-11-30,9,438.9835086,51.0
11678,2023-11-30,10,381.2126821,62.0
11679,2023-11-30,11,286.7818217,121.0
11680,2023-11-30,12,297.1398878,166.0
11681,2023-11-30,13,227.1356566,279.0
11682,2023-11-30,14,205.4977187,288.0
11683,2023-11-30,15,194.220322,345.0
11684,2023-11-30,16,229.8554107,242.0
11685,2023-11-30,17,197.7295781,284.0
11686,2023-11-30,18,191.4012588,324.0
11687,2023-11-30,19,165.0650421,430.0
11688,2023-11-30,20,188.8267534,300.0
11689,2023-11-30,21,201.6117273,376.0
11690,2023-11-30,22,212.8914719,297.0
11691,2023-11-30,23,231.0636663,316.0
11692,2023-12-01,0,175.8777128,305.0
11693,2023-12-01,1,195.7183393,287.0
11694,2023-12-01,2,189.0188007,331.0
11695,2023-12-01,3,234.3273384,304.0
11696,2023-12-01,4,219.001327,210.0
11697,2023-12-01,5,215.8767493,204.0
11698,2023-12-01,6,193.8334883,186.0
11699,2023-12-01,7,216.5408415,135.0
11700,2023-12-01,8,214.9754751,127.0
11701,2023-12-01,9,343.2596965,69.0
11702,2023-12-01,10,427.4985839,67.0
11703,2023-12-01,11,362.4105159,73.0
11704,2023-12-01,12,255.7561783,176.0
11705,2023-12-01,13,217.9431942,291.0
11706,2023-12-01,14,165.7833113,396.0
11707,2023-12-01,15,170.9558773,509.0
11708,2023-12-01,16,205.8310211,383.0
11709,2023-12-01,17,230.7257459,293.0
11710,2023-12-01,18,211.138315,307.0
11711,2023-12-01,19,204.628331,248.0
11712,2023-12-01,20,166.0528938,326.0
11713,2023-12-01,21,222.0491951,240.0
11714,2023-12-01,22,227.7495285,236.0
11715,2023-12-01,23,205.4060419,278.0
11716,2023-12-02,0,181.0179257,292.0
11717,2023-12-02,1,208.2861732,257.0
11718,2023-12-02,2,206.2538075,245.0
11719,2023-12-02,3,214.0110878,302.0
11720,2023-12-02,4,234.2283755,208.0
11721,2023-12-02,5,192.4594928,297.0
11722,2023-12-02,6,259.2316719,112.0
11723,2023-12-02,7,464.5523497,66.0
11724,2023-12-02,8,153.8205393,177.0
11725,2023-12-02,9,441.9196177,51.0
11726,2023-12-02,10,476.7534657,50.0
11727,2023-12-02,11,487.3481939,55.0
11728,2023-12-02,12,313.7893844,104.0
11729,2023-12-02,13,185.6164011,229.0
11730,2023-12-02,14,228.1982157,171.0
11731,2023-12-02,15,253.5499524,238.0
11732,2023-12-02,16,202.744943,277.0
11733,2023-12-02,17,219.207699,236.0
11734,2023-12-02,18,207.6482868,352.0
11735,2023-12-02,19,201.1281758,346.0
11736,2023-12-02,20,195.0160472,274.0
11737,2023-12-02,21,220.5291539,324.0
11738,2023-12-02,22,253.0100646,375.0
11739,2023-12-02,23,240.5642109,244.0
11740,2023-12-03,0,224.6976732,294.0
11741,2023-12-03,1,227.4728978,243.0
11742,2023-12-03,2,250.5918686,292.0
11743,2023-12-03,3,198.6318626,266.0
11744,2023-12-03,4,210.5041269,262.0
11745,2023-12-03,5,232.9091186,198.0
11746,2023-12-03,6,236.3610034,155.0
11747,2023-12-03,7,309.5465008,93.0
11748,2023-12-03,8,261.1717509,114.0
11749,2023-12-03,9,426.3283299,59.0
11750,2023-12-03,10,292.5855183,89.0
11751,2023-12-03,11,455.9034193,55.0
11752,2023-12-03,12,249.8854562,157.0
11753,2023-12-03,13,270.807817,148.0
11754,2023-12-03,14,210.3976981,259.0
11755,2023-12-03,15,186.501515,251.0
11756,2023-12-03,16,221.8740386,302.0
11757,2023-12-03,17,216.9212399,356.0
11758,2023-12-03,18,208.70195,333.0
11759,2023-12-03,19,181.9485325,264.0
11760,2023-12-03,20,222.0752724,320.0
11761,2023-12-03,21,221.2444893,310.0
11762,2023-12-03,22,191.7223712,240.0
11763,2023-12-03,23,234.9270502,213.0
11764,2023-12-04,0,189.298397,283.0
11765,2023-12-04,1,246.2016959,259.0
11766,2023-12-04,2,168.2915349,344.0
11767,2023-12-04,3,214.8809349,244.0
11768,2023-12-04,4,241.9700129,156.0
11769,2023-12-04,5,241.2455955,142.0
11770,2023-12-04,6,288.3443597,107.0
11771,2023-12-04,7,273.0051555,86.0
11772,2023-12-04,8,257.0701847,114.0
11773,2023-12-04,9,421.2760388,59.0
11774,2023-12-04,10,451.2190859,53.0
11775,2023-12-04,11,415.1617971,73.0
11776,2023-12-04,12,317.8278915,136.0
11777,2023-12-04,13,198.0187867,288.0
11778,2023-12-04,14,174.7578094,291.0
11779,2023-12-04,15,201.8332833,320.0
11780,2023-12-04,16,192.0040894,284.0
11781,2023-12-04,17,188.5009702,313.0
11782,2023-12-04,18,191.8504716,336.0
11783,2023-12-04,19,206.2382175,273.0
11784,2023-12-04,20,182.7163257,335.0
11785,2023-12-04,21,158.0522214,310.0
11786,2023-12-04,22,182.1090182,280.0
11787,2023-12-04,23,194.6870451,339.0
11788,2023-12-05,0,185.0701009,321.0
11789,2023-12-05,1,167.7606422,354.0
11790,2023-12-05,2,213.9181808,253.0
11791,2023-12-05,3,227.6722148,227.0
11792,2023-12-05,4,271.8154319,122.0
11793,2023-12-05,5,257.5165374,173.0
11794,2023-12-05,6,283.0660921,100.0
11795,2023-12-05,7,270.0354436,88.0
11796,2023-12-05,8,199.1246184,136.0
11797,2023-12-05,9,358.566061,77.0
11798,2023-12-05,10,409.2761188,59.0
11799,2023-12-05,11,372.2777926,70.0
11800,2023-12-05,12,265.8118902,118.0
11801,2023-12-05,13,208.1814795,254.0
11802,2023-12-05,14,222.0445526,273.0
11803,2023-12-05,15,204.9910871,313.0
11804,2023-12-05,16,207.0939261,237.0
11805,2023-12-05,17,205.633768,216.0
11806,2023-12-05,18,198.5747047,334.0
11807,2023-12-05,19,233.2440726,286.0
11808,2023-12-05,20,221.6159921,329.0
11809,2023-12-05,21,220.0614142,314.0
11810,2023-12-05,22,188.0459858,317.0
11811,2023-12-05,23,215.8638435,351.0
11812,2023-12-06,0,180.0745677,411.0
11813,2023-12-06,1,199.9669369,293.0
11814,2023-12-06,2,201.8477026,255.0
11815,2023-12-06,3,181.4318393,246.0
11816,2023-12-06,4,162.3396701,155.0
11817,2023-12-06,5,138.7073647,143.0
11818,2023-12-06,6,143.4425206,89.0
11819,2023-12-06,7,213.0294562,59.0
11820,2023-12-06,8,153.8863296,59.0
11821,2023-12-06,9,153.5261872,39.0
11822,2023-12-06,10,195.2386029,70.0
11823,2023-12-06,11,134.0882686,76.0
11824,2023-12-06,12,159.7207165,131.0
11825,2023-12-06,13,159.9939473,173.0
11826,2023-12-06,14,156.0640301,255.0
11827,2023-12-06,15,133.9923585,225.0
11828,2023-12-06,16,137.7758904,284.0
11829,2023-12-06,17,141.3251432,249.0
11830,2023-12-06,18,147.4229536,311.0
11831,2023-12-06,19,166.2392906,276.0
11832,2023-12-06,20,125.1400436,345.0
11833,2023-12-06,21,142.8849548,363.0
11834,2023-12-06,22,141.3455802,263.0
11835,2023-12-06,23,137.5475077,277.0
11836,2023-12-07,0,147.5334944,488.0
11837,2023-12-07,1,139.3623557,409.0
11838,2023-12-07,2,159.3586874,334.0
11839,2023-12-07,3,136.5545336,364.0
11840,2023-12-07,4,116.2669913,174.0
11841,2023-12-07,5,158.0148839,160.0
11842,2023-12-07,6,161.8566951,61.0
11843,2023-12-07,7,71.50220871,17.0
11844,2023-12-07,8,53.05721616,64.0
11845,2023-12-07,9,30.99086742,59.0
11846,2023-12-07,10,89.10047013,44.0
11847,2023-12-07,11,133.189569,79.0
11848,2023-12-07,12,135.4093393,144.0
11849,2023-12-07,13,159.0767141,242.0
11850,2023-12-07,14,141.1064894,268.0
11851,2023-12-07,15,132.9192995,330.0
11852,2023-12-07,16,127.2382059,327.0
11853,2023-12-07,17,113.7359705,281.0
11854,2023-12-07,18,171.540056,374.0
11855,2023-12-07,19,147.8951254,332.0
11856,2023-12-07,20,163.3562624,302.0
11857,2023-12-07,21,131.5937115,323.0
11858,2023-12-07,22,137.6577601,300.0
11859,2023-12-07,23,147.7668175,300.0
11860,2023-12-08,0,171.8142583,371.0
11861,2023-12-08,1,146.4482816,366.0
11862,2023-12-08,2,151.1117989,324.0
11863,2023-12-08,3,125.583157,289.0
11864,2023-12-08,4,133.6148084,216.0
11865,2023-12-08,5,169.4728715,128.0
11866,2023-12-08,6,168.9848295,69.0
11867,2023-12-08,7,141.2789638,34.0
11868,2023-12-08,8,104.4727356,68.0
11869,2023-12-08,9,74.18058957,28.0
11870,2023-12-08,10,119.2987032,72.0
11871,2023-12-08,11,132.803888,57.0
11872,2023-12-08,12,126.9055877,138.0
11873,2023-12-08,13,147.0497584,349.0
11874,2023-12-08,14,187.8385854,376.0
11875,2023-12-08,15,115.5049028,370.0
11876,2023-12-08,16,146.0234177,294.0
11877,2023-12-08,17,174.2031726,219.0
11878,2023-12-08,18,133.7999468,269.0
11879,2023-12-08,19,159.6313884,249.0
11880,2023-12-08,20,152.662184,331.0
11881,2023-12-08,21,166.0404199,245.0
11882,2023-12-08,22,152.9054811,290.0
11883,2023-12-08,23,143.9621503,201.0
11884,2023-12-09,0,135.87831,238.0
11885,2023-12-09,1,162.6350827,189.0
11886,2023-12-09,2,154.516876,264.0
11887,2023-12-09,3,145.2583864,188.0
11888,2023-12-09,4,104.0684125,159.0
11889,2023-12-09,5,147.206599,195.0
11890,2023-12-09,6,200.6997045,50.0
11891,2023-12-09,7,141.6366998,95.0
11892,2023-12-09,8,66.57696478,59.0
11893,2023-12-09,9,184.7956789,21.0
11894,2023-12-09,10,124.9222385,15.0
11895,2023-12-09,11,151.699292,39.0
11896,2023-12-09,12,134.5644095,77.0
11897,2023-12-09,13,159.0691225,98.0
11898,2023-12-09,14,108.5150293,210.0
11899,2023-12-09,15,134.6253578,192.0
11900,2023-12-09,16,126.6665167,260.0
11901,2023-12-09,17,145.0621453,200.0
11902,2023-12-09,18,160.5922993,229.0
11903,2023-12-09,19,145.4639394,250.0
11904,2023-12-09,20,138.0868067,264.0
11905,2023-12-09,21,159.4308001,192.0
11906,2023-12-09,22,184.4957322,235.0
11907,2023-12-09,23,131.936324,178.0
11908,2023-12-10,0,141.1058388,258.0
11909,2023-12-10,1,111.5475823,251.0
11910,2023-12-10,2,170.2765741,189.0
11911,2023-12-10,3,118.8640313,174.0
11912,2023-12-10,4,137.5297413,169.0
11913,2023-12-10,5,161.8834958,226.0
11914,2023-12-10,6,102.4001658,89.0
11915,2023-12-10,7,114.0609259,32.0
11916,2023-12-10,8,123.9477066,30.0
11917,2023-12-10,9,127.9954149,50.0
11918,2023-12-10,10,138.5283771,22.0
11919,2023-12-10,11,192.265012,43.0
11920,2023-12-10,12,176.9387633,62.0
11921,2023-12-10,13,133.6223796,129.0
11922,2023-12-10,14,155.678674,147.0
11923,2023-12-10,15,146.6133312,168.0
11924,2023-12-10,16,127.9379552,209.0
11925,2023-12-10,17,164.143795,242.0
11926,2023-12-10,18,175.1000162,192.0
11927,2023-12-10,19,148.7364372,263.0
11928,2023-12-10,20,192.0900497,234.0
11929,2023-12-10,21,118.2205611,239.0
11930,2023-12-10,22,150.6333136,246.0
11931,2023-12-10,23,153.0805417,252.0
11932,2023-12-11,0,149.6371435,303.0
11933,2023-12-11,1,131.0591817,402.0
11934,2023-12-11,2,164.7756424,297.0
11935,2023-12-11,3,123.3785397,194.0
11936,2023-12-11,4,101.2465602,187.0
11937,2023-12-11,5,170.9628184,176.0
11938,2023-12-11,6,149.7039216,64.0
11939,2023-12-11,7,126.0241859,30.0
11940,2023-12-11,8,110.6475627,56.0
11941,2023-12-11,9,68.40126753,20.0
11942,2023-12-11,10,100.7965871,25.0
11943,2023-12-11,11,131.1586082,57.0
11944,2023-12-11,12,143.2693827,126.0
11945,2023-12-11,13,154.6538438,235.0
11946,2023-12-11,14,181.548837,285.0
11947,2023-12-11,15,122.2204672,253.0
11948,2023-12-11,16,129.2872792,361.0
11949,2023-12-11,17,160.8230178,323.0
11950,2023-12-11,18,152.8813783,350.0
11951,2023-12-11,19,141.8685374,321.0
11952,2023-12-11,20,134.7899724,398.0
11953,2023-12-11,21,146.262914,394.0
11954,2023-12-11,22,190.0491792,309.0
11955,2023-12-11,23,163.134024,802.0
11956,2023-12-12,0,154.8700368,452.0
11957,2023-12-12,1,152.3448674,353.0
11958,2023-12-12,2,191.3524399,207.0
11959,2023-12-12,3,134.4874481,200.0
11960,2023-12-12,4,182.7613742,160.0
11961,2023-12-12,5,161.5481646,175.0
11962,2023-12-12,6,114.5602511,106.0
11963,2023-12-12,7,115.6267632,56.0
11964,2023-12-12,8,105.180279,45.0
11965,2023-12-12,9,96.46527045,10.0
11966,2023-12-12,10,90.85571299,29.0
11967,2023-12-12,11,129.1492587,98.0
11968,2023-12-12,12,124.6411886,97.0
11969,2023-12-12,13,170.0547607,189.0
11970,2023-12-12,14,135.0119045,335.0
11971,2023-12-12,15,149.2073594,282.0
11972,2023-12-12,16,140.9979372,387.0
11973,2023-12-12,17,155.8781523,360.0
11974,2023-12-12,18,152.8185874,348.0
11975,2023-12-12,19,117.0282743,293.0
11976,2023-12-12,20,134.0466213,271.0
11977,2023-12-12,21,162.22315,274.0
11978,2023-12-12,22,154.1277647,289.0
11979,2023-12-12,23,190.8149857,298.0
11980,2023-12-13,0,154.9107392,339.0
11981,2023-12-13,1,187.090302,303.0
11982,2023-12-13,2,180.3005653,278.0
11983,2023-12-13,3,164.2875038,168.0
11984,2023-12-13,4,156.1350924,112.0
11985,2023-12-13,5,97.351352,117.0
11986,2023-12-13,6,108.7844866,101.0
11987,2023-12-13,7,81.13760382,38.0
11988,2023-12-13,8,110.3326455,46.0
11989,2023-12-13,9,87.60556639,56.0
11990,2023-12-13,10,135.9024025,58.0
11991,2023-12-13,11,212.1708737,60.0
11992,2023-12-13,12,192.578973,95.0
11993,2023-12-13,13,109.811693,314.0
11994,2023-12-13,14,161.7186261,265.0
11995,2023-12-13,15,106.5298628,348.0
11996,2023-12-13,16,121.697942,331.0
11997,2023-12-13,17,117.067212,257.0
11998,2023-12-13,18,187.3621761,257.0
11999,2023-12-13,19,157.034521,286.0
12000,2023-12-13,20,258.0544791,273.0
12001,2023-12-13,21,215.3294652,227.0
12002,2023-12-13,22,143.7953135,352.0
12003,2023-12-13,23,153.0178466,239.0
12004,2023-12-14,0,169.695778,372.0
12005,2023-12-14,1,175.6477075,437.0
12006,2023-12-14,2,163.4695163,279.0
12007,2023-12-14,3,198.7387822,196.0
12008,2023-12-14,4,138.0322791,150.0
12009,2023-12-14,5,126.585267,127.0
12010,2023-12-14,6,151.3662555,61.0
12011,2023-12-14,7,118.5544971,61.0
12012,2023-12-14,8,198.0114877,44.0
12013,2023-12-14,9,103.3997712,50.0
12014,2023-12-14,10,156.9667102,35.0
12015,2023-12-14,11,138.326531,74.0
12016,2023-12-14,12,179.4263724,150.0
12017,2023-12-14,13,110.912928,351.0
12018,2023-12-14,14,140.3470565,368.0
12019,2023-12-14,15,142.3041903,349.0
12020,2023-12-14,16,109.8822166,401.0
12021,2023-12-14,17,143.7477053,288.0
12022,2023-12-14,18,168.6819641,353.0
12023,2023-12-14,19,119.2664638,437.0
12024,2023-12-14,20,184.0130051,279.0
12025,2023-12-14,21,163.3270743,244.0
12026,2023-12-14,22,156.2457478,258.0
12027,2023-12-14,23,133.4695444,250.0
12028,2023-12-15,0,177.9139386,301.0
12029,2023-12-15,1,196.1138909,261.0
12030,2023-12-15,2,164.7752727,231.0
12031,2023-12-15,3,144.2658399,243.0
12032,2023-12-15,4,134.1372096,214.0
12033,2023-12-15,5,119.7395063,113.0
12034,2023-12-15,6,186.3949492,112.0
12035,2023-12-15,7,186.4160697,59.0
12036,2023-12-15,8,191.9137719,30.0
12037,2023-12-15,9,105.7511983,53.0
12038,2023-12-15,10,229.3244699,39.0
12039,2023-12-15,11,180.1880233,60.0
12040,2023-12-15,12,142.3047784,88.0
12041,2023-12-15,13,123.4014368,441.0
12042,2023-12-15,14,145.3899887,354.0
12043,2023-12-15,15,135.2848659,293.0
12044,2023-12-15,16,140.2884997,274.0
12045,2023-12-15,17,139.8991529,378.0
12046,2023-12-15,18,151.021869,324.0
12047,2023-12-15,19,144.6636795,269.0
12048,2023-12-15,20,135.6715811,276.0
12049,2023-12-15,21,157.1734344,251.0
12050,2023-12-15,22,165.8933376,260.0
12051,2023-12-15,23,150.719671,339.0
12052,2023-12-16,0,173.4164625,351.0
12053,2023-12-16,1,178.9152789,265.0
12054,2023-12-16,2,152.8382187,298.0
12055,2023-12-16,3,196.7502871,204.0
12056,2023-12-16,4,129.6913317,132.0
12057,2023-12-16,5,182.8291834,165.0
12058,2023-12-16,6,132.7121498,107.0
12059,2023-12-16,7,140.5730577,52.0
12060,2023-12-16,8,180.9270561,26.0
12061,2023-12-16,9,160.8328434,30.0
12062,2023-12-16,10,96.32683201,42.0
12063,2023-12-16,11,141.0776554,31.0
12064,2023-12-16,12,166.3585327,71.0
12065,2023-12-16,13,174.9853838,134.0
12066,2023-12-16,14,146.5511509,155.0
12067,2023-12-16,15,131.2362435,253.0
12068,2023-12-16,16,145.9564207,212.0
12069,2023-12-16,17,141.8318311,262.0
12070,2023-12-16,18,126.817855,287.0
12071,2023-12-16,19,222.7486451,203.0
12072,2023-12-16,20,174.8810925,236.0
12073,2023-12-16,21,140.7185283,212.0
12074,2023-12-16,22,157.9165136,283.0
12075,2023-12-16,23,140.3033947,195.0
12076,2023-12-17,0,112.8909359,285.0
12077,2023-12-17,1,146.0612656,253.0
12078,2023-12-17,2,198.020691,233.0
12079,2023-12-17,3,168.8936724,233.0
12080,2023-12-17,4,111.5964028,263.0
12081,2023-12-17,5,128.2179029,234.0
12082,2023-12-17,6,111.8973188,56.0
12083,2023-12-17,7,80.45153873,23.0
12084,2023-12-17,8,132.0735066,43.0
12085,2023-12-17,9,133.4060197,32.0
12086,2023-12-17,10,116.5647002,26.0
12087,2023-12-17,11,146.1151716,24.0
12088,2023-12-17,12,112.5345832,61.0
12089,2023-12-17,13,132.9630423,72.0
12090,2023-12-17,14,140.3908774,125.0
12091,2023-12-17,15,93.71955418,194.0
12092,2023-12-17,16,112.9068762,261.0
12093,2023-12-17,17,212.0943764,192.0
12094,2023-12-17,18,150.9021672,283.0
12095,2023-12-17,19,168.9776075,244.0
12096,2023-12-17,20,170.2563331,242.0
12097,2023-12-17,21,161.0760999,225.0
12098,2023-12-17,22,147.5821114,268.0
12099,2023-12-17,23,130.8797662,252.0
12100,2023-12-18,0,148.4059506,295.0
12101,2023-12-18,1,160.0840363,234.0
12102,2023-12-18,2,204.4054169,281.0
12103,2023-12-18,3,130.1312178,222.0
12104,2023-12-18,4,171.0959656,159.0
12105,2023-12-18,5,143.5672857,152.0
12106,2023-12-18,6,109.2706428,102.0
12107,2023-12-18,7,48.81585628,43.0
12108,2023-12-18,8,104.112338,55.0
12109,2023-12-18,9,108.2385334,56.0
12110,2023-12-18,10,109.256078,21.0
12111,2023-12-18,11,151.3924425,43.0
12112,2023-12-18,12,140.0609726,106.0
12113,2023-12-18,13,114.2764156,379.0
12114,2023-12-18,14,181.3303154,327.0
12115,2023-12-18,15,128.7971277,322.0
12116,2023-12-18,16,156.7906324,347.0
12117,2023-12-18,17,136.6845112,337.0
12118,2023-12-18,18,143.2540517,407.0
12119,2023-12-18,19,112.9907429,329.0
12120,2023-12-18,20,98.97805783,275.0
12121,2023-12-18,21,160.5717083,271.0
12122,2023-12-18,22,169.2420278,205.0
12123,2023-12-18,23,166.7454826,259.0
12124,2023-12-19,0,191.6496762,324.0
12125,2023-12-19,1,153.5789501,320.0
12126,2023-12-19,2,169.8458926,263.0
12127,2023-12-19,3,240.1369691,173.0
12128,2023-12-19,4,196.7614968,210.0
12129,2023-12-19,5,128.4674612,85.0
12130,2023-12-19,6,301.0010667,70.0
12131,2023-12-19,7,59.20997478,60.0
12132,2023-12-19,8,101.4076188,27.0
12133,2023-12-19,9,108.5365225,53.0
12134,2023-12-19,10,173.3638516,49.0
12135,2023-12-19,11,71.91833733,49.0
12136,2023-12-19,12,146.7524907,89.0
12137,2023-12-19,13,106.9149395,363.0
12138,2023-12-19,14,117.8584261,242.0
12139,2023-12-19,15,157.3274427,274.0
12140,2023-12-19,16,129.8308079,297.0
12141,2023-12-19,17,142.2352052,262.0
12142,2023-12-19,18,157.5761172,295.0
12143,2023-12-19,19,152.7363545,250.0
12144,2023-12-19,20,166.6491776,252.0
12145,2023-12-19,21,147.7457522,269.0
12146,2023-12-19,22,161.9306477,260.0
12147,2023-12-19,23,161.7420721,257.0
12148,2023-12-20,0,209.9054142,271.0
12149,2023-12-20,1,184.8138186,267.0
12150,2023-12-20,2,131.1060129,301.0
12151,2023-12-20,3,150.3209668,255.0
12152,2023-12-20,4,167.4039706,238.0
12153,2023-12-20,5,97.82038832,96.0
12154,2023-12-20,6,214.8888436,62.0
12155,2023-12-20,7,197.4143993,34.0
12156,2023-12-20,8,162.2392284,32.0
12157,2023-12-20,9,110.9396016,39.0
12158,2023-12-20,10,178.8949354,30.0
12159,2023-12-20,11,100.4334709,66.0
12160,2023-12-20,12,124.8737155,113.0
12161,2023-12-20,13,127.1333027,378.0
12162,2023-12-20,14,134.0812031,296.0
12163,2023-12-20,15,137.8152068,349.0
12164,2023-12-20,16,132.802861,265.0
12165,2023-12-20,17,152.2485261,220.0
12166,2023-12-20,18,158.1700819,280.0
12167,2023-12-20,19,149.7099714,255.0
12168,2023-12-20,20,151.0752862,289.0
12169,2023-12-20,21,202.9764745,230.0
12170,2023-12-20,22,123.2801903,211.0
12171,2023-12-20,23,168.4855692,249.0
12172,2023-12-21,0,154.1345892,441.0
12173,2023-12-21,1,167.4413771,425.0
12174,2023-12-21,2,142.114235,383.0
12175,2023-12-21,3,161.9600103,204.0
12176,2023-12-21,4,124.834546,100.0
12177,2023-12-21,5,100.3183793,142.0
12178,2023-12-21,6,187.4939214,73.0
12179,2023-12-21,7,176.2291003,30.0
12180,2023-12-21,8,110.7795891,42.0
12181,2023-12-21,9,75.08448568,47.0
12182,2023-12-21,10,104.604348,72.0
12183,2023-12-21,11,150.6332441,45.0
12184,2023-12-21,12,124.1471745,92.0
12185,2023-12-21,13,107.7328149,312.0
12186,2023-12-21,14,151.5480912,318.0
12187,2023-12-21,15,132.4882258,302.0
12188,2023-12-21,16,135.0588032,332.0
12189,2023-12-21,17,125.1068258,282.0
12190,2023-12-21,18,138.3955347,218.0
12191,2023-12-21,19,133.149717,371.0
12192,2023-12-21,20,150.0847999,197.0
12193,2023-12-21,21,121.1964444,262.0
12194,2023-12-21,22,139.037045,281.0
12195,2023-12-21,23,216.3909524,311.0
12196,2023-12-22,0,156.4206885,266.0
12197,2023-12-22,1,148.9751152,177.0
12198,2023-12-22,2,167.7792394,233.0
12199,2023-12-22,3,149.8828566,204.0
12200,2023-12-22,4,190.5417283,116.0
12201,2023-12-22,5,97.95460252,89.0
12202,2023-12-22,6,212.2780744,118.0
12203,2023-12-22,7,170.6560783,45.0
12204,2023-12-22,8,102.0744531,46.0
12205,2023-12-22,9,148.4128521,47.0
12206,2023-12-22,10,99.67703127,47.0
12207,2023-12-22,11,128.94559,58.0
12208,2023-12-22,12,162.185905,173.0
12209,2023-12-22,13,184.6981567,214.0
12210,2023-12-22,14,201.1745187,269.0
12211,2023-12-22,15,133.6771548,220.0
12212,2023-12-22,16,164.76832,310.0
12213,2023-12-22,17,153.2387904,251.0
12214,2023-12-22,18,131.7978043,260.0
12215,2023-12-22,19,145.6833203,137.0
12216,2023-12-22,20,154.3048329,230.0
12217,2023-12-22,21,164.6710079,198.0
12218,2023-12-22,22,137.3670421,267.0
12219,2023-12-22,23,165.4489825,234.0
12220,2023-12-23,0,163.5800319,284.0
12221,2023-12-23,1,141.7786766,199.0
12222,2023-12-23,2,155.7291773,257.0
12223,2023-12-23,3,124.7199148,187.0
12224,2023-12-23,4,113.2907827,199.0
12225,2023-12-23,5,110.7765435,148.0
12226,2023-12-23,6,118.0287156,146.0
12227,2023-12-23,7,107.1365637,58.0
12228,2023-12-23,8,122.01132,60.0
12229,2023-12-23,9,95.36192627,25.0
12230,2023-12-23,10,147.8383599,27.0
12231,2023-12-23,11,171.0768274,32.0
12232,2023-12-23,12,209.1478663,97.0
12233,2023-12-23,13,108.7830809,137.0
12234,2023-12-23,14,175.9427999,128.0
12235,2023-12-23,15,127.893418,178.0
12236,2023-12-23,16,153.3676268,269.0
12237,2023-12-23,17,166.9193748,207.0
12238,2023-12-23,18,128.6025364,197.0
12239,2023-12-23,19,126.2383069,213.0
12240,2023-12-23,20,150.5338973,154.0
12241,2023-12-23,21,192.0978472,181.0
12242,2023-12-23,22,163.7343323,190.0
12243,2023-12-23,23,129.8941933,189.0
12244,2023-12-24,0,170.8831234,247.0
12245,2023-12-24,1,144.0889184,185.0
12246,2023-12-24,2,127.3546143,202.0
12247,2023-12-24,3,134.7968202,154.0
12248,2023-12-24,4,137.8548223,153.0
12249,2023-12-24,5,151.9838237,168.0
12250,2023-12-24,6,184.1955424,108.0
12251,2023-12-24,7,73.68410008,35.0
12252,2023-12-24,8,265.2312535,27.0
12253,2023-12-24,9,163.9825553,23.0
12254,2023-12-24,10,163.5745142,38.0
12255,2023-12-24,11,171.5598937,42.0
12256,2023-12-24,12,88.96306842,68.0
12257,2023-12-24,13,170.0188792,117.0
12258,2023-12-24,14,104.9743722,103.0
12259,2023-12-24,15,102.1359743,233.0
12260,2023-12-24,16,142.6765436,221.0
12261,2023-12-24,17,170.9876182,158.0
12262,2023-12-24,18,116.234487,231.0
12263,2023-12-24,19,141.3598181,164.0
12264,2023-12-24,20,178.1843837,123.0
12265,2023-12-24,21,162.4930711,141.0
12266,2023-12-24,22,137.557675,197.0
12267,2023-12-24,23,149.8684687,165.0
12268,2023-12-25,0,129.116426,214.0
12269,2023-12-25,1,142.6235424,204.0
12270,2023-12-25,2,122.9847253,164.0
12271,2023-12-25,3,153.5789724,125.0
12272,2023-12-25,4,140.3944732,120.0
12273,2023-12-25,5,125.4626967,115.0
12274,2023-12-25,6,161.1205885,79.0
12275,2023-12-25,7,102.5574146,46.0
12276,2023-12-25,8,188.5449467,39.0
12277,2023-12-25,9,277.7973402,27.0
12278,2023-12-25,10,80.87808044,29.0
12279,2023-12-25,11,81.96900366,50.0
12280,2023-12-25,12,120.2707004,77.0
12281,2023-12-25,13,134.0261572,111.0
12282,2023-12-25,14,140.6894955,170.0
12283,2023-12-25,15,104.9764113,197.0
12284,2023-12-25,16,125.8889291,182.0
12285,2023-12-25,17,158.1185268,218.0
12286,2023-12-25,18,119.8875735,249.0
12287,2023-12-25,19,169.0527668,236.0
12288,2023-12-25,20,131.7974448,177.0
12289,2023-12-25,21,161.2160459,247.0
12290,2023-12-25,22,144.9443855,215.0
12291,2023-12-25,23,127.3746472,172.0
12292,2023-12-26,0,160.641768,223.0
12293,2023-12-26,1,144.1127514,252.0
12294,2023-12-26,2,140.1417468,310.0
12295,2023-12-26,3,177.7194095,259.0
12296,2023-12-26,4,126.2638244,158.0
12297,2023-12-26,5,136.8303972,96.0
12298,2023-12-26,6,122.0733802,55.0
12299,2023-12-26,7,103.601209,63.0
12300,2023-12-26,8,244.8754331,24.0
12301,2023-12-26,9,76.93263216,44.0
12302,2023-12-26,10,193.5156157,46.0
12303,2023-12-26,11,145.771788,53.0
12304,2023-12-26,12,136.2576559,81.0
12305,2023-12-26,13,109.5458838,279.0
12306,2023-12-26,14,162.8360456,267.0
12307,2023-12-26,15,141.1262699,257.0
12308,2023-12-26,16,125.5096516,240.0
12309,2023-12-26,17,122.0180056,211.0
12310,2023-12-26,18,140.9563484,264.0
12311,2023-12-26,19,151.0923059,275.0
12312,2023-12-26,20,142.2944059,315.0
12313,2023-12-26,21,129.6968118,397.0
12314,2023-12-26,22,109.1172803,347.0
12315,2023-12-26,23,145.6299653,235.0
12316,2023-12-27,0,150.1822501,305.0
12317,2023-12-27,1,154.7747491,295.0
12318,2023-12-27,2,151.848142,284.0
12319,2023-12-27,3,196.7079073,347.0
12320,2023-12-27,4,170.7634766,211.0
12321,2023-12-27,5,176.6719998,158.0
12322,2023-12-27,6,214.4335159,86.0
12323,2023-12-27,7,163.0121289,47.0
12324,2023-12-27,8,165.7436115,28.0
12325,2023-12-27,9,148.5338619,30.0
12326,2023-12-27,10,219.7956932,28.0
12327,2023-12-27,11,115.5308075,78.0
12328,2023-12-27,12,183.311873,125.0
12329,2023-12-27,13,149.1465456,259.0
12330,2023-12-27,14,158.2077229,274.0
12331,2023-12-27,15,161.9843644,304.0
12332,2023-12-27,16,133.3852229,323.0
12333,2023-12-27,17,121.8671619,324.0
12334,2023-12-27,18,146.6639695,232.0
12335,2023-12-27,19,211.8642852,283.0
12336,2023-12-27,20,159.0210287,359.0
12337,2023-12-27,21,199.8169629,263.0
12338,2023-12-27,22,208.5197661,254.0
12339,2023-12-27,23,169.2425758,240.0
12340,2023-12-28,0,190.8209245,387.0
12341,2023-12-28,1,161.1321062,317.0
12342,2023-12-28,2,147.0702188,248.0
12343,2023-12-28,3,152.9288148,247.0
12344,2023-12-28,4,150.4405007,147.0
12345,2023-12-28,5,226.7375459,98.0
12346,2023-12-28,6,235.7614034,72.0
12347,2023-12-28,7,87.65113534,68.0
12348,2023-12-28,8,160.2872875,32.0
12349,2023-12-28,9,125.3415017,48.0
12350,2023-12-28,10,206.9629566,44.0
12351,2023-12-28,11,112.4017617,64.0
12352,2023-12-28,12,176.1516264,104.0
12353,2023-12-28,13,184.3089868,252.0
12354,2023-12-28,14,207.2422176,281.0
12355,2023-12-28,15,149.459148,321.0
12356,2023-12-28,16,134.2456192,335.0
12357,2023-12-28,17,166.9677849,259.0
12358,2023-12-28,18,147.9465692,205.0
12359,2023-12-28,19,116.4692066,438.0
12360,2023-12-28,20,192.5356433,326.0
12361,2023-12-28,21,147.5096926,257.0
12362,2023-12-28,22,144.7514543,284.0
12363,2023-12-28,23,146.7545265,300.0
12364,2023-12-29,0,175.6558624,249.0
12365,2023-12-29,1,141.4144224,329.0
12366,2023-12-29,2,143.1581867,347.0
12367,2023-12-29,3,132.276948,300.0
12368,2023-12-29,4,142.0859254,244.0
12369,2023-12-29,5,195.0974194,168.0
12370,2023-12-29,6,167.3816035,75.0
12371,2023-12-29,7,122.1595884,82.0
12372,2023-12-29,8,108.3519744,43.0
12373,2023-12-29,9,190.2870265,29.0
12374,2023-12-29,10,192.7087677,10.0
12375,2023-12-29,11,139.2155265,55.0
12376,2023-12-29,12,158.6903106,89.0
12377,2023-12-29,13,165.9871106,181.0
12378,2023-12-29,14,158.9436513,314.0
12379,2023-12-29,15,126.6918599,361.0
12380,2023-12-29,16,122.2632052,267.0
12381,2023-12-29,17,165.5099111,222.0
12382,2023-12-29,18,154.723018,236.0
12383,2023-12-29,19,159.0281788,260.0
12384,2023-12-29,20,152.1974414,377.0
12385,2023-12-29,21,188.3711382,269.0
12386,2023-12-29,22,142.1535542,298.0
12387,2023-12-29,23,164.0125191,263.0
12388,2023-12-30,0,179.4898659,363.0
12389,2023-12-30,1,209.2522094,284.0
12390,2023-12-30,2,152.5710564,262.0
12391,2023-12-30,3,110.1739437,314.0
12392,2023-12-30,4,166.8522313,263.0
12393,2023-12-30,5,131.8811528,191.0
12394,2023-12-30,6,210.1936075,107.0
12395,2023-12-30,7,108.2169075,52.0
12396,2023-12-30,8,163.3175807,34.0
12397,2023-12-30,9,283.3284364,33.0
12398,2023-12-30,10,216.6933595,23.0
12399,2023-12-30,11,133.0796193,53.0
12400,2023-12-30,12,184.1524536,109.0
12401,2023-12-30,13,185.2528601,115.0
12402,2023-12-30,14,177.422386,190.0
12403,2023-12-30,15,158.037353,345.0
12404,2023-12-30,16,186.2337142,295.0
12405,2023-12-30,17,159.7692414,177.0
12406,2023-12-30,18,173.7562917,241.0
12407,2023-12-30,19,190.0557949,287.0
12408,2023-12-30,20,148.8057908,296.0
12409,2023-12-30,21,146.2410472,221.0
12410,2023-12-30,22,146.4197372,262.0
12411,2023-12-30,23,166.7780063,258.0
12412,2023-12-31,0,150.1582692,283.0
12413,2023-12-31,1,157.4670562,183.0
12414,2023-12-31,2,194.3334071,192.0
12415,2023-12-31,3,148.8683694,244.0
12416,2023-12-31,4,120.0512708,231.0
12417,2023-12-31,5,138.7105913,179.0
12418,2023-12-31,6,192.3466779,69.0
12419,2023-12-31,7,113.3619968,50.0
12420,2023-12-31,8,78.20203587,47.0
12421,2023-12-31,9,183.1319196,67.0
12422,2023-12-31,10,102.8578347,7.0
12423,2023-12-31,11,125.6412187,59.0
12424,2023-12-31,12,268.863051,65.0
12425,2023-12-31,13,183.8027391,84.0
12426,2023-12-31,14,191.9864615,128.0
12427,2023-12-31,15,154.0080602,205.0
12428,2023-12-31,16,127.7200962,226.0
12429,2023-12-31,17,176.0159067,236.0
12430,2023-12-31,18,203.5630067,189.0
12431,2023-12-31,19,174.4440934,225.0
12432,2023-12-31,20,150.5197996,181.0
12433,2023-12-31,21,164.3329922,146.0
12434,2023-12-31,22,136.9468353,202.0
12435,2023-12-31,23,127.6031862,143.0
12436,2024-01-01,0,127.0744788,232.0
12437,2024-01-01,1,186.5537207,146.0
12438,2024-01-01,2,163.6615117,121.0
12439,2024-01-01,3,158.0146043,122.0
12440,2024-01-01,4,116.718876,131.0
12441,2024-01-01,5,116.1868169,143.0
12442,2024-01-01,6,120.8064306,83.0
12443,2024-01-01,7,141.5292527,29.0
12444,2024-01-01,8,110.3154607,111.0
12445,2024-01-01,9,145.9856823,28.0
12446,2024-01-01,10,156.6611795,26.0
12447,2024-01-01,11,66.27367442,28.0
12448,2024-01-01,12,131.3536925,72.0
12449,2024-01-01,13,109.5092238,80.0
12450,2024-01-01,14,157.2356969,120.0
12451,2024-01-01,15,115.3609764,260.0
12452,2024-01-01,16,128.6861015,231.0
12453,2024-01-01,17,151.8088756,167.0
12454,2024-01-01,18,130.2027292,242.0
12455,2024-01-01,19,161.6494463,190.0
12456,2024-01-01,20,121.7520767,303.0
12457,2024-01-01,21,135.2779849,195.0
12458,2024-01-01,22,137.3637195,361.0
12459,2024-01-01,23,155.6754894,250.0
12460,2024-01-02,0,148.0722591,342.0
12461,2024-01-02,1,122.4260404,208.0
12462,2024-01-02,2,189.2119292,290.0
12463,2024-01-02,3,166.1814781,196.0
12464,2024-01-02,4,117.3436674,224.0
12465,2024-01-02,5,136.0196243,105.0
12466,2024-01-02,6,174.9332874,75.0
12467,2024-01-02,7,173.7576912,42.0
12468,2024-01-02,8,156.9725915,54.0
12469,2024-01-02,9,94.24777704,32.0
12470,2024-01-02,10,155.4194806,24.0
12471,2024-01-02,11,115.4563313,88.0
12472,2024-01-02,12,143.1415467,136.0
12473,2024-01-02,13,169.5212995,285.0
12474,2024-01-02,14,150.7546675,263.0
12475,2024-01-02,15,130.3540111,411.0
12476,2024-01-02,16,138.0322974,349.0
12477,2024-01-02,17,139.038111,283.0
12478,2024-01-02,18,187.8740658,193.0
12479,2024-01-02,19,149.0930633,240.0
12480,2024-01-02,20,153.9044999,301.0
12481,2024-01-02,21,119.8283324,274.0
12482,2024-01-02,22,165.8671915,259.0
12483,2024-01-02,23,193.0491497,287.0
12484,2024-01-03,0,194.3815987,400.0
12485,2024-01-03,1,162.2329636,281.0
12486,2024-01-03,2,168.353371,216.0
12487,2024-01-03,3,147.5526358,233.0
12488,2024-01-03,4,171.0550738,133.0
12489,2024-01-03,5,168.3212571,137.0
12490,2024-01-03,6,210.0066394,119.0
12491,2024-01-03,7,196.036056,41.0
12492,2024-01-03,8,109.6770355,80.0
12493,2024-01-03,9,200.3611183,43.0
12494,2024-01-03,10,187.7516376,44.0
12495,2024-01-03,11,177.6132857,63.0
12496,2024-01-03,12,158.5040716,137.0
12497,2024-01-03,13,143.9332454,311.0
12498,2024-01-03,14,138.6572949,314.0
12499,2024-01-03,15,138.2802835,334.0
12500,2024-01-03,16,121.4158621,399.0
12501,2024-01-03,17,132.0251408,219.0
12502,2024-01-03,18,147.5567482,225.0
12503,2024-01-03,19,177.7169928,310.0
12504,2024-01-03,20,185.1742858,242.0
12505,2024-01-03,21,152.5307273,266.0
12506,2024-01-03,22,144.2842691,326.0
12507,2024-01-03,23,140.3044811,291.0
12508,2024-01-04,0,148.1821249,355.0
12509,2024-01-04,1,176.5874751,282.0
12510,2024-01-04,2,203.172519,355.0
12511,2024-01-04,3,128.8858245,282.0
12512,2024-01-04,4,158.1456415,186.0
12513,2024-01-04,5,158.0188521,127.0
12514,2024-01-04,6,145.504807,110.0
12515,2024-01-04,7,277.504836,31.0
12516,2024-01-04,8,194.7770285,30.0
12517,2024-01-04,9,191.8330109,35.0
12518,2024-01-04,10,220.369072,64.0
12519,2024-01-04,11,148.0920524,57.0
12520,2024-01-04,12,175.4155792,121.0
12521,2024-01-04,13,124.5800864,274.0
12522,2024-01-04,14,162.660784,318.0
12523,2024-01-04,15,87.28262483,502.0
12524,2024-01-04,16,166.8986287,399.0
12525,2024-01-04,17,173.754477,262.0
12526,2024-01-04,18,174.994858,297.0
12527,2024-01-04,19,138.4546469,345.0
12528,2024-01-04,20,139.4792157,259.0
12529,2024-01-04,21,189.2323926,275.0
12530,2024-01-04,22,186.7303319,253.0
12531,2024-01-04,23,138.5994326,282.0
12532,2024-01-05,0,169.3362386,320.0
12533,2024-01-05,1,184.7937306,292.0
12534,2024-01-05,2,134.8670921,405.0
12535,2024-01-05,3,157.0696228,216.0
12536,2024-01-05,4,132.3507073,199.0
12537,2024-01-05,5,132.4424308,123.0
12538,2024-01-05,6,290.8705269,99.0
12539,2024-01-05,7,196.1450229,30.0
12540,2024-01-05,8,133.985613,41.0
12541,2024-01-05,9,173.9708618,43.0
12542,2024-01-05,10,100.8090688,45.0
12543,2024-01-05,11,156.2787329,47.0
12544,2024-01-05,12,183.5967501,106.0
12545,2024-01-05,13,169.3852961,331.0
12546,2024-01-05,14,162.5802849,303.0
12547,2024-01-05,15,147.9902338,289.0
12548,2024-01-05,16,132.5094926,356.0
12549,2024-01-05,17,164.6028527,263.0
12550,2024-01-05,18,187.3024989,272.0
12551,2024-01-05,19,184.1976964,292.0
12552,2024-01-05,20,164.0679545,326.0
12553,2024-01-05,21,166.6597365,298.0
12554,2024-01-05,22,167.5269301,315.0
12555,2024-01-05,23,154.1925571,289.0
12556,2024-01-06,0,119.2581587,318.0
12557,2024-01-06,1,182.6198364,256.0
12558,2024-01-06,2,137.7369473,374.0
12559,2024-01-06,3,153.2204552,211.0
12560,2024-01-06,4,151.1411853,232.0
12561,2024-01-06,5,162.4633417,133.0
12562,2024-01-06,6,184.8241147,92.0
12563,2024-01-06,7,188.6274603,101.0
12564,2024-01-06,8,167.8800791,29.0
12565,2024-01-06,9,184.0847771,38.0
12566,2024-01-06,10,114.7080928,47.0
12567,2024-01-06,11,157.7000902,48.0
12568,2024-01-06,12,183.9414837,80.0
12569,2024-01-06,13,109.408002,97.0
12570,2024-01-06,14,149.8650846,123.0
12571,2024-01-06,15,152.1844078,252.0
12572,2024-01-06,16,156.1246438,294.0
12573,2024-01-06,17,149.1294616,223.0
12574,2024-01-06,18,131.1878423,302.0
12575,2024-01-06,19,134.9985769,279.0
12576,2024-01-06,20,165.4969563,316.0
12577,2024-01-06,21,177.5412515,312.0
12578,2024-01-06,22,166.5078535,288.0
12579,2024-01-06,23,140.8727811,329.0
12580,2024-01-07,0,134.9290282,361.0
12581,2024-01-07,1,163.141522,243.0
12582,2024-01-07,2,171.7557091,243.0
12583,2024-01-07,3,151.3756944,253.0
12584,2024-01-07,4,138.397815,237.0
12585,2024-01-07,5,134.9886062,221.0
12586,2024-01-07,6,201.6090183,108.0
12587,2024-01-07,7,120.927673,34.0
12588,2024-01-07,8,156.1675758,30.0
12589,2024-01-07,9,183.7711754,45.0
12590,2024-01-07,10,121.4824025,52.0
12591,2024-01-07,11,105.8513521,34.0
12592,2024-01-07,12,169.310314,59.0
12593,2024-01-07,13,228.8442358,105.0
12594,2024-01-07,14,199.8787708,148.0
12595,2024-01-07,15,126.1223497,248.0
12596,2024-01-07,16,137.379619,240.0
12597,2024-01-07,17,128.4540923,225.0
12598,2024-01-07,18,162.5662034,205.0
12599,2024-01-07,19,119.4559126,259.0
12600,2024-01-07,20,151.9157103,250.0
12601,2024-01-07,21,155.5700457,270.0
12602,2024-01-07,22,118.2219495,267.0
12603,2024-01-07,23,159.0712602,229.0
12604,2024-01-08,0,133.4184243,237.0
12605,2024-01-08,1,173.3812524,326.0
12606,2024-01-08,2,153.0305169,339.0
12607,2024-01-08,3,106.5281214,266.0
12608,2024-01-08,4,149.8214959,114.0
12609,2024-01-08,5,185.1317282,120.0
12610,2024-01-08,6,114.0839629,57.0
12611,2024-01-08,7,147.457119,47.0
12612,2024-01-08,8,167.1649222,33.0
12613,2024-01-08,9,78.10131466,47.0
12614,2024-01-08,10,189.7339349,41.0
12615,2024-01-08,11,171.1020322,53.0
12616,2024-01-08,12,134.3870071,143.0
12617,2024-01-08,13,186.6373275,342.0
12618,2024-01-08,14,182.3984649,369.0
12619,2024-01-08,15,162.34803,337.0
12620,2024-01-08,16,121.9501469,357.0
12621,2024-01-08,17,174.3290305,303.0
12622,2024-01-08,18,151.5952608,308.0
12623,2024-01-08,19,165.3847774,282.0
12624,2024-01-08,20,182.5763065,324.0
12625,2024-01-08,21,146.0074539,364.0
12626,2024-01-08,22,137.5604103,284.0
12627,2024-01-08,23,127.0050996,372.0
12628,2024-01-09,0,135.2927482,372.0
12629,2024-01-09,1,165.6097838,324.0
12630,2024-01-09,2,160.9367173,286.0
12631,2024-01-09,3,202.6829962,248.0
12632,2024-01-09,4,206.6196272,121.0
12633,2024-01-09,5,182.7318722,102.0
12634,2024-01-09,6,202.2983817,52.0
12635,2024-01-09,7,187.4032861,61.0
12636,2024-01-09,8,196.606969,27.0
12637,2024-01-09,9,240.2166971,26.0
12638,2024-01-09,10,259.6062223,45.0
12639,2024-01-09,11,153.8216877,77.0
12640,2024-01-09,12,171.6953939,109.0
12641,2024-01-09,13,161.2399527,319.0
12642,2024-01-09,14,138.2479361,377.0
12643,2024-01-09,15,130.2366385,337.0
12644,2024-01-09,16,135.335969,271.0
12645,2024-01-09,17,172.6122677,255.0
12646,2024-01-09,18,171.3192051,245.0
12647,2024-01-09,19,158.1582119,372.0
12648,2024-01-09,20,152.510702,463.0
12649,2024-01-09,21,166.3123002,303.0
12650,2024-01-09,22,200.9388476,276.0
12651,2024-01-09,23,183.9777582,303.0
12652,2024-01-10,0,192.8341071,390.0
12653,2024-01-10,1,231.2602425,389.0
12654,2024-01-10,2,197.4460551,434.0
12655,2024-01-10,3,201.9215831,290.0
12656,2024-01-10,4,227.0868524,153.0
12657,2024-01-10,5,308.0428267,107.0
12658,2024-01-10,6,227.203772,183.0
12659,2024-01-10,7,322.3832028,84.0
12660,2024-01-10,8,400.6811605,67.0
12661,2024-01-10,9,344.3585874,67.0
12662,2024-01-10,10,321.0195295,81.0
12663,2024-01-10,11,264.8907792,148.0
12664,2024-01-10,12,241.0047589,158.0
12665,2024-01-10,13,181.6330664,387.0
12666,2024-01-10,14,182.5485318,403.0
12667,2024-01-10,15,178.691256,360.0
12668,2024-01-10,16,179.2484639,377.0
12669,2024-01-10,17,222.5162866,251.0
12670,2024-01-10,18,226.8600395,317.0
12671,2024-01-10,19,208.128198,293.0
12672,2024-01-10,20,207.0121909,272.0
12673,2024-01-10,21,232.5836543,253.0
12674,2024-01-10,22,222.1189587,279.0
12675,2024-01-10,23,221.6789628,293.0
12676,2024-01-11,0,213.9396855,383.0
12677,2024-01-11,1,189.355545,409.0
12678,2024-01-11,2,203.7391198,335.0
12679,2024-01-11,3,232.1273634,269.0
12680,2024-01-11,4,253.7669615,212.0
12681,2024-01-11,5,327.6043568,133.0
12682,2024-01-11,6,231.4628395,215.0
12683,2024-01-11,7,412.1106392,92.0
12684,2024-01-11,8,426.3200885,74.0
12685,2024-01-11,9,502.5915951,57.0
12686,2024-01-11,10,364.1466606,94.0
12687,2024-01-11,11,264.6124707,144.0
12688,2024-01-11,12,306.3024126,144.0
12689,2024-01-11,13,182.9945273,337.0
12690,2024-01-11,14,206.4209332,355.0
12691,2024-01-11,15,200.6804948,382.0
12692,2024-01-11,16,183.6159348,366.0
12693,2024-01-11,17,233.9308331,240.0
12694,2024-01-11,18,192.8357886,367.0
12695,2024-01-11,19,179.1392922,419.0
12696,2024-01-11,20,216.0698057,309.0
12697,2024-01-11,21,252.7735468,288.0
12698,2024-01-11,22,207.7260269,271.0
12699,2024-01-11,23,212.6449451,278.0
12700,2024-01-12,0,236.0035595,286.0
12701,2024-01-12,1,210.1479364,367.0
12702,2024-01-12,2,228.5807211,316.0
12703,2024-01-12,3,229.6601223,280.0
12704,2024-01-12,4,215.3203276,226.0
12705,2024-01-12,5,246.0005527,243.0
12706,2024-01-12,6,216.0170134,197.0
12707,2024-01-12,7,297.5004873,101.0
12708,2024-01-12,8,261.8107543,127.0
12709,2024-01-12,9,346.0049124,97.0
12710,2024-01-12,10,282.2509592,105.0
12711,2024-01-12,11,249.2189419,147.0
12712,2024-01-12,12,219.5696504,265.0
12713,2024-01-12,13,180.6258086,360.0
12714,2024-01-12,14,236.2940327,371.0
12715,2024-01-12,15,177.4313063,539.0
12716,2024-01-12,16,206.45909,374.0
12717,2024-01-12,17,181.0333841,361.0
12718,2024-01-12,18,198.5134529,380.0
12719,2024-01-12,19,186.1257575,358.0
12720,2024-01-12,20,223.8509852,368.0
12721,2024-01-12,21,201.2484925,372.0
12722,2024-01-12,22,195.9220765,342.0
12723,2024-01-12,23,174.5433249,435.0
12724,2024-01-13,0,209.4498717,334.0
12725,2024-01-13,1,189.713975,437.0
12726,2024-01-13,2,150.3173323,541.0
12727,2024-01-13,3,212.320703,351.0
12728,2024-01-13,4,216.1934569,247.0
12729,2024-01-13,5,207.4692018,221.0
12730,2024-01-13,6,207.6612863,273.0
12731,2024-01-13,7,268.8584488,154.0
12732,2024-01-13,8,358.007159,88.0
12733,2024-01-13,9,356.501962,88.0
12734,2024-01-13,10,324.2277659,77.0
12735,2024-01-13,11,313.8488758,109.0
12736,2024-01-13,12,265.6398174,141.0
12737,2024-01-13,13,231.5884089,214.0
12738,2024-01-13,14,239.0259957,242.0
12739,2024-01-13,15,218.4027524,336.0
12740,2024-01-13,16,216.1837947,318.0
12741,2024-01-13,17,231.1685612,254.0
12742,2024-01-13,18,240.2860579,294.0
12743,2024-01-13,19,220.0751204,290.0
12744,2024-01-13,20,195.2324811,335.0
12745,2024-01-13,21,184.691982,334.0
12746,2024-01-13,22,165.3310416,341.0
12747,2024-01-13,23,196.1112923,360.0
12748,2024-01-14,0,189.2538448,365.0
12749,2024-01-14,1,215.3781443,310.0
12750,2024-01-14,2,226.6852122,407.0
12751,2024-01-14,3,210.662848,324.0
12752,2024-01-14,4,180.7816161,280.0
12753,2024-01-14,5,186.6811628,229.0
12754,2024-01-14,6,213.4698204,256.0
12755,2024-01-14,7,216.8119573,125.0
12756,2024-01-14,8,221.3499769,151.0
12757,2024-01-14,9,294.465834,115.0
12758,2024-01-14,10,262.1291232,106.0
12759,2024-01-14,11,262.4418877,97.0
12760,2024-01-14,12,224.4462334,164.0
12761,2024-01-14,13,252.92267,175.0
12762,2024-01-14,14,213.0704799,241.0
12763,2024-01-14,15,186.9266083,284.0
12764,2024-01-14,16,183.6738519,320.0
12765,2024-01-14,17,196.6214572,316.0
12766,2024-01-14,18,253.5384637,323.0
12767,2024-01-14,19,234.1914534,339.0
12768,2024-01-14,20,179.2629361,307.0
12769,2024-01-14,21,243.6998543,317.0
12770,2024-01-14,22,271.5714951,230.0
12771,2024-01-14,23,232.3450208,236.0
12772,2024-01-15,0,270.2488813,272.0
12773,2024-01-15,1,265.1230468,319.0
12774,2024-01-15,2,254.9313714,293.0
12775,2024-01-15,3,219.5776997,289.0
12776,2024-01-15,4,173.4333775,354.0
12777,2024-01-15,5,233.5744041,224.0
12778,2024-01-15,6,215.9706511,178.0
12779,2024-01-15,7,353.1621612,132.0
12780,2024-01-15,8,330.5638571,110.0
12781,2024-01-15,9,456.3781331,110.0
12782,2024-01-15,10,486.1037971,51.0
12783,2024-01-15,11,338.0485125,90.0
12784,2024-01-15,12,246.7870351,157.0
12785,2024-01-15,13,270.6971272,200.0
12786,2024-01-15,14,259.8194364,254.0
12787,2024-01-15,15,193.8401702,354.0
12788,2024-01-15,16,233.6524907,340.0
12789,2024-01-15,17,199.3102456,343.0
12790,2024-01-15,18,201.6839327,307.0
12791,2024-01-15,19,249.9760721,277.0
12792,2024-01-15,20,209.5218208,339.0
12793,2024-01-15,21,190.2632633,339.0
12794,2024-01-15,22,195.5576006,288.0
12795,2024-01-15,23,213.6017396,366.0
12796,2024-01-16,0,211.3469023,349.0
12797,2024-01-16,1,222.746037,392.0
12798,2024-01-16,2,233.1175487,320.0
12799,2024-01-16,3,219.3790507,302.0
12800,2024-01-16,4,264.7888131,174.0
12801,2024-01-16,5,318.8058381,123.0
12802,2024-01-16,6,245.4626454,159.0
12803,2024-01-16,7,413.4217266,70.0
12804,2024-01-16,8,374.0932388,78.0
12805,2024-01-16,9,308.5675472,92.0
12806,2024-01-16,10,387.8572452,76.0
12807,2024-01-16,11,297.2739597,124.0
12808,2024-01-16,12,260.1475876,185.0
12809,2024-01-16,13,223.1804332,325.0
12810,2024-01-16,14,205.3119706,369.0
12811,2024-01-16,15,176.3687826,395.0
12812,2024-01-16,16,158.1186326,446.0
12813,2024-01-16,17,234.4240655,294.0
12814,2024-01-16,18,211.6552041,323.0
12815,2024-01-16,19,189.622843,327.0
12816,2024-01-16,20,245.0638093,298.0
12817,2024-01-16,21,207.4823609,300.0
12818,2024-01-16,22,200.3487976,327.0
12819,2024-01-16,23,182.1826536,381.0
12820,2024-01-17,0,208.5335182,336.0
12821,2024-01-17,1,223.1511679,358.0
12822,2024-01-17,2,242.5792468,300.0
12823,2024-01-17,3,228.7184729,278.0
12824,2024-01-17,4,273.9417959,197.0
12825,2024-01-17,5,275.3448563,143.0
12826,2024-01-17,6,240.3181163,172.0
12827,2024-01-17,7,440.1228224,57.0
12828,2024-01-17,8,459.7839112,54.0
12829,2024-01-17,9,388.3693918,75.0
12830,2024-01-17,10,472.6219422,50.0
12831,2024-01-17,11,337.6432809,85.0
12832,2024-01-17,12,299.3295846,153.0
12833,2024-01-17,13,214.1291044,330.0
12834,2024-01-17,14,217.170558,322.0
12835,2024-01-17,15,161.901079,511.0
12836,2024-01-17,16,170.0118755,369.0
12837,2024-01-17,17,196.0173872,369.0
12838,2024-01-17,18,224.9139573,331.0
12839,2024-01-17,19,206.7964816,307.0
12840,2024-01-17,20,160.8894862,357.0
12841,2024-01-17,21,194.3887381,273.0
12842,2024-01-17,22,217.0553218,243.0
12843,2024-01-17,23,215.2494672,255.0
12844,2024-01-18,0,199.6198319,414.0
12845,2024-01-18,1,202.3240326,385.0
12846,2024-01-18,2,233.2010728,283.0
12847,2024-01-18,3,271.6280352,209.0
12848,2024-01-18,4,282.7878478,142.0
12849,2024-01-18,5,234.8652355,148.0
12850,2024-01-18,6,238.5562631,155.0
12851,2024-01-18,7,439.3059433,60.0
12852,2024-01-18,8,476.9054921,54.0
12853,2024-01-18,9,421.1504883,63.0
12854,2024-01-18,10,383.4829795,74.0
12855,2024-01-18,11,378.3286098,68.0
12856,2024-01-18,12,229.8094685,200.0
12857,2024-01-18,13,192.6156535,299.0
12858,2024-01-18,14,197.4495311,358.0
12859,2024-01-18,15,170.9907426,411.0
12860,2024-01-18,16,170.5567631,389.0
12861,2024-01-18,17,223.0660919,277.0
12862,2024-01-18,18,204.6221481,376.0
12863,2024-01-18,19,183.4940302,391.0
12864,2024-01-18,20,228.265425,311.0
12865,2024-01-18,21,206.7080178,308.0
12866,2024-01-18,22,266.8106546,250.0
12867,2024-01-18,23,264.8767683,227.0
12868,2024-01-19,0,257.054494,281.0
12869,2024-01-19,1,212.3162113,288.0
12870,2024-01-19,2,238.6821464,241.0
12871,2024-01-19,3,210.1610049,306.0
12872,2024-01-19,4,252.7396423,179.0
12873,2024-01-19,5,222.1975608,198.0
12874,2024-01-19,6,221.725447,217.0
12875,2024-01-19,7,326.6423397,80.0
12876,2024-01-19,8,448.7257341,63.0
12877,2024-01-19,9,464.9235878,61.0
12878,2024-01-19,10,474.2193244,60.0
12879,2024-01-19,11,336.1902844,89.0
12880,2024-01-19,12,245.5797354,214.0
12881,2024-01-19,13,208.6675931,368.0
12882,2024-01-19,14,220.2826655,394.0
12883,2024-01-19,15,176.6684214,474.0
12884,2024-01-19,16,164.995658,454.0
12885,2024-01-19,17,198.6695993,350.0
12886,2024-01-19,18,181.259237,431.0
12887,2024-01-19,19,180.745515,375.0
12888,2024-01-19,20,212.2904574,303.0
12889,2024-01-19,21,253.008727,273.0
12890,2024-01-19,22,226.4344244,251.0
12891,2024-01-19,23,259.822215,226.0
12892,2024-01-20,0,183.7193437,281.0
12893,2024-01-20,1,207.8148552,253.0
12894,2024-01-20,2,241.5711595,210.0
12895,2024-01-20,3,238.2762856,221.0
12896,2024-01-20,4,212.806016,207.0
12897,2024-01-20,5,261.1540932,138.0
12898,2024-01-20,6,221.7010176,210.0
12899,2024-01-20,7,390.6788222,74.0
12900,2024-01-20,8,579.1929875,49.0
12901,2024-01-20,9,545.003255,53.0
12902,2024-01-20,10,507.2775899,54.0
12903,2024-01-20,11,397.0307276,63.0
12904,2024-01-20,12,303.8427199,113.0
12905,2024-01-20,13,280.2643391,132.0
12906,2024-01-20,14,270.1543893,171.0
12907,2024-01-20,15,204.1711603,276.0
12908,2024-01-20,16,211.6228966,224.0
12909,2024-01-20,17,250.9264847,229.0
12910,2024-01-20,18,229.486755,242.0
12911,2024-01-20,19,232.2359953,266.0
12912,2024-01-20,20,294.3241795,220.0
12913,2024-01-20,21,282.9198005,222.0
12914,2024-01-20,22,238.1234384,227.0
12915,2024-01-20,23,245.6375821,236.0
12916,2024-01-21,0,241.1987588,252.0
12917,2024-01-21,1,204.3086357,323.0
12918,2024-01-21,2,246.7962138,255.0
12919,2024-01-21,3,203.0607199,269.0
12920,2024-01-21,4,267.2757246,194.0
12921,2024-01-21,5,284.2028597,139.0
12922,2024-01-21,6,317.2823769,129.0
12923,2024-01-21,7,267.6404095,112.0
12924,2024-01-21,8,476.0790694,55.0
12925,2024-01-21,9,462.6689857,62.0
12926,2024-01-21,10,480.4262166,59.0
12927,2024-01-21,11,411.0670436,65.0
12928,2024-01-21,12,311.664349,96.0
12929,2024-01-21,13,327.1136493,137.0
12930,2024-01-21,14,311.4310625,169.0
12931,2024-01-21,15,201.3826984,349.0
12932,2024-01-21,16,204.2256639,260.0
12933,2024-01-21,17,262.889006,193.0
12934,2024-01-21,18,258.1269284,244.0
12935,2024-01-21,19,229.9812667,239.0
12936,2024-01-21,20,205.816898,319.0
12937,2024-01-21,21,215.2406442,337.0
12938,2024-01-21,22,236.1009928,224.0
12939,2024-01-21,23,243.1188929,278.0
12940,2024-01-22,0,199.4748339,269.0
12941,2024-01-22,1,254.2872941,327.0
12942,2024-01-22,2,226.6573657,271.0
12943,2024-01-22,3,180.2579309,306.0
12944,2024-01-22,4,296.2127426,169.0
12945,2024-01-22,5,265.4110565,155.0
12946,2024-01-22,6,234.2846822,189.0
12947,2024-01-22,7,425.3964907,58.0
12948,2024-01-22,8,358.7095874,86.0
12949,2024-01-22,9,492.0115065,49.0
12950,2024-01-22,10,404.0918984,66.0
12951,2024-01-22,11,342.6299002,96.0
12952,2024-01-22,12,293.9109786,115.0
12953,2024-01-22,13,209.0480534,315.0
12954,2024-01-22,14,208.7251371,296.0
12955,2024-01-22,15,203.2031515,415.0
12956,2024-01-22,16,203.5331242,309.0
12957,2024-01-22,17,199.756599,246.0
12958,2024-01-22,18,207.3106829,235.0
12959,2024-01-22,19,186.1323079,296.0
12960,2024-01-22,20,218.7429007,415.0
12961,2024-01-22,21,213.5531143,425.0
12962,2024-01-22,22,198.098937,392.0
12963,2024-01-22,23,205.1782934,290.0
12964,2024-01-23,0,215.4256203,291.0
12965,2024-01-23,1,192.8515521,329.0
12966,2024-01-23,2,209.4062568,255.0
12967,2024-01-23,3,276.6655652,154.0
12968,2024-01-23,4,294.6042675,138.0
12969,2024-01-23,5,300.1161278,98.0
12970,2024-01-23,6,226.5058168,173.0
12971,2024-01-23,7,391.7793801,69.0
12972,2024-01-23,8,395.0399711,65.0
12973,2024-01-23,9,479.1088921,60.0
12974,2024-01-23,10,329.7142382,82.0
12975,2024-01-23,11,270.6700182,116.0
12976,2024-01-23,12,281.1938656,137.0
12977,2024-01-23,13,177.6787857,401.0
12978,2024-01-23,14,204.6664568,346.0
12979,2024-01-23,15,188.2952122,366.0
12980,2024-01-23,16,171.9822173,333.0
12981,2024-01-23,17,220.7224831,303.0
12982,2024-01-23,18,245.4410565,306.0
12983,2024-01-23,19,244.1616455,340.0
12984,2024-01-23,20,201.0654138,320.0
12985,2024-01-23,21,205.5681641,296.0
12986,2024-01-23,22,205.0193011,344.0
12987,2024-01-23,23,255.294746,246.0
12988,2024-01-24,0,206.26179,291.0
12989,2024-01-24,1,206.599946,313.0
12990,2024-01-24,2,219.2759092,276.0
12991,2024-01-24,3,231.3557995,217.0
12992,2024-01-24,4,297.5953705,142.0
12993,2024-01-24,5,352.2867374,99.0
12994,2024-01-24,6,242.3504201,172.0
12995,2024-01-24,7,512.0416443,45.0
12996,2024-01-24,8,376.7715648,66.0
12997,2024-01-24,9,341.5544293,86.0
12998,2024-01-24,10,395.6013214,80.0
12999,2024-01-24,11,324.5236355,81.0
13000,2024-01-24,12,291.0203191,133.0
13001,2024-01-24,13,207.2308867,262.0
13002,2024-01-24,14,229.9323861,309.0
13003,2024-01-24,15,190.6967222,352.0
13004,2024-01-24,16,177.7827256,311.0
13005,2024-01-24,17,237.1060828,283.0
13006,2024-01-24,18,221.4756764,218.0
13007,2024-01-24,19,257.454702,297.0
13008,2024-01-24,20,235.6976904,225.0
13009,2024-01-24,21,200.4210527,315.0
13010,2024-01-24,22,223.3949875,231.0
13011,2024-01-24,23,223.2280129,296.0
13012,2024-01-25,0,237.6247996,231.0
13013,2024-01-25,1,221.4432893,270.0
13014,2024-01-25,2,246.3608455,219.0
13015,2024-01-25,3,247.7561968,196.0
13016,2024-01-25,4,263.4990586,181.0
13017,2024-01-25,5,318.8995946,102.0
13018,2024-01-25,6,224.8046971,183.0
13019,2024-01-25,7,485.2160486,51.0
13020,2024-01-25,8,501.0909395,50.0
13021,2024-01-25,9,433.6801489,66.0
13022,2024-01-25,10,461.0318097,64.0
13023,2024-01-25,11,371.1158487,84.0
13024,2024-01-25,12,314.2246574,110.0
13025,2024-01-25,13,256.1612381,232.0
13026,2024-01-25,14,239.029654,279.0
13027,2024-01-25,15,209.714424,382.0
13028,2024-01-25,16,185.8930422,289.0
13029,2024-01-25,17,212.1443974,256.0
13030,2024-01-25,18,226.2260922,343.0
13031,2024-01-25,19,153.8888261,444.0
13032,2024-01-25,20,209.5148876,275.0
13033,2024-01-25,21,194.4684265,443.0
13034,2024-01-25,22,228.6240925,311.0
13035,2024-01-25,23,211.9504557,302.0
13036,2024-01-26,0,176.8045012,398.0
13037,2024-01-26,1,165.95217,388.0
13038,2024-01-26,2,163.0279413,446.0
13039,2024-01-26,3,164.4633022,321.0
13040,2024-01-26,4,221.9864237,186.0
13041,2024-01-26,5,282.1792319,119.0
13042,2024-01-26,6,232.6338175,185.0
13043,2024-01-26,7,475.4344674,63.0
13044,2024-01-26,8,373.8137802,68.0
13045,2024-01-26,9,334.0175334,112.0
13046,2024-01-26,10,420.9075085,55.0
13047,2024-01-26,11,337.8317203,95.0
13048,2024-01-26,12,257.3798698,157.0
13049,2024-01-26,13,205.6259143,254.0
13050,2024-01-26,14,195.9396566,332.0
13051,2024-01-26,15,181.2101731,398.0
13052,2024-01-26,16,160.8829413,443.0
13053,2024-01-26,17,171.2578864,432.0
13054,2024-01-26,18,156.5700184,442.0
13055,2024-01-26,19,231.1562297,346.0
13056,2024-01-26,20,218.8161799,304.0
13057,2024-01-26,21,227.2089263,251.0
13058,2024-01-26,22,242.2706219,261.0
13059,2024-01-26,23,246.2609399,205.0
13060,2024-01-27,0,247.9146298,247.0
13061,2024-01-27,1,221.3322553,204.0
13062,2024-01-27,2,243.3915472,209.0
13063,2024-01-27,3,177.6241737,278.0
13064,2024-01-27,4,272.788091,164.0
13065,2024-01-27,5,331.3503452,120.0
13066,2024-01-27,6,232.486351,198.0
13067,2024-01-27,7,419.174122,58.0
13068,2024-01-27,8,384.436704,66.0
13069,2024-01-27,9,315.0933815,95.0
13070,2024-01-27,10,513.4839382,51.0
13071,2024-01-27,11,279.9421126,122.0
13072,2024-01-27,12,270.3402528,155.0
13073,2024-01-27,13,263.7128579,188.0
13074,2024-01-27,14,304.2242534,209.0
13075,2024-01-27,15,205.0036435,252.0
13076,2024-01-27,16,183.2784406,259.0
13077,2024-01-27,17,234.5555309,208.0
13078,2024-01-27,18,217.3363395,267.0
13079,2024-01-27,19,201.5035439,381.0
13080,2024-01-27,20,225.570446,292.0
13081,2024-01-27,21,222.1330248,307.0
13082,2024-01-27,22,240.5270256,218.0
13083,2024-01-27,23,276.3073183,192.0
13084,2024-01-28,0,247.6160115,228.0
13085,2024-01-28,1,215.6461705,284.0
13086,2024-01-28,2,196.2669992,362.0
13087,2024-01-28,3,252.9044522,244.0
13088,2024-01-28,4,247.2692284,226.0
13089,2024-01-28,5,261.1661832,175.0
13090,2024-01-28,6,261.379915,175.0
13091,2024-01-28,7,395.0204867,77.0
13092,2024-01-28,8,353.7620897,77.0
13093,2024-01-28,9,346.8463243,101.0
13094,2024-01-28,10,519.4956407,52.0
13095,2024-01-28,11,515.6790274,50.0
13096,2024-01-28,12,274.1626273,109.0
13097,2024-01-28,13,337.5852587,135.0
13098,2024-01-28,14,270.2012119,160.0
13099,2024-01-28,15,219.8861797,236.0
13100,2024-01-28,16,165.8347878,416.0
13101,2024-01-28,17,235.9595235,263.0
13102,2024-01-28,18,216.483214,401.0
13103,2024-01-28,19,225.4251427,311.0
13104,2024-01-28,20,192.3170368,306.0
13105,2024-01-28,21,211.9490359,348.0
13106,2024-01-28,22,207.0185848,345.0
13107,2024-01-28,23,209.4204169,278.0
13108,2024-01-29,0,202.8082566,322.0
13109,2024-01-29,1,193.7435446,325.0
13110,2024-01-29,2,180.4335438,362.0
13111,2024-01-29,3,232.4259081,247.0
13112,2024-01-29,4,271.5966582,176.0
13113,2024-01-29,5,322.2023875,115.0
13114,2024-01-29,6,223.8636076,170.0
13115,2024-01-29,7,433.7067477,58.0
13116,2024-01-29,8,460.5295918,55.0
13117,2024-01-29,9,393.813844,95.0
13118,2024-01-29,10,328.3119048,82.0
13119,2024-01-29,11,314.2736128,95.0
13120,2024-01-29,12,256.7762069,140.0
13121,2024-01-29,13,218.9271907,221.0
13122,2024-01-29,14,176.859092,369.0
13123,2024-01-29,15,183.7437726,408.0
13124,2024-01-29,16,170.1391368,397.0
13125,2024-01-29,17,181.102219,393.0
13126,2024-01-29,18,229.9271316,313.0
13127,2024-01-29,19,222.5927595,250.0
13128,2024-01-29,20,224.2362416,218.0
13129,2024-01-29,21,224.4903549,305.0
13130,2024-01-29,22,190.1320408,336.0
13131,2024-01-29,23,250.1447708,280.0
13132,2024-01-30,0,202.0704268,343.0
13133,2024-01-30,1,195.6167244,276.0
13134,2024-01-30,2,216.8587627,285.0
13135,2024-01-30,3,234.0277143,214.0
13136,2024-01-30,4,263.4321817,248.0
13137,2024-01-30,5,296.5511222,147.0
13138,2024-01-30,6,196.094533,168.0
13139,2024-01-30,7,390.298287,90.0
13140,2024-01-30,8,423.1931834,57.0
13141,2024-01-30,9,338.2056985,95.0
13142,2024-01-30,10,320.8767112,96.0
13143,2024-01-30,11,294.0339625,153.0
13144,2024-01-30,12,232.604773,182.0
13145,2024-01-30,13,223.6582412,203.0
13146,2024-01-30,14,227.187551,250.0
13147,2024-01-30,15,185.4755428,354.0
13148,2024-01-30,16,197.29787,317.0
13149,2024-01-30,17,245.7587933,238.0
13150,2024-01-30,18,232.7378888,256.0
13151,2024-01-30,19,233.7060675,258.0
13152,2024-01-30,20,199.1245477,385.0
13153,2024-01-30,21,184.4016518,303.0
13154,2024-01-30,22,192.723886,276.0
13155,2024-01-30,23,264.7869329,283.0
13156,2024-01-31,0,200.5025998,354.0
13157,2024-01-31,1,237.8641572,277.0
13158,2024-01-31,2,247.0527325,265.0
13159,2024-01-31,3,236.9651055,240.0
13160,2024-01-31,4,272.9712158,141.0
13161,2024-01-31,5,325.559588,81.0
13162,2024-01-31,6,274.4593434,115.0
13163,2024-01-31,7,289.3231133,99.0
13164,2024-01-31,8,433.821816,60.0
13165,2024-01-31,9,309.3571327,116.0
13166,2024-01-31,10,457.7329653,66.0
13167,2024-01-31,11,296.7178635,109.0
13168,2024-01-31,12,278.2831108,132.0
13169,2024-01-31,13,265.6096712,226.0
13170,2024-01-31,14,203.5017153,297.0
13171,2024-01-31,15,214.6380904,286.0
13172,2024-01-31,16,224.6412784,291.0
13173,2024-01-31,17,206.7098662,242.0
13174,2024-01-31,18,209.2698857,259.0
13175,2024-01-31,19,242.481625,270.0
13176,2024-01-31,20,202.4614323,289.0
13177,2024-01-31,21,209.0957696,336.0
13178,2024-01-31,22,221.6137793,241.0
13179,2024-01-31,23,243.8638318,218.0
13180,2024-02-01,0,239.1021092,271.0
13181,2024-02-01,1,214.2591714,298.0
13182,2024-02-01,2,244.2855835,247.0
13183,2024-02-01,3,224.3373809,241.0
13184,2024-02-01,4,258.2243748,187.0
13185,2024-02-01,5,264.4953216,182.0
13186,2024-02-01,6,259.7258621,123.0
13187,2024-02-01,7,371.0044951,72.0
13188,2024-02-01,8,453.5002393,56.0
13189,2024-02-01,9,347.651246,87.0
13190,2024-02-01,10,419.7559392,65.0
13191,2024-02-01,11,291.6302165,105.0
13192,2024-02-01,12,433.3069079,207.0
13193,2024-02-01,13,264.2756078,261.0
13194,2024-02-01,14,212.8138114,474.0
13195,2024-02-01,15,180.4456082,355.0
13196,2024-02-01,16,219.4656174,282.0
13197,2024-02-01,17,214.9901871,297.0
13198,2024-02-01,18,240.0757781,277.0
13199,2024-02-01,19,201.6710518,365.0
13200,2024-02-01,20,207.0926983,335.0
13201,2024-02-01,21,216.0587505,331.0
13202,2024-02-01,22,218.4083673,271.0
13203,2024-02-01,23,227.1111043,259.0
13204,2024-02-02,0,211.6302504,303.0
13205,2024-02-02,1,233.2362603,246.0
13206,2024-02-02,2,226.4501263,241.0
13207,2024-02-02,3,268.6807242,193.0
13208,2024-02-02,4,205.6625805,197.0
13209,2024-02-02,5,296.7650621,119.0
13210,2024-02-02,6,214.7144876,177.0
13211,2024-02-02,7,483.4770611,49.0
13212,2024-02-02,8,398.7994546,68.0
13213,2024-02-02,9,290.7026049,108.0
13214,2024-02-02,10,400.8155748,74.0
13215,2024-02-02,11,363.527815,89.0
13216,2024-02-02,12,245.1115193,139.0
13217,2024-02-02,13,228.4378266,259.0
13218,2024-02-02,14,231.3563136,275.0
13219,2024-02-02,15,174.5508579,352.0
13220,2024-02-02,16,185.1187707,319.0
13221,2024-02-02,17,202.9468504,252.0
13222,2024-02-02,18,196.4172722,270.0
13223,2024-02-02,19,236.5275438,235.0
13224,2024-02-02,20,236.6262664,245.0
13225,2024-02-02,21,188.3037594,277.0
13226,2024-02-02,22,256.321844,189.0
13227,2024-02-02,23,223.0324388,300.0
13228,2024-02-03,0,198.2165996,343.0
13229,2024-02-03,1,217.9172557,273.0
13230,2024-02-03,2,295.3223889,171.0
13231,2024-02-03,3,267.8691242,183.0
13232,2024-02-03,4,269.788965,181.0
13233,2024-02-03,5,390.3549839,108.0
13234,2024-02-03,6,329.5518591,121.0
13235,2024-02-03,7,420.920161,68.0
13236,2024-02-03,8,495.1204866,54.0
13237,2024-02-03,9,329.9647818,93.0
13238,2024-02-03,10,421.9317661,65.0
13239,2024-02-03,11,492.2365757,55.0
13240,2024-02-03,12,366.4982831,84.0
13241,2024-02-03,13,302.211771,143.0
13242,2024-02-03,14,256.7419835,171.0
13243,2024-02-03,15,189.2140153,310.0
13244,2024-02-03,16,166.798339,269.0
13245,2024-02-03,17,223.4309495,214.0
13246,2024-02-03,18,227.3250586,260.0
13247,2024-02-03,19,190.1689749,262.0
13248,2024-02-03,20,201.6256051,301.0
13249,2024-02-03,21,219.7152709,265.0
13250,2024-02-03,22,240.9549828,270.0
13251,2024-02-03,23,223.87258,228.0
13252,2024-02-04,0,203.5091233,281.0
13253,2024-02-04,1,192.6263627,294.0
13254,2024-02-04,2,236.8273623,254.0
13255,2024-02-04,3,282.3972133,250.0
13256,2024-02-04,4,263.6718378,186.0
13257,2024-02-04,5,242.4650768,168.0
13258,2024-02-04,6,247.507169,154.0
13259,2024-02-04,7,385.4318534,66.0
13260,2024-02-04,8,492.484971,56.0
13261,2024-02-04,9,387.4090134,101.0
13262,2024-02-04,10,388.8805454,80.0
13263,2024-02-04,11,341.8712652,87.0
13264,2024-02-04,12,360.5789333,90.0
13265,2024-02-04,13,272.6830496,157.0
13266,2024-02-04,14,231.0958355,189.0
13267,2024-02-04,15,204.6109543,241.0
13268,2024-02-04,16,238.1890403,257.0
13269,2024-02-04,17,258.6279669,247.0
13270,2024-02-04,18,255.1799873,261.0
13271,2024-02-04,19,231.2271239,217.0
13272,2024-02-04,20,210.6364429,291.0
13273,2024-02-04,21,216.5970878,203.0
13274,2024-02-04,22,220.942899,223.0
13275,2024-02-04,23,239.8031955,288.0
13276,2024-02-05,0,226.3129802,256.0
13277,2024-02-05,1,191.1729155,300.0
13278,2024-02-05,2,195.1891186,314.0
13279,2024-02-05,3,239.8306077,211.0
13280,2024-02-05,4,237.430379,203.0
13281,2024-02-05,5,280.5973594,107.0
13282,2024-02-05,6,241.4427572,156.0
13283,2024-02-05,7,408.0862759,74.0
13284,2024-02-05,8,476.5331326,55.0
13285,2024-02-05,9,552.9971733,46.0
13286,2024-02-05,10,440.8853244,59.0
13287,2024-02-05,11,289.251555,109.0
13288,2024-02-05,12,252.7525821,137.0
13289,2024-02-05,13,222.0888684,242.0
13290,2024-02-05,14,220.7390181,336.0
13291,2024-02-05,15,173.9225402,381.0
13292,2024-02-05,16,200.2005046,320.0
13293,2024-02-05,17,192.8435736,272.0
13294,2024-02-05,18,221.6445051,333.0
13295,2024-02-05,19,206.1472138,284.0
13296,2024-02-05,20,257.4239397,244.0
13297,2024-02-05,21,209.5530748,262.0
13298,2024-02-05,22,256.4627633,215.0
13299,2024-02-05,23,215.7620594,300.0
13300,2024-02-06,0,218.7945171,313.0
13301,2024-02-06,1,209.2975959,274.0
13302,2024-02-06,2,207.6088741,324.0
13303,2024-02-06,3,224.9230082,237.0
13304,2024-02-06,4,262.5780458,167.0
13305,2024-02-06,5,333.7817605,134.0
13306,2024-02-06,6,292.3960654,160.0
13307,2024-02-06,7,483.3492319,53.0
13308,2024-02-06,8,455.1169292,55.0
13309,2024-02-06,9,443.5874232,68.0
13310,2024-02-06,10,396.2684282,62.0
13311,2024-02-06,11,294.6751923,117.0
13312,2024-02-06,12,262.3379036,166.0
13313,2024-02-06,13,215.9969149,246.0
13314,2024-02-06,14,226.9655108,343.0
13315,2024-02-06,15,178.0170948,364.0
13316,2024-02-06,16,198.1625527,336.0
13317,2024-02-06,17,210.8280677,279.0
13318,2024-02-06,18,226.0584067,263.0
13319,2024-02-06,19,212.4866629,247.0
13320,2024-02-06,20,251.3391241,213.0
13321,2024-02-06,21,265.0896081,266.0
13322,2024-02-06,22,193.5071704,329.0
13323,2024-02-06,23,256.7678183,221.0
13324,2024-02-07,0,216.2570606,288.0
13325,2024-02-07,1,211.4072257,313.0
13326,2024-02-07,2,278.9339286,217.0
13327,2024-02-07,3,207.6336959,270.0
13328,2024-02-07,4,246.3917496,166.0
13329,2024-02-07,5,276.4975026,113.0
13330,2024-02-07,6,292.8629111,144.0
13331,2024-02-07,7,436.3209705,61.0
13332,2024-02-07,8,410.6013658,61.0
13333,2024-02-07,9,379.8192153,66.0
13334,2024-02-07,10,496.0116562,67.0
13335,2024-02-07,11,366.1269791,79.0
13336,2024-02-07,12,280.4464538,161.0
13337,2024-02-07,13,236.4564802,246.0
13338,2024-02-07,14,208.504012,302.0
13339,2024-02-07,15,182.2818269,377.0
13340,2024-02-07,16,161.8368047,320.0
13341,2024-02-07,17,197.7286064,366.0
13342,2024-02-07,18,193.9359426,298.0
13343,2024-02-07,19,175.0809831,311.0
13344,2024-02-07,20,194.4642387,339.0
13345,2024-02-07,21,179.8949249,342.0
13346,2024-02-07,22,216.9732701,236.0
13347,2024-02-07,23,212.1751046,312.0
13348,2024-02-08,0,219.0215197,375.0
13349,2024-02-08,1,216.6856862,357.0
13350,2024-02-08,2,183.4308122,372.0
13351,2024-02-08,3,226.0699673,344.0
13352,2024-02-08,4,250.3905179,198.0
13353,2024-02-08,5,266.0528572,145.0
13354,2024-02-08,6,377.0529273,106.0
13355,2024-02-08,7,643.9988619,46.0
13356,2024-02-08,8,401.2400614,85.0
13357,2024-02-08,9,411.9603843,61.0
13358,2024-02-08,10,369.4582752,79.0
13359,2024-02-08,11,294.5443628,98.0
13360,2024-02-08,12,228.5192504,173.0
13361,2024-02-08,13,266.3665593,216.0
13362,2024-02-08,14,213.5675674,272.0
13363,2024-02-08,15,192.2360244,306.0
13364,2024-02-08,16,176.7154011,372.0
13365,2024-02-08,17,192.63255,316.0
13366,2024-02-08,18,217.5857709,270.0
13367,2024-02-08,19,199.1201502,346.0
13368,2024-02-08,20,221.5680633,297.0
13369,2024-02-08,21,205.6152171,230.0
13370,2024-02-08,22,197.6170668,309.0
13371,2024-02-08,23,201.0919813,307.0
13372,2024-02-09,0,196.2727154,317.0
13373,2024-02-09,1,183.2562594,350.0
13374,2024-02-09,2,226.0691957,267.0
13375,2024-02-09,3,317.0313652,204.0
13376,2024-02-09,4,313.6578072,291.0
13377,2024-02-09,5,272.0240427,157.0
13378,2024-02-09,6,213.1714524,129.0
13379,2024-02-09,7,387.6469691,75.0
13380,2024-02-09,8,441.6946104,39.0
13381,2024-02-09,9,503.7535879,48.0
13382,2024-02-09,10,289.6191185,59.0
13383,2024-02-09,11,329.1871941,76.0
13384,2024-02-09,12,213.7704626,168.0
13385,2024-02-09,13,219.3249373,311.0
13386,2024-02-09,14,188.3019929,321.0
13387,2024-02-09,15,199.5898581,430.0
13388,2024-02-09,16,193.6860362,323.0
13389,2024-02-09,17,195.927486,258.0
13390,2024-02-09,18,236.4222954,268.0
13391,2024-02-09,19,220.3069078,351.0
13392,2024-02-09,20,215.6523522,259.0
13393,2024-02-09,21,222.5597083,253.0
13394,2024-02-09,22,194.3498483,310.0
13395,2024-02-09,23,210.5976143,227.0
13396,2024-02-10,0,207.5761193,334.0
13397,2024-02-10,1,223.7455034,256.0
13398,2024-02-10,2,213.2017191,260.0
13399,2024-02-10,3,228.0718076,207.0
13400,2024-02-10,4,270.6249675,174.0
13401,2024-02-10,5,308.5157745,133.0
13402,2024-02-10,6,290.6284695,112.0
13403,2024-02-10,7,411.6248674,61.0
13404,2024-02-10,8,609.1036584,26.0
13405,2024-02-10,9,388.0542679,57.0
13406,2024-02-10,10,394.0418505,43.0
13407,2024-02-10,11,298.7721033,72.0
13408,2024-02-10,12,238.6232095,104.0
13409,2024-02-10,13,248.9159562,133.0
13410,2024-02-10,14,222.7007604,203.0
13411,2024-02-10,15,181.208257,278.0
13412,2024-02-10,16,199.6211872,248.0
13413,2024-02-10,17,245.662586,236.0
13414,2024-02-10,18,222.9023679,223.0
13415,2024-02-10,19,236.2585647,212.0
13416,2024-02-10,20,200.2021436,213.0
13417,2024-02-10,21,229.6490269,160.0
13418,2024-02-10,22,237.0578677,249.0
13419,2024-02-10,23,277.2608903,208.0
13420,2024-02-11,0,185.6890446,300.0
13421,2024-02-11,1,196.2406531,261.0
13422,2024-02-11,2,180.4708169,265.0
13423,2024-02-11,3,239.508375,219.0
13424,2024-02-11,4,204.1401747,249.0
13425,2024-02-11,5,224.4118298,217.0
13426,2024-02-11,6,314.0939918,129.0
13427,2024-02-11,7,310.0254746,96.0
13428,2024-02-11,8,384.2577802,64.0
13429,2024-02-11,9,347.2056904,74.0
13430,2024-02-11,10,429.5954594,47.0
13431,2024-02-11,11,312.6290777,63.0
13432,2024-02-11,12,244.0196625,111.0
13433,2024-02-11,13,201.3514342,142.0
13434,2024-02-11,14,203.0835638,223.0
13435,2024-02-11,15,256.5209044,288.0
13436,2024-02-11,16,197.50693,216.0
13437,2024-02-11,17,197.2512328,224.0
13438,2024-02-11,18,221.5957068,322.0
13439,2024-02-11,19,215.1356299,246.0
13440,2024-02-11,20,190.9426151,220.0
13441,2024-02-11,21,200.6783719,210.0
13442,2024-02-11,22,228.2323829,263.0
13443,2024-02-11,23,203.5240183,238.0
13444,2024-02-12,0,241.0072921,375.0
13445,2024-02-12,1,217.7674943,306.0
13446,2024-02-12,2,206.1609474,259.0
13447,2024-02-12,3,242.6854486,154.0
13448,2024-02-12,4,251.4956731,170.0
13449,2024-02-12,5,237.0040099,159.0
13450,2024-02-12,6,321.1368834,92.0
13451,2024-02-12,7,352.7017152,72.0
13452,2024-02-12,8,436.5637341,35.0
13453,2024-02-12,9,428.1345357,55.0
13454,2024-02-12,10,286.6304707,96.0
13455,2024-02-12,11,338.6168149,60.0
13456,2024-02-12,12,240.5224105,128.0
13457,2024-02-12,13,224.0792816,240.0
13458,2024-02-12,14,218.0844428,371.0
13459,2024-02-12,15,185.3673057,331.0
13460,2024-02-12,16,172.3328458,293.0
13461,2024-02-12,17,160.4950703,295.0
13462,2024-02-12,18,204.2612719,227.0
13463,2024-02-12,19,178.1114153,253.0
13464,2024-02-12,20,213.2942706,250.0
13465,2024-02-12,21,180.8458277,290.0
13466,2024-02-12,22,161.7698343,311.0
13467,2024-02-12,23,212.1808485,303.0
13468,2024-02-13,0,213.6007192,379.0
13469,2024-02-13,1,204.4512779,350.0
13470,2024-02-13,2,213.4864113,344.0
13471,2024-02-13,3,221.9271119,219.0
13472,2024-02-13,4,235.4407709,169.0
13473,2024-02-13,5,250.048352,164.0
13474,2024-02-13,6,268.8924775,101.0
13475,2024-02-13,7,266.3333909,84.0
13476,2024-02-13,8,306.553721,135.0
13477,2024-02-13,9,362.6883365,95.0
13478,2024-02-13,10,370.7032874,64.0
13479,2024-02-13,11,281.1406809,91.0
13480,2024-02-13,12,246.2276034,143.0
13481,2024-02-13,13,198.7406809,312.0
13482,2024-02-13,14,210.6294486,291.0
13483,2024-02-13,15,179.9305844,359.0
13484,2024-02-13,16,182.5016902,317.0
13485,2024-02-13,17,236.6625414,310.0
13486,2024-02-13,18,209.3406357,283.0
13487,2024-02-13,19,203.7325917,327.0
13488,2024-02-13,20,172.9017111,370.0
13489,2024-02-13,21,185.1818448,351.0
13490,2024-02-13,22,191.2709339,420.0
13491,2024-02-13,23,199.2350459,331.0
13492,2024-02-14,0,189.0615514,407.0
13493,2024-02-14,1,212.1059593,365.0
13494,2024-02-14,2,239.0604959,354.0
13495,2024-02-14,3,251.3963553,257.0
13496,2024-02-14,4,254.7202065,239.0
13497,2024-02-14,5,290.2764132,184.0
13498,2024-02-14,6,305.2914863,163.0
13499,2024-02-14,7,354.9417809,94.0
13500,2024-02-14,8,375.0775007,81.0
13501,2024-02-14,9,461.2032335,60.0
13502,2024-02-14,10,495.7764477,55.0
13503,2024-02-14,11,338.6981925,91.0
13504,2024-02-14,12,243.987501,185.0
13505,2024-02-14,13,264.9059558,218.0
13506,2024-02-14,14,198.9994866,347.0
13507,2024-02-14,15,196.810303,365.0
13508,2024-02-14,16,172.6450333,307.0
13509,2024-02-14,17,234.0831125,275.0
13510,2024-02-14,18,271.9398838,315.0
13511,2024-02-14,19,207.9041172,249.0
13512,2024-02-14,20,212.6394926,272.0
13513,2024-02-14,21,218.1633786,316.0
13514,2024-02-14,22,211.3760257,348.0
13515,2024-02-14,23,242.0128098,260.0
13516,2024-02-15,0,196.1929561,365.0
13517,2024-02-15,1,210.5954511,247.0
13518,2024-02-15,2,201.7901139,243.0
13519,2024-02-15,3,227.0651197,198.0
13520,2024-02-15,4,289.9902895,195.0
13521,2024-02-15,5,305.8350867,142.0
13522,2024-02-15,6,255.4708533,183.0
13523,2024-02-15,7,482.6031734,73.0
13524,2024-02-15,8,476.207204,55.0
13525,2024-02-15,9,476.8449699,63.0
13526,2024-02-15,10,391.2920502,70.0
13527,2024-02-15,11,362.1939408,77.0
13528,2024-02-15,12,264.0312226,153.0
13529,2024-02-15,13,205.7735653,233.0
13530,2024-02-15,14,179.5065105,386.0
13531,2024-02-15,15,159.8853674,514.0
13532,2024-02-15,16,181.6193094,418.0
13533,2024-02-15,17,226.0364772,234.0
13534,2024-02-15,18,214.0615573,246.0
13535,2024-02-15,19,177.8060726,391.0
13536,2024-02-15,20,228.0750185,295.0
13537,2024-02-15,21,230.7446094,264.0
13538,2024-02-15,22,230.6430049,289.0
13539,2024-02-15,23,204.9765368,267.0
13540,2024-02-16,0,207.6094773,320.0
13541,2024-02-16,1,179.3972083,295.0
13542,2024-02-16,2,193.5902956,329.0
13543,2024-02-16,3,220.7206317,253.0
13544,2024-02-16,4,289.4603065,157.0
13545,2024-02-16,5,327.4589315,142.0
13546,2024-02-16,6,267.7615068,135.0
13547,2024-02-16,7,453.4111191,68.0
13548,2024-02-16,8,488.7418391,56.0
13549,2024-02-16,9,318.5045376,104.0
13550,2024-02-16,10,322.1186373,103.0
13551,2024-02-16,11,340.7796337,85.0
13552,2024-02-16,12,266.3867722,164.0
13553,2024-02-16,13,217.2065049,247.0
13554,2024-02-16,14,221.0263696,325.0
13555,2024-02-16,15,190.7573406,424.0
13556,2024-02-16,16,181.5328718,332.0
13557,2024-02-16,17,214.2504359,372.0
13558,2024-02-16,18,207.7614739,309.0
13559,2024-02-16,19,253.1133101,234.0
13560,2024-02-16,20,272.2199817,239.0
13561,2024-02-16,21,239.772481,202.0
13562,2024-02-16,22,243.7413546,294.0
13563,2024-02-16,23,181.7882973,280.0
13564,2024-02-17,0,185.5881192,369.0
13565,2024-02-17,1,193.3915085,309.0
13566,2024-02-17,2,206.3644838,227.0
13567,2024-02-17,3,233.526123,194.0
13568,2024-02-17,4,246.2732583,224.0
13569,2024-02-17,5,304.3414278,153.0
13570,2024-02-17,6,210.8058715,209.0
13571,2024-02-17,7,527.0307353,60.0
13572,2024-02-17,8,344.9867722,72.0
13573,2024-02-17,9,360.6598697,100.0
13574,2024-02-17,10,565.8718391,44.0
13575,2024-02-17,11,371.2029473,80.0
13576,2024-02-17,12,289.3294895,125.0
13577,2024-02-17,13,292.1321449,137.0
13578,2024-02-17,14,240.2636782,213.0
13579,2024-02-17,15,217.9512111,261.0
13580,2024-02-17,16,175.6870565,329.0
13581,2024-02-17,17,238.2486734,283.0
13582,2024-02-17,18,210.7506175,335.0
13583,2024-02-17,19,229.1064314,305.0
13584,2024-02-17,20,197.525307,300.0
13585,2024-02-17,21,213.422779,285.0
13586,2024-02-17,22,259.5082279,239.0
13587,2024-02-17,23,247.0139245,239.0
13588,2024-02-18,0,228.7203344,267.0
13589,2024-02-18,1,203.4207202,306.0
13590,2024-02-18,2,220.9612379,236.0
13591,2024-02-18,3,239.4398887,187.0
13592,2024-02-18,4,193.3528842,303.0
13593,2024-02-18,5,252.1697637,194.0
13594,2024-02-18,6,282.487004,141.0
13595,2024-02-18,7,328.5738212,132.0
13596,2024-02-18,8,362.1327606,90.0
13597,2024-02-18,9,371.9593743,89.0
13598,2024-02-18,10,388.486153,71.0
13599,2024-02-18,11,324.3139397,83.0
13600,2024-02-18,12,315.3197368,128.0
13601,2024-02-18,13,276.2172239,139.0
13602,2024-02-18,14,261.8493768,217.0
13603,2024-02-18,15,213.3297728,289.0
13604,2024-02-18,16,196.7468519,321.0
13605,2024-02-18,17,244.37979,239.0
13606,2024-02-18,18,226.1853134,244.0
13607,2024-02-18,19,178.7577994,311.0
13608,2024-02-18,20,251.3871787,213.0
13609,2024-02-18,21,247.1909671,310.0
13610,2024-02-18,22,243.3654179,238.0
13611,2024-02-18,23,222.3373037,224.0
13612,2024-02-19,0,245.7248136,248.0
13613,2024-02-19,1,212.0632172,296.0
13614,2024-02-19,2,209.975442,260.0
13615,2024-02-19,3,269.4477762,199.0
13616,2024-02-19,4,231.5486085,213.0
13617,2024-02-19,5,289.0013011,202.0
13618,2024-02-19,6,296.7512252,106.0
13619,2024-02-19,7,413.5190908,73.0
13620,2024-02-19,8,343.0767679,99.0
13621,2024-02-19,9,320.1371965,107.0
13622,2024-02-19,10,482.571708,61.0
13623,2024-02-19,11,444.4805929,82.0
13624,2024-02-19,12,266.9518874,137.0
13625,2024-02-19,13,224.9506015,234.0
13626,2024-02-19,14,231.2646207,275.0
13627,2024-02-19,15,201.6019486,502.0
13628,2024-02-19,16,172.5285345,332.0
13629,2024-02-19,17,182.0411358,275.0
13630,2024-02-19,18,210.0814939,272.0
13631,2024-02-19,19,196.1201935,386.0
13632,2024-02-19,20,233.5648746,225.0
13633,2024-02-19,21,211.9249555,264.0
13634,2024-02-19,22,232.0704023,336.0
13635,2024-02-19,23,233.1890303,295.0
13636,2024-02-20,0,226.2719924,477.0
13637,2024-02-20,1,216.3517502,332.0
13638,2024-02-20,2,218.101139,282.0
13639,2024-02-20,3,201.3468182,261.0
13640,2024-02-20,4,263.4232703,182.0
13641,2024-02-20,5,275.9706252,146.0
13642,2024-02-20,6,394.2103882,105.0
13643,2024-02-20,7,364.8956878,79.0
13644,2024-02-20,8,345.8372198,80.0
13645,2024-02-20,9,292.4000626,117.0
13646,2024-02-20,10,452.3225085,65.0
13647,2024-02-20,11,318.1752288,94.0
13648,2024-02-20,12,266.0568012,157.0
13649,2024-02-20,13,197.9362547,281.0
13650,2024-02-20,14,206.4133473,282.0
13651,2024-02-20,15,202.4567155,306.0
13652,2024-02-20,16,186.7365499,341.0
13653,2024-02-20,17,222.9377987,265.0
13654,2024-02-20,18,219.2206606,238.0
13655,2024-02-20,19,223.014997,273.0
13656,2024-02-20,20,212.8810625,280.0
13657,2024-02-20,21,196.4159184,280.0
13658,2024-02-20,22,239.161538,333.0
13659,2024-02-20,23,238.5008212,276.0
13660,2024-02-21,0,196.9573088,287.0
13661,2024-02-21,1,211.3160494,329.0
13662,2024-02-21,2,220.3177034,316.0
13663,2024-02-21,3,291.5122155,217.0
13664,2024-02-21,4,270.2612074,200.0
13665,2024-02-21,5,287.4213471,157.0
13666,2024-02-21,6,285.2536044,146.0
13667,2024-02-21,7,375.7658176,96.0
13668,2024-02-21,8,453.4750692,80.0
13669,2024-02-21,9,319.3626033,121.0
13670,2024-02-21,10,362.1052439,98.0
13671,2024-02-21,11,332.7077956,125.0
13672,2024-02-21,12,267.474694,182.0
13673,2024-02-21,13,244.1592289,273.0
13674,2024-02-21,14,237.350145,354.0
13675,2024-02-21,15,193.3882383,393.0
13676,2024-02-21,16,195.3782783,496.0
13677,2024-02-21,17,218.3478995,448.0
13678,2024-02-21,18,247.8190427,305.0
13679,2024-02-21,19,230.3756197,271.0
13680,2024-02-21,20,198.5898564,436.0
13681,2024-02-21,21,206.3416908,314.0
13682,2024-02-21,22,209.9771574,369.0
13683,2024-02-21,23,247.916111,275.0
13684,2024-02-22,0,220.1605521,315.0
13685,2024-02-22,1,264.98452,278.0
13686,2024-02-22,2,228.4188821,369.0
13687,2024-02-22,3,256.728704,231.0
13688,2024-02-22,4,276.9164253,209.0
13689,2024-02-22,5,345.3283945,153.0
13690,2024-02-22,6,298.1702689,148.0
13691,2024-02-22,7,346.398084,127.0
13692,2024-02-22,8,402.7215042,85.0
13693,2024-02-22,9,397.7535006,102.0
13694,2024-02-22,10,373.0179695,96.0
13695,2024-02-22,11,379.3248012,112.0
13696,2024-02-22,12,184.3883393,217.0
13697,2024-02-22,13,238.3243874,228.0
13698,2024-02-22,14,194.0100436,392.0
13699,2024-02-22,15,190.7639472,430.0
13700,2024-02-22,16,196.6830096,298.0
13701,2024-02-22,17,247.1936667,294.0
13702,2024-02-22,18,203.4393456,295.0
13703,2024-02-22,19,200.3434734,343.0
13704,2024-02-22,20,259.3933918,303.0
13705,2024-02-22,21,216.7851443,325.0
13706,2024-02-22,22,221.3358014,348.0
13707,2024-02-22,23,225.9240286,280.0
13708,2024-02-23,0,228.1932448,375.0
13709,2024-02-23,1,205.4391166,331.0
13710,2024-02-23,2,257.6035158,275.0
13711,2024-02-23,3,280.8558629,252.0
13712,2024-02-23,4,270.938745,236.0
13713,2024-02-23,5,348.8158192,139.0
13714,2024-02-23,6,328.4300895,125.0
13715,2024-02-23,7,382.3029658,111.0
13716,2024-02-23,8,523.2634055,65.0
13717,2024-02-23,9,357.5838663,114.0
13718,2024-02-23,10,341.1365563,102.0
13719,2024-02-23,11,328.4255925,141.0
13720,2024-02-23,12,277.8893033,173.0
13721,2024-02-23,13,218.966821,293.0
13722,2024-02-23,14,225.8143273,297.0
13723,2024-02-23,15,195.6265909,512.0
13724,2024-02-23,16,211.7210655,328.0
13725,2024-02-23,17,235.0206976,295.0
13726,2024-02-23,18,202.7463932,347.0
13727,2024-02-23,19,245.810624,342.0
13728,2024-02-23,20,261.6399002,296.0
13729,2024-02-23,21,256.3839323,283.0
13730,2024-02-23,22,223.2551341,391.0
13731,2024-02-23,23,218.0550399,373.0
13732,2024-02-24,0,209.3421377,337.0
13733,2024-02-24,1,226.8359657,243.0
13734,2024-02-24,2,246.6110809,324.0
13735,2024-02-24,3,232.6542125,317.0
13736,2024-02-24,4,229.2639861,343.0
13737,2024-02-24,5,272.2119263,193.0
13738,2024-02-24,6,370.7646459,140.0
13739,2024-02-24,7,316.0060218,159.0
13740,2024-02-24,8,416.1962572,96.0
13741,2024-02-24,9,338.3089316,127.0
13742,2024-02-24,10,466.2166681,81.0
13743,2024-02-24,11,378.5153736,95.0
13744,2024-02-24,12,354.8457707,118.0
13745,2024-02-24,13,233.2126178,238.0
13746,2024-02-24,14,210.8469362,265.0
13747,2024-02-24,15,210.3896301,303.0
13748,2024-02-24,16,204.4680313,376.0
13749,2024-02-24,17,223.5706614,369.0
13750,2024-02-24,18,243.843917,311.0
13751,2024-02-24,19,253.0703986,309.0
13752,2024-02-24,20,264.6873796,287.0
13753,2024-02-24,21,251.2092233,263.0
13754,2024-02-24,22,292.243431,264.0
13755,2024-02-24,23,266.9977791,255.0
13756,2024-02-25,0,202.3714739,321.0
13757,2024-02-25,1,243.2105307,403.0
13758,2024-02-25,2,253.2754951,282.0
13759,2024-02-25,3,287.075586,204.0
13760,2024-02-25,4,275.262072,223.0
13761,2024-02-25,5,294.2219893,174.0
13762,2024-02-25,6,296.2321549,173.0
13763,2024-02-25,7,378.2590813,160.0
13764,2024-02-25,8,425.8803325,95.0
13765,2024-02-25,9,254.6533779,157.0
13766,2024-02-25,10,434.3402197,99.0
13767,2024-02-25,11,489.2147747,74.0
13768,2024-02-25,12,267.3893309,131.0
13769,2024-02-25,13,264.881891,166.0
13770,2024-02-25,14,293.9110398,228.0
13771,2024-02-25,15,238.6744858,315.0
13772,2024-02-25,16,230.2983397,300.0
13773,2024-02-25,17,276.1315183,236.0
13774,2024-02-25,18,197.2598676,256.0
13775,2024-02-25,19,255.9895392,338.0
13776,2024-02-25,20,246.1991997,225.0
13777,2024-02-25,21,240.7701329,350.0
13778,2024-02-25,22,267.9744223,292.0
13779,2024-02-25,23,269.4871979,235.0
13780,2024-02-26,0,228.6278749,289.0
13781,2024-02-26,1,288.1502428,285.0
13782,2024-02-26,2,247.6447667,256.0
13783,2024-02-26,3,241.7704455,264.0
13784,2024-02-26,4,268.6285249,240.0
13785,2024-02-26,5,337.3081163,139.0
13786,2024-02-26,6,385.1568543,134.0
13787,2024-02-26,7,364.3658327,135.0
13788,2024-02-26,8,422.6663999,87.0
13789,2024-02-26,9,370.3745095,107.0
13790,2024-02-26,10,376.5503788,103.0
13791,2024-02-26,11,408.6007835,87.0
13792,2024-02-26,12,320.2919758,144.0
13793,2024-02-26,13,194.1963642,337.0
13794,2024-02-26,14,208.7236908,413.0
13795,2024-02-26,15,188.9496959,428.0
13796,2024-02-26,16,184.5547556,377.0
13797,2024-02-26,17,212.8027091,282.0
13798,2024-02-26,18,219.38347,261.0
13799,2024-02-26,19,284.385427,256.0
13800,2024-02-26,20,263.8312566,329.0
13801,2024-02-26,21,256.2201464,349.0
13802,2024-02-26,22,262.6377619,342.0
13803,2024-02-26,23,264.9341942,321.0
13804,2024-02-27,0,207.5917584,499.0
13805,2024-02-27,1,224.1134834,373.0
13806,2024-02-27,2,231.6474404,292.0
13807,2024-02-27,3,267.8777518,240.0
13808,2024-02-27,4,263.6491299,216.0
13809,2024-02-27,5,280.4923854,217.0
13810,2024-02-27,6,392.4288109,93.0
13811,2024-02-27,7,357.4989505,114.0
13812,2024-02-27,8,459.5704548,80.0
13813,2024-02-27,9,327.7197272,125.0
13814,2024-02-27,10,320.1557237,131.0
13815,2024-02-27,11,399.7523461,102.0
13816,2024-02-27,12,251.8788296,182.0
13817,2024-02-27,13,212.0013488,298.0
13818,2024-02-27,14,243.3725933,299.0
13819,2024-02-27,15,220.7760164,332.0
13820,2024-02-27,16,227.5762765,274.0
13821,2024-02-27,17,211.4745278,338.0
13822,2024-02-27,18,198.1462767,328.0
13823,2024-02-27,19,264.4696806,344.0
13824,2024-02-27,20,259.502105,311.0
13825,2024-02-27,21,232.3055813,313.0
13826,2024-02-27,22,256.5382869,278.0
13827,2024-02-27,23,220.6521399,323.0
13828,2024-02-28,0,228.2881158,387.0
13829,2024-02-28,1,223.1409327,333.0
13830,2024-02-28,2,239.7888455,321.0
13831,2024-02-28,3,265.6197143,248.0
13832,2024-02-28,4,266.312088,211.0
13833,2024-02-28,5,248.1738268,300.0
13834,2024-02-28,6,296.9262415,172.0
13835,2024-02-28,7,347.5031858,120.0
13836,2024-02-28,8,406.0619282,97.0
13837,2024-02-28,9,373.0837522,115.0
13838,2024-02-28,10,391.6202522,90.0
13839,2024-02-28,11,360.7154266,123.0
13840,2024-02-28,12,358.0357948,141.0
13841,2024-02-28,13,263.5369454,259.0
13842,2024-02-28,14,237.7563775,266.0
13843,2024-02-28,15,219.7864306,373.0
13844,2024-02-28,16,153.5365813,443.0
13845,2024-02-28,17,192.4295093,340.0
13846,2024-02-28,18,200.6704822,301.0
13847,2024-02-28,19,249.8958587,297.0
13848,2024-02-28,20,257.8261693,286.0
13849,2024-02-28,21,215.3327219,388.0
13850,2024-02-28,22,256.0009743,335.0
13851,2024-02-28,23,221.8771297,304.0
13852,2024-02-29,0,211.8336133,346.0
13853,2024-02-29,1,195.7926092,350.0
13854,2024-02-29,2,262.1607485,330.0
13855,2024-02-29,3,274.4049738,262.0
13856,2024-02-29,4,290.0477689,203.0
13857,2024-02-29,5,331.7235425,155.0
13858,2024-02-29,6,331.7903753,153.0
13859,2024-02-29,7,351.4065688,125.0
13860,2024-02-29,8,401.0829373,93.0
13861,2024-02-29,9,351.3549407,115.0
13862,2024-02-29,10,458.5099312,89.0
13863,2024-02-29,11,327.2445908,116.0
13864,2024-02-29,12,275.5356989,159.0
13865,2024-02-29,13,222.858497,279.0
13866,2024-02-29,14,252.8468242,295.0
13867,2024-02-29,15,220.5177251,395.0
13868,2024-02-29,16,191.06972,355.0
13869,2024-02-29,17,215.0507247,338.0
13870,2024-02-29,18,228.9194563,259.0
13871,2024-02-29,19,252.7813128,288.0
13872,2024-02-29,20,244.5622603,257.0
13873,2024-02-29,21,238.9359659,309.0
13874,2024-02-29,22,244.2884182,300.0
13875,2024-02-29,23,239.0912019,304.0
13876,2024-03-01,0,215.9640244,307.0
13877,2024-03-01,1,220.7468119,247.0
13878,2024-03-01,2,238.4440846,305.0
13879,2024-03-01,3,282.6216947,189.0
13880,2024-03-01,4,318.2380328,189.0
13881,2024-03-01,5,306.6095576,196.0
13882,2024-03-01,6,298.5543101,133.0
13883,2024-03-01,7,345.5790464,120.0
13884,2024-03-01,8,461.0762198,82.0
13885,2024-03-01,9,343.7909281,117.0
13886,2024-03-01,10,417.408319,92.0
13887,2024-03-01,11,374.7269401,120.0
13888,2024-03-01,12,292.0465545,158.0
13889,2024-03-01,13,263.7568117,254.0
13890,2024-03-01,14,243.7179807,315.0
13891,2024-03-01,15,191.4495965,408.0
13892,2024-03-01,16,199.169559,353.0
13893,2024-03-01,17,264.517779,338.0
13894,2024-03-01,18,240.5104068,251.0
13895,2024-03-01,19,242.5364062,295.0
13896,2024-03-01,20,229.7740304,339.0
13897,2024-03-01,21,258.9623968,265.0
13898,2024-03-01,22,240.3032181,322.0
13899,2024-03-01,23,234.6690277,288.0
13900,2024-03-02,0,210.0782913,286.0
13901,2024-03-02,1,226.8022049,263.0
13902,2024-03-02,2,297.8143624,201.0
13903,2024-03-02,3,263.8604847,232.0
13904,2024-03-02,4,287.3511618,217.0
13905,2024-03-02,5,303.3323556,185.0
13906,2024-03-02,6,308.3940212,130.0
13907,2024-03-02,7,362.5945959,135.0
13908,2024-03-02,8,470.4252725,77.0
13909,2024-03-02,9,362.7067607,88.0
13910,2024-03-02,10,420.3306474,99.0
13911,2024-03-02,11,390.0387182,92.0
13912,2024-03-02,12,305.1368349,125.0
13913,2024-03-02,13,296.7115174,189.0
13914,2024-03-02,14,317.0043612,201.0
13915,2024-03-02,15,227.8813424,339.0
13916,2024-03-02,16,183.6875292,325.0
13917,2024-03-02,17,256.8066811,305.0
13918,2024-03-02,18,250.0691584,276.0
13919,2024-03-02,19,221.8641528,285.0
13920,2024-03-02,20,255.9975991,231.0
13921,2024-03-02,21,229.8960602,272.0
13922,2024-03-02,22,250.252314,249.0
13923,2024-03-02,23,277.964055,247.0
13924,2024-03-03,0,205.6800863,250.0
13925,2024-03-03,1,230.9379156,204.0
13926,2024-03-03,2,239.6346395,336.0
13927,2024-03-03,3,293.7374117,221.0
13928,2024-03-03,4,228.8537714,279.0
13929,2024-03-03,5,302.6684778,191.0
13930,2024-03-03,6,290.0502024,153.0
13931,2024-03-03,7,348.7384685,167.0
13932,2024-03-03,8,529.0984326,74.0
13933,2024-03-03,9,352.7557233,101.0
13934,2024-03-03,10,407.5424182,88.0
13935,2024-03-03,11,400.9810157,90.0
13936,2024-03-03,12,339.1855327,120.0
13937,2024-03-03,13,258.5700864,162.0
13938,2024-03-03,14,314.4353317,189.0
13939,2024-03-03,15,214.0857683,312.0
13940,2024-03-03,16,204.2447003,262.0
13941,2024-03-03,17,305.6742545,188.0
13942,2024-03-03,18,242.3960205,245.0
13943,2024-03-03,19,245.897336,247.0
13944,2024-03-03,20,256.373016,298.0
13945,2024-03-03,21,255.1947024,226.0
13946,2024-03-03,22,272.4213668,268.0
13947,2024-03-03,23,188.893343,378.0
13948,2024-03-04,0,219.1149593,273.0
13949,2024-03-04,1,234.4945417,268.0
13950,2024-03-04,2,240.4124774,270.0
13951,2024-03-04,3,236.2565386,281.0
13952,2024-03-04,4,324.7569058,159.0
13953,2024-03-04,5,323.2155808,142.0
13954,2024-03-04,6,322.2154237,103.0
13955,2024-03-04,7,338.8648516,124.0
13956,2024-03-04,8,476.7659469,73.0
13957,2024-03-04,9,480.1816658,75.0
13958,2024-03-04,10,411.9004002,92.0
13959,2024-03-04,11,358.889788,114.0
13960,2024-03-04,12,281.939171,137.0
13961,2024-03-04,13,262.0372962,248.0
13962,2024-03-04,14,243.543185,320.0
13963,2024-03-04,15,219.9836068,335.0
13964,2024-03-04,16,212.2307907,311.0
13965,2024-03-04,17,224.9557984,283.0
13966,2024-03-04,18,213.8061634,274.0
13967,2024-03-04,19,239.9661988,274.0
13968,2024-03-04,20,221.0039907,342.0
13969,2024-03-04,21,239.1247629,313.0
13970,2024-03-04,22,235.125457,316.0
13971,2024-03-04,23,201.1534191,288.0
13972,2024-03-05,0,206.9174521,282.0
13973,2024-03-05,1,185.5065938,339.0
13974,2024-03-05,2,240.0524727,278.0
13975,2024-03-05,3,238.1603191,263.0
13976,2024-03-05,4,220.8263328,250.0
13977,2024-03-05,5,286.5946199,183.0
13978,2024-03-05,6,288.643965,133.0
13979,2024-03-05,7,339.5945,150.0
13980,2024-03-05,8,351.7343118,102.0
13981,2024-03-05,9,446.2235254,76.0
13982,2024-03-05,10,384.5409032,100.0
13983,2024-03-05,11,316.9041658,126.0
13984,2024-03-05,12,252.153713,182.0
13985,2024-03-05,13,196.94768,305.0
13986,2024-03-05,14,244.4092234,284.0
13987,2024-03-05,15,225.0938864,497.0
13988,2024-03-05,16,218.7938276,384.0
13989,2024-03-05,17,217.4352278,277.0
13990,2024-03-05,18,249.0759871,261.0
13991,2024-03-05,19,235.0384652,316.0
13992,2024-03-05,20,226.0569813,303.0
13993,2024-03-05,21,306.2040172,269.0
13994,2024-03-05,22,244.4401753,238.0
13995,2024-03-05,23,269.1626891,282.0
13996,2024-03-06,0,234.2129494,343.0
13997,2024-03-06,1,193.9642402,329.0
13998,2024-03-06,2,192.7779617,337.0
13999,2024-03-06,3,291.103316,195.0
14000,2024-03-06,4,292.4366056,175.0
14001,2024-03-06,5,346.5954119,111.0
14002,2024-03-06,6,330.6185855,125.0
14003,2024-03-06,7,316.5937435,129.0
14004,2024-03-06,8,380.8455907,99.0
14005,2024-03-06,9,313.228488,124.0
14006,2024-03-06,10,407.5070607,88.0
14007,2024-03-06,11,373.7918919,107.0
14008,2024-03-06,12,307.6288631,134.0
14009,2024-03-06,13,224.2810911,283.0
14010,2024-03-06,14,234.6522167,276.0
14011,2024-03-06,15,207.6060399,361.0
14012,2024-03-06,16,238.3625583,370.0
14013,2024-03-06,17,265.1481979,305.0
14014,2024-03-06,18,184.6402046,316.0
14015,2024-03-06,19,206.2232306,321.0
14016,2024-03-06,20,228.7638382,320.0
14017,2024-03-06,21,212.0823366,323.0
14018,2024-03-06,22,197.9498985,390.0
14019,2024-03-06,23,186.0941806,334.0
14020,2024-03-07,0,178.2400556,287.0
14021,2024-03-07,1,218.013825,393.0
14022,2024-03-07,2,197.4445309,394.0
14023,2024-03-07,3,213.9703902,321.0
14024,2024-03-07,4,279.3720702,165.0
14025,2024-03-07,5,336.2579118,128.0
14026,2024-03-07,6,382.7435593,102.0
14027,2024-03-07,7,406.8369785,100.0
14028,2024-03-07,8,370.8423992,98.0
14029,2024-03-07,9,462.5123173,88.0
14030,2024-03-07,10,455.0852028,84.0
14031,2024-03-07,11,396.3068683,107.0
14032,2024-03-07,12,242.5958867,187.0
14033,2024-03-07,13,243.8550098,239.0
14034,2024-03-07,14,199.0391918,331.0
14035,2024-03-07,15,191.998615,424.0
14036,2024-03-07,16,191.1114908,402.0
14037,2024-03-07,17,203.5340761,325.0
14038,2024-03-07,18,241.2667699,281.0
14039,2024-03-07,19,223.4534887,423.0
14040,2024-03-07,20,188.6303914,352.0
14041,2024-03-07,21,202.9568532,397.0
14042,2024-03-07,22,160.3024357,427.0
14043,2024-03-07,23,251.7497703,290.0
14044,2024-03-08,0,259.667361,279.0
14045,2024-03-08,1,208.0743217,294.0
14046,2024-03-08,2,227.0829676,344.0
14047,2024-03-08,3,275.6883986,216.0
14048,2024-03-08,4,293.7078819,179.0
14049,2024-03-08,5,300.8689435,160.0
14050,2024-03-08,6,310.9358373,142.0
14051,2024-03-08,7,388.7300235,101.0
14052,2024-03-08,8,520.2425414,71.0
14053,2024-03-08,9,365.2921858,126.0
14054,2024-03-08,10,419.7002914,93.0
14055,2024-03-08,11,415.4886688,109.0
14056,2024-03-08,12,250.2542693,175.0
14057,2024-03-08,13,239.883468,280.0
14058,2024-03-08,14,223.6525666,277.0
14059,2024-03-08,15,195.5084899,381.0
14060,2024-03-08,16,179.9240697,456.0
14061,2024-03-08,17,224.3596655,316.0
14062,2024-03-08,18,179.5871161,329.0
14063,2024-03-08,19,202.5781076,371.0
14064,2024-03-08,20,185.9800188,365.0
14065,2024-03-08,21,200.1140219,328.0
14066,2024-03-08,22,240.0230349,289.0
14067,2024-03-08,23,233.848133,295.0
14068,2024-03-09,0,170.1996621,452.0
14069,2024-03-09,1,188.6134108,348.0
14070,2024-03-09,2,169.4486721,358.0
14071,2024-03-09,3,221.4551658,379.0
14072,2024-03-09,4,156.611502,322.0
14073,2024-03-09,5,252.3415885,238.0
14074,2024-03-09,6,321.1435902,157.0
14075,2024-03-09,7,406.9578364,117.0
14076,2024-03-09,8,397.8368994,104.0
14077,2024-03-09,9,330.6763048,156.0
14078,2024-03-09,10,391.3019681,91.0
14079,2024-03-09,11,372.1808175,124.0
14080,2024-03-09,12,317.681293,116.0
14081,2024-03-09,13,272.4210759,198.0
14082,2024-03-09,14,290.6367265,234.0
14083,2024-03-09,15,214.0484573,381.0
14084,2024-03-09,16,191.2044231,397.0
14085,2024-03-09,17,237.9802434,382.0
14086,2024-03-09,18,229.1080162,330.0
14087,2024-03-09,19,222.3470532,346.0
14088,2024-03-09,20,238.6605438,341.0
14089,2024-03-09,21,208.4058022,316.0
14090,2024-03-09,22,219.995069,354.0
14091,2024-03-09,23,228.9182399,313.0
14092,2024-03-10,0,211.4570322,323.0
14093,2024-03-10,1,204.2818492,315.0
14094,2024-03-10,2,252.8933056,276.0
14095,2024-03-10,3,268.7307468,201.0
14096,2024-03-10,4,326.7835653,173.0
14097,2024-03-10,5,316.9410312,189.0
14098,2024-03-10,6,341.2562983,163.0
14099,2024-03-10,7,391.8387672,152.0
14100,2024-03-10,8,454.1759726,121.0
14101,2024-03-10,9,412.141856,73.0
14102,2024-03-10,10,390.5425618,108.0
14103,2024-03-10,11,477.308097,78.0
14104,2024-03-10,12,348.9307014,159.0
14105,2024-03-10,13,233.6180711,305.0
14106,2024-03-10,14,229.6161717,230.0
14107,2024-03-10,15,203.7134636,261.0
14108,2024-03-10,16,251.8287293,276.0
14109,2024-03-10,17,290.884479,229.0
14110,2024-03-10,18,257.8774149,282.0
14111,2024-03-10,19,235.6128999,281.0
14112,2024-03-10,20,192.635403,315.0
14113,2024-03-10,21,245.9816969,267.0
14114,2024-03-10,22,210.6180454,321.0
14115,2024-03-10,23,227.8121932,278.0
14116,2024-03-11,0,234.8977695,287.0
14117,2024-03-11,1,225.4167952,279.0
14118,2024-03-11,2,276.9530722,253.0
14119,2024-03-11,3,364.2545764,193.0
14120,2024-03-11,4,323.0639242,193.0
14121,2024-03-11,5,435.2986348,85.0
14122,2024-03-11,6,405.8120514,104.0
14123,2024-03-11,7,433.9257568,112.0
14124,2024-03-11,8,359.2654804,145.0
14125,2024-03-11,9,407.3035112,81.0
14126,2024-03-11,10,373.4261943,128.0
14127,2024-03-11,11,320.0008227,125.0
14128,2024-03-11,12,257.2653318,285.0
14129,2024-03-11,13,210.9420198,315.0
14130,2024-03-11,14,207.1869861,427.0
14131,2024-03-11,15,199.0233296,396.0
14132,2024-03-11,16,222.7538881,373.0
14133,2024-03-11,17,168.0643775,346.0
14134,2024-03-11,18,230.7067511,337.0
14135,2024-03-11,19,224.3553839,288.0
14136,2024-03-11,20,244.2571461,290.0
14137,2024-03-11,21,205.3020077,385.0
14138,2024-03-11,22,189.9121245,393.0
14139,2024-03-11,23,202.3465619,429.0
14140,2024-03-12,0,255.0906613,342.0
14141,2024-03-12,1,214.8649664,372.0
14142,2024-03-12,2,272.6845457,251.0
14143,2024-03-12,3,300.9439305,180.0
14144,2024-03-12,4,315.0900672,192.0
14145,2024-03-12,5,381.36419,116.0
14146,2024-03-12,6,349.7822591,162.0
14147,2024-03-12,7,485.4284657,93.0
14148,2024-03-12,8,282.2265427,192.0
14149,2024-03-12,9,489.901469,73.0
14150,2024-03-12,10,445.6203378,122.0
14151,2024-03-12,11,314.2534104,119.0
14152,2024-03-12,12,234.8563622,339.0
14153,2024-03-12,13,249.1551311,280.0
14154,2024-03-12,14,223.5166761,357.0
14155,2024-03-12,15,209.5847199,355.0
14156,2024-03-12,16,240.6092137,276.0
14157,2024-03-12,17,194.1661716,297.0
14158,2024-03-12,18,235.1072094,388.0
14159,2024-03-12,19,202.5860717,340.0
14160,2024-03-12,20,198.4122495,392.0
14161,2024-03-12,21,186.083263,400.0
14162,2024-03-12,22,179.5645696,374.0
14163,2024-03-12,23,215.6324116,416.0
14164,2024-03-13,0,188.1836566,504.0
14165,2024-03-13,1,209.8630155,355.0
14166,2024-03-13,2,270.0894536,281.0
14167,2024-03-13,3,297.7721868,227.0
14168,2024-03-13,4,341.4261681,163.0
14169,2024-03-13,5,381.2039506,132.0
14170,2024-03-13,6,333.6525428,176.0
14171,2024-03-13,7,447.2802407,84.0
14172,2024-03-13,8,405.5011944,135.0
14173,2024-03-13,9,405.0158247,100.0
14174,2024-03-13,10,344.2850469,123.0
14175,2024-03-13,11,309.4788925,116.0
14176,2024-03-13,12,217.5219684,365.0
14177,2024-03-13,13,214.3584196,337.0
14178,2024-03-13,14,218.5316028,360.0
14179,2024-03-13,15,163.0241424,422.0
14180,2024-03-13,16,184.98805,398.0
14181,2024-03-13,17,199.8782424,343.0
14182,2024-03-13,18,206.9619473,392.0
14183,2024-03-13,19,180.1254273,339.0
14184,2024-03-13,20,171.0833565,398.0
14185,2024-03-13,21,189.4086777,365.0
14186,2024-03-13,22,232.4076898,298.0
14187,2024-03-13,23,212.5333722,281.0
14188,2024-03-14,0,237.4859052,319.0
14189,2024-03-14,1,212.4107492,339.0
14190,2024-03-14,2,253.1168832,314.0
14191,2024-03-14,3,295.7481833,234.0
14192,2024-03-14,4,283.86842,195.0
14193,2024-03-14,5,299.6332359,100.0
14194,2024-03-14,6,406.2466902,117.0
14195,2024-03-14,7,406.405208,92.0
14196,2024-03-14,8,417.4588655,120.0
14197,2024-03-14,9,393.5633385,90.0
14198,2024-03-14,10,396.8536732,110.0
14199,2024-03-14,11,310.8345941,151.0
14200,2024-03-14,12,259.7641171,310.0
14201,2024-03-14,13,245.6670041,297.0
14202,2024-03-14,14,197.7063736,435.0
14203,2024-03-14,15,194.8340524,363.0
14204,2024-03-14,16,227.7576773,295.0
14205,2024-03-14,17,212.6957051,327.0
14206,2024-03-14,18,212.3891996,390.0
14207,2024-03-14,19,217.3819374,450.0
14208,2024-03-14,20,191.9301851,393.0
14209,2024-03-14,21,201.3233826,403.0
14210,2024-03-14,22,184.2916537,369.0
14211,2024-03-14,23,225.1629681,290.0
14212,2024-03-15,0,224.6121719,341.0
14213,2024-03-15,1,190.2082892,336.0
14214,2024-03-15,2,243.0305031,294.0
14215,2024-03-15,3,304.3440529,186.0
14216,2024-03-15,4,302.2119167,157.0
14217,2024-03-15,5,322.9551742,116.0
14218,2024-03-15,6,329.8470324,135.0
14219,2024-03-15,7,393.7715237,89.0
14220,2024-03-15,8,445.6099257,111.0
14221,2024-03-15,9,403.4974796,84.0
14222,2024-03-15,10,390.0071207,110.0
14223,2024-03-15,11,318.4055906,110.0
14224,2024-03-15,12,234.6984672,262.0
14225,2024-03-15,13,186.455887,461.0
14226,2024-03-15,14,192.4256871,446.0
14227,2024-03-15,15,196.0422768,352.0
14228,2024-03-15,16,260.0278338,238.0
14229,2024-03-15,17,198.1203079,322.0
14230,2024-03-15,18,244.2405179,363.0
14231,2024-03-15,19,226.3268214,340.0
14232,2024-03-15,20,251.3388323,270.0
14233,2024-03-15,21,228.3866514,279.0
14234,2024-03-15,22,245.6479404,264.0
14235,2024-03-15,23,264.6434663,291.0
14236,2024-03-16,0,264.0571757,275.0
14237,2024-03-16,1,225.2305947,303.0
14238,2024-03-16,2,222.5614446,304.0
14239,2024-03-16,3,254.7446481,202.0
14240,2024-03-16,4,288.826932,189.0
14241,2024-03-16,5,407.401323,68.0
14242,2024-03-16,6,373.3066821,147.0
14243,2024-03-16,7,403.0468386,94.0
14244,2024-03-16,8,415.8916628,113.0
14245,2024-03-16,9,435.7037005,71.0
14246,2024-03-16,10,376.0425809,116.0
14247,2024-03-16,11,284.8991745,114.0
14248,2024-03-16,12,298.3677627,241.0
14249,2024-03-16,13,270.6812785,270.0
14250,2024-03-16,14,182.1083687,367.0
14251,2024-03-16,15,194.6563569,338.0
14252,2024-03-16,16,290.4103713,232.0
14253,2024-03-16,17,214.6714973,241.0
14254,2024-03-16,18,266.3493029,265.0
14255,2024-03-16,19,246.0875775,242.0
14256,2024-03-16,20,205.7471443,284.0
14257,2024-03-16,21,280.8478084,261.0
14258,2024-03-16,22,217.0593212,313.0
14259,2024-03-16,23,233.4264716,202.0
14260,2024-03-17,0,301.0179073,232.0
14261,2024-03-17,1,209.3341618,302.0
14262,2024-03-17,2,307.9496975,188.0
14263,2024-03-17,3,255.5703154,255.0
14264,2024-03-17,4,288.3421989,179.0
14265,2024-03-17,5,373.9751021,97.0
14266,2024-03-17,6,416.9537332,100.0
14267,2024-03-17,7,372.0020956,100.0
14268,2024-03-17,8,371.8465759,129.0
14269,2024-03-17,9,408.6317768,75.0
14270,2024-03-17,10,511.9161246,74.0
14271,2024-03-17,11,345.0128873,96.0
14272,2024-03-17,12,270.4210024,170.0
14273,2024-03-17,13,290.3209723,205.0
14274,2024-03-17,14,207.1313963,328.0
14275,2024-03-17,15,185.5690989,261.0
14276,2024-03-17,16,262.2367585,194.0
14277,2024-03-17,17,232.3520704,215.0
14278,2024-03-17,18,274.4573733,236.0
14279,2024-03-17,19,228.4566551,296.0
14280,2024-03-17,20,190.2937606,326.0
14281,2024-03-17,21,218.8088397,275.0
14282,2024-03-17,22,238.336091,259.0
14283,2024-03-17,23,222.6683632,299.0
14284,2024-03-18,0,213.4549359,343.0
14285,2024-03-18,1,234.0486213,270.0
14286,2024-03-18,2,263.7077457,209.0
14287,2024-03-18,3,284.1217001,191.0
14288,2024-03-18,4,267.2533304,201.0
14289,2024-03-18,5,340.9665452,101.0
14290,2024-03-18,6,380.0192494,114.0
14291,2024-03-18,7,351.0848539,103.0
14292,2024-03-18,8,370.0364009,133.0
14293,2024-03-18,9,456.3344338,80.0
14294,2024-03-18,10,450.7809579,82.0
14295,2024-03-18,11,274.2277571,133.0
14296,2024-03-18,12,226.5888472,297.0
14297,2024-03-18,13,250.1694862,322.0
14298,2024-03-18,14,179.1845028,436.0
14299,2024-03-18,15,174.5527695,379.0
14300,2024-03-18,16,231.2129871,245.0
14301,2024-03-18,17,204.4006918,292.0
14302,2024-03-18,18,210.7813101,313.0
14303,2024-03-18,19,240.2637128,259.0
14304,2024-03-18,20,231.2358051,279.0
14305,2024-03-18,21,212.4929502,321.0
14306,2024-03-18,22,223.0467968,321.0
14307,2024-03-18,23,220.8836022,305.0
14308,2024-03-19,0,214.8469281,370.0
14309,2024-03-19,1,214.9651153,252.0
14310,2024-03-19,2,190.1925769,377.0
14311,2024-03-19,3,226.1526307,270.0
14312,2024-03-19,4,287.436272,172.0
14313,2024-03-19,5,321.760426,97.0
14314,2024-03-19,6,373.9828105,137.0
14315,2024-03-19,7,423.7106924,83.0
14316,2024-03-19,8,352.1193671,141.0
14317,2024-03-19,9,424.6931606,85.0
14318,2024-03-19,10,405.9691527,106.0
14319,2024-03-19,11,303.8138014,136.0
14320,2024-03-19,12,236.9534052,261.0
14321,2024-03-19,13,261.3605724,283.0
14322,2024-03-19,14,189.405844,398.0
14323,2024-03-19,15,175.1071808,360.0
14324,2024-03-19,16,222.8306285,268.0
14325,2024-03-19,17,219.6792293,285.0
14326,2024-03-19,18,255.9506442,326.0
14327,2024-03-19,19,268.317167,312.0
14328,2024-03-19,20,220.3730286,582.0
14329,2024-03-19,21,277.3584561,306.0
14330,2024-03-19,22,264.4184094,309.0
14331,2024-03-19,23,255.7421332,323.0
14332,2024-03-20,0,234.1326217,297.0
14333,2024-03-20,1,171.2841322,444.0
14334,2024-03-20,2,278.1923921,206.0
14335,2024-03-20,3,346.2551314,189.0
14336,2024-03-20,4,254.273105,189.0
14337,2024-03-20,5,336.6459764,104.0
14338,2024-03-20,6,338.5357486,149.0
14339,2024-03-20,7,428.235916,98.0
14340,2024-03-20,8,359.7771504,135.0
14341,2024-03-20,9,384.9080388,80.0
14342,2024-03-20,10,382.8628228,108.0
14343,2024-03-20,11,306.6786869,119.0
14344,2024-03-20,12,222.1728709,352.0
14345,2024-03-20,13,235.7390601,311.0
14346,2024-03-20,14,204.2343408,421.0
14347,2024-03-20,15,212.8926232,318.0
14348,2024-03-20,16,220.1512281,320.0
14349,2024-03-20,17,237.1435898,253.0
14350,2024-03-20,18,224.6875204,317.0
14351,2024-03-20,19,260.5596742,289.0
14352,2024-03-20,20,219.5639901,408.0
14353,2024-03-20,21,170.9705951,454.0
14354,2024-03-20,22,253.1011666,307.0
14355,2024-03-20,23,245.8109033,387.0
14356,2024-03-21,0,208.7067271,299.0
14357,2024-03-21,1,241.2894207,318.0
14358,2024-03-21,2,270.5160361,244.0
14359,2024-03-21,3,301.461114,168.0
14360,2024-03-21,4,323.6458418,171.0
14361,2024-03-21,5,331.4083215,103.0
14362,2024-03-21,6,412.3886414,108.0
14363,2024-03-21,7,415.054554,97.0
14364,2024-03-21,8,354.606981,128.0
14365,2024-03-21,9,358.3777283,105.0
14366,2024-03-21,10,415.7174255,103.0
14367,2024-03-21,11,349.9313653,104.0
14368,2024-03-21,12,224.3268896,284.0
14369,2024-03-21,13,266.7124692,265.0
14370,2024-03-21,14,204.295928,390.0
14371,2024-03-21,15,210.6642654,300.0
14372,2024-03-21,16,241.8295642,252.0
14373,2024-03-21,17,211.7511513,243.0
14374,2024-03-21,18,238.8230992,317.0
14375,2024-03-21,19,240.2783536,284.0
14376,2024-03-21,20,235.0371145,308.0
14377,2024-03-21,21,236.1626284,257.0
14378,2024-03-21,22,234.554429,240.0
14379,2024-03-21,23,228.1598979,310.0
14380,2024-03-22,0,219.5893026,358.0
14381,2024-03-22,1,209.1761755,332.0
14382,2024-03-22,2,252.4085786,248.0
14383,2024-03-22,3,316.3931121,163.0
14384,2024-03-22,4,324.6944826,182.0
14385,2024-03-22,5,271.7433336,111.0
14386,2024-03-22,6,291.5062837,182.0
14387,2024-03-22,7,414.801458,80.0
14388,2024-03-22,8,416.8352676,110.0
14389,2024-03-22,9,373.6628402,89.0
14390,2024-03-22,10,440.5337586,89.0
14391,2024-03-22,11,332.692836,118.0
14392,2024-03-22,12,205.1753625,315.0
14393,2024-03-22,13,238.0435707,345.0
14394,2024-03-22,14,213.5177653,392.0
14395,2024-03-22,15,180.6322202,329.0
14396,2024-03-22,16,265.433357,250.0
14397,2024-03-22,17,251.8244395,254.0
14398,2024-03-22,18,280.6955337,297.0
14399,2024-03-22,19,229.6171036,361.0
14400,2024-03-22,20,238.7050393,357.0
14401,2024-03-22,21,262.6596308,269.0
14402,2024-03-22,22,210.3347629,430.0
14403,2024-03-22,23,234.9731561,323.0
14404,2024-03-23,0,293.7349072,241.0
14405,2024-03-23,1,264.7764483,301.0
14406,2024-03-23,2,245.8024093,271.0
14407,2024-03-23,3,378.429863,167.0
14408,2024-03-23,4,311.5593838,206.0
14409,2024-03-23,5,397.4643967,83.0
14410,2024-03-23,6,318.9633942,150.0
14411,2024-03-23,7,402.8361048,91.0
14412,2024-03-23,8,415.738169,117.0
14413,2024-03-23,9,388.148406,98.0
14414,2024-03-23,10,453.5753722,96.0
14415,2024-03-23,11,383.869103,100.0
14416,2024-03-23,12,305.2055394,181.0
14417,2024-03-23,13,310.4627146,242.0
14418,2024-03-23,14,209.7342168,301.0
14419,2024-03-23,15,223.287783,294.0
14420,2024-03-23,16,219.2137878,319.0
14421,2024-03-23,17,210.9191406,239.0
14422,2024-03-23,18,254.6811043,343.0
14423,2024-03-23,19,255.7078315,318.0
14424,2024-03-23,20,258.2479604,277.0
14425,2024-03-23,21,278.4172691,241.0
14426,2024-03-23,22,228.8198887,334.0
14427,2024-03-23,23,246.4052122,297.0
14428,2024-03-24,0,270.510426,246.0
14429,2024-03-24,1,254.5109789,226.0
14430,2024-03-24,2,232.6511661,330.0
14431,2024-03-24,3,340.9727662,169.0
14432,2024-03-24,4,338.482843,176.0
14433,2024-03-24,5,404.8600725,94.0
14434,2024-03-24,6,393.8282882,133.0
14435,2024-03-24,7,479.1643785,80.0
14436,2024-03-24,8,417.4399419,117.0
14437,2024-03-24,9,512.1929727,69.0
14438,2024-03-24,10,421.6779971,107.0
14439,2024-03-24,11,321.8159688,102.0
14440,2024-03-24,12,286.0304954,171.0
14441,2024-03-24,13,252.9415939,252.0
14442,2024-03-24,14,215.2289622,347.0
14443,2024-03-24,15,208.9669449,245.0
14444,2024-03-24,16,251.7100075,250.0
14445,2024-03-24,17,280.966829,213.0
14446,2024-03-24,18,299.5549097,261.0
14447,2024-03-24,19,246.4469331,278.0
14448,2024-03-24,20,267.3424902,247.0
14449,2024-03-24,21,262.9239094,264.0
14450,2024-03-24,22,243.0485013,353.0
14451,2024-03-24,23,256.2238031,316.0
14452,2024-03-25,0,305.3510421,346.0
14453,2024-03-25,1,219.1572338,370.0
14454,2024-03-25,2,234.4556689,286.0
14455,2024-03-25,3,309.7104065,167.0
14456,2024-03-25,4,335.7440272,196.0
14457,2024-03-25,5,412.8076292,95.0
14458,2024-03-25,6,345.0097092,163.0
14459,2024-03-25,7,397.2093186,91.0
14460,2024-03-25,8,423.6749613,112.0
14461,2024-03-25,9,399.9110795,97.0
14462,2024-03-25,10,417.7263563,131.0
14463,2024-03-25,11,343.5596525,172.0
14464,2024-03-25,12,264.8555503,255.0
14465,2024-03-25,13,258.2887949,283.0
14466,2024-03-25,14,195.4658793,396.0
14467,2024-03-25,15,233.4332504,245.0
14468,2024-03-25,16,210.1371321,313.0
14469,2024-03-25,17,191.5784607,412.0
14470,2024-03-25,18,200.2823744,412.0
14471,2024-03-25,19,260.0673073,288.0
14472,2024-03-25,20,214.9889505,309.0
14473,2024-03-25,21,255.0202925,334.0
14474,2024-03-25,22,228.3517547,334.0
14475,2024-03-25,23,218.9720099,309.0
14476,2024-03-26,0,263.7100874,257.0
14477,2024-03-26,1,256.2918431,307.0
14478,2024-03-26,2,224.8317314,297.0
14479,2024-03-26,3,321.4695651,200.0
14480,2024-03-26,4,327.178994,175.0
14481,2024-03-26,5,323.1506336,111.0
14482,2024-03-26,6,344.8190135,163.0
14483,2024-03-26,7,317.0053019,108.0
14484,2024-03-26,8,444.2005594,104.0
14485,2024-03-26,9,414.5301023,99.0
14486,2024-03-26,10,388.0056798,132.0
14487,2024-03-26,11,278.9432294,130.0
14488,2024-03-26,12,234.991731,292.0
14489,2024-03-26,13,240.3029163,317.0
14490,2024-03-26,14,220.7851138,371.0
14491,2024-03-26,15,173.3675409,354.0
14492,2024-03-26,16,232.4063476,273.0
14493,2024-03-26,17,232.2292429,320.0
14494,2024-03-26,18,235.9135418,367.0
14495,2024-03-26,19,234.7395005,332.0
14496,2024-03-26,20,218.4033574,317.0
14497,2024-03-26,21,264.7531899,276.0
14498,2024-03-26,22,272.0134343,319.0
14499,2024-03-26,23,237.136008,315.0
14500,2024-03-27,0,199.7069241,362.0
14501,2024-03-27,1,223.7048335,293.0
14502,2024-03-27,2,267.334087,180.0
14503,2024-03-27,3,315.8584809,194.0
14504,2024-03-27,4,301.1327287,189.0
14505,2024-03-27,5,331.7121262,121.0
14506,2024-03-27,6,352.8177895,141.0
14507,2024-03-27,7,313.3655321,136.0
14508,2024-03-27,8,373.5090683,120.0
14509,2024-03-27,9,407.5032214,94.0
14510,2024-03-27,10,449.4076905,100.0
14511,2024-03-27,11,368.4384485,128.0
14512,2024-03-27,12,261.8494452,233.0
14513,2024-03-27,13,268.0113971,327.0
14514,2024-03-27,14,235.5524284,401.0
14515,2024-03-27,15,224.1758565,292.0
14516,2024-03-27,16,245.0396201,268.0
14517,2024-03-27,17,224.3555187,263.0
14518,2024-03-27,18,258.1410375,325.0
14519,2024-03-27,19,257.4526979,435.0
14520,2024-03-27,20,266.0166642,491.0
14521,2024-03-27,21,257.0043064,248.0
14522,2024-03-27,22,251.5151542,294.0
14523,2024-03-27,23,215.3116996,292.0
14524,2024-03-28,0,242.4463435,332.0
14525,2024-03-28,1,214.1406141,385.0
14526,2024-03-28,2,160.787812,358.0
14527,2024-03-28,3,188.1380314,222.0
14528,2024-03-28,4,189.4056677,297.0
14529,2024-03-28,5,182.6043082,88.0
14530,2024-03-28,6,224.8504814,111.0
14531,2024-03-28,7,198.9969992,69.0
14532,2024-03-28,8,269.9549668,50.0
14533,2024-03-28,9,301.3913654,52.0
14534,2024-03-28,10,241.868526,86.0
14535,2024-03-28,11,210.967612,104.0
14536,2024-03-28,12,189.5616363,244.0
14537,2024-03-28,13,200.8248706,209.0
14538,2024-03-28,14,205.0389045,368.0
14539,2024-03-28,15,131.1039273,365.0
14540,2024-03-28,16,172.4846315,310.0
14541,2024-03-28,17,169.5740597,239.0
14542,2024-03-28,18,218.1658972,285.0
14543,2024-03-28,19,246.3813167,215.0
14544,2024-03-28,20,188.0150994,249.0
14545,2024-03-28,21,227.1686983,249.0
14546,2024-03-28,22,145.9362042,260.0
14547,2024-03-28,23,176.8342852,255.0
14548,2024-03-29,0,149.0534352,288.0
14549,2024-03-29,1,190.3190128,302.0
14550,2024-03-29,2,210.4192655,230.0
14551,2024-03-29,3,211.5457657,181.0
14552,2024-03-29,4,188.1993241,197.0
14553,2024-03-29,5,219.1635758,77.0
14554,2024-03-29,6,272.8861632,115.0
14555,2024-03-29,7,237.5725905,76.0
14556,2024-03-29,8,304.5928297,62.0
14557,2024-03-29,9,228.1999106,71.0
14558,2024-03-29,10,343.2759084,81.0
14559,2024-03-29,11,188.195392,105.0
14560,2024-03-29,12,226.7744445,211.0
14561,2024-03-29,13,205.5492105,290.0
14562,2024-03-29,14,187.3465733,319.0
14563,2024-03-29,15,167.4244054,350.0
14564,2024-03-29,16,183.7887522,280.0
14565,2024-03-29,17,180.0527919,287.0
14566,2024-03-29,18,221.7711729,254.0
14567,2024-03-29,19,195.2015812,365.0
14568,2024-03-29,20,184.0842057,292.0
14569,2024-03-29,21,176.8836121,315.0
14570,2024-03-29,22,250.0894781,265.0
14571,2024-03-29,23,200.4134712,255.0
14572,2024-03-30,0,183.0218564,307.0
14573,2024-03-30,1,133.6126414,362.0
14574,2024-03-30,2,187.6919174,261.0
14575,2024-03-30,3,184.5664549,231.0
14576,2024-03-30,4,179.9941456,206.0
14577,2024-03-30,5,131.158175,68.0
14578,2024-03-30,6,205.369236,173.0
14579,2024-03-30,7,277.8499019,72.0
14580,2024-03-30,8,305.9151368,76.0
14581,2024-03-30,9,286.8885594,61.0
14582,2024-03-30,10,264.9577883,72.0
14583,2024-03-30,11,163.4793728,105.0
14584,2024-03-30,12,199.1991411,217.0
14585,2024-03-30,13,236.8780295,211.0
14586,2024-03-30,14,177.0199813,332.0
14587,2024-03-30,15,149.2455474,252.0
14588,2024-03-30,16,133.8705395,284.0
14589,2024-03-30,17,197.3844166,221.0
14590,2024-03-30,18,218.5857618,222.0
14591,2024-03-30,19,193.8766489,210.0
14592,2024-03-30,20,208.8511159,240.0
14593,2024-03-30,21,239.7962279,275.0
14594,2024-03-30,22,218.9897064,241.0
14595,2024-03-30,23,160.437454,250.0
14596,2024-03-31,0,205.7962678,278.0
14597,2024-03-31,1,236.7448995,192.0
14598,2024-03-31,2,204.3700809,245.0
14599,2024-03-31,3,201.2987316,217.0
14600,2024-03-31,4,167.2466253,262.0
14601,2024-03-31,5,160.2984993,76.0
14602,2024-03-31,6,307.0430948,108.0
14603,2024-03-31,7,309.7415433,83.0
14604,2024-03-31,8,267.5720217,114.0
14605,2024-03-31,9,286.0970638,72.0
14606,2024-03-31,10,307.657394,78.0
14607,2024-03-31,11,204.0955418,98.0
14608,2024-03-31,12,179.8250998,110.0
14609,2024-03-31,13,217.6018308,185.0
14610,2024-03-31,14,153.1032674,284.0
14611,2024-03-31,15,148.947294,279.0
14612,2024-03-31,16,189.3794088,219.0
14613,2024-03-31,17,164.177878,153.0
14614,2024-03-31,18,240.763923,187.0
14615,2024-03-31,19,178.0629982,213.0
14616,2024-03-31,20,196.011864,164.0
14617,2024-03-31,21,216.8275732,233.0
14618,2024-03-31,22,195.7208279,170.0
14619,2024-03-31,23,203.4034153,245.0
14620,2024-04-01,0,163.0254066,225.0
14621,2024-04-01,1,185.8607596,198.0
14622,2024-04-01,2,202.5495665,208.0
14623,2024-04-01,3,220.356082,154.0
14624,2024-04-01,4,240.5903634,203.0
14625,2024-04-01,5,189.7022907,67.0
14626,2024-04-01,6,340.1168126,87.0
14627,2024-04-01,7,219.466205,93.0
14628,2024-04-01,8,379.3586431,43.0
14629,2024-04-01,9,343.3053301,52.0
14630,2024-04-01,10,316.171474,81.0
14631,2024-04-01,11,229.5904901,79.0
14632,2024-04-01,12,214.0882426,157.0
14633,2024-04-01,13,188.1902886,254.0
14634,2024-04-01,14,142.9436827,357.0
14635,2024-04-01,15,151.3206993,295.0
14636,2024-04-01,16,169.6067708,278.0
14637,2024-04-01,17,151.1959651,252.0
14638,2024-04-01,18,208.3825436,256.0
14639,2024-04-01,19,198.7432351,277.0
14640,2024-04-01,20,141.626818,276.0
14641,2024-04-01,21,213.0083612,225.0
14642,2024-04-01,22,173.7712566,251.0
14643,2024-04-01,23,192.0915119,312.0
14644,2024-04-02,0,218.2476706,298.0
14645,2024-04-02,1,195.8214756,233.0
14646,2024-04-02,2,218.1827062,240.0
14647,2024-04-02,3,231.8012407,243.0
14648,2024-04-02,4,168.324939,205.0
14649,2024-04-02,5,178.8590338,45.0
14650,2024-04-02,6,301.8492737,93.0
14651,2024-04-02,7,226.2932178,64.0
14652,2024-04-02,8,241.5381096,66.0
14653,2024-04-02,9,229.330457,59.0
14654,2024-04-02,10,255.3270283,88.0
14655,2024-04-02,11,210.0662599,108.0
14656,2024-04-02,12,175.7304496,220.0
14657,2024-04-02,13,213.1220463,240.0
14658,2024-04-02,14,192.183578,355.0
14659,2024-04-02,15,155.0167304,261.0
14660,2024-04-02,16,177.4547529,274.0
14661,2024-04-02,17,165.4376034,261.0
14662,2024-04-02,18,204.5683099,280.0
14663,2024-04-02,19,196.6332103,292.0
14664,2024-04-02,20,157.4829715,334.0
14665,2024-04-02,21,173.1241667,320.0
14666,2024-04-02,22,181.9616235,286.0
14667,2024-04-02,23,158.6907705,292.0
14668,2024-04-03,0,179.5158686,317.0
14669,2024-04-03,1,200.7952939,329.0
14670,2024-04-03,2,216.562043,253.0
14671,2024-04-03,3,235.5884391,213.0
14672,2024-04-03,4,216.166123,214.0
14673,2024-04-03,5,172.6254214,71.0
14674,2024-04-03,6,289.0098881,106.0
14675,2024-04-03,7,289.1986466,59.0
14676,2024-04-03,8,263.809151,92.0
14677,2024-04-03,9,256.9059995,68.0
14678,2024-04-03,10,213.1368109,85.0
14679,2024-04-03,11,170.2449834,134.0
14680,2024-04-03,12,186.0049117,235.0
14681,2024-04-03,13,208.5078929,292.0
14682,2024-04-03,14,188.4245182,276.0
14683,2024-04-03,15,199.8643485,283.0
14684,2024-04-03,16,160.7934543,262.0
14685,2024-04-03,17,199.1897749,185.0
14686,2024-04-03,18,208.7260394,344.0
14687,2024-04-03,19,169.9013358,310.0
14688,2024-04-03,20,182.1532702,336.0
14689,2024-04-03,21,176.5302663,310.0
14690,2024-04-03,22,176.8892124,353.0
14691,2024-04-03,23,177.4125773,314.0
14692,2024-04-04,0,202.8207932,315.0
14693,2024-04-04,1,127.6971297,444.0
14694,2024-04-04,2,172.0850708,316.0
14695,2024-04-04,3,230.6680547,193.0
14696,2024-04-04,4,213.4237075,170.0
14697,2024-04-04,5,177.6723782,75.0
14698,2024-04-04,6,290.5974754,104.0
14699,2024-04-04,7,197.7135509,75.0
14700,2024-04-04,8,287.1746824,114.0
14701,2024-04-04,9,276.5028714,71.0
14702,2024-04-04,10,265.907508,90.0
14703,2024-04-04,11,169.54712,138.0
14704,2024-04-04,12,219.6691404,278.0
14705,2024-04-04,13,188.7980824,234.0
14706,2024-04-04,14,198.684394,265.0
14707,2024-04-04,15,205.5231535,245.0
14708,2024-04-04,16,170.2786454,240.0
14709,2024-04-04,17,140.8712129,215.0
14710,2024-04-04,18,199.1267888,323.0
14711,2024-04-04,19,221.6381503,240.0
14712,2024-04-04,20,136.1215685,318.0
14713,2024-04-04,21,178.5407889,273.0
14714,2024-04-04,22,196.2842606,268.0
14715,2024-04-04,23,159.3413261,292.0
14716,2024-04-05,0,202.3962634,313.0
14717,2024-04-05,1,162.4013631,302.0
14718,2024-04-05,2,191.9128463,279.0
14719,2024-04-05,3,263.7937246,200.0
14720,2024-04-05,4,225.0397194,225.0
14721,2024-04-05,5,206.7553905,68.0
14722,2024-04-05,6,302.6126159,104.0
14723,2024-04-05,7,238.1943626,73.0
14724,2024-04-05,8,264.4381807,101.0
14725,2024-04-05,9,294.7378202,63.0
14726,2024-04-05,10,246.9751815,77.0
14727,2024-04-05,11,215.3728807,109.0
14728,2024-04-05,12,220.4924718,232.0
14729,2024-04-05,13,197.3384371,227.0
14730,2024-04-05,14,187.7469217,223.0
14731,2024-04-05,15,196.8024361,234.0
14732,2024-04-05,16,175.580141,281.0
14733,2024-04-05,17,218.6558645,208.0
14734,2024-04-05,18,212.8430276,283.0
14735,2024-04-05,19,148.901936,267.0
14736,2024-04-05,20,210.4790558,278.0
14737,2024-04-05,21,194.3130024,324.0
14738,2024-04-05,22,206.8239673,253.0
14739,2024-04-05,23,216.9862298,251.0
14740,2024-04-06,0,146.9318392,278.0
14741,2024-04-06,1,165.5679313,242.0
14742,2024-04-06,2,195.8363292,278.0
14743,2024-04-06,3,187.3338969,198.0
14744,2024-04-06,4,220.7561937,262.0
14745,2024-04-06,5,147.3451454,52.0
14746,2024-04-06,6,267.1732581,143.0
14747,2024-04-06,7,272.1023678,90.0
14748,2024-04-06,8,292.25397,99.0
14749,2024-04-06,9,305.7390601,74.0
14750,2024-04-06,10,263.9727467,92.0
14751,2024-04-06,11,184.7445153,89.0
14752,2024-04-06,12,185.2402148,152.0
14753,2024-04-06,13,235.4519601,219.0
14754,2024-04-06,14,202.1626101,321.0
14755,2024-04-06,15,196.2029636,225.0
14756,2024-04-06,16,235.2572041,202.0
14757,2024-04-06,17,145.639147,240.0
14758,2024-04-06,18,196.6085537,215.0
14759,2024-04-06,19,197.6841034,219.0
14760,2024-04-06,20,205.9019146,257.0
14761,2024-04-06,21,172.8900464,248.0
14762,2024-04-06,22,198.0357498,235.0
14763,2024-04-06,23,180.7183295,230.0
14764,2024-04-07,0,185.9871358,258.0
14765,2024-04-07,1,193.5885853,252.0
14766,2024-04-07,2,216.1527693,239.0
14767,2024-04-07,3,215.8836746,155.0
14768,2024-04-07,4,229.0643566,192.0
14769,2024-04-07,5,254.9776835,49.0
14770,2024-04-07,6,273.5659337,122.0
14771,2024-04-07,7,216.7600591,77.0
14772,2024-04-07,8,275.8798008,99.0
14773,2024-04-07,9,332.7315759,47.0
14774,2024-04-07,10,296.5574411,79.0
14775,2024-04-07,11,203.9728483,61.0
14776,2024-04-07,12,202.9139324,131.0
14777,2024-04-07,13,231.9660394,136.0
14778,2024-04-07,14,206.1302753,187.0
14779,2024-04-07,15,160.7942831,295.0
14780,2024-04-07,16,186.3843436,264.0
14781,2024-04-07,17,196.3106224,162.0
14782,2024-04-07,18,200.5773863,232.0
14783,2024-04-07,19,180.9715589,227.0
14784,2024-04-07,20,191.2907927,221.0
14785,2024-04-07,21,172.8155162,256.0
14786,2024-04-07,22,201.6748666,183.0
14787,2024-04-07,23,156.1093065,269.0
14788,2024-04-08,0,170.3212891,295.0
14789,2024-04-08,1,202.7833616,244.0
14790,2024-04-08,2,194.9101902,220.0
14791,2024-04-08,3,210.7037707,153.0
14792,2024-04-08,4,208.9237679,160.0
14793,2024-04-08,5,131.207787,95.0
14794,2024-04-08,6,305.7357503,118.0
14795,2024-04-08,7,233.5460232,75.0
14796,2024-04-08,8,305.3093592,103.0
14797,2024-04-08,9,255.1459476,71.0
14798,2024-04-08,10,274.3547068,88.0
14799,2024-04-08,11,154.0986772,89.0
14800,2024-04-08,12,178.7095159,248.0
14801,2024-04-08,13,210.6151744,267.0
14802,2024-04-08,14,182.5585274,274.0
14803,2024-04-08,15,161.6177702,341.0
14804,2024-04-08,16,198.819521,218.0
14805,2024-04-08,17,240.2688484,279.0
14806,2024-04-08,18,248.1712439,238.0
14807,2024-04-08,19,188.3087743,292.0
14808,2024-04-08,20,183.7411772,307.0
14809,2024-04-08,21,177.2552637,288.0
14810,2024-04-08,22,177.1336954,294.0
14811,2024-04-08,23,144.0633748,279.0
14812,2024-04-09,0,196.1745694,276.0
14813,2024-04-09,1,169.358414,471.0
14814,2024-04-09,2,167.8867885,399.0
14815,2024-04-09,3,237.6631856,193.0
14816,2024-04-09,4,194.1833413,188.0
14817,2024-04-09,5,138.3728118,72.0
14818,2024-04-09,6,296.811714,119.0
14819,2024-04-09,7,261.9211643,61.0
14820,2024-04-09,8,294.9690972,106.0
14821,2024-04-09,9,231.0389772,67.0
14822,2024-04-09,10,297.7273393,95.0
14823,2024-04-09,11,231.743019,68.0
14824,2024-04-09,12,167.9989415,267.0
14825,2024-04-09,13,196.1796874,291.0
14826,2024-04-09,14,208.7151691,254.0
14827,2024-04-09,15,208.2302454,222.0
14828,2024-04-09,16,219.90198,238.0
14829,2024-04-09,17,182.7965437,256.0
14830,2024-04-09,18,195.4203169,337.0
14831,2024-04-09,19,223.0074018,302.0
14832,2024-04-09,20,211.5601459,263.0
14833,2024-04-09,21,178.0121059,304.0
14834,2024-04-09,22,212.1666211,335.0
14835,2024-04-09,23,149.3693209,339.0
14836,2024-04-10,0,191.9493946,413.0
14837,2024-04-10,1,194.1534058,392.0
14838,2024-04-10,2,197.412449,284.0
14839,2024-04-10,3,274.958685,251.0
14840,2024-04-10,4,264.5397841,221.0
14841,2024-04-10,5,265.9187731,143.0
14842,2024-04-10,6,317.0325078,157.0
14843,2024-04-10,7,443.5674421,77.0
14844,2024-04-10,8,387.0720266,135.0
14845,2024-04-10,9,433.9685899,92.0
14846,2024-04-10,10,359.9709499,107.0
14847,2024-04-10,11,323.1692918,145.0
14848,2024-04-10,12,281.4113741,233.0
14849,2024-04-10,13,266.5854421,241.0
14850,2024-04-10,14,205.1477645,361.0
14851,2024-04-10,15,202.560021,319.0
14852,2024-04-10,16,208.6734516,339.0
14853,2024-04-10,17,227.3137981,269.0
14854,2024-04-10,18,277.8451546,306.0
14855,2024-04-10,19,206.9211822,322.0
14856,2024-04-10,20,291.4418063,306.0
14857,2024-04-10,21,234.2178799,293.0
14858,2024-04-10,22,263.9584244,289.0
14859,2024-04-10,23,222.0517518,308.0
14860,2024-04-11,0,228.5531099,378.0
14861,2024-04-11,1,284.9345109,274.0
14862,2024-04-11,2,239.0148113,287.0
14863,2024-04-11,3,286.8962914,209.0
14864,2024-04-11,4,248.4506107,212.0
14865,2024-04-11,5,290.6860536,124.0
14866,2024-04-11,6,368.9587025,133.0
14867,2024-04-11,7,393.0576572,97.0
14868,2024-04-11,8,377.3048381,125.0
14869,2024-04-11,9,415.5779962,97.0
14870,2024-04-11,10,429.0759813,113.0
14871,2024-04-11,11,275.2144807,147.0
14872,2024-04-11,12,233.380854,351.0
14873,2024-04-11,13,276.8217314,315.0
14874,2024-04-11,14,249.4909255,308.0
14875,2024-04-11,15,243.975455,242.0
14876,2024-04-11,16,224.7425335,305.0
14877,2024-04-11,17,256.1973034,247.0
14878,2024-04-11,18,200.8775565,450.0
14879,2024-04-11,19,274.0573488,262.0
14880,2024-04-11,20,270.4249642,307.0
14881,2024-04-11,21,231.2711129,355.0
14882,2024-04-11,22,234.1043399,368.0
14883,2024-04-11,23,194.1877719,340.0
14884,2024-04-12,0,234.4139528,349.0
14885,2024-04-12,1,257.3383112,354.0
14886,2024-04-12,2,236.7538061,344.0
14887,2024-04-12,3,236.1440422,292.0
14888,2024-04-12,4,250.6523424,221.0
14889,2024-04-12,5,300.8880109,119.0
14890,2024-04-12,6,367.3414057,125.0
14891,2024-04-12,7,405.5273447,99.0
14892,2024-04-12,8,340.1361612,143.0
14893,2024-04-12,9,357.544697,97.0
14894,2024-04-12,10,315.4287333,158.0
14895,2024-04-12,11,282.8405526,208.0
14896,2024-04-12,12,266.228667,320.0
14897,2024-04-12,13,220.4125194,325.0
14898,2024-04-12,14,230.4105302,359.0
14899,2024-04-12,15,210.1163655,443.0
14900,2024-04-12,16,203.305029,351.0
14901,2024-04-12,17,231.8252862,361.0
14902,2024-04-12,18,251.8423809,383.0
14903,2024-04-12,19,253.3194299,344.0
14904,2024-04-12,20,226.2447034,343.0
14905,2024-04-12,21,215.8216129,366.0
14906,2024-04-12,22,218.3425408,525.0
14907,2024-04-12,23,228.9645522,320.0
14908,2024-04-13,0,211.4994729,301.0
14909,2024-04-13,1,226.0516082,396.0
14910,2024-04-13,2,239.8559373,310.0
14911,2024-04-13,3,300.9228587,273.0
14912,2024-04-13,4,231.8007202,234.0
14913,2024-04-13,5,276.0034242,161.0
14914,2024-04-13,6,374.4632899,141.0
14915,2024-04-13,7,449.8765484,79.0
14916,2024-04-13,8,283.4627288,156.0
14917,2024-04-13,9,397.5378446,99.0
14918,2024-04-13,10,380.5935221,98.0
14919,2024-04-13,11,318.4057957,124.0
14920,2024-04-13,12,215.870454,245.0
14921,2024-04-13,13,251.048538,258.0
14922,2024-04-13,14,222.7121922,288.0
14923,2024-04-13,15,229.9081556,261.0
14924,2024-04-13,16,231.2819347,298.0
14925,2024-04-13,17,230.647166,295.0
14926,2024-04-13,18,242.9277158,358.0
14927,2024-04-13,19,235.6746345,365.0
14928,2024-04-13,20,228.2481784,304.0
14929,2024-04-13,21,213.7004804,361.0
14930,2024-04-13,22,218.259699,334.0
14931,2024-04-13,23,241.399758,262.0
14932,2024-04-14,0,247.7988241,254.0
14933,2024-04-14,1,229.5984784,295.0
14934,2024-04-14,2,224.1778665,300.0
14935,2024-04-14,3,215.7936071,281.0
14936,2024-04-14,4,235.1297121,228.0
14937,2024-04-14,5,287.7647599,144.0
14938,2024-04-14,6,292.1669647,184.0
14939,2024-04-14,7,404.6407725,87.0
14940,2024-04-14,8,404.9313492,125.0
14941,2024-04-14,9,434.9932685,85.0
14942,2024-04-14,10,292.5151694,144.0
14943,2024-04-14,11,274.155646,153.0
14944,2024-04-14,12,266.3178926,208.0
14945,2024-04-14,13,280.8345549,239.0
14946,2024-04-14,14,264.2716227,238.0
14947,2024-04-14,15,236.963735,337.0
14948,2024-04-14,16,234.8156477,256.0
14949,2024-04-14,17,238.2312781,270.0
14950,2024-04-14,18,285.9063001,251.0
14951,2024-04-14,19,270.2637774,255.0
14952,2024-04-14,20,270.7103982,295.0
14953,2024-04-14,21,211.2992568,300.0
14954,2024-04-14,22,272.7912989,249.0
14955,2024-04-14,23,241.7392128,294.0
14956,2024-04-15,0,243.0869894,302.0
14957,2024-04-15,1,216.579214,359.0
14958,2024-04-15,2,266.6060217,247.0
14959,2024-04-15,3,237.4233534,267.0
14960,2024-04-15,4,296.2234113,166.0
14961,2024-04-15,5,287.6267758,137.0
14962,2024-04-15,6,395.9958629,123.0
14963,2024-04-15,7,330.4044852,112.0
14964,2024-04-15,8,404.7863289,104.0
14965,2024-04-15,9,445.7938169,102.0
14966,2024-04-15,10,366.1614866,149.0
14967,2024-04-15,11,314.8081163,129.0
14968,2024-04-15,12,271.6422691,330.0
14969,2024-04-15,13,276.3503728,353.0
14970,2024-04-15,14,207.9728684,411.0
14971,2024-04-15,15,246.2817734,473.0
14972,2024-04-15,16,262.22311,357.0
14973,2024-04-15,17,204.1880869,314.0
14974,2024-04-15,18,257.124292,343.0
14975,2024-04-15,19,238.4736581,342.0
14976,2024-04-15,20,232.1460543,326.0
14977,2024-04-15,21,194.8483301,388.0
14978,2024-04-15,22,217.5443327,314.0
14979,2024-04-15,23,191.8204505,339.0
14980,2024-04-16,0,251.3000354,386.0
14981,2024-04-16,1,219.0061354,327.0
14982,2024-04-16,2,225.1353903,336.0
14983,2024-04-16,3,236.9538412,233.0
14984,2024-04-16,4,245.8648296,248.0
14985,2024-04-16,5,318.9212013,123.0
14986,2024-04-16,6,363.1532858,128.0
14987,2024-04-16,7,440.6586631,82.0
14988,2024-04-16,8,374.1424845,134.0
14989,2024-04-16,9,331.1932427,129.0
14990,2024-04-16,10,350.2158269,129.0
14991,2024-04-16,11,322.2287305,134.0
14992,2024-04-16,12,248.638075,360.0
14993,2024-04-16,13,238.3922251,396.0
14994,2024-04-16,14,207.9111091,463.0
14995,2024-04-16,15,227.0066915,371.0
14996,2024-04-16,16,258.8068101,334.0
14997,2024-04-16,17,204.3600459,376.0
14998,2024-04-16,18,213.5759231,356.0
14999,2024-04-16,19,219.7643652,368.0
15000,2024-04-16,20,185.6375877,420.0
15001,2024-04-16,21,239.9252846,344.0
15002,2024-04-16,22,225.4201298,392.0
15003,2024-04-16,23,266.5118243,282.0
15004,2024-04-17,0,223.0673272,364.0
15005,2024-04-17,1,229.7607921,303.0
15006,2024-04-17,2,239.9994094,287.0
15007,2024-04-17,3,244.3331123,240.0
15008,2024-04-17,4,307.9439246,189.0
15009,2024-04-17,5,293.0164458,131.0
15010,2024-04-17,6,401.5828315,129.0
15011,2024-04-17,7,296.0829777,136.0
15012,2024-04-17,8,354.6885082,132.0
15013,2024-04-17,9,384.7198,110.0
15014,2024-04-17,10,355.9794437,151.0
15015,2024-04-17,11,307.1237272,187.0
15016,2024-04-17,12,277.8505538,259.0
15017,2024-04-17,13,237.6606262,350.0
15018,2024-04-17,14,242.0610577,308.0
15019,2024-04-17,15,254.5753897,252.0
15020,2024-04-17,16,228.4878998,275.0
15021,2024-04-17,17,196.6261109,300.0
15022,2024-04-17,18,234.1805239,337.0
15023,2024-04-17,19,225.1663331,353.0
15024,2024-04-17,20,244.2747483,292.0
15025,2024-04-17,21,235.4867777,292.0
15026,2024-04-17,22,223.6213444,289.0
15027,2024-04-17,23,213.0998492,281.0
15028,2024-04-18,0,195.9573447,444.0
15029,2024-04-18,1,231.8316247,338.0
15030,2024-04-18,2,260.9377368,235.0
15031,2024-04-18,3,297.2867244,193.0
15032,2024-04-18,4,259.8901799,268.0
15033,2024-04-18,5,280.0478158,133.0
15034,2024-04-18,6,364.5027832,137.0
15035,2024-04-18,7,448.5679187,85.0
15036,2024-04-18,8,381.8614844,124.0
15037,2024-04-18,9,401.0112912,128.0
15038,2024-04-18,10,350.80159,135.0
15039,2024-04-18,11,272.3966076,216.0
15040,2024-04-18,12,253.8217714,361.0
15041,2024-04-18,13,193.739236,472.0
15042,2024-04-18,14,205.2648896,456.0
15043,2024-04-18,15,220.1292667,424.0
15044,2024-04-18,16,240.073563,331.0
15045,2024-04-18,17,218.8150209,303.0
15046,2024-04-18,18,222.0220115,428.0
15047,2024-04-18,19,258.5959722,306.0
15048,2024-04-18,20,233.7182089,389.0
15049,2024-04-18,21,245.34526,357.0
15050,2024-04-18,22,240.5165207,315.0
15051,2024-04-18,23,227.7067252,243.0
15052,2024-04-19,0,223.5539816,341.0
15053,2024-04-19,1,210.5835943,316.0
15054,2024-04-19,2,249.3871703,251.0
15055,2024-04-19,3,333.448772,201.0
15056,2024-04-19,4,252.524728,220.0
15057,2024-04-19,5,262.8086541,160.0
15058,2024-04-19,6,433.1044243,113.0
15059,2024-04-19,7,457.5401443,75.0
15060,2024-04-19,8,363.1508209,141.0
15061,2024-04-19,9,403.8653521,96.0
15062,2024-04-19,10,332.2498248,130.0
15063,2024-04-19,11,356.4468981,108.0
15064,2024-04-19,12,218.9580086,300.0
15065,2024-04-19,13,201.5894812,426.0
15066,2024-04-19,14,224.5170468,326.0
15067,2024-04-19,15,221.48365,289.0
15068,2024-04-19,16,199.8667238,337.0
15069,2024-04-19,17,206.9218685,274.0
15070,2024-04-19,18,262.3906746,417.0
15071,2024-04-19,19,209.5030642,380.0
15072,2024-04-19,20,262.3714211,281.0
15073,2024-04-19,21,207.9691751,339.0
15074,2024-04-19,22,215.5061664,262.0
15075,2024-04-19,23,186.4446638,321.0
15076,2024-04-20,0,211.8767145,270.0
15077,2024-04-20,1,234.8223252,259.0
15078,2024-04-20,2,224.2700604,252.0
15079,2024-04-20,3,227.3181562,226.0
15080,2024-04-20,4,205.3873079,257.0
15081,2024-04-20,5,272.5682708,153.0
15082,2024-04-20,6,382.8928071,128.0
15083,2024-04-20,7,415.0123942,98.0
15084,2024-04-20,8,340.1949516,150.0
15085,2024-04-20,9,386.6033058,131.0
15086,2024-04-20,10,348.3621019,128.0
15087,2024-04-20,11,272.4282309,137.0
15088,2024-04-20,12,299.0740847,182.0
15089,2024-04-20,13,292.3428498,226.0
15090,2024-04-20,14,316.5157338,241.0
15091,2024-04-20,15,243.539961,225.0
15092,2024-04-20,16,279.200937,246.0
15093,2024-04-20,17,246.8636128,239.0
15094,2024-04-20,18,262.8589048,245.0
15095,2024-04-20,19,251.1711857,255.0
15096,2024-04-20,20,233.4033144,225.0
15097,2024-04-20,21,260.1460878,293.0
15098,2024-04-20,22,310.7861933,197.0
15099,2024-04-20,23,234.3704571,284.0
15100,2024-04-21,0,260.6446099,198.0
15101,2024-04-21,1,221.3504448,328.0
15102,2024-04-21,2,239.1493112,225.0
15103,2024-04-21,3,280.8793159,257.0
15104,2024-04-21,4,240.0808395,276.0
15105,2024-04-21,5,262.0956956,157.0
15106,2024-04-21,6,323.0397838,187.0
15107,2024-04-21,7,412.3770869,91.0
15108,2024-04-21,8,355.4157222,139.0
15109,2024-04-21,9,402.1632508,89.0
15110,2024-04-21,10,407.7398782,96.0
15111,2024-04-21,11,378.0120386,94.0
15112,2024-04-21,12,302.8074045,164.0
15113,2024-04-21,13,316.0815144,180.0
15114,2024-04-21,14,297.0188344,212.0
15115,2024-04-21,15,250.3656315,223.0
15116,2024-04-21,16,256.9467239,262.0
15117,2024-04-21,17,242.9632276,226.0
15118,2024-04-21,18,292.0770581,228.0
15119,2024-04-21,19,234.9383351,256.0
15120,2024-04-21,20,308.1954171,202.0
15121,2024-04-21,21,247.1059588,238.0
15122,2024-04-21,22,252.476565,255.0
15123,2024-04-21,23,235.24286,302.0
15124,2024-04-22,0,221.4733605,365.0
15125,2024-04-22,1,223.112656,346.0
15126,2024-04-22,2,241.678258,334.0
15127,2024-04-22,3,257.564169,224.0
15128,2024-04-22,4,264.7677489,178.0
15129,2024-04-22,5,336.5692558,134.0
15130,2024-04-22,6,363.2494413,129.0
15131,2024-04-22,7,423.7149937,93.0
15132,2024-04-22,8,346.8947272,116.0
15133,2024-04-22,9,281.9043515,148.0
15134,2024-04-22,10,334.4335877,214.0
15135,2024-04-22,11,270.6030104,183.0
15136,2024-04-22,12,243.646727,321.0
15137,2024-04-22,13,222.4773787,416.0
15138,2024-04-22,14,206.4332779,301.0
15139,2024-04-22,15,216.4730838,289.0
15140,2024-04-22,16,251.2190589,288.0
15141,2024-04-22,17,244.4836302,215.0
15142,2024-04-22,18,213.5864599,356.0
15143,2024-04-22,19,231.454784,315.0
15144,2024-04-22,20,246.9829133,339.0
15145,2024-04-22,21,221.8837763,356.0
15146,2024-04-22,22,224.5170614,285.0
15147,2024-04-22,23,235.0492088,266.0
15148,2024-04-23,0,234.8959341,295.0
15149,2024-04-23,1,246.3877265,355.0
15150,2024-04-23,2,255.1643178,251.0
15151,2024-04-23,3,279.1081611,193.0
15152,2024-04-23,4,243.9950553,212.0
15153,2024-04-23,5,282.8150013,136.0
15154,2024-04-23,6,386.6157196,121.0
15155,2024-04-23,7,419.1947429,99.0
15156,2024-04-23,8,410.5978221,145.0
15157,2024-04-23,9,378.5173445,112.0
15158,2024-04-23,10,349.0850707,147.0
15159,2024-04-23,11,301.7250541,145.0
15160,2024-04-23,12,253.7011781,265.0
15161,2024-04-23,13,246.0571513,325.0
15162,2024-04-23,14,245.6149787,344.0
15163,2024-04-23,15,246.5471031,280.0
15164,2024-04-23,16,281.1012697,262.0
15165,2024-04-23,17,255.0583961,224.0
15166,2024-04-23,18,313.93931,341.0
15167,2024-04-23,19,254.0249351,316.0
15168,2024-04-23,20,246.9637392,297.0
15169,2024-04-23,21,247.3625075,279.0
15170,2024-04-23,22,240.6345834,298.0
15171,2024-04-23,23,240.2035116,299.0
15172,2024-04-24,0,252.9101583,341.0
15173,2024-04-24,1,221.3583202,429.0
15174,2024-04-24,2,223.7298162,260.0
15175,2024-04-24,3,270.00144,214.0
15176,2024-04-24,4,298.2316641,168.0
15177,2024-04-24,5,217.2022283,188.0
15178,2024-04-24,6,360.8983583,128.0
15179,2024-04-24,7,397.4320756,101.0
15180,2024-04-24,8,372.4676635,139.0
15181,2024-04-24,9,352.8011939,120.0
15182,2024-04-24,10,367.0341811,138.0
15183,2024-04-24,11,258.7024352,194.0
15184,2024-04-24,12,247.8022782,288.0
15185,2024-04-24,13,256.0327795,302.0
15186,2024-04-24,14,199.6908833,380.0
15187,2024-04-24,15,240.4576002,262.0
15188,2024-04-24,16,275.2952697,234.0
15189,2024-04-24,17,225.5022127,242.0
15190,2024-04-24,18,276.3652922,340.0
15191,2024-04-24,19,230.0353334,298.0
15192,2024-04-24,20,207.22032,399.0
15193,2024-04-24,21,231.9664009,354.0
15194,2024-04-24,22,190.8370708,411.0
15195,2024-04-24,23,269.8917894,268.0
15196,2024-04-25,0,261.3761373,308.0
15197,2024-04-25,1,264.5145813,317.0
15198,2024-04-25,2,281.6903331,232.0
15199,2024-04-25,3,299.4547039,214.0
15200,2024-04-25,4,323.8761251,147.0
15201,2024-04-25,5,245.3274788,154.0
15202,2024-04-25,6,355.5855278,128.0
15203,2024-04-25,7,485.8992466,77.0
15204,2024-04-25,8,375.6844973,128.0
15205,2024-04-25,9,417.4767029,96.0
15206,2024-04-25,10,375.5416928,127.0
15207,2024-04-25,11,339.0817521,138.0
15208,2024-04-25,12,210.1061597,375.0
15209,2024-04-25,13,224.3462122,376.0
15210,2024-04-25,14,219.2580598,371.0
15211,2024-04-25,15,230.0839673,306.0
15212,2024-04-25,16,192.4151328,333.0
15213,2024-04-25,17,208.4444902,318.0
15214,2024-04-25,18,212.0907163,378.0
15215,2024-04-25,19,225.4953016,341.0
15216,2024-04-25,20,267.3386116,255.0
15217,2024-04-25,21,231.9456858,352.0
15218,2024-04-25,22,228.3022962,287.0
15219,2024-04-25,23,259.0452195,317.0
15220,2024-04-26,0,282.3854147,306.0
15221,2024-04-26,1,232.5811237,346.0
15222,2024-04-26,2,244.7406696,251.0
15223,2024-04-26,3,265.5746556,216.0
15224,2024-04-26,4,260.3505284,181.0
15225,2024-04-26,5,269.7542197,124.0
15226,2024-04-26,6,361.4720216,136.0
15227,2024-04-26,7,454.1733769,87.0
15228,2024-04-26,8,382.8844959,139.0
15229,2024-04-26,9,369.7442501,94.0
15230,2024-04-26,10,317.7718614,137.0
15231,2024-04-26,11,255.9450576,178.0
15232,2024-04-26,12,242.8608724,282.0
15233,2024-04-26,13,250.0345277,319.0
15234,2024-04-26,14,275.5279954,296.0
15235,2024-04-26,15,209.7108606,295.0
15236,2024-04-26,16,220.177888,333.0
15237,2024-04-26,17,253.7519278,232.0
15238,2024-04-26,18,241.6388504,387.0
15239,2024-04-26,19,213.6831393,413.0
15240,2024-04-26,20,228.164294,306.0
15241,2024-04-26,21,230.3309404,265.0
15242,2024-04-26,22,199.8882451,320.0
15243,2024-04-26,23,224.8223188,261.0
15244,2024-04-27,0,225.3600915,288.0
15245,2024-04-27,1,260.6964947,252.0
15246,2024-04-27,2,263.7247952,260.0
15247,2024-04-27,3,277.9690613,187.0
15248,2024-04-27,4,239.7677493,249.0
15249,2024-04-27,5,286.8382486,153.0
15250,2024-04-27,6,426.4596689,123.0
15251,2024-04-27,7,413.4512197,92.0
15252,2024-04-27,8,366.2621229,124.0
15253,2024-04-27,9,467.2468205,96.0
15254,2024-04-27,10,362.2885283,112.0
15255,2024-04-27,11,352.2434793,115.0
15256,2024-04-27,12,309.7100991,158.0
15257,2024-04-27,13,304.1342756,165.0
15258,2024-04-27,14,239.7506649,270.0
15259,2024-04-27,15,248.3821365,287.0
15260,2024-04-27,16,224.0773199,346.0
15261,2024-04-27,17,237.0687019,261.0
15262,2024-04-27,18,232.957549,275.0
15263,2024-04-27,19,260.6917934,232.0
15264,2024-04-27,20,190.819329,320.0
15265,2024-04-27,21,259.4073293,257.0
15266,2024-04-27,22,220.2884981,296.0
15267,2024-04-27,23,222.5830012,304.0
15268,2024-04-28,0,213.224944,299.0
15269,2024-04-28,1,195.7813877,377.0
15270,2024-04-28,2,230.8984642,257.0
15271,2024-04-28,3,252.9783009,244.0
15272,2024-04-28,4,220.6931665,262.0
15273,2024-04-28,5,270.6384182,147.0
15274,2024-04-28,6,384.7323164,130.0
15275,2024-04-28,7,355.4974093,126.0
15276,2024-04-28,8,359.8955909,128.0
15277,2024-04-28,9,381.3951251,85.0
15278,2024-04-28,10,352.1651759,122.0
15279,2024-04-28,11,321.2526043,142.0
15280,2024-04-28,12,315.63723,179.0
15281,2024-04-28,13,260.6654372,199.0
15282,2024-04-28,14,270.9060873,217.0
15283,2024-04-28,15,239.2492612,289.0
15284,2024-04-28,16,280.8504517,204.0
15285,2024-04-28,17,230.8050693,293.0
15286,2024-04-28,18,263.0307391,293.0
15287,2024-04-28,19,281.5600139,256.0
15288,2024-04-28,20,236.4081587,293.0
15289,2024-04-28,21,263.573245,256.0
15290,2024-04-28,22,301.068996,302.0
15291,2024-04-28,23,262.3812453,269.0
15292,2024-04-29,0,240.2328455,274.0
15293,2024-04-29,1,188.7988135,388.0
15294,2024-04-29,2,288.7442021,218.0
15295,2024-04-29,3,252.453646,193.0
15296,2024-04-29,4,203.5430849,222.0
15297,2024-04-29,5,259.3305767,152.0
15298,2024-04-29,6,338.697006,150.0
15299,2024-04-29,7,396.4646475,97.0
15300,2024-04-29,8,328.888702,162.0
15301,2024-04-29,9,413.6658547,89.0
15302,2024-04-29,10,441.0018446,93.0
15303,2024-04-29,11,299.1725551,149.0
15304,2024-04-29,12,243.6389842,313.0
15305,2024-04-29,13,208.0115327,368.0
15306,2024-04-29,14,253.1680603,277.0
15307,2024-04-29,15,225.8076845,319.0
15308,2024-04-29,16,245.3547066,283.0
15309,2024-04-29,17,238.0573626,257.0
15310,2024-04-29,18,247.7154768,303.0
15311,2024-04-29,19,203.2951869,336.0
15312,2024-04-29,20,266.1996809,347.0
15313,2024-04-29,21,234.9093671,333.0
15314,2024-04-29,22,219.7965091,333.0
15315,2024-04-29,23,199.5502636,318.0
15316,2024-04-30,0,215.8215481,334.0
15317,2024-04-30,1,216.3970131,406.0
15318,2024-04-30,2,279.3655067,250.0
15319,2024-04-30,3,302.359459,195.0
15320,2024-04-30,4,216.6208875,248.0
15321,2024-04-30,5,255.5652761,162.0
15322,2024-04-30,6,399.6963734,131.0
15323,2024-04-30,7,456.8659242,79.0
15324,2024-04-30,8,383.3173599,125.0
15325,2024-04-30,9,343.8764002,130.0
15326,2024-04-30,10,372.0137987,131.0
15327,2024-04-30,11,310.8013812,156.0
15328,2024-04-30,12,241.1825158,227.0
15329,2024-04-30,13,232.7318845,336.0
15330,2024-04-30,14,245.9495476,297.0
15331,2024-04-30,15,259.1827138,314.0
15332,2024-04-30,16,256.9024951,283.0
15333,2024-04-30,17,289.3241024,233.0
15334,2024-04-30,18,271.2222329,343.0
15335,2024-04-30,19,223.6900913,308.0
15336,2024-04-30,20,191.4062081,474.0
15337,2024-04-30,21,243.7520062,290.0
15338,2024-04-30,22,179.9233681,415.0
15339,2024-04-30,23,202.048425,529.0
15340,2024-05-01,0,221.0236655,651.0
15341,2024-05-01,1,183.3811643,605.0
15342,2024-05-01,2,196.3013605,665.0
15343,2024-05-01,3,199.8844345,474.0
15344,2024-05-01,4,151.7621875,223.0
15345,2024-05-01,5,174.8394303,120.0
15346,2024-05-01,6,306.813347,110.0
15347,2024-05-01,7,266.0684963,111.0
15348,2024-05-01,8,260.2917422,116.0
15349,2024-05-01,9,242.2451206,72.0
15350,2024-05-01,10,252.2644001,115.0
15351,2024-05-01,11,188.2091965,226.0
15352,2024-05-01,12,218.7270608,296.0
15353,2024-05-01,13,210.5753247,286.0
15354,2024-05-01,14,195.7371921,339.0
15355,2024-05-01,15,170.361353,293.0
15356,2024-05-01,16,185.7556361,246.0
15357,2024-05-01,17,153.829925,328.0
15358,2024-05-01,18,211.1155597,227.0
15359,2024-05-01,19,153.8752058,321.0
15360,2024-05-01,20,174.6309805,342.0
15361,2024-05-01,21,194.3628845,317.0
15362,2024-05-01,22,180.4708897,299.0
15363,2024-05-01,23,183.6012434,394.0
15364,2024-05-02,0,185.4237947,519.0
15365,2024-05-02,1,183.5936423,568.0
15366,2024-05-02,2,203.3677297,472.0
15367,2024-05-02,3,239.715847,279.0
15368,2024-05-02,4,167.8902984,215.0
15369,2024-05-02,5,192.5925025,92.0
15370,2024-05-02,6,200.1208193,152.0
15371,2024-05-02,7,183.6431462,120.0
15372,2024-05-02,8,259.8269077,99.0
15373,2024-05-02,9,273.4418178,78.0
15374,2024-05-02,10,280.5853727,100.0
15375,2024-05-02,11,171.1257378,168.0
15376,2024-05-02,12,201.9954866,267.0
15377,2024-05-02,13,161.2372094,298.0
15378,2024-05-02,14,188.9062115,356.0
15379,2024-05-02,15,192.9312359,393.0
15380,2024-05-02,16,181.7822865,286.0
15381,2024-05-02,17,174.5344776,297.0
15382,2024-05-02,18,132.9401052,299.0
15383,2024-05-02,19,169.901608,305.0
15384,2024-05-02,20,149.4467992,365.0
15385,2024-05-02,21,195.8178633,273.0
15386,2024-05-02,22,193.0862717,282.0
15387,2024-05-02,23,220.7683768,374.0
15388,2024-05-03,0,172.2544812,553.0
15389,2024-05-03,1,213.1722869,583.0
15390,2024-05-03,2,162.5711555,368.0
15391,2024-05-03,3,241.4183824,243.0
15392,2024-05-03,4,162.9240362,177.0
15393,2024-05-03,5,125.0445529,149.0
15394,2024-05-03,6,281.7056875,99.0
15395,2024-05-03,7,206.3103252,54.0
15396,2024-05-03,8,255.2038723,140.0
15397,2024-05-03,9,233.5345133,91.0
15398,2024-05-03,10,281.9378508,101.0
15399,2024-05-03,11,192.3629696,153.0
15400,2024-05-03,12,177.4976199,286.0
15401,2024-05-03,13,177.7419827,347.0
15402,2024-05-03,14,181.0369946,363.0
15403,2024-05-03,15,162.6705769,387.0
15404,2024-05-03,16,213.9965748,246.0
15405,2024-05-03,17,180.6983496,293.0
15406,2024-05-03,18,164.3163983,354.0
15407,2024-05-03,19,157.919013,313.0
15408,2024-05-03,20,190.5838295,379.0
15409,2024-05-03,21,203.3204676,305.0
15410,2024-05-03,22,195.5022636,214.0
15411,2024-05-03,23,142.904447,295.0
15412,2024-05-04,0,176.8176525,313.0
15413,2024-05-04,1,178.7893353,198.0
15414,2024-05-04,2,197.5458396,300.0
15415,2024-05-04,3,222.0986071,235.0
15416,2024-05-04,4,119.601481,251.0
15417,2024-05-04,5,157.710401,152.0
15418,2024-05-04,6,291.0459685,109.0
15419,2024-05-04,7,288.3610161,62.0
15420,2024-05-04,8,287.9001361,113.0
15421,2024-05-04,9,201.3833708,65.0
15422,2024-05-04,10,278.1019082,99.0
15423,2024-05-04,11,276.3775171,90.0
15424,2024-05-04,12,174.6017156,161.0
15425,2024-05-04,13,255.9468427,189.0
15426,2024-05-04,14,206.9131996,243.0
15427,2024-05-04,15,196.4305775,243.0
15428,2024-05-04,16,178.9049408,318.0
15429,2024-05-04,17,162.5594932,306.0
15430,2024-05-04,18,190.2418834,278.0
15431,2024-05-04,19,178.539841,261.0
15432,2024-05-04,20,180.7989421,273.0
15433,2024-05-04,21,185.2955005,229.0
15434,2024-05-04,22,199.2112784,239.0
15435,2024-05-04,23,176.1014697,230.0
15436,2024-05-05,0,156.9917834,284.0
15437,2024-05-05,1,148.1740296,393.0
15438,2024-05-05,2,190.093877,246.0
15439,2024-05-05,3,204.8123125,286.0
15440,2024-05-05,4,139.8112444,249.0
15441,2024-05-05,5,164.1871688,204.0
15442,2024-05-05,6,298.2856981,114.0
15443,2024-05-05,7,280.9555892,61.0
15444,2024-05-05,8,219.7690131,116.0
15445,2024-05-05,9,206.6815144,63.0
15446,2024-05-05,10,167.3474546,150.0
15447,2024-05-05,11,154.8539912,127.0
15448,2024-05-05,12,201.6250822,137.0
15449,2024-05-05,13,210.180197,151.0
15450,2024-05-05,14,172.2624342,222.0
15451,2024-05-05,15,187.1049945,250.0
15452,2024-05-05,16,182.5985998,250.0
15453,2024-05-05,17,130.3355596,258.0
15454,2024-05-05,18,198.6617665,242.0
15455,2024-05-05,19,196.8331611,225.0
15456,2024-05-05,20,250.2493274,214.0
15457,2024-05-05,21,166.6249725,287.0
15458,2024-05-05,22,176.5297992,327.0
15459,2024-05-05,23,184.8034571,293.0
15460,2024-05-06,0,179.688701,253.0
15461,2024-05-06,1,172.6119876,250.0
15462,2024-05-06,2,233.7838445,277.0
15463,2024-05-06,3,233.34954,187.0
15464,2024-05-06,4,243.7379985,133.0
15465,2024-05-06,5,170.2305675,100.0
15466,2024-05-06,6,263.8776673,104.0
15467,2024-05-06,7,268.0588421,71.0
15468,2024-05-06,8,283.0586743,89.0
15469,2024-05-06,9,261.4149152,71.0
15470,2024-05-06,10,249.7229699,108.0
15471,2024-05-06,11,178.5807529,189.0
15472,2024-05-06,12,178.9200452,240.0
15473,2024-05-06,13,216.1954388,243.0
15474,2024-05-06,14,179.7344735,353.0
15475,2024-05-06,15,180.010944,294.0
15476,2024-05-06,16,230.4454388,347.0
15477,2024-05-06,17,179.1335266,239.0
15478,2024-05-06,18,196.0413406,312.0
15479,2024-05-06,19,199.6417201,355.0
15480,2024-05-06,20,181.2718452,377.0
15481,2024-05-06,21,196.8548933,217.0
15482,2024-05-06,22,179.0736268,287.0
15483,2024-05-06,23,162.0019506,296.0
15484,2024-05-07,0,176.8732272,277.0
15485,2024-05-07,1,156.8521158,313.0
15486,2024-05-07,2,161.7172983,287.0
15487,2024-05-07,3,184.0380007,198.0
15488,2024-05-07,4,156.0264603,241.0
15489,2024-05-07,5,172.582675,103.0
15490,2024-05-07,6,242.3729365,118.0
15491,2024-05-07,7,217.2569903,84.0
15492,2024-05-07,8,266.8941168,126.0
15493,2024-05-07,9,190.3056634,125.0
15494,2024-05-07,10,198.4511719,132.0
15495,2024-05-07,11,164.5091113,115.0
15496,2024-05-07,12,206.1584607,205.0
15497,2024-05-07,13,202.2918706,271.0
15498,2024-05-07,14,202.1965958,252.0
15499,2024-05-07,15,167.6673299,272.0
15500,2024-05-07,16,172.4532587,243.0
15501,2024-05-07,17,160.8112496,313.0
15502,2024-05-07,18,204.6385709,268.0
15503,2024-05-07,19,187.0381211,303.0
15504,2024-05-07,20,190.2522685,329.0
15505,2024-05-07,21,181.9279584,242.0
15506,2024-05-07,22,171.2358097,276.0
15507,2024-05-07,23,171.8356546,348.0
15508,2024-05-08,0,191.6015222,346.0
15509,2024-05-08,1,165.9636949,434.0
15510,2024-05-08,2,205.2813934,344.0
15511,2024-05-08,3,265.9360829,194.0
15512,2024-05-08,4,334.7219776,171.0
15513,2024-05-08,5,394.9551732,89.0
15514,2024-05-08,6,345.5175274,128.0
15515,2024-05-08,7,352.2774888,95.0
15516,2024-05-08,8,307.5697549,148.0
15517,2024-05-08,9,415.2493331,103.0
15518,2024-05-08,10,339.4910709,119.0
15519,2024-05-08,11,208.4115417,200.0
15520,2024-05-08,12,188.8018619,299.0
15521,2024-05-08,13,200.8439987,342.0
15522,2024-05-08,14,236.768754,344.0
15523,2024-05-08,15,234.9132003,296.0
15524,2024-05-08,16,205.1301242,343.0
15525,2024-05-08,17,245.9540781,234.0
15526,2024-05-08,18,248.9112134,283.0
15527,2024-05-08,19,245.1194889,310.0
15528,2024-05-08,20,255.4013517,257.0
15529,2024-05-08,21,238.6438499,310.0
15530,2024-05-08,22,215.0690415,340.0
15531,2024-05-08,23,206.7743985,337.0
15532,2024-05-09,0,203.3773585,420.0
15533,2024-05-09,1,202.3890902,402.0
15534,2024-05-09,2,245.6537761,307.0
15535,2024-05-09,3,222.2036547,330.0
15536,2024-05-09,4,283.1885421,202.0
15537,2024-05-09,5,438.6014881,74.0
15538,2024-05-09,6,386.5657843,127.0
15539,2024-05-09,7,389.5398384,121.0
15540,2024-05-09,8,406.5398116,119.0
15541,2024-05-09,9,411.6527121,82.0
15542,2024-05-09,10,322.0584926,159.0
15543,2024-05-09,11,260.188247,230.0
15544,2024-05-09,12,267.399427,270.0
15545,2024-05-09,13,221.1499769,332.0
15546,2024-05-09,14,237.1937221,395.0
15547,2024-05-09,15,260.6101851,284.0
15548,2024-05-09,16,259.2757698,278.0
15549,2024-05-09,17,222.9204506,276.0
15550,2024-05-09,18,189.1138194,478.0
15551,2024-05-09,19,222.7918779,345.0
15552,2024-05-09,20,252.4803739,378.0
15553,2024-05-09,21,219.9508968,369.0
15554,2024-05-09,22,216.2654486,386.0
15555,2024-05-09,23,219.7555829,314.0
15556,2024-05-10,0,224.036756,360.0
15557,2024-05-10,1,242.62259,361.0
15558,2024-05-10,2,238.0270107,390.0
15559,2024-05-10,3,283.5932677,221.0
15560,2024-05-10,4,257.3462675,188.0
15561,2024-05-10,5,266.213585,163.0
15562,2024-05-10,6,361.9579175,136.0
15563,2024-05-10,7,415.124095,115.0
15564,2024-05-10,8,377.2237961,133.0
15565,2024-05-10,9,376.3755622,115.0
15566,2024-05-10,10,352.3395169,133.0
15567,2024-05-10,11,217.765494,193.0
15568,2024-05-10,12,222.9693409,352.0
15569,2024-05-10,13,207.5595082,428.0
15570,2024-05-10,14,243.7997392,416.0
15571,2024-05-10,15,225.4441453,333.0
15572,2024-05-10,16,251.90138,337.0
15573,2024-05-10,17,210.3247828,372.0
15574,2024-05-10,18,221.9235554,376.0
15575,2024-05-10,19,206.4798616,378.0
15576,2024-05-10,20,207.9319469,376.0
15577,2024-05-10,21,226.8654179,307.0
15578,2024-05-10,22,278.736769,250.0
15579,2024-05-10,23,262.6519273,235.0
15580,2024-05-11,0,265.6582861,267.0
15581,2024-05-11,1,222.3033228,363.0
15582,2024-05-11,2,201.1421503,314.0
15583,2024-05-11,3,248.2756059,278.0
15584,2024-05-11,4,235.9402273,258.0
15585,2024-05-11,5,344.4467684,109.0
15586,2024-05-11,6,347.2613562,140.0
15587,2024-05-11,7,415.311407,106.0
15588,2024-05-11,8,380.6434609,143.0
15589,2024-05-11,9,430.3975091,102.0
15590,2024-05-11,10,342.2140954,134.0
15591,2024-05-11,11,323.9706962,144.0
15592,2024-05-11,12,242.7539918,259.0
15593,2024-05-11,13,293.294188,195.0
15594,2024-05-11,14,269.1968275,264.0
15595,2024-05-11,15,209.8480305,365.0
15596,2024-05-11,16,249.6913034,272.0
15597,2024-05-11,17,271.5307318,247.0
15598,2024-05-11,18,292.5046287,243.0
15599,2024-05-11,19,229.2103708,315.0
15600,2024-05-11,20,245.2134794,261.0
15601,2024-05-11,21,260.2050626,267.0
15602,2024-05-11,22,207.5739997,318.0
15603,2024-05-11,23,228.9111344,258.0
15604,2024-05-12,0,244.6716436,230.0
15605,2024-05-12,1,231.5668347,312.0
15606,2024-05-12,2,267.7246927,249.0
15607,2024-05-12,3,270.1998484,267.0
15608,2024-05-12,4,281.5485876,249.0
15609,2024-05-12,5,376.4783073,91.0
15610,2024-05-12,6,322.7519398,166.0
15611,2024-05-12,7,413.1195423,114.0
15612,2024-05-12,8,367.1749767,142.0
15613,2024-05-12,9,504.1033123,73.0
15614,2024-05-12,10,334.1448985,144.0
15615,2024-05-12,11,377.0218844,106.0
15616,2024-05-12,12,315.3204879,155.0
15617,2024-05-12,13,342.4224943,182.0
15618,2024-05-12,14,270.1989174,243.0
15619,2024-05-12,15,274.004479,282.0
15620,2024-05-12,16,245.7086509,290.0
15621,2024-05-12,17,323.6761879,166.0
15622,2024-05-12,18,217.5846413,263.0
15623,2024-05-12,19,274.8399388,243.0
15624,2024-05-12,20,249.8664179,250.0
15625,2024-05-12,21,224.1872368,315.0
15626,2024-05-12,22,248.0358421,261.0
15627,2024-05-12,23,207.4911824,342.0
15628,2024-05-13,0,185.8331148,341.0
15629,2024-05-13,1,209.2064768,317.0
15630,2024-05-13,2,246.9551771,256.0
15631,2024-05-13,3,273.248342,229.0
15632,2024-05-13,4,298.5418263,220.0
15633,2024-05-13,5,328.6901603,115.0
15634,2024-05-13,6,388.6113837,140.0
15635,2024-05-13,7,437.8159994,99.0
15636,2024-05-13,8,352.8232006,136.0
15637,2024-05-13,9,308.9408785,124.0
15638,2024-05-13,10,330.4334575,143.0
15639,2024-05-13,11,263.7588756,175.0
15640,2024-05-13,12,242.439994,379.0
15641,2024-05-13,13,205.6977607,433.0
15642,2024-05-13,14,245.9969704,391.0
15643,2024-05-13,15,242.779912,308.0
15644,2024-05-13,16,208.0823152,388.0
15645,2024-05-13,17,230.4865531,291.0
15646,2024-05-13,18,247.2424447,312.0
15647,2024-05-13,19,234.1632896,323.0
15648,2024-05-13,20,246.7201269,311.0
15649,2024-05-13,21,209.7018806,368.0
15650,2024-05-13,22,243.0744654,314.0
15651,2024-05-13,23,221.7841393,310.0
15652,2024-05-14,0,241.1072844,386.0
15653,2024-05-14,1,212.336006,396.0
15654,2024-05-14,2,271.3966809,259.0
15655,2024-05-14,3,271.4226997,222.0
15656,2024-05-14,4,322.9320995,193.0
15657,2024-05-14,5,308.1304397,108.0
15658,2024-05-14,6,415.9776678,115.0
15659,2024-05-14,7,365.4085791,110.0
15660,2024-05-14,8,375.1294838,138.0
15661,2024-05-14,9,349.429354,115.0
15662,2024-05-14,10,337.6467575,182.0
15663,2024-05-14,11,272.2236423,187.0
15664,2024-05-14,12,267.4535669,251.0
15665,2024-05-14,13,261.2481965,325.0
15666,2024-05-14,14,248.9343022,306.0
15667,2024-05-14,15,252.0056746,339.0
15668,2024-05-14,16,237.5887967,355.0
15669,2024-05-14,17,230.5532845,307.0
15670,2024-05-14,18,206.3057151,376.0
15671,2024-05-14,19,255.118507,353.0
15672,2024-05-14,20,228.6702359,372.0
15673,2024-05-14,21,267.7338283,294.0
15674,2024-05-14,22,244.4057518,345.0
15675,2024-05-14,23,211.3415128,322.0
15676,2024-05-15,0,191.0048236,408.0
15677,2024-05-15,1,199.7036459,446.0
15678,2024-05-15,2,224.3556814,568.0
15679,2024-05-15,3,274.8623027,280.0
15680,2024-05-15,4,289.6832126,170.0
15681,2024-05-15,5,291.7850691,133.0
15682,2024-05-15,6,400.9762868,124.0
15683,2024-05-15,7,404.8068176,94.0
15684,2024-05-15,8,291.1881392,189.0
15685,2024-05-15,9,369.1020716,114.0
15686,2024-05-15,10,364.5928321,124.0
15687,2024-05-15,11,240.2175902,219.0
15688,2024-05-15,12,201.4974195,341.0
15689,2024-05-15,13,220.8185592,313.0
15690,2024-05-15,14,249.8851875,400.0
15691,2024-05-15,15,268.4945443,291.0
15692,2024-05-15,16,225.0072158,280.0
15693,2024-05-15,17,224.0059693,257.0
15694,2024-05-15,18,215.4462941,521.0
15695,2024-05-15,19,234.0554253,337.0
15696,2024-05-15,20,234.3216407,349.0
15697,2024-05-15,21,258.1589205,328.0
15698,2024-05-15,22,238.0932491,330.0
15699,2024-05-15,23,271.7729774,284.0
15700,2024-05-16,0,248.7547379,254.0
15701,2024-05-16,1,260.5804846,323.0
15702,2024-05-16,2,228.3027182,286.0
15703,2024-05-16,3,299.1185651,199.0
15704,2024-05-16,4,221.5975342,216.0
15705,2024-05-16,5,399.0935282,104.0
15706,2024-05-16,6,377.7021024,124.0
15707,2024-05-16,7,405.1420609,99.0
15708,2024-05-16,8,364.6606487,153.0
15709,2024-05-16,9,256.9354698,148.0
15710,2024-05-16,10,319.6698795,163.0
15711,2024-05-16,11,243.7999175,220.0
15712,2024-05-16,12,283.1179361,273.0
15713,2024-05-16,13,276.9266917,263.0
15714,2024-05-16,14,247.7968739,363.0
15715,2024-05-16,15,233.2230899,274.0
15716,2024-05-16,16,189.1554222,362.0
15717,2024-05-16,17,215.2669944,356.0
15718,2024-05-16,18,200.4786474,484.0
15719,2024-05-16,19,217.1295375,323.0
15720,2024-05-16,20,237.0932179,308.0
15721,2024-05-16,21,265.9864045,274.0
15722,2024-05-16,22,221.0870718,356.0
15723,2024-05-16,23,252.0277739,277.0
15724,2024-05-17,0,258.2281378,260.0
15725,2024-05-17,1,210.9605919,346.0
15726,2024-05-17,2,226.9726311,304.0
15727,2024-05-17,3,253.4978965,270.0
15728,2024-05-17,4,239.7993914,217.0
15729,2024-05-17,5,372.6780472,116.0
15730,2024-05-17,6,335.8446748,143.0
15731,2024-05-17,7,412.0992643,77.0
15732,2024-05-17,8,317.6952812,147.0
15733,2024-05-17,9,282.6775427,138.0
15734,2024-05-17,10,365.3444363,142.0
15735,2024-05-17,11,325.8764557,200.0
15736,2024-05-17,12,243.5073792,294.0
15737,2024-05-17,13,247.615707,331.0
15738,2024-05-17,14,230.7664193,329.0
15739,2024-05-17,15,244.0390075,287.0
15740,2024-05-17,16,268.4781787,337.0
15741,2024-05-17,17,201.4672304,327.0
15742,2024-05-17,18,221.9125704,405.0
15743,2024-05-17,19,227.027886,393.0
15744,2024-05-17,20,213.7497188,364.0
15745,2024-05-17,21,217.9126128,345.0
15746,2024-05-17,22,287.8177467,280.0
15747,2024-05-17,23,249.5453749,333.0
15748,2024-05-18,0,248.2077968,344.0
15749,2024-05-18,1,231.6391472,396.0
15750,2024-05-18,2,228.93495,303.0
15751,2024-05-18,3,235.9423943,301.0
15752,2024-05-18,4,258.8324067,201.0
15753,2024-05-18,5,299.2536814,156.0
15754,2024-05-18,6,366.5572402,137.0
15755,2024-05-18,7,395.3421132,98.0
15756,2024-05-18,8,392.6396347,122.0
15757,2024-05-18,9,400.6374613,94.0
15758,2024-05-18,10,357.6893467,131.0
15759,2024-05-18,11,280.4675791,157.0
15760,2024-05-18,12,251.1856884,191.0
15761,2024-05-18,13,256.3219459,256.0
15762,2024-05-18,14,244.6812892,299.0
15763,2024-05-18,15,246.7777223,327.0
15764,2024-05-18,16,258.583903,293.0
15765,2024-05-18,17,214.0280476,282.0
15766,2024-05-18,18,220.5733379,374.0
15767,2024-05-18,19,240.0766759,307.0
15768,2024-05-18,20,271.9157099,359.0
15769,2024-05-18,21,248.9646455,279.0
15770,2024-05-18,22,247.5061053,271.0
15771,2024-05-18,23,240.9987171,357.0
15772,2024-05-19,0,189.120684,389.0
15773,2024-05-19,1,270.3761693,234.0
15774,2024-05-19,2,238.0646329,262.0
15775,2024-05-19,3,237.0630437,305.0
15776,2024-05-19,4,226.2302749,288.0
15777,2024-05-19,5,232.3401495,163.0
15778,2024-05-19,6,402.9057033,121.0
15779,2024-05-19,7,347.6296132,128.0
15780,2024-05-19,8,334.0516951,139.0
15781,2024-05-19,9,465.475863,83.0
15782,2024-05-19,10,398.370977,111.0
15783,2024-05-19,11,281.2605543,138.0
15784,2024-05-19,12,291.3731817,178.0
15785,2024-05-19,13,330.0220301,190.0
15786,2024-05-19,14,264.558679,315.0
15787,2024-05-19,15,244.4019448,273.0
15788,2024-05-19,16,257.7075665,269.0
15789,2024-05-19,17,217.191363,301.0
15790,2024-05-19,18,261.1296772,301.0
15791,2024-05-19,19,220.3183526,279.0
15792,2024-05-19,20,235.0554339,256.0
15793,2024-05-19,21,261.9536507,283.0
15794,2024-05-19,22,245.0832439,237.0
15795,2024-05-19,23,243.8068341,262.0
15796,2024-05-20,0,174.59307,385.0
15797,2024-05-20,1,197.8770251,332.0
15798,2024-05-20,2,212.713148,285.0
15799,2024-05-20,3,265.4854634,216.0
15800,2024-05-20,4,275.6667559,190.0
15801,2024-05-20,5,315.3137504,108.0
15802,2024-05-20,6,335.3649608,174.0
15803,2024-05-20,7,360.2271561,118.0
15804,2024-05-20,8,374.8683193,146.0
15805,2024-05-20,9,430.8156671,91.0
15806,2024-05-20,10,305.373601,159.0
15807,2024-05-20,11,304.8450934,156.0
15808,2024-05-20,12,230.2872023,306.0
15809,2024-05-20,13,210.0269905,386.0
15810,2024-05-20,14,242.5477795,400.0
15811,2024-05-20,15,210.3101374,429.0
15812,2024-05-20,16,244.4339565,359.0
15813,2024-05-20,17,211.0603664,280.0
15814,2024-05-20,18,220.6239759,376.0
15815,2024-05-20,19,235.902248,299.0
15816,2024-05-20,20,209.3539731,356.0
15817,2024-05-20,21,252.664767,295.0
15818,2024-05-20,22,239.0558086,274.0
15819,2024-05-20,23,255.360588,303.0
15820,2024-05-21,0,261.8035907,301.0
15821,2024-05-21,1,217.3133688,337.0
15822,2024-05-21,2,235.6621637,322.0
15823,2024-05-21,3,223.2167641,329.0
15824,2024-05-21,4,265.1485554,223.0
15825,2024-05-21,5,362.4363859,105.0
15826,2024-05-21,6,352.3381942,145.0
15827,2024-05-21,7,381.6688508,98.0
15828,2024-05-21,8,367.8527871,147.0
15829,2024-05-21,9,376.7477614,93.0
15830,2024-05-21,10,368.4383585,145.0
15831,2024-05-21,11,298.8349557,170.0
15832,2024-05-21,12,223.5706942,320.0
15833,2024-05-21,13,239.4363406,357.0
15834,2024-05-21,14,191.3548388,493.0
15835,2024-05-21,15,203.1541305,376.0
15836,2024-05-21,16,243.4110539,296.0
15837,2024-05-21,17,229.7812468,333.0
15838,2024-05-21,18,246.6086445,368.0
15839,2024-05-21,19,237.9032991,328.0
15840,2024-05-21,20,231.939835,359.0
15841,2024-05-21,21,231.9514887,317.0
15842,2024-05-21,22,222.1784483,361.0
15843,2024-05-21,23,254.6019366,305.0
15844,2024-05-22,0,249.0450987,353.0
15845,2024-05-22,1,212.8021821,372.0
15846,2024-05-22,2,226.9442879,349.0
15847,2024-05-22,3,266.548126,269.0
15848,2024-05-22,4,243.4344628,231.0
15849,2024-05-22,5,347.8928199,94.0
15850,2024-05-22,6,358.5096163,154.0
15851,2024-05-22,7,374.9671924,115.0
15852,2024-05-22,8,324.0196143,168.0
15853,2024-05-22,9,401.2652806,105.0
15854,2024-05-22,10,333.8648595,179.0
15855,2024-05-22,11,272.2545608,203.0
15856,2024-05-22,12,214.5597398,262.0
15857,2024-05-22,13,218.6529542,423.0
15858,2024-05-22,14,241.0205856,410.0
15859,2024-05-22,15,204.407877,362.0
15860,2024-05-22,16,260.4289151,294.0
15861,2024-05-22,17,253.1043316,261.0
15862,2024-05-22,18,242.6189195,348.0
15863,2024-05-22,19,226.0737338,356.0
15864,2024-05-22,20,210.8143265,352.0
15865,2024-05-22,21,236.6764538,256.0
15866,2024-05-22,22,221.579952,331.0
15867,2024-05-22,23,189.5913334,313.0
15868,2024-05-23,0,215.5621919,376.0
15869,2024-05-23,1,226.4532993,368.0
15870,2024-05-23,2,246.6937481,292.0
15871,2024-05-23,3,294.4294221,243.0
15872,2024-05-23,4,217.8139023,230.0
15873,2024-05-23,5,320.6153667,118.0
15874,2024-05-23,6,391.3764818,144.0
15875,2024-05-23,7,351.4482172,114.0
15876,2024-05-23,8,264.6921349,184.0
15877,2024-05-23,9,440.556376,96.0
15878,2024-05-23,10,332.4644826,171.0
15879,2024-05-23,11,334.2307485,187.0
15880,2024-05-23,12,225.2381132,273.0
15881,2024-05-23,13,228.5325838,319.0
15882,2024-05-23,14,248.2065846,396.0
15883,2024-05-23,15,230.5295228,351.0
15884,2024-05-23,16,256.7726514,321.0
15885,2024-05-23,17,211.6847252,275.0
15886,2024-05-23,18,198.3806419,458.0
15887,2024-05-23,19,219.0589494,347.0
15888,2024-05-23,20,228.9658881,380.0
15889,2024-05-23,21,223.0022576,257.0
15890,2024-05-23,22,238.3740422,316.0
15891,2024-05-23,23,217.7515607,304.0
15892,2024-05-24,0,230.1839023,329.0
15893,2024-05-24,1,212.6895065,328.0
15894,2024-05-24,2,212.188751,357.0
15895,2024-05-24,3,249.0826534,264.0
15896,2024-05-24,4,276.416556,205.0
15897,2024-05-24,5,342.8376027,116.0
15898,2024-05-24,6,344.1442239,158.0
15899,2024-05-24,7,417.2976288,91.0
15900,2024-05-24,8,345.7237797,156.0
15901,2024-05-24,9,351.6431937,111.0
15902,2024-05-24,10,289.2677326,133.0
15903,2024-05-24,11,241.9069495,215.0
15904,2024-05-24,12,257.8899123,256.0
15905,2024-05-24,13,215.3666013,361.0
15906,2024-05-24,14,221.8183897,321.0
15907,2024-05-24,15,223.6675392,301.0
15908,2024-05-24,16,196.8592487,304.0
15909,2024-05-24,17,213.5243474,344.0
15910,2024-05-24,18,228.9466448,333.0
15911,2024-05-24,19,264.4952033,396.0
15912,2024-05-24,20,225.1018559,316.0
15913,2024-05-24,21,195.9754324,359.0
15914,2024-05-24,22,210.6871536,331.0
15915,2024-05-24,23,181.2695393,354.0
15916,2024-05-25,0,223.8725541,291.0
15917,2024-05-25,1,215.9314693,303.0
15918,2024-05-25,2,246.6213218,297.0
15919,2024-05-25,3,245.5210049,303.0
15920,2024-05-25,4,273.9524316,205.0
15921,2024-05-25,5,240.9722218,193.0
15922,2024-05-25,6,347.7566471,148.0
15923,2024-05-25,7,372.7443026,113.0
15924,2024-05-25,8,378.742457,127.0
15925,2024-05-25,9,380.0519119,105.0
15926,2024-05-25,10,394.2030687,107.0
15927,2024-05-25,11,318.4924869,118.0
15928,2024-05-25,12,265.2490708,182.0
15929,2024-05-25,13,267.0539895,217.0
15930,2024-05-25,14,269.3549951,268.0
15931,2024-05-25,15,261.9646634,238.0
15932,2024-05-25,16,229.7265727,275.0
15933,2024-05-25,17,249.1732838,273.0
15934,2024-05-25,18,233.5777861,326.0
15935,2024-05-25,19,257.5519165,356.0
15936,2024-05-25,20,248.332405,265.0
15937,2024-05-25,21,281.2427499,250.0
15938,2024-05-25,22,255.248962,225.0
15939,2024-05-25,23,234.4085063,225.0
15940,2024-05-26,0,247.8790655,321.0
15941,2024-05-26,1,247.4796951,292.0
15942,2024-05-26,2,196.6580743,304.0
15943,2024-05-26,3,257.0572679,247.0
15944,2024-05-26,4,259.1334222,192.0
15945,2024-05-26,5,369.2722325,102.0
15946,2024-05-26,6,337.6572376,150.0
15947,2024-05-26,7,464.9479054,81.0
15948,2024-05-26,8,318.7636055,152.0
15949,2024-05-26,9,428.508575,85.0
15950,2024-05-26,10,395.2370285,113.0
15951,2024-05-26,11,363.6994709,120.0
15952,2024-05-26,12,263.6157413,158.0
15953,2024-05-26,13,270.0798484,196.0
15954,2024-05-26,14,282.1114573,200.0
15955,2024-05-26,15,263.7606816,264.0
15956,2024-05-26,16,245.3436789,251.0
15957,2024-05-26,17,248.2626785,181.0
15958,2024-05-26,18,266.5620588,192.0
15959,2024-05-26,19,256.7653018,213.0
15960,2024-05-26,20,286.5686888,244.0
15961,2024-05-26,21,256.5886205,240.0
15962,2024-05-26,22,270.0274696,213.0
15963,2024-05-26,23,235.3333954,232.0
15964,2024-05-27,0,210.2141055,292.0
15965,2024-05-27,1,251.9075235,287.0
15966,2024-05-27,2,268.1149388,265.0
15967,2024-05-27,3,296.4134303,221.0
15968,2024-05-27,4,243.3601367,218.0
15969,2024-05-27,5,345.8554572,136.0
15970,2024-05-27,6,382.2718161,143.0
15971,2024-05-27,7,474.0000101,90.0
15972,2024-05-27,8,329.199333,149.0
15973,2024-05-27,9,386.6036299,105.0
15974,2024-05-27,10,328.2585978,163.0
15975,2024-05-27,11,285.5607285,143.0
15976,2024-05-27,12,293.1320569,161.0
15977,2024-05-27,13,284.602436,210.0
15978,2024-05-27,14,253.3693029,291.0
15979,2024-05-27,15,257.1535632,258.0
15980,2024-05-27,16,237.4243131,328.0
15981,2024-05-27,17,206.6176814,357.0
15982,2024-05-27,18,208.8426817,395.0
15983,2024-05-27,19,224.2826502,314.0
15984,2024-05-27,20,247.444329,267.0
15985,2024-05-27,21,269.390114,326.0
15986,2024-05-27,22,245.5507532,331.0
15987,2024-05-27,23,184.008831,427.0
15988,2024-05-28,0,174.2865767,446.0
15989,2024-05-28,1,207.3499424,343.0
15990,2024-05-28,2,219.5118331,298.0
15991,2024-05-28,3,291.3740396,191.0
15992,2024-05-28,4,243.6920041,216.0
15993,2024-05-28,5,321.0285557,104.0
15994,2024-05-28,6,385.3620152,142.0
15995,2024-05-28,7,381.0470319,106.0
15996,2024-05-28,8,299.7498199,164.0
15997,2024-05-28,9,342.1317769,111.0
15998,2024-05-28,10,342.763321,144.0
15999,2024-05-28,11,278.6084284,178.0
16000,2024-05-28,12,273.0861379,319.0
16001,2024-05-28,13,212.5685604,359.0
16002,2024-05-28,14,225.6573137,391.0
16003,2024-05-28,15,200.4143518,390.0
16004,2024-05-28,16,203.7134692,361.0
16005,2024-05-28,17,180.8322612,355.0
16006,2024-05-28,18,217.5254985,357.0
16007,2024-05-28,19,201.0407446,346.0
16008,2024-05-28,20,212.1328212,331.0
16009,2024-05-28,21,218.5894329,381.0
16010,2024-05-28,22,217.7567915,349.0
16011,2024-05-28,23,243.9452499,361.0
16012,2024-05-29,0,213.0291896,312.0
16013,2024-05-29,1,205.1055234,364.0
16014,2024-05-29,2,197.450189,371.0
16015,2024-05-29,3,257.8048157,218.0
16016,2024-05-29,4,184.3677736,295.0
16017,2024-05-29,5,131.505063,256.0
16018,2024-05-29,6,302.4957276,146.0
16019,2024-05-29,7,356.9428165,109.0
16020,2024-05-29,8,351.6255485,147.0
16021,2024-05-29,9,326.8303156,118.0
16022,2024-05-29,10,355.1474152,128.0
16023,2024-05-29,11,263.4272516,163.0
16024,2024-05-29,12,247.3435413,259.0
16025,2024-05-29,13,226.705014,322.0
16026,2024-05-29,14,224.2194244,369.0
16027,2024-05-29,15,189.5964953,313.0
16028,2024-05-29,16,202.4421484,241.0
16029,2024-05-29,17,158.2158441,270.0
16030,2024-05-29,18,213.7121897,269.0
16031,2024-05-29,19,185.6151204,274.0
16032,2024-05-29,20,198.98392,303.0
16033,2024-05-29,21,172.8205695,348.0
16034,2024-05-29,22,209.919128,356.0
16035,2024-05-29,23,191.5386763,343.0
16036,2024-05-30,0,171.2498382,384.0
16037,2024-05-30,1,148.7402295,405.0
16038,2024-05-30,2,192.3602929,301.0
16039,2024-05-30,3,177.6210073,213.0
16040,2024-05-30,4,226.1232174,152.0
16041,2024-05-30,5,169.6451541,75.0
16042,2024-05-30,6,285.4991451,94.0
16043,2024-05-30,7,221.5620462,76.0
16044,2024-05-30,8,195.5487723,71.0
16045,2024-05-30,9,260.2136483,75.0
16046,2024-05-30,10,216.2481658,121.0
16047,2024-05-30,11,190.5095471,157.0
16048,2024-05-30,12,174.7692804,372.0
16049,2024-05-30,13,194.0025329,308.0
16050,2024-05-30,14,193.5760199,356.0
16051,2024-05-30,15,150.1766032,360.0
16052,2024-05-30,16,215.9233832,233.0
16053,2024-05-30,17,147.9186327,281.0
16054,2024-05-30,18,140.4706896,427.0
16055,2024-05-30,19,187.6327207,290.0
16056,2024-05-30,20,171.4140095,381.0
16057,2024-05-30,21,181.0960646,346.0
16058,2024-05-30,22,175.9471366,491.0
16059,2024-05-30,23,163.1560985,289.0
16060,2024-05-31,0,169.8565745,286.0
16061,2024-05-31,1,156.0513445,381.0
16062,2024-05-31,2,199.444369,311.0
16063,2024-05-31,3,201.5424429,264.0
16064,2024-05-31,4,217.542464,145.0
16065,2024-05-31,5,197.9750239,140.0
16066,2024-05-31,6,277.1483965,102.0
16067,2024-05-31,7,285.3156739,88.0
16068,2024-05-31,8,298.1463715,84.0
16069,2024-05-31,9,239.9398118,89.0
16070,2024-05-31,10,259.8394981,146.0
16071,2024-05-31,11,240.3940752,133.0
16072,2024-05-31,12,173.8190623,261.0
16073,2024-05-31,13,188.3061859,314.0
16074,2024-05-31,14,179.0503934,353.0
16075,2024-05-31,15,163.0964234,395.0
16076,2024-05-31,16,180.7832217,363.0
16077,2024-05-31,17,132.0784538,301.0
16078,2024-05-31,18,175.8062626,303.0
16079,2024-05-31,19,160.8716134,362.0
16080,2024-05-31,20,165.5756223,376.0
16081,2024-05-31,21,139.0038738,324.0
16082,2024-05-31,22,163.8123169,339.0
16083,2024-05-31,23,207.6782861,317.0
16084,2024-06-01,0,147.7589321,379.0
16085,2024-06-01,1,174.0679066,333.0
16086,2024-06-01,2,163.8203741,357.0
16087,2024-06-01,3,200.5696063,308.0
16088,2024-06-01,4,279.7758316,152.0
16089,2024-06-01,5,238.9618658,103.0
16090,2024-06-01,6,278.4874798,119.0
16091,2024-06-01,7,233.0754937,102.0
16092,2024-06-01,8,315.848964,68.0
16093,2024-06-01,9,243.3343419,101.0
16094,2024-06-01,10,219.044869,158.0
16095,2024-06-01,11,143.1836581,177.0
16096,2024-06-01,12,197.4687438,240.0
16097,2024-06-01,13,218.398155,242.0
16098,2024-06-01,14,193.7238273,285.0
16099,2024-06-01,15,155.8863107,280.0
16100,2024-06-01,16,188.6726834,245.0
16101,2024-06-01,17,194.7421174,216.0
16102,2024-06-01,18,217.8686662,258.0
16103,2024-06-01,19,194.4633573,280.0
16104,2024-06-01,20,195.8093943,307.0
16105,2024-06-01,21,147.585804,301.0
16106,2024-06-01,22,181.4781499,249.0
16107,2024-06-01,23,182.0570775,275.0
16108,2024-06-02,0,189.3478904,259.0
16109,2024-06-02,1,164.6915645,291.0
16110,2024-06-02,2,193.9897732,277.0
16111,2024-06-02,3,194.5318909,240.0
16112,2024-06-02,4,199.9677897,148.0
16113,2024-06-02,5,179.5232147,86.0
16114,2024-06-02,6,247.1418092,122.0
16115,2024-06-02,7,336.5409399,78.0
16116,2024-06-02,8,230.7701976,90.0
16117,2024-06-02,9,260.6370136,70.0
16118,2024-06-02,10,261.62995,121.0
16119,2024-06-02,11,194.0498919,120.0
16120,2024-06-02,12,200.1553361,225.0
16121,2024-06-02,13,237.3409269,204.0
16122,2024-06-02,14,173.2359304,359.0
16123,2024-06-02,15,194.1279432,335.0
16124,2024-06-02,16,213.1522529,219.0
16125,2024-06-02,17,172.6434935,261.0
16126,2024-06-02,18,218.0612468,258.0
16127,2024-06-02,19,236.2828026,216.0
16128,2024-06-02,20,175.6983182,267.0
16129,2024-06-02,21,217.1060781,210.0
16130,2024-06-02,22,198.0050374,256.0
16131,2024-06-02,23,166.927242,284.0
16132,2024-06-03,0,181.1808152,327.0
16133,2024-06-03,1,148.8044168,272.0
16134,2024-06-03,2,197.4032895,296.0
16135,2024-06-03,3,229.8034211,187.0
16136,2024-06-03,4,215.2314984,179.0
16137,2024-06-03,5,123.1567825,142.0
16138,2024-06-03,6,265.1827455,137.0
16139,2024-06-03,7,264.119107,98.0
16140,2024-06-03,8,328.2149524,72.0
16141,2024-06-03,9,249.5153169,96.0
16142,2024-06-03,10,246.4123263,139.0
16143,2024-06-03,11,181.0340535,146.0
16144,2024-06-03,12,186.4204192,263.0
16145,2024-06-03,13,193.5493456,342.0
16146,2024-06-03,14,178.74943,413.0
16147,2024-06-03,15,158.5809559,367.0
16148,2024-06-03,16,178.4883611,304.0
16149,2024-06-03,17,173.9372497,342.0
16150,2024-06-03,18,181.0810881,360.0
16151,2024-06-03,19,199.5993129,341.0
16152,2024-06-03,20,197.6265046,341.0
16153,2024-06-03,21,178.4206901,353.0
16154,2024-06-03,22,174.3324214,326.0
16155,2024-06-03,23,188.1947222,256.0
16156,2024-06-04,0,133.546029,373.0
16157,2024-06-04,1,158.02289,388.0
16158,2024-06-04,2,164.6141789,279.0
16159,2024-06-04,3,223.2715786,238.0
16160,2024-06-04,4,160.1975114,167.0
16161,2024-06-04,5,130.7298103,111.0
16162,2024-06-04,6,251.5105734,115.0
16163,2024-06-04,7,237.0082528,110.0
16164,2024-06-04,8,275.7670486,83.0
16165,2024-06-04,9,246.8571424,113.0
16166,2024-06-04,10,245.5683135,137.0
16167,2024-06-04,11,176.8820184,243.0
16168,2024-06-04,12,135.6945258,442.0
16169,2024-06-04,13,190.8296308,332.0
16170,2024-06-04,14,225.9427834,354.0
16171,2024-06-04,15,194.928658,362.0
16172,2024-06-04,16,168.8573797,318.0
16173,2024-06-04,17,146.3218621,304.0
16174,2024-06-04,18,178.7639383,459.0
16175,2024-06-04,19,193.5289696,328.0
16176,2024-06-04,20,190.1696768,313.0
16177,2024-06-04,21,165.2181161,408.0
16178,2024-06-04,22,182.9180308,411.0
16179,2024-06-04,23,221.7291427,219.0
16180,2024-06-05,0,152.153771,347.0
16181,2024-06-05,1,167.7095081,320.0
16182,2024-06-05,2,165.7002649,290.0
16183,2024-06-05,3,196.7019323,171.0
16184,2024-06-05,4,199.2191014,162.0
16185,2024-06-05,5,167.3832356,78.0
16186,2024-06-05,6,300.3489893,119.0
16187,2024-06-05,7,269.5189077,69.0
16188,2024-06-05,8,239.8547747,85.0
16189,2024-06-05,9,243.6505708,82.0
16190,2024-06-05,10,298.5304727,101.0
16191,2024-06-05,11,148.969841,142.0
16192,2024-06-05,12,192.0547934,263.0
16193,2024-06-05,13,148.2468125,401.0
16194,2024-06-05,14,181.6149112,359.0
16195,2024-06-05,15,166.5795944,348.0
16196,2024-06-05,16,199.6854508,310.0
16197,2024-06-05,17,150.5562392,343.0
16198,2024-06-05,18,167.8192439,323.0
16199,2024-06-05,19,203.5494426,324.0
16200,2024-06-05,20,211.7621695,380.0
16201,2024-06-05,21,136.2406092,389.0
16202,2024-06-05,22,185.4300747,316.0
16203,2024-06-05,23,218.8251715,230.0
16204,2024-06-06,0,162.7562614,310.0
16205,2024-06-06,1,171.8572213,352.0
16206,2024-06-06,2,175.9223987,391.0
16207,2024-06-06,3,201.0699959,290.0
16208,2024-06-06,4,178.9994227,230.0
16209,2024-06-06,5,164.145638,110.0
16210,2024-06-06,6,297.6606977,108.0
16211,2024-06-06,7,256.4934475,112.0
16212,2024-06-06,8,296.6879021,85.0
16213,2024-06-06,9,268.3726126,71.0
16214,2024-06-06,10,211.3102327,104.0
16215,2024-06-06,11,150.9878929,159.0
16216,2024-06-06,12,203.9182834,299.0
16217,2024-06-06,13,182.4543407,350.0
16218,2024-06-06,14,184.5643367,288.0
16219,2024-06-06,15,165.6861851,308.0
16220,2024-06-06,16,169.4982908,309.0
16221,2024-06-06,17,147.5667071,316.0
16222,2024-06-06,18,140.1980009,486.0
16223,2024-06-06,19,164.8004906,371.0
16224,2024-06-06,20,206.1162462,292.0
16225,2024-06-06,21,178.6129459,299.0
16226,2024-06-06,22,236.1345765,219.0
16227,2024-06-06,23,191.0871531,266.0
16228,2024-06-07,0,160.0409155,354.0
16229,2024-06-07,1,146.1012314,375.0
16230,2024-06-07,2,221.2752063,245.0
16231,2024-06-07,3,219.0011419,184.0
16232,2024-06-07,4,218.989779,258.0
16233,2024-06-07,5,199.8042009,76.0
16234,2024-06-07,6,290.3498391,103.0
16235,2024-06-07,7,219.4740206,100.0
16236,2024-06-07,8,255.8247053,78.0
16237,2024-06-07,9,228.0796052,83.0
16238,2024-06-07,10,232.3398144,110.0
16239,2024-06-07,11,184.2655513,162.0
16240,2024-06-07,12,175.5019657,297.0
16241,2024-06-07,13,212.7283611,296.0
16242,2024-06-07,14,208.8841571,324.0
16243,2024-06-07,15,177.8112199,281.0
16244,2024-06-07,16,208.9265525,270.0
16245,2024-06-07,17,206.9986225,227.0
16246,2024-06-07,18,210.6470577,328.0
16247,2024-06-07,19,191.4794028,280.0
16248,2024-06-07,20,163.0096666,389.0
16249,2024-06-07,21,201.5057463,292.0
16250,2024-06-07,22,145.1714711,283.0
16251,2024-06-07,23,174.2041081,208.0
16252,2024-06-08,0,176.7344587,245.0
16253,2024-06-08,1,188.3602224,275.0
16254,2024-06-08,2,168.0951175,320.0
16255,2024-06-08,3,149.7992801,288.0
16256,2024-06-08,4,142.8452932,280.0
16257,2024-06-08,5,212.7391904,92.0
16258,2024-06-08,6,273.9925201,110.0
16259,2024-06-08,7,258.1746168,62.0
16260,2024-06-08,8,244.1069169,112.0
16261,2024-06-08,9,245.2363743,68.0
16262,2024-06-08,10,339.983763,78.0
16263,2024-06-08,11,212.4543106,117.0
16264,2024-06-08,12,176.4753565,163.0
16265,2024-06-08,13,203.0131107,185.0
16266,2024-06-08,14,235.7694848,225.0
16267,2024-06-08,15,187.5414129,243.0
16268,2024-06-08,16,195.7571335,293.0
16269,2024-06-08,17,208.6012324,173.0
16270,2024-06-08,18,181.2365742,293.0
16271,2024-06-08,19,272.4976943,319.0
16272,2024-06-08,20,193.2886153,302.0
16273,2024-06-08,21,161.3292248,222.0
16274,2024-06-08,22,212.4562448,243.0
16275,2024-06-08,23,184.496571,187.0
16276,2024-06-09,0,193.8076733,208.0
16277,2024-06-09,1,162.4417892,233.0
16278,2024-06-09,2,232.0110942,241.0
16279,2024-06-09,3,228.3024093,230.0
16280,2024-06-09,4,178.2386168,187.0
16281,2024-06-09,5,153.5313708,119.0
16282,2024-06-09,6,261.4752631,119.0
16283,2024-06-09,7,242.6881575,58.0
16284,2024-06-09,8,215.92294,92.0
16285,2024-06-09,9,220.0941571,69.0
16286,2024-06-09,10,231.207989,93.0
16287,2024-06-09,11,245.2495571,100.0
16288,2024-06-09,12,196.8852208,174.0
16289,2024-06-09,13,193.6250775,175.0
16290,2024-06-09,14,237.2035353,167.0
16291,2024-06-09,15,178.7406261,278.0
16292,2024-06-09,16,179.8958964,185.0
16293,2024-06-09,17,170.0344156,254.0
16294,2024-06-09,18,188.9529726,237.0
16295,2024-06-09,19,177.5377697,221.0
16296,2024-06-09,20,172.3832187,247.0
16297,2024-06-09,21,194.1504145,241.0
16298,2024-06-09,22,182.3515191,281.0
16299,2024-06-09,23,189.4405189,252.0
16300,2024-06-10,0,180.0391679,227.0
16301,2024-06-10,1,178.5371551,357.0
16302,2024-06-10,2,142.2018034,274.0
16303,2024-06-10,3,260.92122,201.0
16304,2024-06-10,4,230.728168,174.0
16305,2024-06-10,5,193.7702999,91.0
16306,2024-06-10,6,267.6684145,93.0
16307,2024-06-10,7,298.5044518,60.0
16308,2024-06-10,8,197.7779554,61.0
16309,2024-06-10,9,205.4804333,97.0
16310,2024-06-10,10,283.6000646,92.0
16311,2024-06-10,11,234.4011738,146.0
16312,2024-06-10,12,199.8485923,277.0
16313,2024-06-10,13,132.9671287,326.0
16314,2024-06-10,14,200.1609591,362.0
16315,2024-06-10,15,190.7075184,272.0
16316,2024-06-10,16,176.7500718,315.0
16317,2024-06-10,17,173.2028046,307.0
16318,2024-06-10,18,181.4532595,272.0
16319,2024-06-10,19,190.1519318,379.0
16320,2024-06-10,20,179.4423885,344.0
16321,2024-06-10,21,156.5384638,331.0
16322,2024-06-10,22,160.5123381,317.0
16323,2024-06-10,23,117.2210749,311.0
16324,2024-06-11,0,172.8403764,332.0
16325,2024-06-11,1,179.3104652,296.0
16326,2024-06-11,2,176.8570848,269.0
16327,2024-06-11,3,203.2316416,203.0
16328,2024-06-11,4,181.9436716,156.0
16329,2024-06-11,5,263.6933526,98.0
16330,2024-06-11,6,398.4858646,151.0
16331,2024-06-11,7,258.119664,88.0
16332,2024-06-11,8,293.7219969,83.0
16333,2024-06-11,9,228.4489067,89.0
16334,2024-06-11,10,242.6090424,109.0
16335,2024-06-11,11,195.0986446,149.0
16336,2024-06-11,12,204.9205639,265.0
16337,2024-06-11,13,265.2296914,318.0
16338,2024-06-11,14,174.1991489,343.0
16339,2024-06-11,15,171.8916573,331.0
16340,2024-06-11,16,169.9562222,336.0
16341,2024-06-11,17,164.3572195,345.0
16342,2024-06-11,18,185.6485243,377.0
16343,2024-06-11,19,188.3461822,310.0
16344,2024-06-11,20,173.9587185,312.0
16345,2024-06-11,21,152.8693044,383.0
16346,2024-06-11,22,174.0842275,378.0
16347,2024-06-11,23,146.2472925,427.0
16348,2024-06-12,0,256.1410759,415.0
16349,2024-06-12,1,205.4057898,472.0
16350,2024-06-12,2,162.7336764,382.0
16351,2024-06-12,3,211.7392505,226.0
16352,2024-06-12,4,190.8408544,202.0
16353,2024-06-12,5,157.2611126,119.0
16354,2024-06-12,6,293.9486377,111.0
16355,2024-06-12,7,270.1755964,82.0
16356,2024-06-12,8,284.2526517,73.0
16357,2024-06-12,9,299.8206858,93.0
16358,2024-06-12,10,268.4904852,153.0
16359,2024-06-12,11,205.2681253,141.0
16360,2024-06-12,12,180.2320709,278.0
16361,2024-06-12,13,179.9607207,376.0
16362,2024-06-12,14,171.9332559,399.0
16363,2024-06-12,15,129.4168983,305.0
16364,2024-06-12,16,190.9902243,355.0
16365,2024-06-12,17,151.6866131,280.0
16366,2024-06-12,18,178.7338094,291.0
16367,2024-06-12,19,171.4434106,370.0
16368,2024-06-12,20,180.6216836,309.0
16369,2024-06-12,21,211.8530242,303.0
16370,2024-06-12,22,186.386587,333.0
16371,2024-06-12,23,208.0291833,232.0
16372,2024-06-13,0,176.0831128,275.0
16373,2024-06-13,1,191.7645101,295.0
16374,2024-06-13,2,185.2198321,289.0
16375,2024-06-13,3,207.6246978,256.0
16376,2024-06-13,4,184.2340833,177.0
16377,2024-06-13,5,197.2483112,64.0
16378,2024-06-13,6,247.4177835,123.0
16379,2024-06-13,7,237.9050981,84.0
16380,2024-06-13,8,213.5891918,112.0
16381,2024-06-13,9,228.2834403,62.0
16382,2024-06-13,10,267.9097809,94.0
16383,2024-06-13,11,212.8935156,163.0
16384,2024-06-13,12,159.6521009,320.0
16385,2024-06-13,13,145.1928018,321.0
16386,2024-06-13,14,150.2126333,355.0
16387,2024-06-13,15,160.9670751,326.0
16388,2024-06-13,16,216.0910051,293.0
16389,2024-06-13,17,184.4101053,255.0
16390,2024-06-13,18,184.6479558,628.0
16391,2024-06-13,19,170.3578191,372.0
16392,2024-06-13,20,176.0971077,278.0
16393,2024-06-13,21,189.8050101,309.0
16394,2024-06-13,22,194.8812727,409.0
16395,2024-06-13,23,154.9584942,346.0
16396,2024-06-14,0,165.7405978,297.0
16397,2024-06-14,1,164.5148,406.0
16398,2024-06-14,2,149.9177702,438.0
16399,2024-06-14,3,231.8020801,253.0
16400,2024-06-14,4,230.2915275,188.0
16401,2024-06-14,5,182.4279388,147.0
16402,2024-06-14,6,299.2836595,101.0
16403,2024-06-14,7,255.4733029,110.0
16404,2024-06-14,8,298.9788129,66.0
16405,2024-06-14,9,257.5584223,86.0
16406,2024-06-14,10,246.8242016,126.0
16407,2024-06-14,11,206.5888544,194.0
16408,2024-06-14,12,217.3201807,294.0
16409,2024-06-14,13,218.1577626,313.0
16410,2024-06-14,14,283.7508264,337.0
16411,2024-06-14,15,216.9319747,474.0
16412,2024-06-14,16,261.257389,387.0
16413,2024-06-14,17,166.7050539,352.0
16414,2024-06-14,18,199.6224843,344.0
16415,2024-06-14,19,130.2007812,514.0
16416,2024-06-14,20,190.493513,327.0
16417,2024-06-14,21,170.3927834,339.0
16418,2024-06-14,22,179.1613275,267.0
16419,2024-06-14,23,184.5862226,292.0
16420,2024-06-15,0,177.5565846,296.0
16421,2024-06-15,1,208.1368116,354.0
16422,2024-06-15,2,207.0877366,226.0
16423,2024-06-15,3,183.6730997,257.0
16424,2024-06-15,4,206.6893667,214.0
16425,2024-06-15,5,197.8540363,134.0
16426,2024-06-15,6,274.1197585,113.0
16427,2024-06-15,7,240.3484081,101.0
16428,2024-06-15,8,251.984898,79.0
16429,2024-06-15,9,262.8302437,80.0
16430,2024-06-15,10,258.0694248,98.0
16431,2024-06-15,11,208.4344747,104.0
16432,2024-06-15,12,214.3803309,193.0
16433,2024-06-15,13,244.9997595,190.0
16434,2024-06-15,14,204.3519762,239.0
16435,2024-06-15,15,171.06522,312.0
16436,2024-06-15,16,201.8470762,214.0
16437,2024-06-15,17,160.6375729,213.0
16438,2024-06-15,18,271.5033667,230.0
16439,2024-06-15,19,172.4154883,319.0
16440,2024-06-15,20,186.7470328,270.0
16441,2024-06-15,21,164.7269997,303.0
16442,2024-06-15,22,199.4765573,295.0
16443,2024-06-15,23,183.045886,293.0
16444,2024-06-16,0,146.1376085,264.0
16445,2024-06-16,1,186.8181617,234.0
16446,2024-06-16,2,188.8435112,248.0
16447,2024-06-16,3,201.7978175,257.0
16448,2024-06-16,4,213.1883056,180.0
16449,2024-06-16,5,168.7847024,146.0
16450,2024-06-16,6,286.2682125,165.0
16451,2024-06-16,7,281.3124195,107.0
16452,2024-06-16,8,314.0594805,77.0
16453,2024-06-16,9,257.0526775,78.0
16454,2024-06-16,10,246.6237986,114.0
16455,2024-06-16,11,200.559455,129.0
16456,2024-06-16,12,231.6864705,145.0
16457,2024-06-16,13,217.4731122,195.0
16458,2024-06-16,14,200.1317668,251.0
16459,2024-06-16,15,169.4883738,303.0
16460,2024-06-16,16,148.8053156,416.0
16461,2024-06-16,17,204.1502926,186.0
16462,2024-06-16,18,187.4296241,305.0
16463,2024-06-16,19,205.6549755,263.0
16464,2024-06-16,20,244.6522049,218.0
16465,2024-06-16,21,186.8978376,314.0
16466,2024-06-16,22,155.4082895,278.0
16467,2024-06-16,23,163.1263007,270.0
16468,2024-06-17,0,194.2617197,205.0
16469,2024-06-17,1,170.1579279,285.0
16470,2024-06-17,2,178.118581,223.0
16471,2024-06-17,3,200.8432625,222.0
16472,2024-06-17,4,168.5975394,177.0
16473,2024-06-17,5,125.129442,114.0
16474,2024-06-17,6,281.2032302,114.0
16475,2024-06-17,7,276.4137251,80.0
16476,2024-06-17,8,186.419678,99.0
16477,2024-06-17,9,265.7530585,86.0
16478,2024-06-17,10,233.6041475,151.0
16479,2024-06-17,11,170.1340262,172.0
16480,2024-06-17,12,167.0227923,219.0
16481,2024-06-17,13,168.0750247,311.0
16482,2024-06-17,14,168.3771047,340.0
16483,2024-06-17,15,181.6223395,273.0
16484,2024-06-17,16,163.6773004,307.0
16485,2024-06-17,17,156.1494832,296.0
16486,2024-06-17,18,146.1029477,355.0
16487,2024-06-17,19,182.6362719,337.0
16488,2024-06-17,20,181.4421744,316.0
16489,2024-06-17,21,193.1984119,375.0
16490,2024-06-17,22,126.4355515,468.0
16491,2024-06-17,23,203.3642205,274.0
16492,2024-06-18,0,157.2532061,315.0
16493,2024-06-18,1,220.7026122,262.0
16494,2024-06-18,2,136.0998404,264.0
16495,2024-06-18,3,202.9675493,233.0
16496,2024-06-18,4,172.0114176,261.0
16497,2024-06-18,5,149.7046354,115.0
16498,2024-06-18,6,224.8797867,158.0
16499,2024-06-18,7,211.254118,111.0
16500,2024-06-18,8,227.391001,83.0
16501,2024-06-18,9,233.0888956,95.0
16502,2024-06-18,10,257.7416625,136.0
16503,2024-06-18,11,146.2137973,158.0
16504,2024-06-18,12,161.3129731,304.0
16505,2024-06-18,13,168.2879895,313.0
16506,2024-06-18,14,231.4153535,428.0
16507,2024-06-18,15,172.5058291,317.0
16508,2024-06-18,16,190.6189989,326.0
16509,2024-06-18,17,178.4259553,326.0
16510,2024-06-18,18,216.960929,316.0
16511,2024-06-18,19,177.1567358,417.0
16512,2024-06-18,20,175.2303502,323.0
16513,2024-06-18,21,195.3751456,311.0
16514,2024-06-18,22,165.4158892,325.0
16515,2024-06-18,23,168.8664339,267.0
16516,2024-06-19,0,195.91062,368.0
16517,2024-06-19,1,170.7849523,379.0
16518,2024-06-19,2,166.9216461,291.0
16519,2024-06-19,3,180.999047,211.0
16520,2024-06-19,4,158.3611244,240.0
16521,2024-06-19,5,136.0065158,157.0
16522,2024-06-19,6,305.6026568,122.0
16523,2024-06-19,7,357.4140046,65.0
16524,2024-06-19,8,210.7638493,102.0
16525,2024-06-19,9,204.9048659,117.0
16526,2024-06-19,10,253.8819155,104.0
16527,2024-06-19,11,160.3779213,140.0
16528,2024-06-19,12,160.4034821,211.0
16529,2024-06-19,13,160.9244667,322.0
16530,2024-06-19,14,155.4990182,393.0
16531,2024-06-19,15,160.6793216,353.0
16532,2024-06-19,16,157.6212705,336.0
16533,2024-06-19,17,145.5004186,313.0
16534,2024-06-19,18,173.5158731,411.0
16535,2024-06-19,19,149.4280268,509.0
16536,2024-06-19,20,158.2569123,546.0
16537,2024-06-19,21,160.3778115,359.0
16538,2024-06-19,22,157.4075373,324.0
16539,2024-06-19,23,161.0781143,340.0
16540,2024-06-20,0,198.5133027,243.0
16541,2024-06-20,1,185.3054836,366.0
16542,2024-06-20,2,172.7461332,297.0
16543,2024-06-20,3,186.9443206,298.0
16544,2024-06-20,4,168.3374694,280.0
16545,2024-06-20,5,83.16993684,182.0
16546,2024-06-20,6,221.1562639,144.0
16547,2024-06-20,7,252.6399485,86.0
16548,2024-06-20,8,241.0717361,82.0
16549,2024-06-20,9,193.4284699,86.0
16550,2024-06-20,10,244.4645554,101.0
16551,2024-06-20,11,219.5470614,163.0
16552,2024-06-20,12,209.0425944,252.0
16553,2024-06-20,13,159.660949,298.0
16554,2024-06-20,14,179.3595714,354.0
16555,2024-06-20,15,171.0538124,312.0
16556,2024-06-20,16,170.1429512,300.0
16557,2024-06-20,17,148.387009,344.0
16558,2024-06-20,18,156.7430207,573.0
16559,2024-06-20,19,185.3160162,440.0
16560,2024-06-20,20,172.362579,381.0
16561,2024-06-20,21,148.3456101,570.0
16562,2024-06-20,22,221.6269199,510.0
16563,2024-06-20,23,286.5882993,366.0
16564,2024-06-21,0,173.3607629,421.0
16565,2024-06-21,1,156.0654413,446.0
16566,2024-06-21,2,164.7254942,323.0
16567,2024-06-21,3,169.3715074,259.0
16568,2024-06-21,4,201.6597879,157.0
16569,2024-06-21,5,128.3559415,172.0
16570,2024-06-21,6,258.9102869,122.0
16571,2024-06-21,7,228.4883341,80.0
16572,2024-06-21,8,241.0355439,72.0
16573,2024-06-21,9,242.9557692,78.0
16574,2024-06-21,10,318.6170829,109.0
16575,2024-06-21,11,224.1324643,131.0
16576,2024-06-21,12,201.8475625,280.0
16577,2024-06-21,13,185.2070951,312.0
16578,2024-06-21,14,156.9273652,368.0
16579,2024-06-21,15,175.351819,353.0
16580,2024-06-21,16,157.5685584,289.0
16581,2024-06-21,17,145.992482,309.0
16582,2024-06-21,18,210.497044,354.0
16583,2024-06-21,19,147.7791772,395.0
16584,2024-06-21,20,159.4284179,381.0
16585,2024-06-21,21,188.4868545,349.0
16586,2024-06-21,22,154.7315458,346.0
16587,2024-06-21,23,160.3141059,297.0
16588,2024-06-22,0,140.1494975,338.0
16589,2024-06-22,1,187.2933773,289.0
16590,2024-06-22,2,186.9748746,307.0
16591,2024-06-22,3,209.5951367,365.0
16592,2024-06-22,4,187.121052,236.0
16593,2024-06-22,5,167.8305869,144.0
16594,2024-06-22,6,266.4027839,134.0
16595,2024-06-22,7,224.1237942,70.0
16596,2024-06-22,8,237.6328681,99.0
16597,2024-06-22,9,219.6372153,104.0
16598,2024-06-22,10,244.4233326,117.0
16599,2024-06-22,11,191.6813,107.0
16600,2024-06-22,12,169.1014002,192.0
16601,2024-06-22,13,241.5621033,234.0
16602,2024-06-22,14,209.7807896,328.0
16603,2024-06-22,15,183.9070106,243.0
16604,2024-06-22,16,174.0953639,378.0
16605,2024-06-22,17,197.9725662,400.0
16606,2024-06-22,18,171.2331109,399.0
16607,2024-06-22,19,181.4806293,306.0
16608,2024-06-22,20,183.9527348,335.0
16609,2024-06-22,21,203.9705064,289.0
16610,2024-06-22,22,192.4437631,254.0
16611,2024-06-22,23,182.1623672,206.0
16612,2024-06-23,0,158.6388066,316.0
16613,2024-06-23,1,187.2525271,358.0
16614,2024-06-23,2,215.1841452,352.0
16615,2024-06-23,3,209.7608022,263.0
16616,2024-06-23,4,206.8554774,245.0
16617,2024-06-23,5,148.6154834,172.0
16618,2024-06-23,6,298.5692539,153.0
16619,2024-06-23,7,256.9096295,62.0
16620,2024-06-23,8,245.7641513,91.0
16621,2024-06-23,9,302.1190819,50.0
16622,2024-06-23,10,325.2128936,87.0
16623,2024-06-23,11,222.1054216,91.0
16624,2024-06-23,12,158.8982457,150.0
16625,2024-06-23,13,214.7044254,177.0
16626,2024-06-23,14,208.9405465,243.0
16627,2024-06-23,15,173.9365591,243.0
16628,2024-06-23,16,200.8846822,283.0
16629,2024-06-23,17,162.174414,266.0
16630,2024-06-23,18,192.1574614,367.0
16631,2024-06-23,19,192.3373648,245.0
16632,2024-06-23,20,203.394858,220.0
16633,2024-06-23,21,211.4867396,300.0
16634,2024-06-23,22,211.862267,275.0
16635,2024-06-23,23,212.6850134,324.0
16636,2024-06-24,0,200.2842311,343.0
16637,2024-06-24,1,182.3128889,370.0
16638,2024-06-24,2,175.8637616,378.0
16639,2024-06-24,3,160.5888207,263.0
16640,2024-06-24,4,231.0371287,229.0
16641,2024-06-24,5,114.8944989,192.0
16642,2024-06-24,6,283.0934274,116.0
16643,2024-06-24,7,298.0647642,63.0
16644,2024-06-24,8,229.6639104,92.0
16645,2024-06-24,9,245.7508801,71.0
16646,2024-06-24,10,260.5358613,117.0
16647,2024-06-24,11,143.5983121,159.0
16648,2024-06-24,12,177.7278429,247.0
16649,2024-06-24,13,187.5135035,404.0
16650,2024-06-24,14,179.4857819,355.0
16651,2024-06-24,15,163.8048892,317.0
16652,2024-06-24,16,187.5997557,349.0
16653,2024-06-24,17,161.5789057,312.0
16654,2024-06-24,18,159.1717452,376.0
16655,2024-06-24,19,138.561316,481.0
16656,2024-06-24,20,192.9411963,355.0
16657,2024-06-24,21,182.1773366,353.0
16658,2024-06-24,22,212.0408411,414.0
16659,2024-06-24,23,158.3075823,346.0
16660,2024-06-25,0,174.2488125,384.0
16661,2024-06-25,1,146.320462,468.0
16662,2024-06-25,2,160.949819,405.0
16663,2024-06-25,3,217.7977174,238.0
16664,2024-06-25,4,194.9143266,202.0
16665,2024-06-25,5,148.8458562,157.0
16666,2024-06-25,6,286.0632171,104.0
16667,2024-06-25,7,237.4062424,79.0
16668,2024-06-25,8,197.3565341,81.0
16669,2024-06-25,9,286.7978927,87.0
16670,2024-06-25,10,244.01315,147.0
16671,2024-06-25,11,180.3849594,160.0
16672,2024-06-25,12,168.9989084,235.0
16673,2024-06-25,13,168.819007,299.0
16674,2024-06-25,14,197.6209962,383.0
16675,2024-06-25,15,178.5483738,319.0
16676,2024-06-25,16,166.0115347,331.0
16677,2024-06-25,17,149.2917458,342.0
16678,2024-06-25,18,174.1574015,311.0
16679,2024-06-25,19,200.2710549,386.0
16680,2024-06-25,20,162.5863501,338.0
16681,2024-06-25,21,181.4442653,455.0
16682,2024-06-25,22,134.617372,389.0
16683,2024-06-25,23,181.2792778,257.0
16684,2024-06-26,0,199.3205061,345.0
16685,2024-06-26,1,178.2218066,411.0
16686,2024-06-26,2,166.6611548,290.0
16687,2024-06-26,3,172.6494256,244.0
16688,2024-06-26,4,207.5068735,240.0
16689,2024-06-26,5,103.9671045,122.0
16690,2024-06-26,6,225.1277493,137.0
16691,2024-06-26,7,242.7457575,107.0
16692,2024-06-26,8,195.7171589,124.0
16693,2024-06-26,9,276.5364701,93.0
16694,2024-06-26,10,232.9509415,106.0
16695,2024-06-26,11,181.8492905,189.0
16696,2024-06-26,12,158.1974141,264.0
16697,2024-06-26,13,211.0952743,283.0
16698,2024-06-26,14,170.6717823,389.0
16699,2024-06-26,15,135.856448,349.0
16700,2024-06-26,16,149.3451574,496.0
16701,2024-06-26,17,198.2527264,556.0
16702,2024-06-26,18,156.6323265,377.0
16703,2024-06-26,19,137.2387716,404.0
16704,2024-06-26,20,162.4016242,350.0
16705,2024-06-26,21,168.5446966,436.0
16706,2024-06-26,22,202.5408786,391.0
16707,2024-06-26,23,169.2586653,390.0
16708,2024-06-27,0,164.3228861,333.0
16709,2024-06-27,1,140.9818986,356.0
16710,2024-06-27,2,143.3531857,323.0
16711,2024-06-27,3,198.6696573,255.0
16712,2024-06-27,4,155.8294384,191.0
16713,2024-06-27,5,141.990969,132.0
16714,2024-06-27,6,248.9597578,113.0
16715,2024-06-27,7,278.4660517,64.0
16716,2024-06-27,8,256.8480207,76.0
16717,2024-06-27,9,264.2260956,67.0
16718,2024-06-27,10,179.7202718,149.0
16719,2024-06-27,11,162.3802533,220.0
16720,2024-06-27,12,168.1032904,306.0
16721,2024-06-27,13,177.3115543,369.0
16722,2024-06-27,14,151.6525085,480.0
16723,2024-06-27,15,147.6415086,319.0
16724,2024-06-27,16,202.7585631,357.0
16725,2024-06-27,17,183.1241596,296.0
16726,2024-06-27,18,162.1998441,553.0
16727,2024-06-27,19,210.3940552,326.0
16728,2024-06-27,20,156.4662592,300.0
16729,2024-06-27,21,174.7181002,436.0
16730,2024-06-27,22,156.2383452,429.0
16731,2024-06-27,23,175.6330486,226.0
16732,2024-06-28,0,173.5565719,345.0
16733,2024-06-28,1,173.1152497,428.0
16734,2024-06-28,2,155.7283788,447.0
16735,2024-06-28,3,189.6164722,269.0
16736,2024-06-28,4,176.6624102,220.0
16737,2024-06-28,5,126.3694981,124.0
16738,2024-06-28,6,206.4741974,136.0
16739,2024-06-28,7,193.4055634,117.0
16740,2024-06-28,8,185.7459141,90.0
16741,2024-06-28,9,190.7203453,77.0
16742,2024-06-28,10,239.2758414,125.0
16743,2024-06-28,11,155.2236163,151.0
16744,2024-06-28,12,169.3239707,296.0
16745,2024-06-28,13,161.5766235,328.0
16746,2024-06-28,14,201.9595878,302.0
16747,2024-06-28,15,150.099885,297.0
16748,2024-06-28,16,181.0791242,266.0
16749,2024-06-28,17,140.1918935,300.0
16750,2024-06-28,18,181.2836976,398.0
16751,2024-06-28,19,250.7781372,357.0
16752,2024-06-28,20,201.9538237,298.0
16753,2024-06-28,21,151.0749255,382.0
16754,2024-06-28,22,219.3546479,308.0
16755,2024-06-28,23,193.4442946,182.0
16756,2024-06-29,0,160.595108,287.0
16757,2024-06-29,1,161.3455072,422.0
16758,2024-06-29,2,156.4601088,278.0
16759,2024-06-29,3,179.9808104,299.0
16760,2024-06-29,4,193.9787209,241.0
16761,2024-06-29,5,125.6957829,145.0
16762,2024-06-29,6,260.2547645,151.0
16763,2024-06-29,7,318.0356799,77.0
16764,2024-06-29,8,313.1849638,67.0
16765,2024-06-29,9,201.7972808,79.0
16766,2024-06-29,10,269.0512248,58.0
16767,2024-06-29,11,205.4452568,109.0
16768,2024-06-29,12,188.8196372,141.0
16769,2024-06-29,13,181.6182382,244.0
16770,2024-06-29,14,231.73143,276.0
16771,2024-06-29,15,163.2967727,257.0
16772,2024-06-29,16,203.7165651,287.0
16773,2024-06-29,17,193.6155649,214.0
16774,2024-06-29,18,191.8505896,302.0
16775,2024-06-29,19,220.8892827,287.0
16776,2024-06-29,20,207.5223188,224.0
16777,2024-06-29,21,229.5084366,321.0
16778,2024-06-29,22,167.3011592,281.0
16779,2024-06-29,23,154.0595995,246.0
16780,2024-06-30,0,168.6151885,209.0
16781,2024-06-30,1,200.0291819,216.0
16782,2024-06-30,2,226.8550526,388.0
16783,2024-06-30,3,170.8815447,258.0
16784,2024-06-30,4,210.4219827,209.0
16785,2024-06-30,5,104.5169975,203.0
16786,2024-06-30,6,341.0347788,135.0
16787,2024-06-30,7,275.8805246,90.0
16788,2024-06-30,8,277.855987,71.0
16789,2024-06-30,9,299.9587767,67.0
16790,2024-06-30,10,210.7870212,106.0
16791,2024-06-30,11,187.1273158,107.0
16792,2024-06-30,12,218.776554,180.0
16793,2024-06-30,13,196.6576221,207.0
16794,2024-06-30,14,165.2901703,273.0
16795,2024-06-30,15,156.1576494,281.0
16796,2024-06-30,16,183.7778993,348.0
16797,2024-06-30,17,164.9646536,300.0
16798,2024-06-30,18,176.0310085,344.0
16799,2024-06-30,19,182.206238,246.0
16800,2024-06-30,20,198.0737545,291.0
16801,2024-06-30,21,186.3921151,282.0
16802,2024-06-30,22,174.2320293,279.0
16803,2024-06-30,23,169.1767448,258.0
16804,2024-07-01,0,152.8415668,248.0
16805,2024-07-01,1,164.0270298,289.0
16806,2024-07-01,2,191.5377515,292.0
16807,2024-07-01,3,161.1346182,253.0
16808,2024-07-01,4,134.1297893,221.0
16809,2024-07-01,5,213.158882,149.0
16810,2024-07-01,6,295.4629458,117.0
16811,2024-07-01,7,267.5543121,74.0
16812,2024-07-01,8,292.0076086,84.0
16813,2024-07-01,9,191.002658,86.0
16814,2024-07-01,10,226.4820558,95.0
16815,2024-07-01,11,199.7496457,121.0
16816,2024-07-01,12,176.6784518,243.0
16817,2024-07-01,13,157.0184018,338.0
16818,2024-07-01,14,243.3241837,288.0
16819,2024-07-01,15,156.2524577,381.0
16820,2024-07-01,16,224.1770493,272.0
16821,2024-07-01,17,160.1862484,275.0
16822,2024-07-01,18,193.7157468,275.0
16823,2024-07-01,19,148.85971,321.0
16824,2024-07-01,20,160.06039,451.0
16825,2024-07-01,21,155.1065373,321.0
16826,2024-07-01,22,137.6472669,348.0
16827,2024-07-01,23,140.9295716,263.0
16828,2024-07-02,0,168.355834,296.0
16829,2024-07-02,1,172.2026426,351.0
16830,2024-07-02,2,175.7329145,244.0
16831,2024-07-02,3,172.8977517,169.0
16832,2024-07-02,4,176.0198809,126.0
16833,2024-07-02,5,108.7613642,93.0
16834,2024-07-02,6,303.4750013,69.0
16835,2024-07-02,7,257.0494887,68.0
16836,2024-07-02,8,244.6788285,74.0
16837,2024-07-02,9,219.4896194,74.0
16838,2024-07-02,10,193.4121317,112.0
16839,2024-07-02,11,163.7463008,134.0
16840,2024-07-02,12,167.2415955,235.0
16841,2024-07-02,13,149.8439293,239.0
16842,2024-07-02,14,171.8451919,369.0
16843,2024-07-02,15,155.1514336,229.0
16844,2024-07-02,16,167.2285279,246.0
16845,2024-07-02,17,151.8861666,251.0
16846,2024-07-02,18,170.0591604,330.0
16847,2024-07-02,19,232.537687,391.0
16848,2024-07-02,20,173.02879,289.0
16849,2024-07-02,21,190.9382694,312.0
16850,2024-07-02,22,197.3153395,248.0
16851,2024-07-02,23,163.6041351,215.0
16852,2024-07-03,0,160.9338327,295.0
16853,2024-07-03,1,165.7091721,213.0
16854,2024-07-03,2,174.3801233,198.0
16855,2024-07-03,3,200.1032925,230.0
16856,2024-07-03,4,184.9956092,133.0
16857,2024-07-03,5,164.9518402,44.0
16858,2024-07-03,6,333.3820117,94.0
16859,2024-07-03,7,181.1583011,60.0
16860,2024-07-03,8,190.5888462,73.0
16861,2024-07-03,9,175.571764,60.0
16862,2024-07-03,10,213.6377533,83.0
16863,2024-07-03,11,209.5969227,91.0
16864,2024-07-03,12,224.6036172,213.0
16865,2024-07-03,13,151.0730244,276.0
16866,2024-07-03,14,204.2949022,324.0
16867,2024-07-03,15,193.6032131,279.0
16868,2024-07-03,16,199.2543309,241.0
16869,2024-07-03,17,161.3009617,202.0
16870,2024-07-03,18,156.0601265,339.0
16871,2024-07-03,19,151.9193433,292.0
16872,2024-07-03,20,234.3946999,355.0
16873,2024-07-03,21,171.6035078,316.0
16874,2024-07-03,22,139.2181815,262.0
16875,2024-07-03,23,174.4116894,215.0
16876,2024-07-04,0,184.9535658,209.0
16877,2024-07-04,1,177.4105118,237.0
16878,2024-07-04,2,197.7946638,259.0
16879,2024-07-04,3,204.1097044,179.0
16880,2024-07-04,4,190.1280358,151.0
16881,2024-07-04,5,219.6240114,150.0
16882,2024-07-04,6,313.7304777,99.0
16883,2024-07-04,7,310.4835457,113.0
16884,2024-07-04,8,286.4636628,61.0
16885,2024-07-04,9,307.3914157,42.0
16886,2024-07-04,10,230.7275299,101.0
16887,2024-07-04,11,141.1641,109.0
16888,2024-07-04,12,176.5883034,177.0
16889,2024-07-04,13,200.7761655,174.0
16890,2024-07-04,14,189.0607612,220.0
16891,2024-07-04,15,155.2290783,312.0
16892,2024-07-04,16,169.7932058,244.0
16893,2024-07-04,17,180.7840843,189.0
16894,2024-07-04,18,141.9759986,420.0
16895,2024-07-04,19,213.7906678,186.0
16896,2024-07-04,20,198.959494,203.0
16897,2024-07-04,21,176.7113166,225.0
16898,2024-07-04,22,201.4258294,179.0
16899,2024-07-04,23,166.1481987,229.0
16900,2024-07-05,0,187.5203696,155.0
16901,2024-07-05,1,176.1163001,160.0
16902,2024-07-05,2,199.5813303,167.0
16903,2024-07-05,3,215.3801792,182.0
16904,2024-07-05,4,213.5520787,127.0
16905,2024-07-05,5,125.0182724,143.0
16906,2024-07-05,6,367.7380242,77.0
16907,2024-07-05,7,267.28365,55.0
16908,2024-07-05,8,274.742401,52.0
16909,2024-07-05,9,239.0357966,39.0
16910,2024-07-05,10,300.0506709,74.0
16911,2024-07-05,11,159.6006137,59.0
16912,2024-07-05,12,192.008673,192.0
16913,2024-07-05,13,246.6908198,246.0
16914,2024-07-05,14,204.4448019,242.0
16915,2024-07-05,15,176.7183536,291.0
16916,2024-07-05,16,191.2225913,359.0
16917,2024-07-05,17,177.5429659,300.0
16918,2024-07-05,18,173.7643728,346.0
16919,2024-07-05,19,186.3098567,377.0
16920,2024-07-05,20,171.1879831,250.0
16921,2024-07-05,21,183.015053,356.0
16922,2024-07-05,22,214.9972109,274.0
16923,2024-07-05,23,174.2903876,205.0
16924,2024-07-06,0,179.2864171,241.0
16925,2024-07-06,1,179.691324,284.0
16926,2024-07-06,2,199.4352423,302.0
16927,2024-07-06,3,195.9083501,206.0
16928,2024-07-06,4,160.9214193,217.0
16929,2024-07-06,5,136.5751715,93.0
16930,2024-07-06,6,310.2254818,98.0
16931,2024-07-06,7,201.8209079,79.0
16932,2024-07-06,8,234.9006005,59.0
16933,2024-07-06,9,145.3500058,76.0
16934,2024-07-06,10,180.6959654,115.0
16935,2024-07-06,11,202.9524891,88.0
16936,2024-07-06,12,151.9565843,126.0
16937,2024-07-06,13,147.4313865,180.0
16938,2024-07-06,14,208.7242746,189.0
16939,2024-07-06,15,179.3734393,223.0
16940,2024-07-06,16,203.7181678,238.0
16941,2024-07-06,17,156.3427071,293.0
16942,2024-07-06,18,220.5164802,270.0
16943,2024-07-06,19,158.9383057,272.0
16944,2024-07-06,20,192.7338084,235.0
16945,2024-07-06,21,173.0931126,360.0
16946,2024-07-06,22,141.8725061,331.0
16947,2024-07-06,23,138.9586913,244.0
16948,2024-07-07,0,176.3178878,206.0
16949,2024-07-07,1,222.5224764,238.0
16950,2024-07-07,2,232.7498383,214.0
16951,2024-07-07,3,237.9609594,196.0
16952,2024-07-07,4,273.9593817,201.0
16953,2024-07-07,5,154.1378434,123.0
16954,2024-07-07,6,252.3563383,139.0
16955,2024-07-07,7,260.9906583,66.0
16956,2024-07-07,8,244.9319255,71.0
16957,2024-07-07,9,180.3541602,66.0
16958,2024-07-07,10,276.1849425,74.0
16959,2024-07-07,11,204.295643,65.0
16960,2024-07-07,12,215.2108588,131.0
16961,2024-07-07,13,200.3864055,166.0
16962,2024-07-07,14,182.6747193,227.0
16963,2024-07-07,15,188.7800765,269.0
16964,2024-07-07,16,129.3972277,386.0
16965,2024-07-07,17,146.0243768,242.0
16966,2024-07-07,18,184.1367154,290.0
16967,2024-07-07,19,162.3658737,235.0
16968,2024-07-07,20,197.8062537,284.0
16969,2024-07-07,21,183.7521518,247.0
16970,2024-07-07,22,203.1216123,206.0
16971,2024-07-07,23,136.6776977,323.0
16972,2024-07-08,0,126.9909883,284.0
16973,2024-07-08,1,156.8366274,308.0
16974,2024-07-08,2,187.8161065,198.0
16975,2024-07-08,3,234.3906961,131.0
16976,2024-07-08,4,219.2491864,127.0
16977,2024-07-08,5,162.5301059,110.0
16978,2024-07-08,6,231.7603166,122.0
16979,2024-07-08,7,176.3226586,81.0
16980,2024-07-08,8,302.0318372,80.0
16981,2024-07-08,9,189.7864286,69.0
16982,2024-07-08,10,237.5791276,87.0
16983,2024-07-08,11,181.9266052,144.0
16984,2024-07-08,12,185.8615626,239.0
16985,2024-07-08,13,157.4495875,368.0
16986,2024-07-08,14,159.7351524,313.0
16987,2024-07-08,15,144.6614589,422.0
16988,2024-07-08,16,166.4572123,273.0
16989,2024-07-08,17,141.9683012,320.0
16990,2024-07-08,18,174.2950289,294.0
16991,2024-07-08,19,159.9468471,296.0
16992,2024-07-08,20,180.5580052,283.0
16993,2024-07-08,21,177.4750181,397.0
16994,2024-07-08,22,153.5142527,293.0
16995,2024-07-08,23,132.9855883,224.0
16996,2024-07-09,0,164.550458,297.0
16997,2024-07-09,1,171.2019052,310.0
16998,2024-07-09,2,179.8052691,233.0
16999,2024-07-09,3,184.0196648,233.0
17000,2024-07-09,4,158.443268,138.0
17001,2024-07-09,5,93.8064241,115.0
17002,2024-07-09,6,251.532876,86.0
17003,2024-07-09,7,270.51714,58.0
17004,2024-07-09,8,279.2390716,63.0
17005,2024-07-09,9,212.2171143,82.0
17006,2024-07-09,10,228.4601863,103.0
17007,2024-07-09,11,168.7498263,98.0
17008,2024-07-09,12,196.0206993,203.0
17009,2024-07-09,13,199.7624462,278.0
17010,2024-07-09,14,190.6721365,316.0
17011,2024-07-09,15,166.3818465,257.0
17012,2024-07-09,16,219.7506585,264.0
17013,2024-07-09,17,156.2819655,266.0
17014,2024-07-09,18,168.0877434,325.0
17015,2024-07-09,19,147.8037382,289.0
17016,2024-07-09,20,157.337837,339.0
17017,2024-07-09,21,177.3208355,321.0
17018,2024-07-09,22,161.556909,249.0
17019,2024-07-09,23,172.943331,301.0
17020,2024-07-10,0,193.6454709,243.0
17021,2024-07-10,1,145.9603456,287.0
17022,2024-07-10,2,173.1847281,238.0
17023,2024-07-10,3,159.4211092,243.0
17024,2024-07-10,4,211.8472873,131.0
17025,2024-07-10,5,128.0633964,139.0
17026,2024-07-10,6,236.5271063,118.0
17027,2024-07-10,7,222.663402,62.0
17028,2024-07-10,8,255.2957111,108.0
17029,2024-07-10,9,175.510047,57.0
17030,2024-07-10,10,230.3147403,130.0
17031,2024-07-10,11,167.765763,152.0
17032,2024-07-10,12,158.6002336,314.0
17033,2024-07-10,13,202.4660355,296.0
17034,2024-07-10,14,211.2533386,373.0
17035,2024-07-10,15,176.7667611,321.0
17036,2024-07-10,16,168.3904526,354.0
17037,2024-07-10,17,126.6903426,316.0
17038,2024-07-10,18,182.7925437,369.0
17039,2024-07-10,19,165.0215402,282.0
17040,2024-07-10,20,157.6881329,323.0
17041,2024-07-10,21,189.5948486,335.0
17042,2024-07-10,22,197.0154045,360.0
17043,2024-07-10,23,191.9365804,354.0
17044,2024-07-11,0,130.0292407,313.0
17045,2024-07-11,1,184.5217442,312.0
17046,2024-07-11,2,145.2062017,300.0
17047,2024-07-11,3,178.0867173,212.0
17048,2024-07-11,4,158.1227602,176.0
17049,2024-07-11,5,150.7694232,133.0
17050,2024-07-11,6,257.6510371,86.0
17051,2024-07-11,7,172.1712043,81.0
17052,2024-07-11,8,286.450531,78.0
17053,2024-07-11,9,242.6091694,83.0
17054,2024-07-11,10,254.8163773,96.0
17055,2024-07-11,11,188.0617732,112.0
17056,2024-07-11,12,187.7547507,236.0
17057,2024-07-11,13,168.974625,321.0
17058,2024-07-11,14,143.25799,386.0
17059,2024-07-11,15,157.8982076,298.0
17060,2024-07-11,16,161.5514172,329.0
17061,2024-07-11,17,152.6888687,291.0
17062,2024-07-11,18,192.00654,485.0
17063,2024-07-11,19,185.8619401,359.0
17064,2024-07-11,20,178.3968551,288.0
17065,2024-07-11,21,163.2327343,348.0
17066,2024-07-11,22,154.8150887,280.0
17067,2024-07-11,23,133.6306142,331.0
17068,2024-07-12,0,170.3112939,268.0
17069,2024-07-12,1,178.3696008,286.0
17070,2024-07-12,2,180.259349,251.0
17071,2024-07-12,3,220.4181467,217.0
17072,2024-07-12,4,218.2703071,186.0
17073,2024-07-12,5,143.029681,172.0
17074,2024-07-12,6,262.4002955,100.0
17075,2024-07-12,7,161.5547047,135.0
17076,2024-07-12,8,220.2010672,78.0
17077,2024-07-12,9,240.0834682,76.0
17078,2024-07-12,10,296.750057,83.0
17079,2024-07-12,11,166.2706857,202.0
17080,2024-07-12,12,216.8153229,253.0
17081,2024-07-12,13,164.8417992,358.0
17082,2024-07-12,14,167.5307809,360.0
17083,2024-07-12,15,161.8264777,347.0
17084,2024-07-12,16,179.3482512,302.0
17085,2024-07-12,17,172.2615185,331.0
17086,2024-07-12,18,199.0175822,350.0
17087,2024-07-12,19,167.4937347,324.0
17088,2024-07-12,20,194.2371921,344.0
17089,2024-07-12,21,185.6154984,309.0
17090,2024-07-12,22,192.946813,285.0
17091,2024-07-12,23,188.0390732,303.0
17092,2024-07-13,0,228.2870187,253.0
17093,2024-07-13,1,192.5782756,318.0
17094,2024-07-13,2,193.5591227,226.0
17095,2024-07-13,3,177.1444721,221.0
17096,2024-07-13,4,199.2544877,155.0
17097,2024-07-13,5,145.2591965,126.0
17098,2024-07-13,6,337.2213639,87.0
17099,2024-07-13,7,244.1352774,57.0
17100,2024-07-13,8,268.3091875,67.0
17101,2024-07-13,9,244.1744655,86.0
17102,2024-07-13,10,247.0819191,65.0
17103,2024-07-13,11,219.6042168,149.0
17104,2024-07-13,12,151.0662333,224.0
17105,2024-07-13,13,178.2906982,245.0
17106,2024-07-13,14,159.9522686,319.0
17107,2024-07-13,15,188.1539507,238.0
17108,2024-07-13,16,180.623732,213.0
17109,2024-07-13,17,161.2705913,261.0
17110,2024-07-13,18,184.5715432,259.0
17111,2024-07-13,19,212.5505058,239.0
17112,2024-07-13,20,174.6170018,240.0
17113,2024-07-13,21,190.8895316,330.0
17114,2024-07-13,22,208.5917604,231.0
17115,2024-07-13,23,181.020215,263.0
17116,2024-07-14,0,214.8622227,206.0
17117,2024-07-14,1,163.95654,319.0
17118,2024-07-14,2,211.029231,216.0
17119,2024-07-14,3,199.1303352,174.0
17120,2024-07-14,4,164.5570707,192.0
17121,2024-07-14,5,96.78455667,157.0
17122,2024-07-14,6,268.2188305,116.0
17123,2024-07-14,7,215.4081361,74.0
17124,2024-07-14,8,247.501894,94.0
17125,2024-07-14,9,242.1208102,61.0
17126,2024-07-14,10,260.7827872,76.0
17127,2024-07-14,11,207.5993377,69.0
17128,2024-07-14,12,194.9604667,152.0
17129,2024-07-14,13,195.6409176,234.0
17130,2024-07-14,14,214.1586496,229.0
17131,2024-07-14,15,173.229107,245.0
17132,2024-07-14,16,188.3807392,298.0
17133,2024-07-14,17,195.194342,248.0
17134,2024-07-14,18,178.4097073,299.0
17135,2024-07-14,19,201.6495588,299.0
17136,2024-07-14,20,211.5999707,294.0
17137,2024-07-14,21,211.7258559,324.0
17138,2024-07-14,22,160.6207172,326.0
17139,2024-07-14,23,156.8347678,312.0
17140,2024-07-15,0,186.1588058,276.0
17141,2024-07-15,1,156.5986997,317.0
17142,2024-07-15,2,167.5195412,381.0
17143,2024-07-15,3,183.7352757,214.0
17144,2024-07-15,4,137.073167,176.0
17145,2024-07-15,5,123.381023,134.0
17146,2024-07-15,6,220.8037419,142.0
17147,2024-07-15,7,227.1731321,71.0
17148,2024-07-15,8,232.9728506,93.0
17149,2024-07-15,9,200.1831155,74.0
17150,2024-07-15,10,171.9081625,162.0
17151,2024-07-15,11,177.6724453,127.0
17152,2024-07-15,12,155.2316167,305.0
17153,2024-07-15,13,169.4166694,304.0
17154,2024-07-15,14,173.9193301,386.0
17155,2024-07-15,15,148.98862,384.0
17156,2024-07-15,16,183.8318946,355.0
17157,2024-07-15,17,155.3475619,271.0
17158,2024-07-15,18,153.9607048,358.0
17159,2024-07-15,19,164.7615511,240.0
17160,2024-07-15,20,188.5431526,400.0
17161,2024-07-15,21,156.1548038,392.0
17162,2024-07-15,22,140.8101838,442.0
17163,2024-07-15,23,142.4115708,431.0
17164,2024-07-16,0,174.9332146,255.0
17165,2024-07-16,1,179.925905,306.0
17166,2024-07-16,2,201.9729607,318.0
17167,2024-07-16,3,200.9060351,238.0
17168,2024-07-16,4,181.0291775,166.0
17169,2024-07-16,5,153.4085339,160.0
17170,2024-07-16,6,213.4289841,133.0
17171,2024-07-16,7,196.7948018,71.0
17172,2024-07-16,8,306.0142197,77.0
17173,2024-07-16,9,203.587437,83.0
17174,2024-07-16,10,210.3086183,133.0
17175,2024-07-16,11,156.6947246,136.0
17176,2024-07-16,12,152.3268301,297.0
17177,2024-07-16,13,164.4210812,397.0
17178,2024-07-16,14,162.6767407,321.0
17179,2024-07-16,15,169.5318422,332.0
17180,2024-07-16,16,152.2606533,316.0
17181,2024-07-16,17,176.4561306,305.0
17182,2024-07-16,18,174.0234477,358.0
17183,2024-07-16,19,198.0518612,300.0
17184,2024-07-16,20,170.1575379,390.0
17185,2024-07-16,21,171.5998141,375.0
17186,2024-07-16,22,173.1949952,263.0
17187,2024-07-16,23,192.9083719,295.0
17188,2024-07-17,0,153.4469936,368.0
17189,2024-07-17,1,177.6121064,343.0
17190,2024-07-17,2,170.5113871,258.0
17191,2024-07-17,3,200.1643277,224.0
17192,2024-07-17,4,287.448099,114.0
17193,2024-07-17,5,111.9979007,127.0
17194,2024-07-17,6,235.8471549,150.0
17195,2024-07-17,7,196.742015,72.0
17196,2024-07-17,8,215.7925495,93.0
17197,2024-07-17,9,244.2119269,72.0
17198,2024-07-17,10,164.594126,139.0
17199,2024-07-17,11,202.9474669,165.0
17200,2024-07-17,12,163.0579543,181.0
17201,2024-07-17,13,138.3328703,327.0
17202,2024-07-17,14,196.7812808,306.0
17203,2024-07-17,15,160.0329403,293.0
17204,2024-07-17,16,173.0560373,318.0
17205,2024-07-17,17,160.945572,305.0
17206,2024-07-17,18,182.2505852,352.0
17207,2024-07-17,19,171.7440859,331.0
17208,2024-07-17,20,192.9421708,403.0
17209,2024-07-17,21,187.927304,338.0
17210,2024-07-17,22,170.3666727,309.0
17211,2024-07-17,23,136.41019,323.0
17212,2024-07-18,0,138.4004665,329.0
17213,2024-07-18,1,202.4247681,330.0
17214,2024-07-18,2,179.9813133,336.0
17215,2024-07-18,3,206.472362,310.0
17216,2024-07-18,4,168.4036514,175.0
17217,2024-07-18,5,186.0307328,98.0
17218,2024-07-18,6,285.9296057,103.0
17219,2024-07-18,7,183.3589303,81.0
17220,2024-07-18,8,253.5608998,101.0
17221,2024-07-18,9,179.420122,96.0
17222,2024-07-18,10,259.2332121,106.0
17223,2024-07-18,11,191.4879394,183.0
17224,2024-07-18,12,172.7849682,222.0
17225,2024-07-18,13,166.090609,292.0
17226,2024-07-18,14,205.1954624,301.0
17227,2024-07-18,15,170.1657963,347.0
17228,2024-07-18,16,168.7451391,349.0
17229,2024-07-18,17,159.3028057,381.0
17230,2024-07-18,18,184.689194,357.0
17231,2024-07-18,19,206.0511115,358.0
17232,2024-07-18,20,190.4970724,383.0
17233,2024-07-18,21,193.2380105,382.0
17234,2024-07-18,22,145.5743115,376.0
17235,2024-07-18,23,135.2125555,392.0
17236,2024-07-19,0,184.7524518,494.0
17237,2024-07-19,1,201.8976953,370.0
17238,2024-07-19,2,161.2009601,244.0
17239,2024-07-19,3,183.6138032,254.0
17240,2024-07-19,4,207.0144282,158.0
17241,2024-07-19,5,164.486008,115.0
17242,2024-07-19,6,269.7845755,88.0
17243,2024-07-19,7,223.9871895,70.0
17244,2024-07-19,8,238.7470638,94.0
17245,2024-07-19,9,212.5192608,73.0
17246,2024-07-19,10,253.5068899,83.0
17247,2024-07-19,11,157.4032311,150.0
17248,2024-07-19,12,175.8064184,295.0
17249,2024-07-19,13,165.1201829,359.0
17250,2024-07-19,14,166.3550423,267.0
17251,2024-07-19,15,146.983821,260.0
17252,2024-07-19,16,222.4013035,252.0
17253,2024-07-19,17,232.9664538,289.0
17254,2024-07-19,18,144.4414807,359.0
17255,2024-07-19,19,164.5278545,289.0
17256,2024-07-19,20,171.51962,291.0
17257,2024-07-19,21,173.7358442,296.0
17258,2024-07-19,22,185.267322,262.0
17259,2024-07-19,23,202.4807347,241.0
17260,2024-07-20,0,166.9768788,216.0
17261,2024-07-20,1,196.3735217,275.0
17262,2024-07-20,2,148.1887696,338.0
17263,2024-07-20,3,208.3805289,228.0
17264,2024-07-20,4,178.0339025,175.0
17265,2024-07-20,5,148.5785356,133.0
17266,2024-07-20,6,275.0033774,128.0
17267,2024-07-20,7,215.3954543,60.0
17268,2024-07-20,8,261.5309332,70.0
17269,2024-07-20,9,218.7122883,70.0
17270,2024-07-20,10,264.7712062,79.0
17271,2024-07-20,11,143.0110805,118.0
17272,2024-07-20,12,187.8920322,161.0
17273,2024-07-20,13,174.3069389,320.0
17274,2024-07-20,14,179.3563507,289.0
17275,2024-07-20,15,231.434676,231.0
17276,2024-07-20,16,210.0019531,259.0
17277,2024-07-20,17,140.0878118,337.0
17278,2024-07-20,18,180.5122186,351.0
17279,2024-07-20,19,175.150047,358.0
17280,2024-07-20,20,181.4426174,362.0
17281,2024-07-20,21,177.3797432,388.0
17282,2024-07-20,22,192.2516613,189.0
17283,2024-07-20,23,157.667549,259.0
17284,2024-07-21,0,185.4832418,199.0
17285,2024-07-21,1,168.6548294,315.0
17286,2024-07-21,2,217.6730664,218.0
17287,2024-07-21,3,161.7096484,253.0
17288,2024-07-21,4,165.4383722,174.0
17289,2024-07-21,5,132.7867491,177.0
17290,2024-07-21,6,275.6183168,116.0
17291,2024-07-21,7,227.8904441,61.0
17292,2024-07-21,8,279.6625675,80.0
17293,2024-07-21,9,288.1188374,46.0
17294,2024-07-21,10,204.1073415,84.0
17295,2024-07-21,11,190.2624214,87.0
17296,2024-07-21,12,158.3590124,182.0
17297,2024-07-21,13,212.0790132,174.0
17298,2024-07-21,14,168.6414187,256.0
17299,2024-07-21,15,217.8292949,264.0
17300,2024-07-21,16,171.9244748,190.0
17301,2024-07-21,17,172.5425819,297.0
17302,2024-07-21,18,181.2211923,300.0
17303,2024-07-21,19,164.9089124,319.0
17304,2024-07-21,20,144.7434734,392.0
17305,2024-07-21,21,175.9145116,346.0
17306,2024-07-21,22,132.4585184,280.0
17307,2024-07-21,23,129.6869389,340.0
17308,2024-07-22,0,156.8466962,238.0
17309,2024-07-22,1,168.0500684,282.0
17310,2024-07-22,2,161.7576191,311.0
17311,2024-07-22,3,153.9874866,251.0
17312,2024-07-22,4,195.2529478,186.0
17313,2024-07-22,5,184.0939051,107.0
17314,2024-07-22,6,308.2768991,104.0
17315,2024-07-22,7,259.1113831,87.0
17316,2024-07-22,8,217.0184925,134.0
17317,2024-07-22,9,248.4618253,69.0
17318,2024-07-22,10,201.5836005,103.0
17319,2024-07-22,11,149.2395776,127.0
17320,2024-07-22,12,195.9039408,225.0
17321,2024-07-22,13,169.8907365,384.0
17322,2024-07-22,14,183.5356235,339.0
17323,2024-07-22,15,187.601836,317.0
17324,2024-07-22,16,224.5059455,332.0
17325,2024-07-22,17,139.5510551,306.0
17326,2024-07-22,18,162.364417,361.0
17327,2024-07-22,19,167.8692549,401.0
17328,2024-07-22,20,165.3210067,353.0
17329,2024-07-22,21,142.1942372,459.0
17330,2024-07-22,22,168.8669742,315.0
17331,2024-07-22,23,123.6506483,425.0
17332,2024-07-23,0,180.8791596,349.0
17333,2024-07-23,1,162.7535054,284.0
17334,2024-07-23,2,158.9865872,271.0
17335,2024-07-23,3,206.9122679,241.0
17336,2024-07-23,4,189.1272289,150.0
17337,2024-07-23,5,198.214317,112.0
17338,2024-07-23,6,275.7209957,99.0
17339,2024-07-23,7,271.5178663,94.0
17340,2024-07-23,8,271.8398378,87.0
17341,2024-07-23,9,193.6237727,100.0
17342,2024-07-23,10,192.5841679,117.0
17343,2024-07-23,11,166.9869926,161.0
17344,2024-07-23,12,149.9901195,249.0
17345,2024-07-23,13,215.3649198,252.0
17346,2024-07-23,14,210.5947959,327.0
17347,2024-07-23,15,160.1205894,329.0
17348,2024-07-23,16,203.5885528,317.0
17349,2024-07-23,17,155.2104105,316.0
17350,2024-07-23,18,179.1643457,411.0
17351,2024-07-23,19,179.3532354,401.0
17352,2024-07-23,20,172.8125286,375.0
17353,2024-07-23,21,157.2011185,449.0
17354,2024-07-23,22,161.8465597,377.0
17355,2024-07-23,23,161.7843806,402.0
17356,2024-07-24,0,129.1443511,405.0
17357,2024-07-24,1,180.344876,391.0
17358,2024-07-24,2,155.1378815,298.0
17359,2024-07-24,3,166.1115646,257.0
17360,2024-07-24,4,172.6044401,204.0
17361,2024-07-24,5,134.5768012,103.0
17362,2024-07-24,6,225.7094554,136.0
17363,2024-07-24,7,143.8822343,97.0
17364,2024-07-24,8,257.8937979,92.0
17365,2024-07-24,9,183.2178657,74.0
17366,2024-07-24,10,217.8620793,129.0
17367,2024-07-24,11,184.7064192,150.0
17368,2024-07-24,12,161.6137528,355.0
17369,2024-07-24,13,173.3582667,394.0
17370,2024-07-24,14,200.5096065,339.0
17371,2024-07-24,15,143.7725289,366.0
17372,2024-07-24,16,166.1858316,326.0
17373,2024-07-24,17,154.0053517,327.0
17374,2024-07-24,18,193.5659404,355.0
17375,2024-07-24,19,184.969143,407.0
17376,2024-07-24,20,164.5153224,385.0
17377,2024-07-24,21,173.6904838,531.0
17378,2024-07-24,22,176.9635684,485.0
17379,2024-07-24,23,162.8345006,260.0
17380,2024-07-25,0,135.941302,314.0
17381,2024-07-25,1,144.4972059,342.0
17382,2024-07-25,2,157.5267678,319.0
17383,2024-07-25,3,181.8800868,256.0
17384,2024-07-25,4,224.4892261,159.0
17385,2024-07-25,5,152.9387545,134.0
17386,2024-07-25,6,220.128509,126.0
17387,2024-07-25,7,224.0044008,60.0
17388,2024-07-25,8,234.045129,66.0
17389,2024-07-25,9,260.5140551,87.0
17390,2024-07-25,10,168.9114386,124.0
17391,2024-07-25,11,138.4319943,139.0
17392,2024-07-25,12,127.4933487,245.0
17393,2024-07-25,13,166.8865058,310.0
17394,2024-07-25,14,150.9986337,426.0
17395,2024-07-25,15,167.3941999,332.0
17396,2024-07-25,16,179.4491694,303.0
17397,2024-07-25,17,147.4956523,343.0
17398,2024-07-25,18,159.5937828,359.0
17399,2024-07-25,19,150.2637725,364.0
17400,2024-07-25,20,187.5976825,404.0
17401,2024-07-25,21,176.288346,514.0
17402,2024-07-25,22,188.2252057,300.0
17403,2024-07-25,23,151.8451532,391.0
17404,2024-07-26,0,140.2032672,345.0
17405,2024-07-26,1,161.7203845,361.0
17406,2024-07-26,2,142.0978499,308.0
17407,2024-07-26,3,181.7058723,249.0
17408,2024-07-26,4,173.839113,162.0
17409,2024-07-26,5,171.9041741,115.0
17410,2024-07-26,6,304.6698036,112.0
17411,2024-07-26,7,147.2837825,99.0
17412,2024-07-26,8,215.7960694,83.0
17413,2024-07-26,9,177.8895302,88.0
17414,2024-07-26,10,211.3176329,140.0
17415,2024-07-26,11,170.4714324,94.0
17416,2024-07-26,12,172.0102317,243.0
17417,2024-07-26,13,191.6960796,432.0
17418,2024-07-26,14,183.6494043,459.0
17419,2024-07-26,15,210.0931117,363.0
17420,2024-07-26,16,185.2230198,308.0
17421,2024-07-26,17,139.4390962,349.0
17422,2024-07-26,18,178.5003008,534.0
17423,2024-07-26,19,177.3228599,343.0
17424,2024-07-26,20,212.650957,302.0
17425,2024-07-26,21,221.8425659,361.0
17426,2024-07-26,22,153.2704095,253.0
17427,2024-07-26,23,158.6860401,317.0
17428,2024-07-27,0,141.5959261,306.0
17429,2024-07-27,1,168.3022649,322.0
17430,2024-07-27,2,143.2827747,260.0
17431,2024-07-27,3,182.7722193,233.0
17432,2024-07-27,4,198.5264825,154.0
17433,2024-07-27,5,145.2498236,103.0
17434,2024-07-27,6,275.3920987,141.0
17435,2024-07-27,7,222.5282491,97.0
17436,2024-07-27,8,197.1408295,144.0
17437,2024-07-27,9,220.5825435,83.0
17438,2024-07-27,10,233.8083966,111.0
17439,2024-07-27,11,194.3496689,113.0
17440,2024-07-27,12,146.704757,270.0
17441,2024-07-27,13,225.6698905,227.0
17442,2024-07-27,14,186.0445288,323.0
17443,2024-07-27,15,186.1703021,204.0
17444,2024-07-27,16,213.4082433,271.0
17445,2024-07-27,17,132.3325922,331.0
17446,2024-07-27,18,192.7465918,357.0
17447,2024-07-27,19,168.50966,307.0
17448,2024-07-27,20,174.4650313,265.0
17449,2024-07-27,21,155.4783356,325.0
17450,2024-07-27,22,146.2494214,334.0
17451,2024-07-27,23,180.3671617,271.0
17452,2024-07-28,0,166.801752,359.0
17453,2024-07-28,1,160.928561,324.0
17454,2024-07-28,2,173.0466953,265.0
17455,2024-07-28,3,224.7702976,214.0
17456,2024-07-28,4,144.917925,198.0
17457,2024-07-28,5,218.7081325,127.0
17458,2024-07-28,6,260.4526366,117.0
17459,2024-07-28,7,232.5999827,99.0
17460,2024-07-28,8,197.9005117,105.0
17461,2024-07-28,9,200.9254514,78.0
17462,2024-07-28,10,219.110345,92.0
17463,2024-07-28,11,203.9953452,101.0
17464,2024-07-28,12,197.9938854,176.0
17465,2024-07-28,13,177.6477891,212.0
17466,2024-07-28,14,214.2621942,365.0
17467,2024-07-28,15,181.5653511,329.0
17468,2024-07-28,16,204.9195907,255.0
17469,2024-07-28,17,167.1067259,336.0
17470,2024-07-28,18,175.8742654,371.0
17471,2024-07-28,19,173.9142049,306.0
17472,2024-07-28,20,177.8960965,261.0
17473,2024-07-28,21,179.196628,382.0
17474,2024-07-28,22,199.9537499,360.0
17475,2024-07-28,23,195.1471584,364.0
17476,2024-07-29,0,191.1420779,280.0
17477,2024-07-29,1,173.0194416,288.0
17478,2024-07-29,2,160.852432,248.0
17479,2024-07-29,3,175.5274375,220.0
17480,2024-07-29,4,188.3618245,166.0
17481,2024-07-29,5,137.2890523,104.0
17482,2024-07-29,6,264.5472101,114.0
17483,2024-07-29,7,235.4864688,79.0
17484,2024-07-29,8,238.2496041,110.0
17485,2024-07-29,9,180.5745151,89.0
17486,2024-07-29,10,240.2566163,110.0
17487,2024-07-29,11,234.0925457,169.0
17488,2024-07-29,12,175.0371975,266.0
17489,2024-07-29,13,186.1433435,393.0
17490,2024-07-29,14,179.6800852,414.0
17491,2024-07-29,15,192.3954078,405.0
17492,2024-07-29,16,161.2284917,377.0
17493,2024-07-29,17,146.2648101,419.0
17494,2024-07-29,18,176.6148506,464.0
17495,2024-07-29,19,158.7493628,391.0
17496,2024-07-29,20,188.2584643,361.0
17497,2024-07-29,21,220.6292329,385.0
17498,2024-07-29,22,140.2557456,318.0
17499,2024-07-29,23,167.4495006,336.0
17500,2024-07-30,0,182.372268,363.0
17501,2024-07-30,1,167.7671884,281.0
17502,2024-07-30,2,192.3542985,269.0
17503,2024-07-30,3,215.1376768,214.0
17504,2024-07-30,4,208.3718444,111.0
17505,2024-07-30,5,158.7469746,111.0
17506,2024-07-30,6,263.7708104,98.0
17507,2024-07-30,7,220.8596582,62.0
17508,2024-07-30,8,213.7810588,106.0
17509,2024-07-30,9,150.9120022,109.0
17510,2024-07-30,10,219.2680944,126.0
17511,2024-07-30,11,158.8080222,177.0
17512,2024-07-30,12,166.3520567,304.0
17513,2024-07-30,13,175.6751062,311.0
17514,2024-07-30,14,180.1778457,352.0
17515,2024-07-30,15,151.3268206,307.0
17516,2024-07-30,16,191.2199832,350.0
17517,2024-07-30,17,151.6834273,360.0
17518,2024-07-30,18,188.5695363,375.0
17519,2024-07-30,19,158.0585717,415.0
17520,2024-07-30,20,132.9956045,430.0
17521,2024-07-30,21,172.5654285,503.0
17522,2024-07-30,22,166.3930321,380.0
17523,2024-07-30,23,175.8232387,309.0
17524,2024-07-31,0,181.5937119,355.0
17525,2024-07-31,1,171.4360835,401.0
17526,2024-07-31,2,198.0663155,330.0
17527,2024-07-31,3,195.1607991,213.0
17528,2024-07-31,4,185.4613017,154.0
17529,2024-07-31,5,156.777188,100.0
17530,2024-07-31,6,254.4352462,120.0
17531,2024-07-31,7,147.0982648,168.0
17532,2024-07-31,8,185.070215,107.0
17533,2024-07-31,9,212.5643185,72.0
17534,2024-07-31,10,241.8813123,123.0
17535,2024-07-31,11,231.4683842,134.0
17536,2024-07-31,12,132.9850296,514.0
17537,2024-07-31,13,147.6722436,367.0
17538,2024-07-31,14,178.3363057,395.0
17539,2024-07-31,15,182.3472395,396.0
17540,2024-07-31,16,161.9467159,348.0
17541,2024-07-31,17,149.8608816,301.0
17542,2024-07-31,18,158.2116013,392.0
17543,2024-07-31,19,143.6500866,414.0
17544,2024-07-31,20,195.6739674,350.0
17545,2024-07-31,21,194.7323313,345.0
17546,2024-07-31,22,170.7111325,313.0
17547,2024-07-31,23,151.3896146,286.0
17548,2024-08-01,0,128.0169152,386.0
17549,2024-08-01,1,138.9401101,320.0
17550,2024-08-01,2,147.1813484,356.0
17551,2024-08-01,3,167.9455468,196.0
17552,2024-08-01,4,190.4272044,190.0
17553,2024-08-01,5,157.5303973,114.0
17554,2024-08-01,6,231.3000536,159.0
17555,2024-08-01,7,235.5312433,67.0
17556,2024-08-01,8,204.3759185,117.0
17557,2024-08-01,9,233.4910852,96.0
17558,2024-08-01,10,231.8515941,130.0
17559,2024-08-01,11,160.5880273,149.0
17560,2024-08-01,12,132.3914781,468.0
17561,2024-08-01,13,199.3686334,290.0
17562,2024-08-01,14,173.6917721,539.0
17563,2024-08-01,15,163.7356455,455.0
17564,2024-08-01,16,175.0585237,406.0
17565,2024-08-01,17,156.4335467,349.0
17566,2024-08-01,18,154.4257998,394.0
17567,2024-08-01,19,190.3587073,336.0
17568,2024-08-01,20,174.4068687,306.0
17569,2024-08-01,21,193.4312019,320.0
17570,2024-08-01,22,166.7457777,319.0
17571,2024-08-01,23,176.7309284,272.0
17572,2024-08-02,0,150.8390883,326.0
17573,2024-08-02,1,156.802737,310.0
17574,2024-08-02,2,148.3828405,314.0
17575,2024-08-02,3,203.1793375,254.0
17576,2024-08-02,4,194.1886122,155.0
17577,2024-08-02,5,179.3873297,106.0
17578,2024-08-02,6,257.2004423,110.0
17579,2024-08-02,7,239.4027619,80.0
17580,2024-08-02,8,233.600672,87.0
17581,2024-08-02,9,212.7419826,65.0
17582,2024-08-02,10,218.3861723,145.0
17583,2024-08-02,11,120.7066166,343.0
17584,2024-08-02,12,176.6385496,276.0
17585,2024-08-02,13,175.4661797,336.0
17586,2024-08-02,14,164.8513618,395.0
17587,2024-08-02,15,164.9551112,350.0
17588,2024-08-02,16,166.8268578,335.0
17589,2024-08-02,17,127.458507,287.0
17590,2024-08-02,18,152.3500737,403.0
17591,2024-08-02,19,167.5406245,327.0
17592,2024-08-02,20,175.3097487,367.0
17593,2024-08-02,21,178.4458839,471.0
17594,2024-08-02,22,175.9847388,418.0
17595,2024-08-02,23,175.0941944,294.0
17596,2024-08-03,0,151.6229053,295.0
17597,2024-08-03,1,200.6218498,269.0
17598,2024-08-03,2,171.4806288,263.0
17599,2024-08-03,3,185.0386412,282.0
17600,2024-08-03,4,219.4553884,218.0
17601,2024-08-03,5,109.6334228,133.0
17602,2024-08-03,6,246.380574,119.0
17603,2024-08-03,7,309.1124275,98.0
17604,2024-08-03,8,277.846307,80.0
17605,2024-08-03,9,194.8204652,75.0
17606,2024-08-03,10,226.7888425,102.0
17607,2024-08-03,11,157.5102338,105.0
17608,2024-08-03,12,223.8835826,182.0
17609,2024-08-03,13,221.3044566,270.0
17610,2024-08-03,14,216.806666,222.0
17611,2024-08-03,15,178.6540601,186.0
17612,2024-08-03,16,183.5016097,306.0
17613,2024-08-03,17,141.1576037,292.0
17614,2024-08-03,18,193.3257878,342.0
17615,2024-08-03,19,140.9939528,327.0
17616,2024-08-03,20,161.4243444,328.0
17617,2024-08-03,21,174.874685,327.0
17618,2024-08-03,22,143.6142501,328.0
17619,2024-08-03,23,177.5079727,264.0
17620,2024-08-04,0,166.693258,243.0
17621,2024-08-04,1,138.9065446,329.0
17622,2024-08-04,2,177.2404297,308.0
17623,2024-08-04,3,187.1617301,259.0
17624,2024-08-04,4,130.6703887,197.0
17625,2024-08-04,5,132.6946199,131.0
17626,2024-08-04,6,218.2183397,143.0
17627,2024-08-04,7,178.7507244,94.0
17628,2024-08-04,8,187.9327332,94.0
17629,2024-08-04,9,201.0997578,97.0
17630,2024-08-04,10,251.3538294,94.0
17631,2024-08-04,11,197.0489975,99.0
17632,2024-08-04,12,238.8810418,115.0
17633,2024-08-04,13,194.6731494,155.0
17634,2024-08-04,14,148.5918328,253.0
17635,2024-08-04,15,162.6609598,284.0
17636,2024-08-04,16,166.287916,249.0
17637,2024-08-04,17,158.5328286,323.0
17638,2024-08-04,18,181.5881429,264.0
17639,2024-08-04,19,192.1504318,313.0
17640,2024-08-04,20,184.5151243,353.0
17641,2024-08-04,21,160.0528697,387.0
17642,2024-08-04,22,164.3341455,287.0
17643,2024-08-04,23,162.0634786,343.0
17644,2024-08-05,0,166.3426717,249.0
17645,2024-08-05,1,159.0562841,291.0
17646,2024-08-05,2,141.761391,326.0
17647,2024-08-05,3,155.0845509,240.0
17648,2024-08-05,4,174.1589659,164.0
17649,2024-08-05,5,129.9932862,142.0
17650,2024-08-05,6,269.2909022,116.0
17651,2024-08-05,7,244.3626423,80.0
17652,2024-08-05,8,235.2417887,170.0
17653,2024-08-05,9,227.5015243,62.0
17654,2024-08-05,10,227.0804855,103.0
17655,2024-08-05,11,177.6519082,158.0
17656,2024-08-05,12,122.577575,450.0
17657,2024-08-05,13,157.4887369,319.0
17658,2024-08-05,14,225.2667834,351.0
17659,2024-08-05,15,147.761249,372.0
17660,2024-08-05,16,182.0499216,383.0
17661,2024-08-05,17,155.7578383,379.0
17662,2024-08-05,18,197.912797,479.0
17663,2024-08-05,19,167.979423,419.0
17664,2024-08-05,20,177.7245212,324.0
17665,2024-08-05,21,181.6461453,409.0
17666,2024-08-05,22,137.2554241,287.0
17667,2024-08-05,23,175.7394071,304.0
17668,2024-08-06,0,157.8435422,303.0
17669,2024-08-06,1,194.1162065,279.0
17670,2024-08-06,2,165.9308039,391.0
17671,2024-08-06,3,189.6485106,292.0
17672,2024-08-06,4,178.0341071,195.0
17673,2024-08-06,5,185.0851514,120.0
17674,2024-08-06,6,255.9619083,119.0
17675,2024-08-06,7,235.7276337,75.0
17676,2024-08-06,8,257.1410578,74.0
17677,2024-08-06,9,172.0018031,100.0
17678,2024-08-06,10,208.3228885,111.0
17679,2024-08-06,11,205.5724357,113.0
17680,2024-08-06,12,152.5487801,457.0
17681,2024-08-06,13,172.9045961,387.0
17682,2024-08-06,14,178.6008469,394.0
17683,2024-08-06,15,141.5080521,284.0
17684,2024-08-06,16,177.1107633,321.0
17685,2024-08-06,17,151.8753709,276.0
17686,2024-08-06,18,196.3629522,355.0
17687,2024-08-06,19,149.9108123,481.0
17688,2024-08-06,20,132.3521892,365.0
17689,2024-08-06,21,163.4753325,387.0
17690,2024-08-06,22,163.3326857,440.0
17691,2024-08-06,23,157.539357,287.0
17692,2024-08-07,0,140.7951569,279.0
17693,2024-08-07,1,179.8615981,288.0
17694,2024-08-07,2,126.7752806,306.0
17695,2024-08-07,3,222.3516512,201.0
17696,2024-08-07,4,228.3820962,145.0
17697,2024-08-07,5,138.0850526,104.0
17698,2024-08-07,6,290.6855336,90.0
17699,2024-08-07,7,228.4872444,61.0
17700,2024-08-07,8,220.5937022,73.0
17701,2024-08-07,9,259.8827204,61.0
17702,2024-08-07,10,192.0097196,95.0
17703,2024-08-07,11,165.5115628,170.0
17704,2024-08-07,12,145.5210513,507.0
17705,2024-08-07,13,161.4176491,296.0
17706,2024-08-07,14,166.5582576,393.0
17707,2024-08-07,15,204.9074824,364.0
17708,2024-08-07,16,190.6115837,283.0
17709,2024-08-07,17,148.6815613,301.0
17710,2024-08-07,18,227.2804191,341.0
17711,2024-08-07,19,199.7358523,366.0
17712,2024-08-07,20,163.4222301,371.0
17713,2024-08-07,21,165.7159055,445.0
17714,2024-08-07,22,202.9395401,360.0
17715,2024-08-07,23,193.1796716,429.0
17716,2024-08-08,0,177.7366396,442.0
17717,2024-08-08,1,186.1225022,344.0
17718,2024-08-08,2,212.2754533,314.0
17719,2024-08-08,3,276.1841939,229.0
17720,2024-08-08,4,302.5816937,172.0
17721,2024-08-08,5,260.3395699,204.0
17722,2024-08-08,6,338.2440762,157.0
17723,2024-08-08,7,331.5048769,99.0
17724,2024-08-08,8,338.4197509,142.0
17725,2024-08-08,9,356.4159948,108.0
17726,2024-08-08,10,329.517439,114.0
17727,2024-08-08,11,269.3403707,156.0
17728,2024-08-08,12,184.0439538,471.0
17729,2024-08-08,13,214.8648791,403.0
17730,2024-08-08,14,219.9462241,329.0
17731,2024-08-08,15,215.1752281,359.0
17732,2024-08-08,16,221.1055119,385.0
17733,2024-08-08,17,196.3848306,391.0
17734,2024-08-08,18,203.9779114,367.0
17735,2024-08-08,19,219.9394379,339.0
17736,2024-08-08,20,228.4231465,368.0
17737,2024-08-08,21,216.3338205,384.0
17738,2024-08-08,22,229.8742309,372.0
17739,2024-08-08,23,217.7876611,402.0
17740,2024-08-09,0,217.7700117,382.0
17741,2024-08-09,1,192.3129933,367.0
17742,2024-08-09,2,220.3265816,348.0
17743,2024-08-09,3,228.3023077,391.0
17744,2024-08-09,4,217.0803208,238.0
17745,2024-08-09,5,237.4583107,232.0
17746,2024-08-09,6,401.327657,123.0
17747,2024-08-09,7,404.99381,91.0
17748,2024-08-09,8,358.0342721,142.0
17749,2024-08-09,9,378.6675669,117.0
17750,2024-08-09,10,351.1214778,147.0
17751,2024-08-09,11,271.7036377,160.0
17752,2024-08-09,12,187.4593269,481.0
17753,2024-08-09,13,216.8598656,317.0
17754,2024-08-09,14,217.7912958,382.0
17755,2024-08-09,15,239.1159074,293.0
17756,2024-08-09,16,218.6097756,329.0
17757,2024-08-09,17,213.8836586,307.0
17758,2024-08-09,18,241.3908432,435.0
17759,2024-08-09,19,205.6452659,385.0
17760,2024-08-09,20,237.3982045,361.0
17761,2024-08-09,21,204.6412612,485.0
17762,2024-08-09,22,200.2267114,491.0
17763,2024-08-09,23,183.9384356,365.0
17764,2024-08-10,0,171.4765196,485.0
17765,2024-08-10,1,204.4740887,324.0
17766,2024-08-10,2,207.5067675,343.0
17767,2024-08-10,3,298.1597177,247.0
17768,2024-08-10,4,290.0567667,189.0
17769,2024-08-10,5,229.3344785,163.0
17770,2024-08-10,6,339.4646009,192.0
17771,2024-08-10,7,436.0987883,82.0
17772,2024-08-10,8,353.0064269,124.0
17773,2024-08-10,9,319.9907912,146.0
17774,2024-08-10,10,371.7611279,114.0
17775,2024-08-10,11,371.6096242,85.0
17776,2024-08-10,12,265.2726363,200.0
17777,2024-08-10,13,254.0439242,267.0
17778,2024-08-10,14,258.7007983,301.0
17779,2024-08-10,15,228.3913495,367.0
17780,2024-08-10,16,262.120218,283.0
17781,2024-08-10,17,236.5219556,316.0
17782,2024-08-10,18,244.8806133,355.0
17783,2024-08-10,19,196.265972,427.0
17784,2024-08-10,20,218.6628643,262.0
17785,2024-08-10,21,219.53119,388.0
17786,2024-08-10,22,206.2497686,296.0
17787,2024-08-10,23,232.5835957,269.0
17788,2024-08-11,0,230.6253337,308.0
17789,2024-08-11,1,209.8338817,311.0
17790,2024-08-11,2,225.5703124,283.0
17791,2024-08-11,3,230.9511316,295.0
17792,2024-08-11,4,231.3519843,250.0
17793,2024-08-11,5,322.4546405,132.0
17794,2024-08-11,6,369.1555505,119.0
17795,2024-08-11,7,355.9963486,125.0
17796,2024-08-11,8,398.1312286,115.0
17797,2024-08-11,9,452.1511568,78.0
17798,2024-08-11,10,399.5479595,105.0
17799,2024-08-11,11,358.4597458,106.0
17800,2024-08-11,12,290.2956456,188.0
17801,2024-08-11,13,293.9034984,206.0
17802,2024-08-11,14,267.5647893,214.0
17803,2024-08-11,15,303.6473506,212.0
17804,2024-08-11,16,183.4134861,346.0
17805,2024-08-11,17,232.7207892,217.0
17806,2024-08-11,18,219.924503,311.0
17807,2024-08-11,19,220.1069814,339.0
17808,2024-08-11,20,242.028719,284.0
17809,2024-08-11,21,200.6183589,426.0
17810,2024-08-11,22,200.8871605,399.0
17811,2024-08-11,23,231.583704,430.0
17812,2024-08-12,0,237.234787,351.0
17813,2024-08-12,1,235.4829848,306.0
17814,2024-08-12,2,223.7219854,350.0
17815,2024-08-12,3,262.3270661,238.0
17816,2024-08-12,4,264.8898762,219.0
17817,2024-08-12,5,279.7865782,121.0
17818,2024-08-12,6,357.9519719,129.0
17819,2024-08-12,7,432.765702,96.0
17820,2024-08-12,8,395.3225417,105.0
17821,2024-08-12,9,336.4743645,130.0
17822,2024-08-12,10,332.6046817,133.0
17823,2024-08-12,11,384.3874713,103.0
17824,2024-08-12,12,207.0867901,498.0
17825,2024-08-12,13,216.9337716,325.0
17826,2024-08-12,14,165.2963364,480.0
17827,2024-08-12,15,188.8225428,342.0
17828,2024-08-12,16,248.3741756,328.0
17829,2024-08-12,17,222.5486744,312.0
17830,2024-08-12,18,237.9183818,357.0
17831,2024-08-12,19,198.2032937,464.0
17832,2024-08-12,20,192.9426825,371.0
17833,2024-08-12,21,247.8173023,335.0
17834,2024-08-12,22,219.1313605,413.0
17835,2024-08-12,23,221.508727,364.0
17836,2024-08-13,0,238.1164207,314.0
17837,2024-08-13,1,215.573334,326.0
17838,2024-08-13,2,239.6869175,298.0
17839,2024-08-13,3,230.878056,273.0
17840,2024-08-13,4,310.9860069,176.0
17841,2024-08-13,5,286.1684802,138.0
17842,2024-08-13,6,362.5053145,127.0
17843,2024-08-13,7,398.6251284,88.0
17844,2024-08-13,8,362.3081146,137.0
17845,2024-08-13,9,392.2164411,107.0
17846,2024-08-13,10,363.5289504,139.0
17847,2024-08-13,11,260.6594119,163.0
17848,2024-08-13,12,190.4578243,468.0
17849,2024-08-13,13,219.9944007,319.0
17850,2024-08-13,14,217.6134071,434.0
17851,2024-08-13,15,250.0660224,317.0
17852,2024-08-13,16,205.2271994,349.0
17853,2024-08-13,17,222.0213921,360.0
17854,2024-08-13,18,196.1322276,394.0
17855,2024-08-13,19,217.9789545,398.0
17856,2024-08-13,20,229.6936629,417.0
17857,2024-08-13,21,222.066085,446.0
17858,2024-08-13,22,174.85981,450.0
17859,2024-08-13,23,234.6582722,362.0
17860,2024-08-14,0,194.1606989,405.0
17861,2024-08-14,1,230.5408712,301.0
17862,2024-08-14,2,265.6657987,270.0
17863,2024-08-14,3,244.4412362,291.0
17864,2024-08-14,4,236.6077287,264.0
17865,2024-08-14,5,244.7331583,148.0
17866,2024-08-14,6,342.1203245,132.0
17867,2024-08-14,7,338.548992,106.0
17868,2024-08-14,8,348.0643085,121.0
17869,2024-08-14,9,323.9721195,119.0
17870,2024-08-14,10,392.5037553,119.0
17871,2024-08-14,11,280.9217222,152.0
17872,2024-08-14,12,183.5685517,545.0
17873,2024-08-14,13,201.8015844,387.0
17874,2024-08-14,14,208.3005627,404.0
17875,2024-08-14,15,205.8503291,384.0
17876,2024-08-14,16,252.3762575,382.0
17877,2024-08-14,17,199.2647104,381.0
17878,2024-08-14,18,218.9869329,497.0
17879,2024-08-14,19,192.2135151,432.0
17880,2024-08-14,20,288.0284617,354.0
17881,2024-08-14,21,228.5156554,372.0
17882,2024-08-14,22,237.7512903,370.0
17883,2024-08-14,23,234.1915172,345.0
17884,2024-08-15,0,253.414148,334.0
17885,2024-08-15,1,201.5246226,318.0
17886,2024-08-15,2,248.1137339,352.0
17887,2024-08-15,3,251.7793846,236.0
17888,2024-08-15,4,232.9383553,210.0
17889,2024-08-15,5,302.0963586,130.0
17890,2024-08-15,6,338.0972021,150.0
17891,2024-08-15,7,416.4481207,89.0
17892,2024-08-15,8,418.5804724,104.0
17893,2024-08-15,9,353.4677426,114.0
17894,2024-08-15,10,432.646235,126.0
17895,2024-08-15,11,259.8759849,185.0
17896,2024-08-15,12,199.2806564,516.0
17897,2024-08-15,13,190.3289714,343.0
17898,2024-08-15,14,238.1770877,458.0
17899,2024-08-15,15,210.4988434,361.0
17900,2024-08-15,16,224.2517738,376.0
17901,2024-08-15,17,192.1002588,396.0
17902,2024-08-15,18,233.2568791,389.0
17903,2024-08-15,19,245.9368129,389.0
17904,2024-08-15,20,205.8595905,394.0
17905,2024-08-15,21,211.9871557,394.0
17906,2024-08-15,22,231.8933455,297.0
17907,2024-08-15,23,215.6754152,314.0
17908,2024-08-16,0,209.2623432,378.0
17909,2024-08-16,1,215.4040384,428.0
17910,2024-08-16,2,267.5883262,296.0
17911,2024-08-16,3,272.3681812,270.0
17912,2024-08-16,4,244.8039511,239.0
17913,2024-08-16,5,258.6902975,146.0
17914,2024-08-16,6,404.125166,108.0
17915,2024-08-16,7,396.8784075,93.0
17916,2024-08-16,8,370.7757824,110.0
17917,2024-08-16,9,335.2998214,98.0
17918,2024-08-16,10,341.0541321,122.0
17919,2024-08-16,11,267.743992,209.0
17920,2024-08-16,12,165.4656758,439.0
17921,2024-08-16,13,192.0057257,444.0
17922,2024-08-16,14,190.6339743,419.0
17923,2024-08-16,15,198.1747887,425.0
17924,2024-08-16,16,176.7865221,455.0
17925,2024-08-16,17,219.6658415,341.0
17926,2024-08-16,18,243.1737343,419.0
17927,2024-08-16,19,202.9962957,448.0
17928,2024-08-16,20,213.0740898,471.0
17929,2024-08-16,21,243.000133,328.0
17930,2024-08-16,22,219.5980689,404.0
17931,2024-08-16,23,237.9563047,373.0
17932,2024-08-17,0,214.9946138,297.0
17933,2024-08-17,1,178.6500455,410.0
17934,2024-08-17,2,236.5616264,274.0
17935,2024-08-17,3,267.605708,238.0
17936,2024-08-17,4,266.9930867,209.0
17937,2024-08-17,5,254.1643115,125.0
17938,2024-08-17,6,286.7238442,160.0
17939,2024-08-17,7,412.2723499,90.0
17940,2024-08-17,8,389.0063659,112.0
17941,2024-08-17,9,347.4490622,107.0
17942,2024-08-17,10,350.1915256,125.0
17943,2024-08-17,11,280.5074511,153.0
17944,2024-08-17,12,272.8363483,195.0
17945,2024-08-17,13,285.4295261,241.0
17946,2024-08-17,14,213.8869592,343.0
17947,2024-08-17,15,218.7021953,342.0
17948,2024-08-17,16,242.7596754,329.0
17949,2024-08-17,17,213.4390141,254.0
17950,2024-08-17,18,234.2638844,395.0
17951,2024-08-17,19,229.4885366,355.0
17952,2024-08-17,20,233.5265906,353.0
17953,2024-08-17,21,243.3864811,297.0
17954,2024-08-17,22,241.4947418,285.0
17955,2024-08-17,23,245.8605517,274.0
17956,2024-08-18,0,222.8373779,286.0
17957,2024-08-18,1,218.9618094,333.0
17958,2024-08-18,2,226.3148142,303.0
17959,2024-08-18,3,184.8165385,364.0
17960,2024-08-18,4,269.4312978,200.0
17961,2024-08-18,5,284.7347037,121.0
17962,2024-08-18,6,359.4794298,136.0
17963,2024-08-18,7,420.0219791,86.0
17964,2024-08-18,8,387.4492521,112.0
17965,2024-08-18,9,379.1294229,95.0
17966,2024-08-18,10,394.6263826,104.0
17967,2024-08-18,11,330.8589967,113.0
17968,2024-08-18,12,297.2023488,178.0
17969,2024-08-18,13,259.2730343,210.0
17970,2024-08-18,14,236.9048424,309.0
17971,2024-08-18,15,243.2046889,301.0
17972,2024-08-18,16,260.0504381,287.0
17973,2024-08-18,17,251.0982494,297.0
17974,2024-08-18,18,261.4761656,324.0
17975,2024-08-18,19,256.4628421,348.0
17976,2024-08-18,20,282.203186,242.0
17977,2024-08-18,21,234.8711663,308.0
17978,2024-08-18,22,232.729968,349.0
17979,2024-08-18,23,243.8844639,328.0
17980,2024-08-19,0,213.3569635,310.0
17981,2024-08-19,1,201.1930314,342.0
17982,2024-08-19,2,278.753662,265.0
17983,2024-08-19,3,205.754037,314.0
17984,2024-08-19,4,298.8283753,142.0
17985,2024-08-19,5,269.9183892,135.0
17986,2024-08-19,6,368.1253327,137.0
17987,2024-08-19,7,343.3270003,104.0
17988,2024-08-19,8,464.5243839,92.0
17989,2024-08-19,9,307.2029807,145.0
17990,2024-08-19,10,291.6694831,152.0
17991,2024-08-19,11,315.7879748,183.0
17992,2024-08-19,12,171.2232505,466.0
17993,2024-08-19,13,233.3058209,355.0
17994,2024-08-19,14,190.2858625,385.0
17995,2024-08-19,15,203.5004785,407.0
17996,2024-08-19,16,198.2499193,393.0
17997,2024-08-19,17,218.1482702,297.0
17998,2024-08-19,18,178.9451319,467.0
17999,2024-08-19,19,236.3169123,402.0
18000,2024-08-19,20,267.7269052,310.0
18001,2024-08-19,21,197.4702221,441.0
18002,2024-08-19,22,250.0939154,343.0
18003,2024-08-19,23,198.9238898,457.0
18004,2024-08-20,0,178.0263253,380.0
18005,2024-08-20,1,210.0442525,361.0
18006,2024-08-20,2,212.3680261,367.0
18007,2024-08-20,3,244.5543093,297.0
18008,2024-08-20,4,266.4188419,229.0
18009,2024-08-20,5,254.2572912,168.0
18010,2024-08-20,6,356.3201465,144.0
18011,2024-08-20,7,309.9622344,123.0
18012,2024-08-20,8,488.3277722,92.0
18013,2024-08-20,9,342.1159075,116.0
18014,2024-08-20,10,375.9355009,121.0
18015,2024-08-20,11,250.3100543,172.0
18016,2024-08-20,12,171.614206,477.0
18017,2024-08-20,13,199.8743281,365.0
18018,2024-08-20,14,190.0515519,377.0
18019,2024-08-20,15,244.5924661,298.0
18020,2024-08-20,16,236.1853225,379.0
18021,2024-08-20,17,195.6403068,427.0
18022,2024-08-20,18,218.8045161,482.0
18023,2024-08-20,19,197.3889364,527.0
18024,2024-08-20,20,242.4584928,413.0
18025,2024-08-20,21,198.4465132,433.0
18026,2024-08-20,22,259.6480912,352.0
18027,2024-08-20,23,207.326355,283.0
18028,2024-08-21,0,230.5298439,282.0
18029,2024-08-21,1,220.2376843,342.0
18030,2024-08-21,2,261.489039,326.0
18031,2024-08-21,3,244.1018936,289.0
18032,2024-08-21,4,334.6180234,239.0
18033,2024-08-21,5,249.1278201,165.0
18034,2024-08-21,6,370.5868832,131.0
18035,2024-08-21,7,377.384172,133.0
18036,2024-08-21,8,400.2698463,100.0
18037,2024-08-21,9,350.6004821,108.0
18038,2024-08-21,10,344.4930316,121.0
18039,2024-08-21,11,302.9698754,181.0
18040,2024-08-21,12,166.9056146,571.0
18041,2024-08-21,13,264.3368663,315.0
18042,2024-08-21,14,239.9872246,399.0
18043,2024-08-21,15,220.8611751,385.0
18044,2024-08-21,16,266.3010083,322.0
18045,2024-08-21,17,211.9127803,340.0
18046,2024-08-21,18,237.7585717,365.0
18047,2024-08-21,19,224.4270632,503.0
18048,2024-08-21,20,261.0965921,374.0
18049,2024-08-21,21,246.4097972,397.0
18050,2024-08-21,22,221.1877244,407.0
18051,2024-08-21,23,231.7471325,340.0
18052,2024-08-22,0,186.2337557,409.0
18053,2024-08-22,1,218.4333267,337.0
18054,2024-08-22,2,204.755751,359.0
18055,2024-08-22,3,240.4542135,304.0
18056,2024-08-22,4,308.6916941,213.0
18057,2024-08-22,5,242.1513083,140.0
18058,2024-08-22,6,370.9917329,133.0
18059,2024-08-22,7,374.2967448,91.0
18060,2024-08-22,8,370.3457453,135.0
18061,2024-08-22,9,433.4094661,107.0
18062,2024-08-22,10,372.8774643,120.0
18063,2024-08-22,11,288.9796892,191.0
18064,2024-08-22,12,161.6398878,516.0
18065,2024-08-22,13,227.2810639,379.0
18066,2024-08-22,14,243.7859517,352.0
18067,2024-08-22,15,216.7427651,326.0
18068,2024-08-22,16,244.5663773,348.0
18069,2024-08-22,17,202.0057633,365.0
18070,2024-08-22,18,178.0615498,431.0
18071,2024-08-22,19,234.8971402,436.0
18072,2024-08-22,20,251.4299734,384.0
18073,2024-08-22,21,230.8379531,364.0
18074,2024-08-22,22,225.3844128,358.0
18075,2024-08-22,23,222.6626465,426.0
18076,2024-08-23,0,211.0850171,404.0
18077,2024-08-23,1,173.3605382,424.0
18078,2024-08-23,2,198.4101919,355.0
18079,2024-08-23,3,284.9288944,289.0
18080,2024-08-23,4,293.0378757,201.0
18081,2024-08-23,5,331.351749,109.0
18082,2024-08-23,6,418.7400994,122.0
18083,2024-08-23,7,393.0289625,105.0
18084,2024-08-23,8,320.206388,140.0
18085,2024-08-23,9,385.8241019,113.0
18086,2024-08-23,10,328.1824218,165.0
18087,2024-08-23,11,273.7688331,153.0
18088,2024-08-23,12,175.1799786,634.0
18089,2024-08-23,13,194.7068515,546.0
18090,2024-08-23,14,207.9476543,425.0
18091,2024-08-23,15,237.7750089,340.0
18092,2024-08-23,16,206.8267842,342.0
18093,2024-08-23,17,226.4063885,323.0
18094,2024-08-23,18,213.4113006,447.0
18095,2024-08-23,19,203.3870203,359.0
18096,2024-08-23,20,246.4790538,374.0
18097,2024-08-23,21,222.6266859,367.0
18098,2024-08-23,22,254.195922,358.0
18099,2024-08-23,23,260.4805271,234.0
18100,2024-08-24,0,244.7608516,291.0
18101,2024-08-24,1,200.4353353,331.0
18102,2024-08-24,2,249.3827137,335.0
18103,2024-08-24,3,265.2244199,282.0
18104,2024-08-24,4,307.266984,219.0
18105,2024-08-24,5,283.3210889,122.0
18106,2024-08-24,6,436.99035,103.0
18107,2024-08-24,7,327.8396891,128.0
18108,2024-08-24,8,385.5124334,122.0
18109,2024-08-24,9,420.644586,95.0
18110,2024-08-24,10,304.1943989,149.0
18111,2024-08-24,11,278.6433127,159.0
18112,2024-08-24,12,271.9411584,206.0
18113,2024-08-24,13,324.4606494,200.0
18114,2024-08-24,14,261.0282423,301.0
18115,2024-08-24,15,277.9442151,191.0
18116,2024-08-24,16,265.1175772,270.0
18117,2024-08-24,17,210.8657206,290.0
18118,2024-08-24,18,271.2971969,234.0
18119,2024-08-24,19,250.6963122,251.0
18120,2024-08-24,20,271.2730177,215.0
18121,2024-08-24,21,287.3280535,382.0
18122,2024-08-24,22,215.7587018,335.0
18123,2024-08-24,23,249.6561097,279.0
18124,2024-08-25,0,281.4866255,224.0
18125,2024-08-25,1,220.1848479,279.0
18126,2024-08-25,2,261.4827224,222.0
18127,2024-08-25,3,234.5148012,235.0
18128,2024-08-25,4,334.8767136,155.0
18129,2024-08-25,5,300.9810266,130.0
18130,2024-08-25,6,431.3928691,100.0
18131,2024-08-25,7,346.4654005,94.0
18132,2024-08-25,8,420.203711,107.0
18133,2024-08-25,9,349.3562076,113.0
18134,2024-08-25,10,348.3416879,117.0
18135,2024-08-25,11,327.338012,127.0
18136,2024-08-25,12,325.2374853,157.0
18137,2024-08-25,13,247.4807346,206.0
18138,2024-08-25,14,233.6586086,335.0
18139,2024-08-25,15,240.7811862,284.0
18140,2024-08-25,16,240.0627318,294.0
18141,2024-08-25,17,240.2910181,292.0
18142,2024-08-25,18,268.2100214,334.0
18143,2024-08-25,19,260.268154,249.0
18144,2024-08-25,20,265.7918063,298.0
18145,2024-08-25,21,228.6221248,443.0
18146,2024-08-25,22,213.5216239,292.0
18147,2024-08-25,23,235.0248222,339.0
18148,2024-08-26,0,225.3860641,308.0
18149,2024-08-26,1,211.1889209,358.0
18150,2024-08-26,2,263.4236578,281.0
18151,2024-08-26,3,302.2626529,177.0
18152,2024-08-26,4,321.796933,184.0
18153,2024-08-26,5,275.8161459,119.0
18154,2024-08-26,6,431.9972219,128.0
18155,2024-08-26,7,440.8309635,87.0
18156,2024-08-26,8,394.2002693,104.0
18157,2024-08-26,9,354.3640316,117.0
18158,2024-08-26,10,392.0536419,125.0
18159,2024-08-26,11,262.0456679,164.0
18160,2024-08-26,12,202.840882,537.0
18161,2024-08-26,13,213.6141656,369.0
18162,2024-08-26,14,233.9980033,391.0
18163,2024-08-26,15,246.9329481,320.0
18164,2024-08-26,16,232.0215972,342.0
18165,2024-08-26,17,228.0002083,359.0
18166,2024-08-26,18,198.8414697,352.0
18167,2024-08-26,19,207.9240724,385.0
18168,2024-08-26,20,253.7132409,461.0
18169,2024-08-26,21,201.8080435,442.0
18170,2024-08-26,22,212.5380018,398.0
18171,2024-08-26,23,220.2289954,320.0
18172,2024-08-27,0,226.9608671,293.0
18173,2024-08-27,1,214.7400887,299.0
18174,2024-08-27,2,223.1297459,271.0
18175,2024-08-27,3,258.1503489,329.0
18176,2024-08-27,4,290.7266922,182.0
18177,2024-08-27,5,285.6701612,193.0
18178,2024-08-27,6,375.0230293,121.0
18179,2024-08-27,7,357.2000991,99.0
18180,2024-08-27,8,341.184044,158.0
18181,2024-08-27,9,320.8134324,132.0
18182,2024-08-27,10,353.357876,139.0
18183,2024-08-27,11,268.2134946,237.0
18184,2024-08-27,12,185.5951866,442.0
18185,2024-08-27,13,204.7100194,408.0
18186,2024-08-27,14,241.2155797,446.0
18187,2024-08-27,15,205.1092818,447.0
18188,2024-08-27,16,228.3491326,295.0
18189,2024-08-27,17,221.2544245,332.0
18190,2024-08-27,18,225.9580969,333.0
18191,2024-08-27,19,268.8686346,352.0
18192,2024-08-27,20,246.9166721,406.0
18193,2024-08-27,21,214.20136,373.0
18194,2024-08-27,22,203.9916022,379.0
18195,2024-08-27,23,236.6859257,469.0
18196,2024-08-28,0,184.7620297,422.0
18197,2024-08-28,1,195.7949353,452.0
18198,2024-08-28,2,253.9388378,283.0
18199,2024-08-28,3,268.1169397,256.0
18200,2024-08-28,4,346.0801769,210.0
18201,2024-08-28,5,279.3831836,115.0
18202,2024-08-28,6,423.3240691,117.0
18203,2024-08-28,7,489.8544135,65.0
18204,2024-08-28,8,380.6508162,107.0
18205,2024-08-28,9,352.7000104,110.0
18206,2024-08-28,10,371.4325121,143.0
18207,2024-08-28,11,300.1684037,194.0
18208,2024-08-28,12,185.2513006,450.0
18209,2024-08-28,13,229.4665281,389.0
18210,2024-08-28,14,215.9390263,414.0
18211,2024-08-28,15,245.1117361,335.0
18212,2024-08-28,16,246.7200821,309.0
18213,2024-08-28,17,246.626407,293.0
18214,2024-08-28,18,243.4331381,341.0
18215,2024-08-28,19,232.7229651,311.0
18216,2024-08-28,20,263.0723298,406.0
18217,2024-08-28,21,210.4738103,439.0
18218,2024-08-28,22,192.7334561,419.0
18219,2024-08-28,23,257.679461,379.0
18220,2024-08-29,0,200.2369834,412.0
18221,2024-08-29,1,201.9507224,417.0
18222,2024-08-29,2,208.0181611,293.0
18223,2024-08-29,3,284.5370866,217.0
18224,2024-08-29,4,268.4852469,212.0
18225,2024-08-29,5,273.1229557,125.0
18226,2024-08-29,6,399.2353033,128.0
18227,2024-08-29,7,370.3744182,90.0
18228,2024-08-29,8,389.6039408,106.0
18229,2024-08-29,9,404.2406869,77.0
18230,2024-08-29,10,323.1167171,176.0
18231,2024-08-29,11,291.5341231,159.0
18232,2024-08-29,12,179.738271,443.0
18233,2024-08-29,13,211.5607866,420.0
18234,2024-08-29,14,214.9772733,390.0
18235,2024-08-29,15,246.3128617,379.0
18236,2024-08-29,16,255.9222042,323.0
18237,2024-08-29,17,204.2129603,319.0
18238,2024-08-29,18,247.7164793,438.0
18239,2024-08-29,19,258.7511159,370.0
18240,2024-08-29,20,209.2900044,493.0
18241,2024-08-29,21,218.1901753,403.0
18242,2024-08-29,22,249.7768886,366.0
18243,2024-08-29,23,223.4357569,358.0
18244,2024-08-30,0,208.1945478,387.0
18245,2024-08-30,1,239.0662115,384.0
18246,2024-08-30,2,209.429045,336.0
18247,2024-08-30,3,247.8040607,300.0
18248,2024-08-30,4,267.6908282,213.0
18249,2024-08-30,5,252.1960379,141.0
18250,2024-08-30,6,380.5478497,112.0
18251,2024-08-30,7,339.7410501,118.0
18252,2024-08-30,8,379.4675408,109.0
18253,2024-08-30,9,346.4245688,112.0
18254,2024-08-30,10,390.6364217,112.0
18255,2024-08-30,11,269.3963202,156.0
18256,2024-08-30,12,180.742969,524.0
18257,2024-08-30,13,211.2668508,358.0
18258,2024-08-30,14,235.9142052,330.0
18259,2024-08-30,15,207.9190833,369.0
18260,2024-08-30,16,206.377037,394.0
18261,2024-08-30,17,191.9960053,282.0
18262,2024-08-30,18,192.4501222,386.0
18263,2024-08-30,19,215.0362442,379.0
18264,2024-08-30,20,296.9033512,288.0
18265,2024-08-30,21,183.4658212,449.0
18266,2024-08-30,22,208.6434774,363.0
18267,2024-08-30,23,300.1921986,249.0
18268,2024-08-31,0,233.8924323,270.0
18269,2024-08-31,1,217.238395,295.0
18270,2024-08-31,2,217.2468764,353.0
18271,2024-08-31,3,265.4239603,277.0
18272,2024-08-31,4,270.6860681,226.0
18273,2024-08-31,5,288.3184338,124.0
18274,2024-08-31,6,312.2370594,167.0
18275,2024-08-31,7,372.3620143,94.0
18276,2024-08-31,8,340.1988454,130.0
18277,2024-08-31,9,350.1632971,122.0
18278,2024-08-31,10,333.6173887,116.0
18279,2024-08-31,11,265.6792895,211.0
18280,2024-08-31,12,267.5513449,203.0
18281,2024-08-31,13,236.4817701,274.0
18282,2024-08-31,14,303.9699435,271.0
18283,2024-08-31,15,257.8936755,259.0
18284,2024-08-31,16,230.3447695,284.0
18285,2024-08-31,17,228.8390685,290.0
18286,2024-08-31,18,259.7299186,374.0
18287,2024-08-31,19,244.3204986,371.0
18288,2024-08-31,20,234.0033037,280.0
18289,2024-08-31,21,236.6260819,309.0
18290,2024-08-31,22,236.0512468,355.0
18291,2024-08-31,23,251.511187,290.0
18292,2024-09-01,0,222.0479633,309.0
18293,2024-09-01,1,207.3308087,338.0
18294,2024-09-01,2,236.7927566,287.0
18295,2024-09-01,3,220.9498242,312.0
18296,2024-09-01,4,284.0027184,265.0
18297,2024-09-01,5,256.9919373,152.0
18298,2024-09-01,6,322.9664101,153.0
18299,2024-09-01,7,441.3010427,88.0
18300,2024-09-01,8,328.8158783,141.0
18301,2024-09-01,9,342.289079,108.0
18302,2024-09-01,10,367.4469897,119.0
18303,2024-09-01,11,322.4418289,133.0
18304,2024-09-01,12,280.9920572,182.0
18305,2024-09-01,13,267.9145257,205.0
18306,2024-09-01,14,223.0288917,332.0
18307,2024-09-01,15,228.9042365,387.0
18308,2024-09-01,16,270.353969,359.0
18309,2024-09-01,17,228.6779303,284.0
18310,2024-09-01,18,260.6487327,342.0
18311,2024-09-01,19,313.304029,251.0
18312,2024-09-01,20,253.8732781,287.0
18313,2024-09-01,21,234.8787315,362.0
18314,2024-09-01,22,284.4275933,318.0
18315,2024-09-01,23,234.3712838,286.0
18316,2024-09-02,0,228.1705579,446.0
18317,2024-09-02,1,168.8990093,514.0
18318,2024-09-02,2,192.1909153,420.0
18319,2024-09-02,3,180.9038906,357.0
18320,2024-09-02,4,270.067691,236.0
18321,2024-09-02,5,285.1436176,134.0
18322,2024-09-02,6,322.3047065,147.0
18323,2024-09-02,7,268.7209801,120.0
18324,2024-09-02,8,390.1191412,105.0
18325,2024-09-02,9,357.5911562,104.0
18326,2024-09-02,10,360.6398034,116.0
18327,2024-09-02,11,312.5081941,139.0
18328,2024-09-02,12,236.4460035,258.0
18329,2024-09-02,13,266.8741222,245.0
18330,2024-09-02,14,258.870326,307.0
18331,2024-09-02,15,214.5498702,338.0
18332,2024-09-02,16,284.7145549,232.0
18333,2024-09-02,17,227.9406075,279.0
18334,2024-09-02,18,218.907352,286.0
18335,2024-09-02,19,234.8626995,330.0
18336,2024-09-02,20,248.9423379,313.0
18337,2024-09-02,21,245.3973989,354.0
18338,2024-09-02,22,224.0155818,288.0
18339,2024-09-02,23,195.4219261,308.0
18340,2024-09-03,0,218.4240638,327.0
18341,2024-09-03,1,202.3069076,363.0
18342,2024-09-03,2,212.6099354,347.0
18343,2024-09-03,3,280.6519128,260.0
18344,2024-09-03,4,277.8434404,195.0
18345,2024-09-03,5,276.0706353,114.0
18346,2024-09-03,6,329.0193394,159.0
18347,2024-09-03,7,349.0117194,113.0
18348,2024-09-03,8,431.17179,99.0
18349,2024-09-03,9,352.3968069,102.0
18350,2024-09-03,10,360.8674261,124.0
18351,2024-09-03,11,252.4439775,171.0
18352,2024-09-03,12,187.6284453,502.0
18353,2024-09-03,13,295.5878956,309.0
18354,2024-09-03,14,256.1259671,349.0
18355,2024-09-03,15,216.8138037,358.0
18356,2024-09-03,16,229.0149436,340.0
18357,2024-09-03,17,205.3512587,313.0
18358,2024-09-03,18,231.2568954,305.0
18359,2024-09-03,19,181.4010025,422.0
18360,2024-09-03,20,224.3893994,319.0
18361,2024-09-03,21,222.2409128,440.0
18362,2024-09-03,22,229.765879,583.0
18363,2024-09-03,23,202.7367383,502.0
18364,2024-09-04,0,215.3762815,391.0
18365,2024-09-04,1,230.0728381,342.0
18366,2024-09-04,2,278.2066834,367.0
18367,2024-09-04,3,315.5903822,239.0
18368,2024-09-04,4,248.7644949,221.0
18369,2024-09-04,5,225.4589226,161.0
18370,2024-09-04,6,411.2902401,109.0
18371,2024-09-04,7,336.8582258,110.0
18372,2024-09-04,8,334.8839183,148.0
18373,2024-09-04,9,311.7123159,157.0
18374,2024-09-04,10,312.4088329,174.0
18375,2024-09-04,11,257.5653287,227.0
18376,2024-09-04,12,186.6761386,440.0
18377,2024-09-04,13,193.8490268,404.0
18378,2024-09-04,14,215.9067505,486.0
18379,2024-09-04,15,217.9582455,355.0
18380,2024-09-04,16,259.6705368,361.0
18381,2024-09-04,17,244.8182621,339.0
18382,2024-09-04,18,182.4663835,433.0
18383,2024-09-04,19,222.5708098,366.0
18384,2024-09-04,20,206.3210175,371.0
18385,2024-09-04,21,216.4678434,367.0
18386,2024-09-04,22,196.7052698,364.0
18387,2024-09-04,23,207.2074598,391.0
18388,2024-09-05,0,210.3874914,422.0
18389,2024-09-05,1,176.8342111,392.0
18390,2024-09-05,2,249.1860244,284.0
18391,2024-09-05,3,248.5869197,273.0
18392,2024-09-05,4,280.4795464,261.0
18393,2024-09-05,5,248.2640736,152.0
18394,2024-09-05,6,379.84114,130.0
18395,2024-09-05,7,348.5530951,119.0
18396,2024-09-05,8,466.8967683,101.0
18397,2024-09-05,9,399.6833383,93.0
18398,2024-09-05,10,396.2357368,112.0
18399,2024-09-05,11,249.127735,206.0
18400,2024-09-05,12,188.53323,508.0
18401,2024-09-05,13,216.6740336,360.0
18402,2024-09-05,14,259.742178,359.0
18403,2024-09-05,15,232.1358172,365.0
18404,2024-09-05,16,248.4317976,306.0
18405,2024-09-05,17,204.8093708,347.0
18406,2024-09-05,18,208.3267194,392.0
18407,2024-09-05,19,202.5619782,403.0
18408,2024-09-05,20,169.9743113,443.0
18409,2024-09-05,21,239.7938706,392.0
18410,2024-09-05,22,212.9081779,365.0
18411,2024-09-05,23,237.7951153,356.0
18412,2024-09-06,0,253.5366686,502.0
18413,2024-09-06,1,222.299046,429.0
18414,2024-09-06,2,222.5614421,431.0
18415,2024-09-06,3,307.7347107,279.0
18416,2024-09-06,4,315.8302471,171.0
18417,2024-09-06,5,237.1069887,168.0
18418,2024-09-06,6,424.1106226,121.0
18419,2024-09-06,7,371.9082007,107.0
18420,2024-09-06,8,350.5485873,133.0
18421,2024-09-06,9,361.4229166,107.0
18422,2024-09-06,10,370.0498206,130.0
18423,2024-09-06,11,263.6096996,162.0
18424,2024-09-06,12,176.3424824,466.0
18425,2024-09-06,13,206.2994506,421.0
18426,2024-09-06,14,241.0494968,358.0
18427,2024-09-06,15,184.3750706,409.0
18428,2024-09-06,16,224.3039639,386.0
18429,2024-09-06,17,188.3902094,351.0
18430,2024-09-06,18,241.4017346,379.0
18431,2024-09-06,19,206.6471685,429.0
18432,2024-09-06,20,235.7625651,380.0
18433,2024-09-06,21,249.5819671,377.0
18434,2024-09-06,22,233.1205993,333.0
18435,2024-09-06,23,230.0057846,312.0
18436,2024-09-07,0,202.1208807,410.0
18437,2024-09-07,1,161.316751,437.0
18438,2024-09-07,2,229.3519974,341.0
18439,2024-09-07,3,286.1537192,234.0
18440,2024-09-07,4,279.7916599,277.0
18441,2024-09-07,5,216.1283481,204.0
18442,2024-09-07,6,303.3779364,163.0
18443,2024-09-07,7,334.0276184,138.0
18444,2024-09-07,8,395.6995633,116.0
18445,2024-09-07,9,377.9770307,99.0
18446,2024-09-07,10,348.9056661,140.0
18447,2024-09-07,11,306.4183725,132.0
18448,2024-09-07,12,269.1398817,241.0
18449,2024-09-07,13,281.9313052,244.0
18450,2024-09-07,14,266.5654491,319.0
18451,2024-09-07,15,288.8759461,312.0
18452,2024-09-07,16,202.7462295,431.0
18453,2024-09-07,17,237.0978817,305.0
18454,2024-09-07,18,263.4282433,332.0
18455,2024-09-07,19,228.713571,342.0
18456,2024-09-07,20,247.0720079,283.0
18457,2024-09-07,21,237.695503,331.0
18458,2024-09-07,22,205.8310606,378.0
18459,2024-09-07,23,220.1557206,344.0
18460,2024-09-08,0,220.6373779,322.0
18461,2024-09-08,1,226.8525202,279.0
18462,2024-09-08,2,235.8035327,306.0
18463,2024-09-08,3,252.2877782,242.0
18464,2024-09-08,4,320.4430469,173.0
18465,2024-09-08,5,276.3492554,156.0
18466,2024-09-08,6,340.1850517,142.0
18467,2024-09-08,7,381.2625276,113.0
18468,2024-09-08,8,368.9047868,119.0
18469,2024-09-08,9,402.0944832,100.0
18470,2024-09-08,10,399.5448564,104.0
18471,2024-09-08,11,269.4317185,162.0
18472,2024-09-08,12,305.0954691,190.0
18473,2024-09-08,13,232.6825848,231.0
18474,2024-09-08,14,236.6812446,366.0
18475,2024-09-08,15,226.3215462,309.0
18476,2024-09-08,16,249.0970225,341.0
18477,2024-09-08,17,193.6360675,425.0
18478,2024-09-08,18,189.8749309,404.0
18479,2024-09-08,19,196.8041134,315.0
18480,2024-09-08,20,232.9700985,363.0
18481,2024-09-08,21,186.7068601,412.0
18482,2024-09-08,22,219.8717026,316.0
18483,2024-09-08,23,205.2085873,346.0
18484,2024-09-09,0,218.4501832,299.0
18485,2024-09-09,1,186.0796654,420.0
18486,2024-09-09,2,218.0337353,389.0
18487,2024-09-09,3,266.898189,235.0
18488,2024-09-09,4,261.5079379,222.0
18489,2024-09-09,5,199.5860644,185.0
18490,2024-09-09,6,398.1882025,131.0
18491,2024-09-09,7,460.4239644,76.0
18492,2024-09-09,8,383.1712796,115.0
18493,2024-09-09,9,346.611156,106.0
18494,2024-09-09,10,335.0675853,150.0
18495,2024-09-09,11,292.2763763,221.0
18496,2024-09-09,12,182.7357054,394.0
18497,2024-09-09,13,218.0878106,384.0
18498,2024-09-09,14,212.2799837,439.0
18499,2024-09-09,15,193.0093703,454.0
18500,2024-09-09,16,202.2014838,373.0
18501,2024-09-09,17,216.356623,395.0
18502,2024-09-09,18,232.9539175,441.0
18503,2024-09-09,19,234.4446092,445.0
18504,2024-09-09,20,211.9783396,370.0
18505,2024-09-09,21,217.2539845,378.0
18506,2024-09-09,22,222.2623469,386.0
18507,2024-09-09,23,186.5440411,513.0
18508,2024-09-10,0,216.3084719,457.0
18509,2024-09-10,1,220.3020954,566.0
18510,2024-09-10,2,211.3618752,396.0
18511,2024-09-10,3,238.5652056,285.0
18512,2024-09-10,4,285.9941898,227.0
18513,2024-09-10,5,204.8915135,192.0
18514,2024-09-10,6,403.2806857,112.0
18515,2024-09-10,7,419.1056996,92.0
18516,2024-09-10,8,347.5904799,113.0
18517,2024-09-10,9,386.0612284,94.0
18518,2024-09-10,10,327.7937977,139.0
18519,2024-09-10,11,251.9696418,231.0
18520,2024-09-10,12,173.5881771,459.0
18521,2024-09-10,13,204.8768995,412.0
18522,2024-09-10,14,219.9901717,388.0
18523,2024-09-10,15,197.807576,354.0
18524,2024-09-10,16,242.1590777,344.0
18525,2024-09-10,17,210.6164508,359.0
18526,2024-09-10,18,233.6815798,352.0
18527,2024-09-10,19,204.1595964,410.0
18528,2024-09-10,20,209.6501143,397.0
18529,2024-09-10,21,217.0720115,427.0
18530,2024-09-10,22,200.9871249,344.0
18531,2024-09-10,23,176.3101828,444.0
18532,2024-09-11,0,197.4889005,327.0
18533,2024-09-11,1,170.4376592,441.0
18534,2024-09-11,2,237.8699101,350.0
18535,2024-09-11,3,259.7905537,323.0
18536,2024-09-11,4,312.2260189,183.0
18537,2024-09-11,5,228.9507027,136.0
18538,2024-09-11,6,381.3037664,134.0
18539,2024-09-11,7,407.2835351,80.0
18540,2024-09-11,8,434.2401345,105.0
18541,2024-09-11,9,362.1820568,91.0
18542,2024-09-11,10,375.6629161,112.0
18543,2024-09-11,11,296.9903751,176.0
18544,2024-09-11,12,241.7797722,200.0
18545,2024-09-11,13,215.7900426,308.0
18546,2024-09-11,14,220.2030388,370.0
18547,2024-09-11,15,229.8861507,324.0
18548,2024-09-11,16,225.1331659,357.0
18549,2024-09-11,17,232.215289,374.0
18550,2024-09-11,18,222.6711542,380.0
18551,2024-09-11,19,195.3477337,414.0
18552,2024-09-11,20,278.5458923,430.0
18553,2024-09-11,21,215.0703996,357.0
18554,2024-09-11,22,223.060459,313.0
18555,2024-09-11,23,249.0891855,314.0
18556,2024-09-12,0,205.9813679,323.0
18557,2024-09-12,1,240.3886962,387.0
18558,2024-09-12,2,230.4952409,220.0
18559,2024-09-12,3,264.6938018,207.0
18560,2024-09-12,4,325.7591219,167.0
18561,2024-09-12,5,231.1769941,154.0
18562,2024-09-12,6,374.2138463,114.0
18563,2024-09-12,7,383.8460785,85.0
18564,2024-09-12,8,331.1604716,134.0
18565,2024-09-12,9,383.5919404,95.0
18566,2024-09-12,10,254.5575229,250.0
18567,2024-09-12,11,277.6756608,171.0
18568,2024-09-12,12,207.4968197,326.0
18569,2024-09-12,13,232.9307009,285.0
18570,2024-09-12,14,239.6991118,402.0
18571,2024-09-12,15,222.2469076,334.0
18572,2024-09-12,16,214.1256479,313.0
18573,2024-09-12,17,183.2848009,293.0
18574,2024-09-12,18,204.6874799,363.0
18575,2024-09-12,19,222.5341419,343.0
18576,2024-09-12,20,193.8755044,394.0
18577,2024-09-12,21,250.7637953,362.0
18578,2024-09-12,22,253.569811,284.0
18579,2024-09-12,23,188.8248396,416.0
18580,2024-09-13,0,194.4816094,347.0
18581,2024-09-13,1,203.7757867,394.0
18582,2024-09-13,2,261.1300246,311.0
18583,2024-09-13,3,262.4565356,231.0
18584,2024-09-13,4,346.4444659,162.0
18585,2024-09-13,5,241.6307941,254.0
18586,2024-09-13,6,418.2295423,122.0
18587,2024-09-13,7,387.4988945,80.0
18588,2024-09-13,8,360.9770244,123.0
18589,2024-09-13,9,375.4371184,91.0
18590,2024-09-13,10,300.6022465,149.0
18591,2024-09-13,11,279.9699145,150.0
18592,2024-09-13,12,207.843922,298.0
18593,2024-09-13,13,199.7306308,302.0
18594,2024-09-13,14,236.8836646,388.0
18595,2024-09-13,15,210.9094493,332.0
18596,2024-09-13,16,260.124602,338.0
18597,2024-09-13,17,232.0800662,256.0
18598,2024-09-13,18,244.7524001,309.0
18599,2024-09-13,19,283.0684929,266.0
18600,2024-09-13,20,225.1638492,320.0
18601,2024-09-13,21,233.233484,295.0
18602,2024-09-13,22,246.3456592,258.0
18603,2024-09-13,23,252.7677063,287.0
18604,2024-09-14,0,195.324625,318.0
18605,2024-09-14,1,240.713418,259.0
18606,2024-09-14,2,255.7982023,265.0
18607,2024-09-14,3,214.2297272,280.0
18608,2024-09-14,4,295.0180566,198.0
18609,2024-09-14,5,257.4667652,144.0
18610,2024-09-14,6,388.9500765,112.0
18611,2024-09-14,7,415.5691033,83.0
18612,2024-09-14,8,396.6810297,95.0
18613,2024-09-14,9,251.5222136,133.0
18614,2024-09-14,10,363.370663,115.0
18615,2024-09-14,11,304.0855868,117.0
18616,2024-09-14,12,265.5185514,191.0
18617,2024-09-14,13,268.789721,191.0
18618,2024-09-14,14,250.4470559,265.0
18619,2024-09-14,15,203.7827966,313.0
18620,2024-09-14,16,239.7657391,325.0
18621,2024-09-14,17,215.3296165,284.0
18622,2024-09-14,18,234.616187,278.0
18623,2024-09-14,19,250.372733,242.0
18624,2024-09-14,20,234.7030741,291.0
18625,2024-09-14,21,220.9083298,297.0
18626,2024-09-14,22,227.8633341,257.0
18627,2024-09-14,23,179.0420999,431.0
18628,2024-09-15,0,212.100603,314.0
18629,2024-09-15,1,241.1903914,299.0
18630,2024-09-15,2,216.864833,263.0
18631,2024-09-15,3,282.5106287,282.0
18632,2024-09-15,4,233.1439777,220.0
18633,2024-09-15,5,208.0577076,161.0
18634,2024-09-15,6,352.299252,135.0
18635,2024-09-15,7,418.380283,85.0
18636,2024-09-15,8,450.1113262,88.0
18637,2024-09-15,9,389.0383083,75.0
18638,2024-09-15,10,362.3852848,113.0
18639,2024-09-15,11,337.2991919,105.0
18640,2024-09-15,12,280.5574835,163.0
18641,2024-09-15,13,262.7963749,222.0
18642,2024-09-15,14,252.5411419,246.0
18643,2024-09-15,15,281.4347917,324.0
18644,2024-09-15,16,232.8173107,275.0
18645,2024-09-15,17,239.115059,232.0
18646,2024-09-15,18,252.2460719,279.0
18647,2024-09-15,19,264.2013039,259.0
18648,2024-09-15,20,170.5070218,409.0
18649,2024-09-15,21,222.4236954,251.0
18650,2024-09-15,22,207.3130285,326.0
18651,2024-09-15,23,228.3066154,294.0
18652,2024-09-16,0,198.5874902,373.0
18653,2024-09-16,1,195.0122688,336.0
18654,2024-09-16,2,238.7013552,267.0
18655,2024-09-16,3,316.6513982,184.0
18656,2024-09-16,4,295.4924616,149.0
18657,2024-09-16,5,252.1056127,139.0
18658,2024-09-16,6,341.5771099,147.0
18659,2024-09-16,7,437.979111,72.0
18660,2024-09-16,8,355.0321919,138.0
18661,2024-09-16,9,378.5859223,88.0
18662,2024-09-16,10,232.0517856,183.0
18663,2024-09-16,11,294.4163357,158.0
18664,2024-09-16,12,228.9618258,280.0
18665,2024-09-16,13,235.8235853,371.0
18666,2024-09-16,14,225.3196261,355.0
18667,2024-09-16,15,182.4053409,458.0
18668,2024-09-16,16,224.0720718,403.0
18669,2024-09-16,17,209.6113793,270.0
18670,2024-09-16,18,238.5611063,341.0
18671,2024-09-16,19,222.6935434,318.0
18672,2024-09-16,20,245.1963833,341.0
18673,2024-09-16,21,245.3682229,357.0
18674,2024-09-16,22,196.6579012,363.0
18675,2024-09-16,23,213.033943,328.0
18676,2024-09-17,0,220.0912961,379.0
18677,2024-09-17,1,256.2640802,216.0
18678,2024-09-17,2,242.058901,223.0
18679,2024-09-17,3,318.1306417,196.0
18680,2024-09-17,4,297.3379388,159.0
18681,2024-09-17,5,229.0708006,140.0
18682,2024-09-17,6,393.752099,115.0
18683,2024-09-17,7,371.540102,86.0
18684,2024-09-17,8,377.1938486,102.0
18685,2024-09-17,9,341.4420336,109.0
18686,2024-09-17,10,386.789339,115.0
18687,2024-09-17,11,267.2965204,139.0
18688,2024-09-17,12,192.8219254,320.0
18689,2024-09-17,13,232.262145,292.0
18690,2024-09-17,14,238.5248761,389.0
18691,2024-09-17,15,261.9484289,216.0
18692,2024-09-17,16,256.9731308,306.0
18693,2024-09-17,17,224.6910621,284.0
18694,2024-09-17,18,225.1647414,455.0
18695,2024-09-17,19,198.6440727,453.0
18696,2024-09-17,20,191.9080979,449.0
18697,2024-09-17,21,207.5387651,354.0
18698,2024-09-17,22,233.2394456,326.0
18699,2024-09-17,23,182.8741415,398.0
18700,2024-09-18,0,212.7921957,405.0
18701,2024-09-18,1,233.1806167,278.0
18702,2024-09-18,2,265.5892856,263.0
18703,2024-09-18,3,261.4018028,222.0
18704,2024-09-18,4,304.9309817,173.0
18705,2024-09-18,5,219.6586556,148.0
18706,2024-09-18,6,431.4524602,94.0
18707,2024-09-18,7,318.9665298,98.0
18708,2024-09-18,8,420.5052725,96.0
18709,2024-09-18,9,283.6441153,118.0
18710,2024-09-18,10,258.0031625,165.0
18711,2024-09-18,11,229.8814207,209.0
18712,2024-09-18,12,230.201064,275.0
18713,2024-09-18,13,233.7241473,311.0
18714,2024-09-18,14,216.7803347,494.0
18715,2024-09-18,15,198.9371402,358.0
18716,2024-09-18,16,247.6330382,331.0
18717,2024-09-18,17,235.4584652,316.0
18718,2024-09-18,18,242.8279181,356.0
18719,2024-09-18,19,247.093835,296.0
18720,2024-09-18,20,274.9696116,291.0
18721,2024-09-18,21,223.0552943,334.0
18722,2024-09-18,22,236.1390906,402.0
18723,2024-09-18,23,209.5906265,392.0
18724,2024-09-19,0,213.6691415,311.0
18725,2024-09-19,1,226.7714713,348.0
18726,2024-09-19,2,232.3489675,291.0
18727,2024-09-19,3,247.1216632,261.0
18728,2024-09-19,4,298.5566583,165.0
18729,2024-09-19,5,237.2988854,141.0
18730,2024-09-19,6,374.8493144,108.0
18731,2024-09-19,7,366.969208,87.0
18732,2024-09-19,8,394.912885,95.0
18733,2024-09-19,9,394.0513359,96.0
18734,2024-09-19,10,231.9834573,177.0
18735,2024-09-19,11,271.8077572,161.0
18736,2024-09-19,12,221.4252539,265.0
18737,2024-09-19,13,242.8813282,270.0
18738,2024-09-19,14,242.2832144,345.0
18739,2024-09-19,15,222.0058258,379.0
18740,2024-09-19,16,227.2354296,360.0
18741,2024-09-19,17,228.9156644,305.0
18742,2024-09-19,18,208.2312592,510.0
18743,2024-09-19,19,232.6384867,353.0
18744,2024-09-19,20,191.1271235,406.0
18745,2024-09-19,21,191.8613927,416.0
18746,2024-09-19,22,259.4237657,269.0
18747,2024-09-19,23,245.7770651,290.0
18748,2024-09-20,0,226.8364917,311.0
18749,2024-09-20,1,193.5953955,319.0
18750,2024-09-20,2,256.2845709,307.0
18751,2024-09-20,3,279.8110639,234.0
18752,2024-09-20,4,283.7583531,181.0
18753,2024-09-20,5,241.8439636,155.0
18754,2024-09-20,6,405.5936555,104.0
18755,2024-09-20,7,435.5749546,79.0
18756,2024-09-20,8,307.6177351,150.0
18757,2024-09-20,9,399.4933789,83.0
18758,2024-09-20,10,287.9268844,193.0
18759,2024-09-20,11,192.5181789,216.0
18760,2024-09-20,12,223.6646426,301.0
18761,2024-09-20,13,237.9643813,325.0
18762,2024-09-20,14,260.3216749,333.0
18763,2024-09-20,15,264.8188781,270.0
18764,2024-09-20,16,250.0479952,294.0
18765,2024-09-20,17,256.3353261,279.0
18766,2024-09-20,18,260.2684607,313.0
18767,2024-09-20,19,203.1789115,274.0
18768,2024-09-20,20,254.1415137,295.0
18769,2024-09-20,21,218.8798502,330.0
18770,2024-09-20,22,230.841748,320.0
18771,2024-09-20,23,210.8322151,298.0
18772,2024-09-21,0,214.7834652,350.0
18773,2024-09-21,1,201.5240166,342.0
18774,2024-09-21,2,195.1704093,309.0
18775,2024-09-21,3,263.5944325,220.0
18776,2024-09-21,4,301.9956646,175.0
18777,2024-09-21,5,244.2144252,153.0
18778,2024-09-21,6,399.4305952,107.0
18779,2024-09-21,7,445.8351704,70.0
18780,2024-09-21,8,362.1237224,111.0
18781,2024-09-21,9,431.0755736,86.0
18782,2024-09-21,10,497.6605941,79.0
18783,2024-09-21,11,345.6689637,99.0
18784,2024-09-21,12,276.5173071,137.0
18785,2024-09-21,13,289.1075016,195.0
18786,2024-09-21,14,211.980085,336.0
18787,2024-09-21,15,235.5539244,279.0
18788,2024-09-21,16,228.1409594,318.0
18789,2024-09-21,17,202.5784956,263.0
18790,2024-09-21,18,244.1477881,263.0
18791,2024-09-21,19,235.251321,248.0
18792,2024-09-21,20,243.2999275,254.0
18793,2024-09-21,21,314.7252614,164.0
18794,2024-09-21,22,269.2660188,221.0
18795,2024-09-21,23,194.2201704,324.0
18796,2024-09-22,0,197.4350028,387.0
18797,2024-09-22,1,214.8107808,259.0
18798,2024-09-22,2,219.2268937,282.0
18799,2024-09-22,3,250.5501512,222.0
18800,2024-09-22,4,272.226158,186.0
18801,2024-09-22,5,225.809583,158.0
18802,2024-09-22,6,375.9608639,117.0
18803,2024-09-22,7,509.4526088,62.0
18804,2024-09-22,8,438.9959702,78.0
18805,2024-09-22,9,266.6709099,120.0
18806,2024-09-22,10,406.901982,86.0
18807,2024-09-22,11,306.2988288,124.0
18808,2024-09-22,12,307.8261287,158.0
18809,2024-09-22,13,258.2998202,190.0
18810,2024-09-22,14,279.0349435,203.0
18811,2024-09-22,15,244.7901662,261.0
18812,2024-09-22,16,243.3731041,275.0
18813,2024-09-22,17,182.226035,343.0
18814,2024-09-22,18,209.7824359,292.0
18815,2024-09-22,19,229.6339332,285.0
18816,2024-09-22,20,237.3111174,249.0
18817,2024-09-22,21,257.2747176,242.0
18818,2024-09-22,22,206.1572178,304.0
18819,2024-09-22,23,200.0737959,333.0
18820,2024-09-23,0,211.9549579,305.0
18821,2024-09-23,1,202.220947,352.0
18822,2024-09-23,2,231.0109029,244.0
18823,2024-09-23,3,266.0639646,192.0
18824,2024-09-23,4,279.0316219,179.0
18825,2024-09-23,5,237.3404079,174.0
18826,2024-09-23,6,394.8637586,106.0
18827,2024-09-23,7,526.8847063,53.0
18828,2024-09-23,8,429.7528235,83.0
18829,2024-09-23,9,370.3321893,92.0
18830,2024-09-23,10,373.099938,103.0
18831,2024-09-23,11,288.8329791,141.0
18832,2024-09-23,12,247.117499,218.0
18833,2024-09-23,13,222.2707782,292.0
18834,2024-09-23,14,263.3311006,303.0
18835,2024-09-23,15,210.840722,363.0
18836,2024-09-23,16,217.9819976,326.0
18837,2024-09-23,17,191.5520155,360.0
18838,2024-09-23,18,246.1432163,284.0
18839,2024-09-23,19,160.5717032,476.0
18840,2024-09-23,20,225.3586323,353.0
18841,2024-09-23,21,223.562817,349.0
18842,2024-09-23,22,240.5861193,286.0
18843,2024-09-23,23,202.9414688,347.0
18844,2024-09-24,0,205.1590588,318.0
18845,2024-09-24,1,224.7613646,351.0
18846,2024-09-24,2,274.7837661,314.0
18847,2024-09-24,3,241.0870354,278.0
18848,2024-09-24,4,274.2036766,169.0
18849,2024-09-24,5,203.8895435,190.0
18850,2024-09-24,6,305.3802645,166.0
18851,2024-09-24,7,468.2822156,68.0
18852,2024-09-24,8,332.8702908,147.0
18853,2024-09-24,9,333.613355,92.0
18854,2024-09-24,10,294.7913657,142.0
18855,2024-09-24,11,292.7855391,159.0
18856,2024-09-24,12,243.0307344,253.0
18857,2024-09-24,13,202.7185531,329.0
18858,2024-09-24,14,200.0136314,392.0
18859,2024-09-24,15,199.289274,395.0
18860,2024-09-24,16,230.495457,322.0
18861,2024-09-24,17,230.1569581,254.0
18862,2024-09-24,18,211.6693001,367.0
18863,2024-09-24,19,196.5196204,385.0
18864,2024-09-24,20,234.2186461,406.0
18865,2024-09-24,21,259.0862856,438.0
18866,2024-09-24,22,250.338143,348.0
18867,2024-09-24,23,193.9251912,354.0
18868,2024-09-25,0,223.4105982,329.0
18869,2024-09-25,1,231.4910418,280.0
18870,2024-09-25,2,262.0896411,305.0
18871,2024-09-25,3,298.8717537,213.0
18872,2024-09-25,4,317.4995937,116.0
18873,2024-09-25,5,212.0922623,169.0
18874,2024-09-25,6,363.7433452,118.0
18875,2024-09-25,7,391.3104088,90.0
18876,2024-09-25,8,342.3955018,132.0
18877,2024-09-25,9,361.8630892,85.0
18878,2024-09-25,10,307.3416293,165.0
18879,2024-09-25,11,235.8298685,173.0
18880,2024-09-25,12,214.6406328,273.0
18881,2024-09-25,13,195.8232193,342.0
18882,2024-09-25,14,206.6084586,429.0
18883,2024-09-25,15,227.3705295,357.0
18884,2024-09-25,16,229.2562582,275.0
18885,2024-09-25,17,215.2912807,253.0
18886,2024-09-25,18,256.5538143,281.0
18887,2024-09-25,19,232.3753725,311.0
18888,2024-09-25,20,236.5770252,334.0
18889,2024-09-25,21,251.0174678,296.0
18890,2024-09-25,22,159.8703041,438.0
18891,2024-09-25,23,221.2089796,395.0
18892,2024-09-26,0,209.525549,306.0
18893,2024-09-26,1,247.9444333,244.0
18894,2024-09-26,2,226.421972,265.0
18895,2024-09-26,3,286.2308032,215.0
18896,2024-09-26,4,247.6371711,233.0
18897,2024-09-26,5,215.3730559,166.0
18898,2024-09-26,6,209.9734296,95.0
18899,2024-09-26,7,201.122391,59.0
18900,2024-09-26,8,227.1637963,89.0
18901,2024-09-26,9,154.2181606,74.0
18902,2024-09-26,10,218.0224254,118.0
18903,2024-09-26,11,161.3679008,122.0
18904,2024-09-26,12,141.8634058,217.0
18905,2024-09-26,13,162.677276,433.0
18906,2024-09-26,14,228.4774414,340.0
18907,2024-09-26,15,207.1335946,382.0
18908,2024-09-26,16,251.0026414,292.0
18909,2024-09-26,17,182.116467,352.0
18910,2024-09-26,18,184.0317997,554.0
18911,2024-09-26,19,203.5648193,343.0
18912,2024-09-26,20,218.5118944,338.0
18913,2024-09-26,21,198.2109737,332.0
18914,2024-09-26,22,235.2227754,284.0
18915,2024-09-26,23,217.1619314,313.0
18916,2024-09-27,0,215.9503655,398.0
18917,2024-09-27,1,217.2221448,302.0
18918,2024-09-27,2,271.2837706,264.0
18919,2024-09-27,3,259.4332808,259.0
18920,2024-09-27,4,243.5629415,199.0
18921,2024-09-27,5,271.2805791,124.0
18922,2024-09-27,6,375.061203,132.0
18923,2024-09-27,7,366.578292,95.0
18924,2024-09-27,8,389.4703187,98.0
18925,2024-09-27,9,340.7774862,94.0
18926,2024-09-27,10,362.741936,153.0
18927,2024-09-27,11,275.6577306,135.0
18928,2024-09-27,12,215.5882604,223.0
18929,2024-09-27,13,226.2515433,323.0
18930,2024-09-27,14,208.8027571,419.0
18931,2024-09-27,15,214.7003868,304.0
18932,2024-09-27,16,241.4245588,277.0
18933,2024-09-27,17,303.2656469,290.0
18934,2024-09-27,18,229.8354257,347.0
18935,2024-09-27,19,244.3462484,379.0
18936,2024-09-27,20,228.0270829,287.0
18937,2024-09-27,21,241.4903926,331.0
18938,2024-09-27,22,228.87108,333.0
18939,2024-09-27,23,224.9732261,352.0
18940,2024-09-28,0,259.4800087,346.0
18941,2024-09-28,1,232.5414401,337.0
18942,2024-09-28,2,211.2126265,290.0
18943,2024-09-28,3,264.4341935,261.0
18944,2024-09-28,4,308.7741372,170.0
18945,2024-09-28,5,228.5910428,207.0
18946,2024-09-28,6,370.3513611,130.0
18947,2024-09-28,7,260.9942227,153.0
18948,2024-09-28,8,327.9002579,149.0
18949,2024-09-28,9,357.312721,92.0
18950,2024-09-28,10,392.6872571,98.0
18951,2024-09-28,11,304.9372207,116.0
18952,2024-09-28,12,233.1138441,205.0
18953,2024-09-28,13,244.6027699,217.0
18954,2024-09-28,14,206.2397716,378.0
18955,2024-09-28,15,191.2330544,399.0
18956,2024-09-28,16,219.5932401,319.0
18957,2024-09-28,17,227.6686435,244.0
18958,2024-09-28,18,259.3051979,272.0
18959,2024-09-28,19,248.1793302,309.0
18960,2024-09-28,20,257.2500137,268.0
18961,2024-09-28,21,238.0255875,224.0
18962,2024-09-28,22,218.1680037,281.0
18963,2024-09-28,23,200.7995498,306.0
18964,2024-09-29,0,185.4023099,343.0
18965,2024-09-29,1,230.6161879,366.0
18966,2024-09-29,2,222.7237788,314.0
18967,2024-09-29,3,239.2048125,244.0
18968,2024-09-29,4,235.5237906,241.0
18969,2024-09-29,5,227.9783799,160.0
18970,2024-09-29,6,340.7174022,132.0
18971,2024-09-29,7,386.5024622,88.0
18972,2024-09-29,8,348.8549286,111.0
18973,2024-09-29,9,370.0518532,88.0
18974,2024-09-29,10,392.7410744,93.0
18975,2024-09-29,11,249.3327937,155.0
18976,2024-09-29,12,272.2832488,166.0
18977,2024-09-29,13,371.4571213,204.0
18978,2024-09-29,14,251.3716521,315.0
18979,2024-09-29,15,205.1060571,459.0
18980,2024-09-29,16,250.5000135,321.0
18981,2024-09-29,17,169.5050836,303.0
18982,2024-09-29,18,229.1609705,331.0
18983,2024-09-29,19,155.2918646,464.0
18984,2024-09-29,20,202.0669659,364.0
18985,2024-09-29,21,213.9458935,346.0
18986,2024-09-29,22,233.3557552,281.0
18987,2024-09-29,23,160.7831778,328.0
18988,2024-09-30,0,182.6155511,308.0
18989,2024-09-30,1,191.4155528,287.0
18990,2024-09-30,2,200.1963864,230.0
18991,2024-09-30,3,244.9004305,194.0
18992,2024-09-30,4,153.0670032,155.0
18993,2024-09-30,5,106.3588241,110.0
18994,2024-09-30,6,240.4512119,89.0
18995,2024-09-30,7,178.8034716,58.0
18996,2024-09-30,8,201.211289,93.0
18997,2024-09-30,9,198.5171903,62.0
18998,2024-09-30,10,232.7460122,84.0
18999,2024-09-30,11,223.4832968,170.0
19000,2024-09-30,12,118.3807333,278.0
19001,2024-09-30,13,150.7207894,351.0
19002,2024-09-30,14,158.6776365,392.0
19003,2024-09-30,15,182.3068879,371.0
19004,2024-09-30,16,205.0277497,345.0
19005,2024-09-30,17,146.472862,261.0
19006,2024-09-30,18,212.1497053,257.0
19007,2024-09-30,19,163.7967757,399.0
19008,2024-09-30,20,141.9481614,337.0
19009,2024-09-30,21,184.1971208,316.0
19010,2024-09-30,22,197.4532889,283.0
19011,2024-09-30,23,169.0609027,372.0
19012,2024-10-01,0,192.9833062,346.0
19013,2024-10-01,1,159.8762091,334.0
19014,2024-10-01,2,191.6998772,256.0
19015,2024-10-01,3,241.0535081,206.0
19016,2024-10-01,4,115.3692845,177.0
19017,2024-10-01,5,117.9853158,123.0
19018,2024-10-01,6,290.1046115,71.0
19019,2024-10-01,7,200.0282625,61.0
19020,2024-10-01,8,229.7775645,115.0
19021,2024-10-01,9,141.1849285,95.0
19022,2024-10-01,10,216.8019158,98.0
19023,2024-10-01,11,159.8451941,124.0
19024,2024-10-01,12,150.1208601,260.0
19025,2024-10-01,13,168.4286856,324.0
19026,2024-10-01,14,201.4364051,339.0
19027,2024-10-01,15,163.8248181,390.0
19028,2024-10-01,16,193.8159001,301.0
19029,2024-10-01,17,144.9832527,304.0
19030,2024-10-01,18,167.2181795,298.0
19031,2024-10-01,19,158.6200205,343.0
19032,2024-10-01,20,164.8218686,396.0
19033,2024-10-01,21,156.9689003,341.0
19034,2024-10-01,22,144.6633646,333.0
19035,2024-10-01,23,146.2189981,332.0
19036,2024-10-02,0,130.1865834,271.0
19037,2024-10-02,1,133.2292648,292.0
19038,2024-10-02,2,166.8082348,283.0
19039,2024-10-02,3,192.9996171,214.0
19040,2024-10-02,4,229.0922756,200.0
19041,2024-10-02,5,128.2815662,120.0
19042,2024-10-02,6,295.1107168,83.0
19043,2024-10-02,7,231.1814493,47.0
19044,2024-10-02,8,169.3378958,87.0
19045,2024-10-02,9,212.1126783,56.0
19046,2024-10-02,10,254.4627092,75.0
19047,2024-10-02,11,166.2858651,99.0
19048,2024-10-02,12,145.3664997,240.0
19049,2024-10-02,13,189.6754127,294.0
19050,2024-10-02,14,160.0391592,315.0
19051,2024-10-02,15,169.8946853,336.0
19052,2024-10-02,16,196.4668922,284.0
19053,2024-10-02,17,162.3287208,339.0
19054,2024-10-02,18,186.9339112,373.0
19055,2024-10-02,19,163.7223917,361.0
19056,2024-10-02,20,231.8952576,414.0
19057,2024-10-02,21,186.8488557,351.0
19058,2024-10-02,22,169.1320999,352.0
19059,2024-10-02,23,155.5247501,306.0
19060,2024-10-03,0,173.5381319,383.0
19061,2024-10-03,1,168.6806623,315.0
19062,2024-10-03,2,172.9467407,387.0
19063,2024-10-03,3,216.7098363,180.0
19064,2024-10-03,4,159.1680235,111.0
19065,2024-10-03,5,92.99105246,158.0
19066,2024-10-03,6,237.7963574,97.0
19067,2024-10-03,7,191.8804809,51.0
19068,2024-10-03,8,224.7616796,100.0
19069,2024-10-03,9,157.1933177,86.0
19070,2024-10-03,10,226.3787122,89.0
19071,2024-10-03,11,186.8476676,100.0
19072,2024-10-03,12,122.1952677,285.0
19073,2024-10-03,13,157.3443766,367.0
19074,2024-10-03,14,166.8438885,473.0
19075,2024-10-03,15,172.561344,297.0
19076,2024-10-03,16,189.5270019,336.0
19077,2024-10-03,17,142.562911,345.0
19078,2024-10-03,18,168.4929194,341.0
19079,2024-10-03,19,193.6925856,321.0
19080,2024-10-03,20,140.7248592,326.0
19081,2024-10-03,21,172.8624969,371.0
19082,2024-10-03,22,172.2767979,300.0
19083,2024-10-03,23,175.209007,339.0
19084,2024-10-04,0,169.0800063,335.0
19085,2024-10-04,1,247.6354854,340.0
19086,2024-10-04,2,163.8494037,203.0
19087,2024-10-04,3,224.3578872,203.0
19088,2024-10-04,4,202.3155254,137.0
19089,2024-10-04,5,110.7742217,139.0
19090,2024-10-04,6,233.0652449,96.0
19091,2024-10-04,7,166.7953162,70.0
19092,2024-10-04,8,224.4756313,114.0
19093,2024-10-04,9,162.24618,84.0
19094,2024-10-04,10,294.8108001,87.0
19095,2024-10-04,11,123.1474391,109.0
19096,2024-10-04,12,177.997118,219.0
19097,2024-10-04,13,168.3303091,285.0
19098,2024-10-04,14,172.7543812,367.0
19099,2024-10-04,15,156.8924353,359.0
19100,2024-10-04,16,175.799304,375.0
19101,2024-10-04,17,157.8685816,237.0
19102,2024-10-04,18,222.3229544,251.0
19103,2024-10-04,19,189.9205729,302.0
19104,2024-10-04,20,169.6963829,297.0
19105,2024-10-04,21,166.106148,275.0
19106,2024-10-04,22,162.7119418,268.0
19107,2024-10-04,23,148.2602575,275.0
19108,2024-10-05,0,167.7849891,255.0
19109,2024-10-05,1,198.1792435,241.0
19110,2024-10-05,2,182.9727095,228.0
19111,2024-10-05,3,204.1894637,201.0
19112,2024-10-05,4,183.5091656,177.0
19113,2024-10-05,5,110.3898923,134.0
19114,2024-10-05,6,282.321235,96.0
19115,2024-10-05,7,199.7917556,47.0
19116,2024-10-05,8,190.298725,78.0
19117,2024-10-05,9,137.388215,97.0
19118,2024-10-05,10,251.9299118,98.0
19119,2024-10-05,11,227.5741681,81.0
19120,2024-10-05,12,105.0897677,166.0
19121,2024-10-05,13,209.2690067,192.0
19122,2024-10-05,14,192.0003151,238.0
19123,2024-10-05,15,161.5270136,217.0
19124,2024-10-05,16,184.7079368,365.0
19125,2024-10-05,17,110.6009148,290.0
19126,2024-10-05,18,184.2810018,438.0
19127,2024-10-05,19,158.6697934,235.0
19128,2024-10-05,20,151.8104211,260.0
19129,2024-10-05,21,232.6313949,238.0
19130,2024-10-05,22,208.7096936,227.0
19131,2024-10-05,23,196.7360359,215.0
19132,2024-10-06,0,177.3678463,220.0
19133,2024-10-06,1,197.1947533,281.0
19134,2024-10-06,2,228.8357208,242.0
19135,2024-10-06,3,152.4082172,241.0
19136,2024-10-06,4,156.2131811,226.0
19137,2024-10-06,5,111.6216538,158.0
19138,2024-10-06,6,204.6160024,123.0
19139,2024-10-06,7,169.7190838,84.0
19140,2024-10-06,8,150.6170016,90.0
19141,2024-10-06,9,236.9127126,59.0
19142,2024-10-06,10,164.7429671,119.0
19143,2024-10-06,11,186.2944001,63.0
19144,2024-10-06,12,125.2092342,154.0
19145,2024-10-06,13,191.6965584,199.0
19146,2024-10-06,14,191.3981462,208.0
19147,2024-10-06,15,221.6932922,200.0
19148,2024-10-06,16,197.2439376,250.0
19149,2024-10-06,17,130.6259002,216.0
19150,2024-10-06,18,190.3533307,291.0
19151,2024-10-06,19,189.9201362,259.0
19152,2024-10-06,20,193.5794397,327.0
19153,2024-10-06,21,211.496418,233.0
19154,2024-10-06,22,175.9441928,248.0
19155,2024-10-06,23,142.1765926,269.0
19156,2024-10-07,0,174.7741559,233.0
19157,2024-10-07,1,193.1022838,220.0
19158,2024-10-07,2,201.8792674,193.0
19159,2024-10-07,3,211.3516515,165.0
19160,2024-10-07,4,189.8143329,183.0
19161,2024-10-07,5,110.0326723,136.0
19162,2024-10-07,6,219.3286228,111.0
19163,2024-10-07,7,170.9181261,88.0
19164,2024-10-07,8,227.9254681,114.0
19165,2024-10-07,9,222.3942286,67.0
19166,2024-10-07,10,219.739331,119.0
19167,2024-10-07,11,165.1056489,108.0
19168,2024-10-07,12,155.8795217,236.0
19169,2024-10-07,13,193.2840537,383.0
19170,2024-10-07,14,218.7249719,273.0
19171,2024-10-07,15,187.5903261,239.0
19172,2024-10-07,16,156.9090105,247.0
19173,2024-10-07,17,148.6560761,264.0
19174,2024-10-07,18,198.9624369,352.0
19175,2024-10-07,19,206.334989,279.0
19176,2024-10-07,20,186.2386343,292.0
19177,2024-10-07,21,173.9120988,353.0
19178,2024-10-07,22,155.9725375,334.0
19179,2024-10-07,23,127.203635,259.0
19180,2024-10-08,0,156.4977044,308.0
19181,2024-10-08,1,162.1227498,298.0
19182,2024-10-08,2,161.7410031,233.0
19183,2024-10-08,3,203.5156171,229.0
19184,2024-10-08,4,208.4455997,156.0
19185,2024-10-08,5,112.6639511,143.0
19186,2024-10-08,6,241.9572811,99.0
19187,2024-10-08,7,203.9022264,74.0
19188,2024-10-08,8,235.7531867,54.0
19189,2024-10-08,9,202.2826745,86.0
19190,2024-10-08,10,230.2578259,113.0
19191,2024-10-08,11,156.1462474,128.0
19192,2024-10-08,12,173.4135175,232.0
19193,2024-10-08,13,182.2983377,317.0
19194,2024-10-08,14,236.5554562,336.0
19195,2024-10-08,15,208.7399063,299.0
19196,2024-10-08,16,145.4053843,448.0
19197,2024-10-08,17,117.2125251,339.0
19198,2024-10-08,18,172.3841403,279.0
19199,2024-10-08,19,167.7820187,357.0
19200,2024-10-08,20,210.1055854,293.0
19201,2024-10-08,21,213.1498195,341.0
19202,2024-10-08,22,185.3708769,416.0
19203,2024-10-08,23,152.6494309,410.0
19204,2024-10-09,0,166.9039539,460.0
19205,2024-10-09,1,169.9803287,425.0
19206,2024-10-09,2,160.6273325,439.0
19207,2024-10-09,3,250.4044066,205.0
19208,2024-10-09,4,197.2095521,192.0
19209,2024-10-09,5,133.8388809,117.0
19210,2024-10-09,6,240.9716611,102.0
19211,2024-10-09,7,151.0981375,131.0
19212,2024-10-09,8,223.8442171,89.0
19213,2024-10-09,9,214.7714037,92.0
19214,2024-10-09,10,228.310874,103.0
19215,2024-10-09,11,195.2201077,136.0
19216,2024-10-09,12,163.484597,225.0
19217,2024-10-09,13,176.4399455,252.0
19218,2024-10-09,14,173.3076438,454.0
19219,2024-10-09,15,154.9598355,373.0
19220,2024-10-09,16,155.9348579,356.0
19221,2024-10-09,17,158.5508672,252.0
19222,2024-10-09,18,189.3790288,353.0
19223,2024-10-09,19,161.8630595,322.0
19224,2024-10-09,20,168.6036586,292.0
19225,2024-10-09,21,196.8710926,273.0
19226,2024-10-09,22,212.6753985,416.0
19227,2024-10-09,23,151.4785409,354.0
19228,2024-10-10,0,164.947375,257.0
19229,2024-10-10,1,180.2249675,309.0
19230,2024-10-10,2,155.1134306,255.0
19231,2024-10-10,3,191.3546796,248.0
19232,2024-10-10,4,168.6938283,157.0
19233,2024-10-10,5,182.4981866,68.0
19234,2024-10-10,6,251.942206,95.0
19235,2024-10-10,7,196.6602768,75.0
19236,2024-10-10,8,220.2448133,114.0
19237,2024-10-10,9,239.6420137,72.0
19238,2024-10-10,10,249.3298141,119.0
19239,2024-10-10,11,178.9336051,138.0
19240,2024-10-10,12,202.142495,231.0
19241,2024-10-10,13,209.4699554,276.0
19242,2024-10-10,14,201.2281769,309.0
19243,2024-10-10,15,182.5480075,319.0
19244,2024-10-10,16,156.3394484,286.0
19245,2024-10-10,17,138.3949856,267.0
19246,2024-10-10,18,217.2670559,250.0
19247,2024-10-10,19,176.4850283,306.0
19248,2024-10-10,20,205.613845,299.0
19249,2024-10-10,21,188.5514887,299.0
19250,2024-10-10,22,164.911944,324.0
19251,2024-10-10,23,162.7253547,294.0
19252,2024-10-11,0,166.2184693,322.0
19253,2024-10-11,1,184.6480448,425.0
19254,2024-10-11,2,162.343381,335.0
19255,2024-10-11,3,212.3164931,232.0
19256,2024-10-11,4,182.2914303,187.0
19257,2024-10-11,5,147.3007468,104.0
19258,2024-10-11,6,267.7578801,101.0
19259,2024-10-11,7,237.4054403,100.0
19260,2024-10-11,8,182.726007,116.0
19261,2024-10-11,9,194.0908952,106.0
19262,2024-10-11,10,250.8005565,108.0
19263,2024-10-11,11,191.2109424,148.0
19264,2024-10-11,12,160.8523185,313.0
19265,2024-10-11,13,182.5289332,372.0
19266,2024-10-11,14,208.5381259,370.0
19267,2024-10-11,15,175.1931726,336.0
19268,2024-10-11,16,150.896045,474.0
19269,2024-10-11,17,173.6525069,314.0
19270,2024-10-11,18,192.533191,306.0
19271,2024-10-11,19,146.7875579,391.0
19272,2024-10-11,20,172.9467589,403.0
19273,2024-10-11,21,185.1983795,323.0
19274,2024-10-11,22,191.0725288,299.0
19275,2024-10-11,23,190.574446,342.0
19276,2024-10-12,0,162.5592028,306.0
19277,2024-10-12,1,186.5324314,262.0
19278,2024-10-12,2,170.6870829,292.0
19279,2024-10-12,3,206.2572308,274.0
19280,2024-10-12,4,241.8866541,179.0
19281,2024-10-12,5,185.2477448,186.0
19282,2024-10-12,6,235.4090382,172.0
19283,2024-10-12,7,210.1732344,74.0
19284,2024-10-12,8,233.8982831,90.0
19285,2024-10-12,9,190.8590503,62.0
19286,2024-10-12,10,343.9908549,80.0
19287,2024-10-12,11,144.1655127,109.0
19288,2024-10-12,12,144.8824865,185.0
19289,2024-10-12,13,237.7830801,214.0
19290,2024-10-12,14,192.3748402,304.0
19291,2024-10-12,15,145.3659502,250.0
19292,2024-10-12,16,212.464528,299.0
19293,2024-10-12,17,152.0637308,311.0
19294,2024-10-12,18,164.382301,349.0
19295,2024-10-12,19,192.2609276,259.0
19296,2024-10-12,20,187.2451115,275.0
19297,2024-10-12,21,177.1455023,292.0
19298,2024-10-12,22,251.2002159,316.0
19299,2024-10-12,23,214.6560888,325.0
19300,2024-10-13,0,190.5213117,320.0
19301,2024-10-13,1,240.8417604,320.0
19302,2024-10-13,2,217.051273,334.0
19303,2024-10-13,3,236.6340356,290.0
19304,2024-10-13,4,312.7218214,153.0
19305,2024-10-13,5,278.0483452,131.0
19306,2024-10-13,6,305.9766192,180.0
19307,2024-10-13,7,404.4141975,98.0
19308,2024-10-13,8,426.1702762,97.0
19309,2024-10-13,9,448.40881,76.0
19310,2024-10-13,10,351.583801,151.0
19311,2024-10-13,11,322.5613526,128.0
19312,2024-10-13,12,320.7016501,220.0
19313,2024-10-13,13,298.7145117,204.0
19314,2024-10-13,14,228.8412149,301.0
19315,2024-10-13,15,216.1703629,318.0
19316,2024-10-13,16,200.3268439,363.0
19317,2024-10-13,17,190.3324961,318.0
19318,2024-10-13,18,219.6588491,322.0
19319,2024-10-13,19,209.4141656,319.0
19320,2024-10-13,20,213.1877093,356.0
19321,2024-10-13,21,251.3929777,260.0
19322,2024-10-13,22,245.3537008,311.0
19323,2024-10-13,23,230.6933383,346.0
19324,2024-10-14,0,243.8490208,271.0
19325,2024-10-14,1,229.3632962,338.0
19326,2024-10-14,2,208.8162348,295.0
19327,2024-10-14,3,275.0816102,196.0
19328,2024-10-14,4,277.2220063,219.0
19329,2024-10-14,5,255.235894,151.0
19330,2024-10-14,6,311.8699826,171.0
19331,2024-10-14,7,367.3814595,110.0
19332,2024-10-14,8,387.25835,110.0
19333,2024-10-14,9,334.8581094,106.0
19334,2024-10-14,10,296.0720455,149.0
19335,2024-10-14,11,288.8720303,161.0
19336,2024-10-14,12,232.2802324,266.0
19337,2024-10-14,13,258.7271604,318.0
19338,2024-10-14,14,199.4652906,628.0
19339,2024-10-14,15,218.3972038,355.0
19340,2024-10-14,16,260.4054629,316.0
19341,2024-10-14,17,218.0822817,392.0
19342,2024-10-14,18,235.728775,340.0
19343,2024-10-14,19,235.3992476,289.0
19344,2024-10-14,20,216.5818311,341.0
19345,2024-10-14,21,227.7959737,322.0
19346,2024-10-14,22,232.1350211,364.0
19347,2024-10-14,23,228.346532,336.0
19348,2024-10-15,0,232.8000276,290.0
19349,2024-10-15,1,223.5384404,341.0
19350,2024-10-15,2,189.7474182,426.0
19351,2024-10-15,3,251.6086259,250.0
19352,2024-10-15,4,279.1609933,171.0
19353,2024-10-15,5,283.4648161,140.0
19354,2024-10-15,6,329.3748917,143.0
19355,2024-10-15,7,371.0581118,93.0
19356,2024-10-15,8,396.1047994,103.0
19357,2024-10-15,9,380.8079838,117.0
19358,2024-10-15,10,321.7633227,151.0
19359,2024-10-15,11,289.3682904,138.0
19360,2024-10-15,12,274.2090981,238.0
19361,2024-10-15,13,250.8799761,312.0
19362,2024-10-15,14,242.224611,403.0
19363,2024-10-15,15,250.5384837,318.0
19364,2024-10-15,16,248.3200491,317.0
19365,2024-10-15,17,195.3998195,401.0
19366,2024-10-15,18,218.1274855,426.0
19367,2024-10-15,19,267.7951873,380.0
19368,2024-10-15,20,229.4379495,425.0
19369,2024-10-15,21,232.7155234,330.0
19370,2024-10-15,22,206.7312932,430.0
19371,2024-10-15,23,204.5740799,423.0
19372,2024-10-16,0,205.7237412,407.0
19373,2024-10-16,1,253.0315742,385.0
19374,2024-10-16,2,243.5126168,390.0
19375,2024-10-16,3,270.4048743,229.0
19376,2024-10-16,4,324.9478717,177.0
19377,2024-10-16,5,319.1027973,125.0
19378,2024-10-16,6,378.416907,130.0
19379,2024-10-16,7,359.6851711,111.0
19380,2024-10-16,8,395.6411237,102.0
19381,2024-10-16,9,378.3931276,110.0
19382,2024-10-16,10,425.2102467,127.0
19383,2024-10-16,11,278.5010549,137.0
19384,2024-10-16,12,220.9472731,244.0
19385,2024-10-16,13,244.2968763,322.0
19386,2024-10-16,14,239.9385896,364.0
19387,2024-10-16,15,216.0332078,296.0
19388,2024-10-16,16,257.5236551,295.0
19389,2024-10-16,17,275.8341333,211.0
19390,2024-10-16,18,241.7864132,378.0
19391,2024-10-16,19,257.3480657,282.0
19392,2024-10-16,20,242.5889768,413.0
19393,2024-10-16,21,283.8702797,415.0
19394,2024-10-16,22,248.6791409,407.0
19395,2024-10-16,23,222.67847,300.0
19396,2024-10-17,0,281.8129253,307.0
19397,2024-10-17,1,229.2931066,349.0
19398,2024-10-17,2,260.5008043,302.0
19399,2024-10-17,3,272.7727252,230.0
19400,2024-10-17,4,296.4619217,175.0
19401,2024-10-17,5,274.4158051,134.0
19402,2024-10-17,6,324.5070611,150.0
19403,2024-10-17,7,333.6609375,113.0
19404,2024-10-17,8,385.8936445,105.0
19405,2024-10-17,9,336.2530611,111.0
19406,2024-10-17,10,355.049288,148.0
19407,2024-10-17,11,271.8118904,166.0
19408,2024-10-17,12,242.5077628,233.0
19409,2024-10-17,13,239.287244,286.0
19410,2024-10-17,14,260.6746897,388.0
19411,2024-10-17,15,241.2141747,308.0
19412,2024-10-17,16,230.7648002,351.0
19413,2024-10-17,17,242.7042041,261.0
19414,2024-10-17,18,225.8564016,403.0
19415,2024-10-17,19,226.3362309,348.0
19416,2024-10-17,20,249.3307261,327.0
19417,2024-10-17,21,261.4261272,300.0
19418,2024-10-17,22,212.8860543,365.0
19419,2024-10-17,23,214.2457972,337.0
19420,2024-10-18,0,240.0607664,366.0
19421,2024-10-18,1,261.5327493,346.0
19422,2024-10-18,2,273.0154117,265.0
19423,2024-10-18,3,290.3498828,221.0
19424,2024-10-18,4,309.8798196,171.0
19425,2024-10-18,5,275.2746029,125.0
19426,2024-10-18,6,325.2727018,138.0
19427,2024-10-18,7,373.0689151,98.0
19428,2024-10-18,8,427.7711196,92.0
19429,2024-10-18,9,388.9643062,97.0
19430,2024-10-18,10,364.7428021,136.0
19431,2024-10-18,11,270.7470649,147.0
19432,2024-10-18,12,210.2625761,246.0
19433,2024-10-18,13,224.5018717,326.0
19434,2024-10-18,14,276.3127981,316.0
19435,2024-10-18,15,257.3066183,291.0
19436,2024-10-18,16,253.1058698,282.0
19437,2024-10-18,17,199.625636,335.0
19438,2024-10-18,18,237.1442792,340.0
19439,2024-10-18,19,201.1195896,370.0
19440,2024-10-18,20,269.0587895,284.0
19441,2024-10-18,21,251.5644419,364.0
19442,2024-10-18,22,181.034531,410.0
19443,2024-10-18,23,211.0845335,291.0
19444,2024-10-19,0,224.7102382,331.0
19445,2024-10-19,1,264.6407166,288.0
19446,2024-10-19,2,245.9606569,285.0
19447,2024-10-19,3,278.5302194,206.0
19448,2024-10-19,4,291.5358783,210.0
19449,2024-10-19,5,249.8834801,141.0
19450,2024-10-19,6,393.7700663,134.0
19451,2024-10-19,7,351.132455,106.0
19452,2024-10-19,8,363.1663682,105.0
19453,2024-10-19,9,390.5086114,95.0
19454,2024-10-19,10,383.4744515,112.0
19455,2024-10-19,11,352.6264795,138.0
19456,2024-10-19,12,209.4592683,292.0
19457,2024-10-19,13,232.3302144,242.0
19458,2024-10-19,14,248.0533333,263.0
19459,2024-10-19,15,268.3076636,250.0
19460,2024-10-19,16,201.8213212,392.0
19461,2024-10-19,17,213.0175665,284.0
19462,2024-10-19,18,287.8533403,265.0
19463,2024-10-19,19,233.4011445,352.0
19464,2024-10-19,20,227.2570535,332.0
19465,2024-10-19,21,224.0744041,276.0
19466,2024-10-19,22,240.5064125,280.0
19467,2024-10-19,23,222.6492996,285.0
19468,2024-10-20,0,215.4197705,326.0
19469,2024-10-20,1,229.9504395,462.0
19470,2024-10-20,2,254.1171516,292.0
19471,2024-10-20,3,300.2610666,215.0
19472,2024-10-20,4,286.2743121,208.0
19473,2024-10-20,5,253.4276557,149.0
19474,2024-10-20,6,262.9613307,214.0
19475,2024-10-20,7,356.261203,99.0
19476,2024-10-20,8,345.2778496,122.0
19477,2024-10-20,9,483.8376926,81.0
19478,2024-10-20,10,473.4516382,85.0
19479,2024-10-20,11,393.3121287,111.0
19480,2024-10-20,12,269.6264613,223.0
19481,2024-10-20,13,294.5032178,183.0
19482,2024-10-20,14,311.0320526,207.0
19483,2024-10-20,15,279.977097,241.0
19484,2024-10-20,16,248.3667925,323.0
19485,2024-10-20,17,219.4801322,236.0
19486,2024-10-20,18,252.1235793,320.0
19487,2024-10-20,19,250.0655315,257.0
19488,2024-10-20,20,245.6201869,360.0
19489,2024-10-20,21,219.4126688,318.0
19490,2024-10-20,22,248.2147785,246.0
19491,2024-10-20,23,206.1318808,269.0
19492,2024-10-21,0,238.6843642,272.0
19493,2024-10-21,1,207.9584306,311.0
19494,2024-10-21,2,233.0856141,301.0
19495,2024-10-21,3,250.6238056,217.0
19496,2024-10-21,4,345.1423118,146.0
19497,2024-10-21,5,286.0924975,121.0
19498,2024-10-21,6,375.99627,125.0
19499,2024-10-21,7,416.7663514,89.0
19500,2024-10-21,8,402.4474501,93.0
19501,2024-10-21,9,359.8859776,100.0
19502,2024-10-21,10,365.1897402,119.0
19503,2024-10-21,11,339.4342108,142.0
19504,2024-10-21,12,267.5197469,247.0
19505,2024-10-21,13,230.7554983,293.0
19506,2024-10-21,14,230.1052284,353.0
19507,2024-10-21,15,253.525145,274.0
19508,2024-10-21,16,231.8238507,316.0
19509,2024-10-21,17,218.8673443,287.0
19510,2024-10-21,18,247.2368717,308.0
19511,2024-10-21,19,238.9486831,366.0
19512,2024-10-21,20,265.9509028,330.0
19513,2024-10-21,21,230.68706,430.0
19514,2024-10-21,22,204.4662407,457.0
19515,2024-10-21,23,197.2398232,297.0
19516,2024-10-22,0,191.120275,476.0
19517,2024-10-22,1,238.3002112,427.0
19518,2024-10-22,2,194.1644718,380.0
19519,2024-10-22,3,235.7195639,237.0
19520,2024-10-22,4,313.344361,143.0
19521,2024-10-22,5,279.1371026,139.0
19522,2024-10-22,6,420.2631272,105.0
19523,2024-10-22,7,398.8596714,99.0
19524,2024-10-22,8,398.0342715,94.0
19525,2024-10-22,9,352.9241664,113.0
19526,2024-10-22,10,381.4630536,128.0
19527,2024-10-22,11,290.1381911,145.0
19528,2024-10-22,12,312.5991701,223.0
19529,2024-10-22,13,269.4326481,300.0
19530,2024-10-22,14,241.0308843,353.0
19531,2024-10-22,15,226.1549854,311.0
19532,2024-10-22,16,232.3097701,344.0
19533,2024-10-22,17,237.023573,240.0
19534,2024-10-22,18,269.3848166,303.0
19535,2024-10-22,19,217.2534614,374.0
19536,2024-10-22,20,259.4531691,307.0
19537,2024-10-22,21,211.3555846,403.0
19538,2024-10-22,22,236.1154508,324.0
19539,2024-10-22,23,218.4658941,327.0
19540,2024-10-23,0,200.5023138,392.0
19541,2024-10-23,1,248.6822261,322.0
19542,2024-10-23,2,252.7947222,264.0
19543,2024-10-23,3,278.4560833,259.0
19544,2024-10-23,4,288.5108502,180.0
19545,2024-10-23,5,241.5190577,144.0
19546,2024-10-23,6,350.5754876,126.0
19547,2024-10-23,7,365.3618084,106.0
19548,2024-10-23,8,389.8341284,95.0
19549,2024-10-23,9,328.1369129,114.0
19550,2024-10-23,10,365.1288445,135.0
19551,2024-10-23,11,255.7068751,155.0
19552,2024-10-23,12,214.8071582,247.0
19553,2024-10-23,13,204.7816882,367.0
19554,2024-10-23,14,246.0045876,424.0
19555,2024-10-23,15,229.5362239,371.0
19556,2024-10-23,16,254.6130263,304.0
19557,2024-10-23,17,199.1357981,292.0
19558,2024-10-23,18,236.9831883,299.0
19559,2024-10-23,19,249.7232067,366.0
19560,2024-10-23,20,222.6110082,359.0
19561,2024-10-23,21,235.6516989,343.0
19562,2024-10-23,22,183.4841111,492.0
19563,2024-10-23,23,182.6983891,425.0
19564,2024-10-24,0,200.5979411,396.0
19565,2024-10-24,1,204.473132,381.0
19566,2024-10-24,2,189.7973419,406.0
19567,2024-10-24,3,282.8307133,275.0
19568,2024-10-24,4,224.0953147,205.0
19569,2024-10-24,5,255.3498593,114.0
19570,2024-10-24,6,306.8018632,146.0
19571,2024-10-24,7,356.6345441,95.0
19572,2024-10-24,8,417.8532728,78.0
19573,2024-10-24,9,332.9083659,101.0
19574,2024-10-24,10,336.5807127,126.0
19575,2024-10-24,11,250.1724669,183.0
19576,2024-10-24,12,217.4528495,286.0
19577,2024-10-24,13,214.3857757,351.0
19578,2024-10-24,14,217.9014935,396.0
19579,2024-10-24,15,214.9615334,300.0
19580,2024-10-24,16,220.1422635,336.0
19581,2024-10-24,17,180.4647658,330.0
19582,2024-10-24,18,175.6576874,453.0
19583,2024-10-24,19,213.0198935,368.0
19584,2024-10-24,20,224.3893584,367.0
19585,2024-10-24,21,196.3443802,388.0
19586,2024-10-24,22,240.4453615,334.0
19587,2024-10-24,23,223.8568819,268.0
19588,2024-10-25,0,236.1335021,267.0
19589,2024-10-25,1,236.2020796,322.0
19590,2024-10-25,2,226.1117451,308.0
19591,2024-10-25,3,294.3151607,227.0
19592,2024-10-25,4,227.4096645,232.0
19593,2024-10-25,5,290.0573692,153.0
19594,2024-10-25,6,354.3258418,127.0
19595,2024-10-25,7,338.8475987,95.0
19596,2024-10-25,8,424.5364298,90.0
19597,2024-10-25,9,397.452653,94.0
19598,2024-10-25,10,323.8443726,111.0
19599,2024-10-25,11,284.6135483,153.0
19600,2024-10-25,12,270.724236,235.0
19601,2024-10-25,13,213.9021959,327.0
19602,2024-10-25,14,237.9767845,402.0
19603,2024-10-25,15,199.6109051,328.0
19604,2024-10-25,16,201.305122,294.0
19605,2024-10-25,17,182.5372627,264.0
19606,2024-10-25,18,239.2490422,317.0
19607,2024-10-25,19,229.0121362,324.0
19608,2024-10-25,20,208.3377099,405.0
19609,2024-10-25,21,219.3319837,308.0
19610,2024-10-25,22,232.2099481,298.0
19611,2024-10-25,23,245.2473654,275.0
19612,2024-10-26,0,197.1661792,259.0
19613,2024-10-26,1,229.9952189,317.0
19614,2024-10-26,2,257.1974651,335.0
19615,2024-10-26,3,234.3862415,306.0
19616,2024-10-26,4,300.1497154,167.0
19617,2024-10-26,5,280.2157012,120.0
19618,2024-10-26,6,364.3700332,123.0
19619,2024-10-26,7,389.15313,88.0
19620,2024-10-26,8,340.6189511,93.0
19621,2024-10-26,9,327.3125721,116.0
19622,2024-10-26,10,347.4163883,110.0
19623,2024-10-26,11,366.1038941,123.0
19624,2024-10-26,12,289.9780868,166.0
19625,2024-10-26,13,254.1467949,231.0
19626,2024-10-26,14,288.6699265,276.0
19627,2024-10-26,15,213.6383842,300.0
19628,2024-10-26,16,242.9980569,282.0
19629,2024-10-26,17,254.4204638,219.0
19630,2024-10-26,18,253.5430039,329.0
19631,2024-10-26,19,233.5107264,335.0
19632,2024-10-26,20,231.7116112,274.0
19633,2024-10-26,21,190.5826013,284.0
19634,2024-10-26,22,201.9931705,298.0
19635,2024-10-26,23,222.5082375,301.0
19636,2024-10-27,0,202.4048718,399.0
19637,2024-10-27,1,253.5205547,261.0
19638,2024-10-27,2,253.1801522,243.0
19639,2024-10-27,3,288.5684054,200.0
19640,2024-10-27,4,269.989388,151.0
19641,2024-10-27,5,281.3917558,118.0
19642,2024-10-27,6,377.4420898,119.0
19643,2024-10-27,7,397.792982,80.0
19644,2024-10-27,8,309.3942885,103.0
19645,2024-10-27,9,387.9053044,84.0
19646,2024-10-27,10,358.2153946,113.0
19647,2024-10-27,11,300.0869432,123.0
19648,2024-10-27,12,238.306356,185.0
19649,2024-10-27,13,297.7583812,198.0
19650,2024-10-27,14,227.6248673,383.0
19651,2024-10-27,15,255.9038021,301.0
19652,2024-10-27,16,230.6336224,284.0
19653,2024-10-27,17,246.2835569,206.0
19654,2024-10-27,18,287.9023514,285.0
19655,2024-10-27,19,243.5674208,294.0
19656,2024-10-27,20,263.1098993,256.0
19657,2024-10-27,21,235.726416,274.0
19658,2024-10-27,22,240.3556038,244.0
19659,2024-10-27,23,215.194612,256.0
19660,2024-10-28,0,217.2112097,311.0
19661,2024-10-28,1,243.5171491,319.0
19662,2024-10-28,2,239.7891391,238.0
19663,2024-10-28,3,249.6633744,249.0
19664,2024-10-28,4,360.1909545,114.0
19665,2024-10-28,5,287.9514129,105.0
19666,2024-10-28,6,337.0554973,119.0
19667,2024-10-28,7,334.1370256,133.0
19668,2024-10-28,8,320.9856805,110.0
19669,2024-10-28,9,340.3798286,94.0
19670,2024-10-28,10,299.8444874,140.0
19671,2024-10-28,11,322.7940753,118.0
19672,2024-10-28,12,151.1521228,377.0
19673,2024-10-28,13,218.6144405,313.0
19674,2024-10-28,14,236.2825598,325.0
19675,2024-10-28,15,190.8769821,415.0
19676,2024-10-28,16,219.420619,311.0
19677,2024-10-28,17,207.1938148,346.0
19678,2024-10-28,18,202.3366489,426.0
19679,2024-10-28,19,261.1082583,278.0
19680,2024-10-28,20,214.7536083,372.0
19681,2024-10-28,21,205.9941492,377.0
19682,2024-10-28,22,242.2773386,296.0
19683,2024-10-28,23,185.3404145,253.0
19684,2024-10-29,0,208.7504728,289.0
19685,2024-10-29,1,234.3828501,296.0
19686,2024-10-29,2,246.3072876,244.0
19687,2024-10-29,3,296.4797555,206.0
19688,2024-10-29,4,288.1462244,149.0
19689,2024-10-29,5,255.6165871,123.0
19690,2024-10-29,6,447.4419369,93.0
19691,2024-10-29,7,426.0041602,74.0
19692,2024-10-29,8,341.9464951,96.0
19693,2024-10-29,9,292.3142871,123.0
19694,2024-10-29,10,280.8770622,143.0
19695,2024-10-29,11,247.6024698,195.0
19696,2024-10-29,12,249.1715469,171.0
19697,2024-10-29,13,192.195995,367.0
19698,2024-10-29,14,211.6341269,475.0
19699,2024-10-29,15,220.5236889,362.0
19700,2024-10-29,16,259.2290401,305.0
19701,2024-10-29,17,184.1404046,344.0
19702,2024-10-29,18,207.9056397,325.0
19703,2024-10-29,19,239.9612148,301.0
19704,2024-10-29,20,229.3412964,303.0
19705,2024-10-29,21,256.6444577,291.0
19706,2024-10-29,22,258.3944309,321.0
19707,2024-10-29,23,236.5880216,345.0
19708,2024-10-30,0,228.4730367,341.0
19709,2024-10-30,1,234.0506594,272.0
19710,2024-10-30,2,240.0561849,256.0
19711,2024-10-30,3,287.8526285,231.0
19712,2024-10-30,4,290.3314664,180.0
19713,2024-10-30,5,276.4375494,118.0
19714,2024-10-30,6,432.7606772,99.0
19715,2024-10-30,7,354.9924058,90.0
19716,2024-10-30,8,312.1137876,106.0
19717,2024-10-30,9,379.9069124,84.0
19718,2024-10-30,10,353.4067106,116.0
19719,2024-10-30,11,298.5829153,133.0
19720,2024-10-30,12,230.9784595,307.0
19721,2024-10-30,13,212.9406006,322.0
19722,2024-10-30,14,210.1410518,420.0
19723,2024-10-30,15,221.2281105,317.0
19724,2024-10-30,16,226.6003827,364.0
19725,2024-10-30,17,233.910446,281.0
19726,2024-10-30,18,240.3505716,288.0
19727,2024-10-30,19,185.2994701,416.0
19728,2024-10-30,20,261.3208869,308.0
19729,2024-10-30,21,254.2523835,289.0
19730,2024-10-30,22,236.5305842,287.0
19731,2024-10-30,23,255.3935842,363.0
19732,2024-10-31,0,218.1268626,248.0
19733,2024-10-31,1,222.3882078,279.0
19734,2024-10-31,2,260.4195362,287.0
19735,2024-10-31,3,301.6550816,211.0
19736,2024-10-31,4,273.1938503,147.0
19737,2024-10-31,5,317.2756791,105.0
19738,2024-10-31,6,444.0449933,91.0
19739,2024-10-31,7,362.2856647,89.0
19740,2024-10-31,8,297.9988841,124.0
19741,2024-10-31,9,377.3033156,79.0
19742,2024-10-31,10,388.7927973,106.0
19743,2024-10-31,11,315.8637951,135.0
19744,2024-10-31,12,290.1370591,215.0
19745,2024-10-31,13,217.0851396,341.0
19746,2024-10-31,14,219.34959,386.0
19747,2024-10-31,15,218.4219651,288.0
19748,2024-10-31,16,208.4422903,407.0
19749,2024-10-31,17,220.4353781,297.0
19750,2024-10-31,18,172.5016347,384.0
19751,2024-10-31,19,227.6869341,305.0
19752,2024-10-31,20,237.8851924,308.0
19753,2024-10-31,21,208.8437063,340.0
19754,2024-10-31,22,258.5914314,225.0
19755,2024-10-31,23,211.0768134,265.0
19756,2024-11-01,0,207.6361945,299.0
19757,2024-11-01,1,249.2814591,275.0
19758,2024-11-01,2,242.065212,218.0
19759,2024-11-01,3,318.625321,166.0
19760,2024-11-01,4,251.9227238,186.0
19761,2024-11-01,5,254.9267519,135.0
19762,2024-11-01,6,427.6398291,97.0
19763,2024-11-01,7,388.4622436,85.0
19764,2024-11-01,8,355.9256582,101.0
19765,2024-11-01,9,347.8449291,92.0
19766,2024-11-01,10,353.1701145,129.0
19767,2024-11-01,11,272.9928066,168.0
19768,2024-11-01,12,249.7350327,299.0
19769,2024-11-01,13,206.8920365,469.0
19770,2024-11-01,14,221.9327768,455.0
19771,2024-11-01,15,218.1332453,369.0
19772,2024-11-01,16,226.2282713,441.0
19773,2024-11-01,17,223.5297431,342.0
19774,2024-11-01,18,270.7132726,314.0
19775,2024-11-01,19,228.8384394,333.0
19776,2024-11-01,20,242.242977,360.0
19777,2024-11-01,21,232.1696628,346.0
19778,2024-11-01,22,229.8442674,303.0
19779,2024-11-01,23,231.3907016,255.0
19780,2024-11-02,0,252.7493601,317.0
19781,2024-11-02,1,231.7803971,312.0
19782,2024-11-02,2,224.3323311,294.0
19783,2024-11-02,3,253.1146468,204.0
19784,2024-11-02,4,281.3453478,175.0
19785,2024-11-02,5,180.034451,202.0
19786,2024-11-02,6,437.9245475,100.0
19787,2024-11-02,7,470.8164159,76.0
19788,2024-11-02,8,428.4443598,80.0
19789,2024-11-02,9,332.0114673,88.0
19790,2024-11-02,10,410.0083016,96.0
19791,2024-11-02,11,306.0683614,142.0
19792,2024-11-02,12,297.8965428,166.0
19793,2024-11-02,13,246.9737719,271.0
19794,2024-11-02,14,224.6451737,327.0
19795,2024-11-02,15,231.6449153,355.0
19796,2024-11-02,16,262.0390327,396.0
19797,2024-11-02,17,230.1482243,263.0
19798,2024-11-02,18,278.4031024,231.0
19799,2024-11-02,19,214.9062776,326.0
19800,2024-11-02,20,235.2885609,393.0
19801,2024-11-02,21,247.0715185,346.0
19802,2024-11-02,22,229.3931512,310.0
19803,2024-11-02,23,248.9587806,235.0
19804,2024-11-03,0,255.4271559,291.0
19805,2024-11-03,1,218.5657545,341.0
19806,2024-11-03,2,215.9876756,304.0
19807,2024-11-03,3,263.6001558,272.0
19808,2024-11-03,4,245.1063936,186.0
19809,2024-11-03,5,263.1889446,139.0
19810,2024-11-03,6,312.3029161,117.0
19811,2024-11-03,7,384.5760581,96.0
19812,2024-11-03,8,372.7554244,92.0
19813,2024-11-03,9,309.2895777,112.0
19814,2024-11-03,10,348.564187,96.0
19815,2024-11-03,11,379.7742286,114.0
19816,2024-11-03,12,303.2886754,160.0
19817,2024-11-03,13,213.9461892,257.0
19818,2024-11-03,14,296.8197512,206.0
19819,2024-11-03,15,248.5034036,241.0
19820,2024-11-03,16,211.8690478,295.0
19821,2024-11-03,17,268.8781836,276.0
19822,2024-11-03,18,213.7339319,310.0
19823,2024-11-03,19,202.0229432,370.0
19824,2024-11-03,20,209.3558145,324.0
19825,2024-11-03,21,224.5882515,370.0
19826,2024-11-03,22,249.9560274,257.0
19827,2024-11-03,23,210.6462678,382.0
19828,2024-11-04,0,210.6622081,319.0
19829,2024-11-04,1,230.8153342,380.0
19830,2024-11-04,2,211.2722398,424.0
19831,2024-11-04,3,212.8307493,248.0
19832,2024-11-04,4,302.7417979,168.0
19833,2024-11-04,5,291.9100722,126.0
19834,2024-11-04,6,304.3059619,139.0
19835,2024-11-04,7,388.4193577,97.0
19836,2024-11-04,8,383.0485644,83.0
19837,2024-11-04,9,358.3364555,84.0
19838,2024-11-04,10,361.6395148,101.0
19839,2024-11-04,11,314.5652463,139.0
19840,2024-11-04,12,253.1641926,184.0
19841,2024-11-04,13,213.3346252,326.0
19842,2024-11-04,14,206.8892632,447.0
19843,2024-11-04,15,213.228171,483.0
19844,2024-11-04,16,184.3883491,546.0
19845,2024-11-04,17,243.103978,383.0
19846,2024-11-04,18,188.9852883,360.0
19847,2024-11-04,19,200.3601118,436.0
19848,2024-11-04,20,216.0878656,343.0
19849,2024-11-04,21,228.0183601,283.0
19850,2024-11-04,22,193.8508556,407.0
19851,2024-11-04,23,239.9855412,343.0
19852,2024-11-05,0,232.5396299,318.0
19853,2024-11-05,1,239.3546002,403.0
19854,2024-11-05,2,228.0776519,330.0
19855,2024-11-05,3,259.073596,258.0
19856,2024-11-05,4,258.0570883,196.0
19857,2024-11-05,5,237.532859,207.0
19858,2024-11-05,6,256.4896357,150.0
19859,2024-11-05,7,301.7326836,126.0
19860,2024-11-05,8,371.9170253,91.0
19861,2024-11-05,9,405.1141488,84.0
19862,2024-11-05,10,289.2352706,123.0
19863,2024-11-05,11,332.3081541,142.0
19864,2024-11-05,12,266.3430665,177.0
19865,2024-11-05,13,236.5612393,287.0
19866,2024-11-05,14,218.5537208,380.0
19867,2024-11-05,15,212.3456344,401.0
19868,2024-11-05,16,197.2451051,312.0
19869,2024-11-05,17,216.5013149,329.0
19870,2024-11-05,18,201.0205531,274.0
19871,2024-11-05,19,230.411592,332.0
19872,2024-11-05,20,233.7614024,328.0
19873,2024-11-05,21,241.4708919,274.0
19874,2024-11-05,22,210.2767112,326.0
19875,2024-11-05,23,241.914929,314.0
19876,2024-11-06,0,272.2647947,260.0
19877,2024-11-06,1,252.3802315,244.0
19878,2024-11-06,2,271.7548213,275.0
19879,2024-11-06,3,200.9121649,351.0
19880,2024-11-06,4,285.6197366,218.0
19881,2024-11-06,5,284.9137448,162.0
19882,2024-11-06,6,249.6720689,152.0
19883,2024-11-06,7,350.5272826,106.0
19884,2024-11-06,8,313.8530329,121.0
19885,2024-11-06,9,366.2293904,90.0
19886,2024-11-06,10,414.0853755,79.0
19887,2024-11-06,11,301.5814167,138.0
19888,2024-11-06,12,246.708287,184.0
19889,2024-11-06,13,215.8827866,303.0
19890,2024-11-06,14,236.0069241,350.0
19891,2024-11-06,15,194.1816039,342.0
19892,2024-11-06,16,219.7472726,378.0
19893,2024-11-06,17,206.9437752,389.0
19894,2024-11-06,18,189.0597666,411.0
19895,2024-11-06,19,212.5537342,363.0
19896,2024-11-06,20,208.2691885,450.0
19897,2024-11-06,21,210.5507172,480.0
19898,2024-11-06,22,184.4065086,386.0
19899,2024-11-06,23,185.1726555,396.0
19900,2024-11-07,0,216.8928385,266.0
19901,2024-11-07,1,235.9591803,293.0
19902,2024-11-07,2,213.6152107,316.0
19903,2024-11-07,3,223.4679369,254.0
19904,2024-11-07,4,260.5125093,246.0
19905,2024-11-07,5,254.9089442,159.0
19906,2024-11-07,6,250.1428355,145.0
19907,2024-11-07,7,317.8918436,130.0
19908,2024-11-07,8,283.8717675,118.0
19909,2024-11-07,9,333.4102721,100.0
19910,2024-11-07,10,349.2368549,93.0
19911,2024-11-07,11,287.610031,151.0
19912,2024-11-07,12,275.7229906,228.0
19913,2024-11-07,13,260.2822299,284.0
19914,2024-11-07,14,227.8396951,376.0
19915,2024-11-07,15,204.3467392,415.0
19916,2024-11-07,16,189.1356613,324.0
19917,2024-11-07,17,242.1561822,307.0
19918,2024-11-07,18,230.8353874,289.0
19919,2024-11-07,19,166.8266933,503.0
19920,2024-11-07,20,187.9492645,520.0
19921,2024-11-07,21,209.7801213,332.0
19922,2024-11-07,22,201.9067,429.0
19923,2024-11-07,23,205.6437856,497.0
19924,2024-11-08,0,189.2520963,303.0
19925,2024-11-08,1,210.1491844,335.0
19926,2024-11-08,2,195.7402596,386.0
19927,2024-11-08,3,210.753119,275.0
19928,2024-11-08,4,278.0442187,183.0
19929,2024-11-08,5,260.5761809,166.0
19930,2024-11-08,6,260.8222798,220.0
19931,2024-11-08,7,276.1937481,160.0
19932,2024-11-08,8,322.1802954,111.0
19933,2024-11-08,9,361.2816596,96.0
19934,2024-11-08,10,287.5538324,134.0
19935,2024-11-08,11,327.1440178,118.0
19936,2024-11-08,12,238.616771,231.0
19937,2024-11-08,13,211.70023,436.0
19938,2024-11-08,14,217.4345733,468.0
19939,2024-11-08,15,239.1187005,446.0
19940,2024-11-08,16,226.9111011,399.0
19941,2024-11-08,17,235.7220937,306.0
19942,2024-11-08,18,180.1166333,271.0
19943,2024-11-08,19,239.911575,392.0
19944,2024-11-08,20,214.5108763,523.0
19945,2024-11-08,21,217.2776508,388.0
19946,2024-11-08,22,199.9140212,440.0
19947,2024-11-08,23,202.2840307,307.0
19948,2024-11-09,0,195.846982,275.0
19949,2024-11-09,1,187.000636,306.0
19950,2024-11-09,2,233.6348113,277.0
19951,2024-11-09,3,249.0556929,236.0
19952,2024-11-09,4,239.4659289,238.0
19953,2024-11-09,5,205.3881232,257.0
19954,2024-11-09,6,234.1191036,175.0
19955,2024-11-09,7,355.8891205,120.0
19956,2024-11-09,8,312.0190264,107.0
19957,2024-11-09,9,354.5938799,95.0
19958,2024-11-09,10,345.3738767,97.0
19959,2024-11-09,11,317.8965782,114.0
19960,2024-11-09,12,255.7756654,148.0
19961,2024-11-09,13,280.8531024,200.0
19962,2024-11-09,14,238.1037148,264.0
19963,2024-11-09,15,283.1753528,231.0
19964,2024-11-09,16,229.934697,294.0
19965,2024-11-09,17,216.8256642,250.0
19966,2024-11-09,18,176.7206054,236.0
19967,2024-11-09,19,270.472945,248.0
19968,2024-11-09,20,225.3830298,225.0
19969,2024-11-09,21,254.8161243,254.0
19970,2024-11-09,22,227.6819763,316.0
19971,2024-11-09,23,190.165168,337.0
19972,2024-11-10,0,207.279933,207.0
19973,2024-11-10,1,177.4539906,336.0
19974,2024-11-10,2,227.5056346,285.0
19975,2024-11-10,3,203.9587785,262.0
19976,2024-11-10,4,259.6761084,229.0
19977,2024-11-10,5,322.100614,134.0
19978,2024-11-10,6,259.2640727,164.0
19979,2024-11-10,7,358.9188088,111.0
19980,2024-11-10,8,355.9531776,93.0
19981,2024-11-10,9,307.1407669,102.0
19982,2024-11-10,10,397.0092735,89.0
19983,2024-11-10,11,311.2792155,122.0
19984,2024-11-10,12,322.543105,110.0
19985,2024-11-10,13,270.5929027,187.0
19986,2024-11-10,14,212.1190097,284.0
19987,2024-11-10,15,209.2624878,283.0
19988,2024-11-10,16,210.5608849,269.0
19989,2024-11-10,17,202.1524009,305.0
19990,2024-11-10,18,204.1752692,275.0
19991,2024-11-10,19,195.1619073,339.0
19992,2024-11-10,20,191.5354701,382.0
19993,2024-11-10,21,253.1570867,300.0
19994,2024-11-10,22,204.9141548,299.0
19995,2024-11-10,23,210.8212849,282.0
19996,2024-11-11,0,246.0917639,279.0
19997,2024-11-11,1,206.6109903,374.0
19998,2024-11-11,2,227.4797406,303.0
19999,2024-11-11,3,252.0008818,201.0
20000,2024-11-11,4,324.0115531,161.0
20001,2024-11-11,5,224.6846129,195.0
20002,2024-11-11,6,216.2358814,211.0
20003,2024-11-11,7,282.9352643,168.0
20004,2024-11-11,8,319.1591921,115.0
20005,2024-11-11,9,302.9982368,103.0
20006,2024-11-11,10,343.6634765,102.0
20007,2024-11-11,11,320.1185417,119.0
20008,2024-11-11,12,315.0485248,157.0
20009,2024-11-11,13,248.9520688,251.0
20010,2024-11-11,14,273.1009295,330.0
20011,2024-11-11,15,265.8261811,312.0
20012,2024-11-11,16,202.8350991,387.0
20013,2024-11-11,17,236.5229219,294.0
20014,2024-11-11,18,223.7084515,331.0
20015,2024-11-11,19,220.1312922,380.0
20016,2024-11-11,20,207.1827217,374.0
20017,2024-11-11,21,257.6141068,368.0
20018,2024-11-11,22,223.8164037,396.0
20019,2024-11-11,23,239.8105382,368.0
20020,2024-11-12,0,235.1292779,321.0
20021,2024-11-12,1,226.4570292,401.0
20022,2024-11-12,2,250.6013084,325.0
20023,2024-11-12,3,325.5071776,307.0
20024,2024-11-12,4,320.2202696,287.0
20025,2024-11-12,5,162.6543498,224.0
20026,2024-11-12,6,149.0054046,217.0
20027,2024-11-12,7,111.2660756,60.0
20028,2024-11-12,8,254.1199974,207.0
20029,2024-11-12,9,282.5678896,181.0
20030,2024-11-12,10,281.0644549,155.0
20031,2024-11-12,11,290.5130504,235.0
20032,2024-11-12,12,225.7223013,353.0
20033,2024-11-12,13,235.5870644,427.0
20034,2024-11-12,14,237.6398527,530.0
20035,2024-11-12,15,217.7940261,473.0
20036,2024-11-12,16,229.7714211,403.0
20037,2024-11-12,17,230.8111331,330.0
20038,2024-11-12,18,220.9055889,273.0
20039,2024-11-12,19,247.8639991,377.0
20040,2024-11-12,20,221.0608752,417.0
20041,2024-11-12,21,223.3450621,409.0
20042,2024-11-12,22,224.6114921,410.0
20043,2024-11-12,23,259.9847533,357.0
20044,2024-11-13,0,211.5619984,340.0
20045,2024-11-13,1,226.9410232,351.0
20046,2024-11-13,2,210.8595993,375.0
20047,2024-11-13,3,248.0970024,341.0
20048,2024-11-13,4,255.3449677,278.0
20049,2024-11-13,5,261.7679107,189.0
20050,2024-11-13,6,237.2155623,254.0
20051,2024-11-13,7,279.6086302,150.0
20052,2024-11-13,8,337.4834546,118.0
20053,2024-11-13,9,292.6157353,153.0
20054,2024-11-13,10,292.7963646,138.0
20055,2024-11-13,11,303.8544062,129.0
20056,2024-11-13,12,209.6228022,268.0
20057,2024-11-13,13,204.3462308,267.0
20058,2024-11-13,14,208.7094181,401.0
20059,2024-11-13,15,198.4010695,366.0
20060,2024-11-13,16,193.2584498,354.0
20061,2024-11-13,17,229.8373268,314.0
20062,2024-11-13,18,208.7408215,346.0
20063,2024-11-13,19,196.9031156,329.0
20064,2024-11-13,20,224.8703957,317.0
20065,2024-11-13,21,228.0735255,358.0
20066,2024-11-13,22,237.7892033,287.0
20067,2024-11-13,23,216.9963082,362.0
20068,2024-11-14,0,258.9568346,247.0
20069,2024-11-14,1,271.66538,306.0
20070,2024-11-14,2,215.1280178,374.0
20071,2024-11-14,3,197.4760533,275.0
20072,2024-11-14,4,233.4487067,218.0
20073,2024-11-14,5,327.1857024,131.0
20074,2024-11-14,6,226.6691262,203.0
20075,2024-11-14,7,348.4229253,108.0
20076,2024-11-14,8,397.728758,86.0
20077,2024-11-14,9,325.2526702,91.0
20078,2024-11-14,10,281.014495,128.0
20079,2024-11-14,11,339.3483307,126.0
20080,2024-11-14,12,245.1085947,147.0
20081,2024-11-14,13,204.8205286,258.0
20082,2024-11-14,14,216.2787627,323.0
20083,2024-11-14,15,192.5033335,365.0
20084,2024-11-14,16,213.3376412,377.0
20085,2024-11-14,17,238.9905011,311.0
20086,2024-11-14,18,216.5184327,293.0
20087,2024-11-14,19,202.2164117,316.0
20088,2024-11-14,20,197.0413755,366.0
20089,2024-11-14,21,216.0745213,319.0
20090,2024-11-14,22,258.6695043,374.0
20091,2024-11-14,23,264.1264464,320.0
20092,2024-11-15,0,233.3635131,261.0
20093,2024-11-15,1,223.6714862,450.0
20094,2024-11-15,2,222.8283568,396.0
20095,2024-11-15,3,208.0709837,295.0
20096,2024-11-15,4,260.8949784,177.0
20097,2024-11-15,5,258.968728,190.0
20098,2024-11-15,6,368.2350899,94.0
20099,2024-11-15,7,290.5268382,139.0
20100,2024-11-15,8,409.0265287,77.0
20101,2024-11-15,9,414.7680701,89.0
20102,2024-11-15,10,309.797122,119.0
20103,2024-11-15,11,228.0090644,191.0
20104,2024-11-15,12,188.5596571,225.0
20105,2024-11-15,13,212.9548876,269.0
20106,2024-11-15,14,222.4109708,385.0
20107,2024-11-15,15,216.0480669,395.0
20108,2024-11-15,16,228.3414765,304.0
20109,2024-11-15,17,228.2238637,327.0
20110,2024-11-15,18,228.7235232,290.0
20111,2024-11-15,19,217.7920406,355.0
20112,2024-11-15,20,231.382981,348.0
20113,2024-11-15,21,210.3646356,402.0
20114,2024-11-15,22,204.151474,411.0
20115,2024-11-15,23,211.8668747,362.0
20116,2024-11-16,0,202.4642062,260.0
20117,2024-11-16,1,222.7297721,349.0
20118,2024-11-16,2,197.1101106,456.0
20119,2024-11-16,3,199.2363499,971.0
20120,2024-11-16,4,217.0610712,445.0
20121,2024-11-16,5,246.9976222,252.0
20122,2024-11-16,6,244.2743411,164.0
20123,2024-11-16,7,370.9841618,106.0
20124,2024-11-16,8,379.8160335,118.0
20125,2024-11-16,9,477.9118732,61.0
20126,2024-11-16,10,315.0067628,116.0
20127,2024-11-16,11,322.1263526,108.0
20128,2024-11-16,12,345.7933704,117.0
20129,2024-11-16,13,252.5591033,134.0
20130,2024-11-16,14,228.9584574,272.0
20131,2024-11-16,15,250.2119711,285.0
20132,2024-11-16,16,252.0505082,287.0
20133,2024-11-16,17,244.5033687,293.0
20134,2024-11-16,18,185.1014104,324.0
20135,2024-11-16,19,216.710741,288.0
20136,2024-11-16,20,231.7541458,294.0
20137,2024-11-16,21,252.0441914,309.0
20138,2024-11-16,22,289.2437915,251.0
20139,2024-11-16,23,273.7221802,317.0
20140,2024-11-17,0,213.2659048,262.0
20141,2024-11-17,1,313.7296477,346.0
20142,2024-11-17,2,265.050074,379.0
20143,2024-11-17,3,208.1962736,304.0
20144,2024-11-17,4,244.3396886,212.0
20145,2024-11-17,5,252.9113585,221.0
20146,2024-11-17,6,260.9649581,174.0
20147,2024-11-17,7,310.9349834,126.0
20148,2024-11-17,8,449.7111372,74.0
20149,2024-11-17,9,305.5560676,118.0
20150,2024-11-17,10,562.4051666,54.0
20151,2024-11-17,11,359.9068545,92.0
20152,2024-11-17,12,411.4343718,84.0
20153,2024-11-17,13,274.9034277,160.0
20154,2024-11-17,14,250.2014328,228.0
20155,2024-11-17,15,228.5547998,364.0
20156,2024-11-17,16,264.6700323,324.0
20157,2024-11-17,17,242.7734188,375.0
20158,2024-11-17,18,246.6242845,266.0
20159,2024-11-17,19,260.4493743,276.0
20160,2024-11-17,20,211.9712059,269.0
20161,2024-11-17,21,257.5335191,304.0
20162,2024-11-17,22,248.2288465,282.0
20163,2024-11-17,23,205.8888924,411.0
20164,2024-11-18,0,196.1896907,362.0
20165,2024-11-18,1,190.3878787,320.0
20166,2024-11-18,2,238.5014992,270.0
20167,2024-11-18,3,212.056346,281.0
20168,2024-11-18,4,223.9891794,196.0
20169,2024-11-18,5,274.5713778,151.0
20170,2024-11-18,6,281.9050237,148.0
20171,2024-11-18,7,298.2064312,124.0
20172,2024-11-18,8,288.4316313,120.0
20173,2024-11-18,9,340.2943517,104.0
20174,2024-11-18,10,364.7361223,102.0
20175,2024-11-18,11,307.7486633,122.0
20176,2024-11-18,12,248.0664168,147.0
20177,2024-11-18,13,203.9194584,276.0
20178,2024-11-18,14,204.2816851,334.0
20179,2024-11-18,15,199.1490849,345.0
20180,2024-11-18,16,206.0571159,281.0
20181,2024-11-18,17,202.7639563,387.0
20182,2024-11-18,18,207.0610405,256.0
20183,2024-11-18,19,227.6221352,295.0
20184,2024-11-18,20,207.269057,411.0
20185,2024-11-18,21,245.6633659,447.0
20186,2024-11-18,22,247.0425042,297.0
20187,2024-11-18,23,203.8219227,373.0
20188,2024-11-19,0,243.9547926,260.0
20189,2024-11-19,1,243.9438174,272.0
20190,2024-11-19,2,243.7646363,265.0
20191,2024-11-19,3,210.4154382,297.0
20192,2024-11-19,4,312.5664708,153.0
20193,2024-11-19,5,298.5237729,143.0
20194,2024-11-19,6,265.3923139,185.0
20195,2024-11-19,7,359.0262971,134.0
20196,2024-11-19,8,370.8592386,109.0
20197,2024-11-19,9,304.9919104,107.0
20198,2024-11-19,10,370.1347994,98.0
20199,2024-11-19,11,313.5634237,133.0
20200,2024-11-19,12,242.4358538,191.0
20201,2024-11-19,13,203.8749662,318.0
20202,2024-11-19,14,212.25456,309.0
20203,2024-11-19,15,208.9932019,313.0
20204,2024-11-19,16,241.0247459,302.0
20205,2024-11-19,17,206.874691,334.0
20206,2024-11-19,18,232.7499309,263.0
20207,2024-11-19,19,192.9953803,418.0
20208,2024-11-19,20,207.3409579,333.0
20209,2024-11-19,21,248.5958541,292.0
20210,2024-11-19,22,225.84665,300.0
20211,2024-11-19,23,257.203122,333.0
20212,2024-11-20,0,188.2960962,369.0
20213,2024-11-20,1,201.7300752,345.0
20214,2024-11-20,2,212.8010733,367.0
20215,2024-11-20,3,230.7554423,241.0
20216,2024-11-20,4,259.8841694,232.0
20217,2024-11-20,5,285.5422642,158.0
20218,2024-11-20,6,255.7938913,173.0
20219,2024-11-20,7,422.9070417,86.0
20220,2024-11-20,8,308.8472817,122.0
20221,2024-11-20,9,387.2302612,94.0
20222,2024-11-20,10,386.2048836,95.0
20223,2024-11-20,11,290.6046493,128.0
20224,2024-11-20,12,256.0949348,187.0
20225,2024-11-20,13,205.0503133,269.0
20226,2024-11-20,14,207.4668652,342.0
20227,2024-11-20,15,191.3543986,418.0
20228,2024-11-20,16,185.1083199,364.0
20229,2024-11-20,17,211.428316,280.0
20230,2024-11-20,18,202.1373602,245.0
20231,2024-11-20,19,261.0202871,286.0
20232,2024-11-20,20,221.0297775,342.0
20233,2024-11-20,21,236.1502722,303.0
20234,2024-11-20,22,257.9995064,382.0
20235,2024-11-20,23,219.9828449,325.0
20236,2024-11-21,0,186.4811915,375.0
20237,2024-11-21,1,211.5035551,344.0
20238,2024-11-21,2,233.0381309,312.0
20239,2024-11-21,3,253.0256206,258.0
20240,2024-11-21,4,261.5679197,212.0
20241,2024-11-21,5,259.7264726,166.0
20242,2024-11-21,6,238.4524977,179.0
20243,2024-11-21,7,345.8860463,115.0
20244,2024-11-21,8,317.5958292,118.0
20245,2024-11-21,9,324.8182137,117.0
20246,2024-11-21,10,398.2641963,106.0
20247,2024-11-21,11,398.7957006,101.0
20248,2024-11-21,12,220.7518811,195.0
20249,2024-11-21,13,213.7425308,294.0
20250,2024-11-21,14,240.8062607,314.0
20251,2024-11-21,15,267.3219827,361.0
20252,2024-11-21,16,216.7288141,343.0
20253,2024-11-21,17,240.5678194,288.0
20254,2024-11-21,18,236.3999449,246.0
20255,2024-11-21,19,166.6303533,418.0
20256,2024-11-21,20,225.9928261,254.0
20257,2024-11-21,21,265.5968301,282.0
20258,2024-11-21,22,205.2697621,367.0
20259,2024-11-21,23,222.6282393,389.0
20260,2024-11-22,0,197.5141502,413.0
20261,2024-11-22,1,138.2731229,490.0
20262,2024-11-22,2,238.3900677,363.0
20263,2024-11-22,3,227.9148371,315.0
20264,2024-11-22,4,234.7677927,246.0
20265,2024-11-22,5,187.8716552,240.0
20266,2024-11-22,6,287.8643379,160.0
20267,2024-11-22,7,375.2888669,93.0
20268,2024-11-22,8,307.0227747,126.0
20269,2024-11-22,9,318.274903,119.0
20270,2024-11-22,10,360.5966498,120.0
20271,2024-11-22,11,351.7262865,102.0
20272,2024-11-22,12,235.1195471,217.0
20273,2024-11-22,13,208.6887914,312.0
20274,2024-11-22,14,304.4968509,325.0
20275,2024-11-22,15,203.9376287,382.0
20276,2024-11-22,16,257.4561187,329.0
20277,2024-11-22,17,191.14903,452.0
20278,2024-11-22,18,228.3066531,277.0
20279,2024-11-22,19,233.6885949,297.0
20280,2024-11-22,20,253.335772,280.0
20281,2024-11-22,21,248.6073895,299.0
20282,2024-11-22,22,196.8236223,301.0
20283,2024-11-22,23,245.8797797,299.0
20284,2024-11-23,0,233.7885292,320.0
20285,2024-11-23,1,225.3588027,317.0
20286,2024-11-23,2,238.3832765,331.0
20287,2024-11-23,3,218.2718361,292.0
20288,2024-11-23,4,295.4964804,192.0
20289,2024-11-23,5,205.5662595,279.0
20290,2024-11-23,6,236.9305819,184.0
20291,2024-11-23,7,428.6955273,97.0
20292,2024-11-23,8,346.8824494,119.0
20293,2024-11-23,9,311.3573684,125.0
20294,2024-11-23,10,407.4008188,101.0
20295,2024-11-23,11,330.3014617,117.0
20296,2024-11-23,12,373.4914757,87.0
20297,2024-11-23,13,260.8958797,179.0
20298,2024-11-23,14,276.3807534,224.0
20299,2024-11-23,15,289.3362233,256.0
20300,2024-11-23,16,217.1056694,319.0
20301,2024-11-23,17,218.4495049,338.0
20302,2024-11-23,18,236.8004824,267.0
20303,2024-11-23,19,227.9037333,256.0
20304,2024-11-23,20,186.9229085,371.0
20305,2024-11-23,21,241.6366812,266.0
20306,2024-11-23,22,218.9908745,296.0
20307,2024-11-23,23,245.6126117,304.0
20308,2024-11-24,0,262.3936217,246.0
20309,2024-11-24,1,240.5944808,267.0
20310,2024-11-24,2,264.4429709,265.0
20311,2024-11-24,3,230.941325,228.0
20312,2024-11-24,4,250.9160866,218.0
20313,2024-11-24,5,259.2786698,155.0
20314,2024-11-24,6,240.2785044,174.0
20315,2024-11-24,7,363.3996402,106.0
20316,2024-11-24,8,414.6277131,90.0
20317,2024-11-24,9,436.1867537,78.0
20318,2024-11-24,10,386.6017723,91.0
20319,2024-11-24,11,384.5290262,90.0
20320,2024-11-24,12,322.7829995,97.0
20321,2024-11-24,13,241.9704414,179.0
20322,2024-11-24,14,215.2991227,250.0
20323,2024-11-24,15,221.24064,283.0
20324,2024-11-24,16,216.1080894,291.0
20325,2024-11-24,17,246.9743188,327.0
20326,2024-11-24,18,286.9065293,266.0
20327,2024-11-24,19,226.6517738,278.0
20328,2024-11-24,20,254.8657255,239.0
20329,2024-11-24,21,280.9819807,224.0
20330,2024-11-24,22,230.6568314,369.0
20331,2024-11-24,23,207.96454,337.0
20332,2024-11-25,0,174.8851798,365.0
20333,2024-11-25,1,207.677068,363.0
20334,2024-11-25,2,229.2067911,326.0
20335,2024-11-25,3,262.5374289,217.0
20336,2024-11-25,4,291.5861912,184.0
20337,2024-11-25,5,286.8814312,182.0
20338,2024-11-25,6,252.1800785,168.0
20339,2024-11-25,7,270.1091588,159.0
20340,2024-11-25,8,396.7119014,91.0
20341,2024-11-25,9,406.8350877,86.0
20342,2024-11-25,10,349.8742287,112.0
20343,2024-11-25,11,348.2840159,102.0
20344,2024-11-25,12,278.4632341,139.0
20345,2024-11-25,13,264.6274448,224.0
20346,2024-11-25,14,235.3296743,387.0
20347,2024-11-25,15,209.535176,477.0
20348,2024-11-25,16,200.7692974,545.0
20349,2024-11-25,17,223.1171454,381.0
20350,2024-11-25,18,190.5338453,407.0
20351,2024-11-25,19,202.0628925,379.0
20352,2024-11-25,20,181.2487035,548.0
20353,2024-11-25,21,254.1740433,460.0
20354,2024-11-25,22,214.655701,349.0
20355,2024-11-25,23,222.0416226,377.0
20356,2024-11-26,0,255.5382251,251.0
20357,2024-11-26,1,213.1546813,346.0
20358,2024-11-26,2,237.8026002,278.0
20359,2024-11-26,3,190.3045844,317.0
20360,2024-11-26,4,268.1096411,215.0
20361,2024-11-26,5,347.6787242,117.0
20362,2024-11-26,6,227.5462286,198.0
20363,2024-11-26,7,323.4561983,134.0
20364,2024-11-26,8,391.3181252,82.0
20365,2024-11-26,9,387.482617,88.0
20366,2024-11-26,10,356.5964206,109.0
20367,2024-11-26,11,315.4337747,123.0
20368,2024-11-26,12,299.9656081,136.0
20369,2024-11-26,13,257.1161453,214.0
20370,2024-11-26,14,200.0687536,331.0
20371,2024-11-26,15,200.2621664,403.0
20372,2024-11-26,16,238.3516338,333.0
20373,2024-11-26,17,227.6224635,317.0
20374,2024-11-26,18,207.4829973,300.0
20375,2024-11-26,19,161.4890654,392.0
20376,2024-11-26,20,197.9776463,414.0
20377,2024-11-26,21,228.53616,334.0
20378,2024-11-26,22,220.7819047,317.0
20379,2024-11-26,23,191.8162569,435.0
20380,2024-11-27,0,196.1888143,339.0
20381,2024-11-27,1,230.2022674,315.0
20382,2024-11-27,2,209.61934,340.0
20383,2024-11-27,3,233.7854156,247.0
20384,2024-11-27,4,269.3287617,264.0
20385,2024-11-27,5,228.218721,194.0
20386,2024-11-27,6,247.2435826,185.0
20387,2024-11-27,7,350.7033235,130.0
20388,2024-11-27,8,410.3245027,95.0
20389,2024-11-27,9,415.5656986,78.0
20390,2024-11-27,10,384.9833483,95.0
20391,2024-11-27,11,318.5610355,123.0
20392,2024-11-27,12,256.1060592,151.0
20393,2024-11-27,13,207.0437911,292.0
20394,2024-11-27,14,236.0117598,419.0
20395,2024-11-27,15,264.2437462,376.0
20396,2024-11-27,16,233.9614085,290.0
20397,2024-11-27,17,228.8998731,299.0
20398,2024-11-27,18,244.2752193,315.0
20399,2024-11-27,19,222.2363953,348.0
20400,2024-11-27,20,238.3259249,340.0
20401,2024-11-27,21,265.3346258,272.0
20402,2024-11-27,22,273.1436029,261.0
20403,2024-11-27,23,264.4719109,241.0
20404,2024-11-28,0,241.0282886,266.0
20405,2024-11-28,1,247.5988331,253.0
20406,2024-11-28,2,218.847205,318.0
20407,2024-11-28,3,204.8416056,296.0
20408,2024-11-28,4,273.0792436,216.0
20409,2024-11-28,5,265.8882151,179.0
20410,2024-11-28,6,273.5587819,172.0
20411,2024-11-28,7,341.5029387,122.0
20412,2024-11-28,8,283.0365266,183.0
20413,2024-11-28,9,333.5014452,103.0
20414,2024-11-28,10,375.2767829,118.0
20415,2024-11-28,11,294.688949,129.0
20416,2024-11-28,12,343.9225565,86.0
20417,2024-11-28,13,276.5355315,143.0
20418,2024-11-28,14,256.2866552,238.0
20419,2024-11-28,15,239.3019123,288.0
20420,2024-11-28,16,221.9982542,292.0
20421,2024-11-28,17,194.121921,421.0
20422,2024-11-28,18,198.2186258,261.0
20423,2024-11-28,19,156.7529382,392.0
20424,2024-11-28,20,236.9603727,272.0
20425,2024-11-28,21,324.6124653,151.0
20426,2024-11-28,22,290.5990218,218.0
20427,2024-11-28,23,249.9409286,277.0
20428,2024-11-29,0,266.6833989,199.0
20429,2024-11-29,1,263.0385865,230.0
20430,2024-11-29,2,279.8993401,193.0
20431,2024-11-29,3,252.3468068,226.0
20432,2024-11-29,4,275.2937207,196.0
20433,2024-11-29,5,286.8766567,165.0
20434,2024-11-29,6,250.2440735,178.0
20435,2024-11-29,7,349.1286377,147.0
20436,2024-11-29,8,411.6250408,88.0
20437,2024-11-29,9,294.2011141,124.0
20438,2024-11-29,10,466.9192689,81.0
20439,2024-11-29,11,331.0721857,96.0
20440,2024-11-29,12,340.3742223,87.0
20441,2024-11-29,13,246.3439894,166.0
20442,2024-11-29,14,287.2164461,194.0
20443,2024-11-29,15,220.7421902,373.0
20444,2024-11-29,16,238.5372963,300.0
20445,2024-11-29,17,223.9462013,351.0
20446,2024-11-29,18,217.4798512,264.0
20447,2024-11-29,19,260.2225064,278.0
20448,2024-11-29,20,205.6644514,351.0
20449,2024-11-29,21,202.9663977,352.0
20450,2024-11-29,22,230.2621786,365.0
20451,2024-11-29,23,252.4918617,285.0
20452,2024-11-30,0,270.1368455,314.0
20453,2024-11-30,1,255.6766694,314.0
20454,2024-11-30,2,221.8140289,359.0
20455,2024-11-30,3,244.2748395,268.0
20456,2024-11-30,4,253.5619913,271.0
20457,2024-11-30,5,239.8446291,208.0
20458,2024-11-30,6,254.5406609,187.0
20459,2024-11-30,7,350.4301813,126.0
20460,2024-11-30,8,384.2317242,97.0
20461,2024-11-30,9,226.5001798,148.0
20462,2024-11-30,10,454.6030096,81.0
20463,2024-11-30,11,432.5117674,92.0
20464,2024-11-30,12,266.2080799,124.0
20465,2024-11-30,13,261.5021244,151.0
20466,2024-11-30,14,308.1427059,181.0
20467,2024-11-30,15,244.5655743,287.0
20468,2024-11-30,16,255.735593,262.0
20469,2024-11-30,17,254.4669082,328.0
20470,2024-11-30,18,233.0430478,270.0
20471,2024-11-30,19,257.4307523,245.0
20472,2024-11-30,20,234.8297811,277.0
20473,2024-11-30,21,277.6527914,297.0
20474,2024-11-30,22,241.1468761,296.0
20475,2024-11-30,23,269.9773268,274.0
20476,2024-12-01,0,206.3153982,270.0
20477,2024-12-01,1,224.1697771,245.0
20478,2024-12-01,2,241.3373493,278.0
20479,2024-12-01,3,234.9193182,338.0
20480,2024-12-01,4,281.2002669,293.0
20481,2024-12-01,5,218.886892,276.0
20482,2024-12-01,6,247.9598646,234.0
20483,2024-12-01,7,384.1882963,120.0
20484,2024-12-01,8,341.1097207,109.0
20485,2024-12-01,9,366.9383904,84.0
20486,2024-12-01,10,338.0064142,121.0
20487,2024-12-01,11,364.4476342,113.0
20488,2024-12-01,12,286.8596469,133.0
20489,2024-12-01,13,240.2831657,183.0
20490,2024-12-01,14,255.1700806,317.0
20491,2024-12-01,15,268.9056,369.0
20492,2024-12-01,16,235.4843953,345.0
20493,2024-12-01,17,234.9776307,262.0
20494,2024-12-01,18,192.6181671,345.0
20495,2024-12-01,19,234.5907752,271.0
20496,2024-12-01,20,224.3459586,264.0
20497,2024-12-01,21,211.3132073,330.0
20498,2024-12-01,22,216.9843942,352.0
20499,2024-12-01,23,196.4601441,417.0
20500,2024-12-02,0,183.6129026,343.0
20501,2024-12-02,1,220.0227884,326.0
20502,2024-12-02,2,228.1544074,364.0
20503,2024-12-02,3,289.1771224,240.0
20504,2024-12-02,4,237.9537452,220.0
20505,2024-12-02,5,312.1331114,152.0
20506,2024-12-02,6,266.6038396,165.0
20507,2024-12-02,7,440.0850312,92.0
20508,2024-12-02,8,383.2599704,93.0
20509,2024-12-02,9,369.4082369,101.0
20510,2024-12-02,10,401.2457367,99.0
20511,2024-12-02,11,385.4435304,102.0
20512,2024-12-02,12,264.6587084,153.0
20513,2024-12-02,13,205.9715837,220.0
20514,2024-12-02,14,239.4290871,329.0
20515,2024-12-02,15,265.6552686,328.0
20516,2024-12-02,16,219.9500258,410.0
20517,2024-12-02,17,230.8900655,390.0
20518,2024-12-02,18,210.661801,308.0
20519,2024-12-02,19,196.9928971,379.0
20520,2024-12-02,20,203.6376081,350.0
20521,2024-12-02,21,219.6401527,338.0
20522,2024-12-02,22,273.0397262,295.0
20523,2024-12-02,23,223.9369058,358.0
20524,2024-12-03,0,229.1995939,267.0
20525,2024-12-03,1,200.0207847,327.0
20526,2024-12-03,2,203.3862559,344.0
20527,2024-12-03,3,246.1868535,250.0
20528,2024-12-03,4,248.2354442,255.0
20529,2024-12-03,5,268.591271,188.0
20530,2024-12-03,6,238.8414682,219.0
20531,2024-12-03,7,392.0926827,100.0
20532,2024-12-03,8,408.6723119,88.0
20533,2024-12-03,9,390.5718519,86.0
20534,2024-12-03,10,282.1380051,134.0
20535,2024-12-03,11,294.1674942,138.0
20536,2024-12-03,12,272.2369745,159.0
20537,2024-12-03,13,211.6136257,261.0
20538,2024-12-03,14,229.2129108,288.0
20539,2024-12-03,15,240.7813293,379.0
20540,2024-12-03,16,212.2857862,292.0
20541,2024-12-03,17,190.864023,342.0
20542,2024-12-03,18,209.7379736,321.0
20543,2024-12-03,19,195.5255621,323.0
20544,2024-12-03,20,209.8044093,402.0
20545,2024-12-03,21,215.1344765,396.0
20546,2024-12-03,22,223.4808155,375.0
20547,2024-12-03,23,195.9695488,332.0
20548,2024-12-04,0,201.2361958,284.0
20549,2024-12-04,1,202.524638,365.0
20550,2024-12-04,2,235.7353641,365.0
20551,2024-12-04,3,200.5346728,403.0
20552,2024-12-04,4,251.7190505,267.0
20553,2024-12-04,5,245.1547384,215.0
20554,2024-12-04,6,263.0803698,190.0
20555,2024-12-04,7,337.2053675,125.0
20556,2024-12-04,8,400.4365478,95.0
20557,2024-12-04,9,314.5873252,116.0
20558,2024-12-04,10,371.3964802,111.0
20559,2024-12-04,11,280.5657994,162.0
20560,2024-12-04,12,277.7161639,154.0
20561,2024-12-04,13,191.9187918,412.0
20562,2024-12-04,14,211.2137104,381.0
20563,2024-12-04,15,227.9992503,387.0
20564,2024-12-04,16,248.8757251,310.0
20565,2024-12-04,17,196.9894426,469.0
20566,2024-12-04,18,189.050376,444.0
20567,2024-12-04,19,227.1520496,402.0
20568,2024-12-04,20,239.1199154,339.0
20569,2024-12-04,21,250.8437759,423.0
20570,2024-12-04,22,222.1239617,405.0
20571,2024-12-04,23,195.4086517,380.0
20572,2024-12-05,0,212.3938715,375.0
20573,2024-12-05,1,245.6352269,288.0
20574,2024-12-05,2,236.5144234,394.0
20575,2024-12-05,3,228.6319071,294.0
20576,2024-12-05,4,322.1735376,214.0
20577,2024-12-05,5,244.7180393,211.0
20578,2024-12-05,6,235.895944,280.0
20579,2024-12-05,7,332.3139493,131.0
20580,2024-12-05,8,383.1501318,106.0
20581,2024-12-05,9,370.5933341,94.0
20582,2024-12-05,10,378.1133041,133.0
20583,2024-12-05,11,270.1888188,172.0
20584,2024-12-05,12,271.9346803,176.0
20585,2024-12-05,13,257.9070677,273.0
20586,2024-12-05,14,217.6193141,389.0
20587,2024-12-05,15,243.7561716,372.0
20588,2024-12-05,16,252.9235419,349.0
20589,2024-12-05,17,269.8877793,339.0
20590,2024-12-05,18,243.125614,358.0
20591,2024-12-05,19,200.7237647,526.0
20592,2024-12-05,20,226.7963653,364.0
20593,2024-12-05,21,221.5311081,402.0
20594,2024-12-05,22,216.1035685,437.0
20595,2024-12-05,23,196.9646083,481.0
20596,2024-12-06,0,231.4655875,401.0
20597,2024-12-06,1,217.9630902,349.0
20598,2024-12-06,2,218.7985657,388.0
20599,2024-12-06,3,218.4783481,396.0
20600,2024-12-06,4,268.2032976,211.0
20601,2024-12-06,5,286.8792852,184.0
20602,2024-12-06,6,231.2645535,245.0
20603,2024-12-06,7,310.7751718,127.0
20604,2024-12-06,8,310.454272,174.0
20605,2024-12-06,9,364.9065917,94.0
20606,2024-12-06,10,339.5929318,128.0
20607,2024-12-06,11,323.4389646,162.0
20608,2024-12-06,12,241.0248657,181.0
20609,2024-12-06,13,275.6606042,242.0
20610,2024-12-06,14,225.9746529,372.0
20611,2024-12-06,15,229.8000622,412.0
20612,2024-12-06,16,212.832045,407.0
20613,2024-12-06,17,251.449087,330.0
20614,2024-12-06,18,228.7984714,361.0
20615,2024-12-06,19,193.7036269,440.0
20616,2024-12-06,20,205.829707,341.0
20617,2024-12-06,21,225.131223,320.0
20618,2024-12-06,22,216.3319373,428.0
20619,2024-12-06,23,223.0068237,376.0
20620,2024-12-07,0,184.9742488,357.0
20621,2024-12-07,1,240.0309207,316.0
20622,2024-12-07,2,219.6742248,400.0
20623,2024-12-07,3,220.2407449,305.0
20624,2024-12-07,4,288.3391458,241.0
20625,2024-12-07,5,245.8814141,211.0
20626,2024-12-07,6,204.489942,233.0
20627,2024-12-07,7,328.6727823,128.0
20628,2024-12-07,8,361.8403353,124.0
20629,2024-12-07,9,449.2031706,76.0
20630,2024-12-07,10,371.5283485,118.0
20631,2024-12-07,11,306.8173815,132.0
20632,2024-12-07,12,314.111237,141.0
20633,2024-12-07,13,223.1300544,200.0
20634,2024-12-07,14,272.1753128,240.0
20635,2024-12-07,15,233.1741944,381.0
20636,2024-12-07,16,255.5344121,267.0
20637,2024-12-07,17,280.6190663,307.0
20638,2024-12-07,18,262.4940575,259.0
20639,2024-12-07,19,227.1847911,345.0
20640,2024-12-07,20,202.922132,348.0
20641,2024-12-07,21,201.8422031,308.0
20642,2024-12-07,22,203.1626115,351.0
20643,2024-12-07,23,204.7375028,327.0
20644,2024-12-08,0,197.816216,275.0
20645,2024-12-08,1,255.228241,238.0
20646,2024-12-08,2,256.2537201,333.0
20647,2024-12-08,3,271.6276361,230.0
20648,2024-12-08,4,287.5454062,211.0
20649,2024-12-08,5,303.0934852,181.0
20650,2024-12-08,6,251.4362495,228.0
20651,2024-12-08,7,381.0608342,132.0
20652,2024-12-08,8,346.6784316,120.0
20653,2024-12-08,9,344.0577295,121.0
20654,2024-12-08,10,416.7912585,92.0
20655,2024-12-08,11,303.0387842,148.0
20656,2024-12-08,12,316.384528,118.0
20657,2024-12-08,13,275.5295775,164.0
20658,2024-12-08,14,275.4155294,248.0
20659,2024-12-08,15,220.368436,317.0
20660,2024-12-08,16,227.8959781,275.0
20661,2024-12-08,17,216.1576523,366.0
20662,2024-12-08,18,228.4784435,304.0
20663,2024-12-08,19,259.3596965,312.0
20664,2024-12-08,20,236.7683855,265.0
20665,2024-12-08,21,241.4440887,267.0
20666,2024-12-08,22,246.28433,301.0
20667,2024-12-08,23,252.6399165,348.0
20668,2024-12-09,0,213.0344164,346.0
20669,2024-12-09,1,228.0069892,333.0
20670,2024-12-09,2,248.7334441,321.0
20671,2024-12-09,3,220.2509469,431.0
20672,2024-12-09,4,239.8282668,356.0
20673,2024-12-09,5,345.9074818,136.0
20674,2024-12-09,6,289.5548314,220.0
20675,2024-12-09,7,294.4007037,147.0
20676,2024-12-09,8,328.5727055,124.0
20677,2024-12-09,9,280.5339234,141.0
20678,2024-12-09,10,365.4288997,107.0
20679,2024-12-09,11,319.3211394,145.0
20680,2024-12-09,12,268.2696169,185.0
20681,2024-12-09,13,202.4231478,275.0
20682,2024-12-09,14,268.8698239,427.0
20683,2024-12-09,15,206.352488,403.0
20684,2024-12-09,16,207.6697503,321.0
20685,2024-12-09,17,234.8898993,358.0
20686,2024-12-09,18,211.3377369,348.0
20687,2024-12-09,19,238.4459812,559.0
20688,2024-12-09,20,217.8633408,472.0
20689,2024-12-09,21,246.3376331,372.0
20690,2024-12-09,22,245.0029611,337.0
20691,2024-12-09,23,225.5355701,369.0
20692,2024-12-10,0,240.6758354,348.0
20693,2024-12-10,1,263.6139557,296.0
20694,2024-12-10,2,244.6502519,356.0
20695,2024-12-10,3,280.0102369,282.0
20696,2024-12-10,4,234.9182248,256.0
20697,2024-12-10,5,338.8468292,146.0
20698,2024-12-10,6,228.7348904,198.0
20699,2024-12-10,7,356.0998702,141.0
20700,2024-12-10,8,315.9478914,147.0
20701,2024-12-10,9,358.50536,119.0
20702,2024-12-10,10,370.3532573,122.0
20703,2024-12-10,11,257.9229658,176.0
20704,2024-12-10,12,278.6741769,159.0
20705,2024-12-10,13,206.4143164,280.0
20706,2024-12-10,14,275.4642557,303.0
20707,2024-12-10,15,250.3811056,301.0
20708,2024-12-10,16,190.3919206,380.0
20709,2024-12-10,17,229.2170811,335.0
20710,2024-12-10,18,214.1183244,313.0
20711,2024-12-10,19,203.328607,382.0
20712,2024-12-10,20,199.5564837,335.0
20713,2024-12-10,21,235.3694413,331.0
20714,2024-12-10,22,221.4226628,336.0
20715,2024-12-10,23,248.7557052,326.0
20716,2024-12-11,0,241.2351823,274.0
20717,2024-12-11,1,227.1500637,423.0
20718,2024-12-11,2,222.9139647,404.0
20719,2024-12-11,3,214.9756177,367.0
20720,2024-12-11,4,255.1648579,286.0
20721,2024-12-11,5,364.2709987,170.0
20722,2024-12-11,6,343.6758417,289.0
20723,2024-12-11,7,393.690773,121.0
20724,2024-12-11,8,320.5255154,131.0
20725,2024-12-11,9,309.8759556,112.0
20726,2024-12-11,10,303.4773844,126.0
20727,2024-12-11,11,284.4757148,169.0
20728,2024-12-11,12,259.0761285,176.0
20729,2024-12-11,13,222.2531192,284.0
20730,2024-12-11,14,183.96547,358.0
20731,2024-12-11,15,191.0452443,428.0
20732,2024-12-11,16,217.5898004,346.0
20733,2024-12-11,17,208.9760449,359.0
20734,2024-12-11,18,218.3742397,497.0
20735,2024-12-11,19,242.2862346,463.0
20736,2024-12-11,20,248.6040902,464.0
20737,2024-12-11,21,238.8552759,306.0
20738,2024-12-11,22,263.3720805,280.0
20739,2024-12-11,23,226.1238876,447.0
20740,2024-12-12,0,217.230589,352.0
20741,2024-12-12,1,278.4880734,392.0
20742,2024-12-12,2,220.451858,362.0
20743,2024-12-12,3,261.823526,262.0
20744,2024-12-12,4,244.0652137,246.0
20745,2024-12-12,5,288.5092269,197.0
20746,2024-12-12,6,205.8186481,207.0
20747,2024-12-12,7,372.7500756,114.0
20748,2024-12-12,8,324.567224,117.0
20749,2024-12-12,9,317.0861224,127.0
20750,2024-12-12,10,350.2907827,106.0
20751,2024-12-12,11,320.3969776,113.0
20752,2024-12-12,12,201.7127084,207.0
20753,2024-12-12,13,213.7661183,253.0
20754,2024-12-12,14,224.3245971,322.0
20755,2024-12-12,15,218.3855869,391.0
20756,2024-12-12,16,213.4509304,353.0
20757,2024-12-12,17,249.0041682,378.0
20758,2024-12-12,18,195.9267975,292.0
20759,2024-12-12,19,185.9445087,369.0
20760,2024-12-12,20,196.7288936,314.0
20761,2024-12-12,21,225.1603053,327.0
20762,2024-12-12,22,285.9533511,397.0
20763,2024-12-12,23,226.0840256,325.0
20764,2024-12-13,0,219.9204524,274.0
20765,2024-12-13,1,187.2996044,330.0
20766,2024-12-13,2,168.6617567,308.0
20767,2024-12-13,3,174.9964089,219.0
20768,2024-12-13,4,171.0895112,171.0
20769,2024-12-13,5,142.5054346,166.0
20770,2024-12-13,6,216.7259149,102.0
20771,2024-12-13,7,237.9236488,96.0
20772,2024-12-13,8,217.7350752,53.0
20773,2024-12-13,9,164.733625,80.0
20774,2024-12-13,10,192.3716931,81.0
20775,2024-12-13,11,163.1775263,139.0
20776,2024-12-13,12,144.6347403,173.0
20777,2024-12-13,13,143.7750965,256.0
20778,2024-12-13,14,182.5124413,283.0
20779,2024-12-13,15,180.6696497,420.0
20780,2024-12-13,16,128.6211553,255.0
20781,2024-12-13,17,173.2879935,333.0
20782,2024-12-13,18,117.8451002,279.0
20783,2024-12-13,19,157.9881989,316.0
20784,2024-12-13,20,168.3924109,306.0
20785,2024-12-13,21,172.6306373,313.0
20786,2024-12-13,22,224.6719141,280.0
20787,2024-12-13,23,213.0805378,330.0
20788,2024-12-14,0,185.6054347,294.0
20789,2024-12-14,1,145.2106238,250.0
20790,2024-12-14,2,151.2481682,315.0
20791,2024-12-14,3,111.3055861,254.0
20792,2024-12-14,4,162.2300889,257.0
20793,2024-12-14,5,124.0489119,208.0
20794,2024-12-14,6,104.8384503,115.0
20795,2024-12-14,7,263.1584984,77.0
20796,2024-12-14,8,151.7892358,81.0
20797,2024-12-14,9,173.2216663,81.0
20798,2024-12-14,10,205.8976659,54.0
20799,2024-12-14,11,146.6471074,73.0
20800,2024-12-14,12,167.3842688,87.0
20801,2024-12-14,13,131.7928149,162.0
20802,2024-12-14,14,151.5261313,283.0
20803,2024-12-14,15,197.7985405,261.0
20804,2024-12-14,16,160.0031714,441.0
20805,2024-12-14,17,208.3319524,246.0
20806,2024-12-14,18,151.1091997,278.0
20807,2024-12-14,19,169.588922,304.0
20808,2024-12-14,20,155.7593098,295.0
20809,2024-12-14,21,161.6487156,244.0
20810,2024-12-14,22,222.1855916,210.0
20811,2024-12-14,23,173.6545809,247.0
20812,2024-12-15,0,148.8038486,275.0
20813,2024-12-15,1,173.5518017,274.0
20814,2024-12-15,2,172.7494669,265.0
20815,2024-12-15,3,148.4094522,247.0
20816,2024-12-15,4,171.5760145,216.0
20817,2024-12-15,5,149.7194081,173.0
20818,2024-12-15,6,156.0448752,131.0
20819,2024-12-15,7,160.5411312,123.0
20820,2024-12-15,8,146.6965713,93.0
20821,2024-12-15,9,162.0051254,78.0
20822,2024-12-15,10,177.7849982,75.0
20823,2024-12-15,11,151.3134038,122.0
20824,2024-12-15,12,172.5370815,153.0
20825,2024-12-15,13,125.4536671,138.0
20826,2024-12-15,14,163.7112636,218.0
20827,2024-12-15,15,160.7964783,335.0
20828,2024-12-15,16,137.017474,249.0
20829,2024-12-15,17,172.3825369,288.0
20830,2024-12-15,18,144.1281467,363.0
20831,2024-12-15,19,204.1219378,295.0
20832,2024-12-15,20,131.9799784,281.0
20833,2024-12-15,21,139.6994609,279.0
20834,2024-12-15,22,170.5313013,307.0
20835,2024-12-15,23,158.5762927,399.0
20836,2024-12-16,0,138.6733358,362.0
20837,2024-12-16,1,174.0990401,344.0
20838,2024-12-16,2,232.7312176,388.0
20839,2024-12-16,3,160.93269,282.0
20840,2024-12-16,4,167.5116616,212.0
20841,2024-12-16,5,187.845715,122.0
20842,2024-12-16,6,122.3367607,141.0
20843,2024-12-16,7,149.3977259,142.0
20844,2024-12-16,8,111.5858922,82.0
20845,2024-12-16,9,144.8378913,86.0
20846,2024-12-16,10,119.2535425,124.0
20847,2024-12-16,11,87.44772436,122.0
20848,2024-12-16,12,121.0444174,139.0
20849,2024-12-16,13,137.8677024,227.0
20850,2024-12-16,14,190.0615066,274.0
20851,2024-12-16,15,189.7389883,375.0
20852,2024-12-16,16,150.4163454,416.0
20853,2024-12-16,17,160.2175342,340.0
20854,2024-12-16,18,130.159461,308.0
20855,2024-12-16,19,142.2442818,252.0
20856,2024-12-16,20,135.1866484,345.0
20857,2024-12-16,21,145.9195985,341.0
20858,2024-12-16,22,150.5924867,389.0
20859,2024-12-16,23,146.1630597,352.0
20860,2024-12-17,0,107.50212,339.0
20861,2024-12-17,1,166.7230853,339.0
20862,2024-12-17,2,160.1173172,340.0
20863,2024-12-17,3,147.5118872,253.0
20864,2024-12-17,4,137.2937012,234.0
20865,2024-12-17,5,143.9328186,208.0
20866,2024-12-17,6,123.5501879,165.0
20867,2024-12-17,7,136.5878284,144.0
20868,2024-12-17,8,161.2592668,90.0
20869,2024-12-17,9,109.3400368,101.0
20870,2024-12-17,10,119.3086419,108.0
20871,2024-12-17,11,112.2813136,201.0
20872,2024-12-17,12,126.5967495,143.0
20873,2024-12-17,13,132.6982963,258.0
20874,2024-12-17,14,173.5030784,380.0
20875,2024-12-17,15,140.3142628,367.0
20876,2024-12-17,16,166.6364183,329.0
20877,2024-12-17,17,165.8213873,304.0
20878,2024-12-17,18,129.4127906,338.0
20879,2024-12-17,19,154.0472896,366.0
20880,2024-12-17,20,133.7452985,347.0
20881,2024-12-17,21,156.3750847,342.0
20882,2024-12-17,22,174.9029419,285.0
20883,2024-12-17,23,154.3492334,337.0
20884,2024-12-18,0,135.8042461,353.0
20885,2024-12-18,1,177.7311035,253.0
20886,2024-12-18,2,189.9517017,296.0
20887,2024-12-18,3,228.0208999,237.0
20888,2024-12-18,4,265.4039723,213.0
20889,2024-12-18,5,380.0271196,135.0
20890,2024-12-18,6,250.7538314,163.0
20891,2024-12-18,7,361.9458736,98.0
20892,2024-12-18,8,290.1631265,119.0
20893,2024-12-18,9,463.8572241,69.0
20894,2024-12-18,10,372.5150051,90.0
20895,2024-12-18,11,290.6755693,125.0
20896,2024-12-18,12,225.1542478,167.0
20897,2024-12-18,13,200.1049936,283.0
20898,2024-12-18,14,219.3224572,362.0
20899,2024-12-18,15,158.6490142,465.0
20900,2024-12-18,16,194.3822034,444.0
20901,2024-12-18,17,248.1499727,249.0
20902,2024-12-18,18,231.5183081,270.0
20903,2024-12-18,19,234.3606053,248.0
20904,2024-12-18,20,195.605455,352.0
20905,2024-12-18,21,208.4122938,279.0
20906,2024-12-18,22,198.73051,386.0
20907,2024-12-18,23,267.3924413,422.0
20908,2024-12-19,0,179.1466683,334.0
20909,2024-12-19,1,244.2680223,314.0
20910,2024-12-19,2,222.8981399,302.0
20911,2024-12-19,3,237.6652348,323.0
20912,2024-12-19,4,243.6173417,230.0
20913,2024-12-19,5,244.2011345,199.0
20914,2024-12-19,6,282.6300423,134.0
20915,2024-12-19,7,340.4435695,101.0
20916,2024-12-19,8,323.0837151,114.0
20917,2024-12-19,9,296.9741323,108.0
20918,2024-12-19,10,389.4966302,106.0
20919,2024-12-19,11,313.5756822,117.0
20920,2024-12-19,12,254.9243167,172.0
20921,2024-12-19,13,187.4062539,307.0
20922,2024-12-19,14,229.2212966,327.0
20923,2024-12-19,15,223.0066484,360.0
20924,2024-12-19,16,208.8041867,443.0
20925,2024-12-19,17,238.7683128,345.0
20926,2024-12-19,18,248.6931739,268.0
20927,2024-12-19,19,210.5081995,293.0
20928,2024-12-19,20,200.0562181,360.0
20929,2024-12-19,21,211.0839166,330.0
20930,2024-12-19,22,230.6220352,308.0
20931,2024-12-19,23,245.3865569,392.0
20932,2024-12-20,0,221.3596147,224.0
20933,2024-12-20,1,202.3604332,364.0
20934,2024-12-20,2,225.5092855,462.0
20935,2024-12-20,3,247.1116605,288.0
20936,2024-12-20,4,363.5626825,242.0
20937,2024-12-20,5,217.0012645,219.0
20938,2024-12-20,6,311.2177975,113.0
20939,2024-12-20,7,355.1563887,103.0
20940,2024-12-20,8,383.3506211,100.0
20941,2024-12-20,9,352.0804656,97.0
20942,2024-12-20,10,437.2971231,87.0
20943,2024-12-20,11,334.7001127,128.0
20944,2024-12-20,12,250.0654512,167.0
20945,2024-12-20,13,236.2754579,281.0
20946,2024-12-20,14,193.2206354,307.0
20947,2024-12-20,15,202.687744,287.0
20948,2024-12-20,16,207.6178498,292.0
20949,2024-12-20,17,161.9281536,405.0
20950,2024-12-20,18,189.0833045,304.0
20951,2024-12-20,19,263.9066772,244.0
20952,2024-12-20,20,216.950088,367.0
20953,2024-12-20,21,235.7357161,338.0
20954,2024-12-20,22,230.6730494,305.0
20955,2024-12-20,23,252.5297004,295.0
20956,2024-12-21,0,211.22592,280.0
20957,2024-12-21,1,201.303667,303.0
20958,2024-12-21,2,231.3633808,280.0
20959,2024-12-21,3,256.7515375,244.0
20960,2024-12-21,4,233.6968322,207.0
20961,2024-12-21,5,203.3665809,258.0
20962,2024-12-21,6,315.6794185,139.0
20963,2024-12-21,7,402.7238705,80.0
20964,2024-12-21,8,369.2095757,89.0
20965,2024-12-21,9,397.2300597,88.0
20966,2024-12-21,10,410.8543994,85.0
20967,2024-12-21,11,372.3373101,99.0
20968,2024-12-21,12,298.4327963,130.0
20969,2024-12-21,13,289.9699644,181.0
20970,2024-12-21,14,255.3855104,248.0
20971,2024-12-21,15,230.1785355,301.0
20972,2024-12-21,16,231.4293335,239.0
20973,2024-12-21,17,239.6066656,267.0
20974,2024-12-21,18,247.3674552,247.0
20975,2024-12-21,19,226.2829481,271.0
20976,2024-12-21,20,215.3827405,253.0
20977,2024-12-21,21,226.8321868,281.0
20978,2024-12-21,22,227.1150375,332.0
20979,2024-12-21,23,238.2626987,264.0
20980,2024-12-22,0,196.2934286,310.0
20981,2024-12-22,1,208.6745257,274.0
20982,2024-12-22,2,184.237299,387.0
20983,2024-12-22,3,199.786712,264.0
20984,2024-12-22,4,254.2408845,204.0
20985,2024-12-22,5,217.9115557,199.0
20986,2024-12-22,6,263.3540995,180.0
20987,2024-12-22,7,419.3961964,85.0
20988,2024-12-22,8,414.229586,84.0
20989,2024-12-22,9,431.1443517,78.0
20990,2024-12-22,10,321.8252448,107.0
20991,2024-12-22,11,409.9803958,78.0
20992,2024-12-22,12,320.6484512,96.0
20993,2024-12-22,13,313.6913204,158.0
20994,2024-12-22,14,243.5419925,218.0
20995,2024-12-22,15,270.962877,226.0
20996,2024-12-22,16,217.1452467,205.0
20997,2024-12-22,17,287.2689861,212.0
20998,2024-12-22,18,237.3156947,203.0
20999,2024-12-22,19,244.5639992,243.0
21000,2024-12-22,20,221.9123068,247.0
21001,2024-12-22,21,264.9281315,226.0
21002,2024-12-22,22,257.945929,283.0
21003,2024-12-22,23,255.8114898,278.0
21004,2024-12-23,0,259.796233,258.0
21005,2024-12-23,1,237.7114478,273.0
21006,2024-12-23,2,215.9635467,335.0
21007,2024-12-23,3,206.4490198,267.0
21008,2024-12-23,4,274.2373011,239.0
21009,2024-12-23,5,259.5101049,194.0
21010,2024-12-23,6,279.3056471,192.0
21011,2024-12-23,7,376.6553162,101.0
21012,2024-12-23,8,435.308395,76.0
21013,2024-12-23,9,430.6759556,73.0
21014,2024-12-23,10,365.8597783,99.0
21015,2024-12-23,11,326.1254488,110.0
21016,2024-12-23,12,227.4459494,171.0
21017,2024-12-23,13,255.5794698,254.0
21018,2024-12-23,14,193.4569506,327.0
21019,2024-12-23,15,222.8369732,331.0
21020,2024-12-23,16,200.5594036,364.0
21021,2024-12-23,17,225.0724007,427.0
21022,2024-12-23,18,243.3877997,400.0
21023,2024-12-23,19,236.9885116,325.0
21024,2024-12-23,20,247.3052443,352.0
21025,2024-12-23,21,262.6793267,292.0
21026,2024-12-23,22,255.7999426,288.0
21027,2024-12-23,23,251.936255,287.0
21028,2024-12-24,0,222.8113606,211.0
21029,2024-12-24,1,252.1364063,230.0
21030,2024-12-24,2,252.5977865,261.0
21031,2024-12-24,3,249.4713988,242.0
21032,2024-12-24,4,296.7744606,177.0
21033,2024-12-24,5,310.9234987,165.0
21034,2024-12-24,6,217.809368,174.0
21035,2024-12-24,7,300.9517802,126.0
21036,2024-12-24,8,366.8200942,90.0
21037,2024-12-24,9,395.168618,83.0
21038,2024-12-24,10,357.035289,98.0
21039,2024-12-24,11,299.9631905,119.0
21040,2024-12-24,12,364.4909197,104.0
21041,2024-12-24,13,264.8716007,195.0
21042,2024-12-24,14,194.2459033,282.0
21043,2024-12-24,15,246.4483619,307.0
21044,2024-12-24,16,238.4290459,253.0
21045,2024-12-24,17,248.6796953,276.0
21046,2024-12-24,18,233.2790498,307.0
21047,2024-12-24,19,228.6580212,338.0
21048,2024-12-24,20,209.5656185,309.0
21049,2024-12-24,21,271.3570401,272.0
21050,2024-12-24,22,246.8849871,268.0
21051,2024-12-24,23,262.2098527,259.0
21052,2024-12-25,0,247.8691523,195.0
21053,2024-12-25,1,335.5868033,157.0
21054,2024-12-25,2,233.4412163,275.0
21055,2024-12-25,3,245.6136162,220.0
21056,2024-12-25,4,246.4193139,209.0
21057,2024-12-25,5,278.6384679,174.0
21058,2024-12-25,6,281.7777409,149.0
21059,2024-12-25,7,358.2151498,105.0
21060,2024-12-25,8,407.439641,85.0
21061,2024-12-25,9,467.1777103,79.0
21062,2024-12-25,10,393.0092383,75.0
21063,2024-12-25,11,384.9928456,89.0
21064,2024-12-25,12,338.0706547,95.0
21065,2024-12-25,13,351.9194762,104.0
21066,2024-12-25,14,220.8893969,176.0
21067,2024-12-25,15,231.3517265,221.0
21068,2024-12-25,16,271.1699056,238.0
21069,2024-12-25,17,259.4130291,244.0
21070,2024-12-25,18,199.3437093,268.0
21071,2024-12-25,19,235.8155172,217.0
21072,2024-12-25,20,228.9492212,277.0
21073,2024-12-25,21,220.1844983,287.0
21074,2024-12-25,22,190.7151861,273.0
21075,2024-12-25,23,214.2754289,275.0
21076,2024-12-26,0,207.7155424,232.0
21077,2024-12-26,1,232.343844,217.0
21078,2024-12-26,2,243.5049829,253.0
21079,2024-12-26,3,244.2965594,235.0
21080,2024-12-26,4,229.7362121,188.0
21081,2024-12-26,5,322.5128979,153.0
21082,2024-12-26,6,315.7427779,128.0
21083,2024-12-26,7,284.201666,142.0
21084,2024-12-26,8,474.2174625,80.0
21085,2024-12-26,9,482.7418867,72.0
21086,2024-12-26,10,336.7283476,92.0
21087,2024-12-26,11,322.2201411,100.0
21088,2024-12-26,12,231.213389,187.0
21089,2024-12-26,13,268.7636817,163.0
21090,2024-12-26,14,217.0436119,264.0
21091,2024-12-26,15,202.0094845,334.0
21092,2024-12-26,16,258.126907,283.0
21093,2024-12-26,17,257.1816965,238.0
21094,2024-12-26,18,220.4903567,330.0
21095,2024-12-26,19,199.4787039,335.0
21096,2024-12-26,20,264.5050645,285.0
21097,2024-12-26,21,224.6634648,306.0
21098,2024-12-26,22,240.054086,319.0
21099,2024-12-26,23,222.3827241,277.0
21100,2024-12-27,0,193.0057171,280.0
21101,2024-12-27,1,223.6468238,283.0
21102,2024-12-27,2,231.5706481,291.0
21103,2024-12-27,3,245.4387505,249.0
21104,2024-12-27,4,225.053598,203.0
21105,2024-12-27,5,265.3163431,192.0
21106,2024-12-27,6,286.4053002,137.0
21107,2024-12-27,7,315.5959826,152.0
21108,2024-12-27,8,280.227366,123.0
21109,2024-12-27,9,457.2809842,72.0
21110,2024-12-27,10,430.7290273,82.0
21111,2024-12-27,11,352.8895139,94.0
21112,2024-12-27,12,238.3460483,179.0
21113,2024-12-27,13,214.2808973,235.0
21114,2024-12-27,14,219.489459,309.0
21115,2024-12-27,15,222.3772276,317.0
21116,2024-12-27,16,228.6989645,277.0
21117,2024-12-27,17,219.4109782,312.0
21118,2024-12-27,18,211.5915831,316.0
21119,2024-12-27,19,204.1682157,371.0
21120,2024-12-27,20,188.2653216,389.0
21121,2024-12-27,21,255.4585678,323.0
21122,2024-12-27,22,272.4215986,230.0
21123,2024-12-27,23,245.9256257,256.0
21124,2024-12-28,0,236.8201714,245.0
21125,2024-12-28,1,229.9076942,242.0
21126,2024-12-28,2,246.6465765,379.0
21127,2024-12-28,3,198.6788556,304.0
21128,2024-12-28,4,239.8285524,236.0
21129,2024-12-28,5,195.6000914,395.0
21130,2024-12-28,6,306.6019226,162.0
21131,2024-12-28,7,324.7662821,120.0
21132,2024-12-28,8,299.080375,145.0
21133,2024-12-28,9,522.7292045,67.0
21134,2024-12-28,10,393.5192206,75.0
21135,2024-12-28,11,348.9009663,94.0
21136,2024-12-28,12,339.2576605,93.0
21137,2024-12-28,13,318.197072,128.0
21138,2024-12-28,14,293.9304881,207.0
21139,2024-12-28,15,271.5784687,229.0
21140,2024-12-28,16,257.7906635,215.0
21141,2024-12-28,17,213.3978605,285.0
21142,2024-12-28,18,247.3870314,282.0
21143,2024-12-28,19,265.1547415,219.0
21144,2024-12-28,20,221.3364614,290.0
21145,2024-12-28,21,200.7550322,371.0
21146,2024-12-28,22,220.9190951,335.0
21147,2024-12-28,23,242.4009684,337.0
21148,2024-12-29,0,210.9550571,288.0
21149,2024-12-29,1,221.0859998,279.0
21150,2024-12-29,2,177.2189153,360.0
21151,2024-12-29,3,216.993002,284.0
21152,2024-12-29,4,224.996039,251.0
21153,2024-12-29,5,250.3438647,246.0
21154,2024-12-29,6,228.9415686,155.0
21155,2024-12-29,7,323.1189237,121.0
21156,2024-12-29,8,336.4925594,106.0
21157,2024-12-29,9,342.2410286,101.0
21158,2024-12-29,10,362.5780004,96.0
21159,2024-12-29,11,332.1804053,101.0
21160,2024-12-29,12,312.1272027,115.0
21161,2024-12-29,13,278.4628673,167.0
21162,2024-12-29,14,282.8792336,170.0
21163,2024-12-29,15,245.7720394,272.0
21164,2024-12-29,16,242.4214668,230.0
21165,2024-12-29,17,256.5710984,448.0
21166,2024-12-29,18,185.9961868,275.0
21167,2024-12-29,19,215.5962628,280.0
21168,2024-12-29,20,219.4425986,278.0
21169,2024-12-29,21,259.0649605,264.0
21170,2024-12-29,22,223.3546802,299.0
21171,2024-12-29,23,228.9576862,263.0
21172,2024-12-30,0,230.4629322,271.0
21173,2024-12-30,1,271.3110027,313.0
21174,2024-12-30,2,230.232133,267.0
21175,2024-12-30,3,263.6593762,281.0
21176,2024-12-30,4,231.6395246,201.0
21177,2024-12-30,5,301.908527,164.0
21178,2024-12-30,6,219.2264635,167.0
21179,2024-12-30,7,354.0518581,103.0
21180,2024-12-30,8,460.2579364,76.0
21181,2024-12-30,9,373.6116606,96.0
21182,2024-12-30,10,351.8237847,95.0
21183,2024-12-30,11,362.234975,111.0
21184,2024-12-30,12,288.1646634,112.0
21185,2024-12-30,13,221.4267761,247.0
21186,2024-12-30,14,194.6994428,338.0
21187,2024-12-30,15,227.7162551,292.0
21188,2024-12-30,16,209.3983408,344.0
21189,2024-12-30,17,189.3375152,323.0
21190,2024-12-30,18,185.8851744,332.0
21191,2024-12-30,19,220.9719663,339.0
21192,2024-12-30,20,205.4357332,330.0
21193,2024-12-30,21,231.7813256,347.0
21194,2024-12-30,22,227.2668461,310.0
21195,2024-12-30,23,259.3495243,275.0
21196,2024-12-31,0,202.4385839,254.0
21197,2024-12-31,1,239.5820274,274.0
21198,2024-12-31,2,222.9015657,297.0
21199,2024-12-31,3,228.9053793,296.0
21200,2024-12-31,4,311.4714467,135.0
21201,2024-12-31,5,258.824518,203.0
21202,2024-12-31,6,292.8014652,135.0
21203,2024-12-31,7,311.8891424,116.0
21204,2024-12-31,8,320.942053,115.0
21205,2024-12-31,9,343.4332972,107.0
21206,2024-12-31,10,374.2047202,91.0
21207,2024-12-31,11,373.3645638,94.0
21208,2024-12-31,12,290.3475224,166.0
21209,2024-12-31,13,246.1976016,282.0
21210,2024-12-31,14,184.2405435,372.0
21211,2024-12-31,15,238.7188513,317.0
21212,2024-12-31,16,244.6561816,266.0
21213,2024-12-31,17,206.1597768,430.0
21214,2024-12-31,18,188.5399012,365.0
21215,2024-12-31,19,219.7483607,320.0
21216,2024-12-31,20,233.5403808,305.0
21217,2024-12-31,21,246.7548613,301.0
21218,2024-12-31,22,260.8030527,310.0
21219,2024-12-31,23,294.490772,195.0
21220,2025-01-01,0,185.2229495,299.0
21221,2025-01-01,1,250.6564305,215.0
21222,2025-01-01,2,254.3898801,237.0
21223,2025-01-01,3,297.6746725,144.0
21224,2025-01-01,4,286.6934767,168.0
21225,2025-01-01,5,181.3722372,395.0
21226,2025-01-01,6,284.7096623,146.0
21227,2025-01-01,7,333.7189137,109.0
21228,2025-01-01,8,455.528152,67.0
21229,2025-01-01,9,479.607956,67.0
21230,2025-01-01,10,409.5456992,86.0
21231,2025-01-01,11,426.0893646,73.0
21232,2025-01-01,12,329.2389139,98.0
21233,2025-01-01,13,276.0922796,154.0
21234,2025-01-01,14,278.0992247,173.0
21235,2025-01-01,15,228.6217252,255.0
21236,2025-01-01,16,236.2038961,262.0
21237,2025-01-01,17,297.956518,213.0
21238,2025-01-01,18,203.8441223,303.0
21239,2025-01-01,19,246.5535219,267.0
21240,2025-01-01,20,254.8106259,220.0
21241,2025-01-01,21,219.6252155,273.0
21242,2025-01-01,22,231.1994344,268.0
21243,2025-01-01,23,234.7463652,294.0
21244,2025-01-02,0,207.7791934,228.0
21245,2025-01-02,1,255.2986438,259.0
21246,2025-01-02,2,242.016821,222.0
21247,2025-01-02,3,243.201638,177.0
21248,2025-01-02,4,274.3016837,147.0
21249,2025-01-02,5,303.2833991,140.0
21250,2025-01-02,6,238.2963583,161.0
21251,2025-01-02,7,376.8659088,93.0
21252,2025-01-02,8,484.8063415,68.0
21253,2025-01-02,9,430.792791,82.0
21254,2025-01-02,10,317.6886171,105.0
21255,2025-01-02,11,303.8165631,119.0
21256,2025-01-02,12,245.4546909,159.0
21257,2025-01-02,13,204.1833094,237.0
21258,2025-01-02,14,203.97771,296.0
21259,2025-01-02,15,256.2106637,329.0
21260,2025-01-02,16,180.2641575,447.0
21261,2025-01-02,17,234.693791,350.0
21262,2025-01-02,18,234.6860725,290.0
21263,2025-01-02,19,233.1450366,319.0
21264,2025-01-02,20,184.9500261,458.0
21265,2025-01-02,21,226.4148126,344.0
21266,2025-01-02,22,231.1027584,320.0
21267,2025-01-02,23,243.3400791,362.0
21268,2025-01-03,0,217.7967768,276.0
21269,2025-01-03,1,199.9487216,297.0
21270,2025-01-03,2,211.6846491,365.0
21271,2025-01-03,3,236.9797827,219.0
21272,2025-01-03,4,243.2623653,223.0
21273,2025-01-03,5,240.0990904,176.0
21274,2025-01-03,6,237.7210653,146.0
21275,2025-01-03,7,360.3707565,95.0
21276,2025-01-03,8,415.8831965,81.0
21277,2025-01-03,9,399.5207431,88.0
21278,2025-01-03,10,314.857441,112.0
21279,2025-01-03,11,275.7380439,123.0
21280,2025-01-03,12,277.0400724,160.0
21281,2025-01-03,13,228.6613075,218.0
21282,2025-01-03,14,212.1299843,367.0
21283,2025-01-03,15,237.4042515,310.0
21284,2025-01-03,16,252.1638848,380.0
21285,2025-01-03,17,243.1089023,296.0
21286,2025-01-03,18,208.8175102,283.0
21287,2025-01-03,19,212.3853777,339.0
21288,2025-01-03,20,221.7050048,281.0
21289,2025-01-03,21,217.9641674,343.0
21290,2025-01-03,22,192.207551,355.0
21291,2025-01-03,23,227.7818393,342.0
21292,2025-01-04,0,231.188618,273.0
21293,2025-01-04,1,236.1910574,269.0
21294,2025-01-04,2,237.1819434,312.0
21295,2025-01-04,3,255.4004243,243.0
21296,2025-01-04,4,243.9664456,211.0
21297,2025-01-04,5,214.8356353,256.0
21298,2025-01-04,6,271.4801585,156.0
21299,2025-01-04,7,291.0972662,130.0
21300,2025-01-04,8,433.3717552,71.0
21301,2025-01-04,9,355.7016429,92.0
21302,2025-01-04,10,357.8321987,92.0
21303,2025-01-04,11,321.297545,115.0
21304,2025-01-04,12,360.1195373,98.0
21305,2025-01-04,13,319.3365996,148.0
21306,2025-01-04,14,237.2202718,251.0
21307,2025-01-04,15,258.5681764,230.0
21308,2025-01-04,16,253.5391143,205.0
21309,2025-01-04,17,202.2844426,338.0
21310,2025-01-04,18,188.3133047,252.0
21311,2025-01-04,19,212.8956009,267.0
21312,2025-01-04,20,229.0846709,274.0
21313,2025-01-04,21,224.4881053,295.0
21314,2025-01-04,22,244.741417,243.0
21315,2025-01-04,23,258.8805164,266.0
21316,2025-01-05,0,228.7277375,238.0
21317,2025-01-05,1,217.2446687,303.0
21318,2025-01-05,2,215.0630222,348.0
21319,2025-01-05,3,225.7778677,287.0
21320,2025-01-05,4,229.0413772,235.0
21321,2025-01-05,5,212.2067616,282.0
21322,2025-01-05,6,234.5449108,202.0
21323,2025-01-05,7,340.03048,122.0
21324,2025-01-05,8,343.982393,97.0
21325,2025-01-05,9,379.0291321,88.0
21326,2025-01-05,10,320.1344766,103.0
21327,2025-01-05,11,391.6410907,87.0
21328,2025-01-05,12,412.7428831,79.0
21329,2025-01-05,13,339.7339585,142.0
21330,2025-01-05,14,316.7030485,137.0
21331,2025-01-05,15,250.4614196,260.0
21332,2025-01-05,16,230.8769167,261.0
21333,2025-01-05,17,200.1187158,476.0
21334,2025-01-05,18,190.7383802,306.0
21335,2025-01-05,19,227.7309643,323.0
21336,2025-01-05,20,197.001922,384.0
21337,2025-01-05,21,210.737905,357.0
21338,2025-01-05,22,211.7163425,339.0
21339,2025-01-05,23,246.7020348,255.0
21340,2025-01-06,0,227.7105989,262.0
21341,2025-01-06,1,269.751539,292.0
21342,2025-01-06,2,232.5064858,357.0
21343,2025-01-06,3,253.9476443,246.0
21344,2025-01-06,4,286.3427279,171.0
21345,2025-01-06,5,260.3730402,179.0
21346,2025-01-06,6,278.2960722,124.0
21347,2025-01-06,7,313.9145565,123.0
21348,2025-01-06,8,371.7797227,96.0
21349,2025-01-06,9,384.7547909,95.0
21350,2025-01-06,10,435.5475877,82.0
21351,2025-01-06,11,385.3650231,137.0
21352,2025-01-06,12,275.9877893,156.0
21353,2025-01-06,13,224.7228162,286.0
21354,2025-01-06,14,233.2936882,405.0
21355,2025-01-06,15,239.4522461,339.0
21356,2025-01-06,16,210.7082069,397.0
21357,2025-01-06,17,238.5030101,368.0
21358,2025-01-06,18,226.9237474,294.0
21359,2025-01-06,19,203.856786,417.0
21360,2025-01-06,20,194.8338516,359.0
21361,2025-01-06,21,201.6466951,331.0
21362,2025-01-06,22,208.5410914,339.0
21363,2025-01-06,23,242.6534187,264.0
21364,2025-01-07,0,212.9998759,509.0
21365,2025-01-07,1,237.6190056,1010.0
21366,2025-01-07,2,279.4315841,506.0
21367,2025-01-07,3,246.4826812,304.0
21368,2025-01-07,4,275.9311928,191.0
21369,2025-01-07,5,170.3195018,186.0
21370,2025-01-07,6,218.0145718,137.0
21371,2025-01-07,7,329.1244549,122.0
21372,2025-01-07,8,390.4723379,83.0
21373,2025-01-07,9,347.6303331,91.0
21374,2025-01-07,10,412.1719127,101.0
21375,2025-01-07,11,244.2048586,200.0
21376,2025-01-07,12,228.2918635,201.0
21377,2025-01-07,13,201.9190327,287.0
21378,2025-01-07,14,217.4693961,359.0
21379,2025-01-07,15,196.5455796,486.0
21380,2025-01-07,16,167.4630273,558.0
21381,2025-01-07,17,184.5932031,457.0
21382,2025-01-07,18,210.0272731,383.0
21383,2025-01-07,19,181.8861147,363.0
21384,2025-01-07,20,216.5658753,375.0
21385,2025-01-07,21,226.2378657,283.0
21386,2025-01-07,22,261.9865252,319.0
21387,2025-01-07,23,260.3203538,322.0
21388,2025-01-08,0,189.8840846,373.0
21389,2025-01-08,1,212.9601632,282.0
21390,2025-01-08,2,225.4260134,272.0
21391,2025-01-08,3,225.9753481,299.0
21392,2025-01-08,4,213.2372504,248.0
21393,2025-01-08,5,243.0971591,239.0
21394,2025-01-08,6,209.3705996,213.0
21395,2025-01-08,7,272.9316335,150.0
21396,2025-01-08,8,375.7384148,96.0
21397,2025-01-08,9,383.1471326,89.0
21398,2025-01-08,10,308.4520962,110.0
21399,2025-01-08,11,313.9932351,135.0
21400,2025-01-08,12,279.6413146,139.0
21401,2025-01-08,13,240.3259693,225.0
21402,2025-01-08,14,193.2183113,301.0
21403,2025-01-08,15,173.6882104,457.0
21404,2025-01-08,16,198.8509422,384.0
21405,2025-01-08,17,197.5130007,422.0
21406,2025-01-08,18,200.6641123,397.0
21407,2025-01-08,19,188.8582873,353.0
21408,2025-01-08,20,228.6474759,353.0
21409,2025-01-08,21,268.5446819,265.0
21410,2025-01-08,22,288.7044054,251.0
21411,2025-01-08,23,235.563949,287.0
21412,2025-01-09,0,200.8777147,312.0
21413,2025-01-09,1,193.6528818,351.0
21414,2025-01-09,2,194.7231455,357.0
21415,2025-01-09,3,194.5745077,311.0
21416,2025-01-09,4,220.7119909,241.0
21417,2025-01-09,5,208.8775719,217.0
21418,2025-01-09,6,241.5677617,178.0
21419,2025-01-09,7,239.1497716,178.0
21420,2025-01-09,8,333.8856166,99.0
21421,2025-01-09,9,269.9800638,128.0
21422,2025-01-09,10,338.5222656,101.0
21423,2025-01-09,11,301.0541911,143.0
21424,2025-01-09,12,245.3786231,150.0
21425,2025-01-09,13,225.2310889,220.0
21426,2025-01-09,14,248.7626911,311.0
21427,2025-01-09,15,222.1384816,387.0
21428,2025-01-09,16,227.1839641,365.0
21429,2025-01-09,17,213.9984724,388.0
21430,2025-01-09,18,193.0067926,295.0
21431,2025-01-09,19,205.7410381,340.0
21432,2025-01-09,20,232.2449116,291.0
21433,2025-01-09,21,230.2719056,308.0
21434,2025-01-09,22,218.1201338,337.0
21435,2025-01-09,23,241.5206643,307.0
21436,2025-01-10,0,189.2034871,382.0
21437,2025-01-10,1,218.0663441,328.0
21438,2025-01-10,2,217.0577353,354.0
21439,2025-01-10,3,205.4419039,264.0
21440,2025-01-10,4,231.904131,238.0
21441,2025-01-10,5,277.1882457,188.0
21442,2025-01-10,6,185.2187149,191.0
21443,2025-01-10,7,196.4246656,250.0
21444,2025-01-10,8,245.1071128,141.0
21445,2025-01-10,9,346.0031129,100.0
21446,2025-01-10,10,329.5233567,98.0
21447,2025-01-10,11,359.7283065,108.0
21448,2025-01-10,12,227.8832978,167.0
21449,2025-01-10,13,178.3701179,334.0
21450,2025-01-10,14,216.5781579,311.0
21451,2025-01-10,15,255.2704907,322.0
21452,2025-01-10,16,214.9673798,311.0
21453,2025-01-10,17,221.0988865,290.0
21454,2025-01-10,18,256.831692,225.0
21455,2025-01-10,19,224.0924945,294.0
21456,2025-01-10,20,201.5864749,447.0
21457,2025-01-10,21,219.2732504,388.0
21458,2025-01-10,22,245.3730119,407.0
21459,2025-01-10,23,249.5519205,288.0
21460,2025-01-11,0,168.5228446,288.0
21461,2025-01-11,1,180.4271112,414.0
21462,2025-01-11,2,200.5606611,387.0
21463,2025-01-11,3,189.7387862,332.0
21464,2025-01-11,4,224.5138284,290.0
21465,2025-01-11,5,182.7182777,273.0
21466,2025-01-11,6,216.7376804,182.0
21467,2025-01-11,7,241.5972122,203.0
21468,2025-01-11,8,395.6943411,77.0
21469,2025-01-11,9,395.3437723,85.0
21470,2025-01-11,10,306.8512678,123.0
21471,2025-01-11,11,270.6375322,147.0
21472,2025-01-11,12,276.4731768,120.0
21473,2025-01-11,13,275.1581027,155.0
21474,2025-01-11,14,244.8092478,185.0
21475,2025-01-11,15,220.897103,277.0
21476,2025-01-11,16,228.9754456,261.0
21477,2025-01-11,17,254.561731,273.0
21478,2025-01-11,18,216.5440187,334.0
21479,2025-01-11,19,253.1915448,281.0
21480,2025-01-11,20,222.1880495,261.0
21481,2025-01-11,21,212.3767851,292.0
21482,2025-01-11,22,190.6571036,278.0
21483,2025-01-11,23,205.8235597,159.0
21484,2025-01-12,0,185.789267,256.0
21485,2025-01-12,1,161.5270207,360.0
21486,2025-01-12,2,185.991648,351.0
21487,2025-01-12,3,216.1694446,359.0
21488,2025-01-12,4,218.348856,243.0
21489,2025-01-12,5,170.1117728,204.0
21490,2025-01-12,6,161.921687,212.0
21491,2025-01-12,7,214.469001,127.0
21492,2025-01-12,8,191.6812273,121.0
21493,2025-01-12,9,139.655839,123.0
21494,2025-01-12,10,228.658,105.0
21495,2025-01-12,11,204.551178,98.0
21496,2025-01-12,12,204.5140311,84.0
21497,2025-01-12,13,116.3789254,177.0
21498,2025-01-12,14,184.6827587,246.0
21499,2025-01-12,15,190.2411272,203.0
21500,2025-01-12,16,184.7594161,233.0
21501,2025-01-12,17,158.2190939,292.0
21502,2025-01-12,18,172.9726699,274.0
21503,2025-01-12,19,192.1296513,259.0
21504,2025-01-12,20,188.6366136,278.0
21505,2025-01-12,21,156.6942429,275.0
21506,2025-01-12,22,187.2560174,268.0
21507,2025-01-12,23,173.9127378,349.0
21508,2025-01-13,0,188.3622764,373.0
21509,2025-01-13,1,154.0499519,306.0
21510,2025-01-13,2,169.0085503,317.0
21511,2025-01-13,3,180.3188005,223.0
21512,2025-01-13,4,183.8910208,231.0
21513,2025-01-13,5,137.3116461,156.0
21514,2025-01-13,6,122.0303603,200.0
21515,2025-01-13,7,199.2751839,118.0
21516,2025-01-13,8,148.8966061,177.0
21517,2025-01-13,9,157.5071529,108.0
21518,2025-01-13,10,153.0556132,161.0
21519,2025-01-13,11,194.4520239,128.0
21520,2025-01-13,12,138.261788,163.0
21521,2025-01-13,13,185.9428755,324.0
21522,2025-01-13,14,166.3839382,372.0
21523,2025-01-13,15,153.0254006,347.0
21524,2025-01-13,16,162.8411826,278.0
21525,2025-01-13,17,183.8390275,319.0
21526,2025-01-13,18,155.7915924,239.0
21527,2025-01-13,19,167.5826957,287.0
21528,2025-01-13,20,200.9384604,344.0
21529,2025-01-13,21,246.0630337,316.0
21530,2025-01-13,22,195.847059,297.0
21531,2025-01-13,23,167.9044737,359.0
21532,2025-01-14,0,165.2212336,262.0
21533,2025-01-14,1,184.61249,301.0
21534,2025-01-14,2,158.1586063,406.0
21535,2025-01-14,3,147.9525029,314.0
21536,2025-01-14,4,169.9244523,191.0
21537,2025-01-14,5,211.800499,149.0
21538,2025-01-14,6,155.8927271,166.0
21539,2025-01-14,7,163.8235129,182.0
21540,2025-01-14,8,203.0888629,109.0
21541,2025-01-14,9,141.3953457,135.0
21542,2025-01-14,10,177.3109242,126.0
21543,2025-01-14,11,142.0680424,190.0
21544,2025-01-14,12,168.6460945,138.0
21545,2025-01-14,13,172.7674272,253.0
21546,2025-01-14,14,174.6772665,287.0
21547,2025-01-14,15,174.6278273,347.0
21548,2025-01-14,16,158.0852911,367.0
21549,2025-01-14,17,154.806998,353.0
21550,2025-01-14,18,161.1678871,338.0
21551,2025-01-14,19,172.1115326,347.0
21552,2025-01-14,20,170.1913562,380.0
21553,2025-01-14,21,184.6396655,305.0
21554,2025-01-14,22,191.4769634,274.0
21555,2025-01-14,23,192.6669487,293.0
21556,2025-01-15,0,154.7976105,259.0
21557,2025-01-15,1,183.1796822,241.0
21558,2025-01-15,2,161.7485419,337.0
21559,2025-01-15,3,146.58139,277.0
21560,2025-01-15,4,171.1597866,195.0
21561,2025-01-15,5,184.2626059,112.0
21562,2025-01-15,6,156.609345,109.0
21563,2025-01-15,7,243.1385652,75.0
21564,2025-01-15,8,219.2137103,88.0
21565,2025-01-15,9,183.1609348,95.0
21566,2025-01-15,10,195.276569,110.0
21567,2025-01-15,11,196.7719465,128.0
21568,2025-01-15,12,179.9855306,159.0
21569,2025-01-15,13,144.0730375,310.0
21570,2025-01-15,14,175.9392989,323.0
21571,2025-01-15,15,163.3842125,358.0
21572,2025-01-15,16,191.4596087,337.0
21573,2025-01-15,17,147.8915951,355.0
21574,2025-01-15,18,149.577437,404.0
21575,2025-01-15,19,195.1212617,303.0
21576,2025-01-15,20,166.6332073,316.0
21577,2025-01-15,21,174.040898,397.0
21578,2025-01-15,22,166.4956299,280.0
21579,2025-01-15,23,199.1003442,276.0
21580,2025-01-16,0,126.5689591,301.0
21581,2025-01-16,1,159.310171,281.0
21582,2025-01-16,2,161.4290021,339.0
21583,2025-01-16,3,177.8497891,266.0
21584,2025-01-16,4,147.8249081,257.0
21585,2025-01-16,5,186.8321683,183.0
21586,2025-01-16,6,174.207107,165.0
21587,2025-01-16,7,238.5173055,86.0
21588,2025-01-16,8,286.4697113,92.0
21589,2025-01-16,9,184.9145204,98.0
21590,2025-01-16,10,182.2635442,117.0
21591,2025-01-16,11,152.2492808,148.0
21592,2025-01-16,12,132.1486027,151.0
21593,2025-01-16,13,187.3714046,234.0
21594,2025-01-16,14,163.6481864,323.0
21595,2025-01-16,15,169.6721999,327.0
21596,2025-01-16,16,137.9585796,283.0
21597,2025-01-16,17,199.5362861,301.0
21598,2025-01-16,18,164.1792191,340.0
21599,2025-01-16,19,180.7085018,310.0
21600,2025-01-16,20,211.7274718,254.0
21601,2025-01-16,21,200.640069,315.0
21602,2025-01-16,22,178.1795311,218.0
21603,2025-01-16,23,183.5322823,276.0
21604,2025-01-17,0,215.5674923,196.0
21605,2025-01-17,1,197.3667019,277.0
21606,2025-01-17,2,185.9188896,343.0
21607,2025-01-17,3,230.9571046,268.0
21608,2025-01-17,4,204.2630526,157.0
21609,2025-01-17,5,175.2649109,127.0
21610,2025-01-17,6,187.544171,106.0
21611,2025-01-17,7,218.1485084,108.0
21612,2025-01-17,8,182.7807026,88.0
21613,2025-01-17,9,200.2103039,83.0
21614,2025-01-17,10,232.9597026,83.0
21615,2025-01-17,11,164.5426223,144.0
21616,2025-01-17,12,202.9746607,132.0
21617,2025-01-17,13,141.6950785,322.0
21618,2025-01-17,14,197.3051815,291.0
21619,2025-01-17,15,181.9705475,336.0
21620,2025-01-17,16,178.595829,302.0
21621,2025-01-17,17,205.3009692,269.0
21622,2025-01-17,18,152.1127187,209.0
21623,2025-01-17,19,190.2563452,189.0
21624,2025-01-17,20,215.6540455,271.0
21625,2025-01-17,21,199.252201,264.0
21626,2025-01-17,22,216.6400337,223.0
21627,2025-01-17,23,218.4353237,259.0
21628,2025-01-18,0,163.402642,217.0
21629,2025-01-18,1,192.5187401,183.0
21630,2025-01-18,2,170.6891991,285.0
21631,2025-01-18,3,193.5704947,211.0
21632,2025-01-18,4,238.6712562,193.0
21633,2025-01-18,5,146.2061219,202.0
21634,2025-01-18,6,183.0028838,139.0
21635,2025-01-18,7,195.871215,133.0
21636,2025-01-18,8,210.5972613,79.0
21637,2025-01-18,9,140.1333346,97.0
21638,2025-01-18,10,173.7599193,120.0
21639,2025-01-18,11,140.4502915,112.0
21640,2025-01-18,12,185.4200469,114.0
21641,2025-01-18,13,232.5995542,139.0
21642,2025-01-18,14,188.2670093,193.0
21643,2025-01-18,15,187.1918603,262.0
21644,2025-01-18,16,230.1529065,290.0
21645,2025-01-18,17,240.7111601,275.0
21646,2025-01-18,18,138.0892554,246.0
21647,2025-01-18,19,165.5199817,358.0
21648,2025-01-18,20,182.9956089,249.0
21649,2025-01-18,21,197.7043868,264.0
21650,2025-01-18,22,204.1798909,246.0
21651,2025-01-18,23,217.4140594,228.0
21652,2025-01-19,0,221.6684155,228.0
21653,2025-01-19,1,240.148542,413.0
21654,2025-01-19,2,219.2183753,274.0
21655,2025-01-19,3,197.0792092,282.0
21656,2025-01-19,4,172.9275757,225.0
21657,2025-01-19,5,235.0166926,130.0
21658,2025-01-19,6,197.267219,162.0
21659,2025-01-19,7,249.2494142,110.0
21660,2025-01-19,8,189.59441,93.0
21661,2025-01-19,9,303.1285779,73.0
21662,2025-01-19,10,201.8684011,102.0
21663,2025-01-19,11,162.729104,103.0
21664,2025-01-19,12,106.1125274,168.0
21665,2025-01-19,13,108.7429589,178.0
21666,2025-01-19,14,177.5892004,239.0
21667,2025-01-19,15,218.3606367,251.0
21668,2025-01-19,16,158.1451484,273.0
21669,2025-01-19,17,182.0683875,286.0
21670,2025-01-19,18,227.9012007,225.0
21671,2025-01-19,19,179.8776625,303.0
21672,2025-01-19,20,186.4207792,369.0
21673,2025-01-19,21,194.3225056,375.0
21674,2025-01-19,22,186.877868,342.0
21675,2025-01-19,23,185.1698027,311.0
21676,2025-01-20,0,154.6399865,284.0
21677,2025-01-20,1,160.3227997,325.0
21678,2025-01-20,2,163.86947,356.0
21679,2025-01-20,3,180.0958489,268.0
21680,2025-01-20,4,131.0416242,220.0
21681,2025-01-20,5,201.3898492,121.0
21682,2025-01-20,6,211.6690342,124.0
21683,2025-01-20,7,182.3826202,127.0
21684,2025-01-20,8,205.0074127,79.0
21685,2025-01-20,9,248.9964052,74.0
21686,2025-01-20,10,189.0968406,105.0
21687,2025-01-20,11,133.7720095,129.0
21688,2025-01-20,12,107.2086603,166.0
21689,2025-01-20,13,171.8855865,193.0
21690,2025-01-20,14,154.6396589,304.0
21691,2025-01-20,15,180.5068986,305.0
21692,2025-01-20,16,185.3936252,315.0
21693,2025-01-20,17,213.279897,355.0
21694,2025-01-20,18,198.6846589,307.0
21695,2025-01-20,19,180.349829,369.0
21696,2025-01-20,20,195.8267953,305.0
21697,2025-01-20,21,174.2808131,341.0
21698,2025-01-20,22,223.7897792,270.0
21699,2025-01-20,23,192.794836,238.0
21700,2025-01-21,0,176.6717633,308.0
21701,2025-01-21,1,171.0817072,314.0
21702,2025-01-21,2,202.2146531,283.0
21703,2025-01-21,3,179.3534677,284.0
21704,2025-01-21,4,202.2395316,196.0
21705,2025-01-21,5,218.0938872,120.0
21706,2025-01-21,6,98.61664586,144.0
21707,2025-01-21,7,197.3422353,147.0
21708,2025-01-21,8,138.6846191,159.0
21709,2025-01-21,9,147.9411451,94.0
21710,2025-01-21,10,187.8360359,125.0
21711,2025-01-21,11,190.24128,110.0
21712,2025-01-21,12,206.9871821,130.0
21713,2025-01-21,13,154.7180606,242.0
21714,2025-01-21,14,157.5261722,291.0
21715,2025-01-21,15,171.8362939,341.0
21716,2025-01-21,16,112.6826932,334.0
21717,2025-01-21,17,245.7286142,348.0
21718,2025-01-21,18,179.7630554,312.0
21719,2025-01-21,19,155.2394597,317.0
21720,2025-01-21,20,174.9956506,337.0
21721,2025-01-21,21,201.9812921,384.0
21722,2025-01-21,22,194.6040605,230.0
21723,2025-01-21,23,214.4912844,330.0
21724,2025-01-22,0,230.6171001,182.0
21725,2025-01-22,1,200.090297,250.0
21726,2025-01-22,2,162.7897999,309.0
21727,2025-01-22,3,187.3441678,226.0
21728,2025-01-22,4,236.2921238,233.0
21729,2025-01-22,5,231.4948643,160.0
21730,2025-01-22,6,197.3146551,138.0
21731,2025-01-22,7,178.8917455,120.0
21732,2025-01-22,8,193.6122407,83.0
21733,2025-01-22,9,258.2231704,91.0
21734,2025-01-22,10,186.8764924,116.0
21735,2025-01-22,11,177.2334881,110.0
21736,2025-01-22,12,138.7665223,139.0
21737,2025-01-22,13,166.717764,269.0
21738,2025-01-22,14,177.082273,391.0
21739,2025-01-22,15,161.1557303,382.0
21740,2025-01-22,16,169.887242,341.0
21741,2025-01-22,17,202.3922396,334.0
21742,2025-01-22,18,161.3380585,462.0
21743,2025-01-22,19,214.6070599,380.0
21744,2025-01-22,20,190.5300118,325.0
21745,2025-01-22,21,221.6847515,307.0
21746,2025-01-22,22,188.8682311,271.0
21747,2025-01-22,23,192.8207279,283.0
21748,2025-01-23,0,136.0023886,297.0
21749,2025-01-23,1,199.2552506,252.0
21750,2025-01-23,2,152.3382432,307.0
21751,2025-01-23,3,219.565296,230.0
21752,2025-01-23,4,205.6850104,147.0
21753,2025-01-23,5,168.384685,165.0
21754,2025-01-23,6,147.688123,146.0
21755,2025-01-23,7,224.4532138,105.0
21756,2025-01-23,8,157.2771411,100.0
21757,2025-01-23,9,239.0488387,117.0
21758,2025-01-23,10,139.2650364,177.0
21759,2025-01-23,11,148.9166369,166.0
21760,2025-01-23,12,156.1982334,163.0
21761,2025-01-23,13,170.0345108,223.0
21762,2025-01-23,14,146.6194794,408.0
21763,2025-01-23,15,175.6082525,391.0
21764,2025-01-23,16,155.0091842,321.0
21765,2025-01-23,17,226.6645633,270.0
21766,2025-01-23,18,157.0766492,380.0
21767,2025-01-23,19,145.2789145,262.0
21768,2025-01-23,20,146.5306194,317.0
21769,2025-01-23,21,189.8218958,400.0
21770,2025-01-23,22,215.6810003,305.0
21771,2025-01-23,23,187.5574634,255.0
21772,2025-01-24,0,149.7371443,304.0
21773,2025-01-24,1,155.7473715,285.0
21774,2025-01-24,2,194.7743382,228.0
21775,2025-01-24,3,255.2893337,251.0
21776,2025-01-24,4,237.0697642,152.0
21777,2025-01-24,5,186.6668728,124.0
21778,2025-01-24,6,169.5100465,111.0
21779,2025-01-24,7,189.047546,114.0
21780,2025-01-24,8,248.6432844,78.0
21781,2025-01-24,9,175.5954954,114.0
21782,2025-01-24,10,161.1125397,131.0
21783,2025-01-24,11,224.8717344,141.0
21784,2025-01-24,12,126.4124792,217.0
21785,2025-01-24,13,157.3920787,271.0
21786,2025-01-24,14,158.6070131,389.0
21787,2025-01-24,15,180.5932086,319.0
21788,2025-01-24,16,180.563499,294.0
21789,2025-01-24,17,163.6202129,326.0
21790,2025-01-24,18,143.8818931,384.0
21791,2025-01-24,19,171.3180817,340.0
21792,2025-01-24,20,158.2145181,308.0
21793,2025-01-24,21,193.5423283,309.0
21794,2025-01-24,22,178.501041,293.0
21795,2025-01-24,23,185.4162227,299.0
21796,2025-01-25,0,142.8426807,269.0
21797,2025-01-25,1,165.9900802,320.0
21798,2025-01-25,2,172.1551693,289.0
21799,2025-01-25,3,180.1003408,303.0
21800,2025-01-25,4,263.9259662,347.0
21801,2025-01-25,5,278.3150131,339.0
21802,2025-01-25,6,133.208086,205.0
21803,2025-01-25,7,195.6449049,144.0
21804,2025-01-25,8,222.4818859,142.0
21805,2025-01-25,9,212.7185485,118.0
21806,2025-01-25,10,224.056175,63.0
21807,2025-01-25,11,213.4722784,136.0
21808,2025-01-25,12,137.0463199,136.0
21809,2025-01-25,13,213.3120645,166.0
21810,2025-01-25,14,172.2925107,184.0
21811,2025-01-25,15,194.05772,261.0
21812,2025-01-25,16,184.0043898,308.0
21813,2025-01-25,17,178.1350861,306.0
21814,2025-01-25,18,194.2647367,336.0
21815,2025-01-25,19,203.6961791,243.0
21816,2025-01-25,20,207.7057899,404.0
21817,2025-01-25,21,213.0902738,237.0
21818,2025-01-25,22,206.3721758,248.0
21819,2025-01-25,23,199.1367196,277.0
21820,2025-01-26,0,117.8845052,268.0
21821,2025-01-26,1,170.8213752,272.0
21822,2025-01-26,2,216.8313663,239.0
21823,2025-01-26,3,144.0940978,239.0
21824,2025-01-26,4,178.6246076,198.0
21825,2025-01-26,5,176.8506638,151.0
21826,2025-01-26,6,142.625822,139.0
21827,2025-01-26,7,204.6595638,115.0
21828,2025-01-26,8,182.3995922,123.0
21829,2025-01-26,9,202.6616337,119.0
21830,2025-01-26,10,209.4145632,93.0
21831,2025-01-26,11,172.8516579,107.0
21832,2025-01-26,12,177.4714562,123.0
21833,2025-01-26,13,167.4879537,145.0
21834,2025-01-26,14,139.594373,284.0
21835,2025-01-26,15,180.1219126,305.0
21836,2025-01-26,16,186.452692,273.0
21837,2025-01-26,17,184.0047438,260.0
21838,2025-01-26,18,193.4026952,275.0
21839,2025-01-26,19,155.2261969,225.0
21840,2025-01-26,20,180.6985783,283.0
21841,2025-01-26,21,153.9616961,276.0
21842,2025-01-26,22,209.8500002,299.0
21843,2025-01-26,23,182.7948476,233.0
21844,2025-01-27,0,167.4187777,280.0
21845,2025-01-27,1,158.2291958,333.0
21846,2025-01-27,2,178.2679335,417.0
21847,2025-01-27,3,197.1580265,280.0
21848,2025-01-27,4,203.6167123,235.0
21849,2025-01-27,5,208.8543206,172.0
21850,2025-01-27,6,135.4121962,189.0
21851,2025-01-27,7,183.3245049,140.0
21852,2025-01-27,8,153.8557976,120.0
21853,2025-01-27,9,167.5542474,126.0
21854,2025-01-27,10,164.2380373,118.0
21855,2025-01-27,11,178.8649242,143.0
21856,2025-01-27,12,146.8473912,162.0
21857,2025-01-27,13,160.0952259,342.0
21858,2025-01-27,14,162.8717105,371.0
21859,2025-01-27,15,159.1502878,391.0
21860,2025-01-27,16,172.5479544,299.0
21861,2025-01-27,17,208.3471322,257.0
21862,2025-01-27,18,167.3220883,325.0
21863,2025-01-27,19,172.1776039,338.0
21864,2025-01-27,20,169.2124611,253.0
21865,2025-01-27,21,174.4688656,326.0
21866,2025-01-27,22,190.4719254,311.0
21867,2025-01-27,23,189.1599494,323.0
21868,2025-01-28,0,135.9017595,383.0
21869,2025-01-28,1,204.338503,320.0
21870,2025-01-28,2,176.4242655,390.0
21871,2025-01-28,3,166.265708,292.0
21872,2025-01-28,4,189.4750163,192.0
21873,2025-01-28,5,193.0254552,216.0
21874,2025-01-28,6,144.5859712,150.0
21875,2025-01-28,7,243.5288828,143.0
21876,2025-01-28,8,214.7595627,117.0
21877,2025-01-28,9,172.6649114,130.0
21878,2025-01-28,10,187.4678274,145.0
21879,2025-01-28,11,148.3342396,155.0
21880,2025-01-28,12,164.6810769,183.0
21881,2025-01-28,13,164.2243015,261.0
21882,2025-01-28,14,209.007681,407.0
21883,2025-01-28,15,198.7186988,409.0
21884,2025-01-28,16,187.3712907,276.0
21885,2025-01-28,17,159.0050793,396.0
21886,2025-01-28,18,148.0997008,311.0
21887,2025-01-28,19,166.9141731,343.0
21888,2025-01-28,20,210.4996219,282.0
21889,2025-01-28,21,176.8014501,343.0
21890,2025-01-28,22,199.2569221,316.0
21891,2025-01-28,23,189.5550524,298.0
21892,2025-01-29,0,193.1336207,317.0
21893,2025-01-29,1,190.5056553,311.0
21894,2025-01-29,2,187.8848681,281.0
21895,2025-01-29,3,190.9091876,333.0
21896,2025-01-29,4,252.0163399,165.0
21897,2025-01-29,5,211.1425499,151.0
21898,2025-01-29,6,127.8620404,195.0
21899,2025-01-29,7,179.5545061,148.0
21900,2025-01-29,8,150.3386974,130.0
21901,2025-01-29,9,164.4378289,135.0
21902,2025-01-29,10,161.5546817,144.0
21903,2025-01-29,11,202.7955358,180.0
21904,2025-01-29,12,161.8229689,183.0
21905,2025-01-29,13,168.6198878,300.0
21906,2025-01-29,14,189.6920155,373.0
21907,2025-01-29,15,186.1920947,441.0
21908,2025-01-29,16,164.2766627,353.0
21909,2025-01-29,17,162.9024496,415.0
21910,2025-01-29,18,134.8738173,478.0
21911,2025-01-29,19,172.7407097,348.0
21912,2025-01-29,20,165.5414775,341.0
21913,2025-01-29,21,175.2627313,370.0
21914,2025-01-29,22,244.8073933,258.0
21915,2025-01-29,23,189.4821862,360.0
21916,2025-01-30,0,197.2252546,274.0
21917,2025-01-30,1,207.5793958,278.0
21918,2025-01-30,2,193.3061292,320.0
21919,2025-01-30,3,184.7202115,329.0
21920,2025-01-30,4,224.1057502,160.0
21921,2025-01-30,5,161.0866557,181.0
21922,2025-01-30,6,169.9121019,135.0
21923,2025-01-30,7,233.2502801,119.0
21924,2025-01-30,8,203.106996,136.0
21925,2025-01-30,9,178.844855,107.0
21926,2025-01-30,10,216.8574144,117.0
21927,2025-01-30,11,137.0508164,170.0
21928,2025-01-30,12,145.9805498,236.0
21929,2025-01-30,13,160.235425,280.0
21930,2025-01-30,14,187.9784592,345.0
21931,2025-01-30,15,186.4186589,347.0
21932,2025-01-30,16,191.7077591,284.0
21933,2025-01-30,17,210.689479,281.0
21934,2025-01-30,18,195.6641317,343.0
21935,2025-01-30,19,174.2661415,341.0
21936,2025-01-30,20,174.9446081,293.0
21937,2025-01-30,21,197.4441281,277.0
21938,2025-01-30,22,214.0489793,274.0
21939,2025-01-30,23,190.7890646,355.0
21940,2025-01-31,0,172.7121813,298.0
21941,2025-01-31,1,202.9884008,290.0
21942,2025-01-31,2,198.4662008,400.0
21943,2025-01-31,3,172.7766253,329.0
21944,2025-01-31,4,190.7207534,209.0
21945,2025-01-31,5,251.5203292,150.0
21946,2025-01-31,6,139.2071217,223.0
21947,2025-01-31,7,216.6833921,139.0
21948,2025-01-31,8,264.0082261,89.0
21949,2025-01-31,9,164.5936589,146.0
21950,2025-01-31,10,192.8281351,103.0
21951,2025-01-31,11,192.9615952,127.0
21952,2025-01-31,12,191.509399,170.0
21953,2025-01-31,13,185.1330617,303.0
21954,2025-01-31,14,194.4470325,368.0
21955,2025-01-31,15,173.2784187,315.0
21956,2025-01-31,16,185.7398842,334.0
21957,2025-01-31,17,173.6267277,350.0
21958,2025-01-31,18,163.2424109,289.0
21959,2025-01-31,19,187.0949491,301.0
21960,2025-01-31,20,180.9661803,368.0
21961,2025-01-31,21,209.5804833,304.0
21962,2025-01-31,22,214.1182145,298.0
21963,2025-01-31,23,228.8104627,286.0
21964,2025-02-01,0,155.0014936,299.0
21965,2025-02-01,1,184.4809656,274.0
21966,2025-02-01,2,220.8280854,388.0
21967,2025-02-01,3,174.3519677,232.0
21968,2025-02-01,4,199.8406356,219.0
21969,2025-02-01,5,207.0312541,237.0
21970,2025-02-01,6,150.2384422,174.0
21971,2025-02-01,7,256.9340323,130.0
21972,2025-02-01,8,211.0063059,124.0
21973,2025-02-01,9,232.5883571,85.0
21974,2025-02-01,10,165.6453786,119.0
21975,2025-02-01,11,169.1174166,117.0
21976,2025-02-01,12,150.8756237,190.0
21977,2025-02-01,13,146.5324344,228.0
21978,2025-02-01,14,178.4186354,317.0
21979,2025-02-01,15,189.3269094,212.0
21980,2025-02-01,16,194.1934453,287.0
21981,2025-02-01,17,206.2715643,346.0
21982,2025-02-01,18,183.8038548,329.0
21983,2025-02-01,19,190.9019332,258.0
21984,2025-02-01,20,227.4615598,276.0
21985,2025-02-01,21,188.5854525,283.0
21986,2025-02-01,22,200.9342823,329.0
21987,2025-02-01,23,208.1892426,347.0
21988,2025-02-02,0,155.7074489,350.0
21989,2025-02-02,1,140.133476,261.0
21990,2025-02-02,2,188.5781935,316.0
21991,2025-02-02,3,159.5287802,281.0
21992,2025-02-02,4,215.1909509,261.0
21993,2025-02-02,5,158.2476032,206.0
21994,2025-02-02,6,117.5516604,163.0
21995,2025-02-02,7,278.7427364,116.0
21996,2025-02-02,8,227.1827875,114.0
21997,2025-02-02,9,227.7482251,114.0
21998,2025-02-02,10,192.9571666,98.0
21999,2025-02-02,11,198.7647289,122.0
22000,2025-02-02,12,110.8523132,138.0
22001,2025-02-02,13,198.8597813,164.0
22002,2025-02-02,14,205.1673269,222.0
22003,2025-02-02,15,221.8830304,215.0
22004,2025-02-02,16,171.2159138,279.0
22005,2025-02-02,17,218.159606,238.0
22006,2025-02-02,18,181.3533591,255.0
22007,2025-02-02,19,186.5067125,289.0
22008,2025-02-02,20,179.4366206,276.0
22009,2025-02-02,21,229.8694703,329.0
22010,2025-02-02,22,221.6139947,226.0
22011,2025-02-02,23,201.434239,314.0
22012,2025-02-03,0,209.86837,254.0
22013,2025-02-03,1,168.1721072,326.0
22014,2025-02-03,2,241.6869233,434.0
22015,2025-02-03,3,174.2056838,274.0
22016,2025-02-03,4,249.8706286,157.0
22017,2025-02-03,5,172.0040111,163.0
22018,2025-02-03,6,117.978943,158.0
22019,2025-02-03,7,205.5227041,124.0
22020,2025-02-03,8,268.872789,91.0
22021,2025-02-03,9,168.160285,105.0
22022,2025-02-03,10,215.2932915,107.0
22023,2025-02-03,11,240.8390143,93.0
22024,2025-02-03,12,168.3125775,172.0
22025,2025-02-03,13,197.5078132,248.0
22026,2025-02-03,14,184.0583301,384.0
22027,2025-02-03,15,174.0399583,406.0
22028,2025-02-03,16,199.421748,363.0
22029,2025-02-03,17,201.4698565,280.0
22030,2025-02-03,18,160.1101856,434.0
22031,2025-02-03,19,194.3580081,364.0
22032,2025-02-03,20,173.6884868,255.0
22033,2025-02-03,21,243.0948817,385.0
22034,2025-02-03,22,211.454736,259.0
22035,2025-02-03,23,202.7732897,313.0
22036,2025-02-04,0,140.985133,299.0
22037,2025-02-04,1,138.4822299,306.0
22038,2025-02-04,2,220.3860996,316.0
22039,2025-02-04,3,218.8708202,219.0
22040,2025-02-04,4,198.2081758,164.0
22041,2025-02-04,5,185.3318948,203.0
22042,2025-02-04,6,160.8951907,221.0
22043,2025-02-04,7,240.4985184,116.0
22044,2025-02-04,8,234.5094753,85.0
22045,2025-02-04,9,231.5426575,95.0
22046,2025-02-04,10,202.8043226,94.0
22047,2025-02-04,11,220.8782181,117.0
22048,2025-02-04,12,147.3866337,200.0
22049,2025-02-04,13,171.2107484,296.0
22050,2025-02-04,14,166.2479146,312.0
22051,2025-02-04,15,185.2922466,358.0
22052,2025-02-04,16,177.3943987,353.0
22053,2025-02-04,17,186.9450178,363.0
22054,2025-02-04,18,183.2230273,287.0
22055,2025-02-04,19,182.7000828,265.0
22056,2025-02-04,20,189.3713215,376.0
22057,2025-02-04,21,230.2015401,379.0
22058,2025-02-04,22,211.3387635,287.0
22059,2025-02-04,23,224.9524328,242.0
22060,2025-02-05,0,158.0458268,250.0
22061,2025-02-05,1,185.169548,298.0
22062,2025-02-05,2,203.2026723,291.0
22063,2025-02-05,3,169.9814241,242.0
22064,2025-02-05,4,213.202906,160.0
22065,2025-02-05,5,190.992589,202.0
22066,2025-02-05,6,173.3203686,163.0
22067,2025-02-05,7,186.1372864,125.0
22068,2025-02-05,8,193.9351606,125.0
22069,2025-02-05,9,180.3014863,125.0
22070,2025-02-05,10,159.2262249,158.0
22071,2025-02-05,11,249.0899551,112.0
22072,2025-02-05,12,177.1137337,145.0
22073,2025-02-05,13,156.5771035,286.0
22074,2025-02-05,14,188.9537418,341.0
22075,2025-02-05,15,172.2478264,335.0
22076,2025-02-05,16,169.4220034,318.0
22077,2025-02-05,17,210.3923874,262.0
22078,2025-02-05,18,156.2560351,290.0
22079,2025-02-05,19,190.4221086,215.0
22080,2025-02-05,20,175.9677432,325.0
22081,2025-02-05,21,190.5850561,242.0
22082,2025-02-05,22,237.62514,275.0
22083,2025-02-05,23,184.0784311,262.0
22084,2025-02-06,0,165.0038634,235.0
22085,2025-02-06,1,192.2128775,229.0
22086,2025-02-06,2,201.1500873,351.0
22087,2025-02-06,3,203.8991637,314.0
22088,2025-02-06,4,196.6495497,257.0
22089,2025-02-06,5,182.4038397,149.0
22090,2025-02-06,6,165.7051586,153.0
22091,2025-02-06,7,217.1894948,106.0
22092,2025-02-06,8,200.3569187,109.0
22093,2025-02-06,9,145.5580332,93.0
22094,2025-02-06,10,172.4093484,118.0
22095,2025-02-06,11,177.2476069,136.0
22096,2025-02-06,12,153.0557293,188.0
22097,2025-02-06,13,187.3361978,261.0
22098,2025-02-06,14,189.8048053,358.0
22099,2025-02-06,15,213.9681024,342.0
22100,2025-02-06,16,170.7828667,362.0
22101,2025-02-06,17,181.3805946,369.0
22102,2025-02-06,18,153.2740564,315.0
22103,2025-02-06,19,156.3485372,327.0
22104,2025-02-06,20,186.8408983,219.0
22105,2025-02-06,21,193.5957906,295.0
22106,2025-02-06,22,185.6626896,285.0
22107,2025-02-06,23,217.3286767,291.0
22108,2025-02-07,0,177.3225795,287.0
22109,2025-02-07,1,232.3774019,263.0
22110,2025-02-07,2,172.4669996,346.0
22111,2025-02-07,3,183.4525824,241.0
22112,2025-02-07,4,134.1876238,208.0
22113,2025-02-07,5,160.3549725,168.0
22114,2025-02-07,6,136.8259711,149.0
22115,2025-02-07,7,150.1490433,172.0
22116,2025-02-07,8,222.5130378,98.0
22117,2025-02-07,9,151.9785679,117.0
22118,2025-02-07,10,238.1191188,84.0
22119,2025-02-07,11,211.1216699,132.0
22120,2025-02-07,12,173.2950494,208.0
22121,2025-02-07,13,167.1312985,262.0
22122,2025-02-07,14,165.8232248,293.0
22123,2025-02-07,15,197.7044269,304.0
22124,2025-02-07,16,164.5920925,292.0
22125,2025-02-07,17,216.5454913,223.0
22126,2025-02-07,18,186.1248298,302.0
22127,2025-02-07,19,221.0498155,349.0
22128,2025-02-07,20,183.8702139,259.0
22129,2025-02-07,21,252.0809668,242.0
22130,2025-02-07,22,185.2125716,305.0
22131,2025-02-07,23,240.9079867,349.0
22132,2025-02-08,0,133.1547074,272.0
22133,2025-02-08,1,200.1582034,323.0
22134,2025-02-08,2,196.2565656,295.0
22135,2025-02-08,3,212.8829453,237.0
22136,2025-02-08,4,214.1119247,232.0
22137,2025-02-08,5,199.7021675,159.0
22138,2025-02-08,6,183.7616458,170.0
22139,2025-02-08,7,179.9573854,162.0
22140,2025-02-08,8,203.3277683,91.0
22141,2025-02-08,9,197.4037528,89.0
22142,2025-02-08,10,224.1394243,90.0
22143,2025-02-08,11,213.9338144,85.0
22144,2025-02-08,12,177.4683384,92.0
22145,2025-02-08,13,190.1626897,224.0
22146,2025-02-08,14,203.3007676,246.0
22147,2025-02-08,15,191.7115603,295.0
22148,2025-02-08,16,212.3109087,242.0
22149,2025-02-08,17,209.9027457,322.0
22150,2025-02-08,18,163.3738381,276.0
22151,2025-02-08,19,198.4430043,336.0
22152,2025-02-08,20,184.6260426,312.0
22153,2025-02-08,21,199.4085382,277.0
22154,2025-02-08,22,227.688352,270.0
22155,2025-02-08,23,204.7866983,320.0
22156,2025-02-09,0,148.0439832,198.0
22157,2025-02-09,1,206.3166637,272.0
22158,2025-02-09,2,195.6096187,304.0
22159,2025-02-09,3,200.5784441,238.0
22160,2025-02-09,4,239.2269135,244.0
22161,2025-02-09,5,205.4232447,167.0
22162,2025-02-09,6,160.0118198,183.0
22163,2025-02-09,7,248.6475816,131.0
22164,2025-02-09,8,188.4471583,96.0
22165,2025-02-09,9,209.6935146,99.0
22166,2025-02-09,10,218.8804173,110.0
22167,2025-02-09,11,232.8591635,109.0
22168,2025-02-09,12,141.5173451,163.0
22169,2025-02-09,13,241.9625231,142.0
22170,2025-02-09,14,174.9900755,187.0
22171,2025-02-09,15,202.7081069,273.0
22172,2025-02-09,16,174.9669889,301.0
22173,2025-02-09,17,246.9052728,246.0
22174,2025-02-09,18,152.7617412,239.0
22175,2025-02-09,19,233.8666994,273.0
22176,2025-02-09,20,195.0405186,305.0
22177,2025-02-09,21,179.1130767,301.0
22178,2025-02-09,22,221.5342637,235.0
22179,2025-02-09,23,185.5484727,258.0
22180,2025-02-10,0,212.155118,225.0
22181,2025-02-10,1,162.8379708,254.0
22182,2025-02-10,2,197.1138337,223.0
22183,2025-02-10,3,199.0152039,214.0
22184,2025-02-10,4,441.6176585,311.0
22185,2025-02-10,5,317.520638,135.0
22186,2025-02-10,6,150.5730648,140.0
22187,2025-02-10,7,261.6055476,103.0
22188,2025-02-10,8,163.3213285,109.0
22189,2025-02-10,9,182.5401383,116.0
22190,2025-02-10,10,165.3068833,134.0
22191,2025-02-10,11,180.8832665,151.0
22192,2025-02-10,12,209.2754921,142.0
22193,2025-02-10,13,191.0156171,259.0
22194,2025-02-10,14,178.4727072,393.0
22195,2025-02-10,15,183.3785312,307.0
22196,2025-02-10,16,256.7561848,367.0
22197,2025-02-10,17,218.6045806,313.0
22198,2025-02-10,18,203.55187,334.0
22199,2025-02-10,19,184.7461552,412.0
22200,2025-02-10,20,166.4149274,334.0
22201,2025-02-10,21,200.0761159,319.0
22202,2025-02-10,22,221.4358266,238.0
22203,2025-02-10,23,234.3917733,277.0
22204,2025-02-11,0,177.3426651,269.0
22205,2025-02-11,1,185.4118849,271.0
22206,2025-02-11,2,189.596352,297.0
22207,2025-02-11,3,208.9842008,203.0
22208,2025-02-11,4,183.6457981,169.0
22209,2025-02-11,5,226.8304566,236.0
22210,2025-02-11,6,152.6919615,190.0
22211,2025-02-11,7,262.9711612,131.0
22212,2025-02-11,8,191.6184027,90.0
22213,2025-02-11,9,196.088177,86.0
22214,2025-02-11,10,228.1975976,103.0
22215,2025-02-11,11,226.436506,100.0
22216,2025-02-11,12,162.2441719,212.0
22217,2025-02-11,13,182.1333931,324.0
22218,2025-02-11,14,179.9388174,311.0
22219,2025-02-11,15,178.4986498,389.0
22220,2025-02-11,16,170.9604046,301.0
22221,2025-02-11,17,229.012297,338.0
22222,2025-02-11,18,139.3249824,484.0
22223,2025-02-11,19,168.5250051,392.0
22224,2025-02-11,20,193.0267522,404.0
22225,2025-02-11,21,196.0670696,414.0
22226,2025-02-11,22,215.9118534,336.0
22227,2025-02-11,23,189.7254466,369.0
22228,2025-02-12,0,189.1405282,362.0
22229,2025-02-12,1,151.4866247,420.0
22230,2025-02-12,2,200.6721304,422.0
22231,2025-02-12,3,193.7004259,236.0
22232,2025-02-12,4,202.8377786,229.0
22233,2025-02-12,5,167.4605941,166.0
22234,2025-02-12,6,167.5496551,156.0
22235,2025-02-12,7,229.5760381,156.0
22236,2025-02-12,8,231.7895051,107.0
22237,2025-02-12,9,204.8680415,97.0
22238,2025-02-12,10,163.1473213,115.0
22239,2025-02-12,11,213.3871566,114.0
22240,2025-02-12,12,146.7224557,194.0
22241,2025-02-12,13,172.8379708,294.0
22242,2025-02-12,14,197.424895,421.0
22243,2025-02-12,15,175.7905151,341.0
22244,2025-02-12,16,168.194856,331.0
22245,2025-02-12,17,150.9040259,395.0
22246,2025-02-12,18,166.4355211,409.0
22247,2025-02-12,19,187.0551711,313.0
22248,2025-02-12,20,164.8881135,370.0
22249,2025-02-12,21,193.3050728,290.0
22250,2025-02-12,22,227.8299103,243.0
22251,2025-02-12,23,233.5231342,297.0
22252,2025-02-13,0,190.2324418,290.0
22253,2025-02-13,1,208.9165502,340.0
22254,2025-02-13,2,186.4229695,227.0
22255,2025-02-13,3,228.6962539,251.0
22256,2025-02-13,4,219.9718308,209.0
22257,2025-02-13,5,195.3973487,163.0
22258,2025-02-13,6,195.9397885,129.0
22259,2025-02-13,7,229.4065663,131.0
22260,2025-02-13,8,270.9065403,83.0
22261,2025-02-13,9,240.4170538,98.0
22262,2025-02-13,10,218.7015167,109.0
22263,2025-02-13,11,204.9388459,143.0
22264,2025-02-13,12,162.2611587,166.0
22265,2025-02-13,13,223.3139152,233.0
22266,2025-02-13,14,197.9242153,317.0
22267,2025-02-13,15,222.2530968,337.0
22268,2025-02-13,16,192.2445441,271.0
22269,2025-02-13,17,217.626095,209.0
22270,2025-02-13,18,150.0266382,255.0
22271,2025-02-13,19,158.3357646,322.0
22272,2025-02-13,20,185.2866347,237.0
22273,2025-02-13,21,197.0004774,305.0
22274,2025-02-13,22,190.8131941,274.0
22275,2025-02-13,23,202.3645475,328.0
22276,2025-02-14,0,165.1803455,293.0
22277,2025-02-14,1,190.3873941,261.0
22278,2025-02-14,2,170.5422905,322.0
22279,2025-02-14,3,197.9547053,212.0
22280,2025-02-14,4,215.4240952,210.0
22281,2025-02-14,5,231.3931892,121.0
22282,2025-02-14,6,174.1357365,178.0
22283,2025-02-14,7,181.7278237,138.0
22284,2025-02-14,8,299.7440095,79.0
22285,2025-02-14,9,233.6988165,100.0
22286,2025-02-14,10,212.1117538,99.0
22287,2025-02-14,11,168.3222969,117.0
22288,2025-02-14,12,181.8212184,152.0
22289,2025-02-14,13,171.3491062,249.0
22290,2025-02-14,14,187.8713848,303.0
22291,2025-02-14,15,208.9518616,349.0
22292,2025-02-14,16,145.1235965,333.0
22293,2025-02-14,17,170.8481345,324.0
22294,2025-02-14,18,152.1744949,279.0
22295,2025-02-14,19,145.455139,260.0
22296,2025-02-14,20,177.3398705,267.0
22297,2025-02-14,21,185.2234932,197.0
22298,2025-02-14,22,241.8901594,256.0
22299,2025-02-14,23,188.9073991,272.0
22300,2025-02-15,0,179.7309471,223.0
22301,2025-02-15,1,206.6022021,237.0
22302,2025-02-15,2,193.2745588,226.0
22303,2025-02-15,3,171.4439343,279.0
22304,2025-02-15,4,224.9152291,225.0
22305,2025-02-15,5,241.7345636,149.0
22306,2025-02-15,6,184.8691518,142.0
22307,2025-02-15,7,238.3220699,133.0
22308,2025-02-15,8,341.2299437,53.0
22309,2025-02-15,9,162.7768433,184.0
22310,2025-02-15,10,240.2763427,95.0
22311,2025-02-15,11,246.7152802,103.0
22312,2025-02-15,12,207.3846864,147.0
22313,2025-02-15,13,205.6008473,112.0
22314,2025-02-15,14,196.4956111,189.0
22315,2025-02-15,15,192.8430181,278.0
22316,2025-02-15,16,192.2415646,303.0
22317,2025-02-15,17,237.175304,286.0
22318,2025-02-15,18,173.6495313,300.0
22319,2025-02-15,19,163.5722198,303.0
22320,2025-02-15,20,198.1784973,238.0
22321,2025-02-15,21,202.6697186,245.0
22322,2025-02-15,22,185.1814668,338.0
22323,2025-02-15,23,250.2220542,263.0
22324,2025-02-16,0,215.5647722,243.0
22325,2025-02-16,1,180.19816,277.0
22326,2025-02-16,2,205.9521971,273.0
22327,2025-02-16,3,220.4484796,201.0
22328,2025-02-16,4,208.4282107,227.0
22329,2025-02-16,5,203.3331905,169.0
22330,2025-02-16,6,131.6504978,167.0
22331,2025-02-16,7,174.7726403,166.0
22332,2025-02-16,8,211.1412384,99.0
22333,2025-02-16,9,230.1992909,117.0
22334,2025-02-16,10,235.0816862,76.0
22335,2025-02-16,11,252.8444062,71.0
22336,2025-02-16,12,174.7513907,94.0
22337,2025-02-16,13,139.8554869,170.0
22338,2025-02-16,14,202.283348,198.0
22339,2025-02-16,15,221.9421517,240.0
22340,2025-02-16,16,163.0861102,322.0
22341,2025-02-16,17,227.0738203,203.0
22342,2025-02-16,18,181.8885991,265.0
22343,2025-02-16,19,188.2030203,278.0
22344,2025-02-16,20,198.5377069,277.0
22345,2025-02-16,21,224.0388857,214.0
22346,2025-02-16,22,224.0862305,227.0
22347,2025-02-16,23,189.5268654,214.0
22348,2025-02-17,0,196.4866395,365.0
22349,2025-02-17,1,208.5597051,361.0
22350,2025-02-17,2,271.4378232,265.0
22351,2025-02-17,3,220.6990451,260.0
22352,2025-02-17,4,260.7693181,200.0
22353,2025-02-17,5,196.0946428,117.0
22354,2025-02-17,6,179.2578469,153.0
22355,2025-02-17,7,221.8914405,125.0
22356,2025-02-17,8,242.421948,81.0
22357,2025-02-17,9,261.0326352,94.0
22358,2025-02-17,10,204.0210737,86.0
22359,2025-02-17,11,214.3204524,102.0
22360,2025-02-17,12,138.0847041,166.0
22361,2025-02-17,13,156.1853922,223.0
22362,2025-02-17,14,195.345992,190.0
22363,2025-02-17,15,187.737248,297.0
22364,2025-02-17,16,156.1500776,417.0
22365,2025-02-17,17,195.6169326,257.0
22366,2025-02-17,18,186.8491216,268.0
22367,2025-02-17,19,194.5653633,312.0
22368,2025-02-17,20,169.5397995,263.0
22369,2025-02-17,21,212.4887836,229.0
22370,2025-02-17,22,191.8053623,293.0
22371,2025-02-17,23,215.1045878,242.0
22372,2025-02-18,0,181.6951329,269.0
22373,2025-02-18,1,205.068167,248.0
22374,2025-02-18,2,194.4814368,292.0
22375,2025-02-18,3,226.1332353,225.0
22376,2025-02-18,4,244.3351484,195.0
22377,2025-02-18,5,271.6130204,312.0
22378,2025-02-18,6,291.1147226,228.0
22379,2025-02-18,7,263.2034496,96.0
22380,2025-02-18,8,255.8608104,96.0
22381,2025-02-18,9,237.7435166,131.0
22382,2025-02-18,10,171.8089661,123.0
22383,2025-02-18,11,201.0897392,133.0
22384,2025-02-18,12,158.5040687,211.0
22385,2025-02-18,13,197.0105597,222.0
22386,2025-02-18,14,177.7770998,303.0
22387,2025-02-18,15,170.4888875,364.0
22388,2025-02-18,16,188.5022477,332.0
22389,2025-02-18,17,238.447819,291.0
22390,2025-02-18,18,162.1738039,265.0
22391,2025-02-18,19,184.3801153,289.0
22392,2025-02-18,20,202.6315155,230.0
22393,2025-02-18,21,179.4612378,276.0
22394,2025-02-18,22,207.4045386,279.0
22395,2025-02-18,23,231.8657299,275.0
22396,2025-02-19,0,150.8233247,316.0
22397,2025-02-19,1,182.3056965,278.0
22398,2025-02-19,2,172.9966995,311.0
22399,2025-02-19,3,224.5860006,199.0
22400,2025-02-19,4,213.0675766,215.0
22401,2025-02-19,5,209.4817029,199.0
22402,2025-02-19,6,149.1600135,161.0
22403,2025-02-19,7,258.9170748,88.0
22404,2025-02-19,8,188.1869387,143.0
22405,2025-02-19,9,222.3750973,105.0
22406,2025-02-19,10,203.9158232,129.0
22407,2025-02-19,11,235.4483279,146.0
22408,2025-02-19,12,161.8145103,163.0
22409,2025-02-19,13,137.0638648,258.0
22410,2025-02-19,14,148.3803257,376.0
22411,2025-02-19,15,156.328938,393.0
22412,2025-02-19,16,186.0805963,299.0
22413,2025-02-19,17,217.8403683,390.0
22414,2025-02-19,18,177.2835415,383.0
22415,2025-02-19,19,172.6668307,298.0
22416,2025-02-19,20,156.6535141,358.0
22417,2025-02-19,21,194.7020376,290.0
22418,2025-02-19,22,198.7992085,232.0
22419,2025-02-19,23,178.9899592,237.0
22420,2025-02-20,0,194.7940541,297.0
22421,2025-02-20,1,172.9409991,340.0
22422,2025-02-20,2,203.088712,301.0
22423,2025-02-20,3,227.2661454,219.0
22424,2025-02-20,4,211.6508508,252.0
22425,2025-02-20,5,191.8676751,192.0
22426,2025-02-20,6,137.7007708,145.0
22427,2025-02-20,7,230.9135429,130.0
22428,2025-02-20,8,217.1820565,82.0
22429,2025-02-20,9,207.8375766,112.0
22430,2025-02-20,10,219.6891419,99.0
22431,2025-02-20,11,193.5421248,125.0
22432,2025-02-20,12,200.7033205,141.0
22433,2025-02-20,13,127.577697,239.0
22434,2025-02-20,14,173.8203195,411.0
22435,2025-02-20,15,168.0865994,325.0
22436,2025-02-20,16,164.1772492,271.0
22437,2025-02-20,17,217.7063495,245.0
22438,2025-02-20,18,192.8521498,275.0
22439,2025-02-20,19,201.4090395,332.0
22440,2025-02-20,20,193.6932047,317.0
22441,2025-02-20,21,200.662091,311.0
22442,2025-02-20,22,164.9365375,309.0
22443,2025-02-20,23,161.578074,328.0
22444,2025-02-21,0,167.5682534,322.0
22445,2025-02-21,1,182.2203128,396.0
22446,2025-02-21,2,194.2113477,354.0
22447,2025-02-21,3,193.4823848,323.0
22448,2025-02-21,4,198.1889632,258.0
22449,2025-02-21,5,165.3388644,196.0
22450,2025-02-21,6,132.4427739,182.0
22451,2025-02-21,7,191.7976711,157.0
22452,2025-02-21,8,173.2904951,94.0
22453,2025-02-21,9,162.0477543,126.0
22454,2025-02-21,10,214.0656537,117.0
22455,2025-02-21,11,166.8046766,163.0
22456,2025-02-21,12,141.3558735,168.0
22457,2025-02-21,13,169.8895418,293.0
22458,2025-02-21,14,187.7002915,316.0
22459,2025-02-21,15,166.7535572,415.0
22460,2025-02-21,16,155.8374022,384.0
22461,2025-02-21,17,203.6756597,320.0
22462,2025-02-21,18,150.250603,292.0
22463,2025-02-21,19,202.3125644,297.0
22464,2025-02-21,20,154.2048484,360.0
22465,2025-02-21,21,186.8253328,309.0
22466,2025-02-21,22,186.3413954,367.0
22467,2025-02-21,23,157.6032684,320.0
22468,2025-02-22,0,168.9131959,330.0
22469,2025-02-22,1,153.2909353,319.0
22470,2025-02-22,2,165.1731678,340.0
22471,2025-02-22,3,191.1874813,279.0
22472,2025-02-22,4,178.9044594,192.0
22473,2025-02-22,5,226.3276364,155.0
22474,2025-02-22,6,146.3686806,164.0
22475,2025-02-22,7,195.0234364,113.0
22476,2025-02-22,8,170.7820986,88.0
22477,2025-02-22,9,258.4644543,74.0
22478,2025-02-22,10,178.6227113,109.0
22479,2025-02-22,11,145.8796134,122.0
22480,2025-02-22,12,145.4163365,109.0
22481,2025-02-22,13,170.7755265,241.0
22482,2025-02-22,14,207.0485872,219.0
22483,2025-02-22,15,173.0190461,291.0
22484,2025-02-22,16,185.9662289,271.0
22485,2025-02-22,17,212.301265,369.0
22486,2025-02-22,18,152.2334643,228.0
22487,2025-02-22,19,228.1170309,232.0
22488,2025-02-22,20,186.5887273,273.0
22489,2025-02-22,21,214.2791551,298.0
22490,2025-02-22,22,202.0612933,240.0
22491,2025-02-22,23,204.0866379,248.0
22492,2025-02-23,0,157.1406899,223.0
22493,2025-02-23,1,182.1193027,302.0
22494,2025-02-23,2,193.7149029,259.0
22495,2025-02-23,3,206.3711195,230.0
22496,2025-02-23,4,191.69686,191.0
22497,2025-02-23,5,240.3603172,136.0
22498,2025-02-23,6,188.4634307,175.0
22499,2025-02-23,7,204.1689728,114.0
22500,2025-02-23,8,189.7424637,78.0
22501,2025-02-23,9,307.7516799,99.0
22502,2025-02-23,10,223.2436161,89.0
22503,2025-02-23,11,190.4168728,83.0
22504,2025-02-23,12,117.2712069,77.0
22505,2025-02-23,13,143.8631361,162.0
22506,2025-02-23,14,205.9099933,256.0
22507,2025-02-23,15,205.0831851,251.0
22508,2025-02-23,16,203.0842718,258.0
22509,2025-02-23,17,202.0730748,220.0
22510,2025-02-23,18,195.4575949,299.0
22511,2025-02-23,19,167.402006,267.0
22512,2025-02-23,20,159.4669464,187.0
22513,2025-02-23,21,185.2956442,226.0
22514,2025-02-23,22,239.1941374,280.0
22515,2025-02-23,23,192.7660826,252.0
22516,2025-02-24,0,158.7839254,312.0
22517,2025-02-24,1,163.6476083,305.0
22518,2025-02-24,2,175.2991886,274.0
22519,2025-02-24,3,186.275401,198.0
22520,2025-02-24,4,197.730662,124.0
22521,2025-02-24,5,243.9100256,164.0
22522,2025-02-24,6,137.7135247,129.0
22523,2025-02-24,7,189.9403938,112.0
22524,2025-02-24,8,199.9175369,89.0
22525,2025-02-24,9,214.5085306,82.0
22526,2025-02-24,10,232.7597593,106.0
22527,2025-02-24,11,180.5001557,166.0
22528,2025-02-24,12,156.7505132,178.0
22529,2025-02-24,13,154.0595758,250.0
22530,2025-02-24,14,158.2337994,327.0
22531,2025-02-24,15,178.5845691,345.0
22532,2025-02-24,16,164.2333425,214.0
22533,2025-02-24,17,198.9669657,295.0
22534,2025-02-24,18,151.0948221,258.0
22535,2025-02-24,19,155.6781631,340.0
22536,2025-02-24,20,174.8163156,255.0
22537,2025-02-24,21,215.6965327,333.0
22538,2025-02-24,22,187.8409002,266.0
22539,2025-02-24,23,229.7574326,252.0
22540,2025-02-25,0,167.1641465,237.0
22541,2025-02-25,1,227.638963,246.0
22542,2025-02-25,2,207.6059128,274.0
22543,2025-02-25,3,202.0457961,262.0
22544,2025-02-25,4,230.9152034,164.0
22545,2025-02-25,5,163.3891741,116.0
22546,2025-02-25,6,109.8344687,181.0
22547,2025-02-25,7,172.2270423,138.0
22548,2025-02-25,8,220.6645198,102.0
22549,2025-02-25,9,211.3094,80.0
22550,2025-02-25,10,149.4255711,136.0
22551,2025-02-25,11,176.5320716,137.0
22552,2025-02-25,12,168.0405474,194.0
22553,2025-02-25,13,195.3947934,204.0
22554,2025-02-25,14,204.0552487,304.0
22555,2025-02-25,15,181.5920931,319.0
22556,2025-02-25,16,196.4867245,261.0
22557,2025-02-25,17,214.7216547,234.0
22558,2025-02-25,18,139.9095302,280.0
22559,2025-02-25,19,201.6060377,254.0
22560,2025-02-25,20,160.704914,296.0
22561,2025-02-25,21,167.2851774,255.0
22562,2025-02-25,22,196.5798019,257.0
22563,2025-02-25,23,223.3306409,266.0
22564,2025-02-26,0,168.738239,241.0
22565,2025-02-26,1,182.7491274,316.0
22566,2025-02-26,2,186.2738196,320.0
22567,2025-02-26,3,205.9324109,329.0
22568,2025-02-26,4,258.8107365,206.0
22569,2025-02-26,5,218.5322923,212.0
22570,2025-02-26,6,190.6260384,189.0
22571,2025-02-26,7,211.0769631,122.0
22572,2025-02-26,8,202.359216,87.0
22573,2025-02-26,9,202.6150704,123.0
22574,2025-02-26,10,212.5108131,120.0
22575,2025-02-26,11,177.7489515,138.0
22576,2025-02-26,12,149.5973373,208.0
22577,2025-02-26,13,144.1831544,290.0
22578,2025-02-26,14,195.3668493,316.0
22579,2025-02-26,15,165.7781717,385.0
22580,2025-02-26,16,201.1834345,294.0
22581,2025-02-26,17,180.9378828,280.0
22582,2025-02-26,18,159.4389115,275.0
22583,2025-02-26,19,182.2809461,293.0
22584,2025-02-26,20,177.8123117,260.0
22585,2025-02-26,21,163.0358384,286.0
22586,2025-02-26,22,233.8880336,230.0
22587,2025-02-26,23,208.1208058,348.0
22588,2025-02-27,0,146.756365,243.0
22589,2025-02-27,1,201.1233808,223.0
22590,2025-02-27,2,199.411764,306.0
22591,2025-02-27,3,245.2871249,185.0
22592,2025-02-27,4,199.6248455,164.0
22593,2025-02-27,5,307.1868738,91.0
22594,2025-02-27,6,121.5703991,162.0
22595,2025-02-27,7,225.3848553,98.0
22596,2025-02-27,8,282.7993689,77.0
22597,2025-02-27,9,136.8569952,135.0
22598,2025-02-27,10,236.9031475,102.0
22599,2025-02-27,11,231.4523321,113.0
22600,2025-02-27,12,173.7874285,184.0
22601,2025-02-27,13,182.6221706,286.0
22602,2025-02-27,14,172.4147556,292.0
22603,2025-02-27,15,197.1194259,363.0
22604,2025-02-27,16,200.0172538,308.0
22605,2025-02-27,17,194.4814136,355.0
22606,2025-02-27,18,177.3948285,266.0
22607,2025-02-27,19,212.9514715,286.0
22608,2025-02-27,20,194.7541437,289.0
22609,2025-02-27,21,215.7103508,282.0
22610,2025-02-27,22,193.2276203,310.0
22611,2025-02-27,23,197.6312538,306.0
22612,2025-02-28,0,207.3425002,283.0
22613,2025-02-28,1,204.4652653,283.0
22614,2025-02-28,2,218.2307843,282.0
22615,2025-02-28,3,177.3514539,233.0
22616,2025-02-28,4,253.6187158,155.0
22617,2025-02-28,5,243.7614965,197.0
22618,2025-02-28,6,143.0626445,146.0
22619,2025-02-28,7,249.7980999,133.0
22620,2025-02-28,8,193.2775142,123.0
22621,2025-02-28,9,339.2884748,89.0
22622,2025-02-28,10,226.9774727,112.0
22623,2025-02-28,11,214.1646319,103.0
22624,2025-02-28,12,163.7203989,192.0
22625,2025-02-28,13,191.9161906,283.0
22626,2025-02-28,14,195.7348727,319.0
22627,2025-02-28,15,177.5130309,374.0
22628,2025-02-28,16,191.5531212,294.0
22629,2025-02-28,17,227.57475,226.0
22630,2025-02-28,18,202.5860235,234.0
22631,2025-02-28,19,220.9390781,245.0
22632,2025-02-28,20,196.5354194,267.0
22633,2025-02-28,21,313.8139201,279.0
22634,2025-02-28,22,195.9786081,284.0
22635,2025-02-28,23,252.1798949,228.0
22636,2025-03-01,0,214.4093588,216.0
22637,2025-03-01,1,174.4332061,282.0
22638,2025-03-01,2,213.5834253,214.0
22639,2025-03-01,3,243.7056729,216.0
22640,2025-03-01,4,271.1370132,182.0
22641,2025-03-01,5,247.7538838,126.0
22642,2025-03-01,6,100.9210852,245.0
22643,2025-03-01,7,192.5811324,190.0
22644,2025-03-01,8,277.6641734,86.0
22645,2025-03-01,9,219.8171992,121.0
22646,2025-03-01,10,305.1395282,69.0
22647,2025-03-01,11,260.8556281,87.0
22648,2025-03-01,12,166.0309156,108.0
22649,2025-03-01,13,166.5166726,153.0
22650,2025-03-01,14,214.4308322,206.0
22651,2025-03-01,15,202.5236547,300.0
22652,2025-03-01,16,183.8626152,365.0
22653,2025-03-01,17,250.7196717,340.0
22654,2025-03-01,18,174.4531214,199.0
22655,2025-03-01,19,232.7250847,249.0
22656,2025-03-01,20,193.6305208,366.0
22657,2025-03-01,21,189.6834767,313.0
22658,2025-03-01,22,205.730636,232.0
22659,2025-03-01,23,203.1678861,247.0
22660,2025-03-02,0,134.002594,240.0
22661,2025-03-02,1,226.5345864,203.0
22662,2025-03-02,2,238.3809217,247.0
22663,2025-03-02,3,196.0581893,185.0
22664,2025-03-02,4,196.9989345,226.0
22665,2025-03-02,5,221.4538831,173.0
22666,2025-03-02,6,172.2989752,152.0
22667,2025-03-02,7,300.9644977,99.0
22668,2025-03-02,8,202.3060802,83.0
22669,2025-03-02,9,223.8901999,87.0
22670,2025-03-02,10,189.7483387,105.0
22671,2025-03-02,11,232.0447676,70.0
22672,2025-03-02,12,172.5176078,112.0
22673,2025-03-02,13,205.1695533,141.0
22674,2025-03-02,14,223.4369668,150.0
22675,2025-03-02,15,218.3336227,292.0
22676,2025-03-02,16,185.5985784,241.0
22677,2025-03-02,17,263.3842316,206.0
22678,2025-03-02,18,187.2205321,280.0
22679,2025-03-02,19,195.8402956,255.0
22680,2025-03-02,20,222.7515492,257.0
22681,2025-03-02,21,213.4649317,224.0
22682,2025-03-02,22,221.4142085,339.0
22683,2025-03-02,23,207.2903445,269.0
22684,2025-03-03,0,129.122926,414.0
22685,2025-03-03,1,185.8655343,316.0
22686,2025-03-03,2,193.8039899,287.0
22687,2025-03-03,3,250.4987755,188.0
22688,2025-03-03,4,236.7046369,159.0
22689,2025-03-03,5,231.1889543,93.0
22690,2025-03-03,6,147.4133331,154.0
22691,2025-03-03,7,254.702681,110.0
22692,2025-03-03,8,196.5946444,92.0
22693,2025-03-03,9,223.6909985,111.0
22694,2025-03-03,10,244.2119592,108.0
22695,2025-03-03,11,195.8656302,131.0
22696,2025-03-03,12,162.4889176,174.0
22697,2025-03-03,13,203.901873,273.0
22698,2025-03-03,14,147.7156704,365.0
22699,2025-03-03,15,187.3440512,366.0
22700,2025-03-03,16,189.8277851,260.0
22701,2025-03-03,17,213.5297259,289.0
22702,2025-03-03,18,163.4756658,358.0
22703,2025-03-03,19,203.409529,337.0
22704,2025-03-03,20,205.8050066,325.0
22705,2025-03-03,21,190.676736,358.0
22706,2025-03-03,22,242.8383314,260.0
22707,2025-03-03,23,230.5490666,352.0
22708,2025-03-04,0,171.992236,283.0
22709,2025-03-04,1,192.0536751,299.0
22710,2025-03-04,2,210.2142063,286.0
22711,2025-03-04,3,254.321758,194.0
22712,2025-03-04,4,296.5104584,188.0
22713,2025-03-04,5,253.451775,160.0
22714,2025-03-04,6,181.0773589,108.0
22715,2025-03-04,7,239.1276774,113.0
22716,2025-03-04,8,257.6151971,77.0
22717,2025-03-04,9,325.5790547,81.0
22718,2025-03-04,10,259.3704305,106.0
22719,2025-03-04,11,202.3035031,105.0
22720,2025-03-04,12,220.7750499,155.0
22721,2025-03-04,13,204.184776,251.0
22722,2025-03-04,14,161.998596,345.0
22723,2025-03-04,15,188.5463641,294.0
22724,2025-03-04,16,183.0802595,300.0
22725,2025-03-04,17,227.9595123,314.0
22726,2025-03-04,18,180.0005802,295.0
22727,2025-03-04,19,209.2751347,289.0
22728,2025-03-04,20,210.3703055,329.0
22729,2025-03-04,21,205.8367828,240.0
22730,2025-03-04,22,207.8418377,348.0
22731,2025-03-04,23,175.7009104,339.0
22732,2025-03-05,0,222.1535132,244.0
22733,2025-03-05,1,189.9230159,292.0
22734,2025-03-05,2,227.6264672,262.0
22735,2025-03-05,3,183.0323379,271.0
22736,2025-03-05,4,230.1146098,195.0
22737,2025-03-05,5,223.5723827,172.0
22738,2025-03-05,6,171.1153634,209.0
22739,2025-03-05,7,201.1471285,121.0
22740,2025-03-05,8,282.2312819,111.0
22741,2025-03-05,9,221.5170892,93.0
22742,2025-03-05,10,180.8585269,126.0
22743,2025-03-05,11,174.3030721,145.0
22744,2025-03-05,12,183.2396232,215.0
22745,2025-03-05,13,165.8084787,241.0
22746,2025-03-05,14,171.5600132,352.0
22747,2025-03-05,15,171.7211329,325.0
22748,2025-03-05,16,194.6266633,352.0
22749,2025-03-05,17,184.3273623,305.0
22750,2025-03-05,18,181.5482307,302.0
22751,2025-03-05,19,215.4218022,255.0
22752,2025-03-05,20,225.8507555,257.0
22753,2025-03-05,21,192.6056834,295.0
22754,2025-03-05,22,228.1331146,243.0
22755,2025-03-05,23,188.1761916,219.0
22756,2025-03-06,0,167.5117024,232.0
22757,2025-03-06,1,208.2061156,253.0
22758,2025-03-06,2,179.9856742,276.0
22759,2025-03-06,3,224.0273431,246.0
22760,2025-03-06,4,232.4299733,187.0
22761,2025-03-06,5,197.6123133,127.0
22762,2025-03-06,6,150.3923275,142.0
22763,2025-03-06,7,255.3645328,87.0
22764,2025-03-06,8,227.7703592,69.0
22765,2025-03-06,9,235.7354801,85.0
22766,2025-03-06,10,202.7691695,79.0
22767,2025-03-06,11,158.4504607,157.0
22768,2025-03-06,12,174.8344559,159.0
22769,2025-03-06,13,180.8325985,278.0
22770,2025-03-06,14,159.0076357,297.0
22771,2025-03-06,15,211.6832813,308.0
22772,2025-03-06,16,197.4505907,293.0
22773,2025-03-06,17,200.6398112,346.0
22774,2025-03-06,18,151.6800544,216.0
22775,2025-03-06,19,215.2652879,209.0
22776,2025-03-06,20,193.0761468,234.0
22777,2025-03-06,21,211.4165539,338.0
22778,2025-03-06,22,210.4814687,268.0
22779,2025-03-06,23,176.5240967,264.0
22780,2025-03-07,0,149.7954702,272.0
22781,2025-03-07,1,217.984155,301.0
22782,2025-03-07,2,196.3106186,298.0
22783,2025-03-07,3,217.4940192,229.0
22784,2025-03-07,4,236.0095366,164.0
22785,2025-03-07,5,223.6278692,134.0
22786,2025-03-07,6,153.962165,144.0
22787,2025-03-07,7,250.3870972,109.0
22788,2025-03-07,8,248.7410292,82.0
22789,2025-03-07,9,209.3293646,80.0
22790,2025-03-07,10,221.2838035,95.0
22791,2025-03-07,11,85.15408663,257.0
22792,2025-03-07,12,109.8896185,255.0
22793,2025-03-07,13,132.2835256,373.0
22794,2025-03-07,14,125.8289802,378.0
22795,2025-03-07,15,122.6368868,562.0
22796,2025-03-07,16,108.819747,572.0
22797,2025-03-07,17,114.3115309,433.0
22798,2025-03-07,18,106.7578999,475.0
22799,2025-03-07,19,113.0849261,418.0
22800,2025-03-07,20,151.1526607,434.0
22801,2025-03-07,21,169.0306332,399.0
22802,2025-03-07,22,133.3789949,380.0
22803,2025-03-07,23,153.4760417,269.0
22804,2025-03-08,0,139.3671856,307.0
22805,2025-03-08,1,204.2082511,267.0
22806,2025-03-08,2,148.0226467,355.0
22807,2025-03-08,3,154.9222845,274.0
22808,2025-03-08,4,124.0598065,264.0
22809,2025-03-08,5,159.120169,209.0
22810,2025-03-08,6,128.447255,183.0
22811,2025-03-08,7,235.9419693,107.0
22812,2025-03-08,8,253.5307099,63.0
22813,2025-03-08,9,209.9131714,91.0
22814,2025-03-08,10,247.0553299,85.0
22815,2025-03-08,11,180.897284,101.0
22816,2025-03-08,12,181.8810923,112.0
22817,2025-03-08,13,171.0683343,228.0
22818,2025-03-08,14,155.4409848,289.0
22819,2025-03-08,15,204.3530267,316.0
22820,2025-03-08,16,216.9816956,244.0
22821,2025-03-08,17,172.1736069,293.0
22822,2025-03-08,18,172.9693681,211.0
22823,2025-03-08,19,182.9280366,310.0
22824,2025-03-08,20,176.6348074,316.0
22825,2025-03-08,21,170.8759675,305.0
22826,2025-03-08,22,165.4899468,292.0
22827,2025-03-08,23,198.2192882,239.0
22828,2025-03-09,0,165.4583008,166.0
22829,2025-03-09,1,190.5686426,237.0
22830,2025-03-09,2,183.976096,253.0
22831,2025-03-09,3,172.669035,254.0
22832,2025-03-09,4,228.5036002,196.0
22833,2025-03-09,5,176.5418709,180.0
22834,2025-03-09,6,215.0299132,158.0
22835,2025-03-09,7,287.1058911,111.0
22836,2025-03-09,8,288.8117342,90.0
22837,2025-03-09,9,327.4641411,73.0
22838,2025-03-09,10,255.5245767,76.0
22839,2025-03-09,11,214.0763326,59.0
22840,2025-03-09,12,194.4549052,139.0
22841,2025-03-09,13,187.1332199,170.0
22842,2025-03-09,14,193.6963994,201.0
22843,2025-03-09,15,181.1073592,209.0
22844,2025-03-09,16,207.371286,224.0
22845,2025-03-09,17,160.9020773,173.0
22846,2025-03-09,18,215.3196212,250.0
22847,2025-03-09,19,230.5370153,260.0
22848,2025-03-09,20,219.0850084,219.0
22849,2025-03-09,21,201.2259831,224.0
22850,2025-03-09,22,191.3739275,260.0
22851,2025-03-09,23,148.8381739,229.0
22852,2025-03-10,0,182.042717,286.0
22853,2025-03-10,1,176.0011314,291.0
22854,2025-03-10,2,203.1501432,230.0
22855,2025-03-10,3,173.6379087,200.0
22856,2025-03-10,4,188.5701554,193.0
22857,2025-03-10,5,153.8604543,133.0
22858,2025-03-10,6,156.9660851,111.0
22859,2025-03-10,7,228.1496271,116.0
22860,2025-03-10,8,240.2660416,70.0
22861,2025-03-10,9,202.9641445,88.0
22862,2025-03-10,10,225.491089,115.0
22863,2025-03-10,11,173.6894742,160.0
22864,2025-03-10,12,192.7795908,217.0
22865,2025-03-10,13,164.761148,297.0
22866,2025-03-10,14,199.3646334,301.0
22867,2025-03-10,15,203.9556906,370.0
22868,2025-03-10,16,177.7524267,413.0
22869,2025-03-10,17,178.1464762,327.0
22870,2025-03-10,18,216.4084161,368.0
22871,2025-03-10,19,191.1981004,313.0
22872,2025-03-10,20,198.7577023,309.0
22873,2025-03-10,21,207.1650446,249.0
22874,2025-03-10,22,187.8569974,330.0
22875,2025-03-10,23,162.9262335,259.0
22876,2025-03-11,0,149.0844483,272.0
22877,2025-03-11,1,199.3504334,298.0
22878,2025-03-11,2,212.4053248,255.0
22879,2025-03-11,3,209.7488847,192.0
22880,2025-03-11,4,230.3033346,137.0
22881,2025-03-11,5,156.3690908,133.0
22882,2025-03-11,6,258.5547156,106.0
22883,2025-03-11,7,212.2200684,86.0
22884,2025-03-11,8,249.4927607,77.0
22885,2025-03-11,9,149.9195927,128.0
22886,2025-03-11,10,206.3730174,153.0
22887,2025-03-11,11,197.6194629,149.0
22888,2025-03-11,12,204.4799249,238.0
22889,2025-03-11,13,193.9149535,282.0
22890,2025-03-11,14,181.1573218,354.0
22891,2025-03-11,15,163.5438044,314.0
22892,2025-03-11,16,175.2604875,338.0
22893,2025-03-11,17,190.6168555,265.0
22894,2025-03-11,18,210.1266343,301.0
22895,2025-03-11,19,181.7754371,345.0
22896,2025-03-11,20,197.7134983,279.0
22897,2025-03-11,21,219.6385269,235.0
22898,2025-03-11,22,193.9558353,227.0
22899,2025-03-11,23,207.8405341,236.0
22900,2025-03-12,0,166.0548203,260.0
22901,2025-03-12,1,178.687681,326.0
22902,2025-03-12,2,197.452438,245.0
22903,2025-03-12,3,219.1303741,168.0
22904,2025-03-12,4,235.2741569,157.0
22905,2025-03-12,5,132.2513691,143.0
22906,2025-03-12,6,189.5602969,161.0
22907,2025-03-12,7,227.8592521,58.0
22908,2025-03-12,8,205.6318078,128.0
22909,2025-03-12,9,139.703506,169.0
22910,2025-03-12,10,203.9052606,162.0
22911,2025-03-12,11,181.3138907,192.0
22912,2025-03-12,12,177.3627065,329.0
22913,2025-03-12,13,177.0708116,354.0
22914,2025-03-12,14,168.5175705,457.0
22915,2025-03-12,15,173.7047429,290.0
22916,2025-03-12,16,187.1226641,351.0
22917,2025-03-12,17,158.3697515,247.0
22918,2025-03-12,18,176.2221038,365.0
22919,2025-03-12,19,181.5996035,245.0
22920,2025-03-12,20,214.3843731,251.0
22921,2025-03-12,21,222.2702146,246.0
22922,2025-03-12,22,212.755531,184.0
22923,2025-03-12,23,227.627952,204.0
22924,2025-03-13,0,194.8905998,275.0
22925,2025-03-13,1,158.1421592,288.0
22926,2025-03-13,2,202.0665625,228.0
22927,2025-03-13,3,200.1125242,173.0
22928,2025-03-13,4,200.3454849,162.0
22929,2025-03-13,5,172.6142981,115.0
22930,2025-03-13,6,218.3108949,108.0
22931,2025-03-13,7,233.3769014,78.0
22932,2025-03-13,8,213.9556467,99.0
22933,2025-03-13,9,145.5436034,120.0
22934,2025-03-13,10,181.4437725,140.0
22935,2025-03-13,11,182.5869151,132.0
22936,2025-03-13,12,172.1782968,206.0
22937,2025-03-13,13,200.5467122,240.0
22938,2025-03-13,14,208.9334015,296.0
22939,2025-03-13,15,199.3925235,288.0
22940,2025-03-13,16,207.9474753,272.0
22941,2025-03-13,17,136.0663167,225.0
22942,2025-03-13,18,174.6487941,261.0
22943,2025-03-13,19,216.2371538,336.0
22944,2025-03-13,20,199.2837543,353.0
22945,2025-03-13,21,253.8929771,263.0
22946,2025-03-13,22,205.6682432,296.0
22947,2025-03-13,23,189.2582359,280.0
22948,2025-03-14,0,185.6168762,433.0
22949,2025-03-14,1,200.2791163,273.0
22950,2025-03-14,2,188.7502479,298.0
22951,2025-03-14,3,224.1043638,271.0
22952,2025-03-14,4,214.7897044,189.0
22953,2025-03-14,5,158.3993915,159.0
22954,2025-03-14,6,228.6588599,146.0
22955,2025-03-14,7,203.9821617,90.0
22956,2025-03-14,8,253.1006843,93.0
22957,2025-03-14,9,242.5851089,78.0
22958,2025-03-14,10,234.454335,122.0
22959,2025-03-14,11,205.0822798,115.0
22960,2025-03-14,12,173.90812,217.0
22961,2025-03-14,13,190.0766993,454.0
22962,2025-03-14,14,214.4019831,395.0
22963,2025-03-14,15,162.6608586,357.0
22964,2025-03-14,16,174.3109488,394.0
22965,2025-03-14,17,178.2318269,367.0
22966,2025-03-14,18,224.0099743,286.0
22967,2025-03-14,19,194.452716,288.0
22968,2025-03-14,20,228.539765,282.0
22969,2025-03-14,21,224.592457,239.0
22970,2025-03-14,22,163.4243155,323.0
22971,2025-03-14,23,175.4490451,187.0
22972,2025-03-15,0,189.4139372,274.0
22973,2025-03-15,1,229.1388541,293.0
22974,2025-03-15,2,206.712446,333.0
22975,2025-03-15,3,232.3773377,207.0
22976,2025-03-15,4,254.4702897,200.0
22977,2025-03-15,5,205.3105007,138.0
22978,2025-03-15,6,220.9775092,147.0
22979,2025-03-15,7,133.0635879,127.0
22980,2025-03-15,8,234.2840089,105.0
22981,2025-03-15,9,256.2456965,65.0
22982,2025-03-15,10,255.8607726,103.0
22983,2025-03-15,11,181.6805871,111.0
22984,2025-03-15,12,176.1814879,257.0
22985,2025-03-15,13,168.2307104,212.0
22986,2025-03-15,14,188.141187,261.0
22987,2025-03-15,15,182.7324367,283.0
22988,2025-03-15,16,218.3892814,244.0
22989,2025-03-15,17,184.6656173,327.0
22990,2025-03-15,18,215.4733696,366.0
22991,2025-03-15,19,189.179254,334.0
22992,2025-03-15,20,221.102959,284.0
22993,2025-03-15,21,190.3683815,332.0
22994,2025-03-15,22,195.0786424,284.0
22995,2025-03-15,23,177.9002879,197.0
22996,2025-03-16,0,209.2931139,244.0
22997,2025-03-16,1,181.5615469,280.0
22998,2025-03-16,2,214.3166163,261.0
22999,2025-03-16,3,182.1851352,203.0
23000,2025-03-16,4,181.5277346,261.0
23001,2025-03-16,5,158.2802937,153.0
23002,2025-03-16,6,261.3832973,124.0
23003,2025-03-16,7,218.3316781,80.0
23004,2025-03-16,8,259.5789661,91.0
23005,2025-03-16,9,196.3611899,60.0
23006,2025-03-16,10,223.5687539,91.0
23007,2025-03-16,11,189.2455172,109.0
23008,2025-03-16,12,187.3655689,127.0
23009,2025-03-16,13,194.7013852,180.0
23010,2025-03-16,14,218.5044137,263.0
23011,2025-03-16,15,205.1556796,231.0
23012,2025-03-16,16,221.3196052,261.0
23013,2025-03-16,17,193.8755283,292.0
23014,2025-03-16,18,183.9236324,268.0
23015,2025-03-16,19,228.811817,252.0
23016,2025-03-16,20,191.5566883,368.0
23017,2025-03-16,21,173.8044155,271.0
23018,2025-03-16,22,207.7533342,236.0
23019,2025-03-16,23,195.3530676,201.0
23020,2025-03-17,0,164.2801219,297.0
23021,2025-03-17,1,201.5081027,236.0
23022,2025-03-17,2,214.608967,303.0
23023,2025-03-17,3,197.6135471,241.0
23024,2025-03-17,4,189.8578535,207.0
23025,2025-03-17,5,153.7626817,173.0
23026,2025-03-17,6,230.0842261,124.0
23027,2025-03-17,7,182.140715,104.0
23028,2025-03-17,8,233.5906866,98.0
23029,2025-03-17,9,184.4881619,95.0
23030,2025-03-17,10,209.5943769,124.0
23031,2025-03-17,11,187.0906416,145.0
23032,2025-03-17,12,169.0319984,239.0
23033,2025-03-17,13,215.4816141,280.0
23034,2025-03-17,14,219.2021046,273.0
23035,2025-03-17,15,205.5794717,256.0
23036,2025-03-17,16,185.9123532,287.0
23037,2025-03-17,17,159.8474199,225.0
23038,2025-03-17,18,188.0782393,299.0
23039,2025-03-17,19,139.2766233,324.0
23040,2025-03-17,20,151.4744308,271.0
23041,2025-03-17,21,194.3556517,290.0
23042,2025-03-17,22,183.7081711,376.0
23043,2025-03-17,23,187.8061843,214.0
23044,2025-03-18,0,167.0849552,289.0
23045,2025-03-18,1,175.9533093,262.0
23046,2025-03-18,2,186.2694253,255.0
23047,2025-03-18,3,193.7129427,211.0
23048,2025-03-18,4,176.3359671,149.0
23049,2025-03-18,5,155.2224082,177.0
23050,2025-03-18,6,178.2442169,152.0
23051,2025-03-18,7,121.2290033,127.0
23052,2025-03-18,8,185.754538,110.0
23053,2025-03-18,9,174.0798415,117.0
23054,2025-03-18,10,187.5085304,167.0
23055,2025-03-18,11,179.3846584,122.0
23056,2025-03-18,12,190.5523109,228.0
23057,2025-03-18,13,177.5795751,254.0
23058,2025-03-18,14,196.6739162,358.0
23059,2025-03-18,15,192.3264708,252.0
23060,2025-03-18,16,166.2926898,330.0
23061,2025-03-18,17,167.5645652,265.0
23062,2025-03-18,18,206.5642878,285.0
23063,2025-03-18,19,176.2304371,240.0
23064,2025-03-18,20,181.1478045,282.0
23065,2025-03-18,21,228.5705791,236.0
23066,2025-03-18,22,227.5812687,235.0
23067,2025-03-18,23,162.7166982,302.0
23068,2025-03-19,0,201.5450637,327.0
23069,2025-03-19,1,181.0675205,332.0
23070,2025-03-19,2,221.3036873,213.0
23071,2025-03-19,3,207.1507963,174.0
23072,2025-03-19,4,234.5331657,125.0
23073,2025-03-19,5,182.6801105,102.0
23074,2025-03-19,6,198.1397348,123.0
23075,2025-03-19,7,244.5780507,76.0
23076,2025-03-19,8,201.3517065,84.0
23077,2025-03-19,9,206.1289687,105.0
23078,2025-03-19,10,222.4387048,111.0
23079,2025-03-19,11,182.5424032,132.0
23080,2025-03-19,12,196.0857211,174.0
23081,2025-03-19,13,211.1849323,266.0
23082,2025-03-19,14,201.9262728,282.0
23083,2025-03-19,15,198.2326782,271.0
23084,2025-03-19,16,181.196554,266.0
23085,2025-03-19,17,136.7997231,233.0
23086,2025-03-19,18,209.884734,235.0
23087,2025-03-19,19,219.071796,277.0
23088,2025-03-19,20,191.543663,254.0
23089,2025-03-19,21,182.7086766,240.0
23090,2025-03-19,22,198.7579754,231.0
23091,2025-03-19,23,205.9241693,190.0
23092,2025-03-20,0,219.4112649,338.0
23093,2025-03-20,1,205.3154029,392.0
23094,2025-03-20,2,201.4451359,218.0
23095,2025-03-20,3,200.7308085,200.0
23096,2025-03-20,4,289.9803965,141.0
23097,2025-03-20,5,190.9717171,123.0
23098,2025-03-20,6,252.0081927,101.0
23099,2025-03-20,7,184.624944,68.0
23100,2025-03-20,8,251.7429953,109.0
23101,2025-03-20,9,194.9357401,96.0
23102,2025-03-20,10,227.797702,109.0
23103,2025-03-20,11,171.4529015,141.0
23104,2025-03-20,12,215.9699963,240.0
23105,2025-03-20,13,217.1785722,252.0
23106,2025-03-20,14,194.735988,271.0
23107,2025-03-20,15,172.2897971,320.0
23108,2025-03-20,16,166.3102736,300.0
23109,2025-03-20,17,222.034233,224.0
23110,2025-03-20,18,189.9363735,287.0
23111,2025-03-20,19,237.1504049,269.0
23112,2025-03-20,20,222.665724,218.0
23113,2025-03-20,21,211.5812481,244.0
23114,2025-03-20,22,187.3866014,278.0
23115,2025-03-20,23,160.7872572,271.0
23116,2025-03-21,0,214.6163191,234.0
23117,2025-03-21,1,182.8079194,234.0
23118,2025-03-21,2,192.0288733,241.0
23119,2025-03-21,3,234.9966408,202.0
23120,2025-03-21,4,197.7581806,118.0
23121,2025-03-21,5,118.68496,123.0
23122,2025-03-21,6,255.1938148,101.0
23123,2025-03-21,7,238.4048047,63.0
23124,2025-03-21,8,203.132375,89.0
23125,2025-03-21,9,214.0102351,106.0
23126,2025-03-21,10,149.8158923,165.0
23127,2025-03-21,11,196.4555014,128.0
23128,2025-03-21,12,261.8596601,214.0
23129,2025-03-21,13,182.4582139,290.0
23130,2025-03-21,14,213.3927749,353.0
23131,2025-03-21,15,164.2229664,317.0
23132,2025-03-21,16,172.0566954,323.0
23133,2025-03-21,17,201.2288899,298.0
23134,2025-03-21,18,205.8909018,276.0
23135,2025-03-21,19,186.6484648,425.0
23136,2025-03-21,20,229.3029724,311.0
23137,2025-03-21,21,224.1492281,235.0
23138,2025-03-21,22,211.5414269,258.0
23139,2025-03-21,23,183.1769064,166.0
23140,2025-03-22,0,213.5864821,256.0
23141,2025-03-22,1,176.9928782,313.0
23142,2025-03-22,2,192.5747977,247.0
23143,2025-03-22,3,227.7814321,131.0
23144,2025-03-22,4,214.4532853,150.0
23145,2025-03-22,5,205.0773831,116.0
23146,2025-03-22,6,279.502863,91.0
23147,2025-03-22,7,142.3538849,132.0
23148,2025-03-22,8,350.2417255,54.0
23149,2025-03-22,9,280.3865411,78.0
23150,2025-03-22,10,237.9977977,132.0
23151,2025-03-22,11,226.9775967,68.0
23152,2025-03-22,12,190.3935742,143.0
23153,2025-03-22,13,185.2205945,189.0
23154,2025-03-22,14,177.4390885,287.0
23155,2025-03-22,15,184.4248052,240.0
23156,2025-03-22,16,203.1759414,268.0
23157,2025-03-22,17,180.9945294,230.0
23158,2025-03-22,18,186.3488085,244.0
23159,2025-03-22,19,209.7965777,249.0
23160,2025-03-22,20,212.1591928,269.0
23161,2025-03-22,21,202.825447,296.0
23162,2025-03-22,22,208.0424624,265.0
23163,2025-03-22,23,154.7662394,138.0
23164,2025-03-23,0,207.8403029,158.0
23165,2025-03-23,1,196.0777832,170.0
23166,2025-03-23,2,200.8809576,221.0
23167,2025-03-23,3,215.5785164,226.0
23168,2025-03-23,4,167.7811666,223.0
23169,2025-03-23,5,155.8388607,107.0
23170,2025-03-23,6,278.4832005,87.0
23171,2025-03-23,7,258.0809977,64.0
23172,2025-03-23,8,286.9656537,65.0
23173,2025-03-23,9,266.923086,59.0
23174,2025-03-23,10,258.2180486,66.0
23175,2025-03-23,11,227.9305983,75.0
23176,2025-03-23,12,206.9749446,126.0
23177,2025-03-23,13,170.2647805,157.0
23178,2025-03-23,14,207.9123995,183.0
23179,2025-03-23,15,183.133631,229.0
23180,2025-03-23,16,253.5506139,197.0
23181,2025-03-23,17,211.4165194,185.0
23182,2025-03-23,18,211.7153513,213.0
23183,2025-03-23,19,226.5376074,234.0
23184,2025-03-23,20,185.8652041,183.0
23185,2025-03-23,21,196.1247143,183.0
23186,2025-03-23,22,214.1604134,282.0
23187,2025-03-23,23,170.0560984,159.0
23188,2025-03-24,0,220.5458503,260.0
23189,2025-03-24,1,183.0906888,250.0
23190,2025-03-24,2,192.972154,173.0
23191,2025-03-24,3,208.135396,180.0
23192,2025-03-24,4,275.1063936,95.0
23193,2025-03-24,5,188.5793535,67.0
23194,2025-03-24,6,262.3294549,99.0
23195,2025-03-24,7,257.1415804,57.0
23196,2025-03-24,8,235.596696,62.0
23197,2025-03-24,9,267.3882532,83.0
23198,2025-03-24,10,206.7150332,145.0
23199,2025-03-24,11,145.2234163,126.0
23200,2025-03-24,12,206.0939399,268.0
23201,2025-03-24,13,205.076887,321.0
23202,2025-03-24,14,197.1054724,344.0
23203,2025-03-24,15,189.0432734,224.0
23204,2025-03-24,16,197.1970416,340.0
23205,2025-03-24,17,174.8256348,219.0
23206,2025-03-24,18,195.3278687,275.0
23207,2025-03-24,19,220.3830618,266.0
23208,2025-03-24,20,198.7488662,278.0
23209,2025-03-24,21,205.7114053,255.0
23210,2025-03-24,22,225.8372617,225.0
23211,2025-03-24,23,200.085425,177.0
23212,2025-03-25,0,168.007889,266.0
23213,2025-03-25,1,206.4217325,236.0
23214,2025-03-25,2,227.7442817,184.0
23215,2025-03-25,3,235.1933614,159.0
23216,2025-03-25,4,238.5344556,160.0
23217,2025-03-25,5,190.3660987,86.0
23218,2025-03-25,6,244.1859253,95.0
23219,2025-03-25,7,256.6763654,71.0
23220,2025-03-25,8,266.0821653,80.0
23221,2025-03-25,9,274.906015,59.0
23222,2025-03-25,10,251.6658641,97.0
23223,2025-03-25,11,200.395132,129.0
23224,2025-03-25,12,212.1233584,170.0
23225,2025-03-25,13,225.6243618,247.0
23226,2025-03-25,14,198.1451856,331.0
23227,2025-03-25,15,201.0519331,203.0
23228,2025-03-25,16,186.1722671,313.0
23229,2025-03-25,17,193.3953557,182.0
23230,2025-03-25,18,217.4124879,246.0
23231,2025-03-25,19,203.188388,206.0
23232,2025-03-25,20,197.5686935,235.0
23233,2025-03-25,21,288.4402718,262.0
23234,2025-03-25,22,180.15722,258.0
23235,2025-03-25,23,201.1884616,194.0
23236,2025-03-26,0,193.2755528,278.0
23237,2025-03-26,1,222.4568807,214.0
23238,2025-03-26,2,158.3972297,289.0
23239,2025-03-26,3,238.2735282,176.0
23240,2025-03-26,4,278.0722938,98.0
23241,2025-03-26,5,171.9270505,109.0
23242,2025-03-26,6,263.9448652,106.0
23243,2025-03-26,7,262.3495026,61.0
23244,2025-03-26,8,265.4351276,77.0
23245,2025-03-26,9,239.2048866,69.0
23246,2025-03-26,10,248.8458951,109.0
23247,2025-03-26,11,212.2108888,142.0
23248,2025-03-26,12,198.1803076,212.0
23249,2025-03-26,13,168.6509772,238.0
23250,2025-03-26,14,201.964049,319.0
23251,2025-03-26,15,181.164665,207.0
23252,2025-03-26,16,259.9136604,233.0
23253,2025-03-26,17,171.0881568,254.0
23254,2025-03-26,18,199.008677,243.0
23255,2025-03-26,19,185.2989728,280.0
23256,2025-03-26,20,182.4586532,271.0
23257,2025-03-26,21,204.913958,265.0
23258,2025-03-26,22,201.9784048,270.0
23259,2025-03-26,23,199.2171021,219.0
23260,2025-03-27,0,202.9751874,244.0
23261,2025-03-27,1,211.5302063,252.0
23262,2025-03-27,2,221.4077334,303.0
23263,2025-03-27,3,235.1332534,178.0
23264,2025-03-27,4,268.9784897,125.0
23265,2025-03-27,5,184.7925283,100.0
23266,2025-03-27,6,279.0669208,86.0
23267,2025-03-27,7,223.6662478,71.0
23268,2025-03-27,8,379.5271407,62.0
23269,2025-03-27,9,273.8150902,74.0
23270,2025-03-27,10,263.9486583,95.0
23271,2025-03-27,11,233.0817671,85.0
23272,2025-03-27,12,206.1741131,244.0
23273,2025-03-27,13,189.5970976,262.0
23274,2025-03-27,14,216.7138747,349.0
23275,2025-03-27,15,178.5428615,235.0
23276,2025-03-27,16,199.8231,216.0
23277,2025-03-27,17,184.2442744,186.0
23278,2025-03-27,18,211.8371505,256.0
23279,2025-03-27,19,204.9136732,291.0
23280,2025-03-27,20,193.2556801,297.0
23281,2025-03-27,21,232.9870266,277.0
23282,2025-03-27,22,257.908914,244.0
23283,2025-03-27,23,147.239956,196.0
23284,2025-03-28,0,190.6537236,217.0
23285,2025-03-28,1,193.3651204,304.0
23286,2025-03-28,2,235.856837,202.0
23287,2025-03-28,3,250.1336824,152.0
23288,2025-03-28,4,306.6847027,141.0
23289,2025-03-28,5,221.727574,87.0
23290,2025-03-28,6,307.5397854,105.0
23291,2025-03-28,7,329.8108199,86.0
23292,2025-03-28,8,312.226156,71.0
23293,2025-03-28,9,197.3481772,92.0
23294,2025-03-28,10,203.7078305,108.0
23295,2025-03-28,11,181.9613149,78.0
23296,2025-03-28,12,170.6343453,198.0
23297,2025-03-28,13,162.1087253,271.0
23298,2025-03-28,14,213.4043815,241.0
23299,2025-03-28,15,200.9672461,255.0
23300,2025-03-28,16,208.894176,236.0
23301,2025-03-28,17,168.3857876,296.0
23302,2025-03-28,18,228.9960252,227.0
23303,2025-03-28,19,205.0495802,260.0
23304,2025-03-28,20,202.5238415,258.0
23305,2025-03-28,21,177.0837023,300.0
23306,2025-03-28,22,211.0455118,347.0
23307,2025-03-28,23,159.1226865,225.0
23308,2025-03-29,0,239.4313515,293.0
23309,2025-03-29,1,164.1793991,279.0
23310,2025-03-29,2,191.3888087,193.0
23311,2025-03-29,3,218.2642727,155.0
23312,2025-03-29,4,209.0436632,159.0
23313,2025-03-29,5,207.4161999,93.0
23314,2025-03-29,6,285.3841466,97.0
23315,2025-03-29,7,268.8168381,59.0
23316,2025-03-29,8,275.7153147,65.0
23317,2025-03-29,9,281.9224502,60.0
23318,2025-03-29,10,217.4025668,95.0
23319,2025-03-29,11,269.8442415,50.0
23320,2025-03-29,12,194.4896224,110.0
23321,2025-03-29,13,233.1379449,134.0
23322,2025-03-29,14,233.2327159,222.0
23323,2025-03-29,15,202.1666113,174.0
23324,2025-03-29,16,207.9482173,335.0
23325,2025-03-29,17,251.6023017,242.0
23326,2025-03-29,18,198.0805407,277.0
23327,2025-03-29,19,192.5801331,242.0
23328,2025-03-29,20,176.3481811,191.0
23329,2025-03-29,21,197.7596976,189.0
23330,2025-03-29,22,169.3844521,254.0
23331,2025-03-29,23,205.12424,196.0
23332,2025-03-30,0,158.9430638,168.0
23333,2025-03-30,1,184.0914713,263.0
23334,2025-03-30,2,180.1732599,227.0
23335,2025-03-30,3,191.5774004,208.0
23336,2025-03-30,4,195.0942081,193.0
23337,2025-03-30,5,187.6568826,85.0
23338,2025-03-30,6,224.6701898,108.0
23339,2025-03-30,7,252.7054604,56.0
23340,2025-03-30,8,307.0637869,58.0
23341,2025-03-30,9,237.2182742,50.0
23342,2025-03-30,10,326.9629652,55.0
23343,2025-03-30,11,184.0311564,67.0
23344,2025-03-30,12,205.4066135,160.0
23345,2025-03-30,13,216.6038941,108.0
23346,2025-03-30,14,233.7176442,192.0
23347,2025-03-30,15,226.4391608,177.0
23348,2025-03-30,16,230.291401,233.0
23349,2025-03-30,17,184.3760015,154.0
23350,2025-03-30,18,142.3279399,221.0
23351,2025-03-30,19,168.9716568,237.0
23352,2025-03-30,20,194.6389646,267.0
23353,2025-03-30,21,197.0065555,240.0
23354,2025-03-30,22,219.4973058,237.0
23355,2025-03-30,23,184.4643154,171.0
23356,2025-03-31,0,153.4633907,250.0
23357,2025-03-31,1,226.4246338,268.0
23358,2025-03-31,2,214.4886972,182.0
23359,2025-03-31,3,235.2002198,154.0
23360,2025-03-31,4,218.6031886,89.0
23361,2025-03-31,5,214.5337196,89.0
23362,2025-03-31,6,275.5339527,85.0
23363,2025-03-31,7,211.5575406,70.0
23364,2025-03-31,8,317.0291647,48.0
23365,2025-03-31,9,244.7071393,90.0
23366,2025-03-31,10,230.0981962,91.0
23367,2025-03-31,11,154.9581317,131.0
23368,2025-03-31,12,160.3673149,282.0
23369,2025-03-31,13,163.8321971,292.0
23370,2025-03-31,14,197.6846951,324.0
23371,2025-03-31,15,171.5511695,337.0
23372,2025-03-31,16,197.6292692,221.0
23373,2025-03-31,17,173.7947161,260.0
23374,2025-03-31,18,195.3386561,283.0
23375,2025-03-31,19,179.0816008,294.0
23376,2025-03-31,20,201.6822229,233.0
23377,2025-03-31,21,176.1946908,319.0
23378,2025-03-31,22,211.335701,279.0
23379,2025-03-31,23,239.8005634,209.0
23380,2025-04-01,0,224.5642777,290.0
23381,2025-04-01,1,202.1267121,268.0
23382,2025-04-01,2,255.4262241,199.0
23383,2025-04-01,3,211.8994741,173.0
23384,2025-04-01,4,214.6382995,196.0
23385,2025-04-01,5,159.1204483,120.0
23386,2025-04-01,6,213.1814945,103.0
23387,2025-04-01,7,187.852652,87.0
23388,2025-04-01,8,193.3705623,120.0
23389,2025-04-01,9,168.5072362,83.0
23390,2025-04-01,10,239.9701147,101.0
23391,2025-04-01,11,145.4698132,135.0
23392,2025-04-01,12,151.9874405,246.0
23393,2025-04-01,13,198.5268778,308.0
23394,2025-04-01,14,206.697001,379.0
23395,2025-04-01,15,212.0408982,315.0
23396,2025-04-01,16,186.4675686,280.0
23397,2025-04-01,17,216.804753,289.0
23398,2025-04-01,18,169.5449964,278.0
23399,2025-04-01,19,182.1532468,430.0
23400,2025-04-01,20,170.3714851,300.0
23401,2025-04-01,21,228.458426,238.0
23402,2025-04-01,22,188.798711,341.0
23403,2025-04-01,23,213.0039392,200.0
23404,2025-04-02,0,200.218533,187.0
23405,2025-04-02,1,185.3835605,286.0
23406,2025-04-02,2,239.2194978,214.0
23407,2025-04-02,3,236.1396334,160.0
23408,2025-04-02,4,290.9002613,85.0
23409,2025-04-02,5,192.5062396,86.0
23410,2025-04-02,6,291.7550637,95.0
23411,2025-04-02,7,186.0140575,71.0
23412,2025-04-02,8,273.0589366,70.0
23413,2025-04-02,9,184.6802774,96.0
23414,2025-04-02,10,222.4062618,121.0
23415,2025-04-02,11,179.2828803,127.0
23416,2025-04-02,12,187.1512799,202.0
23417,2025-04-02,13,183.5680904,304.0
23418,2025-04-02,14,206.27391,294.0
23419,2025-04-02,15,171.8026211,275.0
23420,2025-04-02,16,179.8676034,288.0
23421,2025-04-02,17,169.7883372,275.0
23422,2025-04-02,18,176.8826724,297.0
23423,2025-04-02,19,154.4223725,345.0
23424,2025-04-02,20,168.8220099,342.0
23425,2025-04-02,21,196.8332564,297.0
23426,2025-04-02,22,218.0225217,226.0
23427,2025-04-02,23,165.8112707,214.0
23428,2025-04-03,0,184.0739741,313.0
23429,2025-04-03,1,202.6808942,370.0
23430,2025-04-03,2,202.53876,301.0
23431,2025-04-03,3,240.6605017,144.0
23432,2025-04-03,4,224.9406697,107.0
23433,2025-04-03,5,193.105699,101.0
23434,2025-04-03,6,256.8266173,85.0
23435,2025-04-03,7,205.0572033,84.0
23436,2025-04-03,8,326.9585833,66.0
23437,2025-04-03,9,223.6953593,92.0
23438,2025-04-03,10,236.4233768,119.0
23439,2025-04-03,11,193.1182227,125.0
23440,2025-04-03,12,179.3754191,200.0
23441,2025-04-03,13,188.1782798,280.0
23442,2025-04-03,14,219.0926177,285.0
23443,2025-04-03,15,244.8059412,206.0
23444,2025-04-03,16,214.917893,261.0
23445,2025-04-03,17,186.9271227,212.0
23446,2025-04-03,18,177.8229047,405.0
23447,2025-04-03,19,213.5818918,286.0
23448,2025-04-03,20,267.5058421,260.0
23449,2025-04-03,21,215.0910811,255.0
23450,2025-04-03,22,223.5074397,249.0
23451,2025-04-03,23,165.5474381,184.0
23452,2025-04-04,0,195.7012136,244.0
23453,2025-04-04,1,171.9730791,302.0
23454,2025-04-04,2,174.2480914,202.0
23455,2025-04-04,3,205.6961838,187.0
23456,2025-04-04,4,235.3622056,127.0
23457,2025-04-04,5,158.7549089,157.0
23458,2025-04-04,6,285.6381039,80.0
23459,2025-04-04,7,248.6388768,64.0
23460,2025-04-04,8,340.9780277,64.0
23461,2025-04-04,9,226.6661602,63.0
23462,2025-04-04,10,244.1672706,114.0
23463,2025-04-04,11,154.7179495,128.0
23464,2025-04-04,12,181.6853495,236.0
23465,2025-04-04,13,227.5260595,364.0
23466,2025-04-04,14,195.8499633,312.0
23467,2025-04-04,15,191.8445445,264.0
23468,2025-04-04,16,208.409398,257.0
23469,2025-04-04,17,147.0664908,250.0
23470,2025-04-04,18,205.8684908,223.0
23471,2025-04-04,19,179.9347942,270.0
23472,2025-04-04,20,189.9526232,272.0
23473,2025-04-04,21,218.3560092,224.0
23474,2025-04-04,22,229.5657274,199.0
23475,2025-04-04,23,149.6247613,211.0
23476,2025-04-05,0,163.046269,341.0
23477,2025-04-05,1,163.7286124,341.0
23478,2025-04-05,2,201.9327969,310.0
23479,2025-04-05,3,265.3822028,146.0
23480,2025-04-05,4,235.630156,180.0
23481,2025-04-05,5,196.2733192,96.0
23482,2025-04-05,6,261.6485845,88.0
23483,2025-04-05,7,164.63352,109.0
23484,2025-04-05,8,345.1433104,64.0
23485,2025-04-05,9,262.4288196,49.0
23486,2025-04-05,10,224.0288665,84.0
23487,2025-04-05,11,195.7987141,66.0
23488,2025-04-05,12,184.8853405,144.0
23489,2025-04-05,13,244.8976298,195.0
23490,2025-04-05,14,217.5502627,215.0
23491,2025-04-05,15,170.5025264,191.0
23492,2025-04-05,16,209.5851883,244.0
23493,2025-04-05,17,177.1433783,176.0
23494,2025-04-05,18,220.5975795,241.0
23495,2025-04-05,19,215.5819274,297.0
23496,2025-04-05,20,212.7590258,300.0
23497,2025-04-05,21,227.0064822,224.0
23498,2025-04-05,22,235.7756558,291.0
23499,2025-04-05,23,198.3104326,164.0
23500,2025-04-06,0,213.4709677,176.0
23501,2025-04-06,1,216.5431447,254.0
23502,2025-04-06,2,164.8160555,262.0
23503,2025-04-06,3,233.8371757,116.0
23504,2025-04-06,4,202.3715986,214.0
23505,2025-04-06,5,149.3090353,99.0
23506,2025-04-06,6,321.5400739,81.0
23507,2025-04-06,7,256.157897,59.0
23508,2025-04-06,8,329.4058569,65.0
23509,2025-04-06,9,313.1618101,48.0
23510,2025-04-06,10,261.2490207,67.0
23511,2025-04-06,11,177.7933747,112.0
23512,2025-04-06,12,214.1014085,148.0
23513,2025-04-06,13,220.9658352,163.0
23514,2025-04-06,14,238.6477546,183.0
23515,2025-04-06,15,181.7755654,184.0
23516,2025-04-06,16,250.617231,297.0
23517,2025-04-06,17,198.6738254,215.0
23518,2025-04-06,18,206.0781393,250.0
23519,2025-04-06,19,185.8815108,259.0
23520,2025-04-06,20,197.4158716,205.0
23521,2025-04-06,21,254.3958644,221.0
23522,2025-04-06,22,231.0290559,249.0
23523,2025-04-06,23,174.9701066,156.0
23524,2025-04-07,0,182.4940037,186.0
23525,2025-04-07,1,209.1743228,239.0
23526,2025-04-07,2,205.6983912,218.0
23527,2025-04-07,3,202.8616309,139.0
23528,2025-04-07,4,174.3009178,138.0
23529,2025-04-07,5,166.2148639,122.0
23530,2025-04-07,6,247.3543793,84.0
23531,2025-04-07,7,161.0192367,93.0
23532,2025-04-07,8,249.1313101,101.0
23533,2025-04-07,9,192.3728757,105.0
23534,2025-04-07,10,216.8053838,101.0
23535,2025-04-07,11,190.4285192,97.0
23536,2025-04-07,12,168.6653764,197.0
23537,2025-04-07,13,184.0086945,289.0
23538,2025-04-07,14,179.5135676,325.0
23539,2025-04-07,15,170.0694373,216.0
23540,2025-04-07,16,237.7017772,270.0
23541,2025-04-07,17,186.5929782,281.0
23542,2025-04-07,18,232.8101843,235.0
23543,2025-04-07,19,200.1295029,251.0
23544,2025-04-07,20,145.7343981,340.0
23545,2025-04-07,21,194.290062,295.0
23546,2025-04-07,22,215.8509209,262.0
23547,2025-04-07,23,152.7077942,243.0
23548,2025-04-08,0,196.3269428,273.0
23549,2025-04-08,1,165.7044402,331.0
23550,2025-04-08,2,265.4122176,182.0
23551,2025-04-08,3,247.0921533,135.0
23552,2025-04-08,4,241.0423342,166.0
23553,2025-04-08,5,173.9341896,71.0
23554,2025-04-08,6,252.9562634,88.0
23555,2025-04-08,7,272.8549657,53.0
23556,2025-04-08,8,290.1263066,72.0
23557,2025-04-08,9,268.1787892,76.0
23558,2025-04-08,10,202.6577091,125.0
23559,2025-04-08,11,183.9040788,117.0
23560,2025-04-08,12,191.1539578,246.0
23561,2025-04-08,13,157.1922602,325.0
23562,2025-04-08,14,200.650231,260.0
23563,2025-04-08,15,189.4936058,227.0
23564,2025-04-08,16,189.4782169,274.0
23565,2025-04-08,17,170.5275068,204.0
23566,2025-04-08,18,176.8825983,223.0
23567,2025-04-08,19,173.858754,251.0
23568,2025-04-08,20,219.8804863,242.0
23569,2025-04-08,21,184.8066417,244.0
23570,2025-04-08,22,204.912728,258.0
23571,2025-04-08,23,166.5880383,275.0
23572,2025-04-09,0,193.8098981,314.0
23573,2025-04-09,1,184.7117169,266.0
23574,2025-04-09,2,226.1224912,195.0
23575,2025-04-09,3,258.9286976,157.0
23576,2025-04-09,4,215.3170627,130.0
23577,2025-04-09,5,151.9565788,113.0
23578,2025-04-09,6,240.4587047,66.0
23579,2025-04-09,7,164.7540524,91.0
23580,2025-04-09,8,271.0982921,80.0
23581,2025-04-09,9,236.2127784,87.0
23582,2025-04-09,10,190.0743092,106.0
23583,2025-04-09,11,147.3921222,156.0
23584,2025-04-09,12,195.2359553,172.0
23585,2025-04-09,13,186.633683,301.0
23586,2025-04-09,14,224.4516989,346.0
23587,2025-04-09,15,158.9001121,257.0
23588,2025-04-09,16,208.9283774,274.0
23589,2025-04-09,17,186.0117493,188.0
23590,2025-04-09,18,221.2971344,224.0
23591,2025-04-09,19,196.5369465,323.0
23592,2025-04-09,20,223.0204441,245.0
23593,2025-04-09,21,203.3251879,208.0
23594,2025-04-09,22,210.7586965,266.0
23595,2025-04-09,23,177.0960145,228.0
23596,2025-04-10,0,196.8181875,267.0
23597,2025-04-10,1,161.3143982,308.0
23598,2025-04-10,2,227.5583218,209.0
23599,2025-04-10,3,223.8151993,175.0
23600,2025-04-10,4,252.0890058,119.0
23601,2025-04-10,5,167.8736972,88.0
23602,2025-04-10,6,277.0290392,92.0
23603,2025-04-10,7,208.8314033,43.0
23604,2025-04-10,8,322.370103,65.0
23605,2025-04-10,9,174.9627993,111.0
23606,2025-04-10,10,200.5214614,103.0
23607,2025-04-10,11,186.2736045,129.0
23608,2025-04-10,12,201.0753335,233.0
23609,2025-04-10,13,172.4528689,339.0
23610,2025-04-10,14,194.0012677,387.0
23611,2025-04-10,15,180.4568472,311.0
23612,2025-04-10,16,220.2592377,295.0
23613,2025-04-10,17,163.9573955,302.0
23614,2025-04-10,18,172.0527,254.0
23615,2025-04-10,19,203.3703153,314.0
23616,2025-04-10,20,216.4173599,277.0
23617,2025-04-10,21,189.3950339,217.0
23618,2025-04-10,22,226.6892457,237.0
23619,2025-04-10,23,213.8390328,176.0
23620,2025-04-11,0,204.6918663,220.0
23621,2025-04-11,1,183.2200316,261.0
23622,2025-04-11,2,251.1681794,206.0
23623,2025-04-11,3,223.3008584,164.0
23624,2025-04-11,4,356.0994418,85.0
23625,2025-04-11,5,177.6933411,82.0
23626,2025-04-11,6,307.039919,61.0
23627,2025-04-11,7,194.3997081,49.0
23628,2025-04-11,8,317.1250668,65.0
23629,2025-04-11,9,242.0575201,96.0
23630,2025-04-11,10,226.0649359,136.0
23631,2025-04-11,11,219.9510306,155.0
23632,2025-04-11,12,173.8080225,204.0
23633,2025-04-11,13,200.7713517,263.0
23634,2025-04-11,14,152.0002414,345.0
23635,2025-04-11,15,233.3694838,306.0
23636,2025-04-11,16,215.78454,254.0
23637,2025-04-11,17,174.7163273,337.0
23638,2025-04-11,18,205.0685627,323.0
23639,2025-04-11,19,146.2636782,316.0
23640,2025-04-11,20,180.0827348,329.0
23641,2025-04-11,21,194.7530368,313.0
23642,2025-04-11,22,210.8891699,285.0
23643,2025-04-11,23,191.3315352,163.0
23644,2025-04-12,0,191.298209,209.0
23645,2025-04-12,1,192.5300409,204.0
23646,2025-04-12,2,204.9205604,271.0
23647,2025-04-12,3,222.1083852,189.0
23648,2025-04-12,4,217.3257326,140.0
23649,2025-04-12,5,182.0833478,134.0
23650,2025-04-12,6,257.1867044,85.0
23651,2025-04-12,7,226.3534119,53.0
23652,2025-04-12,8,294.2367496,52.0
23653,2025-04-12,9,287.1786769,69.0
23654,2025-04-12,10,244.5152057,62.0
23655,2025-04-12,11,171.5481458,108.0
23656,2025-04-12,12,224.5111897,139.0
23657,2025-04-12,13,150.4713449,187.0
23658,2025-04-12,14,197.9056414,305.0
23659,2025-04-12,15,214.99492,199.0
23660,2025-04-12,16,207.4211789,279.0
23661,2025-04-12,17,143.1731086,260.0
23662,2025-04-12,18,160.1701013,247.0
23663,2025-04-12,19,173.3551704,257.0
23664,2025-04-12,20,196.795732,203.0
23665,2025-04-12,21,221.1030127,199.0
23666,2025-04-12,22,220.924264,218.0
23667,2025-04-12,23,171.9966232,159.0
23668,2025-04-13,0,211.8228104,228.0
23669,2025-04-13,1,226.6344374,208.0
23670,2025-04-13,2,231.5426596,277.0
23671,2025-04-13,3,238.0580128,154.0
23672,2025-04-13,4,228.3278004,194.0
23673,2025-04-13,5,223.4178414,118.0
23674,2025-04-13,6,334.8746843,65.0
23675,2025-04-13,7,200.0438713,41.0
23676,2025-04-13,8,289.6576727,65.0
23677,2025-04-13,9,412.5973955,48.0
23678,2025-04-13,10,232.0108435,69.0
23679,2025-04-13,11,185.8660265,102.0
23680,2025-04-13,12,190.7937483,115.0
23681,2025-04-13,13,208.9109932,123.0
23682,2025-04-13,14,216.8260607,247.0
23683,2025-04-13,15,229.2750776,152.0
23684,2025-04-13,16,206.5666934,240.0
23685,2025-04-13,17,166.3915199,214.0
23686,2025-04-13,18,203.9241205,195.0
23687,2025-04-13,19,210.3611017,181.0
23688,2025-04-13,20,195.2068273,243.0
23689,2025-04-13,21,219.9162006,196.0
23690,2025-04-13,22,232.4511023,225.0
23691,2025-04-13,23,218.3612809,195.0
23692,2025-04-14,0,237.4279137,166.0
23693,2025-04-14,1,194.8777722,208.0
23694,2025-04-14,2,220.8254488,216.0
23695,2025-04-14,3,231.3167096,199.0
23696,2025-04-14,4,216.9281987,141.0
23697,2025-04-14,5,122.2476572,88.0
23698,2025-04-14,6,227.1674655,79.0
23699,2025-04-14,7,197.6515369,56.0
23700,2025-04-14,8,284.9814511,87.0
23701,2025-04-14,9,251.9220784,79.0
23702,2025-04-14,10,155.7355184,130.0
23703,2025-04-14,11,160.3274596,116.0
23704,2025-04-14,12,146.0765637,256.0
23705,2025-04-14,13,144.8267806,333.0
23706,2025-04-14,14,171.5738566,306.0
23707,2025-04-14,15,209.9441588,265.0
23708,2025-04-14,16,217.1109758,272.0
23709,2025-04-14,17,171.0086934,198.0
23710,2025-04-14,18,162.0642478,341.0
23711,2025-04-14,19,210.8039718,255.0
23712,2025-04-14,20,186.144814,251.0
23713,2025-04-14,21,212.6806197,177.0
23714,2025-04-14,22,222.148788,208.0
23715,2025-04-14,23,176.5524758,215.0
23716,2025-04-15,0,162.4349439,230.0
23717,2025-04-15,1,190.9815515,248.0
23718,2025-04-15,2,206.5115923,288.0
23719,2025-04-15,3,179.6385773,187.0
23720,2025-04-15,4,231.5931354,141.0
23721,2025-04-15,5,140.6833276,120.0
23722,2025-04-15,6,254.2162951,80.0
23723,2025-04-15,7,198.0502032,72.0
23724,2025-04-15,8,335.7015847,66.0
23725,2025-04-15,9,185.2834981,103.0
23726,2025-04-15,10,160.4570475,138.0
23727,2025-04-15,11,169.8203412,164.0
23728,2025-04-15,12,176.1963753,170.0
23729,2025-04-15,13,180.8029022,223.0
23730,2025-04-15,14,176.4716301,255.0
23731,2025-04-15,15,182.904191,242.0
23732,2025-04-15,16,196.7411699,266.0
23733,2025-04-15,17,192.1675722,238.0
23734,2025-04-15,18,205.0024041,326.0
23735,2025-04-15,19,161.8503474,299.0
23736,2025-04-15,20,171.0058979,243.0
23737,2025-04-15,21,257.5937063,206.0
23738,2025-04-15,22,219.8351383,269.0
23739,2025-04-15,23,173.7284908,191.0
23740,2025-04-16,0,268.5565458,261.0
23741,2025-04-16,1,201.7418004,304.0
23742,2025-04-16,2,195.7871501,230.0
23743,2025-04-16,3,183.8772473,264.0
23744,2025-04-16,4,269.5629936,67.0
23745,2025-04-16,5,173.849579,91.0
23746,2025-04-16,6,229.0971447,90.0
23747,2025-04-16,7,189.114473,59.0
23748,2025-04-16,8,294.3116634,58.0
23749,2025-04-16,9,253.2875356,102.0
23750,2025-04-16,10,255.9421643,89.0
23751,2025-04-16,11,186.0431512,115.0
23752,2025-04-16,12,164.4444862,167.0
23753,2025-04-16,13,206.4521805,268.0
23754,2025-04-16,14,211.4447772,271.0
23755,2025-04-16,15,158.1816367,368.0
23756,2025-04-16,16,185.9906081,270.0
23757,2025-04-16,17,164.7117509,217.0
23758,2025-04-16,18,182.5855655,277.0
23759,2025-04-16,19,167.1575533,300.0
23760,2025-04-16,20,204.0560824,260.0
23761,2025-04-16,21,193.7610015,301.0
23762,2025-04-16,22,181.9735872,311.0
23763,2025-04-16,23,172.3519573,229.0
23764,2025-04-17,0,182.3399263,254.0
23765,2025-04-17,1,149.2585572,220.0
23766,2025-04-17,2,199.4729816,272.0
23767,2025-04-17,3,200.362847,230.0
23768,2025-04-17,4,252.8915638,127.0
23769,2025-04-17,5,158.4963973,148.0
23770,2025-04-17,6,276.0419954,59.0
23771,2025-04-17,7,213.6126034,50.0
23772,2025-04-17,8,308.0079396,67.0
23773,2025-04-17,9,323.4844761,74.0
23774,2025-04-17,10,234.7126221,95.0
23775,2025-04-17,11,179.6626699,198.0
23776,2025-04-17,12,205.3351473,212.0
23777,2025-04-17,13,184.8129729,326.0
23778,2025-04-17,14,203.957999,399.0
23779,2025-04-17,15,216.2209126,368.0
23780,2025-04-17,16,218.7755391,387.0
23781,2025-04-17,17,206.6923004,276.0
23782,2025-04-17,18,242.4948575,309.0
23783,2025-04-17,19,194.4297625,277.0
23784,2025-04-17,20,190.1465401,276.0
23785,2025-04-17,21,218.6016021,257.0
23786,2025-04-17,22,195.8648261,255.0
23787,2025-04-17,23,179.1336754,235.0
23788,2025-04-18,0,193.6045468,247.0
23789,2025-04-18,1,196.7749784,246.0
23790,2025-04-18,2,268.4736571,266.0
23791,2025-04-18,3,183.7344149,162.0
23792,2025-04-18,4,251.4466323,143.0
23793,2025-04-18,5,170.4889477,91.0
23794,2025-04-18,6,327.6441207,66.0
23795,2025-04-18,7,207.9438492,65.0
23796,2025-04-18,8,344.6049003,79.0
23797,2025-04-18,9,243.8000362,75.0
23798,2025-04-18,10,198.5313094,113.0
23799,2025-04-18,11,198.0366887,151.0
23800,2025-04-18,12,197.9335522,182.0
23801,2025-04-18,13,207.3093647,196.0
23802,2025-04-18,14,242.5219564,241.0
23803,2025-04-18,15,194.9311957,240.0
23804,2025-04-18,16,210.1343969,222.0
23805,2025-04-18,17,194.235151,325.0
23806,2025-04-18,18,192.1446933,254.0
23807,2025-04-18,19,213.3300325,260.0
23808,2025-04-18,20,222.4844643,197.0
23809,2025-04-18,21,241.1941645,204.0
23810,2025-04-18,22,198.2086435,277.0
23811,2025-04-18,23,185.2605266,231.0
23812,2025-04-19,0,198.8065352,217.0
23813,2025-04-19,1,180.3156335,205.0
23814,2025-04-19,2,182.6807507,266.0
23815,2025-04-19,3,200.9319551,252.0
23816,2025-04-19,4,268.3895852,121.0
23817,2025-04-19,5,190.1441296,104.0
23818,2025-04-19,6,285.3343992,89.0
23819,2025-04-19,7,259.6995537,53.0
23820,2025-04-19,8,262.0877722,64.0
23821,2025-04-19,9,261.7748337,70.0
23822,2025-04-19,10,264.0840892,102.0
23823,2025-04-19,11,240.7193302,64.0
23824,2025-04-19,12,148.7640103,124.0
23825,2025-04-19,13,148.9568025,203.0
23826,2025-04-19,14,222.5496937,166.0
23827,2025-04-19,15,184.9808582,184.0
23828,2025-04-19,16,192.8817836,244.0
23829,2025-04-19,17,181.7795162,249.0
23830,2025-04-19,18,233.3511247,168.0
23831,2025-04-19,19,207.5871924,186.0
23832,2025-04-19,20,221.7691502,186.0
23833,2025-04-19,21,222.6455126,167.0
23834,2025-04-19,22,192.2839993,248.0
23835,2025-04-19,23,173.8396019,251.0
23836,2025-04-20,0,182.3278115,198.0
23837,2025-04-20,1,171.7209311,294.0
23838,2025-04-20,2,213.8594325,203.0
23839,2025-04-20,3,218.1241988,200.0
23840,2025-04-20,4,189.0606771,200.0
23841,2025-04-20,5,171.8769004,125.0
23842,2025-04-20,6,266.4949232,96.0
23843,2025-04-20,7,157.6080591,82.0
23844,2025-04-20,8,352.8707874,61.0
23845,2025-04-20,9,287.7005799,60.0
23846,2025-04-20,10,214.3824147,74.0
23847,2025-04-20,11,253.8826138,64.0
23848,2025-04-20,12,170.4734224,106.0
23849,2025-04-20,13,171.8549651,166.0
23850,2025-04-20,14,210.6385543,186.0
23851,2025-04-20,15,162.0047354,170.0
23852,2025-04-20,16,197.4619472,189.0
23853,2025-04-20,17,155.6489827,146.0
23854,2025-04-20,18,215.272823,198.0
23855,2025-04-20,19,187.0501763,183.0
23856,2025-04-20,20,209.2949365,169.0
23857,2025-04-20,21,278.4183907,110.0
23858,2025-04-20,22,151.6036979,274.0
23859,2025-04-20,23,180.9756666,161.0
23860,2025-04-21,0,147.2735146,235.0
23861,2025-04-21,1,170.0951284,258.0
23862,2025-04-21,2,189.4188753,191.0
23863,2025-04-21,3,179.7461798,171.0
23864,2025-04-21,4,195.8605575,123.0
23865,2025-04-21,5,155.0912945,158.0
23866,2025-04-21,6,289.1535544,73.0
23867,2025-04-21,7,206.2753704,67.0
23868,2025-04-21,8,236.5566791,58.0
23869,2025-04-21,9,254.2627226,61.0
23870,2025-04-21,10,237.5685882,108.0
23871,2025-04-21,11,184.6179214,127.0
23872,2025-04-21,12,184.9077634,263.0
23873,2025-04-21,13,161.7174669,379.0
23874,2025-04-21,14,194.8110622,307.0
23875,2025-04-21,15,183.4650518,331.0
23876,2025-04-21,16,196.0211373,227.0
23877,2025-04-21,17,136.8970716,292.0
23878,2025-04-21,18,215.6817678,279.0
23879,2025-04-21,19,174.6916343,252.0
23880,2025-04-21,20,179.1764361,249.0
23881,2025-04-21,21,237.4562429,244.0
23882,2025-04-21,22,190.8088931,289.0
23883,2025-04-21,23,152.8047287,257.0
23884,2025-04-22,0,192.4344923,234.0
23885,2025-04-22,1,193.3723683,302.0
23886,2025-04-22,2,221.5477883,218.0
23887,2025-04-22,3,224.4917284,209.0
23888,2025-04-22,4,196.3054606,130.0
23889,2025-04-22,5,132.841375,160.0
23890,2025-04-22,6,211.0936911,101.0
23891,2025-04-22,7,158.2593565,100.0
23892,2025-04-22,8,248.8332836,64.0
23893,2025-04-22,9,347.182315,53.0
23894,2025-04-22,10,280.9885833,81.0
23895,2025-04-22,11,159.8185011,105.0
23896,2025-04-22,12,184.4392129,219.0
23897,2025-04-22,13,178.7176426,222.0
23898,2025-04-22,14,196.0287459,303.0
23899,2025-04-22,15,205.838941,256.0
23900,2025-04-22,16,219.6391506,336.0
23901,2025-04-22,17,226.7432897,190.0
23902,2025-04-22,18,205.8419119,306.0
23903,2025-04-22,19,193.4906126,329.0
23904,2025-04-22,20,192.1738444,239.0
23905,2025-04-22,21,219.4649936,250.0
23906,2025-04-22,22,210.2128772,283.0
23907,2025-04-22,23,164.1602888,318.0
23908,2025-04-23,0,179.9269997,339.0
23909,2025-04-23,1,188.5321166,303.0
23910,2025-04-23,2,184.2227059,242.0
23911,2025-04-23,3,196.0790807,208.0
23912,2025-04-23,4,245.4595486,105.0
23913,2025-04-23,5,144.316883,73.0
23914,2025-04-23,6,282.3956064,68.0
23915,2025-04-23,7,165.1417389,87.0
23916,2025-04-23,8,255.1146606,59.0
23917,2025-04-23,9,240.3642285,79.0
23918,2025-04-23,10,236.0262792,96.0
23919,2025-04-23,11,167.1165253,143.0
23920,2025-04-23,12,191.209359,195.0
23921,2025-04-23,13,201.877449,311.0
23922,2025-04-23,14,206.4874582,364.0
23923,2025-04-23,15,179.1356275,342.0
23924,2025-04-23,16,221.4956437,265.0
23925,2025-04-23,17,181.1548472,222.0
23926,2025-04-23,18,169.5839808,282.0
23927,2025-04-23,19,192.9933661,262.0
23928,2025-04-23,20,169.7996179,238.0
23929,2025-04-23,21,180.6716907,273.0
23930,2025-04-23,22,195.6707935,294.0
23931,2025-04-23,23,157.5208075,250.0
23932,2025-04-24,0,183.8233004,267.0
23933,2025-04-24,1,202.5661474,274.0
23934,2025-04-24,2,193.5299748,246.0
23935,2025-04-24,3,206.7822043,208.0
23936,2025-04-24,4,194.1725204,152.0
23937,2025-04-24,5,169.3658723,84.0
23938,2025-04-24,6,220.4421837,94.0
23939,2025-04-24,7,188.2294135,106.0
23940,2025-04-24,8,302.5110776,54.0
23941,2025-04-24,9,297.6380376,68.0
23942,2025-04-24,10,202.5070514,113.0
23943,2025-04-24,11,195.9153002,152.0
23944,2025-04-24,12,160.6366021,234.0
23945,2025-04-24,13,205.3866144,237.0
23946,2025-04-24,14,214.6099739,274.0
23947,2025-04-24,15,171.9929871,325.0
23948,2025-04-24,16,174.7275606,248.0
23949,2025-04-24,17,173.9641649,238.0
23950,2025-04-24,18,205.7689554,348.0
23951,2025-04-24,19,188.4808299,286.0
23952,2025-04-24,20,155.8430592,267.0
23953,2025-04-24,21,202.0673779,209.0
23954,2025-04-24,22,213.56053,268.0
23955,2025-04-24,23,171.8557289,227.0
23956,2025-04-25,0,200.0722947,209.0
23957,2025-04-25,1,208.9460026,254.0
23958,2025-04-25,2,212.9458797,263.0
23959,2025-04-25,3,216.9481325,179.0
23960,2025-04-25,4,243.5851388,89.0
23961,2025-04-25,5,176.7257951,87.0
23962,2025-04-25,6,278.1624366,87.0
23963,2025-04-25,7,184.1871362,88.0
23964,2025-04-25,8,299.1578396,60.0
23965,2025-04-25,9,221.7028556,87.0
23966,2025-04-25,10,267.1150273,77.0
23967,2025-04-25,11,160.5058749,138.0
23968,2025-04-25,12,183.9320666,249.0
23969,2025-04-25,13,152.6626959,315.0
23970,2025-04-25,14,150.6440846,448.0
23971,2025-04-25,15,206.9568881,344.0
23972,2025-04-25,16,207.9057894,322.0
23973,2025-04-25,17,219.4018835,278.0
23974,2025-04-25,18,183.8055529,286.0
23975,2025-04-25,19,228.2361329,301.0
23976,2025-04-25,20,197.7681557,277.0
23977,2025-04-25,21,221.3910201,249.0
23978,2025-04-25,22,203.7743458,271.0
23979,2025-04-25,23,182.449773,206.0
23980,2025-04-26,0,182.0026978,229.0
23981,2025-04-26,1,191.4334108,272.0
23982,2025-04-26,2,156.8707795,250.0
23983,2025-04-26,3,199.9785147,218.0
23984,2025-04-26,4,191.9954341,87.0
23985,2025-04-26,5,180.7473401,96.0
23986,2025-04-26,6,210.1943258,124.0
23987,2025-04-26,7,193.8601157,86.0
23988,2025-04-26,8,277.6964771,57.0
23989,2025-04-26,9,253.2706555,72.0
23990,2025-04-26,10,219.9855783,70.0
23991,2025-04-26,11,150.6371825,78.0
23992,2025-04-26,12,184.230847,127.0
23993,2025-04-26,13,161.9438502,177.0
23994,2025-04-26,14,197.0727436,243.0
23995,2025-04-26,15,186.1828111,246.0
23996,2025-04-26,16,218.5187981,237.0
23997,2025-04-26,17,201.9661646,157.0
23998,2025-04-26,18,169.3314169,275.0
23999,2025-04-26,19,218.0656079,263.0
24000,2025-04-26,20,224.5427881,233.0
24001,2025-04-26,21,261.5619373,186.0
24002,2025-04-26,22,183.1828997,236.0
24003,2025-04-26,23,184.9718954,151.0
24004,2025-04-27,0,215.8120538,302.0
24005,2025-04-27,1,208.7909428,230.0
24006,2025-04-27,2,239.9121657,231.0
24007,2025-04-27,3,198.2984875,234.0
24008,2025-04-27,4,171.3510044,168.0
24009,2025-04-27,5,169.0375651,86.0
24010,2025-04-27,6,303.5126914,65.0
24011,2025-04-27,7,178.6635079,75.0
24012,2025-04-27,8,274.1411827,61.0
24013,2025-04-27,9,265.5694678,64.0
24014,2025-04-27,10,289.3317572,59.0
24015,2025-04-27,11,185.0765632,86.0
24016,2025-04-27,12,290.9962666,86.0
24017,2025-04-27,13,203.929908,169.0
24018,2025-04-27,14,183.4000933,242.0
24019,2025-04-27,15,210.0992432,236.0
24020,2025-04-27,16,242.8606058,222.0
24021,2025-04-27,17,194.3897976,199.0
24022,2025-04-27,18,215.9551862,213.0
24023,2025-04-27,19,192.0250204,240.0
24024,2025-04-27,20,196.3947032,195.0
24025,2025-04-27,21,230.2105777,175.0
24026,2025-04-27,22,210.6622952,281.0
24027,2025-04-27,23,180.5902682,208.0
24028,2025-04-28,0,163.4052705,208.0
24029,2025-04-28,1,177.7394909,254.0
24030,2025-04-28,2,178.5857919,221.0
24031,2025-04-28,3,205.9197141,206.0
24032,2025-04-28,4,237.123354,170.0
24033,2025-04-28,5,162.8314363,91.0
24034,2025-04-28,6,274.5340281,76.0
24035,2025-04-28,7,184.1596696,77.0
24036,2025-04-28,8,237.9250748,83.0
24037,2025-04-28,9,187.6892359,90.0
24038,2025-04-28,10,261.3471975,88.0
24039,2025-04-28,11,168.8605191,166.0
24040,2025-04-28,12,164.6838223,228.0
24041,2025-04-28,13,168.0510744,292.0
24042,2025-04-28,14,185.9828822,340.0
24043,2025-04-28,15,179.8430117,301.0
24044,2025-04-28,16,210.1410756,285.0
24045,2025-04-28,17,148.404271,278.0
24046,2025-04-28,18,156.8942301,286.0
24047,2025-04-28,19,152.6534448,359.0
24048,2025-04-28,20,172.6126571,291.0
24049,2025-04-28,21,234.9605228,274.0
24050,2025-04-28,22,172.936218,304.0
24051,2025-04-28,23,142.2755763,246.0
24052,2025-04-29,0,187.3140219,207.0
24053,2025-04-29,1,203.4838166,253.0
24054,2025-04-29,2,223.8264318,226.0
24055,2025-04-29,3,213.9180517,201.0
24056,2025-04-29,4,202.6629131,130.0
24057,2025-04-29,5,189.7464483,71.0
24058,2025-04-29,6,288.9376804,65.0
24059,2025-04-29,7,203.2263688,80.0
24060,2025-04-29,8,261.1675293,80.0
24061,2025-04-29,9,267.5353001,65.0
24062,2025-04-29,10,222.6872732,89.0
24063,2025-04-29,11,170.7675686,102.0
24064,2025-04-29,12,165.6463033,209.0
24065,2025-04-29,13,182.3017179,247.0
24066,2025-04-29,14,235.131656,276.0
24067,2025-04-29,15,188.3041107,354.0
24068,2025-04-29,16,211.9155509,347.0
24069,2025-04-29,17,160.2007782,257.0
24070,2025-04-29,18,200.2618385,334.0
24071,2025-04-29,19,223.1448204,299.0
24072,2025-04-29,20,197.6570114,244.0
24073,2025-04-29,21,260.7484398,213.0
24074,2025-04-29,22,244.3010112,314.0
24075,2025-04-29,23,163.9494943,212.0
24076,2025-04-30,0,211.5022897,251.0
24077,2025-04-30,1,229.9424212,222.0
24078,2025-04-30,2,192.4770785,302.0
24079,2025-04-30,3,179.6918738,179.0
24080,2025-04-30,4,197.4827651,102.0
24081,2025-04-30,5,156.5303942,85.0
24082,2025-04-30,6,326.3687126,71.0
24083,2025-04-30,7,161.3774108,111.0
24084,2025-04-30,8,227.8896956,71.0
24085,2025-04-30,9,226.9546242,100.0
24086,2025-04-30,10,239.2458969,98.0
24087,2025-04-30,11,209.7653654,160.0
24088,2025-04-30,12,196.7118505,184.0
24089,2025-04-30,13,187.8872511,249.0
24090,2025-04-30,14,176.9021892,340.0
24091,2025-04-30,15,164.1705838,292.0
24092,2025-04-30,16,190.7948961,229.0
24093,2025-04-30,17,172.8765259,275.0
24094,2025-04-30,18,165.6739633,328.0
24095,2025-04-30,19,190.0376353,329.0
24096,2025-04-30,20,206.9653738,298.0
24097,2025-04-30,21,236.5538057,233.0
24098,2025-04-30,22,183.615633,327.0
24099,2025-04-30,23,158.0372453,260.0
24100,2025-05-01,0,171.1948951,239.0
24101,2025-05-01,1,174.6456349,276.0
24102,2025-05-01,2,196.2373882,226.0
24103,2025-05-01,3,215.7776094,186.0
24104,2025-05-01,4,193.2624679,226.0
24105,2025-05-01,5,283.8008755,1250.0
24106,2025-05-01,6,190.8653148,107.0
24107,2025-05-01,7,221.2786275,93.0
24108,2025-05-01,8,311.6257961,65.0
24109,2025-05-01,9,207.5524753,79.0
24110,2025-05-01,10,214.0702624,113.0
24111,2025-05-01,11,173.8677047,130.0
24112,2025-05-01,12,166.2348991,216.0
24113,2025-05-01,13,174.0500438,294.0
24114,2025-05-01,14,183.707271,281.0
24115,2025-05-01,15,192.246944,405.0
24116,2025-05-01,16,247.5772529,262.0
24117,2025-05-01,17,162.9433968,213.0
24118,2025-05-01,18,194.0470354,405.0
24119,2025-05-01,19,200.4057226,316.0
24120,2025-05-01,20,193.2770582,224.0
24121,2025-05-01,21,199.7222359,274.0
24122,2025-05-01,22,219.7394304,305.0
24123,2025-05-01,23,133.8269625,284.0
24124,2025-05-02,0,168.7955705,365.0
24125,2025-05-02,1,162.3046401,244.0
24126,2025-05-02,2,192.3201246,281.0
24127,2025-05-02,3,168.4034176,188.0
24128,2025-05-02,4,228.0948615,137.0
24129,2025-05-02,5,137.7124434,85.0
24130,2025-05-02,6,261.4515833,87.0
24131,2025-05-02,7,152.2247216,103.0
24132,2025-05-02,8,228.2049736,94.0
24133,2025-05-02,9,241.2012972,92.0
24134,2025-05-02,10,187.5905674,176.0
24135,2025-05-02,11,157.7941366,151.0
24136,2025-05-02,12,174.3232917,307.0
24137,2025-05-02,13,172.1951137,272.0
24138,2025-05-02,14,207.3480101,297.0
24139,2025-05-02,15,195.7073388,294.0
24140,2025-05-02,16,193.3385556,297.0
24141,2025-05-02,17,184.3771752,223.0
24142,2025-05-02,18,184.3651714,297.0
24143,2025-05-02,19,170.741722,324.0
24144,2025-05-02,20,211.7912913,281.0
24145,2025-05-02,21,203.631052,206.0
24146,2025-05-02,22,191.6125515,228.0
24147,2025-05-02,23,181.2864522,201.0
24148,2025-05-03,0,147.3756257,311.0
24149,2025-05-03,1,176.3040342,250.0
24150,2025-05-03,2,211.2635986,203.0
24151,2025-05-03,3,227.0820604,188.0
24152,2025-05-03,4,208.9934313,174.0
24153,2025-05-03,5,230.142307,56.0
24154,2025-05-03,6,229.9572165,93.0
24155,2025-05-03,7,191.0190845,81.0
24156,2025-05-03,8,327.1371994,52.0
24157,2025-05-03,9,292.7473551,57.0
24158,2025-05-03,10,180.2886785,53.0
24159,2025-05-03,11,254.479919,79.0
24160,2025-05-03,12,193.0216077,103.0
24161,2025-05-03,13,195.3496446,167.0
24162,2025-05-03,14,236.3899284,189.0
24163,2025-05-03,15,208.8702045,162.0
24164,2025-05-03,16,209.7787982,234.0
24165,2025-05-03,17,201.7757261,230.0
24166,2025-05-03,18,165.5600638,292.0
24167,2025-05-03,19,190.8274528,239.0
24168,2025-05-03,20,232.3862311,175.0
24169,2025-05-03,21,182.3911333,240.0
24170,2025-05-03,22,181.6522991,261.0
24171,2025-05-03,23,146.7817609,223.0
24172,2025-05-04,0,170.743476,246.0
24173,2025-05-04,1,147.7482799,305.0
24174,2025-05-04,2,198.4194231,217.0
24175,2025-05-04,3,226.8285184,185.0
24176,2025-05-04,4,203.3130569,129.0
24177,2025-05-04,5,162.8221201,93.0
24178,2025-05-04,6,304.0729864,84.0
24179,2025-05-04,7,202.2610994,86.0
24180,2025-05-04,8,319.2886482,61.0
24181,2025-05-04,9,312.723749,51.0
24182,2025-05-04,10,145.5907656,93.0
24183,2025-05-04,11,189.5730722,71.0
24184,2025-05-04,12,168.1642157,123.0
24185,2025-05-04,13,183.6104503,177.0
24186,2025-05-04,14,219.5410861,226.0
24187,2025-05-04,15,211.8176839,191.0
24188,2025-05-04,16,197.0444726,222.0
24189,2025-05-04,17,132.4971215,196.0
24190,2025-05-04,18,203.2319245,238.0
24191,2025-05-04,19,214.7288553,272.0
24192,2025-05-04,20,202.6236165,256.0
24193,2025-05-04,21,167.5733652,212.0
24194,2025-05-04,22,210.4600897,223.0
24195,2025-05-04,23,175.6082267,199.0
24196,2025-05-05,0,173.7713747,239.0
24197,2025-05-05,1,177.9231525,363.0
24198,2025-05-05,2,233.5823619,204.0
24199,2025-05-05,3,263.6222828,191.0
24200,2025-05-05,4,198.9465896,149.0
24201,2025-05-05,5,239.6590887,32.0
24202,2025-05-05,6,316.5986137,75.0
24203,2025-05-05,7,149.5185516,82.0
24204,2025-05-05,8,310.1250522,65.0
24205,2025-05-05,9,198.9008178,82.0
24206,2025-05-05,10,183.411546,139.0
24207,2025-05-05,11,177.2177103,127.0
24208,2025-05-05,12,149.5740647,236.0
24209,2025-05-05,13,153.0604639,354.0
24210,2025-05-05,14,177.7163512,369.0
24211,2025-05-05,15,199.7000197,319.0
24212,2025-05-05,16,196.4215412,282.0
24213,2025-05-05,17,128.6066111,290.0
24214,2025-05-05,18,174.5066275,321.0
24215,2025-05-05,19,219.875609,306.0
24216,2025-05-05,20,220.572525,307.0
24217,2025-05-05,21,166.3025044,309.0
24218,2025-05-05,22,207.4434345,256.0
24219,2025-05-05,23,151.8051731,289.0
24220,2025-05-06,0,225.0785572,231.0
24221,2025-05-06,1,230.2346247,310.0
24222,2025-05-06,2,225.9824563,201.0
24223,2025-05-06,3,233.0091524,141.0
24224,2025-05-06,4,229.0763247,108.0
24225,2025-05-06,5,125.926163,62.0
24226,2025-05-06,6,228.9971769,131.0
24227,2025-05-06,7,184.9312607,98.0
24228,2025-05-06,8,257.3363845,78.0
24229,2025-05-06,9,219.0757765,83.0
24230,2025-05-06,10,188.5340228,121.0
24231,2025-05-06,11,208.0493766,109.0
24232,2025-05-06,12,164.9594938,196.0
24233,2025-05-06,13,216.0749102,279.0
24234,2025-05-06,14,178.6249544,309.0
24235,2025-05-06,15,143.8090731,302.0
24236,2025-05-06,16,179.7514285,334.0
24237,2025-05-06,17,178.3575601,257.0
24238,2025-05-06,18,161.8604233,375.0
24239,2025-05-06,19,179.9739061,290.0
24240,2025-05-06,20,225.1313357,285.0
24241,2025-05-06,21,210.4523433,271.0
24242,2025-05-06,22,205.4949231,316.0
24243,2025-05-06,23,156.0997193,266.0
24244,2025-05-07,0,185.321049,261.0
24245,2025-05-07,1,200.0967589,296.0
24246,2025-05-07,2,218.3295215,174.0
24247,2025-05-07,3,191.8244315,175.0
24248,2025-05-07,4,213.3220523,119.0
24249,2025-05-07,5,114.9649765,39.0
24250,2025-05-07,6,259.6771706,99.0
24251,2025-05-07,7,182.9228459,95.0
24252,2025-05-07,8,266.0390714,91.0
24253,2025-05-07,9,224.989633,80.0
24254,2025-05-07,10,242.0976034,96.0
24255,2025-05-07,11,176.3052057,166.0
24256,2025-05-07,12,138.9912303,215.0
24257,2025-05-07,13,147.0393909,309.0
24258,2025-05-07,14,195.7775179,272.0
24259,2025-05-07,15,178.29785,233.0
24260,2025-05-07,16,197.6231078,260.0
24261,2025-05-07,17,167.667939,227.0
24262,2025-05-07,18,170.104551,295.0
24263,2025-05-07,19,202.3894722,338.0
24264,2025-05-07,20,197.257273,282.0
24265,2025-05-07,21,235.8485548,211.0
24266,2025-05-07,22,232.0538864,268.0
24267,2025-05-07,23,180.2709477,234.0
24268,2025-05-08,0,169.0723096,221.0
24269,2025-05-08,1,223.4634769,285.0
24270,2025-05-08,2,207.8527783,203.0
24271,2025-05-08,3,222.792994,153.0
24272,2025-05-08,4,254.5113617,127.0
24273,2025-05-08,5,167.7137766,65.0
24274,2025-05-08,6,243.2088405,96.0
24275,2025-05-08,7,182.1331238,87.0
24276,2025-05-08,8,268.7005323,90.0
24277,2025-05-08,9,153.9983402,94.0
24278,2025-05-08,10,195.7780389,111.0
24279,2025-05-08,11,187.5648585,140.0
24280,2025-05-08,12,194.7950746,199.0
24281,2025-05-08,13,165.6373197,319.0
24282,2025-05-08,14,179.6410077,396.0
24283,2025-05-08,15,177.1324381,252.0
24284,2025-05-08,16,189.2680345,232.0
24285,2025-05-08,17,211.2832636,209.0
24286,2025-05-08,18,195.9106545,348.0
24287,2025-05-08,19,173.4725751,243.0
24288,2025-05-08,20,182.8831724,276.0
24289,2025-05-08,21,213.3767735,285.0
24290,2025-05-08,22,185.1464373,246.0
24291,2025-05-08,23,199.0022931,254.0
24292,2025-05-09,0,204.6034158,220.0
24293,2025-05-09,1,147.2771622,315.0
24294,2025-05-09,2,222.8588213,234.0
24295,2025-05-09,3,227.5831465,159.0
24296,2025-05-09,4,194.177327,145.0
24297,2025-05-09,5,169.3568983,35.0
24298,2025-05-09,6,276.5181375,83.0
24299,2025-05-09,7,152.7776437,89.0
24300,2025-05-09,8,278.4410708,71.0
24301,2025-05-09,9,220.3091272,82.0
24302,2025-05-09,10,224.7541754,96.0
24303,2025-05-09,11,183.1839142,136.0
24304,2025-05-09,12,160.8757672,189.0
24305,2025-05-09,13,205.7621895,264.0
24306,2025-05-09,14,189.4963598,313.0
24307,2025-05-09,15,184.3583302,285.0
24308,2025-05-09,16,196.7479228,266.0
24309,2025-05-09,17,223.6789664,209.0
24310,2025-05-09,18,176.9215717,326.0
24311,2025-05-09,19,170.7705431,344.0
24312,2025-05-09,20,170.6657221,274.0
24313,2025-05-09,21,202.2292206,223.0
24314,2025-05-09,22,216.979965,370.0
24315,2025-05-09,23,167.068297,214.0
24316,2025-05-10,0,221.5399155,194.0
24317,2025-05-10,1,221.4883213,226.0
24318,2025-05-10,2,186.6966139,260.0
24319,2025-05-10,3,231.79617,131.0
24320,2025-05-10,4,215.7564968,116.0
24321,2025-05-10,5,231.6491082,37.0
24322,2025-05-10,6,258.3139483,91.0
24323,2025-05-10,7,230.8714353,79.0
24324,2025-05-10,8,254.5897809,65.0
24325,2025-05-10,9,253.150305,70.0
24326,2025-05-10,10,266.644371,58.0
24327,2025-05-10,11,167.1258851,92.0
24328,2025-05-10,12,137.5042406,133.0
24329,2025-05-10,13,196.9976935,194.0
24330,2025-05-10,14,176.0656817,249.0
24331,2025-05-10,15,173.619185,220.0
24332,2025-05-10,16,233.7779441,196.0
24333,2025-05-10,17,201.3717909,156.0
24334,2025-05-10,18,187.364097,216.0
24335,2025-05-10,19,191.3458014,252.0
24336,2025-05-10,20,147.7015654,281.0
24337,2025-05-10,21,191.523637,230.0
24338,2025-05-10,22,175.5806483,276.0
24339,2025-05-10,23,167.1477115,165.0
24340,2025-05-11,0,168.0920272,139.0
24341,2025-05-11,1,178.9718006,276.0
24342,2025-05-11,2,209.139276,229.0
24343,2025-05-11,3,195.3474744,168.0
24344,2025-05-11,4,188.7515359,123.0
24345,2025-05-11,5,262.9003462,62.0
24346,2025-05-11,6,265.8862474,81.0
24347,2025-05-11,7,220.2870084,78.0
24348,2025-05-11,8,320.7574136,63.0
24349,2025-05-11,9,246.7210461,44.0
24350,2025-05-11,10,223.008,83.0
24351,2025-05-11,11,141.5548812,86.0
24352,2025-05-11,12,182.1387664,103.0
24353,2025-05-11,13,169.1084006,140.0
24354,2025-05-11,14,203.1350953,208.0
24355,2025-05-11,15,190.3029806,195.0
24356,2025-05-11,16,191.5691656,267.0
24357,2025-05-11,17,185.9156178,254.0
24358,2025-05-11,18,185.5400607,297.0
24359,2025-05-11,19,156.082119,245.0
24360,2025-05-11,20,160.5554161,239.0
24361,2025-05-11,21,203.0770284,181.0
24362,2025-05-11,22,231.5132663,262.0
24363,2025-05-11,23,185.1130887,229.0
24364,2025-05-12,0,191.7795828,205.0
24365,2025-05-12,1,216.5366287,245.0
24366,2025-05-12,2,194.4332437,175.0
24367,2025-05-12,3,168.1807684,149.0
24368,2025-05-12,4,204.7061926,108.0
24369,2025-05-12,5,200.3799781,44.0
24370,2025-05-12,6,288.0381409,83.0
24371,2025-05-12,7,160.2730184,89.0
24372,2025-05-12,8,206.8750577,119.0
24373,2025-05-12,9,182.8879399,115.0
24374,2025-05-12,10,188.1582445,117.0
24375,2025-05-12,11,166.4288463,186.0
24376,2025-05-12,12,144.224129,224.0
24377,2025-05-12,13,164.416436,296.0
24378,2025-05-12,14,184.5956778,325.0
24379,2025-05-12,15,149.6634822,213.0
24380,2025-05-12,16,219.881278,264.0
24381,2025-05-12,17,180.8590684,188.0
24382,2025-05-12,18,179.1757888,326.0
24383,2025-05-12,19,181.3238561,254.0
24384,2025-05-12,20,157.030892,326.0
24385,2025-05-12,21,209.1072682,257.0
24386,2025-05-12,22,209.5893571,271.0
24387,2025-05-12,23,204.7660054,221.0
24388,2025-05-13,0,158.8172688,333.0
24389,2025-05-13,1,149.1200339,350.0
24390,2025-05-13,2,175.5099139,247.0
24391,2025-05-13,3,197.5343432,169.0
24392,2025-05-13,4,191.1292446,143.0
24393,2025-05-13,5,168.1512151,44.0
24394,2025-05-13,6,246.8544132,103.0
24395,2025-05-13,7,143.9628995,88.0
24396,2025-05-13,8,253.0225872,83.0
24397,2025-05-13,9,160.0034216,76.0
24398,2025-05-13,10,179.6373676,149.0
24399,2025-05-13,11,172.9248263,168.0
24400,2025-05-13,12,181.8349525,270.0
24401,2025-05-13,13,195.6777873,335.0
24402,2025-05-13,14,230.5108623,256.0
24403,2025-05-13,15,196.098992,219.0
24404,2025-05-13,16,222.1677331,245.0
24405,2025-05-13,17,162.493046,219.0
24406,2025-05-13,18,157.1225109,312.0
24407,2025-05-13,19,183.4964472,260.0
24408,2025-05-13,20,166.08265,297.0
24409,2025-05-13,21,165.1921947,261.0
24410,2025-05-13,22,191.0827354,342.0
24411,2025-05-13,23,153.3392605,266.0
24412,2025-05-14,0,181.4456176,316.0
24413,2025-05-14,1,169.5618854,346.0
24414,2025-05-14,2,188.5506204,259.0
24415,2025-05-14,3,194.9561025,158.0
24416,2025-05-14,4,195.5124388,162.0
24417,2025-05-14,5,144.6039117,68.0
24418,2025-05-14,6,245.9197746,102.0
24419,2025-05-14,7,163.1963022,91.0
24420,2025-05-14,8,281.7013769,78.0
24421,2025-05-14,9,193.1951817,120.0
24422,2025-05-14,10,199.4055369,142.0
24423,2025-05-14,11,139.5567109,146.0
24424,2025-05-14,12,185.6757037,209.0
24425,2025-05-14,13,185.4399627,244.0
24426,2025-05-14,14,189.9053167,294.0
24427,2025-05-14,15,170.4849523,356.0
24428,2025-05-14,16,183.4363224,367.0
24429,2025-05-14,17,188.7700886,286.0
24430,2025-05-14,18,214.6051902,300.0
24431,2025-05-14,19,173.6689476,248.0
24432,2025-05-14,20,196.0935347,257.0
24433,2025-05-14,21,215.6938915,236.0
24434,2025-05-14,22,215.4950759,359.0
24435,2025-05-14,23,167.6332087,326.0
24436,2025-05-15,0,149.8385898,371.0
24437,2025-05-15,1,157.6905412,290.0
24438,2025-05-15,2,212.0227792,180.0
24439,2025-05-15,3,197.260725,173.0
24440,2025-05-15,4,262.1255122,213.0
24441,2025-05-15,5,246.6002651,89.0
24442,2025-05-15,6,312.4852659,69.0
24443,2025-05-15,7,196.2810896,70.0
24444,2025-05-15,8,257.119272,83.0
24445,2025-05-15,9,200.3411393,83.0
24446,2025-05-15,10,258.2972316,73.0
24447,2025-05-15,11,204.011794,135.0
24448,2025-05-15,12,164.1245651,240.0
24449,2025-05-15,13,218.6373398,338.0
24450,2025-05-15,14,193.156004,294.0
24451,2025-05-15,15,188.1714661,244.0
24452,2025-05-15,16,242.1765826,327.0
24453,2025-05-15,17,171.5195584,307.0
24454,2025-05-15,18,151.37601,365.0
24455,2025-05-15,19,201.9710413,237.0
24456,2025-05-15,20,222.4134344,311.0
24457,2025-05-15,21,221.032339,263.0
24458,2025-05-15,22,206.8545546,290.0
24459,2025-05-15,23,156.2405115,278.0
24460,2025-05-16,0,151.3294234,271.0
24461,2025-05-16,1,159.721932,251.0
24462,2025-05-16,2,174.2725497,232.0
24463,2025-05-16,3,188.6981073,204.0
24464,2025-05-16,4,235.3997388,144.0
24465,2025-05-16,5,128.4591249,75.0
24466,2025-05-16,6,225.3116893,118.0
24467,2025-05-16,7,140.1200247,106.0
24468,2025-05-16,8,273.5069044,71.0
24469,2025-05-16,9,197.7806438,88.0
24470,2025-05-16,10,228.8312822,101.0
24471,2025-05-16,11,171.8589131,142.0
24472,2025-05-16,12,197.0417238,185.0
24473,2025-05-16,13,235.7381629,266.0
24474,2025-05-16,14,239.4291127,251.0
24475,2025-05-16,15,217.4356594,239.0
24476,2025-05-16,16,149.4163991,300.0
24477,2025-05-16,17,170.5820883,227.0
24478,2025-05-16,18,193.8436693,254.0
24479,2025-05-16,19,191.2689544,274.0
24480,2025-05-16,20,170.8583726,274.0
24481,2025-05-16,21,182.8832726,296.0
24482,2025-05-16,22,209.5999612,272.0
24483,2025-05-16,23,184.1346772,192.0
24484,2025-05-17,0,161.2636053,247.0
24485,2025-05-17,1,191.6540628,431.0
24486,2025-05-17,2,196.6894832,274.0
24487,2025-05-17,3,175.6570839,203.0
24488,2025-05-17,4,225.9645799,112.0
24489,2025-05-17,5,219.9891676,87.0
24490,2025-05-17,6,361.9185378,65.0
24491,2025-05-17,7,165.4137071,89.0
24492,2025-05-17,8,298.0411511,88.0
24493,2025-05-17,9,277.6763528,64.0
24494,2025-05-17,10,190.0612516,96.0
24495,2025-05-17,11,133.8447253,79.0
24496,2025-05-17,12,223.3327126,136.0
24497,2025-05-17,13,203.1032908,178.0
24498,2025-05-17,14,207.031279,233.0
24499,2025-05-17,15,175.6959117,168.0
24500,2025-05-17,16,240.7252516,247.0
24501,2025-05-17,17,172.5618035,180.0
24502,2025-05-17,18,162.1002557,245.0
24503,2025-05-17,19,148.0551009,275.0
24504,2025-05-17,20,180.20918,298.0
24505,2025-05-17,21,240.4284053,242.0
24506,2025-05-17,22,202.545392,285.0
24507,2025-05-17,23,134.5174254,206.0
24508,2025-05-18,0,189.0710213,296.0
24509,2025-05-18,1,155.6273655,305.0
24510,2025-05-18,2,164.0654239,310.0
24511,2025-05-18,3,200.5118267,248.0
24512,2025-05-18,4,216.2738218,213.0
24513,2025-05-18,5,139.7529443,90.0
24514,2025-05-18,6,306.9220576,61.0
24515,2025-05-18,7,230.6966085,64.0
24516,2025-05-18,8,244.5585202,107.0
24517,2025-05-18,9,244.2615678,63.0
24518,2025-05-18,10,244.5997177,91.0
24519,2025-05-18,11,102.6805598,92.0
24520,2025-05-18,12,199.6267099,138.0
24521,2025-05-18,13,156.8519519,252.0
24522,2025-05-18,14,204.6975467,209.0
24523,2025-05-18,15,179.777053,171.0
24524,2025-05-18,16,193.2223948,246.0
24525,2025-05-18,17,182.0494698,161.0
24526,2025-05-18,18,188.6793835,226.0
24527,2025-05-18,19,192.2312505,194.0
24528,2025-05-18,20,216.8799998,222.0
24529,2025-05-18,21,226.1465923,200.0
24530,2025-05-18,22,219.2800869,228.0
24531,2025-05-18,23,163.4192666,190.0
24532,2025-05-19,0,176.3298244,217.0
24533,2025-05-19,1,177.4460748,233.0
24534,2025-05-19,2,204.9733422,254.0
24535,2025-05-19,3,180.4310212,155.0
24536,2025-05-19,4,227.9232288,131.0
24537,2025-05-19,5,151.7009288,79.0
24538,2025-05-19,6,220.9765364,90.0
24539,2025-05-19,7,207.5454742,69.0
24540,2025-05-19,8,245.0588163,128.0
24541,2025-05-19,9,224.0134721,107.0
24542,2025-05-19,10,182.8673002,97.0
24543,2025-05-19,11,196.4893708,120.0
24544,2025-05-19,12,170.113492,236.0
24545,2025-05-19,13,189.2028786,275.0
24546,2025-05-19,14,161.5483287,318.0
24547,2025-05-19,15,210.119563,255.0
24548,2025-05-19,16,172.9403303,248.0
24549,2025-05-19,17,137.4710854,349.0
24550,2025-05-19,18,209.7847516,301.0
24551,2025-05-19,19,162.0117162,225.0
24552,2025-05-19,20,213.3063226,376.0
24553,2025-05-19,21,230.0742043,242.0
24554,2025-05-19,22,231.6805924,256.0
24555,2025-05-19,23,189.0589466,208.0
24556,2025-05-20,0,144.2080283,286.0
24557,2025-05-20,1,201.8864862,244.0
24558,2025-05-20,2,229.1559704,231.0
24559,2025-05-20,3,213.6831823,162.0
24560,2025-05-20,4,180.5771268,122.0
24561,2025-05-20,5,180.2210186,90.0
24562,2025-05-20,6,251.0247441,73.0
24563,2025-05-20,7,188.643239,91.0
24564,2025-05-20,8,279.219343,83.0
24565,2025-05-20,9,260.3690886,81.0
24566,2025-05-20,10,188.6626167,132.0
24567,2025-05-20,11,185.7392854,116.0
24568,2025-05-20,12,218.281377,202.0
24569,2025-05-20,13,206.139379,268.0
24570,2025-05-20,14,182.4965342,310.0
24571,2025-05-20,15,190.2482805,295.0
24572,2025-05-20,16,175.1611748,213.0
24573,2025-05-20,17,187.7903768,258.0
24574,2025-05-20,18,181.6625057,245.0
24575,2025-05-20,19,172.3942799,302.0
24576,2025-05-20,20,171.9724212,403.0
24577,2025-05-20,21,182.9084232,224.0
24578,2025-05-20,22,253.748607,262.0
24579,2025-05-20,23,173.578493,239.0
24580,2025-05-21,0,205.85744,276.0
24581,2025-05-21,1,167.7263147,234.0
24582,2025-05-21,2,189.7592523,232.0
24583,2025-05-21,3,214.5488286,136.0
24584,2025-05-21,4,225.7361095,103.0
24585,2025-05-21,5,131.7377946,85.0
24586,2025-05-21,6,237.7307013,73.0
24587,2025-05-21,7,163.4175255,67.0
24588,2025-05-21,8,330.8059409,60.0
24589,2025-05-21,9,222.6208114,83.0
24590,2025-05-21,10,253.4399266,87.0
24591,2025-05-21,11,186.5986068,114.0
24592,2025-05-21,12,174.9521889,196.0
24593,2025-05-21,13,222.8724378,271.0
24594,2025-05-21,14,178.8640831,305.0
24595,2025-05-21,15,177.1626222,265.0
24596,2025-05-21,16,188.0571333,251.0
24597,2025-05-21,17,171.0914781,241.0
24598,2025-05-21,18,125.2520109,313.0
24599,2025-05-21,19,190.244701,281.0
24600,2025-05-21,20,171.1154257,332.0
24601,2025-05-21,21,196.2359744,219.0
24602,2025-05-21,22,188.9197982,301.0
24603,2025-05-21,23,143.6442952,320.0
24604,2025-05-22,0,206.4345263,286.0
24605,2025-05-22,1,142.4572636,276.0
24606,2025-05-22,2,210.1665296,291.0
24607,2025-05-22,3,202.990258,192.0
24608,2025-05-22,4,212.9220424,119.0
24609,2025-05-22,5,90.86408555,80.0
24610,2025-05-22,6,296.0597225,68.0
24611,2025-05-22,7,203.4022317,64.0
24612,2025-05-22,8,321.3971851,70.0
24613,2025-05-22,9,244.4091336,76.0
24614,2025-05-22,10,219.328014,107.0
24615,2025-05-22,11,155.8405565,142.0
24616,2025-05-22,12,195.6027878,224.0
24617,2025-05-22,13,192.8439547,256.0
24618,2025-05-22,14,187.8219366,313.0
24619,2025-05-22,15,163.973732,297.0
24620,2025-05-22,16,264.6279573,227.0
24621,2025-05-22,17,160.8973816,200.0
24622,2025-05-22,18,153.0481369,338.0
24623,2025-05-22,19,204.3116335,258.0
24624,2025-05-22,20,198.9017281,199.0
24625,2025-05-22,21,200.2843244,314.0
24626,2025-05-22,22,196.8413558,285.0
24627,2025-05-22,23,162.367758,201.0
24628,2025-05-23,0,198.0431931,235.0
24629,2025-05-23,1,174.2842681,234.0
24630,2025-05-23,2,195.3368995,191.0
24631,2025-05-23,3,214.0640137,123.0
24632,2025-05-23,4,255.5421422,136.0
24633,2025-05-23,5,146.6962331,71.0
24634,2025-05-23,6,288.375542,76.0
24635,2025-05-23,7,162.5547023,89.0
24636,2025-05-23,8,289.463809,73.0
24637,2025-05-23,9,200.6522472,101.0
24638,2025-05-23,10,229.9359814,79.0
24639,2025-05-23,11,196.1069095,137.0
24640,2025-05-23,12,177.0924311,168.0
24641,2025-05-23,13,159.2231965,270.0
24642,2025-05-23,14,243.5583265,258.0
24643,2025-05-23,15,156.0878956,279.0
24644,2025-05-23,16,203.5246031,284.0
24645,2025-05-23,17,164.6632436,197.0
24646,2025-05-23,18,174.779334,214.0
24647,2025-05-23,19,181.8378753,190.0
24648,2025-05-23,20,186.8945699,281.0
24649,2025-05-23,21,212.3014517,210.0
24650,2025-05-23,22,231.2867116,235.0
24651,2025-05-23,23,172.5509217,166.0
24652,2025-05-24,0,182.2687392,151.0
24653,2025-05-24,1,168.4809906,243.0
24654,2025-05-24,2,193.1441182,228.0
24655,2025-05-24,3,232.8157737,128.0
24656,2025-05-24,4,234.3810706,108.0
24657,2025-05-24,5,219.4109078,80.0
24658,2025-05-24,6,291.869035,78.0
24659,2025-05-24,7,208.9294879,57.0
24660,2025-05-24,8,347.7416308,56.0
24661,2025-05-24,9,245.7540246,65.0
24662,2025-05-24,10,216.124894,70.0
24663,2025-05-24,11,132.7818242,73.0
24664,2025-05-24,12,208.7497509,115.0
24665,2025-05-24,13,244.4768763,178.0
24666,2025-05-24,14,217.7137508,251.0
24667,2025-05-24,15,218.9409884,162.0
24668,2025-05-24,16,231.8239147,214.0
24669,2025-05-24,17,169.0554617,182.0
24670,2025-05-24,18,170.5633875,214.0
24671,2025-05-24,19,181.6482049,184.0
24672,2025-05-24,20,192.9500132,220.0
24673,2025-05-24,21,254.5780336,181.0
24674,2025-05-24,22,183.5743508,265.0
24675,2025-05-24,23,170.9773249,179.0
24676,2025-05-25,0,180.4177763,175.0
24677,2025-05-25,1,208.3572927,227.0
24678,2025-05-25,2,203.2157772,243.0
24679,2025-05-25,3,231.031984,130.0
24680,2025-05-25,4,209.3933944,179.0
24681,2025-05-25,5,183.5465436,70.0
24682,2025-05-25,6,285.9672246,81.0
24683,2025-05-25,7,219.023201,110.0
24684,2025-05-25,8,364.4965156,62.0
24685,2025-05-25,9,239.7473739,55.0
24686,2025-05-25,10,198.5583451,77.0
24687,2025-05-25,11,83.53038761,89.0
24688,2025-05-25,12,179.9748131,142.0
24689,2025-05-25,13,231.3634821,167.0
24690,2025-05-25,14,188.9665689,167.0
24691,2025-05-25,15,217.6187097,134.0
24692,2025-05-25,16,212.0293422,223.0
24693,2025-05-25,17,212.0316117,238.0
24694,2025-05-25,18,202.4803045,184.0
24695,2025-05-25,19,242.4649001,156.0
24696,2025-05-25,20,193.8522855,166.0
24697,2025-05-25,21,187.27168,228.0
24698,2025-05-25,22,210.7511957,204.0
24699,2025-05-25,23,121.5411561,222.0
24700,2025-05-26,0,206.6241742,227.0
24701,2025-05-26,1,189.3663153,212.0
24702,2025-05-26,2,171.7688185,193.0
24703,2025-05-26,3,204.7779776,173.0
24704,2025-05-26,4,193.514525,140.0
24705,2025-05-26,5,261.1225251,55.0
24706,2025-05-26,6,258.7620472,74.0
24707,2025-05-26,7,135.3034195,123.0
24708,2025-05-26,8,264.1948915,103.0
24709,2025-05-26,9,247.5903603,73.0
24710,2025-05-26,10,227.2358646,82.0
24711,2025-05-26,11,135.7127543,85.0
24712,2025-05-26,12,195.3487793,177.0
24713,2025-05-26,13,171.2535019,186.0
24714,2025-05-26,14,184.8785333,208.0
24715,2025-05-26,15,183.2960408,235.0
24716,2025-05-26,16,213.5752631,235.0
24717,2025-05-26,17,182.6782318,193.0
24718,2025-05-26,18,165.5188339,301.0
24719,2025-05-26,19,151.6964766,237.0
24720,2025-05-26,20,221.0104149,212.0
24721,2025-05-26,21,234.0511571,190.0
24722,2025-05-26,22,204.1769853,252.0
24723,2025-05-26,23,186.1446078,253.0
24724,2025-05-27,0,159.3740798,189.0
24725,2025-05-27,1,165.3647263,289.0
24726,2025-05-27,2,172.3467805,278.0
24727,2025-05-27,3,202.4915501,168.0
24728,2025-05-27,4,229.1592027,100.0
24729,2025-05-27,5,174.4954247,69.0
24730,2025-05-27,6,242.9945137,84.0
24731,2025-05-27,7,198.5574077,94.0
24732,2025-05-27,8,244.2537219,92.0
24733,2025-05-27,9,170.628827,118.0
24734,2025-05-27,10,207.3599348,135.0
24735,2025-05-27,11,177.465458,126.0
24736,2025-05-27,12,218.7833011,186.0
24737,2025-05-27,13,163.3717375,387.0
24738,2025-05-27,14,203.8260896,341.0
24739,2025-05-27,15,197.6359292,302.0
24740,2025-05-27,16,198.2395508,297.0
24741,2025-05-27,17,170.4570728,254.0
24742,2025-05-27,18,147.5548066,269.0
24743,2025-05-27,19,174.8997588,311.0
24744,2025-05-27,20,206.408724,326.0
24745,2025-05-27,21,216.2768758,206.0
24746,2025-05-27,22,214.587184,278.0
24747,2025-05-27,23,139.7588311,251.0
24748,2025-05-28,0,166.4891418,336.0
24749,2025-05-28,1,265.0630652,281.0
24750,2025-05-28,2,191.3835141,215.0
24751,2025-05-28,3,200.1048818,139.0
24752,2025-05-28,4,247.0358765,169.0
24753,2025-05-28,5,132.7356472,116.0
24754,2025-05-28,6,243.6853332,75.0
24755,2025-05-28,7,139.8266525,93.0
24756,2025-05-28,8,261.4174447,82.0
24757,2025-05-28,9,227.3916571,83.0
24758,2025-05-28,10,197.7403921,127.0
24759,2025-05-28,11,217.9203121,143.0
24760,2025-05-28,12,140.4611518,291.0
24761,2025-05-28,13,170.9653586,231.0
24762,2025-05-28,14,180.4902158,299.0
24763,2025-05-28,15,165.1677138,272.0
24764,2025-05-28,16,174.0369878,285.0
24765,2025-05-28,17,147.7312885,264.0
24766,2025-05-28,18,171.5942285,355.0
24767,2025-05-28,19,151.1446426,367.0
24768,2025-05-28,20,187.3149731,257.0
24769,2025-05-28,21,166.605263,227.0
24770,2025-05-28,22,200.9509804,316.0
24771,2025-05-28,23,184.6469538,291.0
24772,2025-05-29,0,168.8643076,413.0
24773,2025-05-29,1,207.486561,258.0
24774,2025-05-29,2,197.8468513,210.0
24775,2025-05-29,3,203.3713994,180.0
24776,2025-05-29,4,246.3167067,123.0
24777,2025-05-29,5,133.9386303,144.0
24778,2025-05-29,6,202.1729381,97.0
24779,2025-05-29,7,151.9216224,91.0
24780,2025-05-29,8,231.9511358,107.0
24781,2025-05-29,9,180.2579581,108.0
24782,2025-05-29,10,187.4571578,110.0
24783,2025-05-29,11,193.0978853,124.0
24784,2025-05-29,12,142.4233269,272.0
24785,2025-05-29,13,171.7702266,307.0
24786,2025-05-29,14,204.3271647,286.0
24787,2025-05-29,15,185.1442751,310.0
24788,2025-05-29,16,218.9459091,263.0
24789,2025-05-29,17,171.9713174,257.0
24790,2025-05-29,18,165.6351984,299.0
24791,2025-05-29,19,196.4092761,252.0
24792,2025-05-29,20,196.3211899,255.0
24793,2025-05-29,21,215.2911694,295.0
24794,2025-05-29,22,211.9855349,295.0
24795,2025-05-29,23,164.093906,284.0
24796,2025-05-30,0,170.7119608,235.0
24797,2025-05-30,1,164.6378847,389.0
24798,2025-05-30,2,157.2172222,262.0
24799,2025-05-30,3,220.8191501,227.0
24800,2025-05-30,4,188.4760833,175.0
24801,2025-05-30,5,125.603185,123.0
24802,2025-05-30,6,168.0181552,116.0
24803,2025-05-30,7,165.3545794,112.0
24804,2025-05-30,8,213.74563,113.0
24805,2025-05-30,9,137.2034419,105.0
24806,2025-05-30,10,254.9578208,116.0
24807,2025-05-30,11,155.7112536,174.0
24808,2025-05-30,12,154.1860316,262.0
24809,2025-05-30,13,178.3856782,297.0
24810,2025-05-30,14,159.7165503,373.0
24811,2025-05-30,15,195.1407187,277.0
24812,2025-05-30,16,207.6556299,285.0
24813,2025-05-30,17,192.9722778,308.0
24814,2025-05-30,18,168.8674376,235.0
24815,2025-05-30,19,199.6691185,229.0
24816,2025-05-30,20,145.6058266,257.0
24817,2025-05-30,21,235.6945963,220.0
24818,2025-05-30,22,210.9515666,335.0
24819,2025-05-30,23,185.2168649,299.0
24820,2025-05-31,0,192.8023076,247.0
24821,2025-05-31,1,158.4380965,332.0
24822,2025-05-31,2,230.0221638,318.0
24823,2025-05-31,3,193.0837216,208.0
24824,2025-05-31,4,275.1142888,120.0
24825,2025-05-31,5,139.7166092,109.0
24826,2025-05-31,6,224.0117367,85.0
24827,2025-05-31,7,142.1140811,87.0
24828,2025-05-31,8,232.8447194,99.0
24829,2025-05-31,9,172.8230273,94.0
24830,2025-05-31,10,155.1659711,94.0
24831,2025-05-31,11,137.0526356,87.0
24832,2025-05-31,12,207.4218091,154.0
24833,2025-05-31,13,185.0388464,168.0
24834,2025-05-31,14,161.7937357,299.0
24835,2025-05-31,15,199.0090397,240.0
24836,2025-05-31,16,221.0787641,288.0
24837,2025-05-31,17,190.2094114,329.0
24838,2025-05-31,18,212.7821701,337.0
24839,2025-05-31,19,193.9272711,449.0
24840,2025-05-31,20,185.0498575,411.0
24841,2025-05-31,21,212.3629947,310.0
24842,2025-05-31,22,214.0254957,349.0
24843,2025-05-31,23,205.8257422,358.0
24844,2025-06-01,0,211.7373949,458.0
24845,2025-06-01,1,178.447622,673.0
24846,2025-06-01,2,199.4895724,479.0
24847,2025-06-01,3,217.6747447,226.0
24848,2025-06-01,4,197.7141303,291.0
24849,2025-06-01,5,176.4513693,123.0
24850,2025-06-01,6,300.5899802,89.0
24851,2025-06-01,7,256.6031372,78.0
24852,2025-06-01,8,331.0450002,73.0
24853,2025-06-01,9,158.5178618,83.0
24854,2025-06-01,10,253.9538146,65.0
24855,2025-06-01,11,147.9751192,125.0
24856,2025-06-01,12,161.7317366,123.0
24857,2025-06-01,13,225.6479525,144.0
24858,2025-06-01,14,222.9722027,249.0
24859,2025-06-01,15,206.8233338,231.0
24860,2025-06-01,16,213.4819794,273.0
24861,2025-06-01,17,200.5847144,252.0
24862,2025-06-01,18,201.8927814,364.0
24863,2025-06-01,19,164.4438353,257.0
24864,2025-06-01,20,185.543492,277.0
24865,2025-06-01,21,151.9793404,280.0
24866,2025-06-01,22,196.7485769,283.0
24867,2025-06-01,23,189.3530506,211.0
24868,2025-06-02,0,157.724679,286.0
24869,2025-06-02,1,175.728333,334.0
24870,2025-06-02,2,181.9954065,198.0
24871,2025-06-02,3,183.5420587,149.0
24872,2025-06-02,4,216.3341381,137.0
24873,2025-06-02,5,167.5511859,78.0
24874,2025-06-02,6,196.148493,91.0
24875,2025-06-02,7,171.2325307,95.0
24876,2025-06-02,8,228.641036,70.0
24877,2025-06-02,9,201.762023,84.0
24878,2025-06-02,10,158.7426483,97.0
24879,2025-06-02,11,139.5074718,133.0
24880,2025-06-02,12,168.4785833,238.0
24881,2025-06-02,13,155.8133977,360.0
24882,2025-06-02,14,184.7315535,287.0
24883,2025-06-02,15,171.5888954,223.0
24884,2025-06-02,16,192.710147,277.0
24885,2025-06-02,17,175.2243824,221.0
24886,2025-06-02,18,198.7811765,303.0
24887,2025-06-02,19,194.4297632,284.0
24888,2025-06-02,20,194.8610921,231.0
24889,2025-06-02,21,205.4122318,200.0
24890,2025-06-02,22,178.734024,328.0
24891,2025-06-02,23,170.4385086,247.0
24892,2025-06-03,0,186.9439711,214.0
24893,2025-06-03,1,159.9235038,337.0
24894,2025-06-03,2,179.8171428,307.0
24895,2025-06-03,3,177.1777936,189.0
24896,2025-06-03,4,225.2288828,137.0
24897,2025-06-03,5,112.0269247,128.0
24898,2025-06-03,6,203.8979093,93.0
24899,2025-06-03,7,182.5345562,105.0
24900,2025-06-03,8,197.0760335,99.0
24901,2025-06-03,9,184.2354939,92.0
24902,2025-06-03,10,216.024968,114.0
24903,2025-06-03,11,194.176069,140.0
24904,2025-06-03,12,153.0621433,228.0
24905,2025-06-03,13,188.2050198,318.0
24906,2025-06-03,14,169.6385855,327.0
24907,2025-06-03,15,155.1814811,338.0
24908,2025-06-03,16,235.387889,361.0
24909,2025-06-03,17,162.3615992,284.0
24910,2025-06-03,18,174.8348201,284.0
24911,2025-06-03,19,177.8636298,321.0
24912,2025-06-03,20,161.5952846,418.0
24913,2025-06-03,21,219.3727345,323.0
24914,2025-06-03,22,214.8217119,327.0
24915,2025-06-03,23,162.7913784,236.0
24916,2025-06-04,0,235.1435846,196.0
24917,2025-06-04,1,192.3609628,319.0
24918,2025-06-04,2,173.9093227,234.0
24919,2025-06-04,3,233.6895531,171.0
24920,2025-06-04,4,233.4167706,153.0
24921,2025-06-04,5,135.8992317,129.0
24922,2025-06-04,6,234.581554,87.0
24923,2025-06-04,7,168.9011236,97.0
24924,2025-06-04,8,277.8815091,75.0
24925,2025-06-04,9,172.1794928,90.0
24926,2025-06-04,10,229.4166545,123.0
24927,2025-06-04,11,153.8372497,121.0
24928,2025-06-04,12,206.956492,207.0
24929,2025-06-04,13,157.1322795,294.0
24930,2025-06-04,14,177.6943123,325.0
24931,2025-06-04,15,191.672944,367.0
24932,2025-06-04,16,156.431558,332.0
24933,2025-06-04,17,162.29765,223.0
24934,2025-06-04,18,140.3654581,321.0
24935,2025-06-04,19,184.5328643,268.0
24936,2025-06-04,20,181.5660572,260.0
24937,2025-06-04,21,196.6641069,243.0
24938,2025-06-04,22,162.0856812,351.0
24939,2025-06-04,23,150.3815526,310.0
24940,2025-06-05,0,134.7241312,292.0
24941,2025-06-05,1,188.6342892,301.0
24942,2025-06-05,2,164.4748537,280.0
24943,2025-06-05,3,195.8936701,177.0
24944,2025-06-05,4,198.5207937,176.0
24945,2025-06-05,5,118.220279,97.0
24946,2025-06-05,6,208.9694605,101.0
24947,2025-06-05,7,172.8468619,79.0
24948,2025-06-05,8,235.1624326,103.0
24949,2025-06-05,9,211.132836,78.0
24950,2025-06-05,10,207.8808455,106.0
24951,2025-06-05,11,137.4229541,165.0
24952,2025-06-05,12,155.0434958,205.0
24953,2025-06-05,13,196.1147501,291.0
24954,2025-06-05,14,161.1976554,317.0
24955,2025-06-05,15,150.8774785,309.0
24956,2025-06-05,16,205.7338297,265.0
24957,2025-06-05,17,196.3167825,265.0
24958,2025-06-05,18,144.3619811,405.0
24959,2025-06-05,19,168.0597286,281.0
24960,2025-06-05,20,174.4814652,272.0
24961,2025-06-05,21,172.3079503,242.0
24962,2025-06-05,22,219.2367103,232.0
24963,2025-06-05,23,160.7667747,206.0
24964,2025-06-06,0,161.3243933,421.0
24965,2025-06-06,1,183.1181729,226.0
24966,2025-06-06,2,203.3771409,202.0
24967,2025-06-06,3,202.7823296,158.0
24968,2025-06-06,4,223.9087514,94.0
24969,2025-06-06,5,163.9593045,109.0
24970,2025-06-06,6,229.5282998,92.0
24971,2025-06-06,7,188.2427413,105.0
24972,2025-06-06,8,305.1404807,63.0
24973,2025-06-06,9,169.3020701,102.0
24974,2025-06-06,10,205.820652,114.0
24975,2025-06-06,11,139.3275342,147.0
24976,2025-06-06,12,167.8048783,226.0
24977,2025-06-06,13,205.9126844,324.0
24978,2025-06-06,14,178.2443993,260.0
24979,2025-06-06,15,180.5852589,308.0
24980,2025-06-06,16,179.1304589,381.0
24981,2025-06-06,17,158.9688413,278.0
24982,2025-06-06,18,157.1726125,333.0
24983,2025-06-06,19,170.4984037,297.0
24984,2025-06-06,20,194.8543186,282.0
24985,2025-06-06,21,189.0191295,317.0
24986,2025-06-06,22,237.6744741,278.0
24987,2025-06-06,23,161.172034,229.0
24988,2025-06-07,0,139.3714595,218.0
24989,2025-06-07,1,184.4829646,250.0
24990,2025-06-07,2,165.0958932,217.0
24991,2025-06-07,3,205.2028441,190.0
24992,2025-06-07,4,223.2703282,90.0
24993,2025-06-07,5,170.034123,94.0
24994,2025-06-07,6,222.8321286,93.0
24995,2025-06-07,7,212.6079004,78.0
24996,2025-06-07,8,353.7299498,53.0
24997,2025-06-07,9,282.227683,55.0
24998,2025-06-07,10,218.8094348,82.0
24999,2025-06-07,11,161.9538877,96.0
25000,2025-06-07,12,165.3199475,129.0
25001,2025-06-07,13,168.686197,172.0
25002,2025-06-07,14,212.5662248,230.0
25003,2025-06-07,15,180.0642751,225.0
25004,2025-06-07,16,188.6613522,221.0
25005,2025-06-07,17,192.5256198,118.0
25006,2025-06-07,18,186.8754222,312.0
25007,2025-06-07,19,213.818931,257.0
25008,2025-06-07,20,158.9899561,194.0
25009,2025-06-07,21,167.4685194,209.0
25010,2025-06-07,22,233.4352575,230.0
25011,2025-06-07,23,127.8360733,202.0
25012,2025-06-08,0,146.0862743,182.0
25013,2025-06-08,1,209.4526701,238.0
25014,2025-06-08,2,204.6583277,179.0
25015,2025-06-08,3,186.8794918,213.0
25016,2025-06-08,4,219.1609886,107.0
25017,2025-06-08,5,190.5924526,160.0
25018,2025-06-08,6,314.3574142,61.0
25019,2025-06-08,7,164.6277008,75.0
25020,2025-06-08,8,268.0298006,70.0
25021,2025-06-08,9,214.2481549,75.0
25022,2025-06-08,10,185.0760461,80.0
25023,2025-06-08,11,181.2701285,82.0
25024,2025-06-08,12,202.7098276,141.0
25025,2025-06-08,13,170.7672646,162.0
25026,2025-06-08,14,195.693698,229.0
25027,2025-06-08,15,210.0091753,202.0
25028,2025-06-08,16,240.4614835,295.0
25029,2025-06-08,17,198.2088153,171.0
25030,2025-06-08,18,194.7050259,289.0
25031,2025-06-08,19,220.8794049,189.0
25032,2025-06-08,20,187.2285615,235.0
25033,2025-06-08,21,216.070967,247.0
25034,2025-06-08,22,195.4806769,301.0
25035,2025-06-08,23,179.0906625,194.0
25036,2025-06-09,0,164.7337769,280.0
25037,2025-06-09,1,169.383427,313.0
25038,2025-06-09,2,188.5668427,182.0
25039,2025-06-09,3,195.7486595,174.0
25040,2025-06-09,4,158.3328066,128.0
25041,2025-06-09,5,174.6560011,82.0
25042,2025-06-09,6,231.0503474,94.0
25043,2025-06-09,7,211.3216727,83.0
25044,2025-06-09,8,241.4448598,87.0
25045,2025-06-09,9,263.4159272,82.0
25046,2025-06-09,10,174.4766679,144.0
25047,2025-06-09,11,164.3463724,134.0
25048,2025-06-09,12,140.1486671,273.0
25049,2025-06-09,13,139.9145089,381.0
25050,2025-06-09,14,177.9405386,279.0
25051,2025-06-09,15,165.1501489,381.0
25052,2025-06-09,16,224.6050064,291.0
25053,2025-06-09,17,152.8645705,534.0
25054,2025-06-09,18,170.7292647,383.0
25055,2025-06-09,19,160.4974931,310.0
25056,2025-06-09,20,184.3131174,279.0
25057,2025-06-09,21,181.1722072,332.0
25058,2025-06-09,22,215.9445614,283.0
25059,2025-06-09,23,204.1914917,245.0
25060,2025-06-10,0,185.0350878,321.0
25061,2025-06-10,1,161.5483285,301.0
25062,2025-06-10,2,204.2429502,248.0
25063,2025-06-10,3,178.5127153,176.0
25064,2025-06-10,4,225.0196291,129.0
25065,2025-06-10,5,126.5650392,109.0
25066,2025-06-10,6,171.7670016,127.0
25067,2025-06-10,7,159.1964399,93.0
25068,2025-06-10,8,266.5670382,85.0
25069,2025-06-10,9,131.7202431,180.0
25070,2025-06-10,10,202.0438726,124.0
25071,2025-06-10,11,146.8019954,138.0
25072,2025-06-10,12,157.7376319,322.0
25073,2025-06-10,13,201.3953353,329.0
25074,2025-06-10,14,155.1368132,386.0
25075,2025-06-10,15,210.799899,314.0
25076,2025-06-10,16,222.9463445,270.0
25077,2025-06-10,17,198.6244405,255.0
25078,2025-06-10,18,185.838388,364.0
25079,2025-06-10,19,173.4906511,282.0
25080,2025-06-10,20,158.5562861,260.0
25081,2025-06-10,21,228.8125004,302.0
25082,2025-06-10,22,187.8895012,316.0
25083,2025-06-10,23,163.0584646,259.0
25084,2025-06-11,0,181.5013823,292.0
25085,2025-06-11,1,172.6271173,351.0
25086,2025-06-11,2,179.1663253,231.0
25087,2025-06-11,3,222.2388415,183.0
25088,2025-06-11,4,208.6256755,123.0
25089,2025-06-11,5,130.7135767,101.0
25090,2025-06-11,6,180.9614547,111.0
25091,2025-06-11,7,160.6073516,131.0
25092,2025-06-11,8,249.7582022,116.0
25093,2025-06-11,9,168.5253429,108.0
25094,2025-06-11,10,175.6956456,128.0
25095,2025-06-11,11,157.4693281,209.0
25096,2025-06-11,12,146.882555,269.0
25097,2025-06-11,13,166.9681123,344.0
25098,2025-06-11,14,166.6822351,259.0
25099,2025-06-11,15,148.7593914,278.0
25100,2025-06-11,16,223.5909296,323.0
25101,2025-06-11,17,193.0615961,212.0
25102,2025-06-11,18,186.1669701,328.0
25103,2025-06-11,19,182.1585997,232.0
25104,2025-06-11,20,184.5452777,257.0
25105,2025-06-11,21,188.7598891,273.0
25106,2025-06-11,22,206.2213548,330.0
25107,2025-06-11,23,194.6323755,204.0
25108,2025-06-12,0,194.3352587,279.0
25109,2025-06-12,1,164.9277586,364.0
25110,2025-06-12,2,203.9942093,326.0
25111,2025-06-12,3,184.0728341,226.0
25112,2025-06-12,4,204.3343382,152.0
25113,2025-06-12,5,110.7461529,119.0
25114,2025-06-12,6,170.4374777,135.0
25115,2025-06-12,7,172.5406078,106.0
25116,2025-06-12,8,245.1101155,115.0
25117,2025-06-12,9,148.5444147,154.0
25118,2025-06-12,10,166.0758445,124.0
25119,2025-06-12,11,129.8722567,169.0
25120,2025-06-12,12,163.2718896,291.0
25121,2025-06-12,13,188.7578534,282.0
25122,2025-06-12,14,192.660135,287.0
25123,2025-06-12,15,169.7103614,312.0
25124,2025-06-12,16,211.3846024,264.0
25125,2025-06-12,17,171.980683,294.0
25126,2025-06-12,18,184.2520962,460.0
25127,2025-06-12,19,182.7420136,300.0
25128,2025-06-12,20,186.4575413,338.0
25129,2025-06-12,21,192.5222586,304.0
25130,2025-06-12,22,274.5913078,249.0
25131,2025-06-12,23,177.4747826,252.0
25132,2025-06-13,0,175.7824731,238.0
25133,2025-06-13,1,219.6698434,296.0
25134,2025-06-13,2,151.1568444,240.0
25135,2025-06-13,3,182.3438998,165.0
25136,2025-06-13,4,258.3086031,129.0
25137,2025-06-13,5,135.0420132,92.0
25138,2025-06-13,6,255.1958983,95.0
25139,2025-06-13,7,207.4278186,98.0
25140,2025-06-13,8,261.7000837,84.0
25141,2025-06-13,9,218.1324308,96.0
25142,2025-06-13,10,229.4310933,87.0
25143,2025-06-13,11,136.6972826,164.0
25144,2025-06-13,12,150.8468705,305.0
25145,2025-06-13,13,169.6094684,272.0
25146,2025-06-13,14,151.0683983,387.0
25147,2025-06-13,15,170.3452835,316.0
25148,2025-06-13,16,216.8090847,284.0
25149,2025-06-13,17,166.6618149,228.0
25150,2025-06-13,18,156.8115285,302.0
25151,2025-06-13,19,175.6027058,232.0
25152,2025-06-13,20,161.5043624,289.0
25153,2025-06-13,21,175.4856134,202.0
25154,2025-06-13,22,192.3037984,282.0
25155,2025-06-13,23,137.8496248,240.0
25156,2025-06-14,0,189.6749715,308.0
25157,2025-06-14,1,185.7073184,264.0
25158,2025-06-14,2,204.8211163,495.0
25159,2025-06-14,3,230.7467966,166.0
25160,2025-06-14,4,261.3757039,184.0
25161,2025-06-14,5,115.8893132,119.0
25162,2025-06-14,6,230.2123744,139.0
25163,2025-06-14,7,148.9543429,83.0
25164,2025-06-14,8,302.3990616,90.0
25165,2025-06-14,9,215.3929041,100.0
25166,2025-06-14,10,190.378173,117.0
25167,2025-06-14,11,173.0077609,103.0
25168,2025-06-14,12,155.7347517,223.0
25169,2025-06-14,13,191.9948594,202.0
25170,2025-06-14,14,180.1430365,263.0
25171,2025-06-14,15,171.0447398,299.0
25172,2025-06-14,16,197.3503391,241.0
25173,2025-06-14,17,164.2978072,285.0
25174,2025-06-14,18,161.7563727,386.0
25175,2025-06-14,19,135.3049548,289.0
25176,2025-06-14,20,165.2491687,290.0
25177,2025-06-14,21,186.8688827,244.0
25178,2025-06-14,22,203.4907721,293.0
25179,2025-06-14,23,162.6538397,188.0
25180,2025-06-15,0,160.8316086,332.0
25181,2025-06-15,1,144.9684203,369.0
25182,2025-06-15,2,199.3792367,243.0
25183,2025-06-15,3,174.2235446,198.0
25184,2025-06-15,4,275.457462,153.0
25185,2025-06-15,5,144.6306844,107.0
25186,2025-06-15,6,275.0550972,90.0
25187,2025-06-15,7,137.4667776,126.0
25188,2025-06-15,8,294.6170065,88.0
25189,2025-06-15,9,246.2695262,68.0
25190,2025-06-15,10,270.7308615,63.0
25191,2025-06-15,11,122.4318726,97.0
25192,2025-06-15,12,212.2504071,127.0
25193,2025-06-15,13,152.3537625,219.0
25194,2025-06-15,14,161.5686104,239.0
25195,2025-06-15,15,169.9158668,226.0
25196,2025-06-15,16,233.0249085,219.0
25197,2025-06-15,17,200.1549629,198.0
25198,2025-06-15,18,198.469862,254.0
25199,2025-06-15,19,189.8474416,253.0
25200,2025-06-15,20,173.5697912,261.0
25201,2025-06-15,21,189.134874,222.0
25202,2025-06-15,22,196.4077963,326.0
25203,2025-06-15,23,145.9278673,216.0
25204,2025-06-16,0,196.2344787,332.0
25205,2025-06-16,1,181.0104024,385.0
25206,2025-06-16,2,186.4234611,305.0
25207,2025-06-16,3,181.3991742,185.0
25208,2025-06-16,4,147.803504,184.0
25209,2025-06-16,5,156.4861141,87.0
25210,2025-06-16,6,236.366116,115.0
25211,2025-06-16,7,174.1795158,87.0
25212,2025-06-16,8,287.8574969,84.0
25213,2025-06-16,9,174.9677299,119.0
25214,2025-06-16,10,231.4057337,140.0
25215,2025-06-16,11,133.9987567,160.0
25216,2025-06-16,12,152.9544207,291.0
25217,2025-06-16,13,204.8976192,359.0
25218,2025-06-16,14,171.9781707,323.0
25219,2025-06-16,15,209.0541732,385.0
25220,2025-06-16,16,213.446109,277.0
25221,2025-06-16,17,160.9015769,327.0
25222,2025-06-16,18,204.6560232,327.0
25223,2025-06-16,19,170.1825886,256.0
25224,2025-06-16,20,188.4776683,278.0
25225,2025-06-16,21,187.0784045,269.0
25226,2025-06-16,22,204.2556691,317.0
25227,2025-06-16,23,181.5490857,262.0
25228,2025-06-17,0,198.3418036,321.0
25229,2025-06-17,1,167.1170839,373.0
25230,2025-06-17,2,197.4181415,208.0
25231,2025-06-17,3,211.7602375,190.0
25232,2025-06-17,4,189.0608217,175.0
25233,2025-06-17,5,186.6372288,110.0
25234,2025-06-17,6,219.7535712,103.0
25235,2025-06-17,7,133.6770149,104.0
25236,2025-06-17,8,303.9958673,84.0
25237,2025-06-17,9,197.0118068,101.0
25238,2025-06-17,10,190.5897951,142.0
25239,2025-06-17,11,177.7177503,108.0
25240,2025-06-17,12,134.0122779,302.0
25241,2025-06-17,13,163.5466195,325.0
25242,2025-06-17,14,170.3904381,327.0
25243,2025-06-17,15,146.0814082,288.0
25244,2025-06-17,16,189.4736827,327.0
25245,2025-06-17,17,165.2598756,226.0
25246,2025-06-17,18,162.9060195,312.0
25247,2025-06-17,19,190.1260874,350.0
25248,2025-06-17,20,155.9552399,290.0
25249,2025-06-17,21,187.3419108,310.0
25250,2025-06-17,22,182.7126178,313.0
25251,2025-06-17,23,176.4664608,261.0
25252,2025-06-18,0,176.2311389,254.0
25253,2025-06-18,1,153.1731416,325.0
25254,2025-06-18,2,187.1423693,291.0
25255,2025-06-18,3,231.1233687,156.0
25256,2025-06-18,4,179.3342953,255.0
25257,2025-06-18,5,160.2830847,88.0
25258,2025-06-18,6,212.7782246,113.0
25259,2025-06-18,7,174.1931286,105.0
25260,2025-06-18,8,236.8146234,118.0
25261,2025-06-18,9,226.7767345,103.0
25262,2025-06-18,10,203.5352084,122.0
25263,2025-06-18,11,135.168488,145.0
25264,2025-06-18,12,171.5660151,240.0
25265,2025-06-18,13,189.8923021,428.0
25266,2025-06-18,14,195.197719,297.0
25267,2025-06-18,15,141.2418089,361.0
25268,2025-06-18,16,178.9875051,309.0
25269,2025-06-18,17,209.8903781,308.0
25270,2025-06-18,18,153.8289946,336.0
25271,2025-06-18,19,184.1800241,340.0
25272,2025-06-18,20,184.2266635,304.0
25273,2025-06-18,21,191.7345296,299.0
25274,2025-06-18,22,230.6612161,360.0
25275,2025-06-18,23,226.3118295,280.0
25276,2025-06-19,0,183.2386566,290.0
25277,2025-06-19,1,192.0754943,321.0
25278,2025-06-19,2,191.2565658,350.0
25279,2025-06-19,3,199.5526713,213.0
25280,2025-06-19,4,206.6640753,204.0
25281,2025-06-19,5,142.6947387,84.0
25282,2025-06-19,6,273.5726028,94.0
25283,2025-06-19,7,122.917172,121.0
25284,2025-06-19,8,304.8830504,89.0
25285,2025-06-19,9,164.2569219,130.0
25286,2025-06-19,10,193.1349673,109.0
25287,2025-06-19,11,156.7044474,129.0
25288,2025-06-19,12,189.0166167,164.0
25289,2025-06-19,13,164.3642222,279.0
25290,2025-06-19,14,203.5913092,313.0
25291,2025-06-19,15,196.9588595,299.0
25292,2025-06-19,16,220.9537333,267.0
25293,2025-06-19,17,170.5308835,219.0
25294,2025-06-19,18,161.2601607,298.0
25295,2025-06-19,19,167.6282854,366.0
25296,2025-06-19,20,153.5426446,418.0
25297,2025-06-19,21,189.1764746,239.0
25298,2025-06-19,22,191.7247603,223.0
25299,2025-06-19,23,160.8761592,395.0
25300,2025-06-20,0,166.4844643,350.0
25301,2025-06-20,1,188.6669256,384.0
25302,2025-06-20,2,157.3745117,302.0
25303,2025-06-20,3,236.260567,217.0
25304,2025-06-20,4,230.5218344,140.0
25305,2025-06-20,5,153.6164419,88.0
25306,2025-06-20,6,241.6291175,106.0
25307,2025-06-20,7,159.3813838,109.0
25308,2025-06-20,8,222.6716282,93.0
25309,2025-06-20,9,224.839882,90.0
25310,2025-06-20,10,196.2306147,119.0
25311,2025-06-20,11,132.65674,166.0
25312,2025-06-20,12,167.8396862,263.0
25313,2025-06-20,13,168.4721973,344.0
25314,2025-06-20,14,167.1481623,362.0
25315,2025-06-20,15,160.2631264,244.0
25316,2025-06-20,16,223.3128051,305.0
25317,2025-06-20,17,151.4334456,245.0
25318,2025-06-20,18,128.3407363,424.0
25319,2025-06-20,19,173.7731632,300.0
25320,2025-06-20,20,212.8678293,286.0
25321,2025-06-20,21,188.6168738,274.0
25322,2025-06-20,22,243.039991,277.0
25323,2025-06-20,23,184.7666648,212.0
25324,2025-06-21,0,212.230463,234.0
25325,2025-06-21,1,198.6168339,271.0
25326,2025-06-21,2,166.8306306,294.0
25327,2025-06-21,3,222.8491942,198.0
25328,2025-06-21,4,270.4366119,192.0
25329,2025-06-21,5,150.7092521,128.0
25330,2025-06-21,6,285.6499288,88.0
25331,2025-06-21,7,191.9163954,92.0
25332,2025-06-21,8,274.8509863,70.0
25333,2025-06-21,9,223.414969,84.0
25334,2025-06-21,10,256.7127845,95.0
25335,2025-06-21,11,207.3447944,87.0
25336,2025-06-21,12,166.5428668,149.0
25337,2025-06-21,13,168.484903,202.0
25338,2025-06-21,14,182.4965601,241.0
25339,2025-06-21,15,171.4818304,229.0
25340,2025-06-21,16,231.7040829,233.0
25341,2025-06-21,17,166.9923845,197.0
25342,2025-06-21,18,174.4560542,274.0
25343,2025-06-21,19,141.2052269,346.0
25344,2025-06-21,20,179.9041268,252.0
25345,2025-06-21,21,173.4840485,219.0
25346,2025-06-21,22,166.1437111,236.0
25347,2025-06-21,23,167.4517988,226.0
25348,2025-06-22,0,206.5181722,177.0
25349,2025-06-22,1,178.6192835,269.0
25350,2025-06-22,2,169.0642204,192.0
25351,2025-06-22,3,202.9422833,155.0
25352,2025-06-22,4,187.6253225,160.0
25353,2025-06-22,5,125.0427927,80.0
25354,2025-06-22,6,273.0399884,70.0
25355,2025-06-22,7,185.5594508,111.0
25356,2025-06-22,8,223.2483912,99.0
25357,2025-06-22,9,203.1637213,85.0
25358,2025-06-22,10,223.9837655,103.0
25359,2025-06-22,11,204.0119941,135.0
25360,2025-06-22,12,221.1289709,153.0
25361,2025-06-22,13,139.9663639,182.0
25362,2025-06-22,14,202.6915841,268.0
25363,2025-06-22,15,168.7197868,313.0
25364,2025-06-22,16,213.3236635,237.0
25365,2025-06-22,17,172.1125658,196.0
25366,2025-06-22,18,183.6536092,276.0
25367,2025-06-22,19,163.2951974,306.0
25368,2025-06-22,20,193.2732982,310.0
25369,2025-06-22,21,185.5286932,252.0
25370,2025-06-22,22,206.6573696,259.0
25371,2025-06-22,23,165.0644455,304.0
25372,2025-06-23,0,173.9754768,307.0
25373,2025-06-23,1,148.5716994,327.0
25374,2025-06-23,2,168.6376199,251.0
25375,2025-06-23,3,166.8111999,210.0
25376,2025-06-23,4,196.964497,116.0
25377,2025-06-23,5,102.9389844,123.0
25378,2025-06-23,6,183.1541197,115.0
25379,2025-06-23,7,131.8966297,127.0
25380,2025-06-23,8,291.2403478,80.0
25381,2025-06-23,9,219.8709689,74.0
25382,2025-06-23,10,178.5780617,156.0
25383,2025-06-23,11,151.8695419,160.0
25384,2025-06-23,12,193.7922899,318.0
25385,2025-06-23,13,156.9806095,342.0
25386,2025-06-23,14,169.4466787,335.0
25387,2025-06-23,15,163.9356892,359.0
25388,2025-06-23,16,209.034681,372.0
25389,2025-06-23,17,166.9653766,337.0
25390,2025-06-23,18,238.0622088,352.0
25391,2025-06-23,19,187.1918066,318.0
25392,2025-06-23,20,184.4342801,372.0
25393,2025-06-23,21,197.278251,398.0
25394,2025-06-23,22,218.1179963,363.0
25395,2025-06-23,23,146.9318193,281.0
25396,2025-06-24,0,181.0383319,353.0
25397,2025-06-24,1,192.4540636,358.0
25398,2025-06-24,2,250.5845716,212.0
25399,2025-06-24,3,181.8865809,258.0
25400,2025-06-24,4,198.3226848,162.0
25401,2025-06-24,5,176.9598832,63.0
25402,2025-06-24,6,155.9107758,117.0
25403,2025-06-24,7,153.3431103,98.0
25404,2025-06-24,8,271.0174842,93.0
25405,2025-06-24,9,188.9145143,88.0
25406,2025-06-24,10,158.6402667,151.0
25407,2025-06-24,11,130.0267822,174.0
25408,2025-06-24,12,150.6124778,372.0
25409,2025-06-24,13,171.9839365,264.0
25410,2025-06-24,14,163.3916724,292.0
25411,2025-06-24,15,163.875765,295.0
25412,2025-06-24,16,194.7398501,339.0
25413,2025-06-24,17,166.4353601,288.0
25414,2025-06-24,18,170.9503347,397.0
25415,2025-06-24,19,208.3522373,328.0
25416,2025-06-24,20,177.388159,319.0
25417,2025-06-24,21,227.2297218,333.0
25418,2025-06-24,22,166.6219514,448.0
25419,2025-06-24,23,153.311566,304.0
25420,2025-06-25,0,167.7204784,317.0
25421,2025-06-25,1,181.3814361,306.0
25422,2025-06-25,2,202.7382702,299.0
25423,2025-06-25,3,205.74992,225.0
25424,2025-06-25,4,192.3656607,220.0
25425,2025-06-25,5,117.7199079,96.0
25426,2025-06-25,6,250.294324,72.0
25427,2025-06-25,7,160.8319436,120.0
25428,2025-06-25,8,316.4456077,83.0
25429,2025-06-25,9,200.6633385,89.0
25430,2025-06-25,10,212.3098419,133.0
25431,2025-06-25,11,122.084634,181.0
25432,2025-06-25,12,177.5241867,218.0
25433,2025-06-25,13,169.993753,335.0
25434,2025-06-25,14,161.1034389,294.0
25435,2025-06-25,15,194.3581852,328.0
25436,2025-06-25,16,188.2390448,285.0
25437,2025-06-25,17,146.5057631,343.0
25438,2025-06-25,18,203.2913706,381.0
25439,2025-06-25,19,199.3919422,308.0
25440,2025-06-25,20,208.7400794,243.0
25441,2025-06-25,21,202.4539233,305.0
25442,2025-06-25,22,218.3664372,286.0
25443,2025-06-25,23,193.7915798,248.0
25444,2025-06-26,0,202.0591458,243.0
25445,2025-06-26,1,177.7244531,247.0
25446,2025-06-26,2,170.8056175,306.0
25447,2025-06-26,3,214.9466527,257.0
25448,2025-06-26,4,201.8540916,166.0
25449,2025-06-26,5,130.6090958,67.0
25450,2025-06-26,6,206.8260868,92.0
25451,2025-06-26,7,187.7141402,115.0
25452,2025-06-26,8,308.05788,73.0
25453,2025-06-26,9,191.7383639,89.0
25454,2025-06-26,10,219.7916081,114.0
25455,2025-06-26,11,150.8208236,176.0
25456,2025-06-26,12,147.8062362,259.0
25457,2025-06-26,13,138.1843406,319.0
25458,2025-06-26,14,167.7438691,427.0
25459,2025-06-26,15,155.2162509,365.0
25460,2025-06-26,16,232.7472567,282.0
25461,2025-06-26,17,157.8019666,262.0
25462,2025-06-26,18,221.7255554,266.0
25463,2025-06-26,19,219.8034234,305.0
25464,2025-06-26,20,185.806955,389.0
25465,2025-06-26,21,151.8269365,272.0
25466,2025-06-26,22,185.0765356,240.0
25467,2025-06-26,23,156.0618683,261.0
25468,2025-06-27,0,204.1864651,254.0
25469,2025-06-27,1,184.1494148,287.0
25470,2025-06-27,2,171.4606005,321.0
25471,2025-06-27,3,170.0118095,268.0
25472,2025-06-27,4,210.4137688,156.0
25473,2025-06-27,5,79.44013228,147.0
25474,2025-06-27,6,271.2196313,81.0
25475,2025-06-27,7,168.8954903,126.0
25476,2025-06-27,8,247.926377,106.0
25477,2025-06-27,9,226.9370245,98.0
25478,2025-06-27,10,191.7506851,173.0
25479,2025-06-27,11,138.3897861,176.0
25480,2025-06-27,12,175.8523153,242.0
25481,2025-06-27,13,216.5466782,222.0
25482,2025-06-27,14,170.5303552,266.0
25483,2025-06-27,15,211.0660546,268.0
25484,2025-06-27,16,232.8103137,277.0
25485,2025-06-27,17,288.5433879,271.0
25486,2025-06-27,18,182.7420968,239.0
25487,2025-06-27,19,164.0224234,255.0
25488,2025-06-27,20,193.9706709,267.0
25489,2025-06-27,21,212.0771862,270.0
25490,2025-06-27,22,192.4837731,280.0
25491,2025-06-27,23,218.5702789,245.0
25492,2025-06-28,0,247.1088183,203.0
25493,2025-06-28,1,153.071401,325.0
25494,2025-06-28,2,180.0991073,203.0
25495,2025-06-28,3,195.9282897,235.0
25496,2025-06-28,4,232.1719225,126.0
25497,2025-06-28,5,191.6411989,85.0
25498,2025-06-28,6,251.5368388,89.0
25499,2025-06-28,7,202.4222491,141.0
25500,2025-06-28,8,293.605989,88.0
25501,2025-06-28,9,200.7404941,91.0
25502,2025-06-28,10,204.6365022,117.0
25503,2025-06-28,11,164.6722511,99.0
25504,2025-06-28,12,170.4565527,183.0
25505,2025-06-28,13,175.5637402,188.0
25506,2025-06-28,14,202.9768618,242.0
25507,2025-06-28,15,221.7810702,215.0
25508,2025-06-28,16,245.7489946,225.0
25509,2025-06-28,17,146.8095235,216.0
25510,2025-06-28,18,186.8566226,300.0
25511,2025-06-28,19,180.4935699,226.0
25512,2025-06-28,20,208.6615331,256.0
25513,2025-06-28,21,210.4159584,209.0
25514,2025-06-28,22,243.0629807,275.0
25515,2025-06-28,23,196.0511289,162.0
25516,2025-06-29,0,153.6969235,253.0
25517,2025-06-29,1,150.6615311,288.0
25518,2025-06-29,2,177.0041617,230.0
25519,2025-06-29,3,202.8595864,204.0
25520,2025-06-29,4,245.0606904,185.0
25521,2025-06-29,5,215.981194,81.0
25522,2025-06-29,6,281.059287,82.0
25523,2025-06-29,7,201.9871092,98.0
25524,2025-06-29,8,258.0694965,86.0
25525,2025-06-29,9,203.6659035,96.0
25526,2025-06-29,10,217.7300557,83.0
25527,2025-06-29,11,171.1468747,98.0
25528,2025-06-29,12,183.4448206,141.0
25529,2025-06-29,13,169.0856075,141.0
25530,2025-06-29,14,184.901265,246.0
25531,2025-06-29,15,212.7693252,295.0
25532,2025-06-29,16,190.1637778,319.0
25533,2025-06-29,17,190.264243,202.0
25534,2025-06-29,18,184.5050319,257.0
25535,2025-06-29,19,159.5787109,274.0
25536,2025-06-29,20,197.4184775,257.0
25537,2025-06-29,21,213.6259129,234.0
25538,2025-06-29,22,204.0674852,252.0
25539,2025-06-29,23,168.4143306,268.0
25540,2025-06-30,0,158.9112593,326.0
25541,2025-06-30,1,182.5712332,308.0
25542,2025-06-30,2,148.1063724,249.0
25543,2025-06-30,3,201.1400552,173.0
25544,2025-06-30,4,274.3948395,129.0
25545,2025-06-30,5,109.1732619,107.0
25546,2025-06-30,6,238.1823167,73.0
25547,2025-06-30,7,195.0311638,125.0
25548,2025-06-30,8,195.5083929,133.0
25549,2025-06-30,9,128.9217043,98.0
25550,2025-06-30,10,173.7447951,136.0
25551,2025-06-30,11,128.1592313,122.0
25552,2025-06-30,12,184.3028157,250.0
25553,2025-06-30,13,146.8871326,350.0
25554,2025-06-30,14,187.6074535,403.0
25555,2025-06-30,15,179.7685436,414.0
25556,2025-06-30,16,233.4087761,379.0
25557,2025-06-30,17,185.3863149,337.0
25558,2025-06-30,18,171.4826392,338.0
25559,2025-06-30,19,204.739256,261.0
25560,2025-06-30,20,192.4238011,295.0
25561,2025-06-30,21,240.404114,275.0
25562,2025-06-30,22,237.7137737,291.0
25563,2025-06-30,23,151.7877302,257.0
25564,2025-07-01,0,181.7263005,260.0
25565,2025-07-01,1,159.8554716,331.0
25566,2025-07-01,2,175.762527,263.0
25567,2025-07-01,3,189.332763,248.0
25568,2025-07-01,4,237.2245934,154.0
25569,2025-07-01,5,147.0932602,262.0
25570,2025-07-01,6,194.7109004,158.0
25571,2025-07-01,7,186.4615121,130.0
25572,2025-07-01,8,185.4219821,155.0
25573,2025-07-01,9,163.3035049,92.0
25574,2025-07-01,10,181.9057637,133.0
25575,2025-07-01,11,151.2299488,133.0
25576,2025-07-01,12,158.7294221,242.0
25577,2025-07-01,13,213.2664469,242.0
25578,2025-07-01,14,192.779477,341.0
25579,2025-07-01,15,164.0324242,335.0
25580,2025-07-01,16,172.6715639,355.0
25581,2025-07-01,17,166.9715151,319.0
25582,2025-07-01,18,168.7301506,322.0
25583,2025-07-01,19,172.054634,273.0
25584,2025-07-01,20,190.7282683,252.0
25585,2025-07-01,21,177.1290875,451.0
25586,2025-07-01,22,217.9472035,323.0
25587,2025-07-01,23,179.4775861,274.0
25588,2025-07-02,0,193.4761243,366.0
25589,2025-07-02,1,184.3324412,310.0
25590,2025-07-02,2,195.0564324,318.0
25591,2025-07-02,3,202.1132375,229.0
25592,2025-07-02,4,180.9282629,208.0
25593,2025-07-02,5,125.0686105,67.0
25594,2025-07-02,6,175.7444212,86.0
25595,2025-07-02,7,276.2085033,109.0
25596,2025-07-02,8,242.5120188,110.0
25597,2025-07-02,9,199.3731331,95.0
25598,2025-07-02,10,152.9113006,177.0
25599,2025-07-02,11,128.7589268,166.0
25600,2025-07-02,12,180.3256986,270.0
25601,2025-07-02,13,206.3457765,267.0
25602,2025-07-02,14,216.4028162,322.0
25603,2025-07-02,15,191.0158125,351.0
25604,2025-07-02,16,204.3485556,264.0
25605,2025-07-02,17,141.616108,330.0
25606,2025-07-02,18,199.8414679,321.0
25607,2025-07-02,19,160.0176151,336.0
25608,2025-07-02,20,179.7930589,312.0
25609,2025-07-02,21,209.2841834,262.0
25610,2025-07-02,22,199.4612251,355.0
25611,2025-07-02,23,158.8941721,256.0
25612,2025-07-03,0,183.467203,282.0
25613,2025-07-03,1,162.2283044,350.0
25614,2025-07-03,2,198.581469,196.0
25615,2025-07-03,3,190.2142884,223.0
25616,2025-07-03,4,172.0618098,194.0
25617,2025-07-03,5,196.3549809,92.0
25618,2025-07-03,6,264.457908,73.0
25619,2025-07-03,7,214.8687458,101.0
25620,2025-07-03,8,257.6524292,93.0
25621,2025-07-03,9,213.3937979,97.0
25622,2025-07-03,10,157.4525861,124.0
25623,2025-07-03,11,200.7190574,202.0
25624,2025-07-03,12,196.934395,277.0
25625,2025-07-03,13,167.4853318,328.0
25626,2025-07-03,14,184.4278498,342.0
25627,2025-07-03,15,206.1992667,246.0
25628,2025-07-03,16,210.805283,265.0
25629,2025-07-03,17,155.7027849,278.0
25630,2025-07-03,18,158.3047529,347.0
25631,2025-07-03,19,150.3999053,367.0
25632,2025-07-03,20,193.476801,310.0
25633,2025-07-03,21,211.9889963,253.0
25634,2025-07-03,22,207.2280402,209.0
25635,2025-07-03,23,127.1304749,209.0
25636,2025-07-04,0,190.70543,185.0
25637,2025-07-04,1,171.3634862,325.0
25638,2025-07-04,2,165.0211365,294.0
25639,2025-07-04,3,136.7734624,289.0
25640,2025-07-04,4,185.8966435,187.0
25641,2025-07-04,5,207.250129,134.0
25642,2025-07-04,6,215.4823387,88.0
25643,2025-07-04,7,223.2435823,102.0
25644,2025-07-04,8,252.9486488,89.0
25645,2025-07-04,9,246.2340783,57.0
25646,2025-07-04,10,207.4583669,66.0
25647,2025-07-04,11,170.9969932,84.0
25648,2025-07-04,12,187.202232,138.0
25649,2025-07-04,13,162.3098178,140.0
25650,2025-07-04,14,204.1788109,176.0
25651,2025-07-04,15,175.2290845,202.0
25652,2025-07-04,16,207.6736239,238.0
25653,2025-07-04,17,194.7140423,177.0
25654,2025-07-04,18,156.1545457,192.0
25655,2025-07-04,19,213.2046891,111.0
25656,2025-07-04,20,233.0714698,147.0
25657,2025-07-04,21,176.3628069,235.0
25658,2025-07-04,22,200.818989,262.0
25659,2025-07-04,23,150.6139029,106.0
25660,2025-07-05,0,173.5770722,130.0
25661,2025-07-05,1,160.996115,170.0
25662,2025-07-05,2,157.8891862,182.0
25663,2025-07-05,3,194.3188634,162.0
25664,2025-07-05,4,159.9770452,216.0
25665,2025-07-05,5,150.0440626,72.0
25666,2025-07-05,6,262.1697329,66.0
25667,2025-07-05,7,236.0111025,67.0
25668,2025-07-05,8,319.7382286,62.0
25669,2025-07-05,9,239.6846,54.0
25670,2025-07-05,10,191.7891277,81.0
25671,2025-07-05,11,160.0019745,71.0
25672,2025-07-05,12,156.6634223,159.0
25673,2025-07-05,13,192.8642588,182.0
25674,2025-07-05,14,186.6608295,227.0
25675,2025-07-05,15,188.7332526,259.0
25676,2025-07-05,16,242.1670375,179.0
25677,2025-07-05,17,191.7681967,165.0
25678,2025-07-05,18,196.4829825,202.0
25679,2025-07-05,19,172.1880407,225.0
25680,2025-07-05,20,228.1648643,196.0
25681,2025-07-05,21,199.9124423,189.0
25682,2025-07-05,22,232.95393,171.0
25683,2025-07-05,23,169.7564669,130.0
25684,2025-07-06,0,251.8454577,204.0
25685,2025-07-06,1,187.7021043,153.0
25686,2025-07-06,2,201.6906604,209.0
25687,2025-07-06,3,220.0780258,168.0
25688,2025-07-06,4,230.3066313,138.0
25689,2025-07-06,5,203.3139373,73.0
25690,2025-07-06,6,288.3403273,69.0
25691,2025-07-06,7,202.6728735,116.0
25692,2025-07-06,8,384.1274315,75.0
25693,2025-07-06,9,180.8049039,77.0
25694,2025-07-06,10,133.6681831,90.0
25695,2025-07-06,11,160.2244326,73.0
25696,2025-07-06,12,215.4580683,129.0
25697,2025-07-06,13,283.2578428,166.0
25698,2025-07-06,14,156.3984903,229.0
25699,2025-07-06,15,168.2572344,208.0
25700,2025-07-06,16,238.7699517,227.0
25701,2025-07-06,17,180.7075541,298.0
25702,2025-07-06,18,201.5203046,317.0
25703,2025-07-06,19,194.6844303,268.0
25704,2025-07-06,20,206.684408,219.0
25705,2025-07-06,21,223.2334804,206.0
25706,2025-07-06,22,197.6527565,249.0
25707,2025-07-06,23,176.6044735,211.0
25708,2025-07-07,0,189.1218258,177.0
25709,2025-07-07,1,161.8802469,241.0
25710,2025-07-07,2,166.8358562,229.0
25711,2025-07-07,3,183.0328959,208.0
25712,2025-07-07,4,164.7314916,146.0
25713,2025-07-07,5,92.95595189,144.0
25714,2025-07-07,6,235.7489565,73.0
25715,2025-07-07,7,147.2417364,94.0
25716,2025-07-07,8,238.6373094,80.0
25717,2025-07-07,9,188.6073014,92.0
25718,2025-07-07,10,170.0124319,112.0
25719,2025-07-07,11,146.8573448,134.0
25720,2025-07-07,12,194.0652852,216.0
25721,2025-07-07,13,204.0458995,241.0
25722,2025-07-07,14,194.002053,316.0
25723,2025-07-07,15,178.8949293,242.0
25724,2025-07-07,16,241.5886677,290.0
25725,2025-07-07,17,149.5733882,202.0
25726,2025-07-07,18,164.1718965,317.0
25727,2025-07-07,19,183.2678796,308.0
25728,2025-07-07,20,221.2282991,244.0
25729,2025-07-07,21,184.2037907,251.0
25730,2025-07-07,22,188.0532572,316.0
25731,2025-07-07,23,164.0584009,233.0
25732,2025-07-08,0,168.5760242,284.0
25733,2025-07-08,1,174.8366493,250.0
25734,2025-07-08,2,193.9085879,318.0
25735,2025-07-08,3,200.8517374,228.0
25736,2025-07-08,4,211.3945852,168.0
25737,2025-07-08,5,149.0091939,115.0
25738,2025-07-08,6,319.4106331,54.0
25739,2025-07-08,7,210.2775528,93.0
25740,2025-07-08,8,297.7027368,74.0
25741,2025-07-08,9,246.676785,88.0
25742,2025-07-08,10,170.8810099,142.0
25743,2025-07-08,11,193.1451705,114.0
25744,2025-07-08,12,163.5334182,231.0
25745,2025-07-08,13,161.3516568,294.0
25746,2025-07-08,14,181.8631569,279.0
25747,2025-07-08,15,157.9900803,262.0
25748,2025-07-08,16,225.45086,300.0
25749,2025-07-08,17,157.4559905,349.0
25750,2025-07-08,18,153.0017001,319.0
25751,2025-07-08,19,156.5997207,304.0
25752,2025-07-08,20,199.6203249,307.0
25753,2025-07-08,21,198.3239827,289.0
25754,2025-07-08,22,210.911605,262.0
25755,2025-07-08,23,152.6555534,327.0
25756,2025-07-09,0,184.6227392,221.0
25757,2025-07-09,1,192.4979321,292.0
25758,2025-07-09,2,217.2178111,243.0
25759,2025-07-09,3,227.6563017,178.0
25760,2025-07-09,4,175.4338883,339.0
25761,2025-07-09,5,185.9930481,95.0
25762,2025-07-09,6,279.1256718,65.0
25763,2025-07-09,7,166.5759353,109.0
25764,2025-07-09,8,326.5556215,86.0
25765,2025-07-09,9,214.1926563,87.0
25766,2025-07-09,10,211.3996355,111.0
25767,2025-07-09,11,153.1822836,152.0
25768,2025-07-09,12,160.7228304,256.0
25769,2025-07-09,13,170.3347806,363.0
25770,2025-07-09,14,153.4727139,398.0
25771,2025-07-09,15,202.0206929,282.0
25772,2025-07-09,16,208.3878866,261.0
25773,2025-07-09,17,174.3484443,208.0
25774,2025-07-09,18,156.9274467,325.0
25775,2025-07-09,19,180.0985533,267.0
25776,2025-07-09,20,193.7802764,347.0
25777,2025-07-09,21,230.3179261,323.0
25778,2025-07-09,22,212.9913725,252.0
25779,2025-07-09,23,131.3137924,349.0
25780,2025-07-10,0,203.8773747,295.0
25781,2025-07-10,1,182.2168742,327.0
25782,2025-07-10,2,226.7889613,255.0
25783,2025-07-10,3,188.4682484,153.0
25784,2025-07-10,4,214.0918745,158.0
25785,2025-07-10,5,91.02218203,82.0
25786,2025-07-10,6,164.2207801,119.0
25787,2025-07-10,7,172.1939821,118.0
25788,2025-07-10,8,268.7068151,81.0
25789,2025-07-10,9,208.1503427,100.0
25790,2025-07-10,10,201.7342363,142.0
25791,2025-07-10,11,134.6711293,152.0
25792,2025-07-10,12,187.820111,245.0
25793,2025-07-10,13,182.9996332,311.0
25794,2025-07-10,14,192.9601775,403.0
25795,2025-07-10,15,195.9358595,355.0
25796,2025-07-10,16,211.1245127,366.0
25797,2025-07-10,17,188.7637163,348.0
25798,2025-07-10,18,215.6050127,297.0
25799,2025-07-10,19,210.517795,312.0
25800,2025-07-10,20,205.464162,284.0
25801,2025-07-10,21,201.6214678,293.0
25802,2025-07-10,22,242.4602338,348.0
25803,2025-07-10,23,171.1043006,255.0
25804,2025-07-11,0,173.4330174,236.0
25805,2025-07-11,1,166.5712396,266.0
25806,2025-07-11,2,197.3558215,207.0
25807,2025-07-11,3,228.2654532,156.0
25808,2025-07-11,4,262.3840817,115.0
25809,2025-07-11,5,117.7427737,164.0
25810,2025-07-11,6,254.0878304,98.0
25811,2025-07-11,7,242.8901624,79.0
25812,2025-07-11,8,301.9233168,61.0
25813,2025-07-11,9,287.7629417,62.0
25814,2025-07-11,10,185.7944341,128.0
25815,2025-07-11,11,158.4690481,177.0
25816,2025-07-11,12,198.5219926,254.0
25817,2025-07-11,13,160.7027709,391.0
25818,2025-07-11,14,173.8814237,392.0
25819,2025-07-11,15,156.9242148,346.0
25820,2025-07-11,16,164.6802244,320.0
25821,2025-07-11,17,155.3009245,372.0
25822,2025-07-11,18,171.2236162,373.0
25823,2025-07-11,19,161.3950821,302.0
25824,2025-07-11,20,183.38404,335.0
25825,2025-07-11,21,186.8530047,274.0
25826,2025-07-11,22,201.5552453,258.0
25827,2025-07-11,23,147.0558082,265.0
25828,2025-07-12,0,186.1389278,254.0
25829,2025-07-12,1,183.0933656,301.0
25830,2025-07-12,2,199.8623339,218.0
25831,2025-07-12,3,186.9299501,193.0
25832,2025-07-12,4,164.3108905,184.0
25833,2025-07-12,5,125.5701763,105.0
25834,2025-07-12,6,272.3671121,82.0
25835,2025-07-12,7,156.5613753,116.0
25836,2025-07-12,8,294.0302497,76.0
25837,2025-07-12,9,156.5485294,80.0
25838,2025-07-12,10,189.3005589,115.0
25839,2025-07-12,11,93.3359811,123.0
25840,2025-07-12,12,216.6294451,155.0
25841,2025-07-12,13,193.353191,225.0
25842,2025-07-12,14,236.7288605,219.0
25843,2025-07-12,15,210.4415625,306.0
25844,2025-07-12,16,193.4206994,300.0
25845,2025-07-12,17,179.717196,311.0
25846,2025-07-12,18,170.2023757,313.0
25847,2025-07-12,19,230.6141744,259.0
25848,2025-07-12,20,170.6014741,317.0
25849,2025-07-12,21,249.1490067,238.0
25850,2025-07-12,22,205.9855873,208.0
25851,2025-07-12,23,197.1411427,178.0
25852,2025-07-13,0,186.6205636,249.0
25853,2025-07-13,1,190.2978754,273.0
25854,2025-07-13,2,238.2944746,229.0
25855,2025-07-13,3,202.266844,168.0
25856,2025-07-13,4,209.0289391,130.0
25857,2025-07-13,5,218.8937157,64.0
25858,2025-07-13,6,198.6581394,117.0
25859,2025-07-13,7,191.706206,82.0
25860,2025-07-13,8,247.8709667,99.0
25861,2025-07-13,9,221.6789764,57.0
25862,2025-07-13,10,230.2331527,96.0
25863,2025-07-13,11,118.4097858,68.0
25864,2025-07-13,12,239.5697321,121.0
25865,2025-07-13,13,210.3923907,162.0
25866,2025-07-13,14,183.3601298,240.0
25867,2025-07-13,15,223.3990481,180.0
25868,2025-07-13,16,218.6151339,341.0
25869,2025-07-13,17,212.1490595,190.0
25870,2025-07-13,18,201.6884253,288.0
25871,2025-07-13,19,180.4612224,460.0
25872,2025-07-13,20,176.9064611,279.0
25873,2025-07-13,21,198.5459089,208.0
25874,2025-07-13,22,201.8672119,282.0
25875,2025-07-13,23,168.5151125,260.0
25876,2025-07-14,0,181.8318596,239.0
25877,2025-07-14,1,198.6309103,265.0
25878,2025-07-14,2,217.7298831,188.0
25879,2025-07-14,3,276.3886379,126.0
25880,2025-07-14,4,223.5847734,137.0
25881,2025-07-14,5,103.4953814,95.0
25882,2025-07-14,6,282.1671355,61.0
25883,2025-07-14,7,212.3704328,75.0
25884,2025-07-14,8,271.3194827,84.0
25885,2025-07-14,9,255.6781755,84.0
25886,2025-07-14,10,199.1893348,134.0
25887,2025-07-14,11,152.0123581,155.0
25888,2025-07-14,12,160.9976631,265.0
25889,2025-07-14,13,167.817772,356.0
25890,2025-07-14,14,143.5266919,377.0
25891,2025-07-14,15,167.6191475,303.0
25892,2025-07-14,16,175.7545216,425.0
25893,2025-07-14,17,134.8458649,336.0
25894,2025-07-14,18,161.6715563,358.0
25895,2025-07-14,19,160.7143722,317.0
25896,2025-07-14,20,168.6137895,314.0
25897,2025-07-14,21,180.3889691,267.0
25898,2025-07-14,22,205.1836971,316.0
25899,2025-07-14,23,160.4869394,281.0
25900,2025-07-15,0,178.379238,304.0
25901,2025-07-15,1,184.1839345,261.0
25902,2025-07-15,2,212.2074745,231.0
25903,2025-07-15,3,156.64428,201.0
25904,2025-07-15,4,186.3772938,145.0
25905,2025-07-15,5,141.9577311,63.0
25906,2025-07-15,6,222.0732222,99.0
25907,2025-07-15,7,178.9605384,103.0
25908,2025-07-15,8,263.3991786,92.0
25909,2025-07-15,9,170.6259115,71.0
25910,2025-07-15,10,236.25148,123.0
25911,2025-07-15,11,169.8695622,165.0
25912,2025-07-15,12,169.4574423,287.0
25913,2025-07-15,13,195.9805501,362.0
25914,2025-07-15,14,164.854395,335.0
25915,2025-07-15,15,182.6854216,375.0
25916,2025-07-15,16,193.033764,302.0
25917,2025-07-15,17,161.187233,304.0
25918,2025-07-15,18,134.4898492,366.0
25919,2025-07-15,19,178.9983084,290.0
25920,2025-07-15,20,237.1887171,340.0
25921,2025-07-15,21,216.334905,334.0
25922,2025-07-15,22,223.2152435,273.0
25923,2025-07-15,23,174.6998465,273.0
25924,2025-07-16,0,229.0982178,317.0
25925,2025-07-16,1,147.6579001,368.0
25926,2025-07-16,2,209.8898348,271.0
25927,2025-07-16,3,218.3565483,211.0
25928,2025-07-16,4,135.9391982,153.0
25929,2025-07-16,5,195.9246574,88.0
25930,2025-07-16,6,228.1509566,84.0
25931,2025-07-16,7,167.9455402,121.0
25932,2025-07-16,8,279.9336747,76.0
25933,2025-07-16,9,192.6359898,81.0
25934,2025-07-16,10,151.8817039,145.0
25935,2025-07-16,11,157.3982825,191.0
25936,2025-07-16,12,157.0228058,198.0
25937,2025-07-16,13,202.9651046,385.0
25938,2025-07-16,14,187.2598225,334.0
25939,2025-07-16,15,204.073813,365.0
25940,2025-07-16,16,154.924599,361.0
25941,2025-07-16,17,129.5613577,295.0
25942,2025-07-16,18,195.3343618,284.0
25943,2025-07-16,19,182.0688047,308.0
25944,2025-07-16,20,161.0898292,329.0
25945,2025-07-16,21,207.2851673,228.0
25946,2025-07-16,22,186.5762937,286.0
25947,2025-07-16,23,167.3684419,300.0
25948,2025-07-17,0,163.0556178,324.0
25949,2025-07-17,1,158.6297372,324.0
25950,2025-07-17,2,190.1352105,228.0
25951,2025-07-17,3,158.6462482,190.0
25952,2025-07-17,4,153.7242052,158.0
25953,2025-07-17,5,190.1072188,54.0
25954,2025-07-17,6,206.6627723,86.0
25955,2025-07-17,7,226.8358986,91.0
25956,2025-07-17,8,284.8868413,86.0
25957,2025-07-17,9,172.0925012,83.0
25958,2025-07-17,10,186.8882238,124.0
25959,2025-07-17,11,150.2551923,154.0
25960,2025-07-17,12,157.2136585,292.0
25961,2025-07-17,13,153.2493171,393.0
25962,2025-07-17,14,156.3962606,382.0
25963,2025-07-17,15,191.0583661,252.0
25964,2025-07-17,16,184.4498168,295.0
25965,2025-07-17,17,167.5337005,258.0
25966,2025-07-17,18,186.220946,365.0
25967,2025-07-17,19,138.5100323,365.0
25968,2025-07-17,20,178.380091,302.0
25969,2025-07-17,21,172.3097967,286.0
25970,2025-07-17,22,205.4539279,319.0
25971,2025-07-17,23,144.4396993,307.0
25972,2025-07-18,0,182.0328243,292.0
25973,2025-07-18,1,181.036151,285.0
25974,2025-07-18,2,192.0723941,253.0
25975,2025-07-18,3,161.5596851,185.0
25976,2025-07-18,4,185.9387305,140.0
25977,2025-07-18,5,138.7007019,72.0
25978,2025-07-18,6,229.4806489,109.0
25979,2025-07-18,7,150.7739233,105.0
25980,2025-07-18,8,285.4523693,96.0
25981,2025-07-18,9,236.2542264,71.0
25982,2025-07-18,10,199.711532,136.0
25983,2025-07-18,11,149.3386717,167.0
25984,2025-07-18,12,158.1657573,265.0
25985,2025-07-18,13,133.44033,284.0
25986,2025-07-18,14,164.8406792,416.0
25987,2025-07-18,15,177.7877936,464.0
25988,2025-07-18,16,181.8478855,330.0
25989,2025-07-18,17,169.2883403,334.0
25990,2025-07-18,18,159.3107147,380.0
25991,2025-07-18,19,160.9755558,353.0
25992,2025-07-18,20,215.413537,287.0
25993,2025-07-18,21,206.6113253,222.0
25994,2025-07-18,22,179.3285471,259.0
25995,2025-07-18,23,168.9901537,199.0
25996,2025-07-19,0,146.786511,311.0
25997,2025-07-19,1,182.9805457,236.0
25998,2025-07-19,2,147.8535154,316.0
25999,2025-07-19,3,182.8232551,219.0
26000,2025-07-19,4,190.9927991,194.0
26001,2025-07-19,5,195.4590882,79.0
26002,2025-07-19,6,186.3610289,110.0
26003,2025-07-19,7,223.997552,80.0
26004,2025-07-19,8,267.7146124,110.0
26005,2025-07-19,9,230.9710717,69.0
26006,2025-07-19,10,256.1835833,63.0
26007,2025-07-19,11,155.5860494,95.0
26008,2025-07-19,12,181.610178,154.0
26009,2025-07-19,13,144.5638033,186.0
26010,2025-07-19,14,186.3661659,298.0
26011,2025-07-19,15,217.8904786,219.0
26012,2025-07-19,16,224.5579802,255.0
26013,2025-07-19,17,193.1804611,291.0
26014,2025-07-19,18,165.7188162,236.0
26015,2025-07-19,19,189.3785022,300.0
26016,2025-07-19,20,183.6444047,210.0
26017,2025-07-19,21,182.287628,280.0
26018,2025-07-19,22,195.3861145,312.0
26019,2025-07-19,23,168.8910907,270.0
26020,2025-07-20,0,190.9766666,179.0
26021,2025-07-20,1,185.3448777,266.0
26022,2025-07-20,2,223.2369432,182.0
26023,2025-07-20,3,173.119866,165.0
26024,2025-07-20,4,229.3883982,137.0
26025,2025-07-20,5,147.1233313,77.0
26026,2025-07-20,6,242.6939011,87.0
26027,2025-07-20,7,190.1179901,82.0
26028,2025-07-20,8,273.8456605,98.0
26029,2025-07-20,9,226.2338,43.0
26030,2025-07-20,10,236.7124758,61.0
26031,2025-07-20,11,207.0614558,90.0
26032,2025-07-20,12,188.9597319,139.0
26033,2025-07-20,13,180.9148009,122.0
26034,2025-07-20,14,202.8332403,218.0
26035,2025-07-20,15,189.0380676,197.0
26036,2025-07-20,16,221.6216239,274.0
26037,2025-07-20,17,193.1497401,202.0
26038,2025-07-20,18,178.5133285,197.0
26039,2025-07-20,19,193.4221123,290.0
26040,2025-07-20,20,199.0080551,252.0
26041,2025-07-20,21,209.3375248,251.0
26042,2025-07-20,22,227.0508719,282.0
26043,2025-07-20,23,226.6080535,238.0
26044,2025-07-21,0,185.7933592,175.0
26045,2025-07-21,1,172.4954434,325.0
26046,2025-07-21,2,189.7989425,224.0
26047,2025-07-21,3,218.2298556,171.0
26048,2025-07-21,4,185.7418832,153.0
26049,2025-07-21,5,195.8450258,139.0
26050,2025-07-21,6,238.3321558,91.0
26051,2025-07-21,7,262.7233127,100.0
26052,2025-07-21,8,277.1199782,77.0
26053,2025-07-21,9,136.9804395,109.0
26054,2025-07-21,10,212.4386722,124.0
26055,2025-07-21,11,150.5401884,188.0
26056,2025-07-21,12,167.7202273,302.0
26057,2025-07-21,13,146.1227931,368.0
26058,2025-07-21,14,163.147031,263.0
26059,2025-07-21,15,192.2185535,261.0
26060,2025-07-21,16,176.8083406,295.0
26061,2025-07-21,17,131.117022,294.0
26062,2025-07-21,18,150.6054691,328.0
26063,2025-07-21,19,166.5660633,382.0
26064,2025-07-21,20,172.6361629,337.0
26065,2025-07-21,21,211.3976326,299.0
26066,2025-07-21,22,198.0577881,316.0
26067,2025-07-21,23,157.875624,313.0
26068,2025-07-22,0,180.3027941,278.0
26069,2025-07-22,1,157.3761162,288.0
26070,2025-07-22,2,213.8389957,199.0
26071,2025-07-22,3,137.4140507,192.0
26072,2025-07-22,4,212.9207612,129.0
26073,2025-07-22,5,136.0042602,90.0
26074,2025-07-22,6,239.3208752,69.0
26075,2025-07-22,7,176.076117,91.0
26076,2025-07-22,8,240.4597454,104.0
26077,2025-07-22,9,193.9409195,65.0
26078,2025-07-22,10,204.3970929,136.0
26079,2025-07-22,11,149.6922752,172.0
26080,2025-07-22,12,175.0731489,224.0
26081,2025-07-22,13,164.983154,316.0
26082,2025-07-22,14,190.050849,378.0
26083,2025-07-22,15,154.9907915,339.0
26084,2025-07-22,16,165.218596,398.0
26085,2025-07-22,17,121.7034581,360.0
26086,2025-07-22,18,151.9061948,423.0
26087,2025-07-22,19,133.967614,353.0
26088,2025-07-22,20,175.2487842,293.0
26089,2025-07-22,21,153.3393707,248.0
26090,2025-07-22,22,177.0216273,378.0
26091,2025-07-22,23,159.0344356,293.0
26092,2025-07-23,0,214.5705757,350.0
26093,2025-07-23,1,167.9489937,302.0
26094,2025-07-23,2,180.6371807,270.0
26095,2025-07-23,3,149.0658437,208.0
26096,2025-07-23,4,179.2626287,169.0
26097,2025-07-23,5,165.3044191,57.0
26098,2025-07-23,6,198.0327326,90.0
26099,2025-07-23,7,214.3303023,139.0
26100,2025-07-23,8,382.8664556,82.0
26101,2025-07-23,9,163.1990055,91.0
26102,2025-07-23,10,210.0151605,128.0
26103,2025-07-23,11,152.7608571,181.0
26104,2025-07-23,12,172.3564663,251.0
26105,2025-07-23,13,165.2770465,329.0
26106,2025-07-23,14,182.2885166,411.0
26107,2025-07-23,15,157.4715015,326.0
26108,2025-07-23,16,190.8836557,303.0
26109,2025-07-23,17,200.1359195,285.0
26110,2025-07-23,18,149.9878107,365.0
26111,2025-07-23,19,152.9079861,339.0
26112,2025-07-23,20,151.2230055,304.0
26113,2025-07-23,21,175.8018908,286.0
26114,2025-07-23,22,198.1620956,322.0
26115,2025-07-23,23,151.9078065,223.0
26116,2025-07-24,0,180.1175974,198.0
26117,2025-07-24,1,175.4932468,370.0
26118,2025-07-24,2,224.1032556,223.0
26119,2025-07-24,3,191.2970664,267.0
26120,2025-07-24,4,214.1353516,121.0
26121,2025-07-24,5,187.0700804,129.0
26122,2025-07-24,6,259.5538194,67.0
26123,2025-07-24,7,174.0937609,110.0
26124,2025-07-24,8,245.025696,91.0
26125,2025-07-24,9,167.754743,65.0
26126,2025-07-24,10,222.7091802,137.0
26127,2025-07-24,11,162.7437112,139.0
26128,2025-07-24,12,153.5869049,249.0
26129,2025-07-24,13,170.2988069,379.0
26130,2025-07-24,14,182.5518871,329.0
26131,2025-07-24,15,158.3017508,306.0
26132,2025-07-24,16,187.9468191,302.0
26133,2025-07-24,17,146.9211104,267.0
26134,2025-07-24,18,173.8270772,315.0
26135,2025-07-24,19,185.9813688,282.0
26136,2025-07-24,20,203.4097866,256.0
26137,2025-07-24,21,186.7129955,279.0
26138,2025-07-24,22,163.2053509,297.0
26139,2025-07-24,23,134.6065272,229.0
26140,2025-07-25,0,187.0427199,195.0
26141,2025-07-25,1,138.0447382,257.0
26142,2025-07-25,2,201.6627366,237.0
26143,2025-07-25,3,202.5833826,174.0
26144,2025-07-25,4,139.9360726,220.0
26145,2025-07-25,5,136.9639544,83.0
26146,2025-07-25,6,260.9551898,76.0
26147,2025-07-25,7,269.3467061,84.0
26148,2025-07-25,8,192.0622569,133.0
26149,2025-07-25,9,151.935879,157.0
26150,2025-07-25,10,163.3817329,174.0
26151,2025-07-25,11,126.8479684,208.0
26152,2025-07-25,12,160.3836165,238.0
26153,2025-07-25,13,187.3956486,266.0
26154,2025-07-25,14,169.3287975,287.0
26155,2025-07-25,15,195.8864297,306.0
26156,2025-07-25,16,217.0912439,253.0
26157,2025-07-25,17,168.8860858,265.0
26158,2025-07-25,18,163.4293406,360.0
26159,2025-07-25,19,222.2878881,392.0
26160,2025-07-25,20,222.5106158,292.0
26161,2025-07-25,21,180.0975032,240.0
26162,2025-07-25,22,205.1209856,220.0
26163,2025-07-25,23,158.1370551,282.0
26164,2025-07-26,0,186.3094918,241.0
26165,2025-07-26,1,157.8737027,245.0
26166,2025-07-26,2,194.0202733,197.0
26167,2025-07-26,3,223.6998304,140.0
26168,2025-07-26,4,220.9982011,128.0
26169,2025-07-26,5,88.46630703,179.0
26170,2025-07-26,6,302.173191,62.0
26171,2025-07-26,7,211.3186958,74.0
26172,2025-07-26,8,254.6033653,74.0
26173,2025-07-26,9,146.0533956,75.0
26174,2025-07-26,10,228.356816,93.0
26175,2025-07-26,11,149.523231,87.0
26176,2025-07-26,12,172.0070756,141.0
26177,2025-07-26,13,175.8223768,213.0
26178,2025-07-26,14,225.7458539,278.0
26179,2025-07-26,15,259.4413406,273.0
26180,2025-07-26,16,219.8296581,232.0
26181,2025-07-26,17,208.2135199,222.0
26182,2025-07-26,18,195.8331333,230.0
26183,2025-07-26,19,209.0013645,277.0
26184,2025-07-26,20,196.422785,250.0
26185,2025-07-26,21,267.1604673,181.0
26186,2025-07-26,22,206.3674928,196.0
26187,2025-07-26,23,209.6602151,225.0
26188,2025-07-27,0,169.1533209,210.0
26189,2025-07-27,1,166.7234453,278.0
26190,2025-07-27,2,159.9501004,257.0
26191,2025-07-27,3,162.4689398,229.0
26192,2025-07-27,4,189.7978926,175.0
26193,2025-07-27,5,232.9766701,60.0
26194,2025-07-27,6,277.6445519,72.0
26195,2025-07-27,7,161.7110953,122.0
26196,2025-07-27,8,280.4497132,81.0
26197,2025-07-27,9,237.2330912,38.0
26198,2025-07-27,10,191.4089095,86.0
26199,2025-07-27,11,185.268662,69.0
26200,2025-07-27,12,173.0876398,123.0
26201,2025-07-27,13,193.490699,188.0
26202,2025-07-27,14,199.7063562,220.0
26203,2025-07-27,15,173.2000649,200.0
26204,2025-07-27,16,207.6838195,234.0
26205,2025-07-27,17,225.7518626,223.0
26206,2025-07-27,18,170.6841218,345.0
26207,2025-07-27,19,223.4070463,228.0
26208,2025-07-27,20,170.8253186,255.0
26209,2025-07-27,21,229.1255676,267.0
26210,2025-07-27,22,192.5873998,315.0
26211,2025-07-27,23,150.2670255,247.0
26212,2025-07-28,0,159.1441206,311.0
26213,2025-07-28,1,166.0838528,348.0
26214,2025-07-28,2,208.5624941,244.0
26215,2025-07-28,3,189.4917901,135.0
26216,2025-07-28,4,263.2634916,140.0
26217,2025-07-28,5,124.3374211,76.0
26218,2025-07-28,6,215.6841946,96.0
26219,2025-07-28,7,165.529481,113.0
26220,2025-07-28,8,213.6612949,82.0
26221,2025-07-28,9,121.2059453,104.0
26222,2025-07-28,10,204.2288669,124.0
26223,2025-07-28,11,146.7583294,129.0
26224,2025-07-28,12,126.3642211,310.0
26225,2025-07-28,13,169.6596143,351.0
26226,2025-07-28,14,232.5893261,310.0
26227,2025-07-28,15,243.5934001,344.0
26228,2025-07-28,16,216.4249371,344.0
26229,2025-07-28,17,184.7069934,279.0
26230,2025-07-28,18,171.7194433,300.0
26231,2025-07-28,19,189.1294061,402.0
26232,2025-07-28,20,185.0922377,401.0
26233,2025-07-28,21,200.7422086,302.0
26234,2025-07-28,22,172.8111,290.0
26235,2025-07-28,23,154.4341843,236.0
26236,2025-07-29,0,180.8755307,339.0
26237,2025-07-29,1,158.1019233,277.0
26238,2025-07-29,2,169.3613037,244.0
26239,2025-07-29,3,178.0622299,194.0
26240,2025-07-29,4,188.2492699,158.0
26241,2025-07-29,5,158.2056566,69.0
26242,2025-07-29,6,244.5098909,89.0
26243,2025-07-29,7,158.7632431,105.0
26244,2025-07-29,8,190.3989907,123.0
26245,2025-07-29,9,145.5779676,101.0
26246,2025-07-29,10,192.6227041,111.0
26247,2025-07-29,11,127.083169,162.0
26248,2025-07-29,12,164.3062695,280.0
26249,2025-07-29,13,174.2747894,226.0
26250,2025-07-29,14,184.5843947,356.0
26251,2025-07-29,15,155.5104713,362.0
26252,2025-07-29,16,235.0960814,306.0
26253,2025-07-29,17,189.1675906,266.0
26254,2025-07-29,18,174.847525,254.0
26255,2025-07-29,19,205.3659691,386.0
26256,2025-07-29,20,175.9271086,388.0
26257,2025-07-29,21,190.6982555,309.0
26258,2025-07-29,22,195.3031417,312.0
26259,2025-07-29,23,168.3995403,272.0
26260,2025-07-30,0,137.7297909,279.0
26261,2025-07-30,1,187.369528,353.0
26262,2025-07-30,2,178.1028947,275.0
26263,2025-07-30,3,182.5113099,194.0
26264,2025-07-30,4,278.0223609,129.0
26265,2025-07-30,5,125.2747329,90.0
26266,2025-07-30,6,249.9044076,99.0
26267,2025-07-30,7,227.3736761,98.0
26268,2025-07-30,8,277.561237,79.0
26269,2025-07-30,9,155.7240567,102.0
26270,2025-07-30,10,211.3213342,109.0
26271,2025-07-30,11,141.9303595,140.0
26272,2025-07-30,12,143.0571581,254.0
26273,2025-07-30,13,150.0120502,349.0
26274,2025-07-30,14,160.6834671,378.0
26275,2025-07-30,15,211.0261079,306.0
26276,2025-07-30,16,215.9930002,252.0
26277,2025-07-30,17,167.3241256,343.0
26278,2025-07-30,18,181.6477369,344.0
26279,2025-07-30,19,200.8006194,415.0
26280,2025-07-30,20,155.961339,444.0
26281,2025-07-30,21,173.1673343,318.0
26282,2025-07-30,22,177.2405125,363.0
26283,2025-07-30,23,133.0126632,267.0
26284,2025-07-31,0,141.9479214,284.0
26285,2025-07-31,1,166.1639769,328.0
26286,2025-07-31,2,201.0240092,223.0
26287,2025-07-31,3,173.8479261,180.0
26288,2025-07-31,4,199.2709073,169.0
26289,2025-07-31,5,186.6233507,86.0
26290,2025-07-31,6,186.4713791,105.0
26291,2025-07-31,7,189.680406,113.0
26292,2025-07-31,8,245.0282108,84.0
26293,2025-07-31,9,161.2396089,115.0
26294,2025-07-31,10,171.8555245,135.0
26295,2025-07-31,11,144.784587,138.0
26296,2025-07-31,12,180.196629,243.0
26297,2025-07-31,13,184.4945561,301.0
26298,2025-07-31,14,176.2733928,356.0
26299,2025-07-31,15,165.3086902,312.0
26300,2025-07-31,16,137.7072365,372.0
26301,2025-07-31,17,138.0056757,286.0
26302,2025-07-31,18,171.4448772,311.0
26303,2025-07-31,19,192.5922946,350.0
