date,hour,avg_download_speed_mbps,num_tests
7/31/2022,20,126.6311611,373
7/31/2022,21,123.8007144,299
7/31/2022,22,127.8466085,302
7/31/2022,23,115.0750413,262
8/1/2022,0,149.4622859,226
8/1/2022,1,130.7646044,178
8/1/2022,2,116.0406499,280
8/1/2022,3,106.0215106,178
8/1/2022,4,125.3400266,254
8/1/2022,5,69.24984371,229
8/1/2022,6,122.4429917,120
8/1/2022,7,108.1586355,29
8/1/2022,8,134.4685972,50
8/1/2022,9,68.95298244,42
8/1/2022,10,102.3552243,89
8/1/2022,11,147.6833509,159
8/1/2022,12,128.6062265,242
8/1/2022,13,116.3914971,384
8/1/2022,14,141.4344442,441
8/1/2022,15,111.4031827,354
8/1/2022,16,104.3475226,334
8/1/2022,17,99.28860507,298
8/1/2022,18,140.0426749,328
8/1/2022,19,129.6927185,333
8/1/2022,20,114.1475053,347
8/1/2022,21,117.3507214,335
8/1/2022,22,141.7720752,311
8/1/2022,23,125.6485409,324
8/2/2022,0,109.9350342,317
8/2/2022,1,132.7667116,343
8/2/2022,2,145.7375746,308
8/2/2022,3,176.0066405,217
8/2/2022,4,146.8058995,183
8/2/2022,5,114.6132964,233
8/2/2022,6,89.35556448,113
8/2/2022,7,71.92751129,46
8/2/2022,8,86.89454459,63
8/2/2022,9,109.0465165,48
8/2/2022,10,108.344819,91
8/2/2022,11,92.12851927,149
8/2/2022,12,117.3229169,193
8/2/2022,13,137.8372853,383
8/2/2022,14,116.8528229,385
8/2/2022,15,120.2618392,405
8/2/2022,16,121.2307972,348
8/2/2022,17,132.9455889,327
8/2/2022,18,88.96633417,465
8/2/2022,19,117.9646713,359
8/2/2022,20,147.1157511,325
8/2/2022,21,186.3518815,340
8/2/2022,22,105.1094889,376
8/2/2022,23,134.6303948,341
8/3/2022,0,146.1216419,408
8/3/2022,1,129.8108455,353
8/3/2022,2,95.84113196,330
8/3/2022,3,108.9785478,224
8/3/2022,4,124.0814308,136
8/3/2022,5,90.72450257,233
8/3/2022,6,55.16139212,96
8/3/2022,7,72.67535638,40
8/3/2022,8,82.52383537,42
8/3/2022,9,115.0301427,62
8/3/2022,10,153.1832979,117
8/3/2022,11,103.8319277,165
8/3/2022,12,141.5023348,267
8/3/2022,13,113.5316999,378
8/3/2022,14,111.6253528,349
8/3/2022,15,84.40931294,375
8/3/2022,16,118.1428156,309
8/3/2022,17,146.941839,342
8/3/2022,18,109.4580761,445
8/3/2022,19,92.77452337,345
8/3/2022,20,123.4520524,374
8/3/2022,21,114.3337327,364
8/3/2022,22,124.7198817,332
8/3/2022,23,119.2761066,294
8/4/2022,0,130.9070012,341
8/4/2022,1,107.0954836,391
8/4/2022,2,102.0356034,336
8/4/2022,3,170.1717954,223
8/4/2022,4,113.5666875,266
8/4/2022,5,115.4216018,234
8/4/2022,6,59.7410607,102
8/4/2022,7,142.3909925,41
8/4/2022,8,85.72302271,43
8/4/2022,9,40.58126509,60
8/4/2022,10,116.6017365,62
8/4/2022,11,103.0291549,146
8/4/2022,12,133.1812621,175
8/4/2022,13,103.4538918,345
8/4/2022,14,136.6459618,305
8/4/2022,15,106.9668663,458
8/4/2022,16,114.4446099,406
8/4/2022,17,130.4290608,419
8/4/2022,18,127.4013368,415
8/4/2022,19,137.8517161,339
8/4/2022,20,170.8307317,253
8/4/2022,21,131.9436181,351
8/4/2022,22,116.7826466,315
8/4/2022,23,114.4143479,245
8/5/2022,0,101.2857228,387
8/5/2022,1,111.7006022,389
8/5/2022,2,125.5795328,284
8/5/2022,3,116.5965658,269
8/5/2022,4,163.1355872,161
8/5/2022,5,79.44602427,299
8/5/2022,6,69.93948304,144
8/5/2022,7,80.47535476,40
8/5/2022,8,122.2003236,28
8/5/2022,9,100.2070279,44
8/5/2022,10,68.43467188,44
8/5/2022,11,111.2102146,135
8/5/2022,12,95.46844959,245
8/5/2022,13,100.0151528,360
8/5/2022,14,144.5828165,275
8/5/2022,15,101.7438893,411
8/5/2022,16,128.8385964,302
8/5/2022,17,140.7893054,347
8/5/2022,18,108.8201744,453
8/5/2022,19,139.7237187,279
8/5/2022,20,125.8935998,318
8/5/2022,21,126.9260589,342
8/5/2022,22,155.2796599,238
8/5/2022,23,147.9285462,227
8/6/2022,0,126.0055418,248
8/6/2022,1,127.4759014,180
8/6/2022,2,135.3843926,193
8/6/2022,3,118.2086745,206
8/6/2022,4,109.454761,171
8/6/2022,5,84.10447059,258
8/6/2022,6,45.87936502,61
8/6/2022,7,127.1174385,59
8/6/2022,8,187.4640896,35
8/6/2022,9,93.53320395,33
8/6/2022,10,69.74896044,40
8/6/2022,11,120.6392949,102
8/6/2022,12,105.9954376,103
8/6/2022,13,132.276448,167
8/6/2022,14,153.2252935,160
8/6/2022,15,136.0519699,305
8/6/2022,16,170.9836009,176
8/6/2022,17,153.2328702,236
8/6/2022,18,123.8386925,235
8/6/2022,19,144.141948,213
8/6/2022,20,146.6339839,199
8/6/2022,21,157.3632432,207
8/6/2022,22,110.7843214,218
8/6/2022,23,95.84729332,211
8/7/2022,0,155.1631135,237
8/7/2022,1,110.9389635,239
8/7/2022,2,107.4633352,267
8/7/2022,3,113.5480765,212
8/7/2022,4,109.8064559,133
8/7/2022,5,89.23901127,211
8/7/2022,6,72.12888623,80
8/7/2022,7,58.54703966,38
8/7/2022,8,39.8551744,21
8/7/2022,9,74.32302635,32
8/7/2022,10,68.91372706,41
8/7/2022,11,88.68773842,70
8/7/2022,12,99.45231784,184
8/7/2022,13,60.65147218,231
8/7/2022,14,120.2979239,175
8/7/2022,15,144.9173503,349
8/7/2022,16,132.2667197,183
8/7/2022,17,128.6765192,231
8/7/2022,18,127.5526811,232
8/7/2022,19,134.198894,302
8/7/2022,20,144.5825645,244
8/7/2022,21,124.699926,226
8/7/2022,22,116.7655237,247
8/7/2022,23,153.8952108,262
8/8/2022,0,135.229039,264
8/8/2022,1,158.834882,201
8/8/2022,2,144.0709202,234
8/8/2022,3,94.53519992,154
8/8/2022,4,137.068823,71
8/8/2022,5,94.83244557,159
8/8/2022,6,88.87173777,79
8/8/2022,7,83.57372745,33
8/8/2022,8,78.06726033,32
8/8/2022,9,49.65237136,28
8/8/2022,10,144.1423487,64
8/8/2022,11,116.3890906,153
8/8/2022,12,122.6670983,216
8/8/2022,13,114.9375405,406
8/8/2022,14,122.7122226,398
8/8/2022,15,112.5251383,459
8/8/2022,16,140.0339628,474
8/8/2022,17,141.8939157,382
8/8/2022,18,144.739338,393
8/8/2022,19,122.1701639,339
8/8/2022,20,127.9023691,360
8/8/2022,21,119.3366705,406
8/8/2022,22,96.19986038,364
8/8/2022,23,141.9457938,312
8/9/2022,0,110.2420026,312
8/9/2022,1,112.4453187,310
8/9/2022,2,163.7430671,201
8/9/2022,3,119.9308726,176
8/9/2022,4,115.7020808,122
8/9/2022,5,110.2087584,202
8/9/2022,6,70.1420372,109
8/9/2022,7,104.4117874,50
8/9/2022,8,146.8968496,37
8/9/2022,9,163.558735,60
8/9/2022,10,115.8241375,70
8/9/2022,11,124.7518487,160
8/9/2022,12,121.0463238,198
8/9/2022,13,136.4571814,303
8/9/2022,14,129.1796469,332
8/9/2022,15,102.0991036,444
8/9/2022,16,128.4643388,360
8/9/2022,17,130.8660079,340
8/9/2022,18,146.8438143,478
8/9/2022,19,99.65166427,399
8/9/2022,20,138.0627464,483
8/9/2022,21,102.8805696,454
8/9/2022,22,120.4748678,314
8/9/2022,23,99.32035105,305
8/10/2022,0,94.47020581,367
8/10/2022,1,107.4944893,457
8/10/2022,2,135.3766797,332
8/10/2022,3,99.02606166,246
8/10/2022,4,116.37875,131
8/10/2022,5,89.89747434,191
8/10/2022,6,94.06603235,58
8/10/2022,7,65.86955931,72
8/10/2022,8,87.38880529,37
8/10/2022,9,89.30124981,51
8/10/2022,10,114.8178862,88
8/10/2022,11,131.4539134,146
8/10/2022,12,106.1587671,264
8/10/2022,13,100.0743836,373
8/10/2022,14,110.6302489,384
8/10/2022,15,143.4052877,420
8/10/2022,16,138.5615807,399
8/10/2022,17,142.8739119,335
8/10/2022,18,111.3977855,376
8/10/2022,19,138.7355588,311
8/10/2022,20,139.689508,374
8/10/2022,21,115.3770453,358
8/10/2022,22,120.0742049,362
8/10/2022,23,143.5280911,260
8/11/2022,0,123.5812195,330
8/11/2022,1,122.5001331,320
8/11/2022,2,107.5383254,316
8/11/2022,3,94.53875318,258
8/11/2022,4,125.1966138,157
8/11/2022,5,128.4121843,152
8/11/2022,6,148.260517,31
8/11/2022,7,47.193792,25
8/11/2022,8,40.42067233,39
8/11/2022,9,56.64533596,55
8/11/2022,10,87.01186079,88
8/11/2022,11,138.6805781,146
8/11/2022,12,148.097464,283
8/11/2022,13,116.6616675,347
8/11/2022,14,122.5924833,393
8/11/2022,15,159.344447,403
8/11/2022,16,133.2703229,390
8/11/2022,17,114.8778854,330
8/11/2022,18,131.3625551,410
8/11/2022,19,118.2515618,395
8/11/2022,20,141.4611788,338
8/11/2022,21,100.3564606,280
8/11/2022,22,143.1365237,280
8/11/2022,23,143.2022242,262
8/12/2022,0,133.6260716,345
8/12/2022,1,149.5074165,301
8/12/2022,2,139.7390741,209
8/12/2022,3,131.7786252,193
8/12/2022,4,215.5621535,211
8/12/2022,5,129.0022238,198
8/12/2022,6,80.31442689,83
8/12/2022,7,92.51849497,47
8/12/2022,8,43.84552726,48
8/12/2022,9,110.9697278,51
8/12/2022,10,135.7554948,65
8/12/2022,11,115.4729461,122
8/12/2022,12,96.7244531,186
8/12/2022,13,124.8450784,320
8/12/2022,14,111.1081914,331
8/12/2022,15,119.0283952,269
8/12/2022,16,198.8843973,354
8/12/2022,17,147.7513365,291
8/12/2022,18,101.6786758,309
8/12/2022,19,104.8959251,326
8/12/2022,20,143.8612449,301
8/12/2022,21,159.3984983,249
8/12/2022,22,112.3826026,163
8/12/2022,23,131.1385143,213
8/13/2022,0,115.728008,209
8/13/2022,1,145.7007967,239
8/13/2022,2,120.8181483,298
8/13/2022,3,135.0889269,244
8/13/2022,4,107.6220492,119
8/13/2022,5,97.88421499,193
8/13/2022,6,141.9162816,60
8/13/2022,7,123.1904186,51
8/13/2022,8,101.4792959,48
8/13/2022,9,110.6744504,41
8/13/2022,10,69.93764326,94
8/13/2022,11,95.42824046,85
8/13/2022,12,107.2257804,118
8/13/2022,13,112.3773974,206
8/13/2022,14,98.8341952,243
8/13/2022,15,117.6601094,204
8/13/2022,16,87.08003332,310
8/13/2022,17,88.65091397,299
8/13/2022,18,112.3603479,324
8/13/2022,19,125.0017665,231
8/13/2022,20,120.254418,217
8/13/2022,21,150.2075018,206
8/13/2022,22,116.4498023,164
8/13/2022,23,120.2177679,211
8/14/2022,0,111.3572265,261
8/14/2022,1,115.7970256,228
8/14/2022,2,125.271147,203
8/14/2022,3,223.2249154,173
8/14/2022,4,189.594546,157
8/14/2022,5,106.5349189,238
8/14/2022,6,114.8564017,68
8/14/2022,7,107.4146343,27
8/14/2022,8,83.8743666,25
8/14/2022,9,63.56180807,49
8/14/2022,10,64.92615669,69
8/14/2022,11,106.224066,46
8/14/2022,12,116.8709498,87
8/14/2022,13,101.0480799,195
8/14/2022,14,82.86755679,184
8/14/2022,15,131.2749462,252
8/14/2022,16,197.249545,255
8/14/2022,17,177.9212475,275
8/14/2022,18,108.4736002,293
8/14/2022,19,131.1060741,242
8/14/2022,20,137.9934622,294
8/14/2022,21,139.5175327,304
8/14/2022,22,133.8095467,325
8/14/2022,23,131.9187143,219
8/15/2022,0,188.9980811,283
8/15/2022,1,164.6017087,264
8/15/2022,2,140.7630266,226
8/15/2022,3,149.4094621,150
8/15/2022,4,117.7543495,148
8/15/2022,5,103.2620941,166
8/15/2022,6,93.21715492,49
8/15/2022,7,125.556401,28
8/15/2022,8,116.5223579,44
8/15/2022,9,94.82656114,49
8/15/2022,10,88.68268068,95
8/15/2022,11,90.11864971,96
8/15/2022,12,140.6365023,211
8/15/2022,13,147.6554897,319
8/15/2022,14,110.3466604,418
8/15/2022,15,121.9163606,330
8/15/2022,16,143.0322226,341
8/15/2022,17,174.0021422,408
8/15/2022,18,130.1219545,486
8/15/2022,19,126.0828631,311
8/15/2022,20,135.553469,248
8/15/2022,21,138.7268266,302
8/15/2022,22,139.0864132,277
8/15/2022,23,126.1694934,467
8/16/2022,0,144.2127911,321
8/16/2022,1,127.7715017,306
8/16/2022,2,119.4876208,325
8/16/2022,3,107.5316448,227
8/16/2022,4,57.13840991,374
8/16/2022,5,90.86507066,221
8/16/2022,6,36.03469774,244
8/16/2022,7,102.7904976,57
8/16/2022,8,22.42262373,258
8/16/2022,9,45.56657869,95
8/16/2022,10,66.59969649,259
8/16/2022,11,126.6928207,151
8/16/2022,12,83.03793365,441
8/16/2022,13,95.67849219,352
8/16/2022,14,84.11689891,554
8/16/2022,15,116.0160326,349
8/16/2022,16,89.48951746,372
8/16/2022,17,118.4866726,400
8/16/2022,18,79.49233456,422
8/16/2022,19,106.5157829,342
8/16/2022,20,99.61398809,333
8/16/2022,21,100.3828219,440
8/16/2022,22,81.43026232,448
8/16/2022,23,129.0372965,350
8/17/2022,0,93.05381562,515
8/17/2022,1,117.6646682,383
8/17/2022,2,83.09866777,475
8/17/2022,3,133.0390552,167
8/17/2022,4,60.29957267,336
8/17/2022,5,116.1120218,292
8/17/2022,6,63.30823585,284
8/17/2022,7,83.79910036,40
8/17/2022,8,29.14028162,223
8/17/2022,9,32.24051618,87
8/17/2022,10,42.63788049,214
8/17/2022,11,78.76230746,185
8/17/2022,12,83.38626777,260
8/17/2022,13,96.36906147,406
8/17/2022,14,76.07786763,482
8/17/2022,15,90.90494894,370
8/17/2022,16,80.25732042,458
8/17/2022,17,120.2386237,356
8/17/2022,18,100.1680724,461
8/17/2022,19,85.10418859,362
8/17/2022,20,94.87110835,450
8/17/2022,21,141.5015913,322
8/17/2022,22,76.79642105,464
8/17/2022,23,100.2472189,231
8/18/2022,0,75.28019715,560
8/18/2022,1,161.8854728,357
8/18/2022,2,97.66827411,396
8/18/2022,3,160.9774978,222
8/18/2022,4,104.4851891,351
8/18/2022,5,113.3897878,230
8/18/2022,6,48.38086996,209
8/18/2022,7,66.72497343,48
8/18/2022,8,32.67222097,174
8/18/2022,9,58.2982642,56
8/18/2022,10,35.01870668,244
8/18/2022,11,73.96990252,171
8/18/2022,12,71.88298498,366
8/18/2022,13,124.0411237,282
8/18/2022,14,58.31802544,512
8/18/2022,15,108.8195931,359
8/18/2022,16,91.30883881,501
8/18/2022,17,105.8324654,415
8/18/2022,18,70.37405173,573
8/18/2022,19,112.1653338,365
8/18/2022,20,70.70710479,517
8/18/2022,21,113.4206456,258
8/18/2022,22,69.87090383,432
8/18/2022,23,126.0577334,256
8/19/2022,0,55.2049427,489
8/19/2022,1,96.54634801,388
8/19/2022,2,94.03297853,351
8/19/2022,3,76.99572289,232
8/19/2022,4,102.7692057,318
8/19/2022,5,103.4267143,292
8/19/2022,6,33.5836871,237
8/19/2022,7,95.2575479,89
8/19/2022,8,27.50495697,194
8/19/2022,9,109.4484719,71
8/19/2022,10,33.05106074,213
8/19/2022,11,86.916146,209
8/19/2022,12,70.01735017,293
8/19/2022,13,89.34336365,438
8/19/2022,14,71.67300532,393
8/19/2022,15,107.6233593,393
8/19/2022,16,95.41361892,355
8/19/2022,17,89.52031588,343
8/19/2022,18,75.22552247,487
8/19/2022,19,90.95365197,400
8/19/2022,20,77.38767232,490
8/19/2022,21,120.499185,366
8/19/2022,22,103.6461663,363
8/19/2022,23,80.87607057,326
8/20/2022,0,71.09395944,438
8/20/2022,1,150.1562156,297
8/20/2022,2,82.24146053,526
8/20/2022,3,67.67677731,251
8/20/2022,4,84.09604844,299
8/20/2022,5,76.46350439,352
8/20/2022,6,74.53007972,254
8/20/2022,7,62.32552603,58
8/20/2022,8,22.77016424,206
8/20/2022,9,130.5272732,33
8/20/2022,10,24.60299667,229
8/20/2022,11,60.50473731,117
8/20/2022,12,66.9558184,228
8/20/2022,13,92.471858,284
8/20/2022,14,68.89100563,375
8/20/2022,15,117.0634494,273
8/20/2022,16,56.10512244,570
8/20/2022,17,120.9478417,194
8/20/2022,18,66.46682767,404
8/20/2022,19,136.5582322,338
8/20/2022,20,79.88506299,425
8/20/2022,21,113.6434244,244
8/20/2022,22,93.2438191,345
8/20/2022,23,65.34821249,283
8/21/2022,0,66.28086977,364
8/21/2022,1,103.5415496,291
8/21/2022,2,101.1060884,427
8/21/2022,3,115.6928057,255
8/21/2022,4,75.72529395,305
8/21/2022,5,90.9109674,287
8/21/2022,6,52.02559457,222
8/21/2022,7,27.85793632,117
8/21/2022,8,31.97704822,179
8/21/2022,9,24.09099102,120
8/21/2022,10,23.9106333,110
8/21/2022,11,38.33687671,207
8/21/2022,12,71.75411375,137
8/21/2022,13,62.98386125,354
8/21/2022,14,74.45353273,208
8/21/2022,15,74.02087088,326
8/21/2022,16,86.93989734,265
8/21/2022,17,78.89349125,390
8/21/2022,18,121.4614046,350
8/21/2022,19,71.06542449,554
8/21/2022,20,121.3811615,383
8/21/2022,21,122.0580569,389
8/21/2022,22,105.8009614,324
8/21/2022,23,80.24628417,305
8/22/2022,0,73.97549545,416
8/22/2022,1,111.1460475,306
8/22/2022,2,100.1281349,393
8/22/2022,3,77.55095177,206
8/22/2022,4,90.7903932,349
8/22/2022,5,85.80602298,211
8/22/2022,6,35.33615898,162
8/22/2022,7,35.67290059,107
8/22/2022,8,29.67906537,157
8/22/2022,9,29.72870272,94
8/22/2022,10,36.3898401,234
8/22/2022,11,113.3972947,227
8/22/2022,12,59.709467,417
8/22/2022,13,108.2621452,325
8/22/2022,14,71.40354758,575
8/22/2022,15,119.1044863,397
8/22/2022,16,92.28933001,505
8/22/2022,17,67.89642478,402
8/22/2022,18,98.95950642,553
8/22/2022,19,107.9193512,500
8/22/2022,20,107.547903,415
8/22/2022,21,82.11456039,430
8/22/2022,22,122.8671805,429
8/22/2022,23,102.3683774,390
8/23/2022,0,93.2000555,664
8/23/2022,1,85.86459153,414
8/23/2022,2,99.72930746,381
8/23/2022,3,89.76612349,226
8/23/2022,4,61.78261231,380
8/23/2022,5,101.9936135,220
8/23/2022,6,36.31234534,286
8/23/2022,7,41.979409,86
8/23/2022,8,25.43133514,187
8/23/2022,9,42.49033675,102
8/23/2022,10,33.12964993,212
8/23/2022,11,87.52540829,214
8/23/2022,12,84.33152205,342
8/23/2022,13,105.4210695,370
8/23/2022,14,71.24888747,478
8/23/2022,15,79.33312177,380
8/23/2022,16,103.2716541,440
8/23/2022,17,119.1363264,365
8/23/2022,18,80.33066577,576
8/23/2022,19,116.2251226,423
8/23/2022,20,122.5341694,391
8/23/2022,21,101.7737283,317
8/23/2022,22,91.47153886,359
8/23/2022,23,102.7196792,392
8/24/2022,0,82.81923927,592
8/24/2022,1,114.501006,345
8/24/2022,2,67.94959817,417
8/24/2022,3,100.9836318,200
8/24/2022,4,44.96091202,322
8/24/2022,5,109.6271228,263
8/24/2022,6,88.99261289,201
8/24/2022,7,43.11042813,143
8/24/2022,8,52.06317056,123
8/24/2022,9,56.54631098,127
8/24/2022,10,42.853038,210
8/24/2022,11,101.1867369,199
8/24/2022,12,113.3208511,454
8/24/2022,13,125.8861983,396
8/24/2022,14,88.84879858,504
8/24/2022,15,99.04854796,406
8/24/2022,16,97.43956181,416
8/24/2022,17,90.48236717,542
8/24/2022,18,93.75265733,368
8/24/2022,19,72.76715469,523
8/24/2022,20,145.0676814,535
8/24/2022,21,68.6306522,550
8/24/2022,22,116.8528917,343
8/24/2022,23,82.2273601,385
8/25/2022,0,90.76794392,476
8/25/2022,1,101.0408495,328
8/25/2022,2,79.01783919,399
8/25/2022,3,90.62913664,213
8/25/2022,4,48.72169522,365
8/25/2022,5,83.8317913,206
8/25/2022,6,38.55369695,235
8/25/2022,7,98.66777427,109
8/25/2022,8,20.42029925,211
8/25/2022,9,111.2012372,67
8/25/2022,10,63.32743167,277
8/25/2022,11,80.75618019,155
8/25/2022,12,74.12160499,428
8/25/2022,13,91.29218604,317
8/25/2022,14,101.7718832,579
8/25/2022,15,107.6000869,384
8/25/2022,16,75.63082743,420
8/25/2022,17,131.7089186,403
8/25/2022,18,91.0122596,592
8/25/2022,19,148.5768914,428
8/25/2022,20,93.05519626,434
8/25/2022,21,118.389131,346
8/25/2022,22,119.3276125,396
8/25/2022,23,98.89657108,289
8/26/2022,0,104.6050017,506
8/26/2022,1,118.2860529,400
8/26/2022,2,95.88824665,403
8/26/2022,3,113.1784606,216
8/26/2022,4,82.61709785,355
8/26/2022,5,120.8335463,330
8/26/2022,6,66.90443863,170
8/26/2022,7,49.65060687,171
8/26/2022,8,36.45055349,188
8/26/2022,9,41.46717212,159
8/26/2022,10,74.08676944,232
8/26/2022,11,68.26212931,315
8/26/2022,12,92.47747464,347
8/26/2022,13,92.54270135,455
8/26/2022,14,101.8971186,417
8/26/2022,15,102.2135594,439
8/26/2022,16,96.71395588,413
8/26/2022,17,106.201701,330
8/26/2022,18,83.02762045,423
8/26/2022,19,92.34860252,381
8/26/2022,20,92.92049507,422
8/26/2022,21,106.6835143,308
8/26/2022,22,92.36604722,357
8/26/2022,23,118.9507924,314
8/27/2022,0,104.9962099,400
8/27/2022,1,170.3546011,296
8/27/2022,2,79.76218481,431
8/27/2022,3,106.4945893,279
8/27/2022,4,68.82007767,341
8/27/2022,5,80.01173956,367
8/27/2022,6,53.8636366,134
8/27/2022,7,39.47785462,162
8/27/2022,8,43.08593621,136
8/27/2022,9,37.59301335,117
8/27/2022,10,47.62820761,233
8/27/2022,11,84.0413648,113
8/27/2022,12,57.53747043,331
8/27/2022,13,111.1702424,232
8/27/2022,14,75.29627142,468
8/27/2022,15,135.4847774,324
8/27/2022,16,110.8433746,369
8/27/2022,17,121.8445813,432
8/27/2022,18,106.8814496,275
8/27/2022,19,75.70887413,437
8/27/2022,20,95.24139151,392
8/27/2022,21,85.35677751,465
8/27/2022,22,126.3408613,278
8/27/2022,23,108.0545652,422
8/28/2022,0,92.31782367,471
8/28/2022,1,132.8229911,200
8/28/2022,2,77.84539621,453
8/28/2022,3,94.26867581,222
8/28/2022,4,69.79587834,411
8/28/2022,5,76.80722061,380
8/28/2022,6,44.74742094,240
8/28/2022,7,93.74448828,163
8/28/2022,8,40.87418525,203
8/28/2022,9,29.04730614,82
8/28/2022,10,50.46247424,137
8/28/2022,11,41.07604336,109
8/28/2022,12,82.60189888,261
8/28/2022,13,116.199267,265
8/28/2022,14,85.65563853,476
8/28/2022,15,120.3021077,431
8/28/2022,16,114.1930265,587
8/28/2022,17,104.2921703,296
8/28/2022,18,108.6326322,438
8/28/2022,19,114.7660752,326
8/28/2022,20,126.9528237,500
8/28/2022,21,101.3277963,243
8/28/2022,22,77.13907859,482
8/28/2022,23,157.5195953,228
8/29/2022,0,84.5320924,392
8/29/2022,1,129.5877757,312
8/29/2022,2,102.8441275,481
8/29/2022,3,78.67138112,218
8/29/2022,4,74.326412,229
8/29/2022,5,73.8978558,319
8/29/2022,6,26.44988395,167
8/29/2022,7,41.64797649,128
8/29/2022,8,38.4381648,158
8/29/2022,9,30.67827417,145
8/29/2022,10,52.7687765,147
8/29/2022,11,98.3190585,196
8/29/2022,12,74.19080701,369
8/29/2022,13,113.0745245,384
8/29/2022,14,96.97211803,446
8/29/2022,15,117.4616889,483
8/29/2022,16,138.870004,429
8/29/2022,17,117.325426,412
8/29/2022,18,125.861273,390
8/29/2022,19,100.8611429,582
8/29/2022,20,115.310323,428
8/29/2022,21,109.755733,343
8/29/2022,22,137.1049891,412
8/29/2022,23,120.8090694,279
8/30/2022,0,85.82848274,408
8/30/2022,1,142.8705376,241
8/30/2022,2,84.42943218,436
8/30/2022,3,100.9318638,228
8/30/2022,4,45.11325698,296
8/30/2022,5,94.50556483,279
8/30/2022,6,34.8687258,234
8/30/2022,7,29.97325066,97
8/30/2022,8,25.16499033,228
8/30/2022,9,114.0975453,42
8/30/2022,10,29.43889094,257
8/30/2022,11,128.5844418,176
8/30/2022,12,76.53072194,429
8/30/2022,13,77.54558224,406
8/30/2022,14,80.24305442,414
8/30/2022,15,76.46454031,447
8/30/2022,16,97.98084806,329
8/30/2022,17,121.5327777,390
8/30/2022,18,76.81109267,565
8/30/2022,19,113.163207,407
8/30/2022,20,82.22217891,473
8/30/2022,21,124.5748665,347
8/30/2022,22,104.7024505,393
8/30/2022,23,100.1380215,479
8/31/2022,0,87.7553831,623
8/31/2022,1,149.493842,425
8/31/2022,2,74.0393217,455
8/31/2022,3,98.77015431,234
8/31/2022,4,63.17050671,342
8/31/2022,5,107.8396377,305
8/31/2022,6,49.01664732,230
8/31/2022,7,63.09593396,105
8/31/2022,8,41.34553033,199
8/31/2022,9,84.21245001,130
8/31/2022,10,38.22057458,238
8/31/2022,11,81.8388508,241
8/31/2022,12,108.4159025,423
8/31/2022,13,126.9209678,345
8/31/2022,14,74.47664756,477
8/31/2022,15,125.5448579,392
8/31/2022,16,98.8367127,427
8/31/2022,17,98.92844049,351
8/31/2022,18,86.72740042,410
8/31/2022,19,83.25868859,382
8/31/2022,20,85.50464523,425
8/31/2022,21,107.0529817,378
8/31/2022,22,97.22116292,326
8/31/2022,23,136.6623624,288
9/1/2022,0,90.92296976,517
9/1/2022,1,91.91608376,358
9/1/2022,2,82.06452505,469
9/1/2022,3,107.1210004,214
9/1/2022,4,32.48223879,368
9/1/2022,5,92.86729,262
9/1/2022,6,45.61662931,217
9/1/2022,7,69.185935,114
9/1/2022,8,25.1536994,141
9/1/2022,9,52.77820909,132
9/1/2022,10,39.8313674,254
9/1/2022,11,71.46986258,212
9/1/2022,12,82.32933242,394
9/1/2022,13,83.35345921,425
9/1/2022,14,92.7630891,491
9/1/2022,15,79.85407694,425
9/1/2022,16,93.89948011,331
9/1/2022,17,87.27580485,494
9/1/2022,18,109.3597546,464
9/1/2022,19,109.2751874,503
9/1/2022,20,114.3012044,459
9/1/2022,21,103.2880534,356
9/1/2022,22,71.93681318,429
9/1/2022,23,96.2785386,321
9/2/2022,0,76.61010818,551
9/2/2022,1,112.3017931,347
9/2/2022,2,82.15922002,402
9/2/2022,3,100.522628,292
9/2/2022,4,58.51029729,274
9/2/2022,5,91.60832963,327
9/2/2022,6,40.39943179,157
9/2/2022,7,62.44396424,115
9/2/2022,8,40.13896234,169
9/2/2022,9,43.06776072,205
9/2/2022,10,71.38964034,161
9/2/2022,11,68.76268283,322
9/2/2022,12,84.826492,354
9/2/2022,13,85.66459226,523
9/2/2022,14,81.41535027,427
9/2/2022,15,84.68542973,513
9/2/2022,16,130.9284769,328
9/2/2022,17,116.6458001,446
9/2/2022,18,82.0157766,381
9/2/2022,19,105.6317209,408
9/2/2022,20,83.8231147,458
9/2/2022,21,140.7047645,297
9/2/2022,22,76.41291996,308
9/2/2022,23,99.37023628,219
9/3/2022,0,75.13957812,456
9/3/2022,1,162.641474,208
9/3/2022,2,103.5999897,308
9/3/2022,3,98.75191389,215
9/3/2022,4,74.31059237,308
9/3/2022,5,86.40952254,310
9/3/2022,6,36.42785922,207
9/3/2022,7,57.37600906,85
9/3/2022,8,31.00282004,265
9/3/2022,9,99.08002756,48
9/3/2022,10,36.63681406,262
9/3/2022,11,50.16568664,120
9/3/2022,12,107.2384989,265
9/3/2022,13,93.27398761,234
9/3/2022,14,91.76011412,302
9/3/2022,15,81.33839333,334
9/3/2022,16,121.9046222,274
9/3/2022,17,114.6706987,402
9/3/2022,18,96.39465233,375
9/3/2022,19,117.5035237,338
9/3/2022,20,98.08757267,376
9/3/2022,21,94.57615529,316
9/3/2022,22,102.7566,322
9/3/2022,23,70.41895691,293
9/4/2022,0,74.10496047,392
9/4/2022,1,113.9658087,253
9/4/2022,2,74.93028714,399
9/4/2022,3,85.55919634,193
9/4/2022,4,46.41144494,271
9/4/2022,5,88.53026236,289
9/4/2022,6,39.79338002,147
9/4/2022,7,40.65744348,95
9/4/2022,8,22.52123244,207
9/4/2022,9,33.81346987,71
9/4/2022,10,25.94892826,188
9/4/2022,11,90.10395803,110
9/4/2022,12,53.18354975,236
9/4/2022,13,110.9802182,182
9/4/2022,14,63.65560712,311
9/4/2022,15,98.61515086,269
9/4/2022,16,79.34923324,321
9/4/2022,17,110.0284875,202
9/4/2022,18,97.145198,293
9/4/2022,19,91.30379495,279
9/4/2022,20,67.40016903,403
9/4/2022,21,98.70065932,344
9/4/2022,22,73.86888048,455
9/4/2022,23,90.29684446,228
9/5/2022,0,86.50572911,365
9/5/2022,1,100.2971353,304
9/5/2022,2,90.07421604,295
9/5/2022,3,126.7707456,222
9/5/2022,4,61.91542145,210
9/5/2022,5,109.4985964,481
9/5/2022,6,68.03617732,246
9/5/2022,7,101.2993408,178
9/5/2022,8,69.24084602,129
9/5/2022,9,27.45975389,112
9/5/2022,10,30.98714941,169
9/5/2022,11,92.85989245,133
9/5/2022,12,82.24505666,278
9/5/2022,13,78.03211621,241
9/5/2022,14,91.81424383,352
9/5/2022,15,83.45357429,284
9/5/2022,16,72.88206722,335
9/5/2022,17,84.56583819,341
9/5/2022,18,94.30726792,411
9/5/2022,19,70.22143913,349
9/5/2022,20,167.2693762,401
9/5/2022,21,105.0841076,346
9/5/2022,22,83.05089958,393
9/5/2022,23,69.82051852,424
9/6/2022,0,88.72363251,561
9/6/2022,1,113.2653516,293
9/6/2022,2,66.58768624,364
9/6/2022,3,112.790942,152
9/6/2022,4,52.46038808,223
9/6/2022,5,88.26934581,252
9/6/2022,6,31.56956372,237
9/6/2022,7,43.93657302,54
9/6/2022,8,23.18480609,218
9/6/2022,9,77.48640566,73
9/6/2022,10,31.01827058,216
9/6/2022,11,87.76470278,236
9/6/2022,12,87.2150171,385
9/6/2022,13,97.24880597,419
9/6/2022,14,171.3289502,452
9/6/2022,15,88.22895159,364
9/6/2022,16,119.1033618,392
9/6/2022,17,81.6695192,470
9/6/2022,18,71.55919436,383
9/6/2022,19,93.12330239,398
9/6/2022,20,106.2819163,370
9/6/2022,21,89.16632382,377
9/6/2022,22,87.31274467,348
9/6/2022,23,109.8217114,424
9/7/2022,0,96.13505147,408
9/7/2022,1,154.5551356,197
9/7/2022,2,76.10586993,417
9/7/2022,3,113.1808262,146
9/7/2022,4,43.99017648,274
9/7/2022,5,111.4698568,189
9/7/2022,6,21.81390857,234
9/7/2022,7,41.17177135,56
9/7/2022,8,20.20904233,177
9/7/2022,9,82.66269111,79
9/7/2022,10,39.4249154,224
9/7/2022,11,93.24130763,205
9/7/2022,12,96.7947907,389
9/7/2022,13,116.1867032,441
9/7/2022,14,64.31204711,527
9/7/2022,15,120.346934,332
9/7/2022,16,86.32406674,414
9/7/2022,17,95.93144385,408
9/7/2022,18,71.8171155,356
9/7/2022,19,111.147327,412
9/7/2022,20,102.9373357,407
9/7/2022,21,120.6169969,461
9/7/2022,22,146.8759361,394
9/7/2022,23,116.2283101,456
9/8/2022,0,62.60870293,476
9/8/2022,1,110.8127566,260
9/8/2022,2,95.96860585,407
9/8/2022,3,98.61414697,193
9/8/2022,4,60.06983971,365
9/8/2022,5,87.1466895,303
9/8/2022,6,32.88204493,221
9/8/2022,7,46.30567094,101
9/8/2022,8,33.86513112,173
9/8/2022,9,47.36663418,77
9/8/2022,10,44.84679233,299
9/8/2022,11,106.0617086,215
9/8/2022,12,81.68725818,380
9/8/2022,13,103.8759062,420
9/8/2022,14,86.49134355,506
9/8/2022,15,103.4156167,455
9/8/2022,16,82.21014123,534
9/8/2022,17,113.5553751,401
9/8/2022,18,89.28549799,596
9/8/2022,19,131.0008153,404
9/8/2022,20,97.03077209,514
9/8/2022,21,78.14723926,462
9/8/2022,22,106.8040263,397
9/8/2022,23,87.90406815,431
9/9/2022,0,70.97748698,537
9/9/2022,1,100.3140451,361
9/9/2022,2,67.00131231,406
9/9/2022,3,128.6711335,173
9/9/2022,4,66.59454015,399
9/9/2022,5,72.72363745,253
9/9/2022,6,28.11209334,212
9/9/2022,7,27.56841007,117
9/9/2022,8,25.51383017,184
9/9/2022,9,41.47910892,151
9/9/2022,10,42.5124103,219
9/9/2022,11,53.78798613,269
9/9/2022,12,89.55161152,412
9/9/2022,13,115.6030067,444
9/9/2022,14,74.33399484,569
9/9/2022,15,113.5768734,359
9/9/2022,16,89.95021175,390
9/9/2022,17,76.33516451,375
9/9/2022,18,84.04777882,397
9/9/2022,19,79.75089486,376
9/9/2022,20,117.4395089,410
9/9/2022,21,86.95636543,440
9/9/2022,22,104.9986574,333
9/9/2022,23,82.70928328,345
9/10/2022,0,81.14398636,408
9/10/2022,1,121.5458494,284
9/10/2022,2,87.65274515,467
9/10/2022,3,97.36132505,249
9/10/2022,4,70.60157506,278
9/10/2022,5,84.22973367,210
9/10/2022,6,22.54176923,193
9/10/2022,7,54.77898283,144
9/10/2022,8,28.33855525,161
9/10/2022,9,37.99595202,87
9/10/2022,10,27.28573756,188
9/10/2022,11,93.40745336,136
9/10/2022,12,66.88047112,259
9/10/2022,13,91.92094114,190
9/10/2022,14,66.75613659,358
9/10/2022,15,124.7290935,303
9/10/2022,16,74.44860498,343
9/10/2022,17,120.1053349,310
9/10/2022,18,84.22154005,357
9/10/2022,19,119.7087629,270
9/10/2022,20,98.91771903,440
9/10/2022,21,91.07787298,234
9/10/2022,22,78.1997041,317
9/10/2022,23,95.72805334,323
9/11/2022,0,104.4950131,409
9/11/2022,1,98.07591942,213
9/11/2022,2,78.88305512,334
9/11/2022,3,85.5616265,262
9/11/2022,4,81.47998084,328
9/11/2022,5,101.6434276,246
9/11/2022,6,47.28088977,173
9/11/2022,7,69.79257396,108
9/11/2022,8,36.65118311,174
9/11/2022,9,41.12393314,144
9/11/2022,10,73.92779061,213
9/11/2022,11,56.32772947,162
9/11/2022,12,64.07883009,292
9/11/2022,13,99.45958076,232
9/11/2022,14,70.261706,346
9/11/2022,15,105.536094,300
9/11/2022,16,87.51656021,346
9/11/2022,17,124.140422,354
9/11/2022,18,96.72741848,391
9/11/2022,19,135.3940945,450
9/11/2022,20,111.780949,385
9/11/2022,21,135.4546154,302
9/11/2022,22,91.40409983,360
9/11/2022,23,105.3881757,308
9/12/2022,0,89.56815232,411
9/12/2022,1,109.8038406,265
9/12/2022,2,73.87895748,375
9/12/2022,3,71.08849221,218
9/12/2022,4,99.59468237,278
9/12/2022,5,78.34059019,262
9/12/2022,6,42.795403,205
9/12/2022,7,89.80357559,115
9/12/2022,8,35.25031518,219
9/12/2022,9,44.33235857,64
9/12/2022,10,28.05627208,267
9/12/2022,11,79.23407278,209
9/12/2022,12,95.23097876,391
9/12/2022,13,88.33945095,465
9/12/2022,14,64.86924481,601
9/12/2022,15,103.8075129,562
9/12/2022,16,102.5075292,543
9/12/2022,17,105.489372,403
9/12/2022,18,95.17567649,465
9/12/2022,19,112.6876158,434
9/12/2022,20,158.32696,466
9/12/2022,21,91.47917233,542
9/12/2022,22,106.2267513,383
9/12/2022,23,92.78125026,422
9/13/2022,0,85.74191873,531
9/13/2022,1,94.58486616,338
9/13/2022,2,82.54883912,484
9/13/2022,3,126.6709299,249
9/13/2022,4,99.2037369,440
9/13/2022,5,80.65700319,242
9/13/2022,6,33.35763934,197
9/13/2022,7,45.94413798,94
9/13/2022,8,37.91558593,216
9/13/2022,9,93.40754801,72
9/13/2022,10,42.28654431,262
9/13/2022,11,91.94494719,145
9/13/2022,12,102.4213718,514
9/13/2022,13,134.5790969,392
9/13/2022,14,82.02269034,570
9/13/2022,15,159.6618771,409
9/13/2022,16,104.37985,442
9/13/2022,17,101.7844365,314
9/13/2022,18,96.04414477,464
9/13/2022,19,99.39644343,401
9/13/2022,20,96.4324088,430
9/13/2022,21,77.20225699,431
9/13/2022,22,121.193587,412
9/13/2022,23,106.005591,328
9/14/2022,0,83.462856,515
9/14/2022,1,116.5401498,412
9/14/2022,2,88.53943528,360
9/14/2022,3,55.61403005,308
9/14/2022,4,95.12097114,246
9/14/2022,5,70.1204203,234
9/14/2022,6,37.16315087,186
9/14/2022,7,29.90035885,117
9/14/2022,8,46.78410188,118
9/14/2022,9,92.9808255,154
9/14/2022,10,45.5772053,260
9/14/2022,11,60.09232132,235
9/14/2022,12,111.3335513,434
9/14/2022,13,141.6904122,402
9/14/2022,14,87.29143118,461
9/14/2022,15,86.5696835,396
9/14/2022,16,102.8541111,312
9/14/2022,17,83.12786869,343
9/14/2022,18,88.65622118,408
9/14/2022,19,142.2544103,390
9/14/2022,20,112.5817212,333
9/14/2022,21,96.24349078,369
9/14/2022,22,127.4591916,381
9/14/2022,23,98.97780271,237
9/15/2022,0,78.59017543,404
9/15/2022,1,105.666182,308
9/15/2022,2,83.42158031,432
9/15/2022,3,113.9621378,206
9/15/2022,4,109.9058259,256
9/15/2022,5,92.46941166,276
9/15/2022,6,35.78534992,150
9/15/2022,7,44.12936855,118
9/15/2022,8,21.74853903,155
9/15/2022,9,42.18592277,156
9/15/2022,10,40.29299044,171
9/15/2022,11,73.55450032,231
9/15/2022,12,98.39661141,339
9/15/2022,13,106.0005603,480
9/15/2022,14,117.2839531,442
9/15/2022,15,90.92796023,446
9/15/2022,16,150.841088,438
9/15/2022,17,115.0002874,355
9/15/2022,18,92.42959564,514
9/15/2022,19,109.7636416,395
9/15/2022,20,115.5255391,447
9/15/2022,21,84.28833438,412
9/15/2022,22,96.7321404,288
9/15/2022,23,97.62683046,414
9/16/2022,0,109.0408994,531
9/16/2022,1,124.1873545,318
9/16/2022,2,80.58003485,417
9/16/2022,3,102.5878283,196
9/16/2022,4,59.53000003,300
9/16/2022,5,124.6846805,133
9/16/2022,6,39.36721817,214
9/16/2022,7,56.16642548,101
9/16/2022,8,36.00919991,155
9/16/2022,9,33.52811032,101
9/16/2022,10,40.34740833,230
9/16/2022,11,99.76006574,216
9/16/2022,12,74.06219245,333
9/16/2022,13,137.6974745,321
9/16/2022,14,110.998776,437
9/16/2022,15,91.20469174,373
9/16/2022,16,93.29082347,411
9/16/2022,17,98.01658012,342
9/16/2022,18,102.2123586,408
9/16/2022,19,119.3947648,372
9/16/2022,20,90.63279597,344
9/16/2022,21,125.2294517,258
9/16/2022,22,87.54809161,349
9/16/2022,23,71.81937318,284
9/17/2022,0,86.38553165,469
9/17/2022,1,127.2871571,240
9/17/2022,2,94.71434241,346
9/17/2022,3,117.873376,211
9/17/2022,4,66.59647501,291
9/17/2022,5,81.98486085,197
9/17/2022,6,46.36105881,186
9/17/2022,7,69.80777765,49
9/17/2022,8,28.09305992,177
9/17/2022,9,38.99819779,45
9/17/2022,10,36.88633165,215
9/17/2022,11,122.0163981,115
9/17/2022,12,69.4434389,234
9/17/2022,13,124.9243544,215
9/17/2022,14,91.51840139,301
9/17/2022,15,100.1482328,332
9/17/2022,16,79.94853558,307
9/17/2022,17,106.0775311,353
9/17/2022,18,120.8093852,319
9/17/2022,19,106.9586858,364
9/17/2022,20,124.5810289,424
9/17/2022,21,90.58644306,401
9/17/2022,22,84.19512603,307
9/17/2022,23,64.60614972,437
9/18/2022,0,80.8181308,450
9/18/2022,1,144.0987186,195
9/18/2022,2,90.19671713,385
9/18/2022,3,130.6760666,158
9/18/2022,4,90.30504298,432
9/18/2022,5,113.6676547,221
9/18/2022,6,43.15577579,192
9/18/2022,7,55.07950062,95
9/18/2022,8,59.50977944,193
9/18/2022,9,74.26446496,68
9/18/2022,10,23.9497126,236
9/18/2022,11,68.31161958,168
9/18/2022,12,67.06922536,256
9/18/2022,13,117.3641737,210
9/18/2022,14,85.6488673,458
9/18/2022,15,125.7442782,331
9/18/2022,16,81.29349709,347
9/18/2022,17,94.70673022,345
9/18/2022,18,107.9489183,496
9/18/2022,19,138.1470437,305
9/18/2022,20,76.0126797,347
9/18/2022,21,170.3021831,244
9/18/2022,22,104.2702943,356
9/18/2022,23,135.3147561,349
9/19/2022,0,91.68780043,479
9/19/2022,1,121.3701149,257
9/19/2022,2,69.45578218,413
9/19/2022,3,133.0738397,211
9/19/2022,4,73.47671193,323
9/19/2022,5,100.6892763,170
9/19/2022,6,43.4026825,200
9/19/2022,7,33.30752515,83
9/19/2022,8,29.84630188,143
9/19/2022,9,63.6351837,142
9/19/2022,10,78.8738644,213
9/19/2022,11,79.94037857,253
9/19/2022,12,104.3553404,300
9/19/2022,13,101.6055383,388
9/19/2022,14,92.53113369,447
9/19/2022,15,118.340336,400
9/19/2022,16,109.1860536,327
9/19/2022,17,109.7809356,434
9/19/2022,18,104.0405172,436
9/19/2022,19,97.42857112,502
9/19/2022,20,101.5671036,367
9/19/2022,21,116.1668719,430
9/19/2022,22,79.56307323,391
9/19/2022,23,99.88095552,370
9/20/2022,0,85.01083987,512
9/20/2022,1,160.3962095,282
9/20/2022,2,82.71414141,357
9/20/2022,3,114.8194324,165
9/20/2022,4,63.38883648,240
9/20/2022,5,88.80163289,190
9/20/2022,6,45.54182776,154
9/20/2022,7,40.47010215,104
9/20/2022,8,34.10379056,110
9/20/2022,9,39.03905445,145
9/20/2022,10,45.9128663,213
9/20/2022,11,78.33060625,198
9/20/2022,12,113.5551883,309
9/20/2022,13,85.54379486,387
9/20/2022,14,102.0245872,448
9/20/2022,15,120.9012341,274
9/20/2022,16,116.1348792,377
9/20/2022,17,110.1328912,344
9/20/2022,18,121.5444158,433
9/20/2022,19,94.96084922,381
9/20/2022,20,121.4970595,440
9/20/2022,21,90.07502825,330
9/20/2022,22,103.0270207,398
9/20/2022,23,119.8814778,386
9/21/2022,0,85.55932719,549
9/21/2022,1,113.3316171,343
9/21/2022,2,80.84519929,416
9/21/2022,3,143.0004109,171
9/21/2022,4,61.82336068,267
9/21/2022,5,94.92351865,179
9/21/2022,6,44.88832884,263
9/21/2022,7,68.00621735,63
9/21/2022,8,49.58201168,239
9/21/2022,9,53.98318774,144
9/21/2022,10,45.36428104,237
9/21/2022,11,77.7645974,181
9/21/2022,12,81.95979838,449
9/21/2022,13,138.6393879,295
9/21/2022,14,73.33586355,488
9/21/2022,15,94.17525831,299
9/21/2022,16,91.98492685,351
9/21/2022,17,116.7804423,331
9/21/2022,18,120.7398099,400
9/21/2022,19,111.7735918,263
9/21/2022,20,101.7128934,443
9/21/2022,21,92.25438732,339
9/21/2022,22,98.4516035,329
9/21/2022,23,109.7888631,342
9/22/2022,0,70.99070339,516
9/22/2022,1,154.4548276,408
9/22/2022,2,80.11590728,366
9/22/2022,3,120.4816819,155
9/22/2022,4,75.02703397,311
9/22/2022,5,97.7781552,163
9/22/2022,6,49.50269478,211
9/22/2022,7,84.05805584,81
9/22/2022,8,37.06492493,143
9/22/2022,9,27.97664815,103
9/22/2022,10,41.93257489,189
9/22/2022,11,76.34971234,176
9/22/2022,12,83.41884367,337
9/22/2022,13,156.306475,384
9/22/2022,14,107.8070002,482
9/22/2022,15,105.8802914,275
9/22/2022,16,101.0929011,355
9/22/2022,17,102.497105,386
9/22/2022,18,92.31225401,331
9/22/2022,19,106.8424482,314
9/22/2022,20,70.33712093,395
9/22/2022,21,124.4156947,321
9/22/2022,22,84.28276763,369
9/22/2022,23,95.00115259,348
9/23/2022,0,88.58761497,494
9/23/2022,1,142.5555536,323
9/23/2022,2,106.3564828,394
9/23/2022,3,101.5926501,239
9/23/2022,4,97.24767809,240
9/23/2022,5,86.77618742,219
9/23/2022,6,54.53061382,198
9/23/2022,7,59.40133576,93
9/23/2022,8,27.23908057,187
9/23/2022,9,95.69682974,94
9/23/2022,10,40.5984722,237
9/23/2022,11,86.22211144,213
9/23/2022,12,74.18690791,311
9/23/2022,13,128.4787594,367
9/23/2022,14,77.1849113,485
9/23/2022,15,118.4104019,377
9/23/2022,16,124.4499772,322
9/23/2022,17,89.34958068,412
9/23/2022,18,107.4051756,422
9/23/2022,19,100.7366469,330
9/23/2022,20,122.9530576,322
9/23/2022,21,64.48638522,323
9/23/2022,22,96.13190148,231
9/23/2022,23,86.96767062,336
9/24/2022,0,72.8188898,440
9/24/2022,1,102.1734856,270
9/24/2022,2,70.23422535,374
9/24/2022,3,118.784697,199
9/24/2022,4,64.3423537,388
9/24/2022,5,120.9728655,158
9/24/2022,6,29.09454939,209
9/24/2022,7,44.54942351,25
9/24/2022,8,20.83775549,155
9/24/2022,9,47.24396419,92
9/24/2022,10,36.42788023,203
9/24/2022,11,85.80191648,114
9/24/2022,12,53.64087763,275
9/24/2022,13,135.5816648,186
9/24/2022,14,91.38651836,334
9/24/2022,15,79.46987651,268
9/24/2022,16,93.39182354,300
9/24/2022,17,87.6394722,273
9/24/2022,18,102.1214375,367
9/24/2022,19,81.82012214,303
9/24/2022,20,102.1101521,285
9/24/2022,21,110.6285878,261
9/24/2022,22,100.2338655,375
9/24/2022,23,87.82114798,341
9/25/2022,0,69.86486983,387
9/25/2022,1,110.5773002,262
9/25/2022,2,83.73548963,337
9/25/2022,3,104.3306623,215
9/25/2022,4,74.5298388,236
9/25/2022,5,74.26382345,273
9/25/2022,6,76.91529697,175
9/25/2022,7,30.4348185,96
9/25/2022,8,72.7861865,77
9/25/2022,9,22.23626905,194
9/25/2022,10,65.60716237,120
9/25/2022,11,45.23369062,191
9/25/2022,12,98.51735337,118
9/25/2022,13,96.0267513,287
9/25/2022,14,115.5317708,269
9/25/2022,15,99.196608,299
9/25/2022,16,131.0154604,236
9/25/2022,17,69.20646043,390
9/25/2022,18,124.4288193,234
9/25/2022,19,100.789559,416
9/25/2022,20,127.3059886,234
9/25/2022,21,115.8874787,386
9/25/2022,22,110.7600235,329
9/25/2022,23,109.5897611,303
9/26/2022,0,81.68946937,508
9/26/2022,1,119.2286931,257
9/26/2022,2,78.0699664,339
9/26/2022,3,92.07199811,159
9/26/2022,4,80.89427053,293
9/26/2022,5,98.88431476,154
9/26/2022,6,26.00766437,231
9/26/2022,7,101.4650058,31
9/26/2022,8,29.87269638,214
9/26/2022,9,36.40187462,89
9/26/2022,10,37.60678993,262
9/26/2022,11,124.7923755,119
9/26/2022,12,69.87438575,382
9/26/2022,13,121.1431168,269
9/26/2022,14,92.90931536,445
9/26/2022,15,120.3807491,331
9/26/2022,16,81.25817215,395
9/26/2022,17,76.89830542,336
9/26/2022,18,102.5756354,524
9/26/2022,19,127.4446191,332
9/26/2022,20,102.5951773,476
9/26/2022,21,107.3914039,348
9/26/2022,22,92.62585196,390
9/26/2022,23,105.2138776,297
9/27/2022,0,75.63357294,438
9/27/2022,1,120.8560184,295
9/27/2022,2,85.58350746,299
9/27/2022,3,97.31315789,128
9/27/2022,4,37.32958222,244
9/27/2022,5,76.72977251,205
9/27/2022,6,31.77610353,217
9/27/2022,7,45.35257059,26
9/27/2022,8,20.6449281,174
9/27/2022,9,41.95482743,101
9/27/2022,10,40.22572466,208
9/27/2022,11,69.94517826,224
9/27/2022,12,91.61074469,297
9/27/2022,13,109.8144448,376
9/27/2022,14,86.3838819,403
9/27/2022,15,120.6536505,295
9/27/2022,16,155.5612901,246
9/27/2022,17,112.745697,365
9/27/2022,18,100.8362039,405
9/27/2022,19,84.13807441,349
9/27/2022,20,100.5265267,287
9/27/2022,21,82.90216998,348
9/27/2022,22,139.65734,358
9/27/2022,23,99.85160707,386
9/28/2022,0,68.27664119,426
9/28/2022,1,132.6054273,282
9/28/2022,2,78.92996392,312
9/28/2022,3,68.92246507,246
9/28/2022,4,70.01696958,267
9/28/2022,5,68.34331611,286
9/28/2022,6,39.11252174,108
9/28/2022,7,44.04037067,178
9/28/2022,8,20.52578158,110
9/28/2022,9,21.04278001,190
9/28/2022,10,60.2803052,71
9/28/2022,11,50.57071999,230
9/28/2022,12,89.04693054,367
9/28/2022,13,108.2134474,362
9/28/2022,14,114.885775,469
9/28/2022,15,135.4921046,511
9/28/2022,16,119.0432067,382
9/28/2022,17,87.10251152,382
9/28/2022,18,125.810147,400
9/28/2022,19,103.5583619,548
9/28/2022,20,94.95161509,385
9/28/2022,21,93.25489946,423
9/28/2022,22,88.3026065,340
9/28/2022,23,110.420252,452
9/29/2022,0,87.08834116,593
9/29/2022,1,251.7320829,369
9/29/2022,2,74.60564235,347
9/29/2022,3,201.0403557,149
9/29/2022,4,70.65192921,311
9/29/2022,5,105.1212077,155
9/29/2022,6,38.39495225,284
9/29/2022,7,53.22065638,63
9/29/2022,8,31.38457826,220
9/29/2022,9,40.07834285,120
9/29/2022,10,49.79189946,132
9/29/2022,11,60.94393374,209
9/29/2022,12,98.45634528,293
9/29/2022,13,123.8009564,354
9/29/2022,14,86.81849886,483
9/29/2022,15,102.0220882,340
9/29/2022,16,92.02875093,349
9/29/2022,17,70.40630611,438
9/29/2022,18,82.08264614,374
9/29/2022,19,94.21094286,446
9/29/2022,20,89.93590069,364
9/29/2022,21,95.22890547,346
9/29/2022,22,110.4032972,275
9/29/2022,23,114.3200003,409
9/30/2022,0,84.53604678,448
9/30/2022,1,103.2799549,220
9/30/2022,2,70.22252967,408
9/30/2022,3,103.2977396,236
9/30/2022,4,140.2135322,363
9/30/2022,5,95.60721364,172
9/30/2022,6,39.670803,233
9/30/2022,7,51.10603969,90
9/30/2022,8,48.19491744,171
9/30/2022,9,61.70098032,112
9/30/2022,10,64.32471682,213
9/30/2022,11,77.91924431,168
9/30/2022,12,110.2124763,304
9/30/2022,13,109.4167196,411
9/30/2022,14,112.8489275,497
9/30/2022,15,92.08212324,420
9/30/2022,16,129.0102087,564
9/30/2022,17,87.11513283,307
9/30/2022,18,118.2826969,319
9/30/2022,19,95.3945453,336
9/30/2022,20,112.0046203,356
9/30/2022,21,122.9276858,337
9/30/2022,22,113.1416811,317
9/30/2022,23,91.64965753,338
10/1/2022,0,106.1305747,490
10/1/2022,1,125.5265959,206
10/1/2022,2,122.4232853,414
10/1/2022,3,129.8058718,169
10/1/2022,4,77.92618066,518
10/1/2022,5,75.25295135,171
10/1/2022,6,46.68463108,250
10/1/2022,7,82.15597317,64
10/1/2022,8,22.29452455,217
10/1/2022,9,59.25221721,52
10/1/2022,10,56.62683089,207
10/1/2022,11,65.32661343,116
10/1/2022,12,75.18906851,204
10/1/2022,13,81.40471539,229
10/1/2022,14,160.6222961,449
10/1/2022,15,168.268351,298
10/1/2022,16,111.1218754,497
10/1/2022,17,140.5506238,312
10/1/2022,18,82.40891911,319
10/1/2022,19,109.88727,330
10/1/2022,20,86.09192285,305
10/1/2022,21,109.3183685,335
10/1/2022,22,69.15984636,333
10/1/2022,23,117.7922221,319
10/2/2022,0,67.52132491,414
10/2/2022,1,120.7164913,203
10/2/2022,2,70.18032726,374
10/2/2022,3,92.44154133,194
10/2/2022,4,84.14632328,373
10/2/2022,5,62.44491051,177
10/2/2022,6,50.91927427,207
10/2/2022,7,61.63167715,103
10/2/2022,8,26.65000577,121
10/2/2022,9,35.3310871,119
10/2/2022,10,27.59473097,135
10/2/2022,11,59.85903172,157
10/2/2022,12,54.76568423,203
10/2/2022,13,96.93075928,230
10/2/2022,14,67.52839022,318
10/2/2022,15,118.7300782,281
10/2/2022,16,82.56500251,407
10/2/2022,17,126.7636299,180
10/2/2022,18,87.92890332,383
10/2/2022,19,135.05094,210
10/2/2022,20,86.84295179,386
10/2/2022,21,143.0946415,176
10/2/2022,22,105.4555402,446
10/2/2022,23,127.2115155,377
10/3/2022,0,101.3925273,520
10/3/2022,1,165.3633103,273
10/3/2022,2,77.91623903,397
10/3/2022,3,131.2974071,165
10/3/2022,4,68.02573869,306
10/3/2022,5,65.20835905,170
10/3/2022,6,36.98004144,185
10/3/2022,7,42.72185748,110
10/3/2022,8,38.93324664,161
10/3/2022,9,41.67348728,125
10/3/2022,10,50.12866132,208
10/3/2022,11,91.59358419,178
10/3/2022,12,99.45172518,305
10/3/2022,13,96.43296084,276
10/3/2022,14,127.7938907,323
10/3/2022,15,129.8019706,296
10/3/2022,16,109.8961822,403
10/3/2022,17,101.3372792,310
10/3/2022,18,127.2075855,328
10/3/2022,19,148.9951292,431
10/3/2022,20,136.4648057,394
10/3/2022,21,120.7121658,192
10/3/2022,22,96.74203274,344
10/3/2022,23,126.4855062,337
10/4/2022,0,113.3439628,501
10/4/2022,1,142.656656,323
10/4/2022,2,74.80550951,336
10/4/2022,3,118.6476272,188
10/4/2022,4,70.05553691,364
10/4/2022,5,94.11635348,206
10/4/2022,6,33.02839151,245
10/4/2022,7,79.19299548,82
10/4/2022,8,21.19049714,199
10/4/2022,9,79.05167505,90
10/4/2022,10,61.99523004,258
10/4/2022,11,98.25299728,141
10/4/2022,12,75.35326468,388
10/4/2022,13,120.9819027,248
10/4/2022,14,92.77531116,466
10/4/2022,15,138.4655251,377
10/4/2022,16,72.36962043,430
10/4/2022,17,130.0395333,350
10/4/2022,18,108.2289535,341
10/4/2022,19,164.054059,199
10/4/2022,20,98.48422017,406
10/4/2022,21,144.3818435,359
10/4/2022,22,121.8869098,433
10/4/2022,23,120.5750529,354
10/5/2022,0,88.98792657,468
10/5/2022,1,127.9481827,262
10/5/2022,2,90.36096409,373
10/5/2022,3,107.1819464,240
10/5/2022,4,75.19913845,322
10/5/2022,5,67.05447804,200
10/5/2022,6,34.82310626,211
10/5/2022,7,65.43372368,62
10/5/2022,8,31.82052058,213
10/5/2022,9,44.12330902,92
10/5/2022,10,40.48519837,175
10/5/2022,11,80.49207046,198
10/5/2022,12,89.24077129,285
10/5/2022,13,93.48687208,439
10/5/2022,14,104.3754437,377
10/5/2022,15,103.5166836,370
10/5/2022,16,119.0110653,329
10/5/2022,17,127.87297,383
10/5/2022,18,90.96441215,416
10/5/2022,19,138.1045711,248
10/5/2022,20,82.30410338,554
10/5/2022,21,118.2795605,262
10/5/2022,22,119.240747,439
10/5/2022,23,191.0987415,376
10/6/2022,0,89.77022233,463
10/6/2022,1,135.7917283,306
10/6/2022,2,93.88206041,356
10/6/2022,3,124.6052787,212
10/6/2022,4,93.86040887,319
10/6/2022,5,63.78809352,198
10/6/2022,6,33.12031926,164
10/6/2022,7,44.93108217,75
10/6/2022,8,43.63700154,160
10/6/2022,9,42.97632654,91
10/6/2022,10,49.20625943,239
10/6/2022,11,84.28008269,120
10/6/2022,12,102.3705636,328
10/6/2022,13,113.7746987,294
10/6/2022,14,113.7661746,404
10/6/2022,15,116.438724,355
10/6/2022,16,91.84861102,429
10/6/2022,17,118.0865972,259
10/6/2022,18,66.57049296,474
10/6/2022,19,126.828088,322
10/6/2022,20,78.99275819,420
10/6/2022,21,118.9030949,370
10/6/2022,22,84.86981301,465
10/6/2022,23,106.8630797,343
10/7/2022,0,94.19187923,549
10/7/2022,1,113.7026679,319
10/7/2022,2,73.67697465,350
10/7/2022,3,145.2731118,254
10/7/2022,4,56.67839733,367
10/7/2022,5,66.31842627,238
10/7/2022,6,31.85039461,167
10/7/2022,7,24.87466614,134
10/7/2022,8,34.12932469,175
10/7/2022,9,48.52233082,128
10/7/2022,10,35.66021065,220
10/7/2022,11,122.2210269,164
10/7/2022,12,99.78161195,408
10/7/2022,13,132.4927325,337
10/7/2022,14,105.0743558,359
10/7/2022,15,118.0857531,264
10/7/2022,16,105.0400801,299
10/7/2022,17,125.536013,287
10/7/2022,18,117.1970588,252
10/7/2022,19,83.25617158,350
10/7/2022,20,80.96760766,362
10/7/2022,21,83.10061756,328
10/7/2022,22,79.42299949,271
10/7/2022,23,90.26035969,355
10/8/2022,0,77.98654487,374
10/8/2022,1,126.3987381,220
10/8/2022,2,54.98033611,363
10/8/2022,3,109.985637,165
10/8/2022,4,74.81015117,287
10/8/2022,5,71.8890599,212
10/8/2022,6,26.0478189,217
10/8/2022,7,42.23922032,82
10/8/2022,8,23.18176078,179
10/8/2022,9,52.50351022,118
10/8/2022,10,44.80701829,130
10/8/2022,11,53.5679903,242
10/8/2022,12,79.38620098,210
10/8/2022,13,69.44711436,378
10/8/2022,14,93.77971171,248
10/8/2022,15,90.44328153,388
10/8/2022,16,108.0534086,216
10/8/2022,17,115.4069462,379
10/8/2022,18,109.0401948,297
10/8/2022,19,109.5134896,465
10/8/2022,20,99.46415051,250
10/8/2022,21,100.7351165,378
10/8/2022,22,80.03349557,347
10/8/2022,23,77.38549713,342
10/9/2022,0,80.7681045,393
10/9/2022,1,87.78426557,212
10/9/2022,2,67.5680968,260
10/9/2022,3,128.3855524,268
10/9/2022,4,66.55980749,318
10/9/2022,5,63.91985105,269
10/9/2022,6,38.62306736,186
10/9/2022,7,33.66280212,98
10/9/2022,8,59.42936228,187
10/9/2022,9,33.58561726,84
10/9/2022,10,30.08507438,155
10/9/2022,11,39.28377573,168
10/9/2022,12,79.90127086,184
10/9/2022,13,68.46254983,278
10/9/2022,14,84.48457647,303
10/9/2022,15,84.09824924,357
10/9/2022,16,112.0569667,291
10/9/2022,17,102.1771393,284
10/9/2022,18,105.8806146,244
10/9/2022,19,81.4454309,278
10/9/2022,20,106.6883365,273
10/9/2022,21,79.13120001,374
10/9/2022,22,95.1335604,269
10/9/2022,23,77.75639624,398
10/10/2022,0,78.55871929,476
10/10/2022,1,126.102906,342
10/10/2022,2,109.7584294,345
10/10/2022,3,87.33907864,169
10/10/2022,4,63.97217297,325
10/10/2022,5,69.66217086,238
10/10/2022,6,33.98037475,123
10/10/2022,7,41.94149457,192
10/10/2022,8,36.4263318,119
10/10/2022,9,44.93934197,150
10/10/2022,10,32.7707135,243
10/10/2022,11,62.6710438,159
10/10/2022,12,78.90631616,317
10/10/2022,13,110.5492461,362
10/10/2022,14,102.8717564,417
10/10/2022,15,113.8076797,353
10/10/2022,16,86.89340695,423
10/10/2022,17,104.9147961,348
10/10/2022,18,86.01370259,348
10/10/2022,19,108.9019771,280
10/10/2022,20,85.73664521,372
10/10/2022,21,82.00931224,274
10/10/2022,22,78.53545817,338
10/10/2022,23,93.3760215,330
10/11/2022,0,99.07005248,534
10/11/2022,1,127.8282891,409
10/11/2022,2,52.43493913,402
10/11/2022,3,131.0048241,187
10/11/2022,4,50.36229352,386
10/11/2022,5,67.26972254,295
10/11/2022,6,29.58931153,311
10/11/2022,7,26.49140407,161
10/11/2022,8,22.29764702,313
10/11/2022,9,36.62027999,214
10/11/2022,10,22.8896379,347
10/11/2022,11,107.853734,216
10/11/2022,12,58.34971994,489
10/11/2022,13,111.1374177,322
10/11/2022,14,48.81796013,559
10/11/2022,15,100.2217803,438
10/11/2022,16,79.70662494,532
10/11/2022,17,83.36345818,416
10/11/2022,18,104.6396299,417
10/11/2022,19,67.68191542,429
10/11/2022,20,95.42877547,475
10/11/2022,21,91.67159246,448
10/11/2022,22,80.16588602,510
10/11/2022,23,101.9353998,372
10/12/2022,0,83.41813273,640
10/12/2022,1,105.9646964,333
10/12/2022,2,48.43089564,522
10/12/2022,3,79.89607099,289
10/12/2022,4,35.87457884,494
10/12/2022,5,47.16567343,310
10/12/2022,6,22.79700336,330
10/12/2022,7,21.24742826,197
10/12/2022,8,18.00005631,277
10/12/2022,9,42.7365773,199
10/12/2022,10,37.42781667,435
10/12/2022,11,96.95726905,227
10/12/2022,12,78.95406395,600
10/12/2022,13,93.14044239,452
10/12/2022,14,63.54620588,660
10/12/2022,15,117.3774685,492
10/12/2022,16,74.7962422,562
10/12/2022,17,95.3178486,329
10/12/2022,18,59.85296553,562
10/12/2022,19,97.03231417,448
10/12/2022,20,69.27325976,606
10/12/2022,21,126.808935,331
10/12/2022,22,102.9071731,613
10/12/2022,23,111.4698217,415
10/13/2022,0,77.5302171,743
10/13/2022,1,87.41029329,524
10/13/2022,2,83.342751,591
10/13/2022,3,89.48989075,274
10/13/2022,4,63.61361746,452
10/13/2022,5,48.66160443,333
10/13/2022,6,26.27898048,340
10/13/2022,7,48.82141115,213
10/13/2022,8,20.89385088,331
10/13/2022,9,33.57566642,146
10/13/2022,10,31.56376488,426
10/13/2022,11,88.29902491,228
10/13/2022,12,58.28762022,582
10/13/2022,13,112.6773028,385
10/13/2022,14,83.83810083,696
10/13/2022,15,124.1138473,356
10/13/2022,16,85.26936479,610
10/13/2022,17,104.9323373,444
10/13/2022,18,83.09660712,566
10/13/2022,19,102.85442,367
10/13/2022,20,128.0547948,462
10/13/2022,21,76.10782789,424
10/13/2022,22,58.7694994,610
10/13/2022,23,117.9319097,460
10/14/2022,0,66.64553537,866
10/14/2022,1,89.17621379,512
10/14/2022,2,55.87301381,745
10/14/2022,3,71.75406022,372
10/14/2022,4,48.03939209,471
10/14/2022,5,64.49253149,280
10/14/2022,6,34.62515128,367
10/14/2022,7,46.39471169,132
10/14/2022,8,18.80358793,310
10/14/2022,9,38.12350661,180
10/14/2022,10,29.22601126,354
10/14/2022,11,85.94278667,280
10/14/2022,12,78.94741513,413
10/14/2022,13,111.9970915,474
10/14/2022,14,91.79516023,536
10/14/2022,15,93.37690307,448
10/14/2022,16,89.79286429,598
10/14/2022,17,89.48426238,408
10/14/2022,18,97.32250686,440
10/14/2022,19,96.9391371,450
10/14/2022,20,69.0348503,503
10/14/2022,21,89.23181896,381
10/14/2022,22,64.35782019,432
10/14/2022,23,101.1219425,381
10/15/2022,0,82.51845773,739
10/15/2022,1,153.200457,413
10/15/2022,2,100.2367943,632
10/15/2022,3,107.1967171,366
10/15/2022,4,46.79529321,394
10/15/2022,5,68.59732195,352
10/15/2022,6,30.39993483,359
10/15/2022,7,34.15364747,114
10/15/2022,8,17.935268,413
10/15/2022,9,48.8138291,94
10/15/2022,10,22.68300535,446
10/15/2022,11,75.11064863,151
10/15/2022,12,45.9855728,474
10/15/2022,13,83.28554816,281
10/15/2022,14,66.08844878,477
10/15/2022,15,108.1891745,299
10/15/2022,16,70.28075446,467
10/15/2022,17,113.614767,344
10/15/2022,18,79.73454599,461
10/15/2022,19,112.8040885,284
10/15/2022,20,82.80983748,548
10/15/2022,21,64.92408872,310
10/15/2022,22,72.71714256,446
10/15/2022,23,81.05235482,432
10/16/2022,0,73.20859472,623
10/16/2022,1,113.4763703,337
10/16/2022,2,79.3750917,540
10/16/2022,3,119.697164,290
10/16/2022,4,43.45046362,512
10/16/2022,5,72.99636491,403
10/16/2022,6,31.72944286,333
10/16/2022,7,44.47720092,160
10/16/2022,8,24.0006501,295
10/16/2022,9,28.63454705,185
10/16/2022,10,26.14805711,341
10/16/2022,11,41.31269948,207
10/16/2022,12,49.33120619,372
10/16/2022,13,75.44523833,307
10/16/2022,14,63.355812,491
10/16/2022,15,88.02508938,344
10/16/2022,16,69.3624578,435
10/16/2022,17,84.71689762,346
10/16/2022,18,73.51736648,623
10/16/2022,19,152.9785975,284
10/16/2022,20,96.29853864,558
10/16/2022,21,125.1465373,458
10/16/2022,22,104.4660419,502
10/16/2022,23,105.1961923,411
10/17/2022,0,75.89856965,634
10/17/2022,1,108.5417589,428
10/17/2022,2,64.1562181,581
10/17/2022,3,73.37436768,275
10/17/2022,4,52.20758878,423
10/17/2022,5,66.62996216,384
10/17/2022,6,30.77713234,277
10/17/2022,7,30.70374686,191
10/17/2022,8,28.62441116,298
10/17/2022,9,51.87810388,232
10/17/2022,10,34.62554024,309
10/17/2022,11,62.04580484,319
10/17/2022,12,75.42426132,557
10/17/2022,13,103.9851696,515
10/17/2022,14,83.50206819,726
10/17/2022,15,122.8410891,369
10/17/2022,16,98.45386633,550
10/17/2022,17,124.5497848,391
10/17/2022,18,81.52501942,669
10/17/2022,19,108.367816,418
10/17/2022,20,88.65399011,648
10/17/2022,21,109.7394125,437
10/17/2022,22,97.88843934,495
10/17/2022,23,109.1804659,508
10/18/2022,0,83.94506911,579
10/18/2022,1,127.331327,353
10/18/2022,2,54.6292309,449
10/18/2022,3,76.29337358,247
10/18/2022,4,44.01819301,469
10/18/2022,5,55.95166391,322
10/18/2022,6,26.54597821,273
10/18/2022,7,30.2899627,162
10/18/2022,8,20.66141873,345
10/18/2022,9,47.52224332,133
10/18/2022,10,34.34066805,352
10/18/2022,11,68.94906745,200
10/18/2022,12,71.5143705,565
10/18/2022,13,109.997009,522
10/18/2022,14,69.5976355,541
10/18/2022,15,81.29357559,319
10/18/2022,16,58.19408856,511
10/18/2022,17,80.71576612,377
10/18/2022,18,70.72026813,486
10/18/2022,19,90.35931532,414
10/18/2022,20,107.9941578,634
10/18/2022,21,75.99483972,398
10/18/2022,22,59.14609177,499
10/18/2022,23,104.8904506,512
10/19/2022,0,80.37608305,725
10/19/2022,1,132.2910183,473
10/19/2022,2,52.88506064,500
10/19/2022,3,75.81114895,245
10/19/2022,4,33.78038214,324
10/19/2022,5,57.43079333,279
10/19/2022,6,66.8214337,359
10/19/2022,7,40.5886506,225
10/19/2022,8,18.56585179,318
10/19/2022,9,37.72835599,234
10/19/2022,10,32.78778765,355
10/19/2022,11,55.08916914,264
10/19/2022,12,75.2012813,496
10/19/2022,13,89.71643779,473
10/19/2022,14,98.6154476,634
10/19/2022,15,108.8680599,446
10/19/2022,16,94.57574219,624
10/19/2022,17,128.3984935,419
10/19/2022,18,79.283075,527
10/19/2022,19,104.8425422,379
10/19/2022,20,72.16069371,558
10/19/2022,21,84.71318864,383
10/19/2022,22,94.77842817,456
10/19/2022,23,93.42369918,400
10/20/2022,0,81.77836925,586
10/20/2022,1,106.6497485,319
10/20/2022,2,56.89144709,467
10/20/2022,3,56.19537667,258
10/20/2022,4,56.51804585,371
10/20/2022,5,47.36545329,403
10/20/2022,6,28.01929978,272
10/20/2022,7,20.33126404,262
10/20/2022,8,35.0734913,240
10/20/2022,9,19.71874448,268
10/20/2022,10,44.71342147,253
10/20/2022,11,48.25952283,345
10/20/2022,12,69.90248612,431
10/20/2022,13,71.4524869,538
10/20/2022,14,88.66088864,569
10/20/2022,15,90.44331448,513
10/20/2022,16,73.5864244,492
10/20/2022,17,123.4885458,405
10/20/2022,18,130.3188399,506
10/20/2022,19,88.98398456,542
10/20/2022,20,90.76409841,458
10/20/2022,21,84.73107425,486
10/20/2022,22,91.83730051,449
10/20/2022,23,87.18296604,554
10/21/2022,0,65.95366533,602
10/21/2022,1,96.98978684,316
10/21/2022,2,80.83916728,557
10/21/2022,3,80.25220502,302
10/21/2022,4,65.43342046,374
10/21/2022,5,49.56001948,419
10/21/2022,6,26.57643675,329
10/21/2022,7,29.25928068,219
10/21/2022,8,14.35446238,387
10/21/2022,9,54.30325195,72
10/21/2022,10,40.22175435,448
10/21/2022,11,92.00000308,154
10/21/2022,12,64.86699739,566
10/21/2022,13,116.6166979,511
10/21/2022,14,68.95104996,753
10/21/2022,15,108.7748234,410
10/21/2022,16,80.9869014,706
10/21/2022,17,64.11357073,398
10/21/2022,18,78.78342287,522
10/21/2022,19,99.88160527,325
10/21/2022,20,68.80894231,467
10/21/2022,21,83.76404177,346
10/21/2022,22,76.79620765,439
10/21/2022,23,102.260451,341
10/22/2022,0,51.96711505,591
10/22/2022,1,112.3206695,324
10/22/2022,2,71.02429678,405
10/22/2022,3,98.62326962,315
10/22/2022,4,84.56831767,391
10/22/2022,5,110.6990537,424
10/22/2022,6,61.21154677,320
10/22/2022,7,54.94944625,193
10/22/2022,8,25.98226808,310
10/22/2022,9,30.0534717,168
10/22/2022,10,31.71113826,299
10/22/2022,11,60.4243443,198
10/22/2022,12,51.09104194,387
10/22/2022,13,103.5655075,252
10/22/2022,14,60.49069498,505
10/22/2022,15,104.4231754,369
10/22/2022,16,65.51036059,600
10/22/2022,17,160.8882677,312
10/22/2022,18,53.84689193,615
10/22/2022,19,121.4863301,322
10/22/2022,20,67.47320141,532
10/22/2022,21,124.563524,274
10/22/2022,22,57.05634616,460
10/22/2022,23,87.2390831,349
10/23/2022,0,61.58202923,553
10/23/2022,1,101.0993889,255
10/23/2022,2,58.13476002,573
10/23/2022,3,116.4609249,147
10/23/2022,4,43.78077423,525
10/23/2022,5,89.71941657,245
10/23/2022,6,26.95261274,424
10/23/2022,7,49.70816777,119
10/23/2022,8,29.66491154,353
10/23/2022,9,38.77586393,106
10/23/2022,10,39.86279797,378
10/23/2022,11,68.88102793,156
10/23/2022,12,57.47118382,395
10/23/2022,13,85.1984689,310
10/23/2022,14,70.68547782,525
10/23/2022,15,149.9342026,280
10/23/2022,16,61.61514085,430
10/23/2022,17,115.5402448,260
10/23/2022,18,56.67935076,534
10/23/2022,19,117.2752926,271
10/23/2022,20,57.59542616,530
10/23/2022,21,117.7437116,305
10/23/2022,22,62.4478517,490
10/23/2022,23,102.6908058,404
10/24/2022,0,42.66374763,521
10/24/2022,1,166.6970498,295
10/24/2022,2,59.85530437,517
10/24/2022,3,77.95456361,223
10/24/2022,4,53.92760484,419
10/24/2022,5,72.00985609,297
10/24/2022,6,32.26430511,406
10/24/2022,7,61.30160179,111
10/24/2022,8,25.94215042,394
10/24/2022,9,56.71114505,114
10/24/2022,10,44.94969862,415
10/24/2022,11,128.7747063,170
10/24/2022,12,61.54759606,578
10/24/2022,13,94.88820634,422
10/24/2022,14,55.11598995,576
10/24/2022,15,117.1721262,441
10/24/2022,16,94.25430742,533
10/24/2022,17,78.18444653,430
10/24/2022,18,92.23478339,629
10/24/2022,19,117.6917593,494
10/24/2022,20,63.73871476,479
10/24/2022,21,105.6456882,304
10/24/2022,22,64.33935591,543
10/24/2022,23,119.4274786,400
10/25/2022,0,82.16983834,641
10/25/2022,1,122.0167872,368
10/25/2022,2,45.42167204,534
10/25/2022,3,127.7494098,189
10/25/2022,4,38.76424651,471
10/25/2022,5,88.58298959,333
10/25/2022,6,36.32013182,354
10/25/2022,7,32.38502509,161
10/25/2022,8,21.14235309,401
10/25/2022,9,90.85769927,78
10/25/2022,10,31.31953352,401
10/25/2022,11,64.68762732,155
10/25/2022,12,58.78580395,638
10/25/2022,13,107.898315,393
10/25/2022,14,66.5509227,702
10/25/2022,15,99.15021345,382
10/25/2022,16,68.7369152,521
10/25/2022,17,92.91414291,346
10/25/2022,18,71.08286341,487
10/25/2022,19,140.8295713,283
10/25/2022,20,92.84118382,521
10/25/2022,21,104.400727,350
10/25/2022,22,95.9497939,442
10/25/2022,23,142.8920123,569
10/26/2022,0,68.06647125,695
10/26/2022,1,118.0155577,423
10/26/2022,2,77.21094109,650
10/26/2022,3,80.50959703,373
10/26/2022,4,74.63833817,448
10/26/2022,5,64.39838698,337
10/26/2022,6,33.6888676,303
10/26/2022,7,21.10948544,211
10/26/2022,8,21.27238365,334
10/26/2022,9,62.58412871,121
10/26/2022,10,39.10407715,391
10/26/2022,11,108.6905574,233
10/26/2022,12,59.59105304,621
10/26/2022,13,117.9438097,464
10/26/2022,14,78.28371386,615
10/26/2022,15,108.9077116,462
10/26/2022,16,59.08460508,539
10/26/2022,17,118.2678623,402
10/26/2022,18,60.21979494,623
10/26/2022,19,103.0798615,388
10/26/2022,20,61.62687021,664
10/26/2022,21,90.13324876,325
10/26/2022,22,83.16926369,585
10/26/2022,23,84.51397985,443
10/27/2022,0,75.20853896,767
10/27/2022,1,151.6417373,326
10/27/2022,2,71.1832486,499
10/27/2022,3,98.94875444,285
10/27/2022,4,32.26579814,463
10/27/2022,5,69.96784909,370
10/27/2022,6,24.93908155,356
10/27/2022,7,35.25922628,151
10/27/2022,8,20.01741026,423
10/27/2022,9,40.51770856,97
10/27/2022,10,26.05821443,382
10/27/2022,11,61.94720986,191
10/27/2022,12,62.26609064,487
10/27/2022,13,108.8740258,329
10/27/2022,14,74.59720758,544
10/27/2022,15,83.68921366,471
10/27/2022,16,83.26791709,505
10/27/2022,17,128.2465821,363
10/27/2022,18,59.72922547,656
10/27/2022,19,76.5827082,333
10/27/2022,20,59.94469639,553
10/27/2022,21,98.37421967,501
10/27/2022,22,64.43750148,464
10/27/2022,23,86.00374537,513
10/28/2022,0,70.59682284,786
10/28/2022,1,111.9804094,353
10/28/2022,2,59.95549471,589
10/28/2022,3,100.3011884,294
10/28/2022,4,35.2055463,565
10/28/2022,5,71.72805323,346
10/28/2022,6,48.86397562,353
10/28/2022,7,33.51918199,211
10/28/2022,8,24.72510091,384
10/28/2022,9,59.25218978,132
10/28/2022,10,27.57763229,391
10/28/2022,11,83.59066123,264
10/28/2022,12,48.11244463,524
10/28/2022,13,115.0395158,442
10/28/2022,14,82.35274647,622
10/28/2022,15,81.81329533,518
10/28/2022,16,109.5344758,658
10/28/2022,17,94.17509692,332
10/28/2022,18,68.21987455,561
10/28/2022,19,98.27351251,457
10/28/2022,20,97.08071045,494
10/28/2022,21,112.3680552,436
10/28/2022,22,63.33656838,576
10/28/2022,23,105.419595,355
10/29/2022,0,64.60920706,595
10/29/2022,1,127.1022321,386
10/29/2022,2,78.90437365,541
10/29/2022,3,80.97331566,433
10/29/2022,4,50.94933488,402
10/29/2022,5,73.17525667,398
10/29/2022,6,37.7245593,237
10/29/2022,7,39.94300306,263
10/29/2022,8,44.88345135,295
10/29/2022,9,42.17250196,198
10/29/2022,10,30.27936255,322
10/29/2022,11,44.01125988,276
10/29/2022,12,69.15519085,340
10/29/2022,13,87.16641369,349
10/29/2022,14,77.94752767,522
10/29/2022,15,76.14392093,488
10/29/2022,16,78.94132389,514
10/29/2022,17,87.88135428,460
10/29/2022,18,59.69916212,500
10/29/2022,19,87.61015271,374
10/29/2022,20,98.54453931,518
10/29/2022,21,107.1419017,421
10/29/2022,22,67.93011539,509
10/29/2022,23,80.13412114,400
10/30/2022,0,69.66444703,599
10/30/2022,1,116.4252992,292
10/30/2022,2,84.36999255,616
10/30/2022,3,114.9796939,224
10/30/2022,4,72.6320836,571
10/30/2022,5,89.56377578,269
10/30/2022,6,23.61347738,452
10/30/2022,7,64.31902519,143
10/30/2022,8,31.74266378,395
10/30/2022,9,91.84424675,85
10/30/2022,10,25.60937131,408
10/30/2022,11,75.70457018,117
10/30/2022,12,33.59040762,439
10/30/2022,13,109.1396438,187
10/30/2022,14,58.70836731,604
10/30/2022,15,144.2852613,281
10/30/2022,16,60.20754419,517
10/30/2022,17,111.6539866,520
10/30/2022,18,72.97443237,529
10/30/2022,19,85.93088399,430
10/30/2022,20,104.946559,554
10/30/2022,21,122.3700931,379
10/30/2022,22,80.42451295,545
10/30/2022,23,62.45971135,449
10/31/2022,0,61.66878559,544
10/31/2022,1,119.473538,319
10/31/2022,2,62.56372362,632
10/31/2022,3,113.7596227,178
10/31/2022,4,52.10256437,526
10/31/2022,5,86.91893003,278
10/31/2022,6,42.64986116,347
10/31/2022,7,28.53216392,167
10/31/2022,8,41.01867967,314
10/31/2022,9,52.69570995,180
10/31/2022,10,59.98034172,336
10/31/2022,11,90.52281339,245
10/31/2022,12,67.99272802,455
10/31/2022,13,89.56758536,412
10/31/2022,14,72.67784916,570
10/31/2022,15,86.43668419,496
10/31/2022,16,75.07683526,564
10/31/2022,17,97.0230671,348
10/31/2022,18,69.8100146,570
10/31/2022,19,97.01350341,473
10/31/2022,20,77.6500064,568
10/31/2022,21,103.4723179,408
10/31/2022,22,68.23345691,390
10/31/2022,23,87.44100868,367
11/1/2022,0,68.16340639,633
11/1/2022,1,130.5185322,363
11/1/2022,2,54.58998071,501
11/1/2022,3,83.73180101,286
11/1/2022,4,59.96968747,587
11/1/2022,5,87.99756336,389
11/1/2022,6,42.30635954,326
11/1/2022,7,28.6676486,160
11/1/2022,8,17.33449914,360
11/1/2022,9,40.76494802,165
11/1/2022,10,32.8907937,338
11/1/2022,11,82.54589622,200
11/1/2022,12,50.92191361,497
11/1/2022,13,93.00998701,378
11/1/2022,14,66.90682791,639
11/1/2022,15,126.2699187,415
11/1/2022,16,78.660997,469
11/1/2022,17,102.6035906,416
11/1/2022,18,65.72227035,675
11/1/2022,19,106.9127739,425
11/1/2022,20,79.53690437,560
11/1/2022,21,115.2082374,242
11/1/2022,22,66.37359946,634
11/1/2022,23,147.2002663,366
11/2/2022,0,54.93993424,642
11/2/2022,1,102.8408987,386
11/2/2022,2,68.44833734,646
11/2/2022,3,97.40290861,264
11/2/2022,4,35.43515881,426
11/2/2022,5,73.13474109,346
11/2/2022,6,36.41068121,276
11/2/2022,7,30.60379229,165
11/2/2022,8,23.93429336,261
11/2/2022,9,52.39382819,170
11/2/2022,10,33.67023937,320
11/2/2022,11,49.50759177,246
11/2/2022,12,63.90719707,504
11/2/2022,13,85.83349746,386
11/2/2022,14,92.19882706,562
11/2/2022,15,82.63874787,372
11/2/2022,16,70.23567242,497
11/2/2022,17,76.21542657,439
11/2/2022,18,72.26068406,423
11/2/2022,19,106.6275132,459
11/2/2022,20,93.87410917,517
11/2/2022,21,72.9409997,480
11/2/2022,22,70.26237783,474
11/2/2022,23,80.95148675,464
11/3/2022,0,54.86925488,725
11/3/2022,1,145.0705924,362
11/3/2022,2,59.30758798,605
11/3/2022,3,81.3810242,164
11/3/2022,4,40.43963658,414
11/3/2022,5,55.65859217,401
11/3/2022,6,26.1671699,267
11/3/2022,7,22.21981791,247
11/3/2022,8,34.18462377,281
11/3/2022,9,33.09126269,272
11/3/2022,10,28.95176325,286
11/3/2022,11,80.09066977,239
11/3/2022,12,65.30098827,499
11/3/2022,13,96.89617147,419
11/3/2022,14,74.29379204,634
11/3/2022,15,88.29122438,404
11/3/2022,16,76.79904691,599
11/3/2022,17,79.30660635,424
11/3/2022,18,86.23327929,446
11/3/2022,19,95.75103651,526
11/3/2022,20,65.24953289,492
11/3/2022,21,100.4680766,434
11/3/2022,22,57.98557339,565
11/3/2022,23,83.46668418,418
11/4/2022,0,59.21296198,709
11/4/2022,1,89.32157184,418
11/4/2022,2,56.88480028,461
11/4/2022,3,75.13891045,279
11/4/2022,4,30.65967161,446
11/4/2022,5,60.15710556,366
11/4/2022,6,29.81110837,314
11/4/2022,7,35.36929075,173
11/4/2022,8,24.47649102,306
11/4/2022,9,37.05291128,158
11/4/2022,10,30.97319229,278
11/4/2022,11,78.56943468,264
11/4/2022,12,75.20329509,352
11/4/2022,13,73.09233604,433
11/4/2022,14,69.37918511,445
11/4/2022,15,108.4261121,371
11/4/2022,16,84.72730282,436
11/4/2022,17,99.79762347,390
11/4/2022,18,86.19896442,481
11/4/2022,19,100.5883705,341
11/4/2022,20,80.63666138,419
11/4/2022,21,78.26843463,430
11/4/2022,22,64.50853551,384
11/4/2022,23,95.11361339,431
11/5/2022,0,51.3077118,632
11/5/2022,1,88.60098075,396
11/5/2022,2,60.59210791,535
11/5/2022,3,89.98651996,347
11/5/2022,4,46.16973103,395
11/5/2022,5,69.77859225,334
11/5/2022,6,20.94776898,399
11/5/2022,7,47.80142912,121
11/5/2022,8,24.3116014,399
11/5/2022,9,42.09063525,165
11/5/2022,10,33.54802764,285
11/5/2022,11,33.53947947,289
11/5/2022,12,52.54214553,352
11/5/2022,13,86.94286877,313
11/5/2022,14,66.78762057,531
11/5/2022,15,108.5294275,256
11/5/2022,16,54.13891857,538
11/5/2022,17,95.57371814,347
11/5/2022,18,74.33213906,506
11/5/2022,19,108.489451,331
11/5/2022,20,79.73182572,579
11/5/2022,21,94.65590079,359
11/5/2022,22,60.76229114,567
11/5/2022,23,118.4474884,363
11/6/2022,0,62.90263234,681
11/6/2022,1,124.9430153,287
11/6/2022,2,61.50415116,526
11/6/2022,3,87.09830707,305
11/6/2022,4,50.03102809,506
11/6/2022,5,64.76768235,352
11/6/2022,6,26.99709779,386
11/6/2022,7,52.0153867,369
11/6/2022,8,22.04553463,326
11/6/2022,9,30.76629647,216
11/6/2022,10,23.01289649,320
11/6/2022,11,72.53967801,169
11/6/2022,12,44.78584504,429
11/6/2022,13,79.75928331,321
11/6/2022,14,55.25467219,450
11/6/2022,15,77.14524256,298
11/6/2022,16,59.86037698,563
11/6/2022,17,91.88516032,355
11/6/2022,18,51.32533732,554
11/6/2022,19,107.9234174,397
11/6/2022,20,111.4161185,620
11/6/2022,21,137.6406379,312
11/6/2022,22,64.15812214,548
11/6/2022,23,87.95355688,343
11/7/2022,0,70.20313841,544
11/7/2022,1,118.8309052,378
11/7/2022,2,64.90827974,636
11/7/2022,3,71.84413055,295
11/7/2022,4,57.46906617,418
11/7/2022,5,59.38320567,241
11/7/2022,6,41.42492697,575
11/7/2022,7,28.22907102,114
11/7/2022,8,18.74578149,440
11/7/2022,9,49.53514628,123
11/7/2022,10,27.94321528,345
11/7/2022,11,56.20195304,250
11/7/2022,12,38.84458648,451
11/7/2022,13,85.1324884,394
11/7/2022,14,66.63251023,777
11/7/2022,15,115.1136181,515
11/7/2022,16,75.2032069,602
11/7/2022,17,80.33017483,454
11/7/2022,18,87.47588035,592
11/7/2022,19,112.4059816,419
11/7/2022,20,90.77160752,514
11/7/2022,21,96.74892004,466
11/7/2022,22,59.13356355,444
11/7/2022,23,87.24586924,332
11/8/2022,0,54.81217335,657
11/8/2022,1,94.2332361,446
11/8/2022,2,72.16780293,513
11/8/2022,3,69.40865885,370
11/8/2022,4,57.59326742,515
11/8/2022,5,74.33868622,242
11/8/2022,6,48.28939886,549
11/8/2022,7,36.99139909,152
11/8/2022,8,19.5790056,403
11/8/2022,9,37.70296804,146
11/8/2022,10,25.17039623,344
11/8/2022,11,66.16359411,149
11/8/2022,12,55.77102569,434
11/8/2022,13,94.67403262,366
11/8/2022,14,68.26577159,683
11/8/2022,15,122.1524093,327
11/8/2022,16,79.39906983,532
11/8/2022,17,71.52972755,440
11/8/2022,18,77.0223011,558
11/8/2022,19,71.17847183,515
11/8/2022,20,70.81337543,522
11/8/2022,21,95.33129003,330
11/8/2022,22,66.18283037,579
11/8/2022,23,90.45682794,409
11/9/2022,0,80.89488043,777
11/9/2022,1,135.6929611,629
11/9/2022,2,79.60547121,575
11/9/2022,3,111.092204,343
11/9/2022,4,64.0474898,374
11/9/2022,5,129.3866632,222
11/9/2022,6,64.53059666,402
11/9/2022,7,54.43972372,92
11/9/2022,8,48.13633123,185
11/9/2022,9,32.06769245,100
11/9/2022,10,57.91111922,185
11/9/2022,11,63.15401344,208
11/9/2022,12,58.40396238,260
11/9/2022,13,95.1224127,380
11/9/2022,14,87.8246565,509
11/9/2022,15,103.3899215,416
11/9/2022,16,125.1891395,414
11/9/2022,17,102.7025199,457
11/9/2022,18,116.1181015,267
11/9/2022,19,108.3725846,326
11/9/2022,20,104.5590998,365
11/9/2022,21,102.5557791,326
11/9/2022,22,92.46733444,380
11/9/2022,23,112.2440823,526
11/10/2022,0,81.41916143,512
11/10/2022,1,131.7860111,392
11/10/2022,2,91.37375822,401
11/10/2022,3,87.80889452,321
11/10/2022,4,89.78053926,241
11/10/2022,5,41.05844658,207
11/10/2022,6,57.3095075,243
11/10/2022,7,34.03655183,200
11/10/2022,8,54.69985835,87
11/10/2022,9,57.33420964,199
11/10/2022,10,88.57213587,132
11/10/2022,11,48.87293828,205
11/10/2022,12,80.55221332,292
11/10/2022,13,104.9219914,416
11/10/2022,14,109.0215803,422
11/10/2022,15,69.03798258,401
11/10/2022,16,106.3255574,397
11/10/2022,17,80.91893845,411
11/10/2022,18,98.24238397,349
11/10/2022,19,81.33922815,408
11/10/2022,20,104.1263215,342
11/10/2022,21,86.45732537,365
11/10/2022,22,129.4854754,398
11/10/2022,23,134.9827647,435
11/11/2022,0,88.73165923,449
11/11/2022,1,139.8675174,315
11/11/2022,2,74.08013453,529
11/11/2022,3,100.0175233,231
11/11/2022,4,75.322142,392
11/11/2022,5,78.25753237,189
11/11/2022,6,68.58304937,279
11/11/2022,7,43.4630918,122
11/11/2022,8,49.49202781,158
11/11/2022,9,34.05611815,129
11/11/2022,10,70.06478431,187
11/11/2022,11,76.54885462,151
11/11/2022,12,95.04572568,290
11/11/2022,13,88.20915156,398
11/11/2022,14,102.1597693,571
11/11/2022,15,112.7530621,530
11/11/2022,16,104.9292762,469
11/11/2022,17,106.433803,378
11/11/2022,18,115.7893426,473
11/11/2022,19,116.1405494,398
11/11/2022,20,105.9469111,427
11/11/2022,21,130.4667103,340
11/11/2022,22,92.50076267,443
11/11/2022,23,96.12343216,395
11/12/2022,0,73.69922843,409
11/12/2022,1,109.4472421,267
11/12/2022,2,106.961549,332
11/12/2022,3,91.16808717,326
11/12/2022,4,64.39145397,383
11/12/2022,5,71.88336766,198
11/12/2022,6,46.56658797,279
11/12/2022,7,77.26837228,198
11/12/2022,8,48.40040982,124
11/12/2022,9,44.35760336,132
11/12/2022,10,35.78528765,127
11/12/2022,11,42.47752433,245
11/12/2022,12,70.58950926,198
11/12/2022,13,71.72059754,246
11/12/2022,14,103.4869114,406
11/12/2022,15,96.38810265,329
11/12/2022,16,91.3211317,339
11/12/2022,17,113.0576852,390
11/12/2022,18,63.18552152,369
11/12/2022,19,82.69695475,378
11/12/2022,20,93.66189138,389
11/12/2022,21,96.37780337,275
11/12/2022,22,90.56924327,498
11/12/2022,23,90.94135582,328
11/13/2022,0,91.26717705,350
11/13/2022,1,88.78420835,400
11/13/2022,2,96.19172283,417
11/13/2022,3,89.26254828,284
11/13/2022,4,97.55976714,353
11/13/2022,5,50.9995748,266
11/13/2022,6,61.07727005,248
11/13/2022,7,61.50728397,132
11/13/2022,8,41.10193223,202
11/13/2022,9,40.35998146,120
11/13/2022,10,34.73829635,196
11/13/2022,11,39.303065,196
11/13/2022,12,68.2910167,209
11/13/2022,13,86.38446956,183
11/13/2022,14,95.94831533,262
11/13/2022,15,81.97010009,382
11/13/2022,16,122.6818131,276
11/13/2022,17,124.7828886,450
11/13/2022,18,107.8202553,227
11/13/2022,19,92.8175332,364
11/13/2022,20,95.11183232,386
11/13/2022,21,89.8268612,354
11/13/2022,22,118.1235476,320
11/13/2022,23,109.469602,313
11/14/2022,0,76.22482048,375
11/14/2022,1,115.1114964,340
11/14/2022,2,99.10370778,444
11/14/2022,3,105.3936632,331
11/14/2022,4,80.80990723,367
11/14/2022,5,64.41095173,141
11/14/2022,6,65.44118871,208
11/14/2022,7,35.94152687,201
11/14/2022,8,65.17260769,144
11/14/2022,9,27.75146851,97
11/14/2022,10,30.38927915,151
11/14/2022,11,46.63342768,207
11/14/2022,12,82.24165545,305
11/14/2022,13,124.7387775,327
11/14/2022,14,96.65587036,471
11/14/2022,15,135.8455252,326
11/14/2022,16,90.63700195,406
11/14/2022,17,147.8584658,281
11/14/2022,18,147.7011159,308
11/14/2022,19,144.9232215,302
11/14/2022,20,141.6801987,293
11/14/2022,21,125.2739439,282
11/14/2022,22,132.4383434,270
11/14/2022,23,124.1017585,302
11/15/2022,0,147.6924249,277
11/15/2022,1,109.8220981,311
11/15/2022,2,107.2549802,321
11/15/2022,3,87.430971,205
11/15/2022,4,93.20268613,185
11/15/2022,5,83.53562478,73
11/15/2022,6,66.82756152,154
11/15/2022,7,141.4768627,68
11/15/2022,8,62.86824256,74
11/15/2022,9,76.64828019,30
11/15/2022,10,68.71365779,40
11/15/2022,11,63.33725177,115
11/15/2022,12,97.84595208,142
11/15/2022,13,118.5470243,307
11/15/2022,14,132.144592,354
11/15/2022,15,122.4164591,271
11/15/2022,16,103.0683326,271
11/15/2022,17,122.3060571,289
11/15/2022,18,138.8425843,298
11/15/2022,19,116.5039872,207
11/15/2022,20,118.7140294,386
11/15/2022,21,132.3332651,322
11/15/2022,22,141.539107,481
11/15/2022,23,86.51096381,305
11/16/2022,0,136.4574057,223
11/16/2022,1,142.1761326,312
11/16/2022,2,129.2369906,362
11/16/2022,3,193.4784427,334
11/16/2022,4,203.0038608,283
11/16/2022,5,137.9535177,169
11/16/2022,6,92.01260471,167
11/16/2022,7,88.35724361,43
11/16/2022,8,76.79392226,81
11/16/2022,9,129.4511491,53
11/16/2022,10,137.5355996,41
11/16/2022,11,80.97751957,169
11/16/2022,12,143.9980343,130
11/16/2022,13,134.5667128,268
11/16/2022,14,101.1547829,418
11/16/2022,15,132.5645076,298
11/16/2022,16,126.2034467,395
11/16/2022,17,105.6808988,317
11/16/2022,18,135.0366297,372
11/16/2022,19,143.4977431,357
11/16/2022,20,191.5405255,419
11/16/2022,21,213.5157942,338
11/16/2022,22,162.5486807,367
11/16/2022,23,138.0413184,418
11/17/2022,0,167.5502011,315
11/17/2022,1,162.0147516,316
11/17/2022,2,149.2910439,319
11/17/2022,3,127.5210689,210
11/17/2022,4,100.186219,201
11/17/2022,5,87.46665649,131
11/17/2022,6,112.3644917,170
11/17/2022,7,129.2742578,45
11/17/2022,8,94.66829696,104
11/17/2022,9,58.73889881,51
11/17/2022,10,104.0034404,55
11/17/2022,11,58.43765454,155
11/17/2022,12,139.9187869,161
11/17/2022,13,134.7946552,259
11/17/2022,14,126.7284263,294
11/17/2022,15,158.3471418,344
11/17/2022,16,123.2245243,341
11/17/2022,17,107.4732108,286
11/17/2022,18,123.8150653,297
11/17/2022,19,105.2315821,292
11/17/2022,20,122.9439256,350
11/17/2022,21,164.4729017,374
11/17/2022,22,147.5390951,350
11/17/2022,23,132.3761991,307
11/18/2022,0,129.022946,242
11/18/2022,1,153.0930696,274
11/18/2022,2,114.7430563,339
11/18/2022,3,152.7196458,305
11/18/2022,4,123.8925894,192
11/18/2022,5,133.4200486,158
11/18/2022,6,95.86516008,191
11/18/2022,7,67.86383245,81
11/18/2022,8,105.3450419,135
11/18/2022,9,78.74538337,74
11/18/2022,10,107.5607427,35
11/18/2022,11,71.64905409,172
11/18/2022,12,130.1956888,167
11/18/2022,13,164.7472549,243
11/18/2022,14,136.867153,430
11/18/2022,15,132.2428345,300
11/18/2022,16,125.0325595,291
11/18/2022,17,108.7463199,279
11/18/2022,18,129.7182738,247
11/18/2022,19,105.2454572,257
11/18/2022,20,133.5016345,361
11/18/2022,21,122.5468453,416
11/18/2022,22,126.9617461,279
11/18/2022,23,143.1882913,283
11/19/2022,0,141.9587862,279
11/19/2022,1,144.2673503,254
11/19/2022,2,113.5056393,296
11/19/2022,3,140.4777902,305
11/19/2022,4,149.8608251,213
11/19/2022,5,101.9349761,150
11/19/2022,6,81.20978826,171
11/19/2022,7,139.9194297,48
11/19/2022,8,79.22704582,77
11/19/2022,9,111.5619443,45
11/19/2022,10,76.85602195,60
11/19/2022,11,79.68719809,127
11/19/2022,12,95.89533458,95
11/19/2022,13,121.2590397,127
11/19/2022,14,103.5910639,199
11/19/2022,15,137.8463703,219
11/19/2022,16,140.8533179,223
11/19/2022,17,123.1993951,229
11/19/2022,18,138.3427837,249
11/19/2022,19,116.3253849,275
11/19/2022,20,111.5794101,236
11/19/2022,21,123.5149474,242
11/19/2022,22,137.8403254,286
11/19/2022,23,95.05225217,236
11/20/2022,0,103.6088536,194
11/20/2022,1,101.9968718,249
11/20/2022,2,124.8927825,271
11/20/2022,3,99.43577095,233
11/20/2022,4,151.2524811,199
11/20/2022,5,124.7668695,225
11/20/2022,6,89.51376156,196
11/20/2022,7,191.8893724,54
11/20/2022,8,75.50187867,66
11/20/2022,9,97.76539885,44
11/20/2022,10,68.38723007,48
11/20/2022,11,88.81648438,144
11/20/2022,12,101.0015382,89
11/20/2022,13,130.1353178,112
11/20/2022,14,155.8400512,238
11/20/2022,15,162.4347688,262
11/20/2022,16,139.1490376,443
11/20/2022,17,149.2219448,325
11/20/2022,18,192.6452511,262
11/20/2022,19,129.2966163,294
11/20/2022,20,163.5679535,291
11/20/2022,21,153.2488258,251
11/20/2022,22,109.2482345,242
11/20/2022,23,145.8854184,287
11/21/2022,0,175.668164,296
11/21/2022,1,145.6630475,345
11/21/2022,2,97.59677952,293
11/21/2022,3,156.3164334,235
11/21/2022,4,96.8864081,208
11/21/2022,5,108.7109025,132
11/21/2022,6,103.8948173,185
11/21/2022,7,162.5729756,56
11/21/2022,8,136.7050279,76
11/21/2022,9,109.1867213,50
11/21/2022,10,87.6977278,64
11/21/2022,11,65.06906652,146
11/21/2022,12,124.9804869,186
11/21/2022,13,100.2504276,243
11/21/2022,14,131.1152039,454
11/21/2022,15,146.7578019,373
11/21/2022,16,142.9761305,433
11/21/2022,17,162.7855601,418
11/21/2022,18,138.7513175,351
11/21/2022,19,157.4156954,370
11/21/2022,20,148.7026353,300
11/21/2022,21,149.8320847,272
11/21/2022,22,156.6990188,288
11/21/2022,23,132.5908614,351
11/22/2022,0,121.798138,301
11/22/2022,1,171.5014171,318
11/22/2022,2,132.5164877,350
11/22/2022,3,124.8722653,295
11/22/2022,4,124.7581427,235
11/22/2022,5,139.6268518,137
11/22/2022,6,81.91434609,201
11/22/2022,7,107.7413868,53
11/22/2022,8,57.65056894,57
11/22/2022,9,126.881327,52
11/22/2022,10,89.92173372,61
11/22/2022,11,147.4576825,83
11/22/2022,12,125.5428284,156
11/22/2022,13,142.3959939,269
11/22/2022,14,146.7331634,334
11/22/2022,15,138.2560996,304
11/22/2022,16,148.3299152,241
11/22/2022,17,128.8597641,336
11/22/2022,18,106.5041944,329
11/22/2022,19,108.4266668,305
11/22/2022,20,125.4472022,241
11/22/2022,21,131.940522,214
11/22/2022,22,117.3503697,251
11/22/2022,23,126.9880814,308
11/23/2022,0,150.4229216,207
11/23/2022,1,139.6478455,298
11/23/2022,2,148.3854332,255
11/23/2022,3,129.1961596,217
11/23/2022,4,105.0739757,197
11/23/2022,5,139.7324569,152
11/23/2022,6,88.18990949,124
11/23/2022,7,105.0313345,34
11/23/2022,8,72.39006414,35
11/23/2022,9,99.71014969,61
11/23/2022,10,112.0442045,41
11/23/2022,11,102.6476743,56
11/23/2022,12,151.040286,108
11/23/2022,13,135.7343472,302
11/23/2022,14,113.6398915,251
11/23/2022,15,118.3355031,245
11/23/2022,16,142.6732619,400
11/23/2022,17,137.4527778,343
11/23/2022,18,159.035619,234
11/23/2022,19,143.0527862,293
11/23/2022,20,130.3293527,192
11/23/2022,21,130.7117742,275
11/23/2022,22,173.2428446,358
11/23/2022,23,153.6206413,249
11/24/2022,0,138.1255345,251
11/24/2022,1,111.9686792,283
11/24/2022,2,126.3853078,203
11/24/2022,3,149.5870358,224
11/24/2022,4,129.7888225,307
11/24/2022,5,83.51652835,111
11/24/2022,6,122.7117874,155
11/24/2022,7,229.7114829,42
11/24/2022,8,104.6727999,41
11/24/2022,9,99.00144023,63
11/24/2022,10,115.6824284,43
11/24/2022,11,208.241376,63
11/24/2022,12,183.1702607,101
11/24/2022,13,120.8314023,154
11/24/2022,14,107.7148395,183
11/24/2022,15,110.2960655,190
11/24/2022,16,112.567387,191
11/24/2022,17,115.7508692,214
11/24/2022,18,110.045142,166
11/24/2022,19,128.23993,196
11/24/2022,20,112.1048541,181
11/24/2022,21,112.3044617,171
11/24/2022,22,112.3265486,199
11/24/2022,23,125.5274363,179
11/25/2022,0,150.8997721,195
11/25/2022,1,162.7694133,194
11/25/2022,2,123.4369693,195
11/25/2022,3,146.0503254,215
11/25/2022,4,137.1707727,211
11/25/2022,5,99.14710311,165
11/25/2022,6,104.2899296,185
11/25/2022,7,128.6784206,39
11/25/2022,8,96.75597305,29
11/25/2022,9,66.86661893,51
11/25/2022,10,75.00534596,48
11/25/2022,11,90.15803125,65
11/25/2022,12,116.9333915,111
11/25/2022,13,122.1510864,139
11/25/2022,14,116.3018928,214
11/25/2022,15,156.2039757,226
11/25/2022,16,120.3279874,195
11/25/2022,17,111.7050129,301
11/25/2022,18,91.70181997,306
11/25/2022,19,150.7035007,251
11/25/2022,20,115.0272966,211
11/25/2022,21,130.3715412,258
11/25/2022,22,145.9897406,284
11/25/2022,23,150.2062659,280
11/26/2022,0,153.5792026,222
11/26/2022,1,126.4136154,364
11/26/2022,2,122.6560606,312
11/26/2022,3,140.6787776,325
11/26/2022,4,109.3384793,218
11/26/2022,5,106.6205074,126
11/26/2022,6,93.83923816,153
11/26/2022,7,105.3729692,41
11/26/2022,8,102.0784413,36
11/26/2022,9,58.61316391,59
11/26/2022,10,65.836253,45
11/26/2022,11,161.704569,33
11/26/2022,12,117.9218676,47
11/26/2022,13,111.4254422,152
11/26/2022,14,207.0814672,223
11/26/2022,15,186.5525903,196
11/26/2022,16,135.500286,256
11/26/2022,17,137.8378468,231
11/26/2022,18,143.7837179,179
11/26/2022,19,121.4711009,363
11/26/2022,20,82.84358785,446
11/26/2022,21,138.0472752,280
11/26/2022,22,139.376834,278
11/26/2022,23,164.1845087,239
11/27/2022,0,143.6537216,189
11/27/2022,1,139.8467536,220
11/27/2022,2,147.8371372,217
11/27/2022,3,133.1184503,237
11/27/2022,4,129.7147954,187
11/27/2022,5,98.37650551,130
11/27/2022,6,125.228986,149
11/27/2022,7,139.3186811,50
11/27/2022,8,84.89082782,39
11/27/2022,9,77.94128256,58
11/27/2022,10,72.80708699,46
11/27/2022,11,107.3215004,56
11/27/2022,12,146.0851869,81
11/27/2022,13,127.1014683,174
11/27/2022,14,118.7411131,132
11/27/2022,15,132.2958543,176
11/27/2022,16,127.1716294,207
11/27/2022,17,136.1632866,272
11/27/2022,18,123.9424421,278
11/27/2022,19,116.7705872,285
11/27/2022,20,167.3940335,278
11/27/2022,21,113.3770449,303
11/27/2022,22,123.2076002,305
11/27/2022,23,143.1514523,213
11/28/2022,0,111.4989,361
11/28/2022,1,111.9614587,434
11/28/2022,2,136.6395682,361
11/28/2022,3,108.8821343,289
11/28/2022,4,116.7137715,215
11/28/2022,5,112.9973044,112
11/28/2022,6,80.15677456,194
11/28/2022,7,113.6901817,38
11/28/2022,8,127.417516,69
11/28/2022,9,89.99046076,53
11/28/2022,10,97.87195383,50
11/28/2022,11,107.6557161,75
11/28/2022,12,159.0973682,166
11/28/2022,13,147.0864589,270
11/28/2022,14,136.1646584,382
11/28/2022,15,123.470459,430
11/28/2022,16,91.58362335,407
11/28/2022,17,139.5549085,378
11/28/2022,18,111.2524065,381
11/28/2022,19,101.2553295,323
11/28/2022,20,106.6185779,312
11/28/2022,21,119.4613587,401
11/28/2022,22,124.9771159,322
11/28/2022,23,153.5324758,327
11/29/2022,0,123.9879127,419
11/29/2022,1,149.2703579,390
11/29/2022,2,122.0863146,304
11/29/2022,3,105.8547708,199
11/29/2022,4,126.1273051,176
11/29/2022,5,130.6005482,151
11/29/2022,6,125.9276129,145
11/29/2022,7,153.9947993,44
11/29/2022,8,138.2793698,29
11/29/2022,9,124.8432672,51
11/29/2022,10,100.3482477,56
11/29/2022,11,118.327784,57
11/29/2022,12,138.8034389,119
11/29/2022,13,120.0775891,233
11/29/2022,14,133.6515821,274
11/29/2022,15,100.3453162,297
11/29/2022,16,145.6500684,283
11/29/2022,17,156.9241254,300
11/29/2022,18,147.9243016,260
11/29/2022,19,143.6492938,193
11/29/2022,20,128.1132966,318
11/29/2022,21,141.9380917,335
11/29/2022,22,131.743101,372
11/29/2022,23,144.0198347,284
11/30/2022,0,94.63385117,350
11/30/2022,1,125.987931,395
11/30/2022,2,104.1601416,330
11/30/2022,3,90.49799941,265
11/30/2022,4,145.1591335,221
11/30/2022,5,148.7818433,139
11/30/2022,6,89.53509479,178
11/30/2022,7,118.5646762,27
11/30/2022,8,124.2890087,29
11/30/2022,9,117.7121332,68
11/30/2022,10,103.0536408,75
11/30/2022,11,131.9321704,68
11/30/2022,12,149.5059491,137
11/30/2022,13,119.6543873,222
11/30/2022,14,145.8478748,286
11/30/2022,15,134.2552761,396
11/30/2022,16,220.9318024,314
11/30/2022,17,152.2289205,311
11/30/2022,18,123.6957285,427
11/30/2022,19,128.7163305,371
11/30/2022,20,143.9867797,436
11/30/2022,21,131.2528756,338
11/30/2022,22,131.5552972,315
11/30/2022,23,131.4916343,294
12/1/2022,0,137.864154,356
12/1/2022,1,123.7754833,397
12/1/2022,2,102.6124791,298
12/1/2022,3,129.7337077,229
12/1/2022,4,123.7156477,178
12/1/2022,5,74.19107667,159
12/1/2022,6,109.4441705,135
12/1/2022,7,76.29629531,94
12/1/2022,8,64.54872368,39
12/1/2022,9,88.25452336,45
12/1/2022,10,127.3325243,55
12/1/2022,11,149.9131703,62
12/1/2022,12,146.4388702,104
12/1/2022,13,109.8730128,266
12/1/2022,14,138.1524752,204
12/1/2022,15,114.6793835,338
12/1/2022,16,130.4377526,252
12/1/2022,17,140.7829321,232
12/1/2022,18,108.9019441,356
12/1/2022,19,126.6089637,284
12/1/2022,20,122.4539064,328
12/1/2022,21,118.1968672,313
12/1/2022,22,108.2789317,444
12/1/2022,23,145.4379303,260
12/2/2022,0,136.3662318,281
12/2/2022,1,143.033861,450
12/2/2022,2,127.6917054,293
12/2/2022,3,161.5799904,209
12/2/2022,4,165.7292992,189
12/2/2022,5,192.4876549,125
12/2/2022,6,210.3009537,181
12/2/2022,7,143.8111474,56
12/2/2022,8,66.44887074,35
12/2/2022,9,97.23202719,32
12/2/2022,10,107.8829004,74
12/2/2022,11,70.11174205,145
12/2/2022,12,119.3125399,177
12/2/2022,13,113.4107156,363
12/2/2022,14,128.2570925,376
12/2/2022,15,147.2462767,307
12/2/2022,16,127.8704159,241
12/2/2022,17,133.2462829,301
12/2/2022,18,111.8956479,265
12/2/2022,19,141.7602857,299
12/2/2022,20,132.650949,324
12/2/2022,21,121.5304593,375
12/2/2022,22,122.4575363,331
12/2/2022,23,139.3129869,268
12/3/2022,0,158.3468577,248
12/3/2022,1,116.6111247,241
12/3/2022,2,139.422669,246
12/3/2022,3,151.9922273,300
12/3/2022,4,123.7085097,209
12/3/2022,5,160.2039963,129
12/3/2022,6,102.0150176,160
12/3/2022,7,183.371314,78
12/3/2022,8,111.5004928,40
12/3/2022,9,139.3071973,24
12/3/2022,10,84.19139478,46
12/3/2022,11,120.1074125,41
12/3/2022,12,144.3005892,67
12/3/2022,13,156.2444478,119
12/3/2022,14,131.808964,200
12/3/2022,15,138.0844272,231
12/3/2022,16,165.3256575,180
12/3/2022,17,121.7021481,216
12/3/2022,18,97.08433214,295
12/3/2022,19,153.4693289,179
12/3/2022,20,113.3824761,197
12/3/2022,21,155.161408,180
12/3/2022,22,125.5065789,342
12/3/2022,23,118.5287304,198
12/4/2022,0,127.5521976,253
12/4/2022,1,142.7279443,191
12/4/2022,2,119.4922607,282
12/4/2022,3,157.1371275,174
12/4/2022,4,120.9724747,244
12/4/2022,5,163.7819404,145
12/4/2022,6,115.1462587,147
12/4/2022,7,169.0937178,51
12/4/2022,8,70.66564949,75
12/4/2022,9,118.6967292,53
12/4/2022,10,90.21079032,47
12/4/2022,11,130.1450281,63
12/4/2022,12,148.8431143,112
12/4/2022,13,149.8061037,210
12/4/2022,14,115.4703967,272
12/4/2022,15,119.952986,277
12/4/2022,16,151.2958844,199
12/4/2022,17,121.2651599,278
12/4/2022,18,151.461112,259
12/4/2022,19,141.6350558,292
12/4/2022,20,146.8550371,248
12/4/2022,21,158.2926189,261
12/4/2022,22,158.0845313,381
12/4/2022,23,137.6229622,209
12/5/2022,0,131.5308932,313
12/5/2022,1,147.8267793,318
12/5/2022,2,125.6869634,300
12/5/2022,3,135.8359192,198
12/5/2022,4,131.5050698,226
12/5/2022,5,126.5423108,204
12/5/2022,6,117.6130514,158
12/5/2022,7,85.89334799,86
12/5/2022,8,170.8684498,50
12/5/2022,9,129.9899205,49
12/5/2022,10,105.2191033,66
12/5/2022,11,133.2322619,65
12/5/2022,12,121.9147243,138
12/5/2022,13,129.5120207,248
12/5/2022,14,143.1526495,349
12/5/2022,15,115.5322037,346
12/5/2022,16,137.0831577,344
12/5/2022,17,135.9294206,241
12/5/2022,18,102.0048399,361
12/5/2022,19,136.5946863,366
12/5/2022,20,153.0382859,383
12/5/2022,21,143.672709,394
12/5/2022,22,129.8514958,344
12/5/2022,23,152.632406,322
12/6/2022,0,140.1163958,403
12/6/2022,1,151.4642685,329
12/6/2022,2,116.019338,335
12/6/2022,3,134.3670432,195
12/6/2022,4,123.0111706,214
12/6/2022,5,128.1134279,131
12/6/2022,6,117.5390548,163
12/6/2022,7,71.22702848,108
12/6/2022,8,99.24702703,161
12/6/2022,9,68.28921754,94
12/6/2022,10,94.77131116,134
12/6/2022,11,79.70896193,234
12/6/2022,12,114.0471834,260
12/6/2022,13,102.1398911,578
12/6/2022,14,105.2125203,447
12/6/2022,15,112.3152985,345
12/6/2022,16,115.6124137,339
12/6/2022,17,119.8881767,493
12/6/2022,18,125.1262328,462
12/6/2022,19,104.3530016,360
12/6/2022,20,128.8262668,545
12/6/2022,21,122.5356759,296
12/6/2022,22,113.8967563,350
12/6/2022,23,121.093669,533
12/7/2022,0,124.7113624,421
12/7/2022,1,110.3763394,266
12/7/2022,2,93.54309478,515
12/7/2022,3,148.7356219,266
12/7/2022,4,113.8067934,155
12/7/2022,5,92.6859085,248
12/7/2022,6,94.16293652,200
12/7/2022,7,122.2990443,93
12/7/2022,8,81.67006,170
12/7/2022,9,72.77157143,67
12/7/2022,10,93.92183022,100
12/7/2022,11,89.13054927,230
12/7/2022,12,111.7437077,179
12/7/2022,13,112.1685305,507
12/7/2022,14,93.67135618,552
12/7/2022,15,132.7726397,361
12/7/2022,16,108.3602946,306
12/7/2022,17,102.0780275,486
12/7/2022,18,124.1643473,429
12/7/2022,19,130.1907333,315
12/7/2022,20,112.2668346,549
12/7/2022,21,177.1788281,409
12/7/2022,22,117.3644026,425
12/7/2022,23,99.07703308,397
12/8/2022,0,128.1981428,402
12/8/2022,1,124.6925154,379
12/8/2022,2,124.3903557,442
12/8/2022,3,105.8825655,271
12/8/2022,4,146.5388203,286
12/8/2022,5,96.60744009,313
12/8/2022,6,80.39420123,192
12/8/2022,7,78.83870783,130
12/8/2022,8,81.90509695,174
12/8/2022,9,45.97233097,80
12/8/2022,10,64.54251523,109
12/8/2022,11,99.46260703,262
12/8/2022,12,99.01189701,230
12/8/2022,13,106.7044727,575
12/8/2022,14,107.9117225,613
12/8/2022,15,87.03383484,324
12/8/2022,16,121.5299789,345
12/8/2022,17,109.324291,486
12/8/2022,18,100.6473918,340
12/8/2022,19,110.1377748,406
12/8/2022,20,94.06616592,517
12/8/2022,21,129.698544,300
12/8/2022,22,121.5155754,271
12/8/2022,23,108.0713782,474
12/9/2022,0,170.106062,271
12/9/2022,1,87.25732173,265
12/9/2022,2,100.964301,384
12/9/2022,3,107.3438877,296
12/9/2022,4,99.69717814,200
12/9/2022,5,122.6373477,231
12/9/2022,6,94.66227171,195
12/9/2022,7,90.34377352,57
12/9/2022,8,99.37438758,149
12/9/2022,9,129.1579885,39
12/9/2022,10,96.16041893,129
12/9/2022,11,86.59457691,185
12/9/2022,12,82.37530251,161
12/9/2022,13,114.4738315,476
12/9/2022,14,104.5580816,536
12/9/2022,15,127.3275638,371
12/9/2022,16,87.82994243,407
12/9/2022,17,106.4496174,444
12/9/2022,18,93.18654078,379
12/9/2022,19,116.9193922,324
12/9/2022,20,111.3842994,602
12/9/2022,21,107.3705773,290
12/9/2022,22,141.860904,411
12/9/2022,23,131.8224729,354
12/10/2022,0,127.323905,320
12/10/2022,1,157.9868084,243
12/10/2022,2,88.6057741,377
12/10/2022,3,111.523406,257
12/10/2022,4,118.906263,259
12/10/2022,5,116.8123906,317
12/10/2022,6,91.00072073,177
12/10/2022,7,92.94852009,90
12/10/2022,8,89.25106645,144
12/10/2022,9,86.65578697,54
12/10/2022,10,70.96967863,130
12/10/2022,11,112.4041572,182
12/10/2022,12,125.8785916,111
12/10/2022,13,105.8345159,193
12/10/2022,14,108.1308424,334
12/10/2022,15,149.1573254,320
12/10/2022,16,159.2404058,296
12/10/2022,17,124.1438789,438
12/10/2022,18,101.6776771,402
12/10/2022,19,124.4888199,279
12/10/2022,20,121.8044905,361
12/10/2022,21,143.2565446,278
12/10/2022,22,117.7242095,272
12/10/2022,23,105.9636365,347
12/11/2022,0,131.4740472,307
12/11/2022,1,117.8103968,285
12/11/2022,2,95.04022037,397
12/11/2022,3,122.3578083,272
12/11/2022,4,101.0223381,227
12/11/2022,5,96.92100707,301
12/11/2022,6,90.58799911,198
12/11/2022,7,91.38025027,148
12/11/2022,8,110.8683478,166
12/11/2022,9,75.32106913,46
12/11/2022,10,72.99960312,120
12/11/2022,11,120.0190324,218
12/11/2022,12,124.150134,133
12/11/2022,13,75.46434196,150
12/11/2022,14,116.0499221,330
12/11/2022,15,115.8222237,190
12/11/2022,16,100.621762,317
12/11/2022,17,112.9840704,392
12/11/2022,18,123.7035117,348
12/11/2022,19,148.7198349,229
12/11/2022,20,112.7052225,427
12/11/2022,21,108.0807861,307
12/11/2022,22,96.57871401,255
12/11/2022,23,105.7008359,404
12/12/2022,0,146.0331566,295
12/12/2022,1,116.7368222,353
12/12/2022,2,139.2448317,494
12/12/2022,3,147.4646622,261
12/12/2022,4,119.7002276,177
12/12/2022,5,123.3004146,252
12/12/2022,6,110.7769201,204
12/12/2022,7,79.46362741,67
12/12/2022,8,76.13726486,160
12/12/2022,9,96.71016465,69
12/12/2022,10,87.72761959,108
12/12/2022,11,98.10945789,226
12/12/2022,12,72.26370532,252
12/12/2022,13,114.8251872,581
12/12/2022,14,107.2647672,669
12/12/2022,15,130.0337336,459
12/12/2022,16,122.8496859,380
12/12/2022,17,104.1525358,477
12/12/2022,18,104.4236798,444
12/12/2022,19,121.5120575,434
12/12/2022,20,118.9537746,583
12/12/2022,21,133.584609,390
12/12/2022,22,116.7974962,425
12/12/2022,23,129.3563224,493
12/13/2022,0,101.395713,318
12/13/2022,1,137.7991908,347
12/13/2022,2,106.6184191,482
12/13/2022,3,116.565587,327
12/13/2022,4,115.288752,178
12/13/2022,5,96.7970698,215
12/13/2022,6,103.1212098,190
12/13/2022,7,58.62009149,128
12/13/2022,8,96.23132071,169
12/13/2022,9,94.53988421,66
12/13/2022,10,108.7279601,78
12/13/2022,11,96.64516844,227
12/13/2022,12,99.74006416,220
12/13/2022,13,129.7503918,491
12/13/2022,14,116.8455614,536
12/13/2022,15,121.0878256,417
12/13/2022,16,105.2113949,430
12/13/2022,17,109.7812401,488
12/13/2022,18,130.6379757,423
12/13/2022,19,107.6579285,386
12/13/2022,20,105.8376451,539
12/13/2022,21,102.6738496,329
12/13/2022,22,112.6913343,294
12/13/2022,23,120.5543132,437
12/14/2022,0,100.8552224,392
12/14/2022,1,118.5840148,380
12/14/2022,2,105.4417388,445
12/14/2022,3,114.6000276,323
12/14/2022,4,122.9871268,194
12/14/2022,5,116.5731789,232
12/14/2022,6,87.57959254,217
12/14/2022,7,62.36160067,119
12/14/2022,8,75.90372104,188
12/14/2022,9,77.68187384,72
12/14/2022,10,92.34345935,85
12/14/2022,11,121.6114153,248
12/14/2022,12,91.14069755,164
12/14/2022,13,114.0296549,446
12/14/2022,14,103.5749277,623
12/14/2022,15,92.17204932,472
12/14/2022,16,118.7402859,364
12/14/2022,17,117.7081237,435
12/14/2022,18,105.1600365,407
12/14/2022,19,113.9231413,326
12/14/2022,20,95.85396086,488
12/14/2022,21,111.5962581,313
12/14/2022,22,123.5815248,305
12/14/2022,23,113.8911652,517
12/15/2022,0,141.2611046,342
12/15/2022,1,104.7271801,407
12/15/2022,2,105.8526091,408
12/15/2022,3,99.24191159,283
12/15/2022,4,116.4272004,181
12/15/2022,5,115.575308,336
12/15/2022,6,105.8765536,198
12/15/2022,7,112.1928283,80
12/15/2022,8,87.14679297,138
12/15/2022,9,65.86466035,65
12/15/2022,10,66.92010543,87
12/15/2022,11,83.87576437,226
12/15/2022,12,131.8773153,141
12/15/2022,13,130.5374831,505
12/15/2022,14,109.5600834,548
12/15/2022,15,106.1631923,453
12/15/2022,16,119.9312885,490
12/15/2022,17,105.8442099,561
12/15/2022,18,100.3947196,415
12/15/2022,19,91.93306944,524
12/15/2022,20,131.0062643,511
12/15/2022,21,101.0148833,377
12/15/2022,22,124.1079881,458
12/15/2022,23,118.0562618,460
12/16/2022,0,131.8814795,286
12/16/2022,1,102.0992029,459
12/16/2022,2,99.53623767,611
12/16/2022,3,120.8762946,330
12/16/2022,4,153.463228,222
12/16/2022,5,91.1722076,253
12/16/2022,6,126.4291515,216
12/16/2022,7,172.4486854,93
12/16/2022,8,77.20428453,158
12/16/2022,9,96.10256845,59
12/16/2022,10,91.9998544,68
12/16/2022,11,108.816734,223
12/16/2022,12,127.041814,180
12/16/2022,13,129.2551058,405
12/16/2022,14,106.353817,501
12/16/2022,15,97.06682456,368
12/16/2022,16,102.0909944,406
12/16/2022,17,109.7636879,479
12/16/2022,18,111.6856481,353
12/16/2022,19,106.5483938,395
12/16/2022,20,129.4836146,446
12/16/2022,21,125.6815043,325
12/16/2022,22,120.6018109,274
12/16/2022,23,112.6308209,416
12/17/2022,0,136.8838618,251
12/17/2022,1,129.9684201,267
12/17/2022,2,108.6762425,452
12/17/2022,3,125.129511,294
12/17/2022,4,111.9575366,202
12/17/2022,5,102.4754235,248
12/17/2022,6,108.8842503,221
12/17/2022,7,117.6896936,59
12/17/2022,8,84.39274543,174
12/17/2022,9,111.9792805,39
12/17/2022,10,83.58290386,70
12/17/2022,11,111.4993141,133
12/17/2022,12,70.99687238,137
12/17/2022,13,115.4349618,176
12/17/2022,14,107.2811252,335
12/17/2022,15,131.2570218,340
12/17/2022,16,109.5587577,285
12/17/2022,17,103.0267233,419
12/17/2022,18,101.7908321,391
12/17/2022,19,105.1774692,239
12/17/2022,20,96.3577455,392
12/17/2022,21,114.1189764,179
12/17/2022,22,112.733662,246
12/17/2022,23,119.9692468,271
12/18/2022,0,99.44123561,274
12/18/2022,1,124.645179,213
12/18/2022,2,100.349761,379
12/18/2022,3,114.7268172,216
12/18/2022,4,92.1873456,243
12/18/2022,5,89.90044692,269
12/18/2022,6,103.2839633,173
12/18/2022,7,113.7560598,64
12/18/2022,8,74.35912769,170
12/18/2022,9,73.06353058,62
12/18/2022,10,45.79189653,80
12/18/2022,11,81.87062366,143
12/18/2022,12,73.522295,94
12/18/2022,13,86.4074907,153
12/18/2022,14,92.83907637,308
12/18/2022,15,119.3507078,220
12/18/2022,16,102.2989119,281
12/18/2022,17,112.4323896,268
12/18/2022,18,97.8732898,323
12/18/2022,19,140.8944555,252
12/18/2022,20,107.7559097,347
12/18/2022,21,158.0790127,295
12/18/2022,22,133.0975755,385
12/18/2022,23,115.1006826,415
12/19/2022,0,125.1355331,361
12/19/2022,1,159.4841646,299
12/19/2022,2,100.6268347,425
12/19/2022,3,130.4618721,246
12/19/2022,4,95.52136436,233
12/19/2022,5,98.99724523,315
12/19/2022,6,105.8798467,157
12/19/2022,7,77.45306514,38
12/19/2022,8,80.46834212,155
12/19/2022,9,49.330541,82
12/19/2022,10,71.54306738,115
12/19/2022,11,80.89736932,184
12/19/2022,12,129.9698816,183
12/19/2022,13,99.87088568,486
12/19/2022,14,111.3021354,667
12/19/2022,15,105.0285689,524
12/19/2022,16,98.29413459,465
12/19/2022,17,113.6634707,497
12/19/2022,18,120.4859084,461
12/19/2022,19,96.00427407,396
12/19/2022,20,116.9621072,508
12/19/2022,21,123.846998,380
12/19/2022,22,117.0126862,379
12/19/2022,23,103.4950217,617
12/20/2022,0,132.6511152,355
12/20/2022,1,110.025128,308
12/20/2022,2,131.0074934,386
12/20/2022,3,127.1726212,223
12/20/2022,4,131.4635013,177
12/20/2022,5,127.6264373,257
12/20/2022,6,93.37278144,213
12/20/2022,7,60.57551617,50
12/20/2022,8,89.42472144,158
12/20/2022,9,73.19823353,75
12/20/2022,10,66.64924452,134
12/20/2022,11,82.24485942,219
12/20/2022,12,168.8216023,195
12/20/2022,13,136.2246319,485
12/20/2022,14,89.96286347,595
12/20/2022,15,120.1848087,396
12/20/2022,16,124.8962016,441
12/20/2022,17,114.4558093,462
12/20/2022,18,117.8413937,341
12/20/2022,19,124.6092768,318
12/20/2022,20,115.0171394,505
12/20/2022,21,99.92651074,281
12/20/2022,22,150.5540536,279
12/20/2022,23,103.0090841,405
12/21/2022,0,156.3523807,280
12/21/2022,1,159.6227773,233
12/21/2022,2,108.1782245,372
12/21/2022,3,113.0805949,222
12/21/2022,4,104.6404383,254
12/21/2022,5,124.5207298,230
12/21/2022,6,93.49966728,179
12/21/2022,7,102.3192419,56
12/21/2022,8,94.59456003,176
12/21/2022,9,79.19535708,67
12/21/2022,10,95.82828678,93
12/21/2022,11,84.31522936,214
12/21/2022,12,128.2177313,135
12/21/2022,13,119.0111705,463
12/21/2022,14,105.0361331,441
12/21/2022,15,101.7940377,341
12/21/2022,16,128.5438652,345
12/21/2022,17,99.15594674,517
12/21/2022,18,141.8310446,322
12/21/2022,19,133.4038454,330
12/21/2022,20,115.490405,525
12/21/2022,21,120.1081998,303
12/21/2022,22,114.6063999,253
12/21/2022,23,127.2712408,410
12/22/2022,0,129.5009037,239
12/22/2022,1,114.9785557,285
12/22/2022,2,102.1897925,359
12/22/2022,3,124.4191268,236
12/22/2022,4,106.0232415,165
12/22/2022,5,99.3432726,255
12/22/2022,6,104.3844339,186
12/22/2022,7,94.06356966,73
12/22/2022,8,66.80279307,175
12/22/2022,9,83.01907511,66
12/22/2022,10,79.6598638,135
12/22/2022,11,81.50157741,182
12/22/2022,12,95.52628396,130
12/22/2022,13,100.3151962,460
12/22/2022,14,86.24999599,497
12/22/2022,15,155.8845952,336
12/22/2022,16,163.0727015,378
12/22/2022,17,96.40168699,463
12/22/2022,18,97.75712178,268
12/22/2022,19,109.6268262,480
12/22/2022,20,110.8755217,473
12/22/2022,21,114.0881254,387
12/22/2022,22,133.4985519,352
12/22/2022,23,111.8308755,477
12/23/2022,0,113.2746862,365
12/23/2022,1,103.0212404,365
12/23/2022,2,104.4367131,458
12/23/2022,3,124.3669319,253
12/23/2022,4,138.1122923,258
12/23/2022,5,117.0812787,267
12/23/2022,6,97.87453084,237
12/23/2022,7,102.309736,69
12/23/2022,8,73.85857081,166
12/23/2022,9,78.67504255,79
12/23/2022,10,110.4386303,80
12/23/2022,11,72.95335427,225
12/23/2022,12,89.3214702,196
12/23/2022,13,116.0048406,205
12/23/2022,14,94.59013115,350
12/23/2022,15,110.2636048,303
12/23/2022,16,124.3990324,310
12/23/2022,17,112.5025596,544
12/23/2022,18,86.96459611,336
12/23/2022,19,104.4900967,338
12/23/2022,20,133.2461776,540
12/23/2022,21,120.905212,304
12/23/2022,22,158.3838195,190
12/23/2022,23,120.1116314,368
12/24/2022,0,117.4324429,279
12/24/2022,1,126.1336736,226
12/24/2022,2,133.2110438,346
12/24/2022,3,136.3904278,229
12/24/2022,4,141.1371426,170
12/24/2022,5,86.98545205,255
12/24/2022,6,101.4802218,186
12/24/2022,7,108.7020737,90
12/24/2022,8,91.17353698,172
12/24/2022,9,118.2781008,46
12/24/2022,10,74.69332076,82
12/24/2022,11,90.5963545,159
12/24/2022,12,89.30442716,95
12/24/2022,13,117.8742357,173
12/24/2022,14,95.13199549,268
12/24/2022,15,133.2940126,222
12/24/2022,16,132.0735251,308
12/24/2022,17,130.203164,282
12/24/2022,18,99.99532294,272
12/24/2022,19,113.0526824,249
12/24/2022,20,140.807953,342
12/24/2022,21,130.1196506,239
12/24/2022,22,130.8384673,227
12/24/2022,23,108.391174,307
12/25/2022,0,103.3102119,263
12/25/2022,1,155.8775094,188
12/25/2022,2,105.0588215,295
12/25/2022,3,141.0190759,190
12/25/2022,4,105.3631604,225
12/25/2022,5,80.81878411,289
12/25/2022,6,119.9449817,287
12/25/2022,7,83.86729759,69
12/25/2022,8,85.6914251,164
12/25/2022,9,114.316964,52
12/25/2022,10,63.81741705,77
12/25/2022,11,75.16556447,169
12/25/2022,12,54.12198719,106
12/25/2022,13,91.92929262,135
12/25/2022,14,99.99814799,255
12/25/2022,15,121.3141828,285
12/25/2022,16,106.6738846,288
12/25/2022,17,100.8759132,378
12/25/2022,18,121.2127801,248
12/25/2022,19,104.6306714,206
12/25/2022,20,85.0806608,341
12/25/2022,21,100.9996667,271
12/25/2022,22,100.247561,251
12/25/2022,23,100.394131,352
12/26/2022,0,115.2456391,274
12/26/2022,1,109.7160735,276
12/26/2022,2,99.34111317,429
12/26/2022,3,124.1869487,247
12/26/2022,4,74.75585428,243
12/26/2022,5,94.04778777,249
12/26/2022,6,73.24359405,202
12/26/2022,7,167.6804755,73
12/26/2022,8,83.65495983,170
12/26/2022,9,86.84732769,77
12/26/2022,10,74.39251019,103
12/26/2022,11,74.35529719,186
12/26/2022,12,113.8396628,108
12/26/2022,13,96.90395339,152
12/26/2022,14,103.9036992,406
12/26/2022,15,145.2209685,292
12/26/2022,16,130.9711905,286
12/26/2022,17,127.9086424,376
12/26/2022,18,116.6676988,361
12/26/2022,19,125.2991449,266
12/26/2022,20,114.5970172,368
12/26/2022,21,131.0039621,281
12/26/2022,22,137.3856497,246
12/26/2022,23,101.4100014,420
12/27/2022,0,106.9517226,284
12/27/2022,1,121.0930822,300
12/27/2022,2,128.3912257,413
12/27/2022,3,104.9494235,230
12/27/2022,4,142.7712397,235
12/27/2022,5,82.0807861,307
12/27/2022,6,111.6404654,187
12/27/2022,7,89.14815024,116
12/27/2022,8,119.2289748,156
12/27/2022,9,83.8208817,94
12/27/2022,10,82.73730272,103
12/27/2022,11,91.99891287,186
12/27/2022,12,88.23906404,156
12/27/2022,13,133.4116004,404
12/27/2022,14,101.8305876,462
12/27/2022,15,142.0033867,339
12/27/2022,16,105.3905732,373
12/27/2022,17,95.89831876,437
12/27/2022,18,97.91277717,308
12/27/2022,19,104.9983923,349
12/27/2022,20,104.2511043,588
12/27/2022,21,117.9262755,390
12/27/2022,22,127.9741877,449
12/27/2022,23,96.81930605,500
12/28/2022,0,102.9768477,379
12/28/2022,1,137.9766452,257
12/28/2022,2,120.8355825,443
12/28/2022,3,109.0757405,235
12/28/2022,4,116.5697584,316
12/28/2022,5,93.86992815,282
12/28/2022,6,125.8148893,214
12/28/2022,7,114.3789893,91
12/28/2022,8,74.81314768,179
12/28/2022,9,106.6974355,102
12/28/2022,10,96.9138778,132
12/28/2022,11,78.74062871,205
12/28/2022,12,87.9963764,196
12/28/2022,13,136.4713114,427
12/28/2022,14,108.3885256,490
12/28/2022,15,107.6600155,318
12/28/2022,16,94.51331595,383
12/28/2022,17,104.9264655,520
12/28/2022,18,139.8192069,403
12/28/2022,19,124.4388024,440
12/28/2022,20,119.7594329,522
12/28/2022,21,131.4658263,305
12/28/2022,22,107.4834967,339
12/28/2022,23,114.6689949,486
12/29/2022,0,111.7455876,292
12/29/2022,1,104.0224469,323
12/29/2022,2,99.13402317,499
12/29/2022,3,138.3634539,272
12/29/2022,4,121.3897097,175
12/29/2022,5,138.8182634,305
12/29/2022,6,122.5094605,295
12/29/2022,7,114.8043854,76
12/29/2022,8,71.45752961,185
12/29/2022,9,87.60965819,63
12/29/2022,10,107.4612124,90
12/29/2022,11,83.30915012,210
12/29/2022,12,103.9521468,146
12/29/2022,13,133.6907713,398
12/29/2022,14,92.26460272,460
12/29/2022,15,126.4527476,336
12/29/2022,16,136.7677778,373
12/29/2022,17,107.8228214,521
12/29/2022,18,135.9723277,418
12/29/2022,19,100.2385644,389
12/29/2022,20,108.4787753,483
12/29/2022,21,134.2985303,320
12/29/2022,22,105.0953092,363
12/29/2022,23,131.3881719,413
12/30/2022,0,113.4192931,359
12/30/2022,1,111.8515888,298
12/30/2022,2,101.3319783,480
12/30/2022,3,109.7295577,260
12/30/2022,4,123.4941404,222
12/30/2022,5,108.1021984,273
12/30/2022,6,108.8873434,376
12/30/2022,7,137.0319419,78
12/30/2022,8,110.7484255,168
12/30/2022,9,137.6756279,38
12/30/2022,10,54.83887332,118
12/30/2022,11,89.95860018,155
12/30/2022,12,104.0333537,122
12/30/2022,13,116.3325694,206
12/30/2022,14,144.9970965,598
12/30/2022,15,167.5204477,244
12/30/2022,16,107.5381597,363
12/30/2022,17,109.5672753,439
12/30/2022,18,113.2015096,339
12/30/2022,19,101.2168164,217
12/30/2022,20,101.289725,431
12/30/2022,21,130.5882661,261
12/30/2022,22,129.0690083,213
12/30/2022,23,125.9996131,382
12/31/2022,0,133.5565046,336
12/31/2022,1,125.508183,282
12/31/2022,2,107.9234409,326
12/31/2022,3,124.0739922,250
12/31/2022,4,195.3861764,245
12/31/2022,5,94.17369911,220
12/31/2022,6,72.44174683,287
12/31/2022,7,113.878804,89
12/31/2022,8,87.19201867,150
12/31/2022,9,87.14187755,106
12/31/2022,10,55.10879893,58
12/31/2022,11,76.46012849,131
12/31/2022,12,88.18819068,104
12/31/2022,13,121.0643764,147
12/31/2022,14,112.5714762,301
12/31/2022,15,145.6697931,218
12/31/2022,16,174.8188819,270
12/31/2022,17,123.3635777,320
12/31/2022,18,115.9445741,272
12/31/2022,19,153.8375225,250
12/31/2022,20,102.9590313,389
12/31/2022,21,121.1721666,227
12/31/2022,22,115.9482429,302
12/31/2022,23,103.7659407,366
1/1/2023,0,100.358385,283
1/1/2023,1,144.002589,219
1/1/2023,2,115.4232739,327
1/1/2023,3,102.6763473,159
1/1/2023,4,113.4410859,217
1/1/2023,5,104.0411569,286
1/1/2023,6,86.94446914,314
1/1/2023,7,73.99750163,82
1/1/2023,8,76.22251958,145
1/1/2023,9,80.11572874,33
1/1/2023,10,60.81697903,70
1/1/2023,11,72.45104819,151
1/1/2023,12,90.92523126,70
1/1/2023,13,125.9237361,122
1/1/2023,14,93.58984342,277
1/1/2023,15,123.7158145,230
1/1/2023,16,138.13543,189
1/1/2023,17,130.0080952,283
1/1/2023,18,140.3324236,258
1/1/2023,19,121.894305,194
1/1/2023,20,106.0619828,274
1/1/2023,21,114.3260526,214
1/1/2023,22,116.5747676,229
1/1/2023,23,97.86082112,430
1/2/2023,0,124.5333781,306
1/2/2023,1,117.0996409,358
1/2/2023,2,100.425866,424
1/2/2023,3,161.5527485,212
1/2/2023,4,146.939671,184
1/2/2023,5,87.2386694,291
1/2/2023,6,83.79463657,253
1/2/2023,7,121.1065802,105
1/2/2023,8,90.03391661,198
1/2/2023,9,51.68552425,66
1/2/2023,10,66.71884812,86
1/2/2023,11,78.90624037,190
1/2/2023,12,69.09587955,74
1/2/2023,13,134.7057232,194
1/2/2023,14,119.1331662,393
1/2/2023,15,101.6502392,321
1/2/2023,16,125.0994097,308
1/2/2023,17,109.3236012,427
1/2/2023,18,105.465395,397
1/2/2023,19,164.4104946,302
1/2/2023,20,102.8606033,472
1/2/2023,21,132.2589149,247
1/2/2023,22,112.2840596,308
1/2/2023,23,112.8620308,431
1/3/2023,0,114.7860622,373
1/3/2023,1,123.8149867,274
1/3/2023,2,121.8654193,368
1/3/2023,3,118.6365185,198
1/3/2023,4,96.73485325,151
1/3/2023,5,89.18759488,182
1/3/2023,6,98.893985,228
1/3/2023,7,92.74778141,68
1/3/2023,8,66.14609055,217
1/3/2023,9,48.22777092,55
1/3/2023,10,80.29962261,89
1/3/2023,11,102.9005523,152
1/3/2023,12,93.1450578,181
1/3/2023,13,130.3970828,519
1/3/2023,14,115.6351444,446
1/3/2023,15,113.8814074,460
1/3/2023,16,123.8428649,434
1/3/2023,17,102.341701,517
1/3/2023,18,128.0213475,480
1/3/2023,19,127.1816391,390
1/3/2023,20,110.73524,487
1/3/2023,21,137.8989099,399
1/3/2023,22,101.1114055,500
1/3/2023,23,95.00489217,567
1/4/2023,0,116.791309,498
1/4/2023,1,136.1928524,215
1/4/2023,2,93.65221174,355
1/4/2023,3,124.8042235,258
1/4/2023,4,108.0126678,198
1/4/2023,5,107.5765049,365
1/4/2023,6,99.75474521,241
1/4/2023,7,108.797696,75
1/4/2023,8,75.95997159,248
1/4/2023,9,103.1043604,85
1/4/2023,10,74.50478453,114
1/4/2023,11,97.64098537,258
1/4/2023,12,113.8814284,236
1/4/2023,13,111.8844951,456
1/4/2023,14,96.12611507,664
1/4/2023,15,116.6207663,389
1/4/2023,16,110.1035265,414
1/4/2023,17,104.1171517,579
1/4/2023,18,134.3046952,364
1/4/2023,19,123.3597366,363
1/4/2023,20,102.4556724,688
1/4/2023,21,134.10892,461
1/4/2023,22,110.6030909,339
1/4/2023,23,106.692514,556
1/5/2023,0,113.2653669,393
1/5/2023,1,117.4929343,299
1/5/2023,2,89.07719737,477
1/5/2023,3,118.7000829,310
1/5/2023,4,94.08280458,238
1/5/2023,5,100.9959974,284
1/5/2023,6,88.01491981,169
1/5/2023,7,90.12262239,70
1/5/2023,8,76.34103247,244
1/5/2023,9,96.38617405,60
1/5/2023,10,64.16609662,69
1/5/2023,11,74.23710958,327
1/5/2023,12,86.9386724,180
1/5/2023,13,141.3274915,465
1/5/2023,14,93.27085968,631
1/5/2023,15,138.1331819,424
1/5/2023,16,97.60714148,392
1/5/2023,17,100.775683,576
1/5/2023,18,115.3915717,412
1/5/2023,19,84.17552417,530
1/5/2023,20,102.9484091,690
1/5/2023,21,100.5436014,403
1/5/2023,22,119.0853301,334
1/5/2023,23,118.1000406,597
1/6/2023,0,119.1295018,336
1/6/2023,1,118.936635,350
1/6/2023,2,99.2252415,540
1/6/2023,3,92.35143065,279
1/6/2023,4,124.1831906,155
1/6/2023,5,91.5112747,345
1/6/2023,6,87.35413909,238
1/6/2023,7,147.9543354,138
1/6/2023,8,80.84054929,293
1/6/2023,9,120.9588157,88
1/6/2023,10,67.92586442,155
1/6/2023,11,108.6177471,308
1/6/2023,12,96.70304589,164
1/6/2023,13,114.9288749,503
1/6/2023,14,102.1555258,610
1/6/2023,15,109.2989792,415
1/6/2023,16,106.0870175,422
1/6/2023,17,102.9560101,615
1/6/2023,18,128.1562272,287
1/6/2023,19,113.9145256,325
1/6/2023,20,105.9973783,625
1/6/2023,21,120.8692431,358
1/6/2023,22,130.1152359,279
1/6/2023,23,92.92963678,485
1/7/2023,0,131.4992415,312
1/7/2023,1,117.0637046,342
1/7/2023,2,92.94379928,514
1/7/2023,3,104.3712048,261
1/7/2023,4,102.4694038,190
1/7/2023,5,98.94115965,301
1/7/2023,6,79.46368472,192
1/7/2023,7,70.86582099,50
1/7/2023,8,82.62031263,238
1/7/2023,9,92.21581054,42
1/7/2023,10,63.25465692,92
1/7/2023,11,72.11706278,239
1/7/2023,12,67.89797795,98
1/7/2023,13,94.39848978,168
1/7/2023,14,90.10554145,496
1/7/2023,15,91.47149752,188
1/7/2023,16,114.8383185,260
1/7/2023,17,95.12855401,397
1/7/2023,18,100.3856223,214
1/7/2023,19,131.3994539,282
1/7/2023,20,108.9015141,401
1/7/2023,21,144.5025661,232
1/7/2023,22,127.2746014,282
1/7/2023,23,94.749353,427
1/8/2023,0,100.5075175,313
1/8/2023,1,102.3997766,373
1/8/2023,2,106.6452978,551
1/8/2023,3,122.5481829,245
1/8/2023,4,169.2778103,175
1/8/2023,5,92.08799397,350
1/8/2023,6,87.918399,292
1/8/2023,7,140.8241001,105
1/8/2023,8,88.29938741,230
1/8/2023,9,66.35559264,60
1/8/2023,10,64.82734443,64
1/8/2023,11,79.58729265,239
1/8/2023,12,68.59678986,106
1/8/2023,13,142.9029852,103
1/8/2023,14,105.3128639,397
1/8/2023,15,141.362558,236
1/8/2023,16,91.26179045,355
1/8/2023,17,121.1476073,488
1/8/2023,18,136.5165286,263
1/8/2023,19,148.4272519,196
1/8/2023,20,103.4513118,422
1/8/2023,21,120.2158987,240
1/8/2023,22,130.0038725,268
1/8/2023,23,96.76656741,484
1/9/2023,0,126.0777312,340
1/9/2023,1,128.0844925,239
1/9/2023,2,106.5534364,451
1/9/2023,3,94.79391759,289
1/9/2023,4,97.93967457,192
1/9/2023,5,79.3460249,337
1/9/2023,6,79.76901803,237
1/9/2023,7,102.6305965,89
1/9/2023,8,89.35946719,261
1/9/2023,9,50.11540845,90
1/9/2023,10,87.68637842,117
1/9/2023,11,87.55615749,352
1/9/2023,12,98.78006252,197
1/9/2023,13,114.9586356,536
1/9/2023,14,90.21842143,710
1/9/2023,15,112.6538758,427
1/9/2023,16,105.6560246,386
1/9/2023,17,83.22835269,695
1/9/2023,18,99.09912851,365
1/9/2023,19,108.2162122,307
1/9/2023,20,98.15623853,681
1/9/2023,21,111.6166205,394
1/9/2023,22,131.8073239,280
1/9/2023,23,110.4993715,520
1/10/2023,0,111.706622,389
1/10/2023,1,141.7754623,275
1/10/2023,2,88.70074796,497
1/10/2023,3,102.7911071,214
1/10/2023,4,100.9872515,200
1/10/2023,5,96.55714165,127
1/10/2023,6,69.64777045,180
1/10/2023,7,85.9019074,40
1/10/2023,8,97.84754654,95
1/10/2023,9,85.07809458,59
1/10/2023,10,91.70907234,60
1/10/2023,11,109.1769269,108
1/10/2023,12,107.2803696,120
1/10/2023,13,114.8473282,226
1/10/2023,14,145.9593023,300
1/10/2023,15,113.3649227,280
1/10/2023,16,116.8421728,344
1/10/2023,17,117.8856789,295
1/10/2023,18,123.7952527,397
1/10/2023,19,142.237787,376
1/10/2023,20,151.2935295,306
1/10/2023,21,124.9806866,280
1/10/2023,22,158.875729,296
1/10/2023,23,160.7009568,311
1/11/2023,0,120.0601817,254
1/11/2023,1,177.5601157,272
1/11/2023,2,143.397612,297
1/11/2023,3,107.1769628,251
1/11/2023,4,104.2910546,154
1/11/2023,5,124.7778643,191
1/11/2023,6,77.19286042,212
1/11/2023,7,67.75548568,69
1/11/2023,8,115.6947702,52
1/11/2023,9,102.6734089,29
1/11/2023,10,114.6318859,73
1/11/2023,11,70.22894826,95
1/11/2023,12,120.5308472,107
1/11/2023,13,99.39516278,304
1/11/2023,14,120.4572293,350
1/11/2023,15,116.8923909,311
1/11/2023,16,120.8981996,384
1/11/2023,17,118.8484496,309
1/11/2023,18,108.0448681,280
1/11/2023,19,136.4029783,304
1/11/2023,20,123.1512101,393
1/11/2023,21,139.8847951,272
1/11/2023,22,121.2440305,328
1/11/2023,23,157.5362876,292
1/12/2023,0,121.4515839,288
1/12/2023,1,117.3333727,283
1/12/2023,2,150.5056426,217
1/12/2023,3,152.686149,266
1/12/2023,4,115.4769537,112
1/12/2023,5,129.2752947,92
1/12/2023,6,75.44168544,186
1/12/2023,7,97.59550166,37
1/12/2023,8,93.19249313,53
1/12/2023,9,134.003041,30
1/12/2023,10,113.5524178,40
1/12/2023,11,116.0874137,119
1/12/2023,12,131.3718752,107
1/12/2023,13,91.97131959,349
1/12/2023,14,157.9513589,354
1/12/2023,15,148.7416318,451
1/12/2023,16,135.4894599,348
1/12/2023,17,126.5994576,318
1/12/2023,18,103.5400819,301
1/12/2023,19,105.1554023,483
1/12/2023,20,121.9087397,366
1/12/2023,21,129.1623757,298
1/12/2023,22,134.3666848,315
1/12/2023,23,135.5737142,288
1/13/2023,0,121.6347904,283
1/13/2023,1,129.131057,228
1/13/2023,2,159.0828424,217
1/13/2023,3,122.6278695,373
1/13/2023,4,174.9004237,212
1/13/2023,5,157.6514462,83
1/13/2023,6,85.0310881,215
1/13/2023,7,132.181287,33
1/13/2023,8,152.146724,34
1/13/2023,9,130.8068221,58
1/13/2023,10,151.0836584,67
1/13/2023,11,134.3131837,82
1/13/2023,12,123.0991728,125
1/13/2023,13,129.7027244,332
1/13/2023,14,150.3262263,335
1/13/2023,15,113.4315039,407
1/13/2023,16,150.9886552,367
1/13/2023,17,150.504687,418
1/13/2023,18,138.7501697,385
1/13/2023,19,109.2911215,447
1/13/2023,20,161.381292,420
1/13/2023,21,106.785826,305
1/13/2023,22,105.1777376,307
1/13/2023,23,143.1686462,268
1/14/2023,0,121.9024839,247
1/14/2023,1,135.6915518,313
1/14/2023,2,158.1075988,258
1/14/2023,3,136.1214931,210
1/14/2023,4,110.0056472,243
1/14/2023,5,106.5816973,159
1/14/2023,6,94.8482074,226
1/14/2023,7,106.0349646,64
1/14/2023,8,83.08241218,34
1/14/2023,9,122.0956224,57
1/14/2023,10,89.51026893,59
1/14/2023,11,87.75246177,79
1/14/2023,12,124.8725791,99
1/14/2023,13,124.42094,182
1/14/2023,14,118.5623479,224
1/14/2023,15,130.1787391,235
1/14/2023,16,140.4145321,311
1/14/2023,17,121.0032884,289
1/14/2023,18,133.8973486,326
1/14/2023,19,144.6262535,245
1/14/2023,20,151.1498984,174
1/14/2023,21,147.9530268,238
1/14/2023,22,136.9791635,340
1/14/2023,23,124.2481359,233
1/15/2023,0,150.6956737,333
1/15/2023,1,172.3325504,189
1/15/2023,2,135.191851,257
1/15/2023,3,125.9157831,183
1/15/2023,4,142.2559297,148
1/15/2023,5,168.6616213,153
1/15/2023,6,76.3617878,221
1/15/2023,7,222.080722,45
1/15/2023,8,113.5947155,43
1/15/2023,9,134.809493,38
1/15/2023,10,109.0984231,28
1/15/2023,11,122.4797089,51
1/15/2023,12,122.8656613,68
1/15/2023,13,124.2225105,95
1/15/2023,14,139.9268678,190
1/15/2023,15,149.4607472,180
1/15/2023,16,210.8141119,238
1/15/2023,17,165.8348293,263
1/15/2023,18,134.040223,278
1/15/2023,19,139.7915516,187
1/15/2023,20,138.765123,202
1/15/2023,21,142.9970565,208
1/15/2023,22,155.071514,192
1/15/2023,23,164.5231515,171
1/16/2023,0,105.0296635,218
1/16/2023,1,128.9114202,230
1/16/2023,2,114.1510902,303
1/16/2023,3,92.61147032,289
1/16/2023,4,127.5741494,210
1/16/2023,5,139.2033092,117
1/16/2023,6,98.32596416,188
1/16/2023,7,117.7805933,55
1/16/2023,8,109.5701438,53
1/16/2023,9,97.28560493,64
1/16/2023,10,108.7985692,66
1/16/2023,11,87.97730942,79
1/16/2023,12,135.0496658,106
1/16/2023,13,138.493343,294
1/16/2023,14,141.1559579,316
1/16/2023,15,134.8726392,246
1/16/2023,16,138.1374601,364
1/16/2023,17,106.0862005,298
1/16/2023,18,145.2538036,343
1/16/2023,19,125.3791504,257
1/16/2023,20,108.0696089,283
1/16/2023,21,98.36964485,340
1/16/2023,22,138.7882504,357
1/16/2023,23,160.0114533,320
1/17/2023,0,155.8509901,374
1/17/2023,1,132.6509759,319
1/17/2023,2,129.2966518,263
1/17/2023,3,109.5482797,189
1/17/2023,4,109.1824318,133
1/17/2023,5,142.9140589,118
1/17/2023,6,87.16591168,169
1/17/2023,7,122.267172,62
1/17/2023,8,193.1981102,66
1/17/2023,9,119.9614972,52
1/17/2023,10,115.8241893,57
1/17/2023,11,128.4382242,112
1/17/2023,12,119.7318067,154
1/17/2023,13,105.9656824,467
1/17/2023,14,136.7955874,343
1/17/2023,15,101.6171762,354
1/17/2023,16,104.0529604,326
1/17/2023,17,116.4667408,341
1/17/2023,18,127.1904844,382
1/17/2023,19,137.7474187,333
1/17/2023,20,96.76026135,366
1/17/2023,21,146.7703872,281
1/17/2023,22,125.1881437,342
1/17/2023,23,159.6526205,268
1/18/2023,0,136.8284327,335
1/18/2023,1,177.3387008,232
1/18/2023,2,146.1167235,268
1/18/2023,3,122.8329489,265
1/18/2023,4,125.9371927,164
1/18/2023,5,117.305669,68
1/18/2023,6,81.33174664,162
1/18/2023,7,141.0736339,49
1/18/2023,8,46.96681081,37
1/18/2023,9,71.47488055,52
1/18/2023,10,71.47560649,75
1/18/2023,11,108.1981404,134
1/18/2023,12,92.77354081,198
1/18/2023,13,100.1944725,501
1/18/2023,14,117.3898391,458
1/18/2023,15,132.4811804,386
1/18/2023,16,159.0840104,413
1/18/2023,17,143.6714845,293
1/18/2023,18,88.31124825,327
1/18/2023,19,99.81101539,392
1/18/2023,20,124.3770937,317
1/18/2023,21,177.6360901,256
1/18/2023,22,135.5384989,355
1/18/2023,23,113.3307833,276
1/19/2023,0,166.0861535,204
1/19/2023,1,143.9656258,266
1/19/2023,2,118.3777334,222
1/19/2023,3,157.301925,215
1/19/2023,4,116.2605154,144
1/19/2023,5,102.3962934,126
1/19/2023,6,86.67089328,191
1/19/2023,7,120.3800927,34
1/19/2023,8,65.83492743,40
1/19/2023,9,67.47728257,39
1/19/2023,10,81.33555417,53
1/19/2023,11,93.91906576,116
1/19/2023,12,120.8016201,212
1/19/2023,13,106.247214,472
1/19/2023,14,126.868994,350
1/19/2023,15,105.6803287,342
1/19/2023,16,113.075712,482
1/19/2023,17,121.3691633,348
1/19/2023,18,120.1645809,340
1/19/2023,19,118.1695568,371
1/19/2023,20,133.7055903,348
1/19/2023,21,129.222651,401
1/19/2023,22,118.5824917,361
1/19/2023,23,155.6118083,268
1/20/2023,0,136.7861454,377
1/20/2023,1,123.7998338,221
1/20/2023,2,129.1414145,261
1/20/2023,3,151.798207,276
1/20/2023,4,173.1650118,155
1/20/2023,5,119.7072216,90
1/20/2023,6,92.81457391,250
1/20/2023,7,173.9799225,76
1/20/2023,8,74.08295418,60
1/20/2023,9,138.8195724,49
1/20/2023,10,83.53349822,67
1/20/2023,11,69.31032211,93
1/20/2023,12,142.1499313,152
1/20/2023,13,112.3398735,423
1/20/2023,14,142.8909309,380
1/20/2023,15,124.9255634,355
1/20/2023,16,128.4604563,367
1/20/2023,17,132.5074809,275
1/20/2023,18,131.0459737,306
1/20/2023,19,119.8600028,290
1/20/2023,20,120.8053251,229
1/20/2023,21,126.6358911,240
1/20/2023,22,140.6001818,248
1/20/2023,23,145.7538143,239
1/21/2023,0,146.6129582,213
1/21/2023,1,143.0926119,283
1/21/2023,2,108.973526,243
1/21/2023,3,114.0442164,201
1/21/2023,4,121.3726321,168
1/21/2023,5,152.1602523,106
1/21/2023,6,81.09354992,194
1/21/2023,7,111.5696565,52
1/21/2023,8,59.12824052,44
1/21/2023,9,105.4457434,42
1/21/2023,10,61.34124122,52
1/21/2023,11,99.61875,64
1/21/2023,12,98.02558755,76
1/21/2023,13,112.3525406,129
1/21/2023,14,114.3997709,174
1/21/2023,15,140.3053775,253
1/21/2023,16,103.7778779,219
1/21/2023,17,136.2740405,246
1/21/2023,18,128.3615615,282
1/21/2023,19,127.8496907,231
1/21/2023,20,121.7822444,275
1/21/2023,21,152.4080993,316
1/21/2023,22,126.1179708,302
1/21/2023,23,125.4843083,228
1/22/2023,0,144.3238698,203
1/22/2023,1,162.3790856,280
1/22/2023,2,114.273172,219
1/22/2023,3,94.09073167,237
1/22/2023,4,109.7154964,190
1/22/2023,5,170.3085558,138
1/22/2023,6,106.6336231,198
1/22/2023,7,138.939255,66
1/22/2023,8,161.8302777,47
1/22/2023,9,77.86060239,35
1/22/2023,10,119.5928834,35
1/22/2023,11,89.6782637,98
1/22/2023,12,116.00649,63
1/22/2023,13,155.4555038,140
1/22/2023,14,141.2961809,174
1/22/2023,15,128.1001249,185
1/22/2023,16,120.6622169,258
1/22/2023,17,146.878818,250
1/22/2023,18,141.8990482,286
1/22/2023,19,153.4290016,250
1/22/2023,20,182.1184123,244
1/22/2023,21,103.7362435,254
1/22/2023,22,134.1679025,224
1/22/2023,23,119.8968545,315
1/23/2023,0,120.5924445,254
1/23/2023,1,117.350695,253
1/23/2023,2,133.6007156,221
1/23/2023,3,152.1123185,192
1/23/2023,4,161.0844611,161
1/23/2023,5,115.0184578,97
1/23/2023,6,84.26900891,164
1/23/2023,7,121.4182279,28
1/23/2023,8,113.0544713,41
1/23/2023,9,123.7676862,41
1/23/2023,10,89.10696212,57
1/23/2023,11,109.486795,84
1/23/2023,12,137.4516714,147
1/23/2023,13,104.4936267,559
1/23/2023,14,140.2847349,371
1/23/2023,15,124.9476992,357
1/23/2023,16,125.6834909,363
1/23/2023,17,138.6403073,294
1/23/2023,18,100.3798504,391
1/23/2023,19,143.3048017,323
1/23/2023,20,130.8084267,359
1/23/2023,21,129.7649805,375
1/23/2023,22,119.8146384,348
1/23/2023,23,130.221883,273
1/24/2023,0,133.7433996,302
1/24/2023,1,117.5953147,346
1/24/2023,2,113.8362762,338
1/24/2023,3,151.4685277,249
1/24/2023,4,131.0971862,101
1/24/2023,5,170.5661328,74
1/24/2023,6,79.08328002,186
1/24/2023,7,173.7820165,53
1/24/2023,8,111.7193938,46
1/24/2023,9,101.149312,37
1/24/2023,10,134.5307909,57
1/24/2023,11,115.1527385,80
1/24/2023,12,119.233797,142
1/24/2023,13,124.9205439,468
1/24/2023,14,147.2525038,305
1/24/2023,15,113.0873784,335
1/24/2023,16,129.320192,325
1/24/2023,17,109.5020334,311
1/24/2023,18,128.1524988,353
1/24/2023,19,134.650501,380
1/24/2023,20,162.5004161,343
1/24/2023,21,186.0129465,335
1/24/2023,22,139.1709313,372
1/24/2023,23,133.2791679,300
1/25/2023,0,145.6216368,320
1/25/2023,1,96.82441697,373
1/25/2023,2,123.88529,306
1/25/2023,3,161.3574137,244
1/25/2023,4,158.6679375,173
1/25/2023,5,87.13900096,204
1/25/2023,6,93.92914655,201
1/25/2023,7,74.88523019,33
1/25/2023,8,59.93611661,30
1/25/2023,9,82.79744326,52
1/25/2023,10,134.1395504,64
1/25/2023,11,144.1325669,92
1/25/2023,12,142.4253346,118
1/25/2023,13,127.5847413,432
1/25/2023,14,113.1378576,258
1/25/2023,15,134.9669294,345
1/25/2023,16,136.8758766,305
1/25/2023,17,115.7620881,312
1/25/2023,18,133.3502568,399
1/25/2023,19,142.0477349,254
1/25/2023,20,143.0663209,291
1/25/2023,21,112.2874682,329
1/25/2023,22,155.7951707,311
1/25/2023,23,134.4037095,391
1/26/2023,0,135.4694594,279
1/26/2023,1,122.1626922,355
1/26/2023,2,138.8277226,270
1/26/2023,3,169.7337497,235
1/26/2023,4,131.4580293,123
1/26/2023,5,122.0200883,162
1/26/2023,6,102.5198317,174
1/26/2023,7,94.40864226,33
1/26/2023,8,145.9851007,47
1/26/2023,9,95.87708922,27
1/26/2023,10,90.86000161,42
1/26/2023,11,86.44673612,112
1/26/2023,12,151.7568364,124
1/26/2023,13,119.2164906,461
1/26/2023,14,124.2473093,273
1/26/2023,15,118.9443778,287
1/26/2023,16,152.8040775,202
1/26/2023,17,164.8404286,275
1/26/2023,18,152.3959466,391
1/26/2023,19,172.9867682,287
1/26/2023,20,136.1605478,274
1/26/2023,21,143.9750349,304
1/26/2023,22,131.0493519,324
1/26/2023,23,120.9548691,243
1/27/2023,0,124.4764633,303
1/27/2023,1,147.700841,237
1/27/2023,2,125.6766648,272
1/27/2023,3,135.0322914,239
1/27/2023,4,160.3812254,140
1/27/2023,5,105.1843464,130
1/27/2023,6,98.30146851,220
1/27/2023,7,90.92889482,47
1/27/2023,8,113.9995016,41
1/27/2023,9,193.8948569,21
1/27/2023,10,74.7913419,35
1/27/2023,11,69.5233594,91
1/27/2023,12,146.1821091,135
1/27/2023,13,138.6563529,465
1/27/2023,14,123.8214215,340
1/27/2023,15,145.5645058,376
1/27/2023,16,126.2401954,384
1/27/2023,17,133.3838771,343
1/27/2023,18,103.6557919,432
1/27/2023,19,172.995804,343
1/27/2023,20,166.5886626,253
1/27/2023,21,145.4817832,221
1/27/2023,22,162.2810255,354
1/27/2023,23,115.3443583,198
1/28/2023,0,134.141876,229
1/28/2023,1,174.5844629,173
1/28/2023,2,132.0070975,248
1/28/2023,3,153.1013537,210
1/28/2023,4,135.3820149,148
1/28/2023,5,77.87002785,167
1/28/2023,6,102.6578343,186
1/28/2023,7,94.95366073,39
1/28/2023,8,111.8497877,28
1/28/2023,9,70.16274396,36
1/28/2023,10,166.5425362,53
1/28/2023,11,129.4986061,36
1/28/2023,12,132.7514924,59
1/28/2023,13,131.7035612,134
1/28/2023,14,143.7442967,164
1/28/2023,15,132.8670188,228
1/28/2023,16,110.8717786,438
1/28/2023,17,162.4560074,320
1/28/2023,18,127.0600061,244
1/28/2023,19,154.4740148,217
1/28/2023,20,149.2420015,287
1/28/2023,21,143.3976535,284
1/28/2023,22,197.9323642,255
1/28/2023,23,145.0696109,222
1/29/2023,0,130.6484711,223
1/29/2023,1,185.2129221,252
1/29/2023,2,163.2384961,203
1/29/2023,3,108.7211355,241
1/29/2023,4,95.90662702,165
1/29/2023,5,99.01792579,167
1/29/2023,6,76.87940926,168
1/29/2023,7,86.10370675,66
1/29/2023,8,138.8641314,37
1/29/2023,9,119.6071599,27
1/29/2023,10,182.4535201,47
1/29/2023,11,96.96095544,49
1/29/2023,12,131.0164483,74
1/29/2023,13,132.728481,92
1/29/2023,14,155.6621413,170
1/29/2023,15,150.0696057,181
1/29/2023,16,142.4057068,185
1/29/2023,17,156.4216784,310
1/29/2023,18,110.9036598,304
1/29/2023,19,118.1579978,287
1/29/2023,20,131.857917,248
1/29/2023,21,125.8444716,167
1/29/2023,22,148.8957355,377
1/29/2023,23,169.2816172,206
1/30/2023,0,136.0040624,264
1/30/2023,1,152.5491419,301
1/30/2023,2,138.4891031,243
1/30/2023,3,156.8613271,232
1/30/2023,4,173.2900195,168
1/30/2023,5,107.6590351,147
1/30/2023,6,98.16272043,201
1/30/2023,7,89.69105823,37
1/30/2023,8,109.488211,36
1/30/2023,9,114.7685426,28
1/30/2023,10,103.4249029,39
1/30/2023,11,102.2315299,108
1/30/2023,12,124.9847089,136
1/30/2023,13,121.2614265,454
1/30/2023,14,117.8215342,327
1/30/2023,15,111.0229351,363
1/30/2023,16,141.0351725,254
1/30/2023,17,170.2436337,293
1/30/2023,18,111.332713,306
1/30/2023,19,116.6945351,317
1/30/2023,20,121.6205935,329
1/30/2023,21,146.3807222,275
1/30/2023,22,165.469265,331
1/30/2023,23,143.1527318,216
1/31/2023,0,168.1035621,234
1/31/2023,1,128.683156,306
1/31/2023,2,146.7538229,275
1/31/2023,3,148.763394,181
1/31/2023,4,106.2503748,152
1/31/2023,5,88.80926864,125
1/31/2023,6,94.54079521,174
1/31/2023,7,94.78924922,59
1/31/2023,8,52.48117758,35
1/31/2023,9,144.369061,25
1/31/2023,10,62.79656286,70
1/31/2023,11,126.3327307,116
1/31/2023,12,110.721415,153
1/31/2023,13,137.6585939,469
1/31/2023,14,165.7998003,345
1/31/2023,15,134.6838007,325
1/31/2023,16,139.3664919,269
1/31/2023,17,131.8909094,309
1/31/2023,18,126.983253,263
1/31/2023,19,103.1878197,298
1/31/2023,20,111.6549326,418
1/31/2023,21,163.6446668,346
1/31/2023,22,112.5189097,429
1/31/2023,23,124.0843147,268
2/1/2023,0,138.8445594,249
2/1/2023,1,137.6859782,316
2/1/2023,2,117.3233032,326
2/1/2023,3,169.174173,266
2/1/2023,4,133.4967806,184
2/1/2023,5,53.97725173,190
2/1/2023,6,80.67895539,172
2/1/2023,7,167.3229697,66
2/1/2023,8,121.4693884,38
2/1/2023,9,108.5611328,26
2/1/2023,10,106.772611,70
2/1/2023,11,116.4518107,127
2/1/2023,12,116.7591534,142
2/1/2023,13,123.6819441,511
2/1/2023,14,114.1105744,392
2/1/2023,15,117.1997677,358
2/1/2023,16,122.9782934,280
2/1/2023,17,149.3881924,261
2/1/2023,18,121.3145361,373
2/1/2023,19,136.2257243,258
2/1/2023,20,119.4616393,263
2/1/2023,21,125.421286,334
2/1/2023,22,150.2759098,322
2/1/2023,23,149.6452908,300
2/2/2023,0,147.0655628,270
2/2/2023,1,127.6570443,276
2/2/2023,2,131.1203392,330
2/2/2023,3,173.0739092,218
2/2/2023,4,162.1733663,118
2/2/2023,5,127.0996919,230
2/2/2023,6,87.93525915,181
2/2/2023,7,180.3905512,38
2/2/2023,8,173.5251326,44
2/2/2023,9,145.888171,26
2/2/2023,10,264.7563633,67
2/2/2023,11,60.54043525,109
2/2/2023,12,163.9985374,92
2/2/2023,13,102.0551938,412
2/2/2023,14,134.5550663,371
2/2/2023,15,165.6565474,260
2/2/2023,16,124.22522,268
2/2/2023,17,113.6952567,224
2/2/2023,18,105.772191,274
2/2/2023,19,125.3859228,301
2/2/2023,20,101.4395805,317
2/2/2023,21,141.6484016,302
2/2/2023,22,115.410458,359
2/2/2023,23,161.7806777,251
2/3/2023,0,143.8382309,231
2/3/2023,1,126.4670908,250
2/3/2023,2,146.4331677,202
2/3/2023,3,135.9323441,130
2/3/2023,4,154.7208316,89
2/3/2023,5,105.4972555,92
2/3/2023,6,94.4526791,191
2/3/2023,7,113.7360451,31
2/3/2023,8,88.96894218,40
2/3/2023,9,93.93014846,32
2/3/2023,10,73.08916122,39
2/3/2023,11,86.02746274,117
2/3/2023,12,166.8531704,101
2/3/2023,13,115.277628,457
2/3/2023,14,127.1780457,301
2/3/2023,15,135.1547712,311
2/3/2023,16,138.0429607,386
2/3/2023,17,122.1910478,302
2/3/2023,18,127.7800943,313
2/3/2023,19,139.9795776,283
2/3/2023,20,133.9703047,291
2/3/2023,21,154.5857126,284
2/3/2023,22,149.853834,249
2/3/2023,23,188.6197327,186
2/4/2023,0,149.1850581,232
2/4/2023,1,166.7113076,184
2/4/2023,2,114.0042035,284
2/4/2023,3,140.6883078,213
2/4/2023,4,124.2372648,216
2/4/2023,5,114.7888254,119
2/4/2023,6,108.4852547,181
2/4/2023,7,98.25262164,31
2/4/2023,8,156.5434444,29
2/4/2023,9,143.8995302,10
2/4/2023,10,56.18690352,114
2/4/2023,11,71.40787787,200
2/4/2023,12,123.6695286,81
2/4/2023,13,119.04075,95
2/4/2023,14,120.9438052,230
2/4/2023,15,158.9340097,194
2/4/2023,16,123.1750721,264
2/4/2023,17,145.8257244,230
2/4/2023,18,112.3683241,288
2/4/2023,19,121.6164964,320
2/4/2023,20,142.6409287,250
2/4/2023,21,144.8221642,244
2/4/2023,22,140.2572085,251
2/4/2023,23,144.5803201,240
2/5/2023,0,159.3385883,199
2/5/2023,1,175.9874168,245
2/5/2023,2,139.5782815,227
2/5/2023,3,153.0842011,220
2/5/2023,4,128.2547327,126
2/5/2023,5,96.2584568,199
2/5/2023,6,87.13899484,191
2/5/2023,7,71.52386395,48
2/5/2023,8,127.5430624,68
2/5/2023,9,131.954924,23
2/5/2023,10,56.74749302,24
2/5/2023,11,55.45291409,56
2/5/2023,12,159.538916,64
2/5/2023,13,209.0878856,145
2/5/2023,14,134.3737089,237
2/5/2023,15,144.0143749,161
2/5/2023,16,123.7560485,145
2/5/2023,17,158.3623067,240
2/5/2023,18,126.1748492,313
2/5/2023,19,180.9527585,207
2/5/2023,20,198.9037115,215
2/5/2023,21,179.8311123,210
2/5/2023,22,138.2009121,258
2/5/2023,23,116.4632548,245
2/6/2023,0,125.4739982,191
2/6/2023,1,114.4133139,254
2/6/2023,2,150.3584714,249
2/6/2023,3,140.2791916,246
2/6/2023,4,146.4062542,150
2/6/2023,5,94.59748318,160
2/6/2023,6,97.10994101,144
2/6/2023,7,147.4811349,50
2/6/2023,8,193.9541595,42
2/6/2023,9,68.54226206,47
2/6/2023,10,170.7631247,42
2/6/2023,11,115.1570607,116
2/6/2023,12,138.4238767,136
2/6/2023,13,124.0608035,388
2/6/2023,14,150.6302187,378
2/6/2023,15,163.359255,334
2/6/2023,16,149.0837275,338
2/6/2023,17,125.186138,359
2/6/2023,18,138.0201392,367
2/6/2023,19,124.8884338,288
2/6/2023,20,122.5456057,351
2/6/2023,21,133.7360952,201
2/6/2023,22,141.1491511,305
2/6/2023,23,130.4519368,284
2/7/2023,0,132.6574929,326
2/7/2023,1,124.7086986,337
2/7/2023,2,123.7996851,257
2/7/2023,3,177.5718175,224
2/7/2023,4,171.5612261,125
2/7/2023,5,79.55443823,126
2/7/2023,6,98.49725701,150
2/7/2023,7,89.88062236,48
2/7/2023,8,81.32366275,38
2/7/2023,9,97.55169917,33
2/7/2023,10,108.5957021,80
2/7/2023,11,117.6040275,106
2/7/2023,12,130.1695471,135
2/7/2023,13,124.8782534,377
2/7/2023,14,160.7631756,290
2/7/2023,15,131.1389942,333
2/7/2023,16,110.8230402,220
2/7/2023,17,150.0698023,174
2/7/2023,18,104.4319398,390
2/7/2023,19,116.283402,298
2/7/2023,20,174.9263424,355
2/7/2023,21,127.391086,267
2/7/2023,22,142.0304032,386
2/7/2023,23,121.4570032,350
2/8/2023,0,159.5127275,271
2/8/2023,1,124.1335546,284
2/8/2023,2,213.6222842,253
2/8/2023,3,136.1538889,222
2/8/2023,4,145.0608263,161
2/8/2023,5,145.0554902,81
2/8/2023,6,106.6570938,181
2/8/2023,7,96.46076963,44
2/8/2023,8,192.1826327,37
2/8/2023,9,123.3054241,39
2/8/2023,10,328.4188118,52
2/8/2023,11,172.4872833,101
2/8/2023,12,168.6361207,189
2/8/2023,13,172.0004786,266
2/8/2023,14,147.0388592,276
2/8/2023,15,170.7774367,358
2/8/2023,16,146.706674,375
2/8/2023,17,150.3251256,371
2/8/2023,18,147.269515,442
2/8/2023,19,152.9431281,409
2/8/2023,20,158.1674062,342
2/8/2023,21,158.7768228,274
2/8/2023,22,169.1875698,356
2/8/2023,23,165.7077148,275
2/9/2023,0,190.2586509,314
2/9/2023,1,220.7699724,254
2/9/2023,2,139.9674921,286
2/9/2023,3,212.066226,202
2/9/2023,4,203.3296106,117
2/9/2023,5,132.6992531,131
2/9/2023,6,119.3271196,159
2/9/2023,7,291.7351255,40
2/9/2023,8,259.5760944,54
2/9/2023,9,304.013321,35
2/9/2023,10,209.0349478,53
2/9/2023,11,136.7891414,129
2/9/2023,12,202.0463748,147
2/9/2023,13,153.3268519,265
2/9/2023,14,150.549512,427
2/9/2023,15,138.6447375,393
2/9/2023,16,139.6716456,329
2/9/2023,17,147.3694276,376
2/9/2023,18,152.0378681,333
2/9/2023,19,128.5639494,333
2/9/2023,20,139.4896955,310
2/9/2023,21,135.1331792,371
2/9/2023,22,151.7825073,342
2/9/2023,23,164.6025462,315
2/10/2023,0,142.7076314,380
2/10/2023,1,154.9108968,311
2/10/2023,2,185.2820481,258
2/10/2023,3,135.0945395,231
2/10/2023,4,169.1138545,158
2/10/2023,5,139.6925111,160
2/10/2023,6,126.2767803,210
2/10/2023,7,261.228648,44
2/10/2023,8,225.7970071,65
2/10/2023,9,240.252341,53
2/10/2023,10,239.8786139,42
2/10/2023,11,155.030994,165
2/10/2023,12,143.3329949,167
2/10/2023,13,184.0039852,240
2/10/2023,14,167.3644142,333
2/10/2023,15,133.5024101,448
2/10/2023,16,146.5927113,295
2/10/2023,17,150.4387695,297
2/10/2023,18,143.7152178,322
2/10/2023,19,146.1549198,308
2/10/2023,20,172.0194849,305
2/10/2023,21,140.4025986,360
2/10/2023,22,175.0767941,369
2/10/2023,23,213.6759602,261
2/11/2023,0,171.3679816,242
2/11/2023,1,164.7653284,305
2/11/2023,2,195.0795028,220
2/11/2023,3,171.935971,250
2/11/2023,4,168.3060669,190
2/11/2023,5,130.8750648,198
2/11/2023,6,111.9876286,131
2/11/2023,7,224.187089,64
2/11/2023,8,261.5489668,80
2/11/2023,9,419.4736127,54
2/11/2023,10,194.2650482,79
2/11/2023,11,166.7084656,98
2/11/2023,12,196.8361208,114
2/11/2023,13,182.7245526,153
2/11/2023,14,173.1230801,268
2/11/2023,15,155.4305335,271
2/11/2023,16,171.2336596,290
2/11/2023,17,148.3613866,373
2/11/2023,18,143.5437377,283
2/11/2023,19,128.2239786,273
2/11/2023,20,182.1442092,243
2/11/2023,21,183.1834403,301
2/11/2023,22,167.7244067,245
2/11/2023,23,172.3543187,222
2/12/2023,0,186.1908408,175
2/12/2023,1,154.7164659,229
2/12/2023,2,161.2475393,246
2/12/2023,3,153.3394077,201
2/12/2023,4,150.1498444,186
2/12/2023,5,162.1225893,157
2/12/2023,6,71.82559009,226
2/12/2023,7,205.8811113,56
2/12/2023,8,202.4046853,53
2/12/2023,9,237.888381,57
2/12/2023,10,292.4857272,32
2/12/2023,11,156.4536044,104
2/12/2023,12,147.5044767,92
2/12/2023,13,171.9305136,196
2/12/2023,14,146.4921934,222
2/12/2023,15,137.3633402,275
2/12/2023,16,121.3352197,329
2/12/2023,17,146.6570256,334
2/12/2023,18,139.9869831,245
2/12/2023,19,188.6345592,226
2/12/2023,20,169.0731878,319
2/12/2023,21,148.4627627,260
2/12/2023,22,172.0185842,294
2/12/2023,23,154.4876344,283
2/13/2023,0,193.4686689,228
2/13/2023,1,176.8191272,258
2/13/2023,2,170.8207989,250
2/13/2023,3,162.5467404,218
2/13/2023,4,167.5391936,138
2/13/2023,5,118.5451308,175
2/13/2023,6,97.64963579,177
2/13/2023,7,291.8853556,86
2/13/2023,8,206.3351047,60
2/13/2023,9,208.9331678,54
2/13/2023,10,214.8226926,54
2/13/2023,11,143.8726711,122
2/13/2023,12,197.6789919,124
2/13/2023,13,151.6286296,230
2/13/2023,14,128.8418637,373
2/13/2023,15,150.5526328,393
2/13/2023,16,127.9330766,359
2/13/2023,17,172.0036067,356
2/13/2023,18,119.7527353,339
2/13/2023,19,164.2070547,316
2/13/2023,20,150.4136073,308
2/13/2023,21,143.0125478,342
2/13/2023,22,184.0386279,297
2/13/2023,23,182.4358213,280
2/14/2023,0,187.2050492,251
2/14/2023,1,143.0558335,241
2/14/2023,2,148.531832,261
2/14/2023,3,174.4554741,245
2/14/2023,4,141.3864967,190
2/14/2023,5,111.9758682,148
2/14/2023,6,85.91124732,236
2/14/2023,7,238.7580926,44
2/14/2023,8,204.3709608,59
2/14/2023,9,266.2611858,65
2/14/2023,10,186.6018299,79
2/14/2023,11,130.4268681,137
2/14/2023,12,143.2203579,199
2/14/2023,13,153.298645,288
2/14/2023,14,146.8314469,368
2/14/2023,15,136.2361467,324
2/14/2023,16,137.940601,262
2/14/2023,17,147.7448401,360
2/14/2023,18,119.2777056,341
2/14/2023,19,155.4927522,292
2/14/2023,20,148.7083003,342
2/14/2023,21,133.4822031,310
2/14/2023,22,151.2013407,374
2/14/2023,23,161.4656947,291
2/15/2023,0,182.0994934,293
2/15/2023,1,164.2657476,251
2/15/2023,2,133.535246,420
2/15/2023,3,164.1138381,221
2/15/2023,4,174.3731643,188
2/15/2023,5,237.4044181,119
2/15/2023,6,97.3129306,222
2/15/2023,7,241.0675512,67
2/15/2023,8,223.372621,61
2/15/2023,9,208.6213622,63
2/15/2023,10,209.8979916,64
2/15/2023,11,172.789688,158
2/15/2023,12,154.7085582,167
2/15/2023,13,157.4792828,281
2/15/2023,14,131.2725801,316
2/15/2023,15,129.5577658,422
2/15/2023,16,118.7627505,391
2/15/2023,17,125.5890679,428
2/15/2023,18,155.1908423,344
2/15/2023,19,167.8475778,346
2/15/2023,20,141.6577946,441
2/15/2023,21,152.5743664,371
2/15/2023,22,178.2207205,326
2/15/2023,23,126.181764,387
2/16/2023,0,125.4366723,390
2/16/2023,1,114.8542879,368
2/16/2023,2,162.1078873,328
2/16/2023,3,137.9607462,218
2/16/2023,4,174.5782423,121
2/16/2023,5,107.6339596,186
2/16/2023,6,87.52308851,185
2/16/2023,7,182.6303858,58
2/16/2023,8,236.6772605,75
2/16/2023,9,248.6950055,56
2/16/2023,10,226.4142591,79
2/16/2023,11,122.9728797,123
2/16/2023,12,166.0170524,151
2/16/2023,13,162.5118343,278
2/16/2023,14,135.3956411,360
2/16/2023,15,132.3321612,327
2/16/2023,16,162.6968595,354
2/16/2023,17,140.5898339,341
2/16/2023,18,148.3799193,356
2/16/2023,19,135.6123864,369
2/16/2023,20,178.8540332,317
2/16/2023,21,123.2438098,357
2/16/2023,22,154.0626444,384
2/16/2023,23,166.3296913,359
2/17/2023,0,162.8145476,302
2/17/2023,1,118.8606633,295
2/17/2023,2,149.9828936,269
2/17/2023,3,137.3082137,197
2/17/2023,4,154.2638221,216
2/17/2023,5,105.9878161,240
2/17/2023,6,116.6653307,199
2/17/2023,7,265.8743698,56
2/17/2023,8,217.5775346,70
2/17/2023,9,193.8023395,60
2/17/2023,10,201.1104695,68
2/17/2023,11,136.184827,160
2/17/2023,12,158.0631642,169
2/17/2023,13,122.5015699,330
2/17/2023,14,173.2768835,407
2/17/2023,15,136.4433087,342
2/17/2023,16,138.5872889,391
2/17/2023,17,138.7540631,311
2/17/2023,18,157.7282261,419
2/17/2023,19,178.5958911,302
2/17/2023,20,166.0770573,301
2/17/2023,21,159.4975874,357
2/17/2023,22,160.4079744,353
2/17/2023,23,178.7839725,291
2/18/2023,0,182.9643362,232
2/18/2023,1,180.747227,302
2/18/2023,2,156.8813631,292
2/18/2023,3,176.679195,191
2/18/2023,4,167.6309319,191
2/18/2023,5,124.7553913,169
2/18/2023,6,68.17535139,299
2/18/2023,7,181.4063044,63
2/18/2023,8,243.7131522,54
2/18/2023,9,205.6537603,43
2/18/2023,10,205.0055568,59
2/18/2023,11,184.2776846,79
2/18/2023,12,206.3543022,79
2/18/2023,13,185.709844,158
2/18/2023,14,171.9397819,212
2/18/2023,15,180.0443447,157
2/18/2023,16,192.8907786,227
2/18/2023,17,165.0181561,334
2/18/2023,18,158.3736395,315
2/18/2023,19,156.4913974,284
2/18/2023,20,176.5296276,270
2/18/2023,21,135.7888402,349
2/18/2023,22,140.9344701,299
2/18/2023,23,173.7581701,212
2/19/2023,0,167.6161778,204
2/19/2023,1,144.1360157,243
2/19/2023,2,140.076985,263
2/19/2023,3,133.2719509,228
2/19/2023,4,175.9360404,177
2/19/2023,5,160.3392424,183
2/19/2023,6,89.07985285,244
2/19/2023,7,181.2704886,88
2/19/2023,8,204.8489045,57
2/19/2023,9,212.8285702,46
2/19/2023,10,189.1088964,52
2/19/2023,11,143.6531252,88
2/19/2023,12,169.7172528,98
2/19/2023,13,179.2579616,148
2/19/2023,14,155.6338785,185
2/19/2023,15,184.0288479,198
2/19/2023,16,145.7312673,175
2/19/2023,17,198.5842304,275
2/19/2023,18,156.0523825,229
2/19/2023,19,178.6398265,190
2/19/2023,20,156.7253198,219
2/19/2023,21,181.7741204,177
2/19/2023,22,131.1319035,260
2/19/2023,23,171.7591344,235
2/20/2023,0,187.9870637,200
2/20/2023,1,165.9783504,241
2/20/2023,2,148.8379275,269
2/20/2023,3,163.3957014,195
2/20/2023,4,194.586517,137
2/20/2023,5,108.0858373,185
2/20/2023,6,81.40460176,217
2/20/2023,7,161.6347437,124
2/20/2023,8,218.3215064,46
2/20/2023,9,234.8919843,57
2/20/2023,10,227.3438905,52
2/20/2023,11,166.8353771,129
2/20/2023,12,154.9487927,126
2/20/2023,13,156.6111234,218
2/20/2023,14,122.9548045,300
2/20/2023,15,157.8866141,309
2/20/2023,16,161.8821077,320
2/20/2023,17,178.3630565,339
2/20/2023,18,122.1497304,471
2/20/2023,19,142.5992848,286
2/20/2023,20,160.1960395,303
2/20/2023,21,144.3268515,295
2/20/2023,22,182.3958715,296
2/20/2023,23,162.1518878,310
2/21/2023,0,169.8036817,243
2/21/2023,1,186.1542026,292
2/21/2023,2,132.9276149,354
2/21/2023,3,202.688559,189
2/21/2023,4,182.4669721,169
2/21/2023,5,119.4777243,187
2/21/2023,6,114.011921,166
2/21/2023,7,197.2239369,52
2/21/2023,8,234.657719,51
2/21/2023,9,233.9712075,51
2/21/2023,10,190.2182322,67
2/21/2023,11,123.7501759,148
2/21/2023,12,206.4261895,140
2/21/2023,13,130.7863841,327
2/21/2023,14,141.8660268,395
2/21/2023,15,142.9020135,387
2/21/2023,16,136.183955,358
2/21/2023,17,134.0722901,320
2/21/2023,18,140.7072772,436
2/21/2023,19,152.849668,342
2/21/2023,20,159.683376,433
2/21/2023,21,148.8190087,283
2/21/2023,22,155.6644848,376
2/21/2023,23,161.7346688,282
2/22/2023,0,133.5989674,379
2/22/2023,1,154.1124884,327
2/22/2023,2,128.3016636,368
2/22/2023,3,99.90906291,323
2/22/2023,4,134.4241305,193
2/22/2023,5,148.9808734,118
2/22/2023,6,94.16627643,242
2/22/2023,7,131.4883349,88
2/22/2023,8,191.6483298,58
2/22/2023,9,204.3376399,55
2/22/2023,10,194.7610957,72
2/22/2023,11,190.1640318,125
2/22/2023,12,164.4677627,138
2/22/2023,13,161.3557842,232
2/22/2023,14,121.8546263,321
2/22/2023,15,147.7468717,316
2/22/2023,16,161.0460632,282
2/22/2023,17,134.3799083,306
2/22/2023,18,135.2314874,357
2/22/2023,19,125.4353809,302
2/22/2023,20,139.8207521,310
2/22/2023,21,158.3442584,273
2/22/2023,22,155.0667506,337
2/22/2023,23,154.1047865,244
2/23/2023,0,135.6629174,261
2/23/2023,1,173.3793234,295
2/23/2023,2,159.2663521,266
2/23/2023,3,134.8621739,236
2/23/2023,4,208.422991,107
2/23/2023,5,123.3461253,120
2/23/2023,6,86.78661553,211
2/23/2023,7,199.6160037,49
2/23/2023,8,315.9275617,28
2/23/2023,9,222.7894969,56
2/23/2023,10,180.6993096,86
2/23/2023,11,142.5244529,160
2/23/2023,12,165.9060122,141
2/23/2023,13,185.0685115,243
2/23/2023,14,147.2367324,303
2/23/2023,15,160.6759501,314
2/23/2023,16,143.8834279,340
2/23/2023,17,203.8612985,318
2/23/2023,18,135.9098603,376
2/23/2023,19,162.2722401,436
2/23/2023,20,154.9056539,247
2/23/2023,21,161.6525835,303
2/23/2023,22,124.8026777,318
2/23/2023,23,153.6606954,250
2/24/2023,0,158.9949249,327
2/24/2023,1,143.2233675,456
2/24/2023,2,151.7782901,315
2/24/2023,3,132.8535725,241
2/24/2023,4,134.0260947,136
2/24/2023,5,114.7031162,118
2/24/2023,6,105.4634504,223
2/24/2023,7,220.4635318,92
2/24/2023,8,179.8011624,81
2/24/2023,9,141.9119587,67
2/24/2023,10,123.6531083,118
2/24/2023,11,106.6916338,148
2/24/2023,12,178.7335544,146
2/24/2023,13,149.9740761,247
2/24/2023,14,165.7992017,414
2/24/2023,15,153.4533768,448
2/24/2023,16,154.4237418,429
2/24/2023,17,148.8362337,290
2/24/2023,18,151.3679938,369
2/24/2023,19,168.0660857,299
2/24/2023,20,178.7515457,415
2/24/2023,21,118.5562738,343
2/24/2023,22,127.717713,360
2/24/2023,23,148.0465619,340
2/25/2023,0,153.109746,310
2/25/2023,1,150.9150988,295
2/25/2023,2,126.8284656,330
2/25/2023,3,156.3845116,245
2/25/2023,4,208.7889303,116
2/25/2023,5,172.9209405,192
2/25/2023,6,110.1042285,226
2/25/2023,7,146.4613667,73
2/25/2023,8,225.3334189,40
2/25/2023,9,226.9828641,42
2/25/2023,10,178.9987709,66
2/25/2023,11,170.1235827,75
2/25/2023,12,161.0329721,121
2/25/2023,13,147.1096846,189
2/25/2023,14,148.5861142,229
2/25/2023,15,132.6381297,297
2/25/2023,16,117.896585,296
2/25/2023,17,147.2291066,261
2/25/2023,18,154.6142747,258
2/25/2023,19,155.4495891,267
2/25/2023,20,156.422118,233
2/25/2023,21,158.6600191,249
2/25/2023,22,143.6755075,292
2/25/2023,23,136.7586373,242
2/26/2023,0,190.0359656,218
2/26/2023,1,130.0413308,299
2/26/2023,2,119.8606198,312
2/26/2023,3,160.1141898,221
2/26/2023,4,158.2523963,155
2/26/2023,5,157.2690916,218
2/26/2023,6,108.4583476,221
2/26/2023,7,150.7331817,85
2/26/2023,8,223.9008327,62
2/26/2023,9,209.0605491,47
2/26/2023,10,195.1362777,56
2/26/2023,11,189.8314799,61
2/26/2023,12,210.5101474,62
2/26/2023,13,185.2138304,148
2/26/2023,14,146.7201046,198
2/26/2023,15,151.9206706,206
2/26/2023,16,152.7682517,250
2/26/2023,17,194.9802342,196
2/26/2023,18,151.0865622,303
2/26/2023,19,190.9973689,255
2/26/2023,20,156.5953088,227
2/26/2023,21,178.6630563,223
2/26/2023,22,169.1936984,259
2/26/2023,23,146.0350079,273
2/27/2023,0,164.8956374,257
2/27/2023,1,198.0376944,251
2/27/2023,2,131.1792817,259
2/27/2023,3,171.8245103,164
2/27/2023,4,158.3222039,168
2/27/2023,5,164.419086,114
2/27/2023,6,117.6139215,314
2/27/2023,7,209.1241488,64
2/27/2023,8,212.7954706,55
2/27/2023,9,256.5284154,48
2/27/2023,10,187.3350885,71
2/27/2023,11,168.7825056,82
2/27/2023,12,146.8560575,150
2/27/2023,13,180.7625468,276
2/27/2023,14,145.3785091,489
2/27/2023,15,137.0313391,348
2/27/2023,16,161.8536884,371
2/27/2023,17,156.5294929,318
2/27/2023,18,166.5136611,429
2/27/2023,19,141.9509013,340
2/27/2023,20,178.5362459,356
2/27/2023,21,183.2474801,322
2/27/2023,22,151.7597149,397
2/27/2023,23,124.7070708,284
2/28/2023,0,129.5515575,356
2/28/2023,1,137.1686904,384
2/28/2023,2,123.091136,376
2/28/2023,3,147.1621161,325
2/28/2023,4,185.050697,157
2/28/2023,5,124.7388939,129
2/28/2023,6,131.8981313,271
2/28/2023,7,238.0206939,41
2/28/2023,8,205.2316811,49
2/28/2023,9,280.2848949,32
2/28/2023,10,206.7128712,52
2/28/2023,11,183.7076487,81
2/28/2023,12,150.264779,189
2/28/2023,13,159.1307457,260
2/28/2023,14,156.9148943,413
2/28/2023,15,131.4525264,336
2/28/2023,16,138.3003724,260
2/28/2023,17,163.4476184,249
2/28/2023,18,130.0987859,331
2/28/2023,19,147.5182652,303
2/28/2023,20,141.6510716,419
2/28/2023,21,160.7951529,286
2/28/2023,22,166.6173224,289
2/28/2023,23,159.8452563,379
3/1/2023,0,133.8395283,267
3/1/2023,1,160.309022,314
3/1/2023,2,160.9172051,277
3/1/2023,3,174.5402136,250
3/1/2023,4,169.4758158,138
3/1/2023,5,166.8652991,173
3/1/2023,6,99.93537112,204
3/1/2023,7,267.4474784,33
3/1/2023,8,225.2952494,61
3/1/2023,9,223.9200863,30
3/1/2023,10,235.8394728,49
3/1/2023,11,201.5910248,77
3/1/2023,12,185.0355361,145
3/1/2023,13,188.6603585,278
3/1/2023,14,153.2768282,353
3/1/2023,15,163.0683696,351
3/1/2023,16,153.6852804,283
3/1/2023,17,160.4751862,278
3/1/2023,18,155.3316421,439
3/1/2023,19,185.8034164,315
3/1/2023,20,167.7638846,325
3/1/2023,21,170.8300277,289
3/1/2023,22,160.1136445,373
3/1/2023,23,126.6882867,254
3/2/2023,0,143.3971561,328
3/2/2023,1,163.6633061,312
3/2/2023,2,162.2711636,316
3/2/2023,3,194.1054633,229
3/2/2023,4,168.923774,152
3/2/2023,5,139.1597648,200
3/2/2023,6,118.6192569,175
3/2/2023,7,229.7335339,76
3/2/2023,8,170.1092787,59
3/2/2023,9,240.4821831,45
3/2/2023,10,220.5911722,51
3/2/2023,11,190.0744988,96
3/2/2023,12,160.7189693,154
3/2/2023,13,152.0943145,237
3/2/2023,14,156.3387935,282
3/2/2023,15,151.5555199,328
3/2/2023,16,172.4567758,271
3/2/2023,17,163.8672303,280
3/2/2023,18,156.9262401,340
3/2/2023,19,147.0024262,315
3/2/2023,20,82.67158626,464
3/2/2023,21,160.2315174,281
3/2/2023,22,131.3443345,280
3/2/2023,23,169.6543069,300
3/3/2023,0,150.0961034,291
3/3/2023,1,145.9259777,338
3/3/2023,2,146.0015121,331
3/3/2023,3,192.8688305,306
3/3/2023,4,152.5510164,176
3/3/2023,5,126.3509475,128
3/3/2023,6,118.6214573,229
3/3/2023,7,262.8504783,88
3/3/2023,8,207.487863,55
3/3/2023,9,202.3549006,51
3/3/2023,10,166.947388,66
3/3/2023,11,212.6471599,80
3/3/2023,12,141.6654295,202
3/3/2023,13,196.7132854,278
3/3/2023,14,168.9494544,254
3/3/2023,15,114.8575567,366
3/3/2023,16,149.7452725,373
3/3/2023,17,171.5368177,319
3/3/2023,18,145.4467308,370
3/3/2023,19,162.7987256,323
3/3/2023,20,182.2694159,245
3/3/2023,21,186.5119256,304
3/3/2023,22,161.1195698,337
3/3/2023,23,143.0703413,228
3/4/2023,0,126.4625721,272
3/4/2023,1,177.2029098,228
3/4/2023,2,140.1879665,273
3/4/2023,3,150.2223192,184
3/4/2023,4,181.8061189,163
3/4/2023,5,116.7310965,156
3/4/2023,6,93.57922789,269
3/4/2023,7,199.8032711,106
3/4/2023,8,305.1782789,31
3/4/2023,9,243.1044949,57
3/4/2023,10,188.682733,56
3/4/2023,11,275.126779,70
3/4/2023,12,161.8609564,125
3/4/2023,13,154.5145755,134
3/4/2023,14,167.3692052,201
3/4/2023,15,178.9463858,293
3/4/2023,16,176.2826431,238
3/4/2023,17,187.1452884,259
3/4/2023,18,173.0850304,304
3/4/2023,19,168.4936584,289
3/4/2023,20,217.000449,248
3/4/2023,21,171.0281997,253
3/4/2023,22,175.3612372,288
3/4/2023,23,159.0751952,241
3/5/2023,0,136.0276865,223
3/5/2023,1,148.9743075,265
3/5/2023,2,168.2001032,258
3/5/2023,3,175.3539573,273
3/5/2023,4,162.2509988,134
3/5/2023,5,159.1026074,165
3/5/2023,6,96.88779136,237
3/5/2023,7,228.2788566,35
3/5/2023,8,259.3051671,48
3/5/2023,9,188.6959162,63
3/5/2023,10,191.0529224,62
3/5/2023,11,242.2338504,47
3/5/2023,12,206.5086591,77
3/5/2023,13,144.9613835,163
3/5/2023,14,169.3028224,193
3/5/2023,15,166.6611374,192
3/5/2023,16,151.9220447,197
3/5/2023,17,191.4277022,299
3/5/2023,18,149.870909,294
3/5/2023,19,150.9965981,281
3/5/2023,20,168.9720113,233
3/5/2023,21,141.328801,270
3/5/2023,22,161.8561586,329
3/5/2023,23,159.6923287,256
3/6/2023,0,137.209344,339
3/6/2023,1,139.1883234,323
3/6/2023,2,167.2275795,268
3/6/2023,3,146.2761005,199
3/6/2023,4,191.1314084,153
3/6/2023,5,134.8089754,162
3/6/2023,6,98.95524392,217
3/6/2023,7,218.6378345,65
3/6/2023,8,220.3246956,56
3/6/2023,9,218.960134,51
3/6/2023,10,218.555105,69
3/6/2023,11,171.0124795,104
3/6/2023,12,166.3218238,184
3/6/2023,13,149.6999678,289
3/6/2023,14,183.7805354,246
3/6/2023,15,153.536283,344
3/6/2023,16,163.456094,379
3/6/2023,17,151.69433,294
3/6/2023,18,172.3307033,404
3/6/2023,19,162.5465041,410
3/6/2023,20,156.1372541,316
3/6/2023,21,125.3274796,338
3/6/2023,22,142.8147074,366
3/6/2023,23,146.3184233,322
3/7/2023,0,151.2853657,333
3/7/2023,1,116.8648863,345
3/7/2023,2,177.4832286,290
3/7/2023,3,158.4143189,243
3/7/2023,4,168.2870735,265
3/7/2023,5,162.5690714,160
3/7/2023,6,122.9700285,286
3/7/2023,7,300.7206466,47
3/7/2023,8,248.6760054,49
3/7/2023,9,237.1550028,57
3/7/2023,10,193.702275,81
3/7/2023,11,224.77849,85
3/7/2023,12,154.3807808,185
3/7/2023,13,146.558059,209
3/7/2023,14,140.0143389,281
3/7/2023,15,117.2212186,329
3/7/2023,16,120.2275801,290
3/7/2023,17,111.6766976,293
3/7/2023,18,141.7131988,336
3/7/2023,19,139.9657998,276
3/7/2023,20,175.0377902,256
3/7/2023,21,147.575693,347
3/7/2023,22,132.9686105,416
3/7/2023,23,147.189379,357
3/8/2023,0,120.2548692,346
3/8/2023,1,140.135903,402
3/8/2023,2,128.0341356,521
3/8/2023,3,132.4761764,379
3/8/2023,4,131.6618548,376
3/8/2023,5,129.9655914,402
3/8/2023,6,106.9194634,330
3/8/2023,7,115.9331182,112
3/8/2023,8,122.6772647,183
3/8/2023,9,126.5778965,121
3/8/2023,10,117.5132997,208
3/8/2023,11,106.0073051,213
3/8/2023,12,131.2246104,306
3/8/2023,13,124.0343545,594
3/8/2023,14,107.3639038,604
3/8/2023,15,111.3076285,517
3/8/2023,16,110.9133421,495
3/8/2023,17,118.9386169,479
3/8/2023,18,112.6293213,436
3/8/2023,19,114.9190727,364
3/8/2023,20,127.9225393,510
3/8/2023,21,122.9327149,390
3/8/2023,22,113.4724131,375
3/8/2023,23,137.3424153,411
3/9/2023,0,112.8519819,475
3/9/2023,1,155.1055697,436
3/9/2023,2,131.8857628,574
3/9/2023,3,161.5287648,299
3/9/2023,4,99.78717608,257
3/9/2023,5,137.4637865,345
3/9/2023,6,93.78722211,330
3/9/2023,7,124.6401884,124
3/9/2023,8,95.84377489,194
3/9/2023,9,143.0277665,118
3/9/2023,10,106.5864788,162
3/9/2023,11,106.5676018,219
3/9/2023,12,136.5552533,308
3/9/2023,13,112.1398163,557
3/9/2023,14,113.5411433,579
3/9/2023,15,102.2579114,408
3/9/2023,16,122.3867414,508
3/9/2023,17,141.3785121,572
3/9/2023,18,120.5957969,525
3/9/2023,19,130.0065593,371
3/9/2023,20,108.1987026,607
3/9/2023,21,163.0811526,315
3/9/2023,22,131.8861226,387
3/9/2023,23,109.6434817,479
3/10/2023,0,117.0633584,478
3/10/2023,1,151.1540301,224
3/10/2023,2,125.1164147,469
3/10/2023,3,182.5558246,282
3/10/2023,4,118.3100758,277
3/10/2023,5,166.8008091,301
3/10/2023,6,93.2822628,328
3/10/2023,7,201.3112955,99
3/10/2023,8,110.0362579,178
3/10/2023,9,128.7473108,135
3/10/2023,10,106.3349287,195
3/10/2023,11,123.4408049,221
3/10/2023,12,140.0509621,258
3/10/2023,13,113.5759854,534
3/10/2023,14,127.7469168,707
3/10/2023,15,141.697673,421
3/10/2023,16,122.0176977,495
3/10/2023,17,105.7401377,485
3/10/2023,18,120.798533,494
3/10/2023,19,132.561579,346
3/10/2023,20,116.6203722,490
3/10/2023,21,117.7482575,476
3/10/2023,22,99.18794708,589
3/10/2023,23,141.0527732,493
3/11/2023,0,152.8657217,433
3/11/2023,1,117.9112129,353
3/11/2023,2,171.0693595,465
3/11/2023,3,134.1192526,363
3/11/2023,4,145.9934457,282
3/11/2023,5,121.0251838,239
3/11/2023,6,123.9317136,226
3/11/2023,7,102.2430461,169
3/11/2023,8,116.6472469,134
3/11/2023,9,123.2930943,121
3/11/2023,10,133.2574076,120
3/11/2023,11,102.392078,185
3/11/2023,12,133.2895023,152
3/11/2023,13,121.9133266,292
3/11/2023,14,128.0407952,389
3/11/2023,15,131.2376341,356
3/11/2023,16,140.6158162,377
3/11/2023,17,129.3857364,357
3/11/2023,18,137.0910078,293
3/11/2023,19,108.4409667,423
3/11/2023,20,123.6585169,475
3/11/2023,21,130.2591343,306
3/11/2023,22,106.065232,383
3/11/2023,23,151.5662396,333
3/12/2023,0,116.0572665,402
3/12/2023,1,113.3572666,254
3/12/2023,2,152.2740407,333
3/12/2023,3,164.6154949,277
3/12/2023,4,159.450371,254
3/12/2023,5,118.3321701,276
3/12/2023,6,96.42931569,299
3/12/2023,7,111.4016613,165
3/12/2023,8,106.9175203,162
3/12/2023,9,113.5382711,110
3/12/2023,10,90.59009363,220
3/12/2023,11,155.18589,112
3/12/2023,12,119.2494352,259
3/12/2023,13,109.0376095,366
3/12/2023,14,122.496397,287
3/12/2023,15,155.6515187,266
3/12/2023,16,127.2126506,451
3/12/2023,17,140.3920843,332
3/12/2023,18,116.9475465,294
3/12/2023,19,149.3872831,367
3/12/2023,20,147.2233998,348
3/12/2023,21,140.1363074,431
3/12/2023,22,117.1918176,444
3/12/2023,23,134.3575654,265
3/13/2023,0,112.2211314,386
3/13/2023,1,134.6038829,342
3/13/2023,2,171.7550563,359
3/13/2023,3,144.648904,271
3/13/2023,4,103.5001207,292
3/13/2023,5,83.17375889,264
3/13/2023,6,118.9166032,112
3/13/2023,7,128.5099783,140
3/13/2023,8,103.5590379,96
3/13/2023,9,102.9471156,138
3/13/2023,10,119.7213449,205
3/13/2023,11,135.644028,183
3/13/2023,12,135.1869147,566
3/13/2023,13,114.8603576,560
3/13/2023,14,119.5346859,454
3/13/2023,15,127.3609135,453
3/13/2023,16,116.551043,578
3/13/2023,17,117.4896132,433
3/13/2023,18,117.4013306,400
3/13/2023,19,102.8071939,531
3/13/2023,20,124.4952082,470
3/13/2023,21,127.7366587,386
3/13/2023,22,136.1861994,595
3/13/2023,23,133.7944001,463
3/14/2023,0,108.7508574,409
3/14/2023,1,130.9866807,370
3/14/2023,2,125.3096399,326
3/14/2023,3,162.6729016,213
3/14/2023,4,147.3830245,351
3/14/2023,5,134.5836619,282
3/14/2023,6,127.5777777,136
3/14/2023,7,119.2736865,183
3/14/2023,8,103.7553715,156
3/14/2023,9,133.4921784,114
3/14/2023,10,97.74586329,308
3/14/2023,11,109.1121338,218
3/14/2023,12,128.9133863,500
3/14/2023,13,141.1888881,645
3/14/2023,14,117.6158263,557
3/14/2023,15,127.1658607,443
3/14/2023,16,135.4902058,622
3/14/2023,17,127.7923947,439
3/14/2023,18,101.2782861,586
3/14/2023,19,117.5868464,569
3/14/2023,20,154.0080058,419
3/14/2023,21,171.5572278,447
3/14/2023,22,137.2482967,505
3/14/2023,23,121.1928894,374
3/15/2023,0,112.7188178,399
3/15/2023,1,106.9006567,473
3/15/2023,2,102.7156029,389
3/15/2023,3,124.8524428,262
3/15/2023,4,94.67985481,247
3/15/2023,5,104.0893049,248
3/15/2023,6,117.5222903,101
3/15/2023,7,118.7073818,162
3/15/2023,8,115.1756903,144
3/15/2023,9,138.2091198,110
3/15/2023,10,130.1194749,242
3/15/2023,11,147.1419512,219
3/15/2023,12,105.4196926,518
3/15/2023,13,135.4103373,616
3/15/2023,14,89.19208657,478
3/15/2023,15,109.5479731,573
3/15/2023,16,109.1686107,506
3/15/2023,17,113.5145593,474
3/15/2023,18,120.1877841,517
3/15/2023,19,111.4732173,547
3/15/2023,20,128.7091522,419
3/15/2023,21,126.6895402,398
3/15/2023,22,123.0691908,416
3/15/2023,23,104.1700093,386
3/16/2023,0,105.4397521,528
3/16/2023,1,110.512028,499
3/16/2023,2,120.7633704,466
3/16/2023,3,157.875013,331
3/16/2023,4,98.41633799,292
3/16/2023,5,105.5790225,244
3/16/2023,6,147.5588316,115
3/16/2023,7,112.2388023,184
3/16/2023,8,112.2485702,138
3/16/2023,9,161.2433855,117
3/16/2023,10,106.4421844,295
3/16/2023,11,130.6037665,167
3/16/2023,12,118.7357663,551
3/16/2023,13,117.8585393,732
3/16/2023,14,134.6360074,530
3/16/2023,15,99.87075957,454
3/16/2023,16,106.7137051,484
3/16/2023,17,119.5106476,454
3/16/2023,18,105.6027649,541
3/16/2023,19,129.8183935,669
3/16/2023,20,143.3090754,431
3/16/2023,21,139.6284779,404
3/16/2023,22,111.9250964,397
3/16/2023,23,147.5091857,369
3/17/2023,0,194.1697261,469
3/17/2023,1,216.0643809,599
3/17/2023,2,237.486153,392
3/17/2023,3,98.84218005,393
3/17/2023,4,108.0770115,276
3/17/2023,5,131.5455255,327
3/17/2023,6,171.3171298,154
3/17/2023,7,105.0160219,264
3/17/2023,8,114.6328793,112
3/17/2023,9,107.0445093,184
3/17/2023,10,102.7822259,249
3/17/2023,11,101.5490313,286
3/17/2023,12,125.8152171,574
3/17/2023,13,126.3292474,735
3/17/2023,14,131.904817,523
3/17/2023,15,137.6169791,523
3/17/2023,16,115.7915802,596
3/17/2023,17,132.649408,406
3/17/2023,18,116.5148899,469
3/17/2023,19,92.83755439,549
3/17/2023,20,116.311224,496
3/17/2023,21,130.7161596,414
3/17/2023,22,145.4341537,435
3/17/2023,23,144.8093165,393
3/18/2023,0,91.67221717,447
3/18/2023,1,119.987341,390
3/18/2023,2,108.3490945,401
3/18/2023,3,142.6384678,244
3/18/2023,4,91.33373366,281
3/18/2023,5,122.3639132,199
3/18/2023,6,97.81650375,206
3/18/2023,7,116.9892338,159
3/18/2023,8,97.16664548,131
3/18/2023,9,136.7242783,129
3/18/2023,10,103.7739077,207
3/18/2023,11,104.5527754,136
3/18/2023,12,128.6328194,195
3/18/2023,13,110.200498,389
3/18/2023,14,137.6313233,278
3/18/2023,15,130.9640476,361
3/18/2023,16,127.1160526,380
3/18/2023,17,146.5032492,472
3/18/2023,18,118.9554306,395
3/18/2023,19,137.740284,371
3/18/2023,20,130.3831867,367
3/18/2023,21,141.4392806,326
3/18/2023,22,118.4029088,422
3/18/2023,23,119.8535086,287
3/19/2023,0,118.2901356,372
3/19/2023,1,123.4988867,401
3/19/2023,2,175.6128419,271
3/19/2023,3,128.7980427,246
3/19/2023,4,95.01203595,362
3/19/2023,5,112.8783814,278
3/19/2023,6,129.5377103,139
3/19/2023,7,116.9459257,182
3/19/2023,8,87.27891026,145
3/19/2023,9,184.7266864,79
3/19/2023,10,86.58027159,249
3/19/2023,11,139.0032966,116
3/19/2023,12,124.1786935,164
3/19/2023,13,128.1422095,338
3/19/2023,14,117.8484694,316
3/19/2023,15,138.5379163,323
3/19/2023,16,120.5087079,369
3/19/2023,17,122.237725,356
3/19/2023,18,105.557251,440
3/19/2023,19,119.1036134,365
3/19/2023,20,149.2729904,446
3/19/2023,21,156.7983409,431
3/19/2023,22,141.6747147,396
3/19/2023,23,130.3477096,313
3/20/2023,0,116.5699794,360
3/20/2023,1,125.9433931,411
3/20/2023,2,141.0492279,344
3/20/2023,3,145.8145493,236
3/20/2023,4,122.4359144,245
3/20/2023,5,122.4098505,232
3/20/2023,6,117.1493441,168
3/20/2023,7,106.8349654,194
3/20/2023,8,148.2982787,129
3/20/2023,9,161.9558341,166
3/20/2023,10,123.3406298,234
3/20/2023,11,130.7894092,278
3/20/2023,12,128.1541521,546
3/20/2023,13,119.9327224,674
3/20/2023,14,143.5180417,508
3/20/2023,15,156.0908836,550
3/20/2023,16,101.9017629,670
3/20/2023,17,115.0773048,483
3/20/2023,18,130.034917,460
3/20/2023,19,113.3729095,613
3/20/2023,20,111.5866966,394
3/20/2023,21,112.8189076,455
3/20/2023,22,117.2290026,514
3/20/2023,23,142.4933936,306
3/21/2023,0,114.3219651,354
3/21/2023,1,138.7509987,441
3/21/2023,2,137.1750258,336
3/21/2023,3,185.9534668,208
3/21/2023,4,113.4016113,219
3/21/2023,5,118.6046774,190
3/21/2023,6,97.70248289,126
3/21/2023,7,123.8866475,123
3/21/2023,8,136.530916,128
3/21/2023,9,154.577604,76
3/21/2023,10,131.0488703,140
3/21/2023,11,124.6653921,207
3/21/2023,12,146.0808363,386
3/21/2023,13,126.2906794,377
3/21/2023,14,140.4621848,397
3/21/2023,15,150.4999008,390
3/21/2023,16,153.140456,417
3/21/2023,17,121.6073731,428
3/21/2023,18,146.7308392,460
3/21/2023,19,119.4422329,358
3/21/2023,20,142.0707994,386
3/21/2023,21,184.9568132,336
3/21/2023,22,158.5674541,310
3/21/2023,23,159.2419233,300
3/22/2023,0,143.4867696,426
3/22/2023,1,164.7701515,272
3/22/2023,2,169.3655717,284
3/22/2023,3,139.4921163,252
3/22/2023,4,129.7086435,211
3/22/2023,5,125.8166506,233
3/22/2023,6,119.1101656,162
3/22/2023,7,142.3464144,88
3/22/2023,8,136.2377665,77
3/22/2023,9,134.3963135,89
3/22/2023,10,139.4574072,125
3/22/2023,11,159.5839792,157
3/22/2023,12,150.872518,377
3/22/2023,13,157.5381408,444
3/22/2023,14,144.1880648,468
3/22/2023,15,141.4980084,489
3/22/2023,16,112.4687255,454
3/22/2023,17,134.9870943,376
3/22/2023,18,171.4042483,368
3/22/2023,19,149.5037273,384
3/22/2023,20,183.3147849,288
3/22/2023,21,119.7623155,307
3/22/2023,22,159.0230879,314
3/22/2023,23,140.4953537,252
3/23/2023,0,120.6626501,352
3/23/2023,1,131.5222428,333
3/23/2023,2,132.7367241,279
3/23/2023,3,153.7317406,159
3/23/2023,4,121.2541458,225
3/23/2023,5,100.0912699,244
3/23/2023,6,147.1685792,80
3/23/2023,7,211.844247,68
3/23/2023,8,169.2716267,71
3/23/2023,9,130.9037989,111
3/23/2023,10,109.1613811,192
3/23/2023,11,156.9201211,135
3/23/2023,12,148.5845897,396
3/23/2023,13,122.6221072,375
3/23/2023,14,137.1127017,471
3/23/2023,15,135.9542874,401
3/23/2023,16,127.6076741,415
3/23/2023,17,130.5962532,348
3/23/2023,18,106.2917404,394
3/23/2023,19,121.0702266,366
3/23/2023,20,154.5960291,391
3/23/2023,21,134.9258015,264
3/23/2023,22,161.3012754,371
3/23/2023,23,126.1087144,355
3/24/2023,0,116.0664072,351
3/24/2023,1,157.9342374,353
3/24/2023,2,141.5256302,262
3/24/2023,3,130.7515496,240
3/24/2023,4,176.8152724,111
3/24/2023,5,91.31881065,278
3/24/2023,6,123.3801313,112
3/24/2023,7,133.7448308,86
3/24/2023,8,111.5924151,104
3/24/2023,9,146.321955,131
3/24/2023,10,122.1390629,194
3/24/2023,11,165.6550001,170
3/24/2023,12,141.2697098,337
3/24/2023,13,150.9452118,440
3/24/2023,14,152.590594,355
3/24/2023,15,139.5527445,410
3/24/2023,16,102.3660824,563
3/24/2023,17,119.8151294,374
3/24/2023,18,115.236763,407
3/24/2023,19,123.2574627,426
3/24/2023,20,137.3866061,405
3/24/2023,21,151.7063356,326
3/24/2023,22,106.9727927,380
3/24/2023,23,152.3804145,261
3/25/2023,0,126.7315197,287
3/25/2023,1,142.694672,335
3/25/2023,2,140.8270908,280
3/25/2023,3,145.3391447,201
3/25/2023,4,124.7297422,224
3/25/2023,5,158.6257754,209
3/25/2023,6,148.3571016,120
3/25/2023,7,133.2340582,116
3/25/2023,8,138.7783423,89
3/25/2023,9,152.4532038,93
3/25/2023,10,118.4329359,118
3/25/2023,11,159.4640545,91
3/25/2023,12,169.8970939,177
3/25/2023,13,148.5519794,315
3/25/2023,14,171.252879,304
3/25/2023,15,152.681911,350
3/25/2023,16,122.3298877,251
3/25/2023,17,167.7907801,292
3/25/2023,18,146.1342656,284
3/25/2023,19,166.6010264,270
3/25/2023,20,142.3519596,330
3/25/2023,21,126.5864715,340
3/25/2023,22,141.2459096,244
3/25/2023,23,125.0018327,281
3/26/2023,0,129.4341089,325
3/26/2023,1,163.3782962,267
3/26/2023,2,148.9184967,279
3/26/2023,3,148.4477744,243
3/26/2023,4,127.8453752,208
3/26/2023,5,126.4966679,279
3/26/2023,6,151.0963457,114
3/26/2023,7,113.6684332,131
3/26/2023,8,135.9341849,80
3/26/2023,9,124.1595045,95
3/26/2023,10,119.9615541,120
3/26/2023,11,197.2751299,73
3/26/2023,12,148.9210254,190
3/26/2023,13,171.507302,231
3/26/2023,14,163.8257744,175
3/26/2023,15,126.6721697,277
3/26/2023,16,154.6131265,308
3/26/2023,17,146.8634826,268
3/26/2023,18,125.042686,250
3/26/2023,19,130.5562531,245
3/26/2023,20,136.880359,307
3/26/2023,21,157.1328986,296
3/26/2023,22,121.8432331,322
3/26/2023,23,156.293608,253
3/27/2023,0,149.171763,348
3/27/2023,1,151.9964695,297
3/27/2023,2,145.2183133,273
3/27/2023,3,144.1570938,254
3/27/2023,4,110.2741767,148
3/27/2023,5,111.283871,244
3/27/2023,6,162.1805442,110
3/27/2023,7,221.8466374,79
3/27/2023,8,112.6625401,100
3/27/2023,9,226.2256319,51
3/27/2023,10,151.4910805,118
3/27/2023,11,180.746289,132
3/27/2023,12,141.4170642,409
3/27/2023,13,150.5581292,588
3/27/2023,14,170.0054112,358
3/27/2023,15,147.8785955,341
3/27/2023,16,159.0337432,323
3/27/2023,17,145.8928455,324
3/27/2023,18,170.1630704,357
3/27/2023,19,143.806609,377
3/27/2023,20,144.8170564,307
3/27/2023,21,137.7766978,396
3/27/2023,22,131.6382269,328
3/27/2023,23,181.6306454,246
3/28/2023,0,144.2012363,339
3/28/2023,1,239.5327399,703
3/28/2023,2,182.3739999,484
3/28/2023,3,188.2656887,270
3/28/2023,4,106.641995,305
3/28/2023,5,158.1954793,171
3/28/2023,6,145.6440294,84
3/28/2023,7,174.1616281,57
3/28/2023,8,110.3233647,94
3/28/2023,9,216.0473883,71
3/28/2023,10,138.995935,141
3/28/2023,11,132.7182838,160
3/28/2023,12,145.8428952,367
3/28/2023,13,135.7790256,420
3/28/2023,14,123.5661225,352
3/28/2023,15,113.9313368,453
3/28/2023,16,132.8777491,348
3/28/2023,17,145.1744412,326
3/28/2023,18,145.7611882,339
3/28/2023,19,115.9141602,515
3/28/2023,20,134.8577549,338
3/28/2023,21,137.1889058,356
3/28/2023,22,155.5951437,323
3/28/2023,23,149.5410355,273
3/29/2023,0,134.0185997,331
3/29/2023,1,158.0784009,287
3/29/2023,2,156.7888605,253
3/29/2023,3,208.0879059,151
3/29/2023,4,102.4054343,296
3/29/2023,5,132.7948054,137
3/29/2023,6,110.9110803,135
3/29/2023,7,178.0484806,73
3/29/2023,8,114.6378443,121
3/29/2023,9,277.119348,56
3/29/2023,10,115.6606531,129
3/29/2023,11,182.8439883,163
3/29/2023,12,132.6141446,341
3/29/2023,13,147.8538491,350
3/29/2023,14,105.5064252,455
3/29/2023,15,139.5315236,350
3/29/2023,16,103.7429305,416
3/29/2023,17,102.5852826,291
3/29/2023,18,116.2337429,390
3/29/2023,19,146.2618901,339
3/29/2023,20,131.6904214,386
3/29/2023,21,152.9847637,290
3/29/2023,22,136.9848895,318
3/29/2023,23,192.5370387,282
3/30/2023,0,151.3450415,396
3/30/2023,1,159.0594489,290
3/30/2023,2,165.4666096,283
3/30/2023,3,145.1833333,163
3/30/2023,4,126.6032887,183
3/30/2023,5,125.4639478,145
3/30/2023,6,104.4747768,124
3/30/2023,7,246.7654576,47
3/30/2023,8,127.2075632,98
3/30/2023,9,183.0996755,61
3/30/2023,10,122.0452857,144
3/30/2023,11,141.8106865,250
3/30/2023,12,113.3778501,477
3/30/2023,13,107.6955455,586
3/30/2023,14,115.439339,524
3/30/2023,15,122.8883347,359
3/30/2023,16,117.684056,396
3/30/2023,17,127.9846018,360
3/30/2023,18,136.1054294,342
3/30/2023,19,136.1536046,323
3/30/2023,20,128.5617489,344
3/30/2023,21,136.9735755,305
3/30/2023,22,188.082779,218
3/30/2023,23,156.4158096,342
3/31/2023,0,117.1711281,405
3/31/2023,1,132.2193748,285
3/31/2023,2,111.6618374,271
3/31/2023,3,221.5935448,133
3/31/2023,4,105.1231126,247
3/31/2023,5,120.4589053,159
3/31/2023,6,166.7484017,95
3/31/2023,7,166.7636342,68
3/31/2023,8,135.6085695,86
3/31/2023,9,135.2354001,86
3/31/2023,10,139.2079075,137
3/31/2023,11,164.2420088,162
3/31/2023,12,131.5206592,356
3/31/2023,13,123.3469258,307
3/31/2023,14,141.9036888,430
3/31/2023,15,130.5812686,427
3/31/2023,16,119.8847683,455
3/31/2023,17,140.3968592,368
3/31/2023,18,131.83294,351
3/31/2023,19,145.5277862,311
3/31/2023,20,143.4630858,236
3/31/2023,21,114.4314302,322
3/31/2023,22,153.133642,292
3/31/2023,23,165.9024302,365
4/1/2023,0,174.4939989,329
4/1/2023,1,175.8995605,222
4/1/2023,2,145.0583656,238
4/1/2023,3,174.4808214,190
4/1/2023,4,114.7608777,213
4/1/2023,5,140.83314,157
4/1/2023,6,124.1056228,133
4/1/2023,7,104.4595523,97
4/1/2023,8,152.9240787,101
4/1/2023,9,224.4821071,54
4/1/2023,10,126.5805856,136
4/1/2023,11,161.0363591,98
4/1/2023,12,111.1490581,202
4/1/2023,13,154.9514774,218
4/1/2023,14,119.6004095,258
4/1/2023,15,168.7713433,299
4/1/2023,16,119.987301,429
4/1/2023,17,176.9246056,294
4/1/2023,18,130.0518065,295
4/1/2023,19,162.4180783,299
4/1/2023,20,149.4330025,257
4/1/2023,21,163.8641684,199
4/1/2023,22,111.4232804,347
4/1/2023,23,166.7840041,237
4/2/2023,0,132.7191729,366
4/2/2023,1,144.7059663,303
4/2/2023,2,135.9162069,258
4/2/2023,3,186.2036652,174
4/2/2023,4,154.840191,157
4/2/2023,5,117.6796039,160
4/2/2023,6,143.1130878,104
4/2/2023,7,204.1980915,47
4/2/2023,8,191.8494683,80
4/2/2023,9,155.0275883,71
4/2/2023,10,153.6637473,107
4/2/2023,11,190.8044848,86
4/2/2023,12,138.5463251,187
4/2/2023,13,171.4111212,172
4/2/2023,14,119.1708274,270
4/2/2023,15,136.4502371,181
4/2/2023,16,119.6618232,269
4/2/2023,17,148.4323814,231
4/2/2023,18,113.6758263,250
4/2/2023,19,132.7518785,236
4/2/2023,20,132.4554925,345
4/2/2023,21,144.2225665,337
4/2/2023,22,144.6422796,263
4/2/2023,23,170.4437494,249
4/3/2023,0,150.1876153,334
4/3/2023,1,151.6586677,257
4/3/2023,2,168.608814,269
4/3/2023,3,143.7012089,222
4/3/2023,4,148.4026322,198
4/3/2023,5,123.2466645,175
4/3/2023,6,92.93183764,136
4/3/2023,7,156.7152927,71
4/3/2023,8,122.3483843,106
4/3/2023,9,113.89463,100
4/3/2023,10,121.2762907,145
4/3/2023,11,114.0922317,161
4/3/2023,12,146.9914006,349
4/3/2023,13,128.2438352,430
4/3/2023,14,116.8897177,421
4/3/2023,15,155.1913213,472
4/3/2023,16,119.0211809,360
4/3/2023,17,116.8774653,361
4/3/2023,18,113.5885874,365
4/3/2023,19,129.9967112,347
4/3/2023,20,131.4073002,334
4/3/2023,21,205.6310134,235
4/3/2023,22,173.1406915,272
4/3/2023,23,161.7462734,319
4/4/2023,0,130.2530773,291
4/4/2023,1,186.4637774,236
4/4/2023,2,118.9634558,254
4/4/2023,3,180.4043812,186
4/4/2023,4,118.1502324,187
4/4/2023,5,165.8278338,107
4/4/2023,6,101.2676303,216
4/4/2023,7,98.30055706,145
4/4/2023,8,132.6084047,90
4/4/2023,9,162.0069747,95
4/4/2023,10,159.088665,125
4/4/2023,11,151.5108298,125
4/4/2023,12,127.4242654,315
4/4/2023,13,112.36675,497
4/4/2023,14,159.1581537,401
4/4/2023,15,125.629589,428
4/4/2023,16,135.8769101,371
4/4/2023,17,108.281726,385
4/4/2023,18,156.8145606,390
4/4/2023,19,112.1295612,454
4/4/2023,20,164.8887011,332
4/4/2023,21,188.149891,267
4/4/2023,22,145.6406105,314
4/4/2023,23,117.7207344,274
4/5/2023,0,153.9674545,264
4/5/2023,1,157.8861963,248
4/5/2023,2,167.2496029,245
4/5/2023,3,151.4085411,212
4/5/2023,4,119.7091717,157
4/5/2023,5,158.1040223,89
4/5/2023,6,159.8888981,89
4/5/2023,7,127.9924057,108
4/5/2023,8,164.8963165,70
4/5/2023,9,132.2687975,119
4/5/2023,10,117.8690163,226
4/5/2023,11,156.0982854,119
4/5/2023,12,123.1297013,362
4/5/2023,13,127.1522943,360
4/5/2023,14,130.534171,319
4/5/2023,15,125.2021754,360
4/5/2023,16,122.4303328,320
4/5/2023,17,128.3519257,301
4/5/2023,18,136.9838253,304
4/5/2023,19,156.1616896,364
4/5/2023,20,136.4126993,334
4/5/2023,21,138.4598505,346
4/5/2023,22,159.1054505,293
4/5/2023,23,159.5778669,250
4/6/2023,0,150.0281243,293
4/6/2023,1,148.8279843,302
4/6/2023,2,126.0621656,274
4/6/2023,3,191.0805943,228
4/6/2023,4,138.7492085,182
4/6/2023,5,174.5766576,81
4/6/2023,6,102.2423791,145
4/6/2023,7,118.0848389,153
4/6/2023,8,130.6500242,87
4/6/2023,9,149.0917531,74
4/6/2023,10,105.6328487,193
4/6/2023,11,151.3951907,181
4/6/2023,12,158.2869028,240
4/6/2023,13,115.9899398,358
4/6/2023,14,121.4622208,328
4/6/2023,15,136.5968204,317
4/6/2023,16,129.0864067,480
4/6/2023,17,145.6462011,342
4/6/2023,18,128.4455624,327
4/6/2023,19,121.730435,422
4/6/2023,20,152.1661793,278
4/6/2023,21,121.28157,411
4/6/2023,22,130.1220335,539
4/6/2023,23,142.9917647,309
4/7/2023,0,139.1298691,394
4/7/2023,1,120.4022277,418
4/7/2023,2,132.7215594,301
4/7/2023,3,171.1826345,143
4/7/2023,4,143.27632,164
4/7/2023,5,134.0661588,97
4/7/2023,6,155.2793849,108
4/7/2023,7,130.5584025,113
4/7/2023,8,164.4489971,64
4/7/2023,9,161.1248151,94
4/7/2023,10,94.55436725,190
4/7/2023,11,163.3076664,138
4/7/2023,12,122.0229023,305
4/7/2023,13,168.3092578,341
4/7/2023,14,151.3551385,232
4/7/2023,15,142.2339825,406
4/7/2023,16,138.3609755,519
4/7/2023,17,149.503657,334
4/7/2023,18,131.2754693,415
4/7/2023,19,131.8617554,371
4/7/2023,20,132.0294508,420
4/7/2023,21,164.4431257,325
4/7/2023,22,151.3361135,264
4/7/2023,23,159.0557346,268
4/8/2023,0,124.929921,277
4/8/2023,1,151.8852642,327
4/8/2023,2,121.1546914,241
4/8/2023,3,188.1674949,161
4/8/2023,4,123.72916,248
4/8/2023,5,165.3334522,131
4/8/2023,6,138.1520373,132
4/8/2023,7,156.4338539,88
4/8/2023,8,136.5883174,92
4/8/2023,9,137.4743592,112
4/8/2023,10,111.8494212,137
4/8/2023,11,152.2815178,131
4/8/2023,12,134.5207526,178
4/8/2023,13,156.1542127,232
4/8/2023,14,170.2659701,186
4/8/2023,15,125.6053217,153
4/8/2023,16,120.8433588,294
4/8/2023,17,192.7857507,256
4/8/2023,18,146.8374316,214
4/8/2023,19,181.6521757,272
4/8/2023,20,131.1406234,252
4/8/2023,21,207.3288363,247
4/8/2023,22,158.4311644,275
4/8/2023,23,116.4614597,306
4/9/2023,0,118.1836694,306
4/9/2023,1,162.4411169,296
4/9/2023,2,205.868723,198
4/9/2023,3,134.9897381,176
4/9/2023,4,116.8560944,189
4/9/2023,5,106.6095529,226
4/9/2023,6,221.7109568,111
4/9/2023,7,118.9174855,130
4/9/2023,8,143.9540422,83
4/9/2023,9,171.2742562,97
4/9/2023,10,127.1576854,146
4/9/2023,11,162.0753844,96
4/9/2023,12,128.3424202,172
4/9/2023,13,136.4341335,234
4/9/2023,14,166.0081376,201
4/9/2023,15,119.3772757,372
4/9/2023,16,151.9970102,283
4/9/2023,17,166.4728752,220
4/9/2023,18,128.9002099,259
4/9/2023,19,151.3747649,259
4/9/2023,20,133.1578935,267
4/9/2023,21,130.629092,238
4/9/2023,22,130.6892174,260
4/9/2023,23,152.3986295,205
4/10/2023,0,149.9315247,315
4/10/2023,1,130.006772,355
4/10/2023,2,126.9964539,240
4/10/2023,3,166.0153011,156
4/10/2023,4,110.4070042,163
4/10/2023,5,130.6270127,170
4/10/2023,6,147.0201413,121
4/10/2023,7,124.0784115,128
4/10/2023,8,130.2520984,73
4/10/2023,9,176.4448505,84
4/10/2023,10,108.7759388,163
4/10/2023,11,116.3229067,163
4/10/2023,12,131.2797672,405
4/10/2023,13,124.5498997,441
4/10/2023,14,131.4405893,312
4/10/2023,15,143.8131046,296
4/10/2023,16,122.093721,396
4/10/2023,17,159.0893391,288
4/10/2023,18,122.2746712,310
4/10/2023,19,123.0137167,440
4/10/2023,20,130.6278366,318
4/10/2023,21,169.318803,310
4/10/2023,22,123.8750369,406
4/10/2023,23,149.1368358,282
4/11/2023,0,142.6398485,303
4/11/2023,1,146.6223118,252
4/11/2023,2,138.9948829,215
4/11/2023,3,188.2263732,152
4/11/2023,4,179.8312524,108
4/11/2023,5,165.1470463,113
4/11/2023,6,206.4960623,42
4/11/2023,7,316.8033381,37
4/11/2023,8,252.0527216,42
4/11/2023,9,243.9299449,38
4/11/2023,10,232.6188969,80
4/11/2023,11,189.7826867,146
4/11/2023,12,139.1221142,256
4/11/2023,13,157.2802903,312
4/11/2023,14,159.0543184,198
4/11/2023,15,136.8870635,222
4/11/2023,16,159.2394907,243
4/11/2023,17,173.4828166,230
4/11/2023,18,210.4383122,252
4/11/2023,19,172.2458889,206
4/11/2023,20,147.2167103,218
4/11/2023,21,136.5743836,262
4/11/2023,22,201.8518713,278
4/11/2023,23,214.0597985,211
4/12/2023,0,216.5480029,245
4/12/2023,1,133.7361791,250
4/12/2023,2,128.1438156,216
4/12/2023,3,210.6505918,169
4/12/2023,4,161.4014502,106
4/12/2023,5,145.8022631,109
4/12/2023,6,274.3649988,39
4/12/2023,7,234.8049222,50
4/12/2023,8,263.4224334,51
4/12/2023,9,230.5222231,59
4/12/2023,10,145.8328622,93
4/12/2023,11,207.9744018,121
4/12/2023,12,132.3825256,206
4/12/2023,13,161.3434749,301
4/12/2023,14,133.819354,324
4/12/2023,15,198.4470861,245
4/12/2023,16,161.616535,250
4/12/2023,17,180.9046279,269
4/12/2023,18,183.6685489,201
4/12/2023,19,163.4190351,264
4/12/2023,20,177.2738043,220
4/12/2023,21,161.9610732,203
4/12/2023,22,159.3029565,259
4/12/2023,23,222.7822514,195
4/13/2023,0,168.1162041,302
4/13/2023,1,185.3975775,275
4/13/2023,2,165.159132,271
4/13/2023,3,221.6961053,159
4/13/2023,4,158.4567027,114
4/13/2023,5,169.9300175,102
4/13/2023,6,241.2936839,44
4/13/2023,7,362.5585163,24
4/13/2023,8,234.2077742,40
4/13/2023,9,227.5335768,61
4/13/2023,10,206.7628223,74
4/13/2023,11,170.2943013,136
4/13/2023,12,169.3539489,326
4/13/2023,13,167.7155094,274
4/13/2023,14,172.5943591,287
4/13/2023,15,165.6509753,258
4/13/2023,16,149.9655136,250
4/13/2023,17,178.1998383,294
4/13/2023,18,135.6841083,265
4/13/2023,19,161.2851356,265
4/13/2023,20,160.4247673,261
4/13/2023,21,150.475199,237
4/13/2023,22,180.3785199,194
4/13/2023,23,186.608971,226
4/14/2023,0,155.5480931,211
4/14/2023,1,144.3409425,320
4/14/2023,2,162.0370081,210
4/14/2023,3,169.964739,121
4/14/2023,4,162.9672457,101
4/14/2023,5,180.9906646,109
4/14/2023,6,264.0435094,45
4/14/2023,7,251.1082861,45
4/14/2023,8,283.1930922,39
4/14/2023,9,309.911837,43
4/14/2023,10,197.5375644,80
4/14/2023,11,190.7449346,146
4/14/2023,12,145.7249519,335
4/14/2023,13,167.3803951,238
4/14/2023,14,132.7844865,284
4/14/2023,15,143.5039229,302
4/14/2023,16,133.0646932,331
4/14/2023,17,130.6144357,326
4/14/2023,18,160.3534844,321
4/14/2023,19,181.7074288,224
4/14/2023,20,165.7107308,242
4/14/2023,21,143.788377,261
4/14/2023,22,184.9569188,221
4/14/2023,23,155.0347578,231
4/15/2023,0,154.886127,313
4/15/2023,1,176.6907383,299
4/15/2023,2,129.4241022,262
4/15/2023,3,173.1579807,222
4/15/2023,4,214.2521942,137
4/15/2023,5,190.9426247,112
4/15/2023,6,301.1250724,47
4/15/2023,7,202.0605504,56
4/15/2023,8,245.4922874,57
4/15/2023,9,242.9716929,54
4/15/2023,10,258.0190091,60
4/15/2023,11,210.4328575,78
4/15/2023,12,158.0053912,178
4/15/2023,13,171.9488316,179
4/15/2023,14,177.4665613,158
4/15/2023,15,158.3406222,259
4/15/2023,16,185.1066597,186
4/15/2023,17,209.125732,208
4/15/2023,18,209.8913638,199
4/15/2023,19,149.9562195,278
4/15/2023,20,180.7290749,170
4/15/2023,21,159.3357245,318
4/15/2023,22,189.4883865,248
4/15/2023,23,145.216675,207
4/16/2023,0,178.4114862,246
4/16/2023,1,221.8978038,174
4/16/2023,2,209.4449534,201
4/16/2023,3,178.0136612,174
4/16/2023,4,139.1795349,125
4/16/2023,5,145.8392511,148
4/16/2023,6,287.0775846,61
4/16/2023,7,233.9787224,47
4/16/2023,8,477.8275324,22
4/16/2023,9,209.6744751,53
4/16/2023,10,187.7082787,78
4/16/2023,11,160.2366614,82
4/16/2023,12,222.087316,161
4/16/2023,13,174.4796686,170
4/16/2023,14,164.8425074,182
4/16/2023,15,209.1731713,213
4/16/2023,16,196.9381666,242
4/16/2023,17,171.6401901,203
4/16/2023,18,178.53656,217
4/16/2023,19,170.1971796,230
4/16/2023,20,153.5996065,164
4/16/2023,21,164.6146077,193
4/16/2023,22,145.6404379,188
4/16/2023,23,151.7901296,217
4/17/2023,0,169.0105484,224
4/17/2023,1,178.9389305,226
4/17/2023,2,146.6825723,185
4/17/2023,3,164.5767545,121
4/17/2023,4,228.6731374,86
4/17/2023,5,175.0441751,111
4/17/2023,6,227.0995938,56
4/17/2023,7,279.7179489,36
4/17/2023,8,258.0775845,45
4/17/2023,9,233.2119273,49
4/17/2023,10,170.8835441,79
4/17/2023,11,212.5791017,122
4/17/2023,12,163.1872835,241
4/17/2023,13,163.2307262,394
4/17/2023,14,175.0616294,296
4/17/2023,15,210.2191802,246
4/17/2023,16,208.2954841,243
4/17/2023,17,186.5219866,202
4/17/2023,18,155.4291631,297
4/17/2023,19,212.8836413,267
4/17/2023,20,218.7794089,258
4/17/2023,21,179.0552332,236
4/17/2023,22,204.8379924,268
4/17/2023,23,169.2966702,229
4/18/2023,0,201.6092758,215
4/18/2023,1,160.3532137,273
4/18/2023,2,181.3710615,177
4/18/2023,3,221.2322931,119
4/18/2023,4,192.7093417,84
4/18/2023,5,178.8646755,111
4/18/2023,6,245.2577697,50
4/18/2023,7,402.2918865,26
4/18/2023,8,295.3414776,36
4/18/2023,9,241.5304974,54
4/18/2023,10,205.7162929,85
4/18/2023,11,230.2963898,124
4/18/2023,12,148.4004255,319
4/18/2023,13,125.7795816,323
4/18/2023,14,182.4527677,217
4/18/2023,15,202.0721353,187
4/18/2023,16,184.304277,201
4/18/2023,17,188.6668786,245
4/18/2023,18,160.4606238,327
4/18/2023,19,212.2683876,239
4/18/2023,20,167.6834717,260
4/18/2023,21,206.8044262,232
4/18/2023,22,185.3255745,307
4/18/2023,23,199.0039713,157
4/19/2023,0,181.3026758,257
4/19/2023,1,156.3507273,350
4/19/2023,2,166.208687,183
4/19/2023,3,184.5519617,154
4/19/2023,4,139.6178759,142
4/19/2023,5,140.4621064,113
4/19/2023,6,194.8714048,51
4/19/2023,7,407.9965576,25
4/19/2023,8,241.4510911,45
4/19/2023,9,260.1223809,54
4/19/2023,10,259.4600288,81
4/19/2023,11,147.9971598,153
4/19/2023,12,175.2558297,254
4/19/2023,13,160.8541041,303
4/19/2023,14,159.7081967,264
4/19/2023,15,168.6589759,227
4/19/2023,16,158.9083283,267
4/19/2023,17,158.5433118,240
4/19/2023,18,159.7305223,227
4/19/2023,19,158.2394045,285
4/19/2023,20,145.8557885,294
4/19/2023,21,169.8403124,282
4/19/2023,22,158.3909726,250
4/19/2023,23,163.5520332,283
4/20/2023,0,180.1583474,261
4/20/2023,1,162.3438779,316
4/20/2023,2,186.5608335,233
4/20/2023,3,218.3519301,137
4/20/2023,4,173.2149544,137
4/20/2023,5,177.8189913,75
4/20/2023,6,230.7441425,55
4/20/2023,7,456.8090488,24
4/20/2023,8,381.9174911,22
4/20/2023,9,271.0400651,41
4/20/2023,10,204.5277934,79
4/20/2023,11,205.7726433,130
4/20/2023,12,166.6503349,214
4/20/2023,13,185.6802345,272
4/20/2023,14,188.1773559,267
4/20/2023,15,187.2595094,192
4/20/2023,16,166.65046,213
4/20/2023,17,187.8516916,269
4/20/2023,18,188.1500503,317
4/20/2023,19,177.6272612,244
4/20/2023,20,154.5711908,245
4/20/2023,21,150.0945605,245
4/20/2023,22,238.2266071,242
4/20/2023,23,139.6374119,201
4/21/2023,0,136.9374476,242
4/21/2023,1,173.602951,239
4/21/2023,2,188.3990599,219
4/21/2023,3,201.7875981,120
4/21/2023,4,133.2796308,167
4/21/2023,5,193.6630582,117
4/21/2023,6,251.4860449,37
4/21/2023,7,435.196807,21
4/21/2023,8,286.6386431,24
4/21/2023,9,315.9446994,45
4/21/2023,10,246.8167734,52
4/21/2023,11,168.5515409,139
4/21/2023,12,161.6261788,232
4/21/2023,13,164.6296215,291
4/21/2023,14,149.0201707,305
4/21/2023,15,152.1144508,336
4/21/2023,16,167.3688922,219
4/21/2023,17,154.2876435,275
4/21/2023,18,154.5213521,287
4/21/2023,19,191.9746101,377
4/21/2023,20,187.1005323,300
4/21/2023,21,157.5256206,177
4/21/2023,22,174.2427739,232
4/21/2023,23,210.0218336,164
4/22/2023,0,151.6078407,186
4/22/2023,1,178.6292447,209
4/22/2023,2,177.7508431,260
4/22/2023,3,191.7282818,131
4/22/2023,4,145.3462381,181
4/22/2023,5,170.8252194,91
4/22/2023,6,207.3532532,65
4/22/2023,7,308.8842594,33
4/22/2023,8,247.7368262,57
4/22/2023,9,271.9999897,74
4/22/2023,10,199.5387144,76
4/22/2023,11,208.6158825,79
4/22/2023,12,164.7184204,122
4/22/2023,13,189.0402926,141
4/22/2023,14,175.3983147,204
4/22/2023,15,198.7485934,223
4/22/2023,16,156.9945013,224
4/22/2023,17,223.79358,188
4/22/2023,18,182.4426076,208
4/22/2023,19,146.4253817,342
4/22/2023,20,192.3812245,213
4/22/2023,21,179.6408998,182
4/22/2023,22,226.732076,211
4/22/2023,23,204.5801641,179
4/23/2023,0,170.9893766,195
4/23/2023,1,197.6126789,160
4/23/2023,2,182.6633276,238
4/23/2023,3,140.9042345,168
4/23/2023,4,90.10500425,157
4/23/2023,5,151.0179396,173
4/23/2023,6,223.6065319,45
4/23/2023,7,272.4188753,31
4/23/2023,8,327.6371245,59
4/23/2023,9,275.207775,33
4/23/2023,10,289.6087174,56
4/23/2023,11,152.7528581,85
4/23/2023,12,167.9015398,112
4/23/2023,13,178.2184621,153
4/23/2023,14,163.1523819,173
4/23/2023,15,183.2412582,156
4/23/2023,16,213.3122337,210
4/23/2023,17,170.9500877,170
4/23/2023,18,147.2195732,218
4/23/2023,19,212.3012338,241
4/23/2023,20,164.637203,244
4/23/2023,21,228.716751,197
4/23/2023,22,200.4187391,195
4/23/2023,23,203.445251,230
4/24/2023,0,167.308604,253
4/24/2023,1,145.2008342,209
4/24/2023,2,147.8617627,193
4/24/2023,3,149.8476898,161
4/24/2023,4,191.1692324,109
4/24/2023,5,105.8535731,129
4/24/2023,6,346.0180343,38
4/24/2023,7,257.1420018,47
4/24/2023,8,320.8027374,40
4/24/2023,9,282.8804294,48
4/24/2023,10,211.2833952,72
4/24/2023,11,173.5821399,104
4/24/2023,12,165.6449237,351
4/24/2023,13,181.505101,255
4/24/2023,14,169.2867418,277
4/24/2023,15,163.7371295,266
4/24/2023,16,170.7641735,226
4/24/2023,17,170.8611729,223
4/24/2023,18,147.9006895,261
4/24/2023,19,158.0220242,305
4/24/2023,20,183.7226248,233
4/24/2023,21,139.5362336,212
4/24/2023,22,167.6999388,210
4/24/2023,23,170.5187166,229
4/25/2023,0,176.9832831,250
4/25/2023,1,163.5300907,251
4/25/2023,2,206.4782862,151
4/25/2023,3,257.5021671,142
4/25/2023,4,108.9790644,150
4/25/2023,5,180.4843477,122
4/25/2023,6,237.2436797,49
4/25/2023,7,197.2643092,55
4/25/2023,8,231.4562009,42
4/25/2023,9,288.4974062,32
4/25/2023,10,216.5784289,73
4/25/2023,11,190.2783186,123
4/25/2023,12,162.6938404,344
4/25/2023,13,194.6793658,255
4/25/2023,14,168.9983778,233
4/25/2023,15,163.6901631,286
4/25/2023,16,153.6307964,261
4/25/2023,17,190.8590392,192
4/25/2023,18,194.7232496,239
4/25/2023,19,165.7575433,271
4/25/2023,20,179.7375462,256
4/25/2023,21,205.3947928,175
4/25/2023,22,202.152796,270
4/25/2023,23,176.0265222,236
4/26/2023,0,215.457498,179
4/26/2023,1,207.936477,242
4/26/2023,2,203.3236198,208
4/26/2023,3,297.4299574,131
4/26/2023,4,112.1341478,160
4/26/2023,5,128.2542447,120
4/26/2023,6,296.6130168,51
4/26/2023,7,230.3516622,53
4/26/2023,8,234.3039851,50
4/26/2023,9,248.2620195,55
4/26/2023,10,182.8718603,91
4/26/2023,11,166.7424882,153
4/26/2023,12,147.5787062,381
4/26/2023,13,150.7275215,334
4/26/2023,14,171.8977774,225
4/26/2023,15,178.507947,243
4/26/2023,16,135.486767,176
4/26/2023,17,141.141255,254
4/26/2023,18,161.8419054,222
4/26/2023,19,140.5405446,230
4/26/2023,20,162.0342511,226
4/26/2023,21,155.0042812,232
4/26/2023,22,172.3848161,166
4/26/2023,23,168.2163837,213
4/27/2023,0,163.182714,214
4/27/2023,1,178.7019273,273
4/27/2023,2,205.3109274,232
4/27/2023,3,201.913086,135
4/27/2023,4,196.7664529,74
4/27/2023,5,124.1127223,181
4/27/2023,6,197.7609136,71
4/27/2023,7,249.6864329,50
4/27/2023,8,278.33215,32
4/27/2023,9,275.2248577,59
4/27/2023,10,160.315575,71
4/27/2023,11,190.0317398,143
4/27/2023,12,115.8601517,391
4/27/2023,13,178.7962304,284
4/27/2023,14,147.4557091,242
4/27/2023,15,165.930001,224
4/27/2023,16,165.2546866,287
4/27/2023,17,154.726018,249
4/27/2023,18,131.5460589,321
4/27/2023,19,158.107665,254
4/27/2023,20,163.2309354,324
4/27/2023,21,116.0035629,284
4/27/2023,22,189.4953928,254
4/27/2023,23,169.8542949,262
4/28/2023,0,143.213367,269
4/28/2023,1,140.5186602,200
4/28/2023,2,161.2408538,233
4/28/2023,3,192.634985,144
4/28/2023,4,103.3512371,188
4/28/2023,5,108.1569286,156
4/28/2023,6,142.3103834,69
4/28/2023,7,255.3422985,63
4/28/2023,8,386.7135122,29
4/28/2023,9,256.8066642,55
4/28/2023,10,184.1099811,67
4/28/2023,11,150.6907504,191
4/28/2023,12,137.0330216,383
4/28/2023,13,132.697717,318
4/28/2023,14,159.6951689,216
4/28/2023,15,130.1731624,287
4/28/2023,16,159.4468414,214
4/28/2023,17,173.0002174,245
4/28/2023,18,165.9805236,293
4/28/2023,19,186.6557767,196
4/28/2023,20,158.4241196,209
4/28/2023,21,111.9839155,274
4/28/2023,22,175.1642675,307
4/28/2023,23,186.6555117,239
4/29/2023,0,217.1694938,172
4/29/2023,1,161.2862146,152
4/29/2023,2,176.7107197,201
4/29/2023,3,217.6519463,103
4/29/2023,4,157.1832588,139
4/29/2023,5,109.7324819,142
4/29/2023,6,242.6237148,60
4/29/2023,7,200.6607226,51
4/29/2023,8,304.8691095,41
4/29/2023,9,278.6671441,43
4/29/2023,10,258.4794918,52
4/29/2023,11,275.6060304,79
4/29/2023,12,190.64797,147
4/29/2023,13,170.042343,98
4/29/2023,14,166.3798077,166
4/29/2023,15,134.1612365,188
4/29/2023,16,166.1071465,187
4/29/2023,17,188.1440543,181
4/29/2023,18,185.7231103,178
4/29/2023,19,156.6139796,264
4/29/2023,20,144.8545835,254
4/29/2023,21,176.8245529,155
4/29/2023,22,141.6947313,191
4/29/2023,23,132.7009327,184
4/30/2023,0,173.8490996,175
4/30/2023,1,156.4032337,157
4/30/2023,2,112.7219202,238
4/30/2023,3,116.6346314,215
4/30/2023,4,124.405812,183
4/30/2023,5,131.3587909,146
4/30/2023,6,291.1085605,38
4/30/2023,7,165.9558251,60
4/30/2023,8,327.9960405,38
4/30/2023,9,151.6261198,47
4/30/2023,10,210.8342915,46
4/30/2023,11,198.5029114,111
4/30/2023,12,222.0257541,148
4/30/2023,13,160.719666,162
4/30/2023,14,157.8942313,232
4/30/2023,15,187.8920891,277
4/30/2023,16,186.0416702,194
4/30/2023,17,185.5609467,255
4/30/2023,18,143.6603052,297
4/30/2023,19,158.2627732,274
4/30/2023,20,167.707459,226
4/30/2023,21,173.3526992,200
4/30/2023,22,143.0396546,226
4/30/2023,23,146.1777258,243
5/1/2023,0,158.1411605,215
5/1/2023,1,146.1674421,142
5/1/2023,2,212.9322666,172
5/1/2023,3,166.0983656,118
5/1/2023,4,148.6150466,175
5/1/2023,5,109.9743638,128
5/1/2023,6,163.3354183,44
5/1/2023,7,272.144909,35
5/1/2023,8,276.0442998,38
5/1/2023,9,161.899605,44
5/1/2023,10,174.2102945,68
5/1/2023,11,208.7388377,96
5/1/2023,12,166.7043856,359
5/1/2023,13,165.2502075,357
5/1/2023,14,144.1636911,284
5/1/2023,15,138.0109339,304
5/1/2023,16,126.3249016,285
5/1/2023,17,163.6524888,291
5/1/2023,18,131.6413921,283
5/1/2023,19,166.4292968,255
5/1/2023,20,149.8788227,307
5/1/2023,21,178.2565794,268
5/1/2023,22,166.727009,284
5/1/2023,23,128.5290717,216
5/2/2023,0,183.6631012,304
5/2/2023,1,114.1274274,301
5/2/2023,2,133.3594365,171
5/2/2023,3,197.4247472,163
5/2/2023,4,134.0420532,128
5/2/2023,5,120.9392987,141
5/2/2023,6,235.5442479,58
5/2/2023,7,251.5335486,61
5/2/2023,8,254.0905938,24
5/2/2023,9,212.5336628,61
5/2/2023,10,216.8055517,61
5/2/2023,11,205.8064583,110
5/2/2023,12,160.4498884,307
5/2/2023,13,158.3749217,347
5/2/2023,14,135.3325087,249
5/2/2023,15,150.1960618,295
5/2/2023,16,152.2346908,200
5/2/2023,17,155.2901898,274
5/2/2023,18,193.712139,202
5/2/2023,19,169.9309133,267
5/2/2023,20,210.8845521,184
5/2/2023,21,165.7586058,189
5/2/2023,22,175.294996,194
5/2/2023,23,159.9708108,242
5/3/2023,0,164.1028207,181
5/3/2023,1,125.1902197,219
5/3/2023,2,136.7685422,305
5/3/2023,3,128.042941,229
5/3/2023,4,131.8667511,176
5/3/2023,5,217.5975682,69
5/3/2023,6,197.2159476,46
5/3/2023,7,228.4248456,42
5/3/2023,8,303.2598828,30
5/3/2023,9,203.4738268,50
5/3/2023,10,167.9853332,97
5/3/2023,11,173.2230579,125
5/3/2023,12,195.0095929,190
5/3/2023,13,150.5991687,222
5/3/2023,14,187.7339072,198
5/3/2023,15,142.9196477,211
5/3/2023,16,138.7664731,308
5/3/2023,17,134.2223059,237
5/3/2023,18,154.9890744,311
5/3/2023,19,139.3189528,302
5/3/2023,20,139.424763,240
5/3/2023,21,164.2299906,231
5/3/2023,22,167.7288702,196
5/3/2023,23,181.0800313,229
5/4/2023,0,215.2095949,228
5/4/2023,1,179.3984108,253
5/4/2023,2,181.6516418,149
5/4/2023,3,180.0197305,156
5/4/2023,4,152.4495845,132
5/4/2023,5,218.4185596,70
5/4/2023,6,290.6559552,38
5/4/2023,7,248.0702957,41
5/4/2023,8,335.8557743,27
5/4/2023,9,237.6641118,57
5/4/2023,10,366.0124761,29
5/4/2023,11,197.8690152,112
5/4/2023,12,147.9440334,212
5/4/2023,13,150.3655309,275
5/4/2023,14,157.0531397,234
5/4/2023,15,158.8256896,270
5/4/2023,16,224.9977651,202
5/4/2023,17,106.0906211,335
5/4/2023,18,122.3595616,334
5/4/2023,19,185.6271523,261
5/4/2023,20,177.7079252,258
5/4/2023,21,160.2097593,260
5/4/2023,22,176.0081881,217
5/4/2023,23,122.3116642,242
5/5/2023,0,178.7079593,183
5/5/2023,1,141.6181843,266
5/5/2023,2,176.5902843,157
5/5/2023,3,184.8202874,140
5/5/2023,4,114.1786192,174
5/5/2023,5,128.4621631,121
5/5/2023,6,144.7551023,55
5/5/2023,7,329.6751239,26
5/5/2023,8,273.3068118,40
5/5/2023,9,264.5799084,38
5/5/2023,10,275.0371643,63
5/5/2023,11,169.236963,146
5/5/2023,12,159.7412515,360
5/5/2023,13,149.6367751,293
5/5/2023,14,177.1201587,236
5/5/2023,15,180.7679267,204
5/5/2023,16,234.9265095,271
5/5/2023,17,141.1028419,308
5/5/2023,18,145.5773796,236
5/5/2023,19,171.2695415,167
5/5/2023,20,175.305254,241
5/5/2023,21,152.6390032,211
5/5/2023,22,185.115251,209
5/5/2023,23,161.6487264,195
5/6/2023,0,189.2600101,254
5/6/2023,1,194.2366777,193
5/6/2023,2,164.4891077,163
5/6/2023,3,206.5820795,123
5/6/2023,4,152.167368,104
5/6/2023,5,160.3533119,127
5/6/2023,6,393.242971,31
5/6/2023,7,255.1908992,28
5/6/2023,8,391.1541804,36
5/6/2023,9,332.1165183,30
5/6/2023,10,285.2770682,35
5/6/2023,11,183.1097883,73
5/6/2023,12,253.1170787,76
5/6/2023,13,171.7307432,178
5/6/2023,14,213.269137,128
5/6/2023,15,190.4058472,503
5/6/2023,16,198.1098838,247
5/6/2023,17,114.5342227,329
5/6/2023,18,194.5044415,185
5/6/2023,19,173.7345412,189
5/6/2023,20,142.0570399,211
5/6/2023,21,195.4823507,181
5/6/2023,22,202.1615378,189
5/6/2023,23,263.4942709,379
5/7/2023,0,225.2375659,382
5/7/2023,1,231.5975568,149
5/7/2023,2,192.275873,198
5/7/2023,3,184.8101914,113
5/7/2023,4,148.7382188,211
5/7/2023,5,136.0961925,133
5/7/2023,6,240.9602118,52
5/7/2023,7,376.1465274,27
5/7/2023,8,407.1656711,24
5/7/2023,9,226.1138161,31
5/7/2023,10,298.8159859,41
5/7/2023,11,239.0888456,72
5/7/2023,12,217.1545333,72
5/7/2023,13,214.8842734,97
5/7/2023,14,199.3159039,135
5/7/2023,15,175.3016127,142
5/7/2023,16,157.8586152,201
5/7/2023,17,132.0325663,174
5/7/2023,18,255.8623403,143
5/7/2023,19,146.1056459,178
5/7/2023,20,155.0451658,215
5/7/2023,21,127.6241551,151
5/7/2023,22,221.0330569,155
5/7/2023,23,185.9071691,140
5/8/2023,0,177.1153005,164
5/8/2023,1,155.9561265,183
5/8/2023,2,168.7267901,143
5/8/2023,3,231.7550858,96
5/8/2023,4,120.3692086,166
5/8/2023,5,158.0719954,119
5/8/2023,6,326.1977484,26
5/8/2023,7,399.0447466,22
5/8/2023,8,361.2879688,29
5/8/2023,9,383.5274905,36
5/8/2023,10,251.2119598,50
5/8/2023,11,169.2965706,102
5/8/2023,12,123.1574709,386
5/8/2023,13,181.4919127,306
5/8/2023,14,150.666754,249
5/8/2023,15,153.746098,285
5/8/2023,16,172.1405098,213
5/8/2023,17,195.3937428,287
5/8/2023,18,202.8700678,216
5/8/2023,19,221.5490293,204
5/8/2023,20,150.1613765,290
5/8/2023,21,96.52300759,1111
5/8/2023,22,183.4266069,201
5/8/2023,23,190.4327305,195
5/9/2023,0,160.6758013,248
5/9/2023,1,129.5686845,218
5/9/2023,2,143.6181603,208
5/9/2023,3,160.0818648,112
5/9/2023,4,192.6239619,97
5/9/2023,5,128.1024584,123
5/9/2023,6,162.5412756,71
5/9/2023,7,233.106424,44
5/9/2023,8,267.5190338,31
5/9/2023,9,186.6982089,48
5/9/2023,10,168.5461946,100
5/9/2023,11,155.0064219,141
5/9/2023,12,125.584588,335
5/9/2023,13,142.8061611,433
5/9/2023,14,114.755515,329
5/9/2023,15,156.2309563,252
5/9/2023,16,117.0849684,275
5/9/2023,17,133.1952563,273
5/9/2023,18,107.7343766,266
5/9/2023,19,105.9499129,262
5/9/2023,20,177.4445604,266
5/9/2023,21,120.3526965,250
5/9/2023,22,130.335669,371
5/9/2023,23,144.0208479,258
5/10/2023,0,120.7553117,323
5/10/2023,1,100.6744529,232
5/10/2023,2,97.07031907,258
5/10/2023,3,119.8173948,91
5/10/2023,4,71.4836088,189
5/10/2023,5,49.95736695,239
5/10/2023,6,42.9770144,130
5/10/2023,7,52.5253598,81
5/10/2023,8,87.5749525,48
5/10/2023,9,105.4885794,42
5/10/2023,10,95.76146586,168
5/10/2023,11,114.0887863,92
5/10/2023,12,108.9656016,348
5/10/2023,13,118.1086554,347
5/10/2023,14,113.862086,280
5/10/2023,15,109.1246921,281
5/10/2023,16,102.0651433,341
5/10/2023,17,121.1329608,262
5/10/2023,18,120.0488541,280
5/10/2023,19,120.2914351,321
5/10/2023,20,136.8735631,294
5/10/2023,21,132.4056688,274
5/10/2023,22,103.9924091,326
5/10/2023,23,120.4322686,296
5/11/2023,0,123.0045425,313
5/11/2023,1,143.0156049,240
5/11/2023,2,126.2608787,256
5/11/2023,3,141.1162414,161
5/11/2023,4,66.74733871,270
5/11/2023,5,53.72343508,116
5/11/2023,6,57.26578069,61
5/11/2023,7,64.3264883,88
5/11/2023,8,52.10931626,82
5/11/2023,9,57.85432238,58
5/11/2023,10,76.51527191,125
5/11/2023,11,145.9904237,117
5/11/2023,12,113.0227954,405
5/11/2023,13,104.4541325,516
5/11/2023,14,129.0160202,294
5/11/2023,15,114.6637823,319
5/11/2023,16,91.10483704,272
5/11/2023,17,130.1968419,197
5/11/2023,18,116.0596366,298
5/11/2023,19,125.8392626,404
5/11/2023,20,123.2162818,248
5/11/2023,21,137.3152904,264
5/11/2023,22,131.4147505,253
5/11/2023,23,146.0953013,200
5/12/2023,0,111.3774381,206
5/12/2023,1,78.94715518,232
5/12/2023,2,138.3543271,207
5/12/2023,3,90.78156295,115
5/12/2023,4,84.58808718,196
5/12/2023,5,94.02045169,86
5/12/2023,6,98.96426686,74
5/12/2023,7,88.93095236,117
5/12/2023,8,72.79350518,36
5/12/2023,9,120.3325198,40
5/12/2023,10,96.15940051,164
5/12/2023,11,116.9363815,125
5/12/2023,12,128.7231155,377
5/12/2023,13,124.7541911,372
5/12/2023,14,117.0903744,297
5/12/2023,15,133.3821509,195
5/12/2023,16,91.48156306,318
5/12/2023,17,118.9593554,283
5/12/2023,18,113.3726903,273
5/12/2023,19,113.4416509,286
5/12/2023,20,115.9816185,246
5/12/2023,21,159.1085441,208
5/12/2023,22,144.7101431,232
5/12/2023,23,139.6346865,184
5/13/2023,0,114.0563989,244
5/13/2023,1,143.902652,241
5/13/2023,2,112.0474157,242
5/13/2023,3,137.8225885,160
5/13/2023,4,86.98825662,230
5/13/2023,5,130.1557382,78
5/13/2023,6,98.31730488,70
5/13/2023,7,73.71955819,88
5/13/2023,8,78.0534977,67
5/13/2023,9,103.3161555,33
5/13/2023,10,68.88401682,128
5/13/2023,11,133.6694889,77
5/13/2023,12,112.2774787,137
5/13/2023,13,106.5954945,141
5/13/2023,14,136.9218535,159
5/13/2023,15,157.2223571,168
5/13/2023,16,136.7109528,233
5/13/2023,17,168.0293817,178
5/13/2023,18,160.4317812,207
5/13/2023,19,120.9643149,208
5/13/2023,20,142.2529234,137
5/13/2023,21,209.2025253,97
5/13/2023,22,83.78729702,211
5/13/2023,23,102.6255368,162
5/14/2023,0,126.5142426,218
5/14/2023,1,104.3049951,211
5/14/2023,2,108.6321015,135
5/14/2023,3,189.2988603,74
5/14/2023,4,82.7096259,166
5/14/2023,5,45.16223145,77
5/14/2023,6,93.56593182,106
5/14/2023,7,80.878915,105
5/14/2023,8,53.29733773,45
5/14/2023,9,79.09124542,33
5/14/2023,10,77.98643299,91
5/14/2023,11,102.4406843,48
5/14/2023,12,93.09957121,104
5/14/2023,13,103.0873381,196
5/14/2023,14,135.8644661,124
5/14/2023,15,170.9687307,159
5/14/2023,16,109.8506897,245
5/14/2023,17,143.9168729,240
5/14/2023,18,108.4108453,150
5/14/2023,19,147.9671585,186
5/14/2023,20,121.1135804,172
5/14/2023,21,104.6129332,141
5/14/2023,22,74.39381465,220
5/14/2023,23,136.1246387,167
5/15/2023,0,129.9560519,185
5/15/2023,1,146.7591555,191
5/15/2023,2,122.7362939,183
5/15/2023,3,162.0895347,105
5/15/2023,4,103.1522651,101
5/15/2023,5,178.4643245,96
5/15/2023,6,163.8091726,52
5/15/2023,7,87.26738367,99
5/15/2023,8,56.90910197,56
5/15/2023,9,100.7712858,49
5/15/2023,10,62.029129,115
5/15/2023,11,119.9917716,144
5/15/2023,12,119.6783022,370
5/15/2023,13,118.5724718,401
5/15/2023,14,165.3244241,233
5/15/2023,15,156.3290956,206
5/15/2023,16,111.4409301,307
5/15/2023,17,137.919384,249
5/15/2023,18,124.5491471,267
5/15/2023,19,128.4740983,310
5/15/2023,20,84.97867978,200
5/15/2023,21,113.3786481,223
5/15/2023,22,102.1056191,266
5/15/2023,23,153.2661338,248
5/16/2023,0,134.1385127,240
5/16/2023,1,114.5262143,229
5/16/2023,2,141.8653358,171
5/16/2023,3,174.9517573,148
5/16/2023,4,84.23243377,143
5/16/2023,5,107.3876375,43
5/16/2023,6,56.77974276,66
5/16/2023,7,68.48523944,93
5/16/2023,8,60.29110942,70
5/16/2023,9,83.32192667,62
5/16/2023,10,97.19032531,136
5/16/2023,11,119.5501169,275
5/16/2023,12,136.3660282,397
5/16/2023,13,97.81861587,433
5/16/2023,14,158.3915716,246
5/16/2023,15,121.6703148,288
5/16/2023,16,102.1589775,367
5/16/2023,17,129.0385042,248
5/16/2023,18,103.7924396,281
5/16/2023,19,89.48329845,311
5/16/2023,20,141.2038291,308
5/16/2023,21,113.2098585,203
5/16/2023,22,138.2745197,269
5/16/2023,23,92.671556,190
5/17/2023,0,163.6384438,266
5/17/2023,1,131.955434,246
5/17/2023,2,137.1861505,184
5/17/2023,3,136.6713314,134
5/17/2023,4,82.80511238,233
5/17/2023,5,99.23050668,104
5/17/2023,6,159.2729,72
5/17/2023,7,49.48943761,87
5/17/2023,8,98.63585016,40
5/17/2023,9,76.90095447,58
5/17/2023,10,96.33745793,173
5/17/2023,11,128.5921547,145
5/17/2023,12,114.8464745,382
5/17/2023,13,128.1322129,415
5/17/2023,14,139.4361908,307
5/17/2023,15,133.0662417,256
5/17/2023,16,116.9669798,292
5/17/2023,17,106.9541969,254
5/17/2023,18,102.5749163,180
5/17/2023,19,113.9168124,303
5/17/2023,20,172.7722082,217
5/17/2023,21,119.5512223,229
5/17/2023,22,128.4464654,231
5/17/2023,23,168.2576891,183
5/18/2023,0,168.0466667,210
5/18/2023,1,151.8858965,307
5/18/2023,2,142.6764517,346
5/18/2023,3,116.0007126,188
5/18/2023,4,88.28707987,193
5/18/2023,5,117.9247661,115
5/18/2023,6,134.9432738,118
5/18/2023,7,71.72922862,70
5/18/2023,8,59.49257324,59
5/18/2023,9,70.87200697,43
5/18/2023,10,98.02855957,83
5/18/2023,11,99.99372985,148
5/18/2023,12,115.5230769,379
5/18/2023,13,168.4051998,399
5/18/2023,14,187.8223324,273
5/18/2023,15,155.2702336,225
5/18/2023,16,145.3961112,183
5/18/2023,17,108.0881249,269
5/18/2023,18,99.66493509,378
5/18/2023,19,141.5254602,293
5/18/2023,20,121.8239221,307
5/18/2023,21,139.8714068,221
5/18/2023,22,126.2499139,221
5/18/2023,23,139.5953131,194
5/19/2023,0,122.0939978,278
5/19/2023,1,142.9286726,252
5/19/2023,2,126.2923288,232
5/19/2023,3,183.0413816,108
5/19/2023,4,81.22362955,168
5/19/2023,5,62.57908877,73
5/19/2023,6,71.64309741,52
5/19/2023,7,60.9717672,111
5/19/2023,8,69.9707266,44
5/19/2023,9,53.73515891,60
5/19/2023,10,79.17489405,93
5/19/2023,11,121.285534,138
5/19/2023,12,91.80264761,341
5/19/2023,13,98.91619126,307
5/19/2023,14,108.4813663,287
5/19/2023,15,153.219184,186
5/19/2023,16,115.9241814,259
5/19/2023,17,134.400333,139
5/19/2023,18,124.1999234,179
5/19/2023,19,131.043672,299
5/19/2023,20,108.4896708,176
5/19/2023,21,150.0534717,153
5/19/2023,22,135.3945658,226
5/19/2023,23,78.59655589,165
5/20/2023,0,96.2114347,158
5/20/2023,1,128.4039558,147
5/20/2023,2,118.8214938,118
5/20/2023,3,126.1479151,118
5/20/2023,4,100.9461773,222
5/20/2023,5,96.24319029,86
5/20/2023,6,71.74725936,37
5/20/2023,7,80.11439613,50
5/20/2023,8,57.25336774,43
5/20/2023,9,39.66244778,13
5/20/2023,10,67.69368424,123
5/20/2023,11,123.6358424,57
5/20/2023,12,106.3774646,121
5/20/2023,13,102.1777608,119
5/20/2023,14,130.4845102,144
5/20/2023,15,158.3188328,96
5/20/2023,16,127.5562356,252
5/20/2023,17,138.2470286,121
5/20/2023,18,118.7124523,189
5/20/2023,19,127.2770539,166
5/20/2023,20,144.7859366,119
5/20/2023,21,116.9087007,143
5/20/2023,22,138.3239451,180
5/20/2023,23,196.2666629,129
5/21/2023,0,133.0452811,160
5/21/2023,1,129.6537094,193
5/21/2023,2,128.3102435,192
5/21/2023,3,198.7057948,106
5/21/2023,4,89.88935315,267
5/21/2023,5,95.42355438,72
5/21/2023,6,54.99064975,40
5/21/2023,7,93.95271521,75
5/21/2023,8,92.88722434,31
5/21/2023,9,113.8898068,24
5/21/2023,10,117.5760961,96
5/21/2023,11,145.9095028,44
5/21/2023,12,105.6418485,90
5/21/2023,13,113.8077993,155
5/21/2023,14,155.8458833,108
5/21/2023,15,161.154597,114
5/21/2023,16,98.36680533,199
5/21/2023,17,121.8824393,158
5/21/2023,18,128.1036261,203
5/21/2023,19,147.3147951,181
5/21/2023,20,178.639384,141
5/21/2023,21,131.3220326,147
5/21/2023,22,135.2071942,298
5/21/2023,23,125.3213872,189
5/22/2023,0,113.1999369,206
5/22/2023,1,114.9337767,174
5/22/2023,2,96.68713442,191
5/22/2023,3,137.3111292,69
5/22/2023,4,93.89443912,153
5/22/2023,5,123.2342647,73
5/22/2023,6,74.69440491,55
5/22/2023,7,81.22624008,71
5/22/2023,8,86.853573,76
5/22/2023,9,112.7876436,34
5/22/2023,10,88.58099535,130
5/22/2023,11,99.87566789,142
5/22/2023,12,137.1370866,356
5/22/2023,13,115.771858,520
5/22/2023,14,119.1293393,242
5/22/2023,15,145.3589337,271
5/22/2023,16,99.8345955,333
5/22/2023,17,110.0483735,256
5/22/2023,18,153.8554314,264
5/22/2023,19,131.9264429,380
5/22/2023,20,115.2679637,338
5/22/2023,21,117.93157,193
5/22/2023,22,104.9386827,277
5/22/2023,23,146.2543537,247
5/23/2023,0,115.1743036,230
5/23/2023,1,124.9369348,261
5/23/2023,2,105.1045645,238
5/23/2023,3,113.1070466,121
5/23/2023,4,154.4198031,350
5/23/2023,5,96.99587318,67
5/23/2023,6,142.5875087,44
5/23/2023,7,79.38527584,74
5/23/2023,8,77.88567718,40
5/23/2023,9,118.198417,51
5/23/2023,10,98.23632709,127
5/23/2023,11,118.0281538,94
5/23/2023,12,90.52795447,449
5/23/2023,13,119.4056885,419
5/23/2023,14,112.4592389,260
5/23/2023,15,118.653594,226
5/23/2023,16,92.92053592,364
5/23/2023,17,144.7598034,352
5/23/2023,18,108.5455079,295
5/23/2023,19,98.29747802,391
5/23/2023,20,116.7810893,271
5/23/2023,21,103.4317967,206
5/23/2023,22,114.2666749,360
5/23/2023,23,107.114039,336
5/24/2023,0,104.3126824,306
5/24/2023,1,107.5782599,347
5/24/2023,2,99.96736454,236
5/24/2023,3,148.8836886,186
5/24/2023,4,93.79647131,217
5/24/2023,5,124.4374935,106
5/24/2023,6,91.05778831,94
5/24/2023,7,91.35579543,118
5/24/2023,8,95.94375326,73
5/24/2023,9,98.95532894,56
5/24/2023,10,86.94969931,181
5/24/2023,11,89.38864601,132
5/24/2023,12,112.1973218,488
5/24/2023,13,102.8388672,501
5/24/2023,14,92.73926311,344
5/24/2023,15,121.8829186,251
5/24/2023,16,98.38623322,447
5/24/2023,17,126.2064993,217
5/24/2023,18,108.7526543,247
5/24/2023,19,106.7195005,319
5/24/2023,20,174.1897244,254
5/24/2023,21,142.2374056,174
5/24/2023,22,111.1506794,227
5/24/2023,23,151.8273362,243
5/25/2023,0,109.3752457,217
5/25/2023,1,95.89200048,327
5/25/2023,2,126.922211,262
5/25/2023,3,98.92333594,210
5/25/2023,4,90.12668239,208
5/25/2023,5,88.30193922,82
5/25/2023,6,107.790333,83
5/25/2023,7,76.40362621,96
5/25/2023,8,65.74608212,146
5/25/2023,9,71.93487224,39
5/25/2023,10,92.1969117,197
5/25/2023,11,108.2280124,146
5/25/2023,12,102.8130949,343
5/25/2023,13,127.0397315,526
5/25/2023,14,138.9442782,315
5/25/2023,15,117.521437,306
5/25/2023,16,93.69152188,453
5/25/2023,17,137.1654114,227
5/25/2023,18,97.50771913,400
5/25/2023,19,92.2987791,427
5/25/2023,20,135.090887,296
5/25/2023,21,134.2568089,281
5/25/2023,22,131.5071526,381
5/25/2023,23,170.5329513,199
5/26/2023,0,103.6727998,246
5/26/2023,1,121.3684221,329
5/26/2023,2,191.8722443,179
5/26/2023,3,126.6691315,175
5/26/2023,4,126.4430273,176
5/26/2023,5,82.42916761,70
5/26/2023,6,88.51197759,31
5/26/2023,7,72.63253243,133
5/26/2023,8,97.98058943,29
5/26/2023,9,97.08092403,19
5/26/2023,10,115.0696862,129
5/26/2023,11,126.4408695,99
5/26/2023,12,117.4259502,318
5/26/2023,13,122.5620472,541
5/26/2023,14,123.4529557,238
5/26/2023,15,169.7805844,267
5/26/2023,16,116.9882483,309
5/26/2023,17,120.0039481,239
5/26/2023,18,159.7729108,267
5/26/2023,19,107.766923,318
5/26/2023,20,134.8790805,230
5/26/2023,21,134.4531792,244
5/26/2023,22,119.7939593,213
5/26/2023,23,135.3044855,151
5/27/2023,0,132.9937551,242
5/27/2023,1,134.2445239,265
5/27/2023,2,137.8669227,255
5/27/2023,3,143.1010671,110
5/27/2023,4,141.3047997,112
5/27/2023,5,206.5550127,128
5/27/2023,6,175.7852197,41
5/27/2023,7,125.1609812,55
5/27/2023,8,101.4606554,18
5/27/2023,9,51.73832619,13
5/27/2023,10,109.0305772,91
5/27/2023,11,128.0527404,70
5/27/2023,12,160.3767594,100
5/27/2023,13,118.5800069,188
5/27/2023,14,138.106551,146
5/27/2023,15,162.5694947,182
5/27/2023,16,175.1069873,221
5/27/2023,17,173.4399369,139
5/27/2023,18,153.3120447,186
5/27/2023,19,148.8079248,226
5/27/2023,20,111.1647079,140
5/27/2023,21,199.3001896,183
5/27/2023,22,114.4967114,213
5/27/2023,23,151.6688243,97
5/28/2023,0,130.628651,198
5/28/2023,1,153.1286951,241
5/28/2023,2,136.2670512,174
5/28/2023,3,145.8000904,159
5/28/2023,4,94.93603505,254
5/28/2023,5,140.9379325,71
5/28/2023,6,151.5909797,34
5/28/2023,7,122.4093086,98
5/28/2023,8,173.856968,15
5/28/2023,9,170.7051159,19
5/28/2023,10,88.80461915,81
5/28/2023,11,100.020431,40
5/28/2023,12,142.416488,95
5/28/2023,13,154.0326997,146
5/28/2023,14,161.1737148,143
5/28/2023,15,196.0893212,104
5/28/2023,16,112.7443891,270
5/28/2023,17,130.7767852,168
5/28/2023,18,143.8793008,166
5/28/2023,19,133.0540667,243
5/28/2023,20,152.4419587,123
5/28/2023,21,96.28087825,156
5/28/2023,22,118.3672529,288
5/28/2023,23,127.1217155,214
5/29/2023,0,127.7878812,168
5/29/2023,1,106.4889845,266
5/29/2023,2,148.6272143,116
5/29/2023,3,155.2648468,86
5/29/2023,4,217.451161,169
5/29/2023,5,147.3625054,89
5/29/2023,6,89.43648708,23
5/29/2023,7,83.85269311,62
5/29/2023,8,90.63135646,27
5/29/2023,9,91.16754187,31
5/29/2023,10,79.5560246,76
5/29/2023,11,104.6312269,82
5/29/2023,12,169.4148663,67
5/29/2023,13,105.9508354,143
5/29/2023,14,128.7823738,155
5/29/2023,15,193.3545331,157
5/29/2023,16,101.9338438,346
5/29/2023,17,155.8349075,275
5/29/2023,18,131.2266572,212
5/29/2023,19,119.812418,286
5/29/2023,20,106.2445004,245
5/29/2023,21,149.9981201,202
5/29/2023,22,117.6572011,237
5/29/2023,23,126.6788169,175
5/30/2023,0,135.5485128,140
5/30/2023,1,145.3406382,254
5/30/2023,2,146.4740145,187
5/30/2023,3,119.5286251,150
5/30/2023,4,128.1366626,181
5/30/2023,5,75.12073525,71
5/30/2023,6,78.85537462,27
5/30/2023,7,123.4942076,79
5/30/2023,8,156.126075,19
5/30/2023,9,71.5667892,26
5/30/2023,10,110.2029534,103
5/30/2023,11,150.6263974,155
5/30/2023,12,137.0267811,349
5/30/2023,13,110.909012,500
5/30/2023,14,96.87878755,278
5/30/2023,15,146.7202894,314
5/30/2023,16,128.1324866,405
5/30/2023,17,124.7894926,288
5/30/2023,18,128.2610899,270
5/30/2023,19,109.626965,485
5/30/2023,20,132.46861,244
5/30/2023,21,162.9623508,231
5/30/2023,22,151.844074,357
5/30/2023,23,156.520931,264
5/31/2023,0,161.0079271,235
5/31/2023,1,140.3655447,358
5/31/2023,2,156.2370898,207
5/31/2023,3,90.79327062,200
5/31/2023,4,92.67872969,236
5/31/2023,5,94.35073668,71
5/31/2023,6,130.4573664,32
5/31/2023,7,56.33293492,128
5/31/2023,8,114.0993739,24
5/31/2023,9,80.97870385,34
5/31/2023,10,72.59310928,139
5/31/2023,11,105.6616073,156
5/31/2023,12,130.0314464,316
5/31/2023,13,110.5484263,421
5/31/2023,14,131.3091923,304
5/31/2023,15,105.194685,310
5/31/2023,16,97.9760554,466
5/31/2023,17,110.3344121,373
5/31/2023,18,109.3592499,299
5/31/2023,19,102.3506149,386
5/31/2023,20,142.2177426,241
5/31/2023,21,125.6027663,302
5/31/2023,22,134.9004159,369
5/31/2023,23,152.348631,224
6/1/2023,0,181.0512328,285
6/1/2023,1,137.158009,349
6/1/2023,2,178.9405528,261
6/1/2023,3,148.8928784,114
6/1/2023,4,97.62122307,326
6/1/2023,5,121.6066041,83
6/1/2023,6,139.6238458,76
6/1/2023,7,74.20606639,140
6/1/2023,8,91.62927155,64
6/1/2023,9,81.75631105,23
6/1/2023,10,113.7637715,129
6/1/2023,11,114.9893514,139
6/1/2023,12,116.5369409,378
6/1/2023,13,117.2220271,454
6/1/2023,14,114.9885473,281
6/1/2023,15,116.9539992,270
6/1/2023,16,83.61371528,421
6/1/2023,17,116.500284,234
6/1/2023,18,136.0301512,407
6/1/2023,19,86.61788111,509
6/1/2023,20,125.0575819,231
6/1/2023,21,94.71142508,304
6/1/2023,22,121.0482208,355
6/1/2023,23,110.5351547,261
6/2/2023,0,114.3469002,309
6/2/2023,1,113.8088166,346
6/2/2023,2,101.470098,286
6/2/2023,3,137.5112425,132
6/2/2023,4,73.96008805,295
6/2/2023,5,88.34995439,114
6/2/2023,6,87.54485272,97
6/2/2023,7,55.94182896,151
6/2/2023,8,43.6180157,74
6/2/2023,9,92.52426743,36
6/2/2023,10,66.55439449,178
6/2/2023,11,130.3743339,194
6/2/2023,12,122.4329968,425
6/2/2023,13,118.5964209,457
6/2/2023,14,102.5368095,402
6/2/2023,15,128.2163903,334
6/2/2023,16,124.727456,433
6/2/2023,17,110.5267266,364
6/2/2023,18,112.7141787,388
6/2/2023,19,97.20094918,439
6/2/2023,20,86.79608752,404
6/2/2023,21,104.998567,307
6/2/2023,22,91.18600762,391
6/2/2023,23,127.5350336,211
6/3/2023,0,112.1985256,222
6/3/2023,1,97.72399175,359
6/3/2023,2,103.5663404,266
6/3/2023,3,96.66139039,155
6/3/2023,4,94.21752757,236
6/3/2023,5,91.26195245,92
6/3/2023,6,64.9586281,83
6/3/2023,7,85.84081066,93
6/3/2023,8,84.50082962,66
6/3/2023,9,187.042593,24
6/3/2023,10,87.72566501,137
6/3/2023,11,121.3228373,72
6/3/2023,12,127.6781377,140
6/3/2023,13,117.392902,211
6/3/2023,14,133.7897139,246
6/3/2023,15,136.9042781,169
6/3/2023,16,106.832488,253
6/3/2023,17,126.8650425,200
6/3/2023,18,103.3111767,299
6/3/2023,19,129.5289129,368
6/3/2023,20,105.709739,254
6/3/2023,21,119.1049886,214
6/3/2023,22,92.97708202,215
6/3/2023,23,148.1076128,173
6/4/2023,0,101.2689097,265
6/4/2023,1,106.0729865,260
6/4/2023,2,96.55831058,176
6/4/2023,3,127.0946002,96
6/4/2023,4,85.57793756,350
6/4/2023,5,81.76367383,84
6/4/2023,6,60.77857756,76
6/4/2023,7,79.26892164,142
6/4/2023,8,56.44954789,69
6/4/2023,9,86.39733273,34
6/4/2023,10,63.16023848,107
6/4/2023,11,109.4129993,78
6/4/2023,12,86.68643869,118
6/4/2023,13,87.24304361,249
6/4/2023,14,131.023773,226
6/4/2023,15,113.5294184,206
6/4/2023,16,98.6277308,249
6/4/2023,17,124.3066437,222
6/4/2023,18,106.3698539,250
6/4/2023,19,102.176376,227
6/4/2023,20,90.73127993,254
6/4/2023,21,85.55969319,183
6/4/2023,22,87.81354416,309
6/4/2023,23,116.3178082,179
6/5/2023,0,96.24543042,249
6/5/2023,1,78.66408703,337
6/5/2023,2,132.498057,210
6/5/2023,3,186.8135556,195
6/5/2023,4,112.2780001,194
6/5/2023,5,88.74736967,96
6/5/2023,6,103.6594751,50
6/5/2023,7,80.33427322,94
6/5/2023,8,113.0336406,59
6/5/2023,9,115.2981192,33
6/5/2023,10,82.050639,141
6/5/2023,11,135.6563352,159
6/5/2023,12,99.55215689,555
6/5/2023,13,99.29453555,596
6/5/2023,14,99.23044737,578
6/5/2023,15,119.1150536,616
6/5/2023,16,99.52621767,620
6/5/2023,17,104.1999905,314
6/5/2023,18,113.7820235,327
6/5/2023,19,103.8909102,617
6/5/2023,20,119.2616243,425
6/5/2023,21,143.7850219,290
6/5/2023,22,97.57462904,511
6/5/2023,23,105.7582997,247
6/6/2023,0,117.409033,399
6/6/2023,1,101.4765008,350
6/6/2023,2,107.237141,229
6/6/2023,3,160.8792352,153
6/6/2023,4,81.69891022,315
6/6/2023,5,122.1629167,78
6/6/2023,6,90.08137464,78
6/6/2023,7,80.77208942,144
6/6/2023,8,44.51032854,62
6/6/2023,9,82.94134644,42
6/6/2023,10,71.24062126,244
6/6/2023,11,121.820547,140
6/6/2023,12,116.7651116,449
6/6/2023,13,102.143454,593
6/6/2023,14,137.6935959,331
6/6/2023,15,144.1562322,340
6/6/2023,16,80.45018912,519
6/6/2023,17,136.4855315,305
6/6/2023,18,134.2864789,273
6/6/2023,19,82.73834703,495
6/6/2023,20,108.2964126,264
6/6/2023,21,97.47195528,215
6/6/2023,22,102.630844,335
6/6/2023,23,135.7658729,286
6/7/2023,0,119.297922,226
6/7/2023,1,138.1329982,316
6/7/2023,2,143.9386039,213
6/7/2023,3,125.0377604,178
6/7/2023,4,103.4707031,144
6/7/2023,5,102.2290358,89
6/7/2023,6,68.17983831,55
6/7/2023,7,94.24948888,48
6/7/2023,8,105.7434849,32
6/7/2023,9,170.4921098,64
6/7/2023,10,128.8167659,94
6/7/2023,11,139.0165602,103
6/7/2023,12,132.9350873,327
6/7/2023,13,170.3561669,349
6/7/2023,14,99.26309296,368
6/7/2023,15,117.29669,281
6/7/2023,16,123.6331489,310
6/7/2023,17,116.8104059,244
6/7/2023,18,137.9035429,204
6/7/2023,19,133.6211131,244
6/7/2023,20,117.9673968,252
6/7/2023,21,142.9515295,228
6/7/2023,22,149.2603815,266
6/7/2023,23,182.272587,253
6/8/2023,0,160.0085732,250
6/8/2023,1,165.069477,357
6/8/2023,2,126.9154462,202
6/8/2023,3,137.6985981,146
6/8/2023,4,81.51877224,163
6/8/2023,5,87.45944941,90
6/8/2023,6,135.1096928,64
6/8/2023,7,118.7473571,29
6/8/2023,8,145.37646,31
6/8/2023,9,116.900895,42
6/8/2023,10,102.5823277,62
6/8/2023,11,124.7965571,127
6/8/2023,12,122.6628902,337
6/8/2023,13,135.5546446,348
6/8/2023,14,170.5640297,351
6/8/2023,15,167.37958,248
6/8/2023,16,116.0617034,274
6/8/2023,17,130.1787651,350
6/8/2023,18,120.9477451,377
6/8/2023,19,141.423269,247
6/8/2023,20,158.1410198,229
6/8/2023,21,187.3636804,265
6/8/2023,22,134.093326,287
6/8/2023,23,121.6928409,252
6/9/2023,0,130.6038711,254
6/9/2023,1,140.4748895,251
6/9/2023,2,105.175891,303
6/9/2023,3,125.8314992,163
6/9/2023,4,106.3094849,158
6/9/2023,5,73.73722698,91
6/9/2023,6,141.6041859,43
6/9/2023,7,144.4590745,31
6/9/2023,8,163.9317959,28
6/9/2023,9,179.3846093,72
6/9/2023,10,168.43269,99
6/9/2023,11,140.6263355,151
6/9/2023,12,115.1380322,426
6/9/2023,13,132.7500109,431
6/9/2023,14,123.1335782,328
6/9/2023,15,133.6757322,300
6/9/2023,16,100.7684644,283
6/9/2023,17,151.2180218,300
6/9/2023,18,98.04563412,355
6/9/2023,19,115.1365072,273
6/9/2023,20,128.927034,247
6/9/2023,21,168.8741373,288
6/9/2023,22,158.2182708,187
6/9/2023,23,163.2446301,179
6/10/2023,0,173.2008815,287
6/10/2023,1,123.6375331,236
6/10/2023,2,103.7342182,250
6/10/2023,3,111.3296942,228
6/10/2023,4,108.4805631,113
6/10/2023,5,76.97166445,39
6/10/2023,6,65.22616069,78
6/10/2023,7,90.15602642,23
6/10/2023,8,201.5715705,21
6/10/2023,9,229.4557053,35
6/10/2023,10,165.1312964,52
6/10/2023,11,146.0984563,93
6/10/2023,12,180.2550589,102
6/10/2023,13,114.9012099,155
6/10/2023,14,147.2911284,197
6/10/2023,15,207.173683,179
6/10/2023,16,184.9010424,158
6/10/2023,17,118.428171,167
6/10/2023,18,151.5216148,196
6/10/2023,19,99.99376746,275
6/10/2023,20,140.9371772,218
6/10/2023,21,121.2286973,190
6/10/2023,22,113.3018446,230
6/10/2023,23,161.9886939,184
6/11/2023,0,123.4181578,336
6/11/2023,1,115.4583654,237
6/11/2023,2,94.13066169,228
6/11/2023,3,145.8238394,218
6/11/2023,4,99.8881645,130
6/11/2023,5,73.13946241,62
6/11/2023,6,106.7554902,42
6/11/2023,7,149.864806,36
6/11/2023,8,143.1463079,33
6/11/2023,9,62.39768862,16
6/11/2023,10,143.6022656,38
6/11/2023,11,124.5967911,113
6/11/2023,12,120.6195278,129
6/11/2023,13,136.3595149,155
6/11/2023,14,123.8010111,145
6/11/2023,15,140.7329592,195
6/11/2023,16,113.9089132,204
6/11/2023,17,122.1036927,276
6/11/2023,18,215.5307559,344
6/11/2023,19,133.6032798,211
6/11/2023,20,134.061617,211
6/11/2023,21,154.9228962,202
6/11/2023,22,157.3790389,271
6/11/2023,23,155.5417317,340
6/12/2023,0,164.4351156,219
6/12/2023,1,134.5203719,243
6/12/2023,2,147.9792897,181
6/12/2023,3,133.1890796,208
6/12/2023,4,91.74823477,99
6/12/2023,5,89.94402838,93
6/12/2023,6,69.84464238,41
6/12/2023,7,154.091281,12
6/12/2023,8,116.1646537,21
6/12/2023,9,97.6868635,38
6/12/2023,10,113.5655148,85
6/12/2023,11,92.98220494,189
6/12/2023,12,129.9198013,359
6/12/2023,13,155.0358597,427
6/12/2023,14,176.8227366,319
6/12/2023,15,115.4999861,341
6/12/2023,16,127.4547738,276
6/12/2023,17,94.60723359,362
6/12/2023,18,122.34044,292
6/12/2023,19,117.1142774,253
6/12/2023,20,109.7169851,339
6/12/2023,21,119.6070828,339
6/12/2023,22,115.8549331,202
6/12/2023,23,143.7875633,239
6/13/2023,0,110.0059114,305
6/13/2023,1,133.3939594,287
6/13/2023,2,112.6550961,277
6/13/2023,3,139.3378089,190
6/13/2023,4,123.8577959,114
6/13/2023,5,92.511629,94
6/13/2023,6,222.1326869,40
6/13/2023,7,146.9914816,24
6/13/2023,8,55.39044767,58
6/13/2023,9,102.2158902,34
6/13/2023,10,148.3300179,83
6/13/2023,11,137.2255228,115
6/13/2023,12,148.7661894,321
6/13/2023,13,132.8003081,353
6/13/2023,14,180.3409711,314
6/13/2023,15,141.7525368,279
6/13/2023,16,155.3326219,239
6/13/2023,17,115.3969467,254
6/13/2023,18,136.8219617,303
6/13/2023,19,156.8407897,264
6/13/2023,20,144.7850459,316
6/13/2023,21,143.2660843,317
6/13/2023,22,179.560087,234
6/13/2023,23,172.6498968,255
6/14/2023,0,118.9469611,229
6/14/2023,1,136.4028985,281
6/14/2023,2,116.4724371,354
6/14/2023,3,158.9726212,174
6/14/2023,4,119.6945758,117
6/14/2023,5,70.54749043,118
6/14/2023,6,87.28403371,53
6/14/2023,7,144.8132948,25
6/14/2023,8,108.0203541,10
6/14/2023,9,100.6209033,56
6/14/2023,10,128.0873367,88
6/14/2023,11,129.0198181,123
6/14/2023,12,126.4812781,418
6/14/2023,13,166.2694708,407
6/14/2023,14,105.5080259,355
6/14/2023,15,119.5252592,371
6/14/2023,16,129.5587565,218
6/14/2023,17,120.1314521,302
6/14/2023,18,115.9743283,244
6/14/2023,19,136.0464367,176
6/14/2023,20,119.6622157,205
6/14/2023,21,177.6540103,180
6/14/2023,22,128.0457298,262
6/14/2023,23,136.397552,276
6/15/2023,0,155.3547839,269
6/15/2023,1,121.9045561,271
6/15/2023,2,109.8793783,179
6/15/2023,3,114.6413966,160
6/15/2023,4,75.62613568,123
6/15/2023,5,89.88201456,114
6/15/2023,6,103.7486488,66
6/15/2023,7,74.67282796,34
6/15/2023,8,59.1994492,20
6/15/2023,9,137.6570516,35
6/15/2023,10,158.7261541,85
6/15/2023,11,136.3991864,186
6/15/2023,12,117.1167513,404
6/15/2023,13,153.3032225,261
6/15/2023,14,133.1870588,294
6/15/2023,15,117.1300498,339
6/15/2023,16,113.4334806,272
6/15/2023,17,174.9676486,251
6/15/2023,18,114.8636806,368
6/15/2023,19,167.7343873,301
6/15/2023,20,141.112464,226
6/15/2023,21,180.0651702,258
6/15/2023,22,146.611132,232
6/15/2023,23,116.8231456,218
6/16/2023,0,162.7348353,197
6/16/2023,1,134.3425239,250
6/16/2023,2,112.7900387,354
6/16/2023,3,110.5827106,263
6/16/2023,4,105.8393371,178
6/16/2023,5,78.94047037,178
6/16/2023,6,85.57758699,74
6/16/2023,7,80.86879525,37
6/16/2023,8,104.1189225,31
6/16/2023,9,162.4780106,26
6/16/2023,10,106.3445547,94
6/16/2023,11,126.2207561,108
6/16/2023,12,133.7287812,481
6/16/2023,13,130.6676928,319
6/16/2023,14,158.682204,305
6/16/2023,15,161.8251891,336
6/16/2023,16,139.0694093,262
6/16/2023,17,125.4449232,257
6/16/2023,18,151.9820402,264
6/16/2023,19,163.9403442,351
6/16/2023,20,194.4864192,326
6/16/2023,21,171.6002554,231
6/16/2023,22,138.7563394,217
6/16/2023,23,116.18518,246
6/17/2023,0,138.7548987,211
6/17/2023,1,148.8366909,204
6/17/2023,2,117.6805225,197
6/17/2023,3,154.0451725,194
6/17/2023,4,91.32059823,107
6/17/2023,5,147.1572791,67
6/17/2023,6,128.8777721,70
6/17/2023,7,145.3255086,38
6/17/2023,8,89.94350263,30
6/17/2023,9,50.09239621,20
6/17/2023,10,201.2230623,35
6/17/2023,11,148.5650995,75
6/17/2023,12,115.7224119,164
6/17/2023,13,221.5566927,144
6/17/2023,14,150.4265345,254
6/17/2023,15,170.701609,557
6/17/2023,16,147.951686,316
6/17/2023,17,132.2974092,229
6/17/2023,18,128.621978,207
6/17/2023,19,158.6620417,308
6/17/2023,20,158.7659386,256
6/17/2023,21,173.5640975,167
6/17/2023,22,164.3201957,164
6/17/2023,23,114.9555376,169
6/18/2023,0,160.1045819,237
6/18/2023,1,143.9991303,181
6/18/2023,2,129.504189,183
6/18/2023,3,114.5368375,172
6/18/2023,4,90.74020193,164
6/18/2023,5,91.08033993,83
6/18/2023,6,100.8093336,49
6/18/2023,7,115.8962184,37
6/18/2023,8,230.0884931,36
6/18/2023,9,128.026716,15
6/18/2023,10,140.4093231,42
6/18/2023,11,170.2027535,50
6/18/2023,12,130.667657,90
6/18/2023,13,151.4926438,103
6/18/2023,14,166.3016395,125
6/18/2023,15,182.8235324,119
6/18/2023,16,131.3641729,193
6/18/2023,17,118.820045,198
6/18/2023,18,129.9390276,156
6/18/2023,19,121.7815806,132
6/18/2023,20,150.5539393,171
6/18/2023,21,170.2890803,136
6/18/2023,22,109.42224,187
6/18/2023,23,103.3029185,156
6/19/2023,0,158.5314253,176
6/19/2023,1,156.6073847,216
6/19/2023,2,144.9356086,193
6/19/2023,3,120.9507421,181
6/19/2023,4,88.37901756,165
6/19/2023,5,81.55961802,85
6/19/2023,6,159.1991081,38
6/19/2023,7,118.6569866,19
6/19/2023,8,110.1961436,28
6/19/2023,9,181.2298721,21
6/19/2023,10,142.2228723,55
6/19/2023,11,151.9171333,89
6/19/2023,12,156.5525287,134
6/19/2023,13,155.6918906,266
6/19/2023,14,132.1445486,260
6/19/2023,15,147.7200237,331
6/19/2023,16,171.4001728,233
6/19/2023,17,167.4661245,232
6/19/2023,18,115.5401633,363
6/19/2023,19,131.9017369,288
6/19/2023,20,132.502498,239
6/19/2023,21,143.3704024,297
6/19/2023,22,138.1428058,201
6/19/2023,23,181.2516002,261
6/20/2023,0,157.0194828,276
6/20/2023,1,160.1134715,168
6/20/2023,2,149.2115218,155
6/20/2023,3,149.6522533,140
6/20/2023,4,107.122005,133
6/20/2023,5,113.7638212,69
6/20/2023,6,236.9370455,42
6/20/2023,7,168.1875076,22
6/20/2023,8,145.2429374,40
6/20/2023,9,143.3980148,50
6/20/2023,10,134.7397552,78
6/20/2023,11,162.8135627,118
6/20/2023,12,162.6378482,350
6/20/2023,13,135.4870069,403
6/20/2023,14,137.6044658,348
6/20/2023,15,120.3317159,336
6/20/2023,16,132.2979148,286
6/20/2023,17,106.8083547,266
6/20/2023,18,126.7953975,278
6/20/2023,19,151.0390491,241
6/20/2023,20,108.0694986,265
6/20/2023,21,156.8711124,225
6/20/2023,22,125.5658359,249
6/20/2023,23,142.2836531,189
6/21/2023,0,152.0725643,379
6/21/2023,1,145.477567,244
6/21/2023,2,147.0477837,258
6/21/2023,3,118.3217142,201
6/21/2023,4,116.0580233,163
6/21/2023,5,71.12467489,76
6/21/2023,6,70.86354647,65
6/21/2023,7,129.744354,19
6/21/2023,8,143.5271187,50
6/21/2023,9,129.0963315,37
6/21/2023,10,163.0263147,68
6/21/2023,11,128.1594706,141
6/21/2023,12,134.6348019,433
6/21/2023,13,112.9398428,388
6/21/2023,14,141.4508371,327
6/21/2023,15,132.1871998,327
6/21/2023,16,146.2393854,297
6/21/2023,17,148.9358163,305
6/21/2023,18,96.08909215,318
6/21/2023,19,142.965175,342
6/21/2023,20,135.7640002,309
6/21/2023,21,119.8803544,284
6/21/2023,22,121.7523249,301
6/21/2023,23,148.6194873,261
6/22/2023,0,141.0600253,290
6/22/2023,1,149.7498287,345
6/22/2023,2,120.1247729,218
6/22/2023,3,134.0796533,217
6/22/2023,4,105.4113196,221
6/22/2023,5,76.76606618,78
6/22/2023,6,71.98849197,78
6/22/2023,7,89.03786209,31
6/22/2023,8,135.6961063,38
6/22/2023,9,199.5859251,15
6/22/2023,10,182.1301402,52
6/22/2023,11,135.7745971,155
6/22/2023,12,113.1728355,345
6/22/2023,13,127.2576477,325
6/22/2023,14,129.1436462,437
6/22/2023,15,103.5762643,343
6/22/2023,16,115.6308991,313
6/22/2023,17,143.1102814,248
6/22/2023,18,115.3246914,394
6/22/2023,19,129.317489,262
6/22/2023,20,135.5106671,248
6/22/2023,21,158.7413683,280
6/22/2023,22,114.7438231,298
6/22/2023,23,102.2228009,241
6/23/2023,0,155.029699,566
6/23/2023,1,187.4866076,678
6/23/2023,2,205.2864673,489
6/23/2023,3,141.4742332,245
6/23/2023,4,134.8193792,150
6/23/2023,5,76.86633358,70
6/23/2023,6,85.77287528,94
6/23/2023,7,71.34082904,64
6/23/2023,8,120.2454388,83
6/23/2023,9,100.4833073,49
6/23/2023,10,156.6127921,85
6/23/2023,11,146.6895068,143
6/23/2023,12,115.4797357,517
6/23/2023,13,162.5343522,274
6/23/2023,14,135.8656012,343
6/23/2023,15,133.8521014,239
6/23/2023,16,148.0958102,261
6/23/2023,17,156.1773811,255
6/23/2023,18,168.2064842,319
6/23/2023,19,132.1309914,234
6/23/2023,20,129.2394109,292
6/23/2023,21,128.0769427,275
6/23/2023,22,132.9952924,257
6/23/2023,23,135.8448386,257
6/24/2023,0,138.4149226,293
6/24/2023,1,121.3111042,297
6/24/2023,2,130.656786,286
6/24/2023,3,130.6701089,208
6/24/2023,4,119.6456199,146
6/24/2023,5,77.0514639,126
6/24/2023,6,54.88373093,88
6/24/2023,7,93.92939587,33
6/24/2023,8,126.5412262,38
6/24/2023,9,162.2523704,18
6/24/2023,10,160.126564,38
6/24/2023,11,93.38328107,67
6/24/2023,12,156.0298234,99
6/24/2023,13,174.7822889,164
6/24/2023,14,147.2657425,200
6/24/2023,15,129.1839447,211
6/24/2023,16,131.2400091,187
6/24/2023,17,134.0809781,221
6/24/2023,18,169.75462,257
6/24/2023,19,126.9845463,263
6/24/2023,20,172.6295012,211
6/24/2023,21,140.5709093,183
6/24/2023,22,126.0880952,218
6/24/2023,23,127.9311573,209
6/25/2023,0,160.6272295,291
6/25/2023,1,160.4341673,279
6/25/2023,2,118.2201243,279
6/25/2023,3,148.7308205,247
6/25/2023,4,94.07927677,186
6/25/2023,5,87.6995854,102
6/25/2023,6,184.4307473,87
6/25/2023,7,109.1462245,31
6/25/2023,8,183.9463058,17
6/25/2023,9,124.9049941,25
6/25/2023,10,78.85674754,31
6/25/2023,11,166.7506636,83
6/25/2023,12,113.7512774,137
6/25/2023,13,120.8650692,161
6/25/2023,14,161.8827353,206
6/25/2023,15,125.9765276,152
6/25/2023,16,140.5798235,223
6/25/2023,17,183.3349733,217
6/25/2023,18,124.4250106,234
6/25/2023,19,123.920826,225
6/25/2023,20,107.1827864,198
6/25/2023,21,163.6211869,246
6/25/2023,22,170.4195995,222
6/25/2023,23,128.0595281,236
6/26/2023,0,155.1336826,220
6/26/2023,1,182.3064502,231
6/26/2023,2,205.4810754,168
6/26/2023,3,136.2770009,157
6/26/2023,4,88.40296297,162
6/26/2023,5,85.38201404,117
6/26/2023,6,58.16885603,84
6/26/2023,7,83.0946722,27
6/26/2023,8,71.52596249,31
6/26/2023,9,171.620644,55
6/26/2023,10,79.61237679,61
6/26/2023,11,141.0493912,161
6/26/2023,12,94.11690728,266
6/26/2023,13,112.7699596,336
6/26/2023,14,147.0000998,290
6/26/2023,15,112.2828269,354
6/26/2023,16,114.1125042,326
6/26/2023,17,108.6634406,267
6/26/2023,18,100.8722089,337
6/26/2023,19,124.7579988,374
6/26/2023,20,150.7030458,309
6/26/2023,21,118.9807079,307
6/26/2023,22,127.8612911,358
6/26/2023,23,136.5169185,340
6/27/2023,0,136.0315533,294
6/27/2023,1,179.9382755,390
6/27/2023,2,133.4599332,333
6/27/2023,3,128.3283041,205
6/27/2023,4,98.71773835,140
6/27/2023,5,154.4549437,122
6/27/2023,6,81.65750785,97
6/27/2023,7,173.7300971,39
6/27/2023,8,74.48241493,21
6/27/2023,9,54.62401553,27
6/27/2023,10,152.0044084,51
6/27/2023,11,81.51596932,141
6/27/2023,12,120.9471991,183
6/27/2023,13,164.6003108,305
6/27/2023,14,138.0519939,329
6/27/2023,15,123.9525991,270
6/27/2023,16,141.4211107,222
6/27/2023,17,128.6573533,344
6/27/2023,18,125.0607203,289
6/27/2023,19,154.3378384,261
6/27/2023,20,179.4440931,293
6/27/2023,21,143.8742358,285
6/27/2023,22,144.5871441,301
6/27/2023,23,130.7273949,250
6/28/2023,0,119.7506988,280
6/28/2023,1,132.6719057,254
6/28/2023,2,126.5807126,308
6/28/2023,3,146.5978083,199
6/28/2023,4,143.6204502,394
6/28/2023,5,74.83310136,166
6/28/2023,6,143.9308767,88
6/28/2023,7,108.5233003,38
6/28/2023,8,80.52871543,32
6/28/2023,9,166.1333863,82
6/28/2023,10,129.7858165,47
6/28/2023,11,111.9181962,148
6/28/2023,12,120.7896162,221
6/28/2023,13,111.6038958,311
6/28/2023,14,143.3823465,231
6/28/2023,15,116.367473,353
6/28/2023,16,124.3953123,330
6/28/2023,17,102.9624415,313
6/28/2023,18,96.46953968,404
6/28/2023,19,128.9290239,315
6/28/2023,20,140.2482553,254
6/28/2023,21,121.5773915,203
6/28/2023,22,120.6631215,194
6/28/2023,23,166.867171,256
6/29/2023,0,150.3969388,359
6/29/2023,1,117.1054982,389
6/29/2023,2,137.6078381,280
6/29/2023,3,143.3994507,207
6/29/2023,4,138.4955116,211
6/29/2023,5,91.17019847,142
6/29/2023,6,115.7752254,100
6/29/2023,7,67.49347862,60
6/29/2023,8,86.22433898,23
6/29/2023,9,153.8643275,28
6/29/2023,10,180.332728,58
6/29/2023,11,116.689265,152
6/29/2023,12,122.8235394,439
6/29/2023,13,123.1711685,258
6/29/2023,14,141.690345,370
6/29/2023,15,121.2150031,289
6/29/2023,16,124.2827095,261
6/29/2023,17,154.2684851,278
6/29/2023,18,115.2598406,431
6/29/2023,19,127.4087031,334
6/29/2023,20,132.1140238,328
6/29/2023,21,136.0938726,296
6/29/2023,22,139.0724501,262
6/29/2023,23,157.5938812,220
6/30/2023,0,141.9130986,212
6/30/2023,1,157.987018,260
6/30/2023,2,161.9645703,245
6/30/2023,3,159.4189401,332
6/30/2023,4,130.6100407,206
6/30/2023,5,77.54637269,103
6/30/2023,6,58.96363763,81
6/30/2023,7,132.6854342,29
6/30/2023,8,76.42800212,18
6/30/2023,9,129.8218188,32
6/30/2023,10,118.8471411,49
6/30/2023,11,124.3377074,288
6/30/2023,12,159.8506596,359
6/30/2023,13,132.800485,249
6/30/2023,14,131.1562731,279
6/30/2023,15,116.5091383,343
6/30/2023,16,119.5625399,306
6/30/2023,17,170.9009433,271
6/30/2023,18,157.1011577,249
6/30/2023,19,132.5633366,435
6/30/2023,20,164.5299904,232
6/30/2023,21,155.3503821,191
6/30/2023,22,143.5807694,224
6/30/2023,23,147.9267306,236
7/1/2023,0,135.4146523,249
7/1/2023,1,161.6111046,212
7/1/2023,2,137.2358202,190
7/1/2023,3,137.3021309,198
7/1/2023,4,70.42051443,161
7/1/2023,5,83.04753097,153
7/1/2023,6,64.65324907,69
7/1/2023,7,177.852078,27
7/1/2023,8,67.34966533,18
7/1/2023,9,87.41684012,23
7/1/2023,10,106.4412389,42
7/1/2023,11,98.04958916,82
7/1/2023,12,182.3066496,114
7/1/2023,13,182.4316999,154
7/1/2023,14,112.7746877,206
7/1/2023,15,122.6844942,227
7/1/2023,16,165.501878,209
7/1/2023,17,134.0496367,187
7/1/2023,18,183.1236405,173
7/1/2023,19,177.7051593,203
7/1/2023,20,199.1257349,272
7/1/2023,21,186.2620967,271
7/1/2023,22,175.0147341,169
7/1/2023,23,197.7479787,263
7/2/2023,0,142.6363279,216
7/2/2023,1,150.108588,198
7/2/2023,2,134.7230079,194
7/2/2023,3,116.0138123,221
7/2/2023,4,92.14590827,157
7/2/2023,5,102.1878964,119
7/2/2023,6,85.35643452,70
7/2/2023,7,108.715047,42
7/2/2023,8,116.5106258,25
7/2/2023,9,76.20110899,20
7/2/2023,10,225.5113602,26
7/2/2023,11,162.1493467,85
7/2/2023,12,160.0957131,122
7/2/2023,13,189.1519174,109
7/2/2023,14,160.8411158,143
7/2/2023,15,140.8004815,137
7/2/2023,16,144.9057306,169
7/2/2023,17,175.7302502,145
7/2/2023,18,140.4264928,270
7/2/2023,19,126.8578949,195
7/2/2023,20,154.0336904,245
7/2/2023,21,127.3514982,255
7/2/2023,22,120.6722991,266
7/2/2023,23,121.4592218,237
7/3/2023,0,99.14261183,296
7/3/2023,1,129.543984,233
7/3/2023,2,127.8663387,271
7/3/2023,3,125.9398813,165
7/3/2023,4,131.9210563,124
7/3/2023,5,105.3252727,152
7/3/2023,6,38.04972134,77
7/3/2023,7,161.4980953,22
7/3/2023,8,79.21284211,28
7/3/2023,9,177.0217671,25
7/3/2023,10,159.0066511,49
7/3/2023,11,114.3231913,145
7/3/2023,12,162.9290944,341
7/3/2023,13,135.3842361,377
7/3/2023,14,143.0484149,309
7/3/2023,15,124.7669983,386
7/3/2023,16,125.4597086,260
7/3/2023,17,150.5126392,234
7/3/2023,18,168.7271388,228
7/3/2023,19,150.8661711,247
7/3/2023,20,144.6683263,203
7/3/2023,21,129.9000052,240
7/3/2023,22,155.3607678,210
7/3/2023,23,136.25291,316
7/4/2023,0,100.0708461,206
7/4/2023,1,138.232779,211
7/4/2023,2,139.927173,286
7/4/2023,3,124.5557407,219
7/4/2023,4,69.71140811,179
7/4/2023,5,106.4635894,128
7/4/2023,6,61.9997948,88
7/4/2023,7,253.161704,14
7/4/2023,8,100.7669819,24
7/4/2023,9,129.8707984,31
7/4/2023,10,210.077486,37
7/4/2023,11,142.5597021,93
7/4/2023,12,138.8617338,123
7/4/2023,13,140.7137504,135
7/4/2023,14,165.8217223,192
7/4/2023,15,141.4575704,167
7/4/2023,16,159.2668906,182
7/4/2023,17,221.3954786,145
7/4/2023,18,94.63546248,180
7/4/2023,19,146.0159282,207
7/4/2023,20,154.9011126,198
7/4/2023,21,250.1886765,135
7/4/2023,22,175.489939,153
7/4/2023,23,182.4155463,154
7/5/2023,0,131.2917434,149
7/5/2023,1,141.1007256,203
7/5/2023,2,139.2657287,118
7/5/2023,3,109.9719373,157
7/5/2023,4,119.1904873,148
7/5/2023,5,112.928668,87
7/5/2023,6,53.42083509,66
7/5/2023,7,238.7108671,18
7/5/2023,8,105.3839675,13
7/5/2023,9,168.1992071,47
7/5/2023,10,176.8337413,61
7/5/2023,11,133.8206262,108
7/5/2023,12,126.4814113,415
7/5/2023,13,142.7372575,330
7/5/2023,14,121.5197042,351
7/5/2023,15,161.9916291,258
7/5/2023,16,155.4303879,278
7/5/2023,17,140.0119778,385
7/5/2023,18,176.892894,299
7/5/2023,19,169.0276204,277
7/5/2023,20,117.5567057,243
7/5/2023,21,124.2764928,312
7/5/2023,22,126.1071568,341
7/5/2023,23,118.3583286,244
7/6/2023,0,128.8030353,256
7/6/2023,1,164.7246913,253
7/6/2023,2,133.3682435,361
7/6/2023,3,163.45462,237
7/6/2023,4,106.2793633,153
7/6/2023,5,88.86583687,73
7/6/2023,6,122.7824817,74
7/6/2023,7,75.73087907,45
7/6/2023,8,187.8787606,15
7/6/2023,9,132.7937048,25
7/6/2023,10,122.6573004,46
7/6/2023,11,102.1886355,139
7/6/2023,12,115.3708641,388
7/6/2023,13,132.7161051,275
7/6/2023,14,150.1603095,301
7/6/2023,15,171.7741297,276
7/6/2023,16,127.7416307,240
7/6/2023,17,143.8822134,232
7/6/2023,18,123.9669903,427
7/6/2023,19,119.6484059,292
7/6/2023,20,141.6673017,325
7/6/2023,21,168.9624978,249
7/6/2023,22,132.4544005,356
7/6/2023,23,119.5299,299
7/7/2023,0,136.8857695,230
7/7/2023,1,165.5983086,313
7/7/2023,2,151.2769182,247
7/7/2023,3,157.4675717,149
7/7/2023,4,113.070918,146
7/7/2023,5,54.14471959,92
7/7/2023,6,78.63740002,81
7/7/2023,7,127.2844445,48
7/7/2023,8,100.9404512,58
7/7/2023,9,127.6606262,30
7/7/2023,10,137.874025,68
7/7/2023,11,121.4620723,316
7/7/2023,12,143.8981872,279
7/7/2023,13,115.6037931,279
7/7/2023,14,122.7627055,308
7/7/2023,15,132.1198451,304
7/7/2023,16,169.1016321,249
7/7/2023,17,125.0608263,326
7/7/2023,18,104.5830391,301
7/7/2023,19,165.6516903,228
7/7/2023,20,172.7041973,347
7/7/2023,21,149.8244247,261
7/7/2023,22,114.3967873,203
7/7/2023,23,135.1971195,178
7/8/2023,0,130.7883455,182
7/8/2023,1,111.466965,236
7/8/2023,2,88.69327836,255
7/8/2023,3,119.5937965,326
7/8/2023,4,126.7616435,127
7/8/2023,5,102.6137159,82
7/8/2023,6,39.03928421,104
7/8/2023,7,160.7197303,23
7/8/2023,8,68.94302501,17
7/8/2023,9,56.82520015,34
7/8/2023,10,70.30333266,22
7/8/2023,11,139.4109569,57
7/8/2023,12,158.459132,144
7/8/2023,13,144.7070974,141
7/8/2023,14,168.7044468,138
7/8/2023,15,180.6457392,181
7/8/2023,16,138.7234761,187
7/8/2023,17,193.6155518,181
7/8/2023,18,152.1925517,305
7/8/2023,19,134.2264062,268
7/8/2023,20,119.1915712,235
7/8/2023,21,143.0044479,188
7/8/2023,22,158.0483892,178
7/8/2023,23,171.2577309,171
7/9/2023,0,196.8582104,196
7/9/2023,1,159.4302643,246
7/9/2023,2,104.516689,213
7/9/2023,3,100.8279502,235
7/9/2023,4,104.1852602,107
7/9/2023,5,80.67413904,108
7/9/2023,6,97.83968528,73
7/9/2023,7,117.9729471,11
7/9/2023,8,142.9749366,37
7/9/2023,9,116.6151365,21
7/9/2023,10,98.69418458,19
7/9/2023,11,157.8424536,82
7/9/2023,12,154.1988951,106
7/9/2023,13,131.599951,114
7/9/2023,14,121.8607771,228
7/9/2023,15,137.4723617,222
7/9/2023,16,157.5780051,168
7/9/2023,17,170.6850346,239
7/9/2023,18,178.7892646,287
7/9/2023,19,165.3147389,283
7/9/2023,20,116.6151109,315
7/9/2023,21,141.6500977,232
7/9/2023,22,129.8436057,219
7/9/2023,23,127.1918388,253
7/10/2023,0,163.5216108,260
7/10/2023,1,134.7752479,293
7/10/2023,2,86.34859335,450
7/10/2023,3,141.4582634,232
7/10/2023,4,149.4636562,123
7/10/2023,5,121.5252322,117
7/10/2023,6,39.40701181,77
7/10/2023,7,120.0619043,26
7/10/2023,8,177.388204,35
7/10/2023,9,82.85376248,26
7/10/2023,10,140.3560581,87
7/10/2023,11,95.17438608,170
7/10/2023,12,111.9791457,383
7/10/2023,13,112.5621133,433
7/10/2023,14,148.5355915,289
7/10/2023,15,112.6317633,273
7/10/2023,16,121.9133418,196
7/10/2023,17,152.2441325,283
7/10/2023,18,140.2326376,333
7/10/2023,19,139.9892922,298
7/10/2023,20,132.1697367,394
7/10/2023,21,128.4502859,274
7/10/2023,22,107.6128297,243
7/10/2023,23,116.7434415,247
7/11/2023,0,124.3952796,294
7/11/2023,1,124.4816796,275
7/11/2023,2,123.1617502,245
7/11/2023,3,101.71183,200
7/11/2023,4,108.1059029,106
7/11/2023,5,94.32618936,84
7/11/2023,6,83.87613619,55
7/11/2023,7,111.819692,43
7/11/2023,8,90.76432503,21
7/11/2023,9,147.2649847,52
7/11/2023,10,97.81011939,61
7/11/2023,11,119.0713075,137
7/11/2023,12,106.3087451,442
7/11/2023,13,113.5556444,308
7/11/2023,14,143.4116514,290
7/11/2023,15,150.348843,239
7/11/2023,16,131.25473,231
7/11/2023,17,127.5500294,269
7/11/2023,18,122.3639239,293
7/11/2023,19,131.0692,250
7/11/2023,20,140.7393109,291
7/11/2023,21,196.2476022,221
7/11/2023,22,130.7098053,271
7/11/2023,23,130.5590221,233
7/12/2023,0,141.0460652,302
7/12/2023,1,144.4691237,230
7/12/2023,2,165.7667345,186
7/12/2023,3,150.0300557,230
7/12/2023,4,117.3667266,158
7/12/2023,5,82.02258156,146
7/12/2023,6,82.49976077,91
7/12/2023,7,70.21486368,32
7/12/2023,8,133.3259125,25
7/12/2023,9,113.2317812,48
7/12/2023,10,82.14465304,93
7/12/2023,11,93.47962912,137
7/12/2023,12,103.5535055,177
7/12/2023,13,145.3358506,320
7/12/2023,14,125.8154271,494
7/12/2023,15,136.1734404,293
7/12/2023,16,129.1670269,245
7/12/2023,17,102.5652677,322
7/12/2023,18,131.7332212,315
7/12/2023,19,120.7214015,358
7/12/2023,20,112.4092431,307
7/12/2023,21,134.8752773,210
7/12/2023,22,116.5452792,265
7/12/2023,23,136.6536481,303
7/13/2023,0,184.9223411,268
7/13/2023,1,137.879817,315
7/13/2023,2,131.5021682,281
7/13/2023,3,139.8565085,252
7/13/2023,4,112.6014642,122
7/13/2023,5,79.13951256,116
7/13/2023,6,48.32885104,76
7/13/2023,7,114.9984449,50
7/13/2023,8,66.11399175,72
7/13/2023,9,106.5995408,33
7/13/2023,10,94.80856636,68
7/13/2023,11,153.2595219,124
7/13/2023,12,129.144333,182
7/13/2023,13,131.5127876,275
7/13/2023,14,175.7879061,254
7/13/2023,15,153.1486724,280
7/13/2023,16,128.5047183,318
7/13/2023,17,129.4417765,357
7/13/2023,18,144.9932041,440
7/13/2023,19,178.4781184,387
7/13/2023,20,182.9413044,253
7/13/2023,21,132.2784661,247
7/13/2023,22,114.9812356,267
7/13/2023,23,134.5638156,240
7/14/2023,0,163.7164026,192
7/14/2023,1,154.3878012,201
7/14/2023,2,164.9670647,214
7/14/2023,3,150.5917595,118
7/14/2023,4,122.0326719,163
7/14/2023,5,76.78553498,85
7/14/2023,6,43.97758716,70
7/14/2023,7,100.5832449,31
7/14/2023,8,104.5628081,31
7/14/2023,9,152.003094,26
7/14/2023,10,105.4528522,76
7/14/2023,11,126.2832579,130
7/14/2023,12,150.5699628,280
7/14/2023,13,122.6793252,331
7/14/2023,14,132.8511076,262
7/14/2023,15,157.9316758,309
7/14/2023,16,124.1903127,293
7/14/2023,17,116.5473378,351
7/14/2023,18,187.3316552,294
7/14/2023,19,132.9052895,273
7/14/2023,20,171.2720434,237
7/14/2023,21,121.3575033,251
7/14/2023,22,180.7169973,285
7/14/2023,23,175.0233098,382
7/15/2023,0,193.6581669,410
7/15/2023,1,148.4351922,263
7/15/2023,2,159.6336739,209
7/15/2023,3,154.7584642,176
7/15/2023,4,132.3275159,174
7/15/2023,5,69.5236013,129
7/15/2023,6,60.39005949,103
7/15/2023,7,201.1254545,42
7/15/2023,8,158.3601712,32
7/15/2023,9,75.47235359,25
7/15/2023,10,106.5269367,75
7/15/2023,11,80.79514059,82
7/15/2023,12,130.8672458,120
7/15/2023,13,132.6601731,160
7/15/2023,14,154.6748182,210
7/15/2023,15,125.2439762,120
7/15/2023,16,131.4224031,169
7/15/2023,17,158.5617471,127
7/15/2023,18,136.0802041,200
7/15/2023,19,160.3978247,202
7/15/2023,20,157.2115068,260
7/15/2023,21,134.7705268,168
7/15/2023,22,151.0877292,245
7/15/2023,23,159.9503818,198
7/16/2023,0,148.2027289,40
7/16/2023,1,155.1797329,17
7/16/2023,2,160.1870366,23
7/16/2023,3,94.17521343,19
7/16/2023,4,126.3816038,19
7/16/2023,5,52.21488745,12
7/16/2023,6,116.9450667,21
7/16/2023,7,126.0254157,7
7/16/2023,8,71.21165961,5
7/16/2023,9,63.89895855,1
7/16/2023,10,254.8130075,11
7/16/2023,11,95.19916561,55
7/16/2023,12,144.5301176,97
7/16/2023,13,168.5522798,115
7/16/2023,14,178.4042081,162
7/16/2023,15,153.2074724,127
7/16/2023,16,146.4068436,167
7/16/2023,17,114.2379328,245
7/16/2023,18,119.7495289,189
7/16/2023,19,109.289695,252
7/16/2023,20,118.8318878,266
7/16/2023,21,157.2485683,157
7/16/2023,22,150.9491501,169
7/16/2023,23,145.0365359,223
7/17/2023,0,138.8571298,213
7/17/2023,1,132.8952209,314
7/17/2023,2,153.9719466,202
7/17/2023,3,158.5204522,156
7/17/2023,4,148.9841519,104
7/17/2023,5,91.73376137,91
7/17/2023,6,68.51983373,112
7/17/2023,7,176.5592183,29
7/17/2023,8,143.017551,30
7/17/2023,9,168.6637266,26
7/17/2023,10,130.9561499,60
7/17/2023,11,125.7107321,139
7/17/2023,12,119.7994525,228
7/17/2023,13,138.169937,330
7/17/2023,14,163.3897577,271
7/17/2023,15,126.7908463,270
7/17/2023,16,138.9232912,309
7/17/2023,17,116.4061892,349
7/17/2023,18,128.5228303,365
7/17/2023,19,158.6399365,202
7/17/2023,20,132.4937051,293
7/17/2023,21,166.7707434,247
7/17/2023,22,222.4813396,262
7/17/2023,23,165.6300977,450
7/18/2023,0,134.2921802,362
7/18/2023,1,132.55278,292
7/18/2023,2,161.8211938,252
7/18/2023,3,149.2183419,143
7/18/2023,4,95.94910776,145
7/18/2023,5,103.4587228,106
7/18/2023,6,40.25718829,71
7/18/2023,7,357.9255775,51
7/18/2023,8,87.96206932,32
7/18/2023,9,154.9263904,44
7/18/2023,10,131.8205977,56
7/18/2023,11,116.1962317,126
7/18/2023,12,155.1723251,195
7/18/2023,13,98.84353752,294
7/18/2023,14,171.2686486,312
7/18/2023,15,185.0352448,249
7/18/2023,16,171.804621,303
7/18/2023,17,148.2745172,325
7/18/2023,18,129.4945197,236
7/18/2023,19,137.3099797,255
7/18/2023,20,143.1960687,316
7/18/2023,21,120.5867251,263
7/18/2023,22,176.1111799,239
7/18/2023,23,150.0446281,238
7/19/2023,0,127.1036155,308
7/19/2023,1,135.8175881,326
7/19/2023,2,176.2740624,202
7/19/2023,3,129.0871659,185
7/19/2023,4,124.0789211,125
7/19/2023,5,61.50754727,112
7/19/2023,6,78.68211724,81
7/19/2023,7,164.3631615,20
7/19/2023,8,123.5481952,23
7/19/2023,9,154.6914945,54
7/19/2023,10,124.7840554,63
7/19/2023,11,151.7082242,111
7/19/2023,12,129.6357894,245
7/19/2023,13,176.145508,259
7/19/2023,14,130.8530986,296
7/19/2023,15,137.4105601,281
7/19/2023,16,128.5756219,289
7/19/2023,17,139.3220747,245
7/19/2023,18,154.0365316,235
7/19/2023,19,118.544072,261
7/19/2023,20,145.2120435,291
7/19/2023,21,129.5437834,279
7/19/2023,22,189.6916832,287
7/19/2023,23,127.0472918,241
7/20/2023,0,107.304429,225
7/20/2023,1,175.3924622,283
7/20/2023,2,163.8015971,300
7/20/2023,3,177.7176101,185
7/20/2023,4,121.2948903,127
7/20/2023,5,86.01488135,89
7/20/2023,6,82.51934141,63
7/20/2023,7,95.12247527,27
7/20/2023,8,149.8515395,71
7/20/2023,9,149.4636292,44
7/20/2023,10,171.056487,56
7/20/2023,11,171.029931,101
7/20/2023,12,129.4146645,316
7/20/2023,13,116.5327208,339
7/20/2023,14,130.322916,351
7/20/2023,15,110.6382202,317
7/20/2023,16,132.5865002,323
7/20/2023,17,148.6541172,341
7/20/2023,18,115.8940275,465
7/20/2023,19,124.6099787,370
7/20/2023,20,141.2434199,253
7/20/2023,21,136.6523018,281
7/20/2023,22,147.9181943,127
7/20/2023,23,128.7500453,258
7/21/2023,0,143.8132445,230
7/21/2023,1,143.223272,256
7/21/2023,2,141.3742455,204
7/21/2023,3,140.1176205,190
7/21/2023,4,135.8238061,114
7/21/2023,5,59.77018445,103
7/21/2023,6,75.32430919,67
7/21/2023,7,126.8769547,35
7/21/2023,8,111.8401303,34
7/21/2023,9,189.7185979,33
7/21/2023,10,104.361507,37
7/21/2023,11,147.137619,146
7/21/2023,12,122.3775453,247
7/21/2023,13,125.2409236,274
7/21/2023,14,134.2987451,282
7/21/2023,15,126.3811227,362
7/21/2023,16,140.3422897,276
7/21/2023,17,113.3306635,275
7/21/2023,18,118.2476966,296
7/21/2023,19,151.8437206,418
7/21/2023,20,162.0375304,332
7/21/2023,21,137.966793,273
7/21/2023,22,178.431229,280
7/21/2023,23,169.144994,242
7/22/2023,0,171.4973853,233
7/22/2023,1,214.9345209,283
7/22/2023,2,149.9615186,263
7/22/2023,3,169.1583874,242
7/22/2023,4,155.7884601,160
7/22/2023,5,150.3860942,101
7/22/2023,6,96.35145882,111
7/22/2023,7,107.2540245,43
7/22/2023,8,98.33378066,16
7/22/2023,9,80.86741937,26
7/22/2023,10,101.6221816,46
7/22/2023,11,158.5327551,45
7/22/2023,12,137.9782697,126
7/22/2023,13,157.349659,106
7/22/2023,14,176.756909,147
7/22/2023,15,144.0816839,163
7/22/2023,16,178.703761,195
7/22/2023,17,119.080907,214
7/22/2023,18,133.9145099,194
7/22/2023,19,144.1452723,217
7/22/2023,20,143.0753574,230
7/22/2023,21,161.973452,188
7/22/2023,22,164.3032381,168
7/22/2023,23,139.073523,170
7/23/2023,0,148.4702943,232
7/23/2023,1,126.5155244,259
7/23/2023,2,172.433791,161
7/23/2023,3,137.9915318,151
7/23/2023,4,101.1561974,115
7/23/2023,5,65.35991582,88
7/23/2023,6,76.1641025,78
7/23/2023,7,136.1840589,28
7/23/2023,8,194.6286997,17
7/23/2023,9,104.8326224,19
7/23/2023,10,149.4826392,57
7/23/2023,11,83.52952963,88
7/23/2023,12,118.2676142,87
7/23/2023,13,147.6661467,116
7/23/2023,14,111.9283434,124
7/23/2023,15,169.1167632,135
7/23/2023,16,130.3232254,207
7/23/2023,17,135.6401507,139
7/23/2023,18,167.9008772,192
7/23/2023,19,158.9527733,205
7/23/2023,20,127.8548236,258
7/23/2023,21,116.9130409,200
7/23/2023,22,100.2457797,262
7/23/2023,23,138.6187641,174
7/24/2023,0,128.7117143,194
7/24/2023,1,139.8710697,192
7/24/2023,2,114.5798323,241
7/24/2023,3,121.3816222,153
7/24/2023,4,169.7275662,87
7/24/2023,5,123.0062557,107
7/24/2023,6,76.17844924,102
7/24/2023,7,79.82763423,19
7/24/2023,8,191.0673001,19
7/24/2023,9,61.19290063,34
7/24/2023,10,104.5189787,61
7/24/2023,11,142.6529263,123
7/24/2023,12,103.2588974,194
7/24/2023,13,127.6811884,384
7/24/2023,14,109.8877408,274
7/24/2023,15,120.1126933,224
7/24/2023,16,145.5660133,269
7/24/2023,17,127.043301,255
7/24/2023,18,106.1470997,282
7/24/2023,19,130.5556587,215
7/24/2023,20,119.7922687,289
7/24/2023,21,133.3199065,244
7/24/2023,22,150.8484562,229
7/24/2023,23,152.1789338,225
7/25/2023,0,127.4452761,241
7/25/2023,1,177.0388536,217
7/25/2023,2,119.2311472,229
7/25/2023,3,107.4596422,255
7/25/2023,4,155.6520711,122
7/25/2023,5,87.35061317,96
7/25/2023,6,54.45424439,77
7/25/2023,7,146.0267548,35
7/25/2023,8,187.3161069,18
7/25/2023,9,141.6846536,15
7/25/2023,10,150.2734358,62
7/25/2023,11,163.5941852,126
7/25/2023,12,113.6377699,251
7/25/2023,13,128.9406583,265
7/25/2023,14,145.4212656,331
7/25/2023,15,141.0512809,278
7/25/2023,16,100.7733745,363
7/25/2023,17,120.2467741,307
7/25/2023,18,92.21497393,245
7/25/2023,19,145.2649245,369
7/25/2023,20,124.6810757,363
7/25/2023,21,143.5582737,305
7/25/2023,22,188.911373,309
7/25/2023,23,162.5904906,257
7/26/2023,0,143.9155129,253
7/26/2023,1,139.8550697,291
7/26/2023,2,151.6160281,205
7/26/2023,3,112.7773759,177
7/26/2023,4,182.5093936,103
7/26/2023,5,123.8940337,112
7/26/2023,6,93.9002372,74
7/26/2023,7,95.03728409,22
7/26/2023,8,143.1939265,21
7/26/2023,9,170.6644985,33
7/26/2023,10,177.9456139,73
7/26/2023,11,133.3548788,90
7/26/2023,12,124.9623006,247
7/26/2023,13,130.0146979,336
7/26/2023,14,156.2003703,348
7/26/2023,15,123.7089019,228
7/26/2023,16,135.4261362,242
7/26/2023,17,147.0662266,253
7/26/2023,18,135.9973497,281
7/26/2023,19,135.8647209,351
7/26/2023,20,145.0228844,237
7/26/2023,21,145.0766995,216
7/26/2023,22,136.6911252,280
7/26/2023,23,150.8611956,225
7/27/2023,0,144.8365528,212
7/27/2023,1,112.390162,257
7/27/2023,2,125.0407859,282
7/27/2023,3,146.9800099,218
7/27/2023,4,145.7223462,104
7/27/2023,5,122.2115329,116
7/27/2023,6,109.989546,75
7/27/2023,7,154.699231,19
7/27/2023,8,149.3696054,30
7/27/2023,9,151.3256583,25
7/27/2023,10,128.2813993,75
7/27/2023,11,123.9881341,165
7/27/2023,12,120.039407,272
7/27/2023,13,120.6904859,289
7/27/2023,14,123.7715967,282
7/27/2023,15,130.6442407,355
7/27/2023,16,111.919925,217
7/27/2023,17,142.7058357,274
7/27/2023,18,100.2782387,391
7/27/2023,19,104.9339811,355
7/27/2023,20,131.2702475,399
7/27/2023,21,131.9151052,310
7/27/2023,22,123.4585952,355
7/27/2023,23,159.3437351,267
7/28/2023,0,164.7454993,303
7/28/2023,1,160.917272,265
7/28/2023,2,142.4793799,218
7/28/2023,3,170.6743461,200
7/28/2023,4,121.1940759,264
7/28/2023,5,74.665709,77
7/28/2023,6,54.76224532,85
7/28/2023,7,67.66755266,28
7/28/2023,8,116.9203149,23
7/28/2023,9,129.7725434,55
7/28/2023,10,127.8734104,77
7/28/2023,11,110.9724551,234
7/28/2023,12,163.3228128,182
7/28/2023,13,141.8542822,342
7/28/2023,14,140.9006853,365
7/28/2023,15,149.9852757,371
7/28/2023,16,116.2877653,275
7/28/2023,17,169.0977891,294
7/28/2023,18,149.0262261,276
7/28/2023,19,160.7935382,219
7/28/2023,20,149.5516356,210
7/28/2023,21,150.2856429,240
7/28/2023,22,158.8488954,313
7/28/2023,23,123.1175175,251
7/29/2023,0,126.2720601,306
7/29/2023,1,136.752324,218
7/29/2023,2,125.2106797,252
7/29/2023,3,149.8999933,200
7/29/2023,4,121.238575,183
7/29/2023,5,87.97354865,140
7/29/2023,6,96.66143046,106
7/29/2023,7,145.6831975,31
7/29/2023,8,145.3693918,17
7/29/2023,9,174.4444872,31
7/29/2023,10,88.89049828,49
7/29/2023,11,122.4268693,72
7/29/2023,12,102.7557801,111
7/29/2023,13,137.0422745,147
7/29/2023,14,122.3117814,202
7/29/2023,15,148.2430814,177
7/29/2023,16,162.5909739,228
7/29/2023,17,113.3157361,229
7/29/2023,18,147.4493217,256
7/29/2023,19,146.8252363,257
7/29/2023,20,184.7559977,226
7/29/2023,21,173.4324019,196
7/29/2023,22,148.7618591,210
7/29/2023,23,147.6427481,226
7/30/2023,0,102.3669625,234
7/30/2023,1,192.0433738,207
7/30/2023,2,130.8140842,235
7/30/2023,3,126.9679801,276
7/30/2023,4,163.4820416,143
7/30/2023,5,51.97474827,127
7/30/2023,6,63.82258528,88
7/30/2023,7,74.34676256,58
7/30/2023,8,86.11215157,24
7/30/2023,9,132.9566077,20
7/30/2023,10,158.4077047,46
7/30/2023,11,137.4579003,90
7/30/2023,12,151.8227346,82
7/30/2023,13,200.6055956,109
7/30/2023,14,127.714263,139
7/30/2023,15,112.2846311,201
7/30/2023,16,153.6582275,223
7/30/2023,17,175.165812,197
7/30/2023,18,154.9736572,209
7/30/2023,19,133.8935958,199
7/30/2023,20,145.6347983,266
7/30/2023,21,194.4140798,188
7/30/2023,22,128.3415539,192
7/30/2023,23,125.6072861,242
7/31/2023,0,187.92603,191
7/31/2023,1,126.8002472,314
7/31/2023,2,142.9764932,194
7/31/2023,3,132.8515651,171
7/31/2023,4,158.3327615,131
7/31/2023,5,87.57932542,113
7/31/2023,6,63.5061806,83
7/31/2023,7,71.23211517,17
7/31/2023,8,123.8206799,13
7/31/2023,9,215.8130781,26
7/31/2023,10,157.4740525,57
7/31/2023,11,117.6521893,121
7/31/2023,12,106.5546338,235
7/31/2023,13,124.7884324,378
7/31/2023,14,142.6840247,327
7/31/2023,15,151.8343022,322
7/31/2023,16,144.6991457,275
7/31/2023,17,111.3540254,321
7/31/2023,18,122.7100803,268
7/31/2023,19,149.094746,297
7/31/2023,20,151.4378955,356
7/31/2023,21,152.7895463,240
7/31/2023,22,136.4063037,172
7/31/2023,23,159.7240901,221
8/1/2023,0,153.1590823,251
8/1/2023,1,140.0277873,222
8/1/2023,2,144.9846273,196
8/1/2023,3,151.096074,186
8/1/2023,4,116.0563061,201
8/1/2023,5,44.09849936,116
8/1/2023,6,102.1481759,73
8/1/2023,7,87.33378562,22
8/1/2023,8,181.6192438,41
8/1/2023,9,122.4225163,39
8/1/2023,10,137.2772973,51
8/1/2023,11,99.39105105,174
8/1/2023,12,147.1030866,175
8/1/2023,13,114.5135589,284
8/1/2023,14,136.937072,310
8/1/2023,15,129.9256211,318
8/1/2023,16,138.3599554,247
8/1/2023,17,169.8820146,221
8/1/2023,18,149.0922618,253
8/1/2023,19,129.8228981,277
8/1/2023,20,139.7428012,263
8/1/2023,21,118.8700685,270
8/1/2023,22,121.633879,286
8/1/2023,23,152.8994298,276
8/2/2023,0,150.7150943,428
8/2/2023,1,128.9694267,249
8/2/2023,2,139.4914909,219
8/2/2023,3,100.9379928,281
8/2/2023,4,90.9335932,141
8/2/2023,5,85.48800544,134
8/2/2023,6,56.68596247,69
8/2/2023,7,78.93034616,43
8/2/2023,8,89.34353123,45
8/2/2023,9,99.21427626,33
8/2/2023,10,148.1761291,72
8/2/2023,11,117.3610628,161
8/2/2023,12,118.6385696,199
8/2/2023,13,215.7868951,310
8/2/2023,14,151.3768576,296
8/2/2023,15,134.0112452,257
8/2/2023,16,112.1458809,254
8/2/2023,17,176.7882968,321
8/2/2023,18,126.0071414,301
8/2/2023,19,118.5240144,314
8/2/2023,20,147.1313147,319
8/2/2023,21,153.149136,255
8/2/2023,22,149.5728552,243
8/2/2023,23,134.2943636,264
8/3/2023,0,117.5209733,241
8/3/2023,1,166.839593,344
8/3/2023,2,126.4088583,208
8/3/2023,3,137.4250687,252
8/3/2023,4,144.8299051,167
8/3/2023,5,75.93345803,131
8/3/2023,6,90.82894979,109
8/3/2023,7,79.70390176,31
8/3/2023,8,113.2815988,33
8/3/2023,9,185.5398705,15
8/3/2023,10,127.7224336,56
8/3/2023,11,114.0187667,151
8/3/2023,12,122.1682888,219
8/3/2023,13,162.6669923,261
8/3/2023,14,125.0495364,281
8/3/2023,15,147.1486928,247
8/3/2023,16,130.778076,286
8/3/2023,17,170.1871169,268
8/3/2023,18,128.3415682,442
8/3/2023,19,135.1672309,254
8/3/2023,20,118.5218417,300
8/3/2023,21,124.7481585,311
8/3/2023,22,89.58976041,279
8/3/2023,23,133.1963625,263
8/4/2023,0,123.6762211,211
8/4/2023,1,146.990774,244
8/4/2023,2,143.4495936,238
8/4/2023,3,124.1187551,219
8/4/2023,4,85.13897296,169
8/4/2023,5,88.02390756,129
8/4/2023,6,41.21858716,67
8/4/2023,7,105.2654077,53
8/4/2023,8,103.6421205,31
8/4/2023,9,143.0397042,38
8/4/2023,10,129.7289373,51
8/4/2023,11,135.9903114,136
8/4/2023,12,136.8018574,199
8/4/2023,13,128.1013577,301
8/4/2023,14,125.6552285,252
8/4/2023,15,133.0022298,264
8/4/2023,16,123.2135666,249
8/4/2023,17,146.469861,286
8/4/2023,18,106.884732,296
8/4/2023,19,110.6482728,226
8/4/2023,20,126.7341941,348
8/4/2023,21,92.00473225,386
8/4/2023,22,109.6136986,223
8/4/2023,23,133.5025979,225
8/5/2023,0,161.5944605,194
8/5/2023,1,129.2760982,215
8/5/2023,2,146.3008866,157
8/5/2023,3,130.345672,192
8/5/2023,4,73.78005283,173
8/5/2023,5,80.36144912,126
8/5/2023,6,112.3641678,91
8/5/2023,7,63.97969184,40
8/5/2023,8,182.6074068,23
8/5/2023,9,64.73699279,27
8/5/2023,10,137.2566898,49
8/5/2023,11,161.5283138,83
8/5/2023,12,202.1790561,69
8/5/2023,13,125.1884835,101
8/5/2023,14,145.0895206,185
8/5/2023,15,144.1167424,160
8/5/2023,16,159.0005379,179
8/5/2023,17,155.6698881,223
8/5/2023,18,163.1950836,268
8/5/2023,19,136.5609758,236
8/5/2023,20,137.8301705,229
8/5/2023,21,189.3397888,258
8/5/2023,22,157.0538132,232
8/5/2023,23,123.7217053,278
8/6/2023,0,129.5123155,177
8/6/2023,1,154.9127451,166
8/6/2023,2,143.4717013,225
8/6/2023,3,137.5676802,216
8/6/2023,4,95.83215984,180
8/6/2023,5,83.52718697,169
8/6/2023,6,58.9582048,65
8/6/2023,7,70.12476866,44
8/6/2023,8,104.4466814,37
8/6/2023,9,167.4280442,9
8/6/2023,10,181.9351315,37
8/6/2023,11,112.3851525,74
8/6/2023,12,191.4187813,122
8/6/2023,13,229.7935551,101
8/6/2023,14,161.9176056,176
8/6/2023,15,159.9326968,124
8/6/2023,16,115.2503947,158
8/6/2023,17,127.8007637,199
8/6/2023,18,144.4725103,203
8/6/2023,19,167.1488404,177
8/6/2023,20,158.1075503,167
8/6/2023,21,160.3865322,187
8/6/2023,22,141.56184,182
8/6/2023,23,127.2563988,307
8/7/2023,0,114.7268521,249
8/7/2023,1,133.9200669,219
8/7/2023,2,125.4811132,219
8/7/2023,3,133.3729291,179
8/7/2023,4,113.0798137,142
8/7/2023,5,96.30789385,115
8/7/2023,6,65.62027663,87
8/7/2023,7,83.13959706,32
8/7/2023,8,91.18430727,27
8/7/2023,9,237.1027759,11
8/7/2023,10,108.8321257,45
8/7/2023,11,175.399592,93
8/7/2023,12,149.3132454,261
8/7/2023,13,131.2877431,281
8/7/2023,14,116.7023252,260
8/7/2023,15,119.1947066,344
8/7/2023,16,121.7341711,291
8/7/2023,17,150.0591064,211
8/7/2023,18,152.7245668,345
8/7/2023,19,176.779953,308
8/7/2023,20,180.8602679,317
8/7/2023,21,160.3256916,342
8/7/2023,22,174.083502,356
8/7/2023,23,163.5644466,309
8/8/2023,0,140.6212564,316
8/8/2023,1,144.3170752,233
8/8/2023,2,127.90624,186
8/8/2023,3,121.4684859,191
8/8/2023,4,120.6938936,140
8/8/2023,5,91.41403373,147
8/8/2023,6,64.083662,141
8/8/2023,7,75.423729,64
8/8/2023,8,84.96140134,45
8/8/2023,9,119.7729842,34
8/8/2023,10,100.0161599,59
8/8/2023,11,103.6264743,116
8/8/2023,12,146.9883272,215
8/8/2023,13,125.1514675,293
8/8/2023,14,141.503386,260
8/8/2023,15,136.1704845,261
8/8/2023,16,141.203509,257
8/8/2023,17,128.7659628,266
8/8/2023,18,124.9543982,332
8/8/2023,19,128.8035402,344
8/8/2023,20,168.8579735,258
8/8/2023,21,155.4578256,257
8/8/2023,22,130.1129906,305
8/8/2023,23,137.5259271,286
8/9/2023,0,168.2077191,251
8/9/2023,1,169.5732469,273
8/9/2023,2,105.70871,335
8/9/2023,3,110.0865048,246
8/9/2023,4,115.486395,167
8/9/2023,5,115.1641518,149
8/9/2023,6,80.89445634,79
8/9/2023,7,120.7477212,168
8/9/2023,8,163.0494214,62
8/9/2023,9,241.6958429,62
8/9/2023,10,164.4042019,240
8/9/2023,11,147.9239635,218
8/9/2023,12,153.0515385,299
8/9/2023,13,103.0572561,860
8/9/2023,14,135.494042,522
8/9/2023,15,148.9967302,437
8/9/2023,16,102.0531273,1020
8/9/2023,17,136.9492991,459
8/9/2023,18,155.6911065,377
8/9/2023,19,107.0797062,957
8/9/2023,20,146.5349457,438
8/9/2023,21,166.0438863,358
8/9/2023,22,126.4309664,597
8/9/2023,23,164.7799245,362
8/10/2023,0,168.4595868,350
8/10/2023,1,132.1000929,653
8/10/2023,2,169.930634,287
8/10/2023,3,223.0963247,244
8/10/2023,4,115.0008846,429
8/10/2023,5,205.0215743,185
8/10/2023,6,212.7184714,154
8/10/2023,7,139.806509,337
8/10/2023,8,280.6185753,95
8/10/2023,9,280.1514564,82
8/10/2023,10,151.5670941,322
8/10/2023,11,200.8255035,251
8/10/2023,12,186.6860508,341
8/10/2023,13,112.2621025,853
8/10/2023,14,151.034444,481
8/10/2023,15,146.4376931,400
8/10/2023,16,104.7800355,878
8/10/2023,17,150.0270443,380
8/10/2023,18,152.3517339,432
8/10/2023,19,105.4527951,927
8/10/2023,20,144.5883331,547
8/10/2023,21,165.1420446,376
8/10/2023,22,119.5448338,622
8/10/2023,23,176.2839169,367
8/11/2023,0,169.9534219,365
8/11/2023,1,145.9409334,691
8/11/2023,2,192.835234,281
8/11/2023,3,175.1060476,270
8/11/2023,4,123.282258,405
8/11/2023,5,167.2635742,264
8/11/2023,6,261.9084836,118
8/11/2023,7,134.2337469,360
8/11/2023,8,288.5199806,83
8/11/2023,9,298.2732194,88
8/11/2023,10,155.2619488,335
8/11/2023,11,192.6221111,212
8/11/2023,12,169.9112791,304
8/11/2023,13,110.9997182,951
8/11/2023,14,142.1042366,492
8/11/2023,15,133.4202562,526
8/11/2023,16,107.1101119,927
8/11/2023,17,168.6232558,347
8/11/2023,18,154.3351258,402
8/11/2023,19,118.1417994,949
8/11/2023,20,173.0280587,362
8/11/2023,21,168.1826414,370
8/11/2023,22,132.4361082,503
8/11/2023,23,197.7033716,261
8/12/2023,0,163.3069506,413
8/12/2023,1,128.169822,563
8/12/2023,2,161.2651427,276
8/12/2023,3,209.0064553,282
8/12/2023,4,121.6044128,504
8/12/2023,5,206.7755057,187
8/12/2023,6,200.489288,179
8/12/2023,7,127.2742789,330
8/12/2023,8,271.9265078,92
8/12/2023,9,307.008531,77
8/12/2023,10,145.9289334,292
8/12/2023,11,231.277013,140
8/12/2023,12,211.7534082,221
8/12/2023,13,140.5564567,515
8/12/2023,14,206.2021498,254
8/12/2023,15,216.1621625,330
8/12/2023,16,147.4636781,584
8/12/2023,17,208.8660191,292
8/12/2023,18,237.2113345,246
8/12/2023,19,154.208978,479
8/12/2023,20,188.8081566,269
8/12/2023,21,181.3235139,272
8/12/2023,22,140.0967179,555
8/12/2023,23,183.3613775,351
8/13/2023,0,186.7508123,230
8/13/2023,1,152.1232225,490
8/13/2023,2,189.0647458,240
8/13/2023,3,205.0565028,206
8/13/2023,4,120.5274926,513
8/13/2023,5,169.9798132,233
8/13/2023,6,203.1568764,131
8/13/2023,7,148.6508889,276
8/13/2023,8,188.4022515,155
8/13/2023,9,338.4102328,71
8/13/2023,10,141.9948394,287
8/13/2023,11,273.9913008,108
8/13/2023,12,220.9089822,140
8/13/2023,13,135.0813676,383
8/13/2023,14,183.1589175,236
8/13/2023,15,209.7299919,241
8/13/2023,16,120.8422664,459
8/13/2023,17,177.0214294,278
8/13/2023,18,169.1786972,383
8/13/2023,19,187.7947235,329
8/13/2023,20,171.737933,348
8/13/2023,21,153.6948074,310
8/13/2023,22,128.0935484,529
8/13/2023,23,198.58343,291
8/14/2023,0,186.0248221,288
8/14/2023,1,125.5077676,649
8/14/2023,2,176.383885,341
8/14/2023,3,182.8343874,273
8/14/2023,4,116.781762,438
8/14/2023,5,199.6757949,171
8/14/2023,6,198.9861371,137
8/14/2023,7,141.5196664,299
8/14/2023,8,285.6001573,88
8/14/2023,9,274.3013065,89
8/14/2023,10,139.8378452,341
8/14/2023,11,177.8518446,260
8/14/2023,12,144.5453204,506
8/14/2023,13,99.08815924,938
8/14/2023,14,140.5126793,558
8/14/2023,15,165.5198265,475
8/14/2023,16,102.5122852,974
8/14/2023,17,122.7537017,501
8/14/2023,18,149.1425552,446
8/14/2023,19,100.3370648,970
8/14/2023,20,170.1239807,470
8/14/2023,21,151.2560269,382
8/14/2023,22,135.0054809,713
8/14/2023,23,161.1656169,407
8/15/2023,0,186.5058091,406
8/15/2023,1,133.6901044,682
8/15/2023,2,212.1280828,265
8/15/2023,3,144.1359695,292
8/15/2023,4,118.1004339,525
8/15/2023,5,198.6218579,215
8/15/2023,6,223.6595135,134
8/15/2023,7,150.8117324,378
8/15/2023,8,267.0410592,91
8/15/2023,9,220.7787302,118
8/15/2023,10,129.9896,397
8/15/2023,11,177.3748439,217
8/15/2023,12,157.3408189,398
8/15/2023,13,105.8101392,1033
8/15/2023,14,138.7904847,478
8/15/2023,15,151.9457189,398
8/15/2023,16,108.134451,943
8/15/2023,17,143.1424959,442
8/15/2023,18,169.5862239,439
8/15/2023,19,107.7732513,955
8/15/2023,20,177.1397488,499
8/15/2023,21,157.4903671,422
8/15/2023,22,134.1522956,758
8/15/2023,23,159.4313086,437
8/16/2023,0,198.5165418,406
8/16/2023,1,121.9175555,734
8/16/2023,2,157.7919683,331
8/16/2023,3,184.998011,327
8/16/2023,4,116.090194,532
8/16/2023,5,162.2821182,202
8/16/2023,6,230.5737319,119
8/16/2023,7,135.9595661,387
8/16/2023,8,278.0358485,106
8/16/2023,9,271.3470198,113
8/16/2023,10,129.7505347,408
8/16/2023,11,169.5888635,246
8/16/2023,12,152.8013344,445
8/16/2023,13,106.4703284,1040
8/16/2023,14,144.7554575,448
8/16/2023,15,164.8195556,391
8/16/2023,16,101.7764196,1026
8/16/2023,17,179.9409637,517
8/16/2023,18,169.4855138,482
8/16/2023,19,112.0567241,1066
8/16/2023,20,152.0727036,445
8/16/2023,21,149.9948642,377
8/16/2023,22,111.6392785,783
8/16/2023,23,173.3351506,380
8/17/2023,0,176.353485,337
8/17/2023,1,121.9552244,653
8/17/2023,2,163.6939442,325
8/17/2023,3,197.4078906,251
8/17/2023,4,111.7958617,521
8/17/2023,5,168.117772,246
8/17/2023,6,177.1323618,197
8/17/2023,7,135.4715942,366
8/17/2023,8,199.8174373,128
8/17/2023,9,307.6491538,84
8/17/2023,10,134.2324241,321
8/17/2023,11,180.0991271,251
8/17/2023,12,173.9469148,395
8/17/2023,13,96.00666352,1032
8/17/2023,14,128.8733215,503
8/17/2023,15,145.1712189,426
8/17/2023,16,104.7476055,1037
8/17/2023,17,141.620175,540
8/17/2023,18,153.5617736,504
8/17/2023,19,113.1160369,895
8/17/2023,20,146.2030929,429
8/17/2023,21,180.188271,291
8/17/2023,22,136.1826209,625
8/17/2023,23,170.03675,325
8/18/2023,0,157.082796,413
8/18/2023,1,125.39969,727
8/18/2023,2,190.4045949,264
8/18/2023,3,185.560767,251
8/18/2023,4,120.3914161,464
8/18/2023,5,156.2022964,248
8/18/2023,6,201.82718,142
8/18/2023,7,127.9446389,366
8/18/2023,8,269.0655066,85
8/18/2023,9,221.9582639,130
8/18/2023,10,125.5435909,406
8/18/2023,11,228.4617572,195
8/18/2023,12,191.2721737,388
8/18/2023,13,114.53117,945
8/18/2023,14,144.6871266,395
8/18/2023,15,142.8777284,460
8/18/2023,16,113.6017981,963
8/18/2023,17,137.93956,466
8/18/2023,18,150.1193954,402
8/18/2023,19,115.0214823,809
8/18/2023,20,178.6522886,371
8/18/2023,21,172.396457,291
8/18/2023,22,132.4162909,549
8/18/2023,23,259.921499,261
8/19/2023,0,192.6890815,317
8/19/2023,1,148.9782605,619
8/19/2023,2,153.3001996,386
8/19/2023,3,197.8402216,224
8/19/2023,4,134.0274014,515
8/19/2023,5,260.3201195,124
8/19/2023,6,176.5149134,143
8/19/2023,7,149.5555629,313
8/19/2023,8,457.4862205,46
8/19/2023,9,256.6108757,96
8/19/2023,10,141.6454439,340
8/19/2023,11,250.8821876,122
8/19/2023,12,235.8238078,154
8/19/2023,13,170.6066171,512
8/19/2023,14,218.8441555,210
8/19/2023,15,218.6668236,247
8/19/2023,16,135.6765611,542
8/19/2023,17,195.2500732,243
8/19/2023,18,196.4596829,285
8/19/2023,19,143.4304725,616
8/19/2023,20,217.4247315,245
8/19/2023,21,191.3435683,269
8/19/2023,22,138.0802134,554
8/19/2023,23,193.9511853,313
8/20/2023,0,154.4531344,312
8/20/2023,1,135.4091836,624
8/20/2023,2,201.8908683,206
8/20/2023,3,218.1967039,186
8/20/2023,4,119.6926258,509
8/20/2023,5,222.9885449,156
8/20/2023,6,210.5102991,130
8/20/2023,7,149.8947259,285
8/20/2023,8,347.0762948,68
8/20/2023,9,331.0749199,79
8/20/2023,10,143.8938965,317
8/20/2023,11,287.5737367,87
8/20/2023,12,233.8596938,116
8/20/2023,13,139.5357011,389
8/20/2023,14,169.8572952,238
8/20/2023,15,198.0218213,382
8/20/2023,16,138.3199514,500
8/20/2023,17,172.6786855,302
8/20/2023,18,204.7303606,330
8/20/2023,19,132.6246361,512
8/20/2023,20,212.1358407,250
8/20/2023,21,173.9669625,238
8/20/2023,22,130.3043799,545
8/20/2023,23,151.9801025,330
8/21/2023,0,189.1364419,309
8/21/2023,1,140.9129189,580
8/21/2023,2,164.0894375,234
8/21/2023,3,177.2874015,237
8/21/2023,4,124.8682785,394
8/21/2023,5,180.7957828,179
8/21/2023,6,188.9606005,126
8/21/2023,7,138.123828,312
8/21/2023,8,325.2050062,79
8/21/2023,9,191.2095747,116
8/21/2023,10,135.7982891,364
8/21/2023,11,186.6422571,229
8/21/2023,12,160.9410308,327
8/21/2023,13,100.5784347,1070
8/21/2023,14,139.2961622,503
8/21/2023,15,151.0812998,462
8/21/2023,16,101.6276275,999
8/21/2023,17,145.8332635,423
8/21/2023,18,130.546629,477
8/21/2023,19,99.07483195,1078
8/21/2023,20,164.0577702,337
8/21/2023,21,191.1761441,345
8/21/2023,22,129.4552662,690
8/21/2023,23,191.9001924,288
8/22/2023,0,204.9003835,220
8/22/2023,1,147.6951596,663
8/22/2023,2,205.4509256,304
8/22/2023,3,201.9728765,245
8/22/2023,4,152.6062643,251
8/22/2023,5,208.04075,165
8/22/2023,6,274.4706235,109
8/22/2023,7,320.2271502,79
8/22/2023,8,479.0173167,51
8/22/2023,9,345.0335108,84
8/22/2023,10,285.5668343,116
8/22/2023,11,278.383048,122
8/22/2023,12,229.2918055,256
8/22/2023,13,186.6406541,313
8/22/2023,14,250.446948,239
8/22/2023,15,199.2100594,382
8/22/2023,16,183.2677221,289
8/22/2023,17,183.0901711,282
8/22/2023,18,203.3497769,283
8/22/2023,19,211.6526818,370
8/22/2023,20,220.4490496,294
8/22/2023,21,204.8302304,300
8/22/2023,22,265.196223,230
8/22/2023,23,185.7404575,306
8/23/2023,0,180.8924131,284
8/23/2023,1,191.5471199,323
8/23/2023,2,186.7824761,260
8/23/2023,3,279.9070066,174
8/23/2023,4,244.7575046,135
8/23/2023,5,218.4649858,170
8/23/2023,6,249.0857302,99
8/23/2023,7,477.4896297,48
8/23/2023,8,544.3277661,40
8/23/2023,9,390.5757382,63
8/23/2023,10,383.8267477,68
8/23/2023,11,251.3778877,153
8/23/2023,12,228.6056221,199
8/23/2023,13,154.3907345,328
8/23/2023,14,195.6438576,296
8/23/2023,15,218.6102045,305
8/23/2023,16,175.3512293,282
8/23/2023,17,242.8042956,289
8/23/2023,18,199.7462519,350
8/23/2023,19,198.9999356,295
8/23/2023,20,257.5578531,233
8/23/2023,21,205.0558047,258
8/23/2023,22,214.3263395,209
8/23/2023,23,220.6828256,305
8/24/2023,0,208.659425,240
8/24/2023,1,220.2879781,328
8/24/2023,2,215.2350238,297
8/24/2023,3,228.1647972,185
8/24/2023,4,190.4047875,219
8/24/2023,5,228.6692257,156
8/24/2023,6,275.1889982,93
8/24/2023,7,596.0921708,37
8/24/2023,8,522.5775407,50
8/24/2023,9,402.6069043,69
8/24/2023,10,316.2879898,108
8/24/2023,11,265.6432498,119
8/24/2023,12,213.3337482,286
8/24/2023,13,183.4100078,344
8/24/2023,14,202.8358749,273
8/24/2023,15,174.4118406,475
8/24/2023,16,193.5059355,385
8/24/2023,17,218.8819046,302
8/24/2023,18,176.7845341,362
8/24/2023,19,148.140328,347
8/24/2023,20,198.5763941,298
8/24/2023,21,220.1057654,308
8/24/2023,22,175.816336,310
8/24/2023,23,196.3022379,252
8/25/2023,0,208.7176576,287
8/25/2023,1,228.616557,268
8/25/2023,2,196.2949484,342
8/25/2023,3,193.804594,199
8/25/2023,4,267.9540181,115
8/25/2023,5,265.6906734,124
8/25/2023,6,223.0717405,115
8/25/2023,7,509.5525845,44
8/25/2023,8,635.5325394,32
8/25/2023,9,410.7887651,61
8/25/2023,10,309.0897653,80
8/25/2023,11,257.0344067,139
8/25/2023,12,214.1591042,237
8/25/2023,13,172.8821485,334
8/25/2023,14,184.7443812,333
8/25/2023,15,155.4982844,439
8/25/2023,16,159.0776277,316
8/25/2023,17,176.36519,328
8/25/2023,18,197.971634,232
8/25/2023,19,208.4836557,259
8/25/2023,20,170.7780047,313
8/25/2023,21,208.1327252,255
8/25/2023,22,206.1910713,213
8/25/2023,23,197.4654175,315
8/26/2023,0,179.9694205,284
8/26/2023,1,206.9275469,281
8/26/2023,2,179.31525,280
8/26/2023,3,202.4003004,234
8/26/2023,4,167.7622904,223
8/26/2023,5,315.3414164,86
8/26/2023,6,183.7221859,149
8/26/2023,7,509.1425383,47
8/26/2023,8,527.6398771,46
8/26/2023,9,527.8511684,42
8/26/2023,10,366.909992,95
8/26/2023,11,299.5605367,112
8/26/2023,12,229.7575423,130
8/26/2023,13,191.8306334,265
8/26/2023,14,207.6197018,315
8/26/2023,15,235.2316025,306
8/26/2023,16,164.8098422,356
8/26/2023,17,230.4653203,208
8/26/2023,18,204.0183441,258
8/26/2023,19,205.3117695,244
8/26/2023,20,247.2963549,174
8/26/2023,21,240.236476,202
8/26/2023,22,211.3710513,255
8/26/2023,23,242.1661336,242
8/27/2023,0,215.6922697,256
8/27/2023,1,202.6030502,265
8/27/2023,2,237.3160543,250
8/27/2023,3,229.0718261,210
8/27/2023,4,177.6495235,189
8/27/2023,5,195.1794351,210
8/27/2023,6,236.6513379,101
8/27/2023,7,412.4461502,65
8/27/2023,8,403.8054337,61
8/27/2023,9,569.1223773,40
8/27/2023,10,423.1813934,61
8/27/2023,11,311.3841926,90
8/27/2023,12,267.6020658,127
8/27/2023,13,259.2752651,148
8/27/2023,14,236.8572225,181
8/27/2023,15,205.7442961,245
8/27/2023,16,239.3079488,208
8/27/2023,17,240.0231397,196
8/27/2023,18,235.910054,172
8/27/2023,19,187.786279,224
8/27/2023,20,225.7828748,220
8/27/2023,21,268.68525,180
8/27/2023,22,230.435979,207
8/27/2023,23,190.6799323,301
8/28/2023,0,167.7361904,256
8/28/2023,1,220.4999955,289
8/28/2023,2,213.716886,240
8/28/2023,3,243.8455496,174
8/28/2023,4,222.6779809,155
8/28/2023,5,185.1172123,159
8/28/2023,6,278.6182472,136
8/28/2023,7,340.4973494,88
8/28/2023,8,436.4396701,51
8/28/2023,9,460.6938086,49
8/28/2023,10,281.2325027,102
8/28/2023,11,275.2881037,124
8/28/2023,12,230.6626564,179
8/28/2023,13,223.0152662,277
8/28/2023,14,221.0403075,275
8/28/2023,15,147.7547879,500
8/28/2023,16,182.6076488,273
8/28/2023,17,219.0989144,267
8/28/2023,18,231.436406,230
8/28/2023,19,174.7753741,271
8/28/2023,20,176.022542,303
8/28/2023,21,210.1148563,259
8/28/2023,22,176.3434535,339
8/28/2023,23,156.3835062,353
8/29/2023,0,231.7051225,283
8/29/2023,1,232.4804334,239
8/29/2023,2,212.4539032,230
8/29/2023,3,252.4420318,159
8/29/2023,4,272.1930515,114
8/29/2023,5,191.5280835,167
8/29/2023,6,221.5511382,106
8/29/2023,7,496.4758027,49
8/29/2023,8,473.1974398,46
8/29/2023,9,477.1266241,54
8/29/2023,10,349.1672961,80
8/29/2023,11,251.8369593,143
8/29/2023,12,197.7270551,293
8/29/2023,13,164.0954639,365
8/29/2023,14,209.4443758,289
8/29/2023,15,177.6149352,412
8/29/2023,16,177.4770949,337
8/29/2023,17,189.2600384,275
8/29/2023,18,186.028851,352
8/29/2023,19,201.0678731,380
8/29/2023,20,209.6936474,326
8/29/2023,21,189.0093941,269
8/29/2023,22,200.1536737,229
8/29/2023,23,187.7085126,262
8/30/2023,0,201.1031944,291
8/30/2023,1,199.5508475,387
8/30/2023,2,201.1073601,257
8/30/2023,3,222.620589,202
8/30/2023,4,211.0020999,169
8/30/2023,5,224.4779367,160
8/30/2023,6,249.8122692,117
8/30/2023,7,463.9460012,55
8/30/2023,8,477.8655227,53
8/30/2023,9,448.2485487,51
8/30/2023,10,333.1612977,102
8/30/2023,11,215.267176,162
8/30/2023,12,192.0545318,285
8/30/2023,13,182.7257945,334
8/30/2023,14,163.6319877,340
8/30/2023,15,156.4557703,392
8/30/2023,16,160.8522703,331
8/30/2023,17,188.9645375,258
8/30/2023,18,183.2447413,315
8/30/2023,19,196.3034822,339
8/30/2023,20,208.8345203,309
8/30/2023,21,203.2229431,260
8/30/2023,22,201.4311078,257
8/30/2023,23,176.3881543,284
8/31/2023,0,201.816615,345
8/31/2023,1,204.6690786,384
8/31/2023,2,234.089674,224
8/31/2023,3,245.2131367,215
8/31/2023,4,177.9012641,187
8/31/2023,5,248.5649656,129
8/31/2023,6,261.2380867,83
8/31/2023,7,395.3210807,37
8/31/2023,8,343.1318268,63
8/31/2023,9,409.9560324,52
8/31/2023,10,263.1044878,112
8/31/2023,11,255.4610544,149
8/31/2023,12,190.076999,265
8/31/2023,13,190.6812172,333
8/31/2023,14,202.3745,347
8/31/2023,15,174.7882963,397
8/31/2023,16,214.3951009,250
8/31/2023,17,204.9184354,226
8/31/2023,18,175.2456583,375
8/31/2023,19,189.5079078,289
8/31/2023,20,236.093247,303
8/31/2023,21,190.0051175,219
8/31/2023,22,177.9101542,324
8/31/2023,23,237.7656766,259
9/1/2023,0,216.6159783,249
9/1/2023,1,175.1688814,373
9/1/2023,2,200.0717006,272
9/1/2023,3,173.2961734,276
9/1/2023,4,226.9229175,133
9/1/2023,5,179.1030073,198
9/1/2023,6,196.2029908,129
9/1/2023,7,504.6094015,43
9/1/2023,8,496.1860519,44
9/1/2023,9,356.150281,65
9/1/2023,10,380.7849401,72
9/1/2023,11,216.7886813,228
9/1/2023,12,206.9242052,263
9/1/2023,13,221.3301986,295
9/1/2023,14,156.6484743,460
9/1/2023,15,177.720434,413
9/1/2023,16,215.374631,341
9/1/2023,17,198.5178833,355
9/1/2023,18,190.5828508,332
9/1/2023,19,193.7826805,371
9/1/2023,20,165.953297,350
9/1/2023,21,197.6853702,282
9/1/2023,22,246.2872639,199
9/1/2023,23,184.8457648,305
9/2/2023,0,232.5370529,248
9/2/2023,1,205.8253365,272
9/2/2023,2,204.1239832,248
9/2/2023,3,210.2398191,213
9/2/2023,4,198.5123306,193
9/2/2023,5,218.9436718,158
9/2/2023,6,186.0026317,152
9/2/2023,7,389.3071308,68
9/2/2023,8,464.2605055,47
9/2/2023,9,433.8687714,51
9/2/2023,10,350.3168538,92
9/2/2023,11,266.6514345,118
9/2/2023,12,239.1816429,150
9/2/2023,13,262.679927,164
9/2/2023,14,231.087716,235
9/2/2023,15,210.2179467,264
9/2/2023,16,194.2120272,215
9/2/2023,17,170.9316023,231
9/2/2023,18,239.5555167,244
9/2/2023,19,216.8447706,268
9/2/2023,20,231.4512062,172
9/2/2023,21,203.4315056,250
9/2/2023,22,240.2747619,196
9/2/2023,23,199.4831224,252
9/3/2023,0,193.7599834,204
9/3/2023,1,188.7612336,271
9/3/2023,2,193.3770853,198
9/3/2023,3,224.9348384,179
9/3/2023,4,215.134761,237
9/3/2023,5,229.0273233,136
9/3/2023,6,218.9295881,110
9/3/2023,7,255.2559559,105
9/3/2023,8,416.918876,56
9/3/2023,9,409.3384203,56
9/3/2023,10,414.6521166,64
9/3/2023,11,315.0844436,81
9/3/2023,12,213.7953386,147
9/3/2023,13,236.4881616,183
9/3/2023,14,229.0733824,174
9/3/2023,15,158.3064155,237
9/3/2023,16,220.9459788,188
9/3/2023,17,232.9438693,219
9/3/2023,18,219.2258235,216
9/3/2023,19,219.5424241,229
9/3/2023,20,186.6903026,245
9/3/2023,21,230.0660648,204
9/3/2023,22,215.9634289,235
9/3/2023,23,196.5551258,302
9/4/2023,0,249.7452282,196
9/4/2023,1,193.1413971,302
9/4/2023,2,257.5752708,188
9/4/2023,3,210.2117572,199
9/4/2023,4,243.1166327,198
9/4/2023,5,212.2633799,161
9/4/2023,6,242.0007898,155
9/4/2023,7,376.3441379,66
9/4/2023,8,465.8756695,49
9/4/2023,9,401.146248,55
9/4/2023,10,334.3582882,65
9/4/2023,11,340.520143,97
9/4/2023,12,254.451488,129
9/4/2023,13,226.653299,184
9/4/2023,14,239.9189536,205
9/4/2023,15,187.329136,332
9/4/2023,16,189.2269325,245
9/4/2023,17,227.2074947,218
9/4/2023,18,229.53653,267
9/4/2023,19,190.2406341,251
9/4/2023,20,188.9019594,366
9/4/2023,21,179.9819605,277
9/4/2023,22,169.2498332,285
9/4/2023,23,232.6884537,313
9/5/2023,0,198.1041516,222
9/5/2023,1,212.5114247,288
9/5/2023,2,175.2468245,240
9/5/2023,3,221.8041887,179
9/5/2023,4,206.1890162,168
9/5/2023,5,165.5071639,209
9/5/2023,6,166.3075915,130
9/5/2023,7,342.859375,69
9/5/2023,8,416.9998855,50
9/5/2023,9,448.8513909,49
9/5/2023,10,361.2152499,86
9/5/2023,11,224.3383206,171
9/5/2023,12,192.8420035,244
9/5/2023,13,213.5916272,268
9/5/2023,14,176.1345771,303
9/5/2023,15,169.31098,457
9/5/2023,16,173.1328241,338
9/5/2023,17,190.4258479,310
9/5/2023,18,197.0441983,337
9/5/2023,19,222.3833896,293
9/5/2023,20,160.9336385,368
9/5/2023,21,158.5902277,403
9/5/2023,22,182.7111857,299
9/5/2023,23,182.1830252,308
9/6/2023,0,202.1662141,287
9/6/2023,1,191.3871699,365
9/6/2023,2,201.2688189,190
9/6/2023,3,236.7669728,174
9/6/2023,4,160.0514986,184
9/6/2023,5,206.1748797,111
9/6/2023,6,154.0670555,77
9/6/2023,7,83.23291449,34
9/6/2023,8,179.3523332,37
9/6/2023,9,172.7553128,30
9/6/2023,10,170.2340722,66
9/6/2023,11,153.0404392,110
9/6/2023,12,169.8985741,275
9/6/2023,13,140.9084534,298
9/6/2023,14,152.4917655,254
9/6/2023,15,137.0707858,231
9/6/2023,16,127.4127009,277
9/6/2023,17,154.7049498,234
9/6/2023,18,141.4626144,289
9/6/2023,19,169.0913507,251
9/6/2023,20,152.4699108,351
9/6/2023,21,138.2197832,216
9/6/2023,22,120.2168596,243
9/6/2023,23,159.221245,304
9/7/2023,0,168.7582947,297
9/7/2023,1,159.9210402,269
9/7/2023,2,149.5119806,203
9/7/2023,3,134.5151817,207
9/7/2023,4,107.2085717,81
9/7/2023,5,68.88442331,111
9/7/2023,6,58.35065488,100
9/7/2023,7,111.8477208,51
9/7/2023,8,103.2608141,53
9/7/2023,9,80.3208377,58
9/7/2023,10,125.9260548,68
9/7/2023,11,169.173145,128
9/7/2023,12,148.8939453,279
9/7/2023,13,145.676419,272
9/7/2023,14,153.523287,259
9/7/2023,15,123.7910353,334
9/7/2023,16,170.3629481,219
9/7/2023,17,130.9308957,324
9/7/2023,18,127.5442386,333
9/7/2023,19,142.6271578,370
9/7/2023,20,130.9721198,321
9/7/2023,21,143.9670458,307
9/7/2023,22,150.4002834,285
9/7/2023,23,163.9518074,262
9/8/2023,0,125.0417953,269
9/8/2023,1,127.6743468,346
9/8/2023,2,207.6905327,279
9/8/2023,3,185.2929962,195
9/8/2023,4,87.11266309,153
9/8/2023,5,90.20065689,94
9/8/2023,6,51.4346031,92
9/8/2023,7,63.00614402,53
9/8/2023,8,95.23196481,53
9/8/2023,9,111.2411603,62
9/8/2023,10,99.42080298,76
9/8/2023,11,107.5236915,111
9/8/2023,12,153.7013638,201
9/8/2023,13,130.7325494,283
9/8/2023,14,140.5355147,312
9/8/2023,15,145.6566539,337
9/8/2023,16,150.6710632,283
9/8/2023,17,191.1576054,239
9/8/2023,18,132.349689,269
9/8/2023,19,138.8836541,374
9/8/2023,20,149.2611537,349
9/8/2023,21,139.8296522,263
9/8/2023,22,135.3436554,262
9/8/2023,23,150.6129246,267
9/9/2023,0,144.4985545,229
9/9/2023,1,171.7193059,316
9/9/2023,2,153.4451023,241
9/9/2023,3,115.7925665,209
9/9/2023,4,116.1917173,180
9/9/2023,5,103.9127395,120
9/9/2023,6,111.4513527,58
9/9/2023,7,103.3042652,44
9/9/2023,8,98.59609751,47
9/9/2023,9,99.0937942,50
9/9/2023,10,77.11927054,81
9/9/2023,11,133.2592793,135
9/9/2023,12,159.4733558,171
9/9/2023,13,139.2003952,240
9/9/2023,14,182.7354957,197
9/9/2023,15,130.0020884,223
9/9/2023,16,131.5797429,283
9/9/2023,17,142.552955,260
9/9/2023,18,136.5828926,246
9/9/2023,19,148.4799086,237
9/9/2023,20,143.2716986,346
9/9/2023,21,114.0512397,303
9/9/2023,22,135.1241263,270
9/9/2023,23,122.5484541,268
9/10/2023,0,157.202405,219
9/10/2023,1,179.5883887,285
9/10/2023,2,108.2697684,184
9/10/2023,3,88.99054459,129
9/10/2023,4,87.88548381,146
9/10/2023,5,59.22089306,139
9/10/2023,6,80.60199962,109
9/10/2023,7,73.2816421,50
9/10/2023,8,110.4404199,45
9/10/2023,9,72.24056861,45
9/10/2023,10,131.9196716,49
9/10/2023,11,145.7275785,102
9/10/2023,12,150.0062438,116
9/10/2023,13,147.2557822,142
9/10/2023,14,159.7025783,246
9/10/2023,15,128.6712875,228
9/10/2023,16,180.2878499,274
9/10/2023,17,139.1246372,256
9/10/2023,18,118.2555404,234
9/10/2023,19,157.2002999,254
9/10/2023,20,159.8578384,245
9/10/2023,21,147.9065689,187
9/10/2023,22,144.9210927,226
9/10/2023,23,132.4388679,339
9/11/2023,0,142.9994854,265
9/11/2023,1,149.2369512,250
9/11/2023,2,163.1557168,211
9/11/2023,3,152.0834172,144
9/11/2023,4,125.2270239,132
9/11/2023,5,131.8883291,112
9/11/2023,6,56.47409904,93
9/11/2023,7,78.40813626,41
9/11/2023,8,132.9306125,46
9/11/2023,9,90.90083448,37
9/11/2023,10,121.122451,84
9/11/2023,11,179.7575325,154
9/11/2023,12,139.9593383,263
9/11/2023,13,136.63771,321
9/11/2023,14,134.5790868,353
9/11/2023,15,132.3266049,338
9/11/2023,16,148.4538309,238
9/11/2023,17,173.8468863,331
9/11/2023,18,181.0499265,343
9/11/2023,19,155.0830517,620
9/11/2023,20,153.2077537,346
9/11/2023,21,118.5032016,352
9/11/2023,22,134.1772045,402
9/11/2023,23,149.3337672,289
9/12/2023,0,133.527539,421
9/12/2023,1,172.4184194,386
9/12/2023,2,162.5306023,274
9/12/2023,3,142.7348427,193
9/12/2023,4,125.7508334,133
9/12/2023,5,72.7827595,131
9/12/2023,6,55.09276501,83
9/12/2023,7,91.71035192,46
9/12/2023,8,80.40392811,54
9/12/2023,9,86.85307517,52
9/12/2023,10,142.0794679,70
9/12/2023,11,155.3042959,153
9/12/2023,12,144.8520874,183
9/12/2023,13,102.3940419,384
9/12/2023,14,149.8969444,280
9/12/2023,15,173.9573247,222
9/12/2023,16,150.2651259,317
9/12/2023,17,97.79156924,312
9/12/2023,18,110.5546124,325
9/12/2023,19,123.9031743,307
9/12/2023,20,112.967649,490
9/12/2023,21,130.7830546,327
9/12/2023,22,108.9686943,291
9/12/2023,23,118.6037356,324
9/13/2023,0,104.3061408,271
9/13/2023,1,129.8266985,235
9/13/2023,2,115.810937,255
9/13/2023,3,185.4630849,144
9/13/2023,4,109.2201028,145
9/13/2023,5,66.33776897,162
9/13/2023,6,67.97295453,88
9/13/2023,7,147.0385427,76
9/13/2023,8,104.6189534,50
9/13/2023,9,113.1527515,48
9/13/2023,10,151.1428884,95
9/13/2023,11,134.8114332,156
9/13/2023,12,157.7186203,242
9/13/2023,13,142.3948604,317
9/13/2023,14,130.2838809,322
9/13/2023,15,149.9966436,325
9/13/2023,16,131.1645919,384
9/13/2023,17,130.5841096,297
9/13/2023,18,132.3021006,266
9/13/2023,19,139.8104283,297
9/13/2023,20,119.2774711,314
9/13/2023,21,148.022742,288
9/13/2023,22,124.9724126,276
9/13/2023,23,153.281721,324
9/14/2023,0,120.1522888,260
9/14/2023,1,137.3564096,290
9/14/2023,2,163.1132421,257
9/14/2023,3,130.8177456,140
9/14/2023,4,138.1838107,92
9/14/2023,5,67.03154388,183
9/14/2023,6,76.49490502,122
9/14/2023,7,115.3942293,54
9/14/2023,8,130.2534649,53
9/14/2023,9,99.47963533,41
9/14/2023,10,121.5016364,65
9/14/2023,11,178.3926944,152
9/14/2023,12,166.7373818,274
9/14/2023,13,116.2496617,317
9/14/2023,14,136.4041382,358
9/14/2023,15,144.5995981,246
9/14/2023,16,118.9686394,286
9/14/2023,17,125.0171046,290
9/14/2023,18,127.324415,284
9/14/2023,19,119.6085086,254
9/14/2023,20,169.2888026,333
9/14/2023,21,188.0251878,221
9/14/2023,22,152.5314498,271
9/14/2023,23,145.4735149,345
9/15/2023,0,129.9570084,339
9/15/2023,1,127.9478329,323
9/15/2023,2,122.2874751,212
9/15/2023,3,117.7609993,150
9/15/2023,4,119.9317377,94
9/15/2023,5,76.17016297,154
9/15/2023,6,61.52623081,117
9/15/2023,7,118.1753073,43
9/15/2023,8,105.6091371,36
9/15/2023,9,120.2815906,46
9/15/2023,10,122.1851084,76
9/15/2023,11,136.7976728,176
9/15/2023,12,138.9285216,213
9/15/2023,13,125.5698421,325
9/15/2023,14,156.4003733,320
9/15/2023,15,132.5942447,354
9/15/2023,16,131.1458915,291
9/15/2023,17,166.7199938,298
9/15/2023,18,135.5676659,306
9/15/2023,19,134.7942507,320
9/15/2023,20,160.3992706,244
9/15/2023,21,144.2785273,283
9/15/2023,22,132.1721269,245
9/15/2023,23,131.9764414,266
9/16/2023,0,162.7454865,261
9/16/2023,1,136.9905705,383
9/16/2023,2,135.4255854,238
9/16/2023,3,127.84881,211
9/16/2023,4,158.1960891,158
9/16/2023,5,118.3122971,148
9/16/2023,6,56.20024164,163
9/16/2023,7,146.7188816,41
9/16/2023,8,95.10720519,52
9/16/2023,9,104.4091381,54
9/16/2023,10,105.88914,68
9/16/2023,11,154.0480579,82
9/16/2023,12,128.9390807,134
9/16/2023,13,141.3570713,233
9/16/2023,14,190.3575413,238
9/16/2023,15,149.1366042,206
9/16/2023,16,137.7071698,217
9/16/2023,17,154.5406147,216
9/16/2023,18,228.6416916,239
9/16/2023,19,158.5307507,302
9/16/2023,20,130.1785129,225
9/16/2023,21,151.2045435,197
9/16/2023,22,142.8918999,221
9/16/2023,23,136.2746036,266
9/17/2023,0,136.3843733,224
9/17/2023,1,119.7266321,283
9/17/2023,2,120.9548608,235
9/17/2023,3,134.2424707,176
9/17/2023,4,108.9830062,140
9/17/2023,5,125.9081409,102
9/17/2023,6,100.2759387,89
9/17/2023,7,61.48995235,79
9/17/2023,8,121.9668703,41
9/17/2023,9,96.69414764,47
9/17/2023,10,125.0574657,61
9/17/2023,11,125.9512948,108
9/17/2023,12,126.7349596,173
9/17/2023,13,143.6774265,166
9/17/2023,14,147.5208488,257
9/17/2023,15,137.4266185,287
9/17/2023,16,134.3336015,270
9/17/2023,17,181.9325154,219
9/17/2023,18,141.5975822,238
9/17/2023,19,130.9914609,289
9/17/2023,20,138.5816097,265
9/17/2023,21,141.5311901,185
9/17/2023,22,142.2426113,201
9/17/2023,23,210.5566242,260
9/18/2023,0,155.0688703,304
9/18/2023,1,141.2314172,262
9/18/2023,2,142.9160196,243
9/18/2023,3,111.5386725,156
9/18/2023,4,135.206155,119
9/18/2023,5,80.44001942,107
9/18/2023,6,66.76730353,122
9/18/2023,7,126.4463051,52
9/18/2023,8,100.9111957,56
9/18/2023,9,89.69668105,52
9/18/2023,10,140.8460053,90
9/18/2023,11,137.3616133,137
9/18/2023,12,143.368566,218
9/18/2023,13,131.8456,311
9/18/2023,14,119.3290283,325
9/18/2023,15,127.8903631,332
9/18/2023,16,125.398248,333
9/18/2023,17,135.2844688,296
9/18/2023,18,136.4651123,276
9/18/2023,19,146.1815364,318
9/18/2023,20,127.2964856,316
9/18/2023,21,150.8469829,265
9/18/2023,22,116.0651692,211
9/18/2023,23,132.6894489,205
9/19/2023,0,142.1926776,258
9/19/2023,1,156.5173688,354
9/19/2023,2,155.0587944,231
9/19/2023,3,121.477644,118
9/19/2023,4,159.1211081,99
9/19/2023,5,136.1345896,114
9/19/2023,6,71.75302646,118
9/19/2023,7,86.3977651,36
9/19/2023,8,58.31286492,44
9/19/2023,9,172.8522909,67
9/19/2023,10,131.1695399,73
9/19/2023,11,131.0574994,150
9/19/2023,12,125.4270662,222
9/19/2023,13,119.984858,302
9/19/2023,14,120.9587524,347
9/19/2023,15,180.545823,287
9/19/2023,16,121.646218,285
9/19/2023,17,143.5381715,260
9/19/2023,18,142.3976804,206
9/19/2023,19,163.2039452,244
9/19/2023,20,151.6628204,288
9/19/2023,21,167.510082,316
9/19/2023,22,118.7969719,262
9/19/2023,23,140.8533202,231
9/20/2023,0,146.1077495,315
9/20/2023,1,185.8162824,275
9/20/2023,2,159.484973,226
9/20/2023,3,124.882015,232
9/20/2023,4,94.32082307,95
9/20/2023,5,79.96023979,99
9/20/2023,6,65.24162592,131
9/20/2023,7,95.49869264,49
9/20/2023,8,146.5782984,47
9/20/2023,9,108.2909873,67
9/20/2023,10,102.0710565,88
9/20/2023,11,166.0663357,159
9/20/2023,12,170.0922124,280
9/20/2023,13,162.461656,278
9/20/2023,14,125.3551356,395
9/20/2023,15,147.2726032,286
9/20/2023,16,149.9961687,326
9/20/2023,17,160.2495684,313
9/20/2023,18,101.6412189,315
9/20/2023,19,129.9068464,258
9/20/2023,20,118.35324,276
9/20/2023,21,174.7116579,203
9/20/2023,22,143.2668712,216
9/20/2023,23,138.0383829,262
9/21/2023,0,156.1742896,260
9/21/2023,1,157.2742439,311
9/21/2023,2,125.2669392,186
9/21/2023,3,125.6805341,149
9/21/2023,4,121.0235353,113
9/21/2023,5,155.0123141,136
9/21/2023,6,92.74887539,145
9/21/2023,7,73.06726229,45
9/21/2023,8,155.1018582,59
9/21/2023,9,106.6103709,58
9/21/2023,10,145.2775337,73
9/21/2023,11,147.6407108,126
9/21/2023,12,151.779835,237
9/21/2023,13,145.6997017,349
9/21/2023,14,161.2950749,278
9/21/2023,15,146.9072326,338
9/21/2023,16,163.9720098,295
9/21/2023,17,170.2719187,254
9/21/2023,18,153.8234579,344
9/21/2023,19,167.493266,292
9/21/2023,20,161.7569199,289
9/21/2023,21,136.0487661,260
9/21/2023,22,174.6645259,191
9/21/2023,23,163.6678095,293
9/22/2023,0,138.2832279,306
9/22/2023,1,118.137044,299
9/22/2023,2,160.1079691,213
9/22/2023,3,130.3119648,117
9/22/2023,4,88.05290361,134
9/22/2023,5,90.63840214,46
9/22/2023,6,52.0891642,140
9/22/2023,7,93.4901343,85
9/22/2023,8,108.4100358,46
9/22/2023,9,143.9399119,54
9/22/2023,10,115.401173,83
9/22/2023,11,146.0686017,128
9/22/2023,12,107.4030894,250
9/22/2023,13,123.9893303,367
9/22/2023,14,125.4426657,367
9/22/2023,15,151.9560305,287
9/22/2023,16,132.7379745,293
9/22/2023,17,144.5429087,213
9/22/2023,18,148.8114076,331
9/22/2023,19,151.1905384,285
9/22/2023,20,137.3964668,223
9/22/2023,21,134.0877196,254
9/22/2023,22,147.5942671,194
9/22/2023,23,139.7806402,278
9/23/2023,0,136.2670408,241
9/23/2023,1,166.5131222,276
9/23/2023,2,154.9267611,235
9/23/2023,3,126.4728699,239
9/23/2023,4,121.072885,183
9/23/2023,5,164.0754725,80
9/23/2023,6,47.30698997,167
9/23/2023,7,87.54991901,78
9/23/2023,8,87.69914277,78
9/23/2023,9,125.5961805,72
9/23/2023,10,138.310759,57
9/23/2023,11,136.1329754,79
9/23/2023,12,169.5559113,141
9/23/2023,13,118.5912744,139
9/23/2023,14,146.5109929,180
9/23/2023,15,142.7560658,318
9/23/2023,16,171.4427976,249
9/23/2023,17,132.5654964,254
9/23/2023,18,113.6923069,258
9/23/2023,19,103.9281177,237
9/23/2023,20,148.6548833,343
9/23/2023,21,223.3487083,181
9/23/2023,22,115.5227042,217
9/23/2023,23,127.7496427,216
9/24/2023,0,114.0646173,241
9/24/2023,1,158.1862055,281
9/24/2023,2,134.820631,212
9/24/2023,3,99.7627831,181
9/24/2023,4,165.6612711,147
9/24/2023,5,77.35920739,120
9/24/2023,6,64.03885905,101
9/24/2023,7,55.01330671,113
9/24/2023,8,142.567131,49
9/24/2023,9,75.91197703,42
9/24/2023,10,83.99112362,62
9/24/2023,11,171.7958582,68
9/24/2023,12,137.5241484,139
9/24/2023,13,165.3500295,149
9/24/2023,14,127.0093231,212
9/24/2023,15,151.8754119,269
9/24/2023,16,152.1872263,159
9/24/2023,17,161.6451804,164
9/24/2023,18,130.6832824,225
9/24/2023,19,122.5618021,177
9/24/2023,20,143.8589657,179
9/24/2023,21,153.0942632,259
9/24/2023,22,138.5819591,208
9/24/2023,23,151.7033827,268
9/25/2023,0,118.9816109,205
9/25/2023,1,116.0650001,268
9/25/2023,2,156.0178433,186
9/25/2023,3,113.4903742,114
9/25/2023,4,128.777313,112
9/25/2023,5,126.9453167,126
9/25/2023,6,43.89705223,111
9/25/2023,7,50.71281627,70
9/25/2023,8,93.02702477,27
9/25/2023,9,183.6167327,73
9/25/2023,10,148.6635402,65
9/25/2023,11,155.8364545,119
9/25/2023,12,162.8523568,197
9/25/2023,13,136.8948362,357
9/25/2023,14,128.8705667,287
9/25/2023,15,111.5639399,326
9/25/2023,16,149.0286374,288
9/25/2023,17,130.604728,292
9/25/2023,18,158.1439939,284
9/25/2023,19,124.442786,278
9/25/2023,20,103.2744827,259
9/25/2023,21,124.0799757,255
9/25/2023,22,144.7758918,195
9/25/2023,23,126.8934498,317
9/26/2023,0,172.4180602,338
9/26/2023,1,140.6821152,366
9/26/2023,2,137.7451239,309
9/26/2023,3,105.8209071,144
9/26/2023,4,110.4467702,113
9/26/2023,5,119.8202285,94
9/26/2023,6,48.47762623,134
9/26/2023,7,117.1807951,101
9/26/2023,8,62.88022002,44
9/26/2023,9,74.11721316,48
9/26/2023,10,99.80134829,99
9/26/2023,11,117.6307526,115
9/26/2023,12,141.242121,256
9/26/2023,13,93.99287345,255
9/26/2023,14,127.5388229,338
9/26/2023,15,100.0196176,357
9/26/2023,16,117.4116059,259
9/26/2023,17,134.0352119,294
9/26/2023,18,138.7090808,316
9/26/2023,19,125.9165139,338
9/26/2023,20,126.0130228,379
9/26/2023,21,143.0427427,232
9/26/2023,22,153.5725533,263
9/26/2023,23,161.2563459,296
9/27/2023,0,154.659405,334
9/27/2023,1,138.5845846,351
9/27/2023,2,139.4955745,172
9/27/2023,3,114.2552371,132
9/27/2023,4,131.9094899,150
9/27/2023,5,106.9255188,152
9/27/2023,6,63.34682798,166
9/27/2023,7,50.6943055,92
9/27/2023,8,128.1412355,39
9/27/2023,9,122.5795186,74
9/27/2023,10,121.2493956,86
9/27/2023,11,187.3390362,160
9/27/2023,12,144.4667614,238
9/27/2023,13,141.1989837,348
9/27/2023,14,143.1301328,308
9/27/2023,15,114.1153797,373
9/27/2023,16,176.285043,318
9/27/2023,17,131.0769018,332
9/27/2023,18,100.460494,267
9/27/2023,19,144.7505814,278
9/27/2023,20,148.2251641,288
9/27/2023,21,142.7828621,301
9/27/2023,22,160.4982854,268
9/27/2023,23,119.9256451,280
9/28/2023,0,154.4726408,326
9/28/2023,1,141.952118,382
9/28/2023,2,120.2230401,258
9/28/2023,3,131.9190237,182
9/28/2023,4,153.4967192,183
9/28/2023,5,89.79423556,126
9/28/2023,6,45.8452256,134
9/28/2023,7,66.33486713,90
9/28/2023,8,83.01612796,48
9/28/2023,9,135.7146079,47
9/28/2023,10,95.2403695,87
9/28/2023,11,130.6168801,106
9/28/2023,12,167.8687313,203
9/28/2023,13,122.5648199,239
9/28/2023,14,118.7095396,314
9/28/2023,15,117.890229,376
9/28/2023,16,138.3835276,247
9/28/2023,17,129.8896643,297
9/28/2023,18,104.3704663,336
9/28/2023,19,143.5066353,252
9/28/2023,20,159.1641014,342
9/28/2023,21,184.8633308,394
9/28/2023,22,131.9396741,232
9/28/2023,23,157.5031418,368
9/29/2023,0,144.5076047,233
9/29/2023,1,138.0291592,335
9/29/2023,2,131.1904985,255
9/29/2023,3,156.0394087,225
9/29/2023,4,171.3140953,151
9/29/2023,5,72.97336923,126
9/29/2023,6,77.46865939,156
9/29/2023,7,111.3301936,147
9/29/2023,8,131.5233378,46
9/29/2023,9,103.7113001,55
9/29/2023,10,143.7857621,88
9/29/2023,11,126.7480112,146
9/29/2023,12,87.32728816,270
9/29/2023,13,139.0875344,279
9/29/2023,14,136.3681427,319
9/29/2023,15,131.5553281,305
9/29/2023,16,105.6496613,258
9/29/2023,17,152.5262783,260
9/29/2023,18,131.484882,281
9/29/2023,19,143.3415818,315
9/29/2023,20,154.0208723,255
9/29/2023,21,145.5705911,235
9/29/2023,22,123.1583566,174
9/29/2023,23,155.1968809,275
9/30/2023,0,120.9194765,247
9/30/2023,1,173.6346997,295
9/30/2023,2,186.1065124,229
9/30/2023,3,112.3153168,149
9/30/2023,4,111.2907074,178
9/30/2023,5,138.7142661,107
9/30/2023,6,83.92942684,65
9/30/2023,7,82.98468233,60
9/30/2023,8,106.4648245,62
9/30/2023,9,67.51649033,32
9/30/2023,10,93.90395156,37
9/30/2023,11,150.0672437,40
9/30/2023,12,140.8610242,48
9/30/2023,13,152.7494941,147
9/30/2023,14,165.3588925,202
9/30/2023,15,129.5424578,172
9/30/2023,16,147.7021018,181
9/30/2023,17,131.8913885,192
9/30/2023,18,214.3083343,190
9/30/2023,19,283.044013,225
9/30/2023,20,203.2054814,250
9/30/2023,21,172.5417341,218
9/30/2023,22,123.8817173,197
9/30/2023,23,141.9863548,205
10/1/2023,0,149.6602285,159
10/1/2023,1,154.6724281,286
10/1/2023,2,133.861704,234
10/1/2023,3,131.5167003,180
10/1/2023,4,81.4423178,147
10/1/2023,5,111.4461127,144
10/1/2023,6,105.5258968,72
10/1/2023,7,60.26771847,108
10/1/2023,8,236.8509032,35
10/1/2023,9,75.62147374,38
10/1/2023,10,254.2295216,30
10/1/2023,11,81.47010556,43
10/1/2023,12,89.74474642,103
10/1/2023,13,163.3257621,122
10/1/2023,14,130.4910183,172
10/1/2023,15,157.1272799,173
10/1/2023,16,145.8290822,193
10/1/2023,17,155.2766876,237
10/1/2023,18,149.4237572,195
10/1/2023,19,122.0283677,167
10/1/2023,20,165.3072439,223
10/1/2023,21,136.5376631,247
10/1/2023,22,147.2689395,233
10/1/2023,23,133.4175199,348
10/2/2023,0,126.1047283,260
10/2/2023,1,144.7428568,295
10/2/2023,2,146.3317759,213
10/2/2023,3,135.174891,151
10/2/2023,4,99.86447122,152
10/2/2023,5,95.70005572,87
10/2/2023,6,48.49873524,103
10/2/2023,7,73.03352431,60
10/2/2023,8,61.84441206,22
10/2/2023,9,90.92294271,44
10/2/2023,10,193.5478728,56
10/2/2023,11,168.8834471,105
10/2/2023,12,127.6271653,263
10/2/2023,13,115.6556007,315
10/2/2023,14,121.6799119,291
10/2/2023,15,152.78676,278
10/2/2023,16,123.4634672,216
10/2/2023,17,144.4247893,266
10/2/2023,18,146.7028675,297
10/2/2023,19,166.9654286,277
10/2/2023,20,147.985397,225
10/2/2023,21,119.8120235,295
10/2/2023,22,128.280651,358
10/2/2023,23,143.7136036,242
10/3/2023,0,156.14148,311
10/3/2023,1,135.0033415,348
10/3/2023,2,154.7533452,221
10/3/2023,3,127.8022093,134
10/3/2023,4,163.834914,98
10/3/2023,5,97.06836099,114
10/3/2023,6,42.12385108,121
10/3/2023,7,46.91593271,64
10/3/2023,8,138.8647723,30
10/3/2023,9,73.98299035,57
10/3/2023,10,82.32289697,57
10/3/2023,11,141.7416176,104
10/3/2023,12,158.5101341,232
10/3/2023,13,106.168198,273
10/3/2023,14,138.4124075,341
10/3/2023,15,162.5975058,270
10/3/2023,16,125.8383284,217
10/3/2023,17,152.8271847,225
10/3/2023,18,128.5621049,376
10/3/2023,19,140.7988066,308
10/3/2023,20,142.1623436,230
10/3/2023,21,142.5002893,309
10/3/2023,22,134.7731625,253
10/3/2023,23,141.8689085,333
10/4/2023,0,128.824597,354
10/4/2023,1,164.80265,391
10/4/2023,2,120.8705859,336
10/4/2023,3,90.13254671,191
10/4/2023,4,156.2817412,112
10/4/2023,5,101.6607943,131
10/4/2023,6,62.66328822,118
10/4/2023,7,72.18952883,60
10/4/2023,8,153.9409574,26
10/4/2023,9,130.2077025,39
10/4/2023,10,156.3415021,78
10/4/2023,11,149.4899476,119
10/4/2023,12,158.679892,244
10/4/2023,13,135.4603887,328
10/4/2023,14,139.4216727,333
10/4/2023,15,145.7524845,293
10/4/2023,16,139.327311,237
10/4/2023,17,130.4443999,408
10/4/2023,18,152.7301548,314
10/4/2023,19,103.7551401,257
10/4/2023,20,166.8896646,275
10/4/2023,21,121.8031577,368
10/4/2023,22,113.2831904,196
10/4/2023,23,128.4228132,222
10/5/2023,0,150.518429,337
10/5/2023,1,137.4203335,288
10/5/2023,2,133.1941765,207
10/5/2023,3,181.3595054,178
10/5/2023,4,109.331043,65
10/5/2023,5,51.68286849,142
10/5/2023,6,63.07714368,132
10/5/2023,7,67.37971152,50
10/5/2023,8,74.47348989,17
10/5/2023,9,229.7076876,34
10/5/2023,10,141.5998993,76
10/5/2023,11,203.4807851,121
10/5/2023,12,178.6041416,271
10/5/2023,13,147.9471722,289
10/5/2023,14,192.4835573,247
10/5/2023,15,168.4275297,177
10/5/2023,16,130.0742038,231
10/5/2023,17,148.4918137,211
10/5/2023,18,126.8312638,311
10/5/2023,19,140.1979677,241
10/5/2023,20,145.0555208,275
10/5/2023,21,98.15364181,313
10/5/2023,22,133.0405753,282
10/5/2023,23,127.1544979,205
10/6/2023,0,127.9953648,246
10/6/2023,1,142.8930069,351
10/6/2023,2,134.2908132,212
10/6/2023,3,142.6932356,131
10/6/2023,4,131.923203,75
10/6/2023,5,61.02199494,133
10/6/2023,6,60.27000071,159
10/6/2023,7,76.92373073,63
10/6/2023,8,173.4159172,17
10/6/2023,9,176.8539588,34
10/6/2023,10,112.2938159,68
10/6/2023,11,225.5794315,92
10/6/2023,12,135.7535079,294
10/6/2023,13,173.5517279,276
10/6/2023,14,129.6968196,292
10/6/2023,15,148.3624882,362
10/6/2023,16,151.2966827,195
10/6/2023,17,188.9558206,232
10/6/2023,18,154.6132929,311
10/6/2023,19,181.2962816,286
10/6/2023,20,200.121643,272
10/6/2023,21,132.1223429,225
10/6/2023,22,176.8754859,238
10/6/2023,23,144.7967287,326
10/7/2023,0,205.6941459,203
10/7/2023,1,179.7017772,233
10/7/2023,2,143.6067429,308
10/7/2023,3,107.3867017,140
10/7/2023,4,105.3158508,151
10/7/2023,5,91.26257268,64
10/7/2023,6,57.07750459,109
10/7/2023,7,86.61154677,62
10/7/2023,8,89.2516108,66
10/7/2023,9,89.79807175,59
10/7/2023,10,98.7116296,51
10/7/2023,11,101.9722838,54
10/7/2023,12,124.8045258,138
10/7/2023,13,171.7431757,229
10/7/2023,14,153.3033686,248
10/7/2023,15,149.9590873,215
10/7/2023,16,118.1788242,167
10/7/2023,17,182.0397107,308
10/7/2023,18,131.830873,332
10/7/2023,19,136.43867,255
10/7/2023,20,155.7038975,254
10/7/2023,21,117.9897382,178
10/7/2023,22,123.7135446,207
10/7/2023,23,143.5089666,234
10/8/2023,0,148.9712872,189
10/8/2023,1,137.5550021,202
10/8/2023,2,133.384131,147
10/8/2023,3,168.9239281,135
10/8/2023,4,80.08562899,97
10/8/2023,5,66.19471372,101
10/8/2023,6,64.40416914,118
10/8/2023,7,69.69935544,79
10/8/2023,8,255.4561558,19
10/8/2023,9,127.0232528,18
10/8/2023,10,174.8563743,35
10/8/2023,11,179.7382391,58
10/8/2023,12,137.4600813,109
10/8/2023,13,113.7730199,143
10/8/2023,14,156.6794956,164
10/8/2023,15,144.0543403,142
10/8/2023,16,151.2188027,194
10/8/2023,17,205.008353,193
10/8/2023,18,192.3702412,197
10/8/2023,19,164.8288714,263
10/8/2023,20,136.3504175,163
10/8/2023,21,186.7803176,202
10/8/2023,22,172.5972149,161
10/8/2023,23,113.5321718,219
10/9/2023,0,138.0997796,342
10/9/2023,1,146.5123431,284
10/9/2023,2,127.6711415,256
10/9/2023,3,169.1749084,127
10/9/2023,4,115.0249366,109
10/9/2023,5,111.4025148,118
10/9/2023,6,99.24198676,144
10/9/2023,7,89.67557937,84
10/9/2023,8,130.5414936,54
10/9/2023,9,131.8435137,13
10/9/2023,10,182.4880174,60
10/9/2023,11,116.9082347,152
10/9/2023,12,150.0355637,306
10/9/2023,13,147.385315,255
10/9/2023,14,114.5675806,270
10/9/2023,15,158.5084805,337
10/9/2023,16,148.3787809,236
10/9/2023,17,179.0733599,267
10/9/2023,18,134.6854262,262
10/9/2023,19,134.9288892,296
10/9/2023,20,153.4990968,308
10/9/2023,21,145.8435855,219
10/9/2023,22,166.2338563,261
10/9/2023,23,145.7661222,269
10/10/2023,0,194.622524,273
10/10/2023,1,182.8804483,325
10/10/2023,2,198.735867,214
10/10/2023,3,239.0797211,156
10/10/2023,4,189.9128347,150
10/10/2023,5,173.71838,174
10/10/2023,6,222.129062,118
10/10/2023,7,340.6050178,73
10/10/2023,8,258.5225126,97
10/10/2023,9,325.9924966,74
10/10/2023,10,290.704163,85
10/10/2023,11,215.3177605,172
10/10/2023,12,168.1717626,359
10/10/2023,13,155.2292798,469
10/10/2023,14,139.7121499,519
10/10/2023,15,155.0445938,481
10/10/2023,16,154.7764838,463
10/10/2023,17,160.9445216,423
10/10/2023,18,172.9306352,423
10/10/2023,19,173.7974531,446
10/10/2023,20,165.1999937,398
10/10/2023,21,188.8905321,280
10/10/2023,22,176.7593449,352
10/10/2023,23,181.9166271,280
10/11/2023,0,162.2277436,406
10/11/2023,1,176.9908023,544
10/11/2023,2,146.425159,311
10/11/2023,3,171.8202544,236
10/11/2023,4,205.1962384,188
10/11/2023,5,154.5203842,183
10/11/2023,6,235.7521961,133
10/11/2023,7,258.9929127,114
10/11/2023,8,319.3158538,84
10/11/2023,9,236.98557,108
10/11/2023,10,242.94803,115
10/11/2023,11,195.5462611,219
10/11/2023,12,199.1979563,353
10/11/2023,13,186.4679943,431
10/11/2023,14,141.6521543,538
10/11/2023,15,143.9497661,456
10/11/2023,16,183.5520959,398
10/11/2023,17,159.7857505,478
10/11/2023,18,131.1405171,530
10/11/2023,19,151.61403,430
10/11/2023,20,168.7823493,457
10/11/2023,21,206.7603321,325
10/11/2023,22,187.6688394,305
10/11/2023,23,175.0266483,287
10/12/2023,0,147.9057013,390
10/12/2023,1,211.8277236,346
10/12/2023,2,173.9682121,300
10/12/2023,3,279.6200256,305
10/12/2023,4,284.7808792,191
10/12/2023,5,174.7433742,202
10/12/2023,6,208.2687626,143
10/12/2023,7,311.6615561,80
10/12/2023,8,314.1001074,83
10/12/2023,9,299.4402989,86
10/12/2023,10,282.6205089,98
10/12/2023,11,206.5895529,221
10/12/2023,12,177.5809524,380
10/12/2023,13,140.4205415,478
10/12/2023,14,165.1599432,430
10/12/2023,15,144.2113584,539
10/12/2023,16,160.2462058,417
10/12/2023,17,151.7155411,420
10/12/2023,18,154.6354118,473
10/12/2023,19,125.5343479,488
10/12/2023,20,177.8968932,424
10/12/2023,21,150.3894632,453
10/12/2023,22,165.5966828,382
10/12/2023,23,198.1180899,270
10/13/2023,0,190.5730733,348
10/13/2023,1,207.9940569,340
10/13/2023,2,151.952152,282
10/13/2023,3,246.7788255,153
10/13/2023,4,197.6822709,230
10/13/2023,5,144.0783491,202
10/13/2023,6,221.2795677,135
10/13/2023,7,279.4461386,134
10/13/2023,8,385.8284108,86
10/13/2023,9,391.8152748,68
10/13/2023,10,211.1984104,150
10/13/2023,11,228.5213469,198
10/13/2023,12,151.538124,408
10/13/2023,13,171.7419558,419
10/13/2023,14,165.1952905,443
10/13/2023,15,148.6078008,393
10/13/2023,16,155.6433015,517
10/13/2023,17,172.2126094,369
10/13/2023,18,170.8047139,547
10/13/2023,19,170.1176233,423
10/13/2023,20,180.7355762,403
10/13/2023,21,191.5264602,296
10/13/2023,22,179.1975896,307
10/13/2023,23,177.1732002,293
10/14/2023,0,183.1731492,315
10/14/2023,1,173.9286404,370
10/14/2023,2,217.8311729,221
10/14/2023,3,243.3535858,201
10/14/2023,4,171.6268269,293
10/14/2023,5,239.8088501,131
10/14/2023,6,175.8048992,163
10/14/2023,7,346.3652752,67
10/14/2023,8,388.9174523,61
10/14/2023,9,366.3765017,63
10/14/2023,10,296.4306495,88
10/14/2023,11,184.3013384,162
10/14/2023,12,243.435108,160
10/14/2023,13,213.6595431,181
10/14/2023,14,173.5065061,315
10/14/2023,15,221.6589375,325
10/14/2023,16,211.0869155,243
10/14/2023,17,199.433204,279
10/14/2023,18,181.1473434,283
10/14/2023,19,183.0378194,399
10/14/2023,20,179.1599448,333
10/14/2023,21,261.7476993,293
10/14/2023,22,199.0452249,255
10/14/2023,23,223.405994,297
10/15/2023,0,185.9793649,313
10/15/2023,1,175.4964646,348
10/15/2023,2,202.1262362,243
10/15/2023,3,183.178839,243
10/15/2023,4,177.6103753,312
10/15/2023,5,171.094104,257
10/15/2023,6,313.1985491,88
10/15/2023,7,181.1646639,164
10/15/2023,8,304.0666196,84
10/15/2023,9,321.0052741,62
10/15/2023,10,352.7973236,75
10/15/2023,11,267.1749276,104
10/15/2023,12,227.7799193,178
10/15/2023,13,263.0847242,168
10/15/2023,14,199.3243667,253
10/15/2023,15,195.1801342,373
10/15/2023,16,187.609554,275
10/15/2023,17,186.7070506,239
10/15/2023,18,168.3766457,337
10/15/2023,19,234.0835699,291
10/15/2023,20,235.8273891,241
10/15/2023,21,222.3593029,256
10/15/2023,22,197.8399481,276
10/15/2023,23,172.5209169,278
10/16/2023,0,168.709441,365
10/16/2023,1,187.9915198,282
10/16/2023,2,181.6723128,291
10/16/2023,3,211.1384143,153
10/16/2023,4,189.8126282,229
10/16/2023,5,191.6865687,137
10/16/2023,6,229.9285966,136
10/16/2023,7,338.4357534,80
10/16/2023,8,274.8019029,102
10/16/2023,9,445.0770664,56
10/16/2023,10,280.8231667,104
10/16/2023,11,194.1997288,213
10/16/2023,12,184.5278979,359
10/16/2023,13,162.7999822,515
10/16/2023,14,158.7097726,470
10/16/2023,15,153.938881,403
10/16/2023,16,163.4661173,387
10/16/2023,17,133.3035546,463
10/16/2023,18,157.1746147,485
10/16/2023,19,158.7482527,430
10/16/2023,20,189.7232372,421
10/16/2023,21,187.4272144,432
10/16/2023,22,183.9056538,293
10/16/2023,23,241.6240152,322
10/17/2023,0,180.3417669,350
10/17/2023,1,180.9329007,320
10/17/2023,2,223.766044,264
10/17/2023,3,235.7567769,151
10/17/2023,4,197.2046855,202
10/17/2023,5,212.1610087,158
10/17/2023,6,251.0215086,111
10/17/2023,7,354.1247462,66
10/17/2023,8,245.1033311,119
10/17/2023,9,263.5425534,108
10/17/2023,10,287.9650895,94
10/17/2023,11,227.8679224,158
10/17/2023,12,179.6300905,418
10/17/2023,13,180.3411896,578
10/17/2023,14,149.1188577,522
10/17/2023,15,139.2816176,437
10/17/2023,16,148.0567673,582
10/17/2023,17,156.4047981,571
10/17/2023,18,156.5092607,433
10/17/2023,19,173.1625552,420
10/17/2023,20,193.7718836,473
10/17/2023,21,171.3506516,439
10/17/2023,22,186.7145068,347
10/17/2023,23,215.8952835,302
10/18/2023,0,162.9936934,405
10/18/2023,1,192.6171764,340
10/18/2023,2,249.2193466,226
10/18/2023,3,201.2947239,204
10/18/2023,4,178.9077517,264
10/18/2023,5,172.7626806,239
10/18/2023,6,224.2393535,139
10/18/2023,7,368.9724681,55
10/18/2023,8,249.5635738,104
10/18/2023,9,337.2999363,108
10/18/2023,10,287.3053136,97
10/18/2023,11,218.7734936,191
10/18/2023,12,161.8095794,429
10/18/2023,13,153.4369022,438
10/18/2023,14,154.5582909,447
10/18/2023,15,180.5554752,378
10/18/2023,16,157.8596975,374
10/18/2023,17,175.3426562,394
10/18/2023,18,198.7837674,360
10/18/2023,19,170.2853199,431
10/18/2023,20,206.3359214,378
10/18/2023,21,186.7593133,304
10/18/2023,22,136.1671255,462
10/18/2023,23,149.6604179,347
10/19/2023,0,196.7079841,253
10/19/2023,1,152.4249282,385
10/19/2023,2,237.4480868,211
10/19/2023,3,275.906347,152
10/19/2023,4,201.0187788,220
10/19/2023,5,159.7821616,173
10/19/2023,6,221.726848,131
10/19/2023,7,291.1117117,86
10/19/2023,8,426.4838577,69
10/19/2023,9,366.0709615,67
10/19/2023,10,266.3746921,109
10/19/2023,11,223.2019524,212
10/19/2023,12,193.2966231,328
10/19/2023,13,149.911658,453
10/19/2023,14,174.3977695,419
10/19/2023,15,158.2832857,413
10/19/2023,16,175.7990032,410
10/19/2023,17,160.9094746,420
10/19/2023,18,155.3934946,480
10/19/2023,19,144.5836901,522
10/19/2023,20,166.0727377,464
10/19/2023,21,193.3118401,331
10/19/2023,22,183.9827683,304
10/19/2023,23,175.0395102,351
10/20/2023,0,167.9013786,322
10/20/2023,1,201.8782953,255
10/20/2023,2,192.0069274,291
10/20/2023,3,225.6294736,187
10/20/2023,4,269.3103892,182
10/20/2023,5,198.0545593,167
10/20/2023,6,214.0185859,136
10/20/2023,7,440.5303951,54
10/20/2023,8,310.5927503,80
10/20/2023,9,91.00143883,294
10/20/2023,10,260.7116696,100
10/20/2023,11,243.7028464,152
10/20/2023,12,187.8339772,375
10/20/2023,13,122.8784774,677
10/20/2023,14,153.4701795,504
10/20/2023,15,177.0504431,349
10/20/2023,16,187.0365278,332
10/20/2023,17,167.2482873,450
10/20/2023,18,143.143784,427
10/20/2023,19,205.0743224,327
10/20/2023,20,184.0616384,456
10/20/2023,21,157.0284432,484
10/20/2023,22,220.6976883,318
10/20/2023,23,220.0692933,304
10/21/2023,0,216.5830677,264
10/21/2023,1,200.6396612,312
10/21/2023,2,196.1891277,255
10/21/2023,3,239.7754896,179
10/21/2023,4,207.0182873,254
10/21/2023,5,189.4769157,167
10/21/2023,6,153.5326983,193
10/21/2023,7,259.7768948,87
10/21/2023,8,244.1474632,90
10/21/2023,9,268.6710145,81
10/21/2023,10,251.2803929,98
10/21/2023,11,253.7086595,140
10/21/2023,12,259.4953641,180
10/21/2023,13,224.722647,207
10/21/2023,14,174.836446,293
10/21/2023,15,206.192539,246
10/21/2023,16,211.759843,258
10/21/2023,17,191.6107297,328
10/21/2023,18,211.2735713,251
10/21/2023,19,187.8608849,293
10/21/2023,20,194.5946154,292
10/21/2023,21,221.3978254,275
10/21/2023,22,210.629892,237
10/21/2023,23,205.2419976,229
10/22/2023,0,162.054247,328
10/22/2023,1,199.424723,221
10/22/2023,2,169.2748471,229
10/22/2023,3,227.645586,190
10/22/2023,4,197.2383956,255
10/22/2023,5,181.2425861,234
10/22/2023,6,217.3023666,144
10/22/2023,7,204.369282,138
10/22/2023,8,267.0483109,84
10/22/2023,9,309.5071976,76
10/22/2023,10,289.9764028,76
10/22/2023,11,249.2440521,136
10/22/2023,12,202.7702715,173
10/22/2023,13,200.4994866,247
10/22/2023,14,215.1072325,235
10/22/2023,15,210.680431,188
10/22/2023,16,185.6011688,287
10/22/2023,17,227.4198297,228
10/22/2023,18,241.2045804,212
10/22/2023,19,188.9958969,297
10/22/2023,20,197.0535411,240
10/22/2023,21,177.0141429,327
10/22/2023,22,166.7030685,293
10/22/2023,23,185.7377773,327
10/23/2023,0,184.5196227,369
10/23/2023,1,151.5210928,408
10/23/2023,2,168.0284879,340
10/23/2023,3,203.1170187,185
10/23/2023,4,197.6564019,189
10/23/2023,5,178.1284997,175
10/23/2023,6,211.5519326,114
10/23/2023,7,393.0109032,58
10/23/2023,8,327.5163108,80
10/23/2023,9,90.58706247,299
10/23/2023,10,222.5058074,147
10/23/2023,11,204.2536559,244
10/23/2023,12,162.9004806,403
10/23/2023,13,95.28935016,766
10/23/2023,14,143.1770501,505
10/23/2023,15,170.6319953,474
10/23/2023,16,195.0593559,336
10/23/2023,17,178.1581971,398
10/23/2023,18,148.5611561,496
10/23/2023,19,141.4548384,368
10/23/2023,20,175.3655557,347
10/23/2023,21,147.1667064,420
10/23/2023,22,195.4386008,266
10/23/2023,23,202.8970214,313
10/24/2023,0,179.7217926,328
10/24/2023,1,186.2276563,299
10/24/2023,2,213.4889675,264
10/24/2023,3,225.4074492,195
10/24/2023,4,202.3727861,230
10/24/2023,5,174.1763521,219
10/24/2023,6,191.9283891,136
10/24/2023,7,263.7424135,104
10/24/2023,8,342.7475263,77
10/24/2023,9,353.4579935,73
10/24/2023,10,315.8021717,100
10/24/2023,11,214.441051,191
10/24/2023,12,157.336368,338
10/24/2023,13,156.9736832,488
10/24/2023,14,133.2952158,518
10/24/2023,15,143.0949086,492
10/24/2023,16,183.769017,461
10/24/2023,17,157.3170601,417
10/24/2023,18,150.1727002,418
10/24/2023,19,184.8839232,402
10/24/2023,20,186.6847071,325
10/24/2023,21,197.2659556,261
10/24/2023,22,209.6417361,285
10/24/2023,23,171.6808488,471
10/25/2023,0,192.559186,420
10/25/2023,1,207.253584,352
10/25/2023,2,208.2629996,274
10/25/2023,3,224.3262867,171
10/25/2023,4,177.4615672,238
10/25/2023,5,158.9980007,231
10/25/2023,6,205.5860175,175
10/25/2023,7,284.5625705,92
10/25/2023,8,382.9938692,63
10/25/2023,9,183.2731813,136
10/25/2023,10,274.1010225,107
10/25/2023,11,233.0148651,244
10/25/2023,12,197.8961152,246
10/25/2023,13,198.465317,351
10/25/2023,14,177.7685783,358
10/25/2023,15,174.9361369,433
10/25/2023,16,205.7875306,342
10/25/2023,17,221.1749789,293
10/25/2023,18,228.4827606,261
10/25/2023,19,221.5841152,244
10/25/2023,20,223.4859244,317
10/25/2023,21,248.8639737,204
10/25/2023,22,189.4715754,251
10/25/2023,23,219.998504,341
10/26/2023,0,227.0990238,280
10/26/2023,1,195.0171167,332
10/26/2023,2,236.9753505,188
10/26/2023,3,272.2776365,153
10/26/2023,4,235.9064081,186
10/26/2023,5,162.0756745,170
10/26/2023,6,245.2792257,96
10/26/2023,7,376.4617173,64
10/26/2023,8,422.9677759,47
10/26/2023,9,347.4424341,71
10/26/2023,10,361.2266169,68
10/26/2023,11,260.7902121,181
10/26/2023,12,209.5594863,283
10/26/2023,13,206.8869401,375
10/26/2023,14,197.9221117,354
10/26/2023,15,181.2152518,325
10/26/2023,16,198.6532908,279
10/26/2023,17,195.7722883,287
10/26/2023,18,184.849394,340
10/26/2023,19,173.9506037,355
10/26/2023,20,172.9525426,306
10/26/2023,21,186.8104863,281
10/26/2023,22,214.0675534,218
10/26/2023,23,191.6146914,290
10/27/2023,0,213.9334623,371
10/27/2023,1,194.8674345,320
10/27/2023,2,244.4463804,233
10/27/2023,3,257.7043536,148
10/27/2023,4,227.6881323,173
10/27/2023,5,218.2289066,131
10/27/2023,6,277.5748993,93
10/27/2023,7,408.5812914,58
10/27/2023,8,388.0852818,47
10/27/2023,9,329.2582206,72
10/27/2023,10,325.9216626,83
10/27/2023,11,242.3214227,149
10/27/2023,12,204.6502737,291
10/27/2023,13,217.8022488,284
10/27/2023,14,221.3400645,304
10/27/2023,15,182.6463244,310
10/27/2023,16,174.2626999,305
10/27/2023,17,181.8680261,349
10/27/2023,18,192.3070073,262
10/27/2023,19,212.9314447,241
10/27/2023,20,236.6249124,204
10/27/2023,21,243.8234794,227
10/27/2023,22,217.5760379,217
10/27/2023,23,193.8402917,256
10/28/2023,0,177.0412008,313
10/28/2023,1,217.7269763,185
10/28/2023,2,248.7167961,203
10/28/2023,3,222.1314238,169
10/28/2023,4,158.3656,315
10/28/2023,5,184.4022486,171
10/28/2023,6,226.5565224,104
10/28/2023,7,476.8230774,56
10/28/2023,8,447.0724637,56
10/28/2023,9,398.5407944,55
10/28/2023,10,389.8079731,57
10/28/2023,11,408.5978253,61
10/28/2023,12,250.4409525,140
10/28/2023,13,253.1216095,259
10/28/2023,14,214.3586458,203
10/28/2023,15,211.5959269,221
10/28/2023,16,215.0817155,248
10/28/2023,17,222.2242338,219
10/28/2023,18,200.5692721,258
10/28/2023,19,208.3370265,235
10/28/2023,20,202.686708,218
10/28/2023,21,202.1619216,287
10/28/2023,22,216.6711946,215
10/28/2023,23,313.6021779,286
10/29/2023,0,467.1066704,431
10/29/2023,1,443.1885681,411
10/29/2023,2,244.3060313,217
10/29/2023,3,208.9165514,156
10/29/2023,4,172.4414023,267
10/29/2023,5,193.3979444,154
10/29/2023,6,339.2508347,71
10/29/2023,7,318.4434732,80
10/29/2023,8,336.409138,73
10/29/2023,9,348.1678771,95
10/29/2023,10,527.2825224,42
10/29/2023,11,402.7048233,64
10/29/2023,12,297.5667803,111
10/29/2023,13,222.4494,192
10/29/2023,14,249.2637172,234
10/29/2023,15,226.0964241,209
10/29/2023,16,198.1637628,277
10/29/2023,17,193.1633802,556
10/29/2023,18,206.9455062,344
10/29/2023,19,193.6610327,276
10/29/2023,20,204.6838417,244
10/29/2023,21,279.5619647,198
10/29/2023,22,218.8404191,231
10/29/2023,23,211.0317008,304
10/30/2023,0,197.7471227,310
10/30/2023,1,222.4553613,306
10/30/2023,2,176.4337191,294
10/30/2023,3,238.464603,171
10/30/2023,4,301.3133104,130
10/30/2023,5,200.862179,134
10/30/2023,6,167.6450664,137
10/30/2023,7,245.6496448,101
10/30/2023,8,385.4188834,62
10/30/2023,9,402.7858992,66
10/30/2023,10,321.4761808,80
10/30/2023,11,319.2113499,108
10/30/2023,12,228.6964917,251
10/30/2023,13,194.8668207,318
10/30/2023,14,132.0114276,533
10/30/2023,15,168.4732361,322
10/30/2023,16,199.4921593,286
10/30/2023,17,196.5999012,280
10/30/2023,18,202.9668727,344
10/30/2023,19,230.3950425,306
10/30/2023,20,182.4036527,357
10/30/2023,21,186.3376408,348
10/30/2023,22,238.54365,307
10/30/2023,23,243.9459187,254
10/31/2023,0,216.0329388,225
10/31/2023,1,179.491544,326
10/31/2023,2,249.3711316,263
10/31/2023,3,203.9754035,206
10/31/2023,4,242.5416682,152
10/31/2023,5,164.9185699,200
10/31/2023,6,216.7723984,115
10/31/2023,7,461.2918942,43
10/31/2023,8,389.8238453,57
10/31/2023,9,326.9040309,67
10/31/2023,10,404.3178303,66
10/31/2023,11,331.9212755,99
10/31/2023,12,210.5218561,229
10/31/2023,13,208.6385535,310
10/31/2023,14,222.4464608,313
10/31/2023,15,248.9483559,279
10/31/2023,16,238.823309,254
10/31/2023,17,212.2309315,353
10/31/2023,18,217.6642585,239
10/31/2023,19,207.4850212,265
10/31/2023,20,208.0046901,279
10/31/2023,21,207.8305275,302
10/31/2023,22,212.5724574,264
10/31/2023,23,236.1548098,213
11/1/2023,0,214.5280221,274
11/1/2023,1,234.3221972,227
11/1/2023,2,256.2931571,173
11/1/2023,3,295.6989844,124
11/1/2023,4,241.283219,227
11/1/2023,5,139.6664956,204
11/1/2023,6,182.7738612,128
11/1/2023,7,598.5950477,36
11/1/2023,8,444.2494861,49
11/1/2023,9,314.7256269,72
11/1/2023,10,393.153411,77
11/1/2023,11,322.1387708,103
11/1/2023,12,219.5515124,215
11/1/2023,13,183.4993629,309
11/1/2023,14,185.8670498,410
11/1/2023,15,200.1126701,247
11/1/2023,16,190.8127497,284
11/1/2023,17,227.5138878,294
11/1/2023,18,199.7844759,306
11/1/2023,19,220.0773965,247
11/1/2023,20,241.3544726,224
11/1/2023,21,219.39669,285
11/1/2023,22,201.6731235,228
11/1/2023,23,205.3487605,336
11/2/2023,0,223.1011512,312
11/2/2023,1,161.0871093,346
11/2/2023,2,226.0636085,236
11/2/2023,3,249.2097155,173
11/2/2023,4,171.3370649,240
11/2/2023,5,170.9776696,169
11/2/2023,6,248.9738037,119
11/2/2023,7,456.6086854,46
11/2/2023,8,579.945071,42
11/2/2023,9,307.0664891,85
11/2/2023,10,293.1066128,88
11/2/2023,11,288.6344384,127
11/2/2023,12,210.3027465,188
11/2/2023,13,148.1542608,408
11/2/2023,14,205.4643739,337
11/2/2023,15,148.6268825,346
11/2/2023,16,218.4984372,274
11/2/2023,17,187.3841961,276
11/2/2023,18,195.2030778,295
11/2/2023,19,220.248234,276
11/2/2023,20,181.8362287,319
11/2/2023,21,177.3879625,304
11/2/2023,22,224.6290909,216
11/2/2023,23,197.831479,246
11/3/2023,0,165.8982617,377
11/3/2023,1,153.5822545,388
11/3/2023,2,224.4672583,270
11/3/2023,3,245.0742148,156
11/3/2023,4,235.212467,149
11/3/2023,5,184.4470691,173
11/3/2023,6,215.6418966,122
11/3/2023,7,418.1755673,57
11/3/2023,8,577.0943891,37
11/3/2023,9,398.942848,59
11/3/2023,10,300.248732,103
11/3/2023,11,251.4767081,164
11/3/2023,12,213.7942292,266
11/3/2023,13,205.1330434,328
11/3/2023,14,238.570413,228
11/3/2023,15,177.3486694,298
11/3/2023,16,200.2114974,278
11/3/2023,17,207.0618245,296
11/3/2023,18,199.6477834,323
11/3/2023,19,222.3550343,286
11/3/2023,20,219.8605446,337
11/3/2023,21,213.3183492,192
11/3/2023,22,202.2985294,288
11/3/2023,23,229.0527721,326
11/4/2023,0,230.1388712,311
11/4/2023,1,178.3844657,268
11/4/2023,2,187.1051151,249
11/4/2023,3,199.7150191,214
11/4/2023,4,195.2355669,261
11/4/2023,5,209.6529204,150
11/4/2023,6,225.428307,125
11/4/2023,7,446.4116877,49
11/4/2023,8,449.4599939,55
11/4/2023,9,475.7913717,43
11/4/2023,10,336.4290729,73
11/4/2023,11,323.8762891,91
11/4/2023,12,203.6799489,200
11/4/2023,13,218.753549,225
11/4/2023,14,209.5007732,206
11/4/2023,15,202.7017407,266
11/4/2023,16,195.1527503,272
11/4/2023,17,200.4096839,235
11/4/2023,18,178.921575,325
11/4/2023,19,148.7216564,310
11/4/2023,20,165.7864425,220
11/4/2023,21,245.9199011,193
11/4/2023,22,234.3379495,251
11/4/2023,23,194.0131729,292
11/5/2023,0,224.0609339,243
11/5/2023,1,205.5439907,191
11/5/2023,2,191.6377482,234
11/5/2023,3,202.2788828,184
11/5/2023,4,189.6146512,341
11/5/2023,5,173.449492,190
11/5/2023,6,297.1810004,94
11/5/2023,7,222.7056582,98
11/5/2023,8,444.8228239,58
11/5/2023,9,448.9216404,58
11/5/2023,10,389.8992758,55
11/5/2023,11,391.5514751,64
11/5/2023,12,271.2325884,110
11/5/2023,13,223.8147058,201
11/5/2023,14,170.7252994,234
11/5/2023,15,216.6770936,232
11/5/2023,16,205.1424644,289
11/5/2023,17,214.3278431,219
11/5/2023,18,235.2795597,226
11/5/2023,19,258.3973294,226
11/5/2023,20,198.8018126,251
11/5/2023,21,257.7528247,262
11/5/2023,22,201.6756532,346
11/5/2023,23,201.3836775,313
11/6/2023,0,183.3689116,386
11/6/2023,1,212.6780849,313
11/6/2023,2,185.0429334,249
11/6/2023,3,192.5570034,278
11/6/2023,4,259.1210477,167
11/6/2023,5,305.9815217,129
11/6/2023,6,169.1088844,155
11/6/2023,7,267.4022901,85
11/6/2023,8,464.5926109,48
11/6/2023,9,673.1948073,33
11/6/2023,10,368.0139821,59
11/6/2023,11,283.3109229,88
11/6/2023,12,271.6441329,137
11/6/2023,13,218.2136797,273
11/6/2023,14,217.4709389,264
11/6/2023,15,195.4044045,344
11/6/2023,16,190.0188476,308
11/6/2023,17,159.109075,394
11/6/2023,18,222.2549378,306
11/6/2023,19,219.6791326,275
11/6/2023,20,233.1539607,266
11/6/2023,21,201.4017246,274
11/6/2023,22,212.1043366,275
11/6/2023,23,180.6030819,412
11/7/2023,0,192.655233,398
11/7/2023,1,199.612878,314
11/7/2023,2,193.4795221,235
11/7/2023,3,247.8234634,203
11/7/2023,4,324.0083362,119
11/7/2023,5,212.7716573,180
11/7/2023,6,202.9539639,179
11/7/2023,7,195.0846415,133
11/7/2023,8,289.147995,72
11/7/2023,9,357.1497009,68
11/7/2023,10,368.4917744,63
11/7/2023,11,256.9575178,114
11/7/2023,12,251.5026306,157
11/7/2023,13,212.8424985,268
11/7/2023,14,189.1477904,322
11/7/2023,15,214.143534,281
11/7/2023,16,190.1308605,360
11/7/2023,17,171.859627,380
11/7/2023,18,181.3784178,282
11/7/2023,19,180.3369249,353
11/7/2023,20,215.6883321,298
11/7/2023,21,216.2629937,297
11/7/2023,22,200.4805668,293
11/7/2023,23,210.6756809,355
11/8/2023,0,201.1697713,325
11/8/2023,1,226.7977035,247
11/8/2023,2,237.9736045,248
11/8/2023,3,288.2046508,280
11/8/2023,4,261.5856206,167
11/8/2023,5,291.8137279,160
11/8/2023,6,213.2768811,144
11/8/2023,7,237.6694271,99
11/8/2023,8,324.4858553,76
11/8/2023,9,282.2033865,89
11/8/2023,10,337.4927732,91
11/8/2023,11,300.0282013,90
11/8/2023,12,228.9890671,201
11/8/2023,13,205.4432671,426
11/8/2023,14,205.7444826,322
11/8/2023,15,173.6954874,397
11/8/2023,16,185.3487894,340
11/8/2023,17,214.2275312,266
11/8/2023,18,214.7127657,336
11/8/2023,19,205.0502514,326
11/8/2023,20,215.1162532,290
11/8/2023,21,179.269908,339
11/8/2023,22,159.2137886,309
11/8/2023,23,173.7261939,345
11/9/2023,0,209.3222183,397
11/9/2023,1,217.4459047,510
11/9/2023,2,210.3197931,474
11/9/2023,3,169.5067439,321
11/9/2023,4,209.4296684,213
11/9/2023,5,259.6267763,141
11/9/2023,6,239.5275941,108
11/9/2023,7,270.2096158,100
11/9/2023,8,229.0767842,123
11/9/2023,9,404.9870948,59
11/9/2023,10,429.5926019,58
11/9/2023,11,270.3778418,109
11/9/2023,12,273.4107939,127
11/9/2023,13,154.8397188,367
11/9/2023,14,212.8589827,443
11/9/2023,15,246.9318205,297
11/9/2023,16,211.1540435,281
11/9/2023,17,170.7546482,276
11/9/2023,18,200.7932607,346
11/9/2023,19,158.0078641,389
11/9/2023,20,223.580675,272
11/9/2023,21,181.5365111,326
11/9/2023,22,219.0967322,325
11/9/2023,23,169.8056498,420
11/10/2023,0,177.8931897,419
11/10/2023,1,208.7771788,338
11/10/2023,2,162.4129362,291
11/10/2023,3,193.6969556,285
11/10/2023,4,240.3173828,179
11/10/2023,5,257.7301935,145
11/10/2023,6,217.9378114,139
11/10/2023,7,250.1177586,118
11/10/2023,8,280.8064541,92
11/10/2023,9,444.4003962,49
11/10/2023,10,380.8056839,59
11/10/2023,11,343.4172349,77
11/10/2023,12,212.2459515,151
11/10/2023,13,231.4523558,199
11/10/2023,14,215.9997008,303
11/10/2023,15,189.2803457,310
11/10/2023,16,179.8371622,288
11/10/2023,17,228.0984593,291
11/10/2023,18,197.9465833,338
11/10/2023,19,152.9147555,403
11/10/2023,20,131.8238368,524
11/10/2023,21,169.7254216,397
11/10/2023,22,146.3092685,332
11/10/2023,23,227.8405617,311
11/11/2023,0,195.9137076,349
11/11/2023,1,158.6004698,381
11/11/2023,2,189.0113688,238
11/11/2023,3,199.2104865,238
11/11/2023,4,216.646504,164
11/11/2023,5,207.7018039,229
11/11/2023,6,243.0337853,113
11/11/2023,7,256.7163415,107
11/11/2023,8,251.5129158,91
11/11/2023,9,482.8780594,47
11/11/2023,10,401.9188094,65
11/11/2023,11,400.2244131,74
11/11/2023,12,267.8400761,96
11/11/2023,13,219.1982036,200
11/11/2023,14,204.9020047,303
11/11/2023,15,223.2274498,203
11/11/2023,16,175.7220529,287
11/11/2023,17,191.278086,244
11/11/2023,18,208.6006095,250
11/11/2023,19,231.1507444,288
11/11/2023,20,148.2763837,318
11/11/2023,21,276.5749605,163
11/11/2023,22,174.721483,238
11/11/2023,23,214.1082657,185
11/12/2023,0,183.1322315,334
11/12/2023,1,227.9257516,278
11/12/2023,2,189.357338,205
11/12/2023,3,192.0208285,247
11/12/2023,4,238.0635862,181
11/12/2023,5,230.0547551,202
11/12/2023,6,209.4946571,142
11/12/2023,7,288.9774488,73
11/12/2023,8,316.7061277,73
11/12/2023,9,417.8488807,55
11/12/2023,10,330.0121571,71
11/12/2023,11,427.7873951,54
11/12/2023,12,257.1878889,102
11/12/2023,13,249.0710116,146
11/12/2023,14,195.6207887,243
11/12/2023,15,219.3850007,211
11/12/2023,16,215.4819441,200
11/12/2023,17,194.5238036,207
11/12/2023,18,185.4603029,307
11/12/2023,19,173.9521554,334
11/12/2023,20,219.2816443,304
11/12/2023,21,194.1301801,249
11/12/2023,22,201.728293,219
11/12/2023,23,213.7568083,231
11/13/2023,0,188.9321936,272
11/13/2023,1,181.1957679,350
11/13/2023,2,192.1352669,259
11/13/2023,3,224.8078402,259
11/13/2023,4,279.8516568,127
11/13/2023,5,246.1103767,151
11/13/2023,6,201.1711547,137
11/13/2023,7,329.9943923,66
11/13/2023,8,297.2202143,78
11/13/2023,9,365.5192998,64
11/13/2023,10,263.3666829,97
11/13/2023,11,413.4109132,69
11/13/2023,12,300.2347916,122
11/13/2023,13,183.4493524,413
11/13/2023,14,174.4838076,461
11/13/2023,15,156.3405912,493
11/13/2023,16,150.6949107,540
11/13/2023,17,188.4779326,343
11/13/2023,18,172.5099422,385
11/13/2023,19,204.3367975,355
11/13/2023,20,217.5801281,358
11/13/2023,21,194.2390279,322
11/13/2023,22,182.7429259,311
11/13/2023,23,176.3202945,294
11/14/2023,0,165.3669231,418
11/14/2023,1,208.941045,296
11/14/2023,2,196.8636796,297
11/14/2023,3,225.1688315,247
11/14/2023,4,235.9598589,215
11/14/2023,5,254.2897558,174
11/14/2023,6,175.6394612,147
11/14/2023,7,265.946778,85
11/14/2023,8,303.3525718,77
11/14/2023,9,402.4716072,65
11/14/2023,10,324.65283,81
11/14/2023,11,280.687834,116
11/14/2023,12,280.4471395,115
11/14/2023,13,179.2656489,467
11/14/2023,14,192.7974957,288
11/14/2023,15,218.1214709,266
11/14/2023,16,194.4887302,342
11/14/2023,17,191.1113308,250
11/14/2023,18,171.5001408,429
11/14/2023,19,175.507611,452
11/14/2023,20,210.6879798,356
11/14/2023,21,188.5537035,403
11/14/2023,22,194.6005783,316
11/14/2023,23,205.9971402,292
11/15/2023,0,193.2441176,340
11/15/2023,1,209.5412948,278
11/15/2023,2,192.5395952,295
11/15/2023,3,214.6849235,279
11/15/2023,4,251.2589435,162
11/15/2023,5,298.9810738,136
11/15/2023,6,197.578153,150
11/15/2023,7,264.1172981,98
11/15/2023,8,311.9362458,73
11/15/2023,9,413.632725,76
11/15/2023,10,312.8473507,87
11/15/2023,11,269.3661358,108
11/15/2023,12,194.0090688,201
11/15/2023,13,193.5513427,400
11/15/2023,14,220.7965019,365
11/15/2023,15,170.1564146,268
11/15/2023,16,200.7984716,314
11/15/2023,17,196.0711593,400
11/15/2023,18,193.7969359,390
11/15/2023,19,219.2530531,275
11/15/2023,20,215.2851725,258
11/15/2023,21,171.1137486,338
11/15/2023,22,170.09963,343
11/15/2023,23,171.2296277,418
11/16/2023,0,199.5514145,255
11/16/2023,1,192.1366044,376
11/16/2023,2,189.914296,296
11/16/2023,3,208.2542398,247
11/16/2023,4,201.7861601,179
11/16/2023,5,274.5610463,225
11/16/2023,6,230.2593214,133
11/16/2023,7,255.4997733,105
11/16/2023,8,294.8348356,68
11/16/2023,9,446.2928092,56
11/16/2023,10,334.5107935,96
11/16/2023,11,282.4251505,100
11/16/2023,12,255.3230804,140
11/16/2023,13,176.0256939,362
11/16/2023,14,215.3829095,376
11/16/2023,15,165.7495128,409
11/16/2023,16,186.6200342,403
11/16/2023,17,204.6369347,261
11/16/2023,18,196.2275438,428
11/16/2023,19,178.4419282,436
11/16/2023,20,197.5963815,326
11/16/2023,21,166.6356523,303
11/16/2023,22,209.2716517,246
11/16/2023,23,154.0816524,355
11/17/2023,0,174.9344536,384
11/17/2023,1,173.9311756,384
11/17/2023,2,188.6955731,329
11/17/2023,3,183.5920259,311
11/17/2023,4,248.9407359,185
11/17/2023,5,313.8729293,138
11/17/2023,6,224.710742,116
11/17/2023,7,222.310762,117
11/17/2023,8,342.1360296,78
11/17/2023,9,538.4251643,39
11/17/2023,10,337.6432969,79
11/17/2023,11,236.962115,130
11/17/2023,12,164.2124369,189
11/17/2023,13,164.3145127,453
11/17/2023,14,186.9757988,423
11/17/2023,15,172.6917012,401
11/17/2023,16,203.5556202,380
11/17/2023,17,188.1045279,342
11/17/2023,18,177.8620354,405
11/17/2023,19,185.265719,405
11/17/2023,20,150.4732726,384
11/17/2023,21,206.2738634,382
11/17/2023,22,150.0967708,506
11/17/2023,23,233.1636935,312
11/18/2023,0,223.7108564,324
11/18/2023,1,160.1145466,310
11/18/2023,2,220.394308,225
11/18/2023,3,192.3174943,323
11/18/2023,4,195.6380695,232
11/18/2023,5,157.0682241,326
11/18/2023,6,242.4519095,133
11/18/2023,7,282.5811341,89
11/18/2023,8,231.6773468,101
11/18/2023,9,520.3367982,49
11/18/2023,10,481.8337795,52
11/18/2023,11,367.4113283,65
11/18/2023,12,221.001836,125
11/18/2023,13,220.6420826,189
11/18/2023,14,190.2524897,247
11/18/2023,15,223.6969485,215
11/18/2023,16,190.9779968,290
11/18/2023,17,228.4475821,305
11/18/2023,18,187.552604,387
11/18/2023,19,235.665793,270
11/18/2023,20,179.4455058,341
11/18/2023,21,194.0512138,232
11/18/2023,22,182.9206572,374
11/18/2023,23,211.1335604,291
11/19/2023,0,223.5799553,271
11/19/2023,1,211.1442326,218
11/19/2023,2,217.4630465,240
11/19/2023,3,236.0735022,234
11/19/2023,4,213.0517932,188
11/19/2023,5,222.4113755,230
11/19/2023,6,253.3061656,141
11/19/2023,7,305.345679,87
11/19/2023,8,227.1850765,116
11/19/2023,9,397.5604203,58
11/19/2023,10,372.7588253,78
11/19/2023,11,348.2965638,90
11/19/2023,12,218.8550457,143
11/19/2023,13,310.1090955,102
11/19/2023,14,225.5393806,231
11/19/2023,15,253.878102,150
11/19/2023,16,214.7844087,279
11/19/2023,17,221.7646056,196
11/19/2023,18,192.3810998,271
11/19/2023,19,186.8260626,258
11/19/2023,20,188.8129957,272
11/19/2023,21,169.4623466,378
11/19/2023,22,193.8696711,262
11/19/2023,23,216.5994022,244
11/20/2023,0,186.3712437,387
11/20/2023,1,177.4411154,392
11/20/2023,2,195.1836027,369
11/20/2023,3,177.7005622,369
11/20/2023,4,226.1822743,192
11/20/2023,5,223.2985942,165
11/20/2023,6,204.990203,126
11/20/2023,7,264.4228842,91
11/20/2023,8,326.8687026,84
11/20/2023,9,355.9606859,58
11/20/2023,10,398.8961275,60
11/20/2023,11,343.1696929,91
11/20/2023,12,251.5128142,144
11/20/2023,13,135.8265577,437
11/20/2023,14,162.9461799,560
11/20/2023,15,165.7092328,368
11/20/2023,16,166.378342,435
11/20/2023,17,182.5418933,349
11/20/2023,18,203.9269142,335
11/20/2023,19,181.4510283,428
11/20/2023,20,210.8693904,244
11/20/2023,21,201.8920377,281
11/20/2023,22,180.0377615,319
11/20/2023,23,203.7894825,293
11/21/2023,0,205.15796,256
11/21/2023,1,197.773685,338
11/21/2023,2,174.2206397,347
11/21/2023,3,234.3712572,223
11/21/2023,4,212.2774638,200
11/21/2023,5,216.0559396,191
11/21/2023,6,295.1256584,96
11/21/2023,7,276.402195,100
11/21/2023,8,263.9852942,103
11/21/2023,9,283.5378102,88
11/21/2023,10,388.3831704,68
11/21/2023,11,358.6800995,82
11/21/2023,12,264.073253,125
11/21/2023,13,164.5765092,401
11/21/2023,14,203.6509929,339
11/21/2023,15,224.0262143,324
11/21/2023,16,196.3482697,355
11/21/2023,17,230.9190727,262
11/21/2023,18,189.428373,336
11/21/2023,19,155.3048166,435
11/21/2023,20,211.3205594,303
11/21/2023,21,171.5322389,459
11/21/2023,22,161.0303268,397
11/21/2023,23,202.6384666,361
11/22/2023,0,185.3673288,334
11/22/2023,1,173.2800506,361
11/22/2023,2,195.3300289,516
11/22/2023,3,206.205957,299
11/22/2023,4,207.6424586,208
11/22/2023,5,219.0446118,189
11/22/2023,6,241.9260489,181
11/22/2023,7,241.8747115,118
11/22/2023,8,254.023733,111
11/22/2023,9,325.1838449,77
11/22/2023,10,335.8741236,75
11/22/2023,11,303.97344,86
11/22/2023,12,299.9499845,122
11/22/2023,13,229.9181359,227
11/22/2023,14,231.9293859,246
11/22/2023,15,223.1589866,304
11/22/2023,16,226.5483011,255
11/22/2023,17,201.3443546,337
11/22/2023,18,189.7373584,343
11/22/2023,19,191.6044929,289
11/22/2023,20,198.0935632,340
11/22/2023,21,174.3117933,533
11/22/2023,22,231.6288187,359
11/22/2023,23,182.7059406,245
11/23/2023,0,200.1024842,266
11/23/2023,1,189.9356583,317
11/23/2023,2,199.6474464,305
11/23/2023,3,213.268635,222
11/23/2023,4,264.8517636,181
11/23/2023,5,285.6996222,155
11/23/2023,6,247.9444092,130
11/23/2023,7,241.3056779,114
11/23/2023,8,253.2050451,104
11/23/2023,9,383.1003494,68
11/23/2023,10,382.3041828,64
11/23/2023,11,307.1578589,84
11/23/2023,12,354.3964498,107
11/23/2023,13,238.7796597,136
11/23/2023,14,246.6477976,189
11/23/2023,15,247.5296158,200
11/23/2023,16,227.1520007,156
11/23/2023,17,192.573588,219
11/23/2023,18,245.9009496,242
11/23/2023,19,174.5117415,330
11/23/2023,20,244.2467484,236
11/23/2023,21,226.6502297,163
11/23/2023,22,240.6707524,174
11/23/2023,23,213.5515697,209
11/24/2023,0,187.7912025,199
11/24/2023,1,201.8566164,235
11/24/2023,2,224.6753795,217
11/24/2023,3,269.0221731,171
11/24/2023,4,210.0607959,158
11/24/2023,5,229.7253877,165
11/24/2023,6,247.8747002,105
11/24/2023,7,250.5668345,95
11/24/2023,8,288.7903941,88
11/24/2023,9,480.795854,48
11/24/2023,10,323.4925607,72
11/24/2023,11,411.7216957,65
11/24/2023,12,327.8368017,103
11/24/2023,13,245.6967333,197
11/24/2023,14,269.557926,163
11/24/2023,15,216.4583892,269
11/24/2023,16,198.6633973,343
11/24/2023,17,228.4016035,247
11/24/2023,18,218.5224101,274
11/24/2023,19,224.1049778,298
11/24/2023,20,174.4055801,251
11/24/2023,21,202.9183966,270
11/24/2023,22,212.6384504,228
11/24/2023,23,194.5898025,320
11/25/2023,0,180.7820034,337
11/25/2023,1,245.5414293,238
11/25/2023,2,170.9624884,290
11/25/2023,3,180.5333011,284
11/25/2023,4,235.3940018,175
11/25/2023,5,187.0236749,268
11/25/2023,6,251.4084401,158
11/25/2023,7,234.0379202,127
11/25/2023,8,258.2779409,86
11/25/2023,9,575.1971133,38
11/25/2023,10,345.4752319,63
11/25/2023,11,441.2441108,56
11/25/2023,12,310.6991886,105
11/25/2023,13,268.4618999,202
11/25/2023,14,203.3601066,248
11/25/2023,15,221.3058114,224
11/25/2023,16,237.043774,242
11/25/2023,17,226.2553952,309
11/25/2023,18,188.432478,355
11/25/2023,19,197.5688322,333
11/25/2023,20,224.4720087,258
11/25/2023,21,249.4547807,252
11/25/2023,22,190.8151928,249
11/25/2023,23,215.0188442,263
11/26/2023,0,202.9093683,262
11/26/2023,1,222.4390501,214
11/26/2023,2,226.7421428,280
11/26/2023,3,219.1216768,217
11/26/2023,4,248.5533799,166
11/26/2023,5,225.1008875,204
11/26/2023,6,216.6181773,187
11/26/2023,7,270.0527133,104
11/26/2023,8,306.5941184,90
11/26/2023,9,463.4779567,57
11/26/2023,10,367.72081,68
11/26/2023,11,404.5931715,59
11/26/2023,12,394.4959421,71
11/26/2023,13,323.3185574,91
11/26/2023,14,202.924109,242
11/26/2023,15,256.4977032,232
11/26/2023,16,234.5233391,204
11/26/2023,17,209.6928953,209
11/26/2023,18,170.3403632,317
11/26/2023,19,208.7936599,254
11/26/2023,20,214.4921551,325
11/26/2023,21,206.7475564,326
11/26/2023,22,223.817499,315
11/26/2023,23,218.2985681,368
11/27/2023,0,215.1959441,301
11/27/2023,1,220.2456705,282
11/27/2023,2,185.0200729,305
11/27/2023,3,189.6714079,265
11/27/2023,4,212.2840502,196
11/27/2023,5,275.8936716,147
11/27/2023,6,249.0902507,110
11/27/2023,7,280.8951838,90
11/27/2023,8,238.8313172,109
11/27/2023,9,451.4622395,63
11/27/2023,10,370.1638577,70
11/27/2023,11,263.2730264,92
11/27/2023,12,238.6062909,158
11/27/2023,13,217.6304197,284
11/27/2023,14,213.1128715,334
11/27/2023,15,201.0979773,379
11/27/2023,16,187.5504951,487
11/27/2023,17,207.136743,381
11/27/2023,18,214.0417679,410
11/27/2023,19,186.8379306,373
11/27/2023,20,156.8868024,479
11/27/2023,21,204.6902889,388
11/27/2023,22,177.5505943,371
11/27/2023,23,217.1292885,320
11/28/2023,0,195.1822137,443
11/28/2023,1,234.2453947,376
11/28/2023,2,196.5085835,300
11/28/2023,3,200.710528,313
11/28/2023,4,228.7667589,209
11/28/2023,5,252.1101264,159
11/28/2023,6,263.0532758,140
11/28/2023,7,290.911837,94
11/28/2023,8,305.7562214,97
11/28/2023,9,409.666585,71
11/28/2023,10,453.1244603,60
11/28/2023,11,299.7646334,120
11/28/2023,12,281.3767056,135
11/28/2023,13,180.3651059,284
11/28/2023,14,182.9113001,345
11/28/2023,15,186.9901056,426
11/28/2023,16,191.4846471,286
11/28/2023,17,169.3318666,362
11/28/2023,18,175.0051361,418
11/28/2023,19,187.1844421,367
11/28/2023,20,166.1225987,414
11/28/2023,21,153.1637409,389
11/28/2023,22,164.6517404,444
11/28/2023,23,181.377644,321
11/29/2023,0,213.0236116,382
11/29/2023,1,197.1270914,277
11/29/2023,2,183.9228004,289
11/29/2023,3,205.5257549,215
11/29/2023,4,217.3239547,195
11/29/2023,5,226.2714898,182
11/29/2023,6,248.081848,137
11/29/2023,7,252.5135683,102
11/29/2023,8,276.7830533,98
11/29/2023,9,397.8949188,67
11/29/2023,10,384.9482493,66
11/29/2023,11,314.7852809,103
11/29/2023,12,296.0203736,116
11/29/2023,13,215.8024828,343
11/29/2023,14,187.1021485,377
11/29/2023,15,193.8826949,389
11/29/2023,16,216.3947623,286
11/29/2023,17,240.3024809,417
11/29/2023,18,180.7431948,359
11/29/2023,19,233.998553,273
11/29/2023,20,203.6180084,340
11/29/2023,21,202.3523495,355
11/29/2023,22,197.2399799,321
11/29/2023,23,185.9915839,401
11/30/2023,0,208.0931749,332
11/30/2023,1,194.097218,371
11/30/2023,2,150.3851338,365
11/30/2023,3,143.9919115,324
11/30/2023,4,239.7962835,155
11/30/2023,5,267.6828494,148
11/30/2023,6,201.1276734,124
11/30/2023,7,270.6286915,105
11/30/2023,8,256.001551,108
11/30/2023,9,438.9835086,51
11/30/2023,10,381.2126821,62
11/30/2023,11,286.7818217,121
11/30/2023,12,297.1398878,166
11/30/2023,13,227.1356566,279
11/30/2023,14,205.4977187,288
11/30/2023,15,194.220322,345
11/30/2023,16,229.8554107,242
11/30/2023,17,197.7295781,284
11/30/2023,18,191.4012588,324
11/30/2023,19,165.0650421,430
11/30/2023,20,188.8267534,300
11/30/2023,21,201.6117273,376
11/30/2023,22,212.8914719,297
11/30/2023,23,231.0636663,316
12/1/2023,0,175.8777128,305
12/1/2023,1,195.7183393,287
12/1/2023,2,189.0188007,331
12/1/2023,3,234.3273384,304
12/1/2023,4,219.001327,210
12/1/2023,5,215.8767493,204
12/1/2023,6,193.8334883,186
12/1/2023,7,216.5408415,135
12/1/2023,8,214.9754751,127
12/1/2023,9,343.2596965,69
12/1/2023,10,427.4985839,67
12/1/2023,11,362.4105159,73
12/1/2023,12,255.7561783,176
12/1/2023,13,217.9431942,291
12/1/2023,14,165.7833113,396
12/1/2023,15,170.9558773,509
12/1/2023,16,205.8310211,383
12/1/2023,17,230.7257459,293
12/1/2023,18,211.138315,307
12/1/2023,19,204.628331,248
12/1/2023,20,166.0528938,326
12/1/2023,21,222.0491951,240
12/1/2023,22,227.7495285,236
12/1/2023,23,205.4060419,278
12/2/2023,0,181.0179257,292
12/2/2023,1,208.2861732,257
12/2/2023,2,206.2538075,245
12/2/2023,3,214.0110878,302
12/2/2023,4,234.2283755,208
12/2/2023,5,192.4594928,297
12/2/2023,6,259.2316719,112
12/2/2023,7,464.5523497,66
12/2/2023,8,153.8205393,177
12/2/2023,9,441.9196177,51
12/2/2023,10,476.7534657,50
12/2/2023,11,487.3481939,55
12/2/2023,12,313.7893844,104
12/2/2023,13,185.6164011,229
12/2/2023,14,228.1982157,171
12/2/2023,15,253.5499524,238
12/2/2023,16,202.744943,277
12/2/2023,17,219.207699,236
12/2/2023,18,207.6482868,352
12/2/2023,19,201.1281758,346
12/2/2023,20,195.0160472,274
12/2/2023,21,220.5291539,324
12/2/2023,22,253.0100646,375
12/2/2023,23,240.5642109,244
12/3/2023,0,224.6976732,294
12/3/2023,1,227.4728978,243
12/3/2023,2,250.5918686,292
12/3/2023,3,198.6318626,266
12/3/2023,4,210.5041269,262
12/3/2023,5,232.9091186,198
12/3/2023,6,236.3610034,155
12/3/2023,7,309.5465008,93
12/3/2023,8,261.1717509,114
12/3/2023,9,426.3283299,59
12/3/2023,10,292.5855183,89
12/3/2023,11,455.9034193,55
12/3/2023,12,249.8854562,157
12/3/2023,13,270.807817,148
12/3/2023,14,210.3976981,259
12/3/2023,15,186.501515,251
12/3/2023,16,221.8740386,302
12/3/2023,17,216.9212399,356
12/3/2023,18,208.70195,333
12/3/2023,19,181.9485325,264
12/3/2023,20,222.0752724,320
12/3/2023,21,221.2444893,310
12/3/2023,22,191.7223712,240
12/3/2023,23,234.9270502,213
12/4/2023,0,189.298397,283
12/4/2023,1,246.2016959,259
12/4/2023,2,168.2915349,344
12/4/2023,3,214.8809349,244
12/4/2023,4,241.9700129,156
12/4/2023,5,241.2455955,142
12/4/2023,6,288.3443597,107
12/4/2023,7,273.0051555,86
12/4/2023,8,257.0701847,114
12/4/2023,9,421.2760388,59
12/4/2023,10,451.2190859,53
12/4/2023,11,415.1617971,73
12/4/2023,12,317.8278915,136
12/4/2023,13,198.0187867,288
12/4/2023,14,174.7578094,291
12/4/2023,15,201.8332833,320
12/4/2023,16,192.0040894,284
12/4/2023,17,188.5009702,313
12/4/2023,18,191.8504716,336
12/4/2023,19,206.2382175,273
12/4/2023,20,182.7163257,335
12/4/2023,21,158.0522214,310
12/4/2023,22,182.1090182,280
12/4/2023,23,194.6870451,339
12/5/2023,0,185.0701009,321
12/5/2023,1,167.7606422,354
12/5/2023,2,213.9181808,253
12/5/2023,3,227.6722148,227
12/5/2023,4,271.8154319,122
12/5/2023,5,257.5165374,173
12/5/2023,6,283.0660921,100
12/5/2023,7,270.0354436,88
12/5/2023,8,199.1246184,136
12/5/2023,9,358.566061,77
12/5/2023,10,409.2761188,59
12/5/2023,11,372.2777926,70
12/5/2023,12,265.8118902,118
12/5/2023,13,208.1814795,254
12/5/2023,14,222.0445526,273
12/5/2023,15,204.9910871,313
12/5/2023,16,207.0939261,237
12/5/2023,17,205.633768,216
12/5/2023,18,198.5747047,334
12/5/2023,19,233.2440726,286
12/5/2023,20,221.6159921,329
12/5/2023,21,220.0614142,314
12/5/2023,22,188.0459858,317
12/5/2023,23,215.8638435,351
12/6/2023,0,180.0745677,411
12/6/2023,1,199.9669369,293
12/6/2023,2,201.8477026,255
12/6/2023,3,181.4318393,246
12/6/2023,4,162.3396701,155
12/6/2023,5,138.7073647,143
12/6/2023,6,143.4425206,89
12/6/2023,7,213.0294562,59
12/6/2023,8,153.8863296,59
12/6/2023,9,153.5261872,39
12/6/2023,10,195.2386029,70
12/6/2023,11,134.0882686,76
12/6/2023,12,159.7207165,131
12/6/2023,13,159.9939473,173
12/6/2023,14,156.0640301,255
12/6/2023,15,133.9923585,225
12/6/2023,16,137.7758904,284
12/6/2023,17,141.3251432,249
12/6/2023,18,147.4229536,311
12/6/2023,19,166.2392906,276
12/6/2023,20,125.1400436,345
12/6/2023,21,142.8849548,363
12/6/2023,22,141.3455802,263
12/6/2023,23,137.5475077,277
12/7/2023,0,147.5334944,488
12/7/2023,1,139.3623557,409
12/7/2023,2,159.3586874,334
12/7/2023,3,136.5545336,364
12/7/2023,4,116.2669913,174
12/7/2023,5,158.0148839,160
12/7/2023,6,161.8566951,61
12/7/2023,7,71.50220871,17
12/7/2023,8,53.05721616,64
12/7/2023,9,30.99086742,59
12/7/2023,10,89.10047013,44
12/7/2023,11,133.189569,79
12/7/2023,12,135.4093393,144
12/7/2023,13,159.0767141,242
12/7/2023,14,141.1064894,268
12/7/2023,15,132.9192995,330
12/7/2023,16,127.2382059,327
12/7/2023,17,113.7359705,281
12/7/2023,18,171.540056,374
12/7/2023,19,147.8951254,332
12/7/2023,20,163.3562624,302
12/7/2023,21,131.5937115,323
12/7/2023,22,137.6577601,300
12/7/2023,23,147.7668175,300
12/8/2023,0,171.8142583,371
12/8/2023,1,146.4482816,366
12/8/2023,2,151.1117989,324
12/8/2023,3,125.583157,289
12/8/2023,4,133.6148084,216
12/8/2023,5,169.4728715,128
12/8/2023,6,168.9848295,69
12/8/2023,7,141.2789638,34
12/8/2023,8,104.4727356,68
12/8/2023,9,74.18058957,28
12/8/2023,10,119.2987032,72
12/8/2023,11,132.803888,57
12/8/2023,12,126.9055877,138
12/8/2023,13,147.0497584,349
12/8/2023,14,187.8385854,376
12/8/2023,15,115.5049028,370
12/8/2023,16,146.0234177,294
12/8/2023,17,174.2031726,219
12/8/2023,18,133.7999468,269
12/8/2023,19,159.6313884,249
12/8/2023,20,152.662184,331
12/8/2023,21,166.0404199,245
12/8/2023,22,152.9054811,290
12/8/2023,23,143.9621503,201
12/9/2023,0,135.87831,238
12/9/2023,1,162.6350827,189
12/9/2023,2,154.516876,264
12/9/2023,3,145.2583864,188
12/9/2023,4,104.0684125,159
12/9/2023,5,147.206599,195
12/9/2023,6,200.6997045,50
12/9/2023,7,141.6366998,95
12/9/2023,8,66.57696478,59
12/9/2023,9,184.7956789,21
12/9/2023,10,124.9222385,15
12/9/2023,11,151.699292,39
12/9/2023,12,134.5644095,77
12/9/2023,13,159.0691225,98
12/9/2023,14,108.5150293,210
12/9/2023,15,134.6253578,192
12/9/2023,16,126.6665167,260
12/9/2023,17,145.0621453,200
12/9/2023,18,160.5922993,229
12/9/2023,19,145.4639394,250
12/9/2023,20,138.0868067,264
12/9/2023,21,159.4308001,192
12/9/2023,22,184.4957322,235
12/9/2023,23,131.936324,178
12/10/2023,0,141.1058388,258
12/10/2023,1,111.5475823,251
12/10/2023,2,170.2765741,189
12/10/2023,3,118.8640313,174
12/10/2023,4,137.5297413,169
12/10/2023,5,161.8834958,226
12/10/2023,6,102.4001658,89
12/10/2023,7,114.0609259,32
12/10/2023,8,123.9477066,30
12/10/2023,9,127.9954149,50
12/10/2023,10,138.5283771,22
12/10/2023,11,192.265012,43
12/10/2023,12,176.9387633,62
12/10/2023,13,133.6223796,129
12/10/2023,14,155.678674,147
12/10/2023,15,146.6133312,168
12/10/2023,16,127.9379552,209
12/10/2023,17,164.143795,242
12/10/2023,18,175.1000162,192
12/10/2023,19,148.7364372,263
12/10/2023,20,192.0900497,234
12/10/2023,21,118.2205611,239
12/10/2023,22,150.6333136,246
12/10/2023,23,153.0805417,252
12/11/2023,0,149.6371435,303
12/11/2023,1,131.0591817,402
12/11/2023,2,164.7756424,297
12/11/2023,3,123.3785397,194
12/11/2023,4,101.2465602,187
12/11/2023,5,170.9628184,176
12/11/2023,6,149.7039216,64
12/11/2023,7,126.0241859,30
12/11/2023,8,110.6475627,56
12/11/2023,9,68.40126753,20
12/11/2023,10,100.7965871,25
12/11/2023,11,131.1586082,57
12/11/2023,12,143.2693827,126
12/11/2023,13,154.6538438,235
12/11/2023,14,181.548837,285
12/11/2023,15,122.2204672,253
12/11/2023,16,129.2872792,361
12/11/2023,17,160.8230178,323
12/11/2023,18,152.8813783,350
12/11/2023,19,141.8685374,321
12/11/2023,20,134.7899724,398
12/11/2023,21,146.262914,394
12/11/2023,22,190.0491792,309
12/11/2023,23,163.134024,802
12/12/2023,0,154.8700368,452
12/12/2023,1,152.3448674,353
12/12/2023,2,191.3524399,207
12/12/2023,3,134.4874481,200
12/12/2023,4,182.7613742,160
12/12/2023,5,161.5481646,175
12/12/2023,6,114.5602511,106
12/12/2023,7,115.6267632,56
12/12/2023,8,105.180279,45
12/12/2023,9,96.46527045,10
12/12/2023,10,90.85571299,29
12/12/2023,11,129.1492587,98
12/12/2023,12,124.6411886,97
12/12/2023,13,170.0547607,189
12/12/2023,14,135.0119045,335
12/12/2023,15,149.2073594,282
12/12/2023,16,140.9979372,387
12/12/2023,17,155.8781523,360
12/12/2023,18,152.8185874,348
12/12/2023,19,117.0282743,293
12/12/2023,20,134.0466213,271
12/12/2023,21,162.22315,274
12/12/2023,22,154.1277647,289
12/12/2023,23,190.8149857,298
12/13/2023,0,154.9107392,339
12/13/2023,1,187.090302,303
12/13/2023,2,180.3005653,278
12/13/2023,3,164.2875038,168
12/13/2023,4,156.1350924,112
12/13/2023,5,97.351352,117
12/13/2023,6,108.7844866,101
12/13/2023,7,81.13760382,38
12/13/2023,8,110.3326455,46
12/13/2023,9,87.60556639,56
12/13/2023,10,135.9024025,58
12/13/2023,11,212.1708737,60
12/13/2023,12,192.578973,95
12/13/2023,13,109.811693,314
12/13/2023,14,161.7186261,265
12/13/2023,15,106.5298628,348
12/13/2023,16,121.697942,331
12/13/2023,17,117.067212,257
12/13/2023,18,187.3621761,257
12/13/2023,19,157.034521,286
12/13/2023,20,258.0544791,273
12/13/2023,21,215.3294652,227
12/13/2023,22,143.7953135,352
12/13/2023,23,153.0178466,239
12/14/2023,0,169.695778,372
12/14/2023,1,175.6477075,437
12/14/2023,2,163.4695163,279
12/14/2023,3,198.7387822,196
12/14/2023,4,138.0322791,150
12/14/2023,5,126.585267,127
12/14/2023,6,151.3662555,61
12/14/2023,7,118.5544971,61
12/14/2023,8,198.0114877,44
12/14/2023,9,103.3997712,50
12/14/2023,10,156.9667102,35
12/14/2023,11,138.326531,74
12/14/2023,12,179.4263724,150
12/14/2023,13,110.912928,351
12/14/2023,14,140.3470565,368
12/14/2023,15,142.3041903,349
12/14/2023,16,109.8822166,401
12/14/2023,17,143.7477053,288
12/14/2023,18,168.6819641,353
12/14/2023,19,119.2664638,437
12/14/2023,20,184.0130051,279
12/14/2023,21,163.3270743,244
12/14/2023,22,156.2457478,258
12/14/2023,23,133.4695444,250
12/15/2023,0,177.9139386,301
12/15/2023,1,196.1138909,261
12/15/2023,2,164.7752727,231
12/15/2023,3,144.2658399,243
12/15/2023,4,134.1372096,214
12/15/2023,5,119.7395063,113
12/15/2023,6,186.3949492,112
12/15/2023,7,186.4160697,59
12/15/2023,8,191.9137719,30
12/15/2023,9,105.7511983,53
12/15/2023,10,229.3244699,39
12/15/2023,11,180.1880233,60
12/15/2023,12,142.3047784,88
12/15/2023,13,123.4014368,441
12/15/2023,14,145.3899887,354
12/15/2023,15,135.2848659,293
12/15/2023,16,140.2884997,274
12/15/2023,17,139.8991529,378
12/15/2023,18,151.021869,324
12/15/2023,19,144.6636795,269
12/15/2023,20,135.6715811,276
12/15/2023,21,157.1734344,251
12/15/2023,22,165.8933376,260
12/15/2023,23,150.719671,339
12/16/2023,0,173.4164625,351
12/16/2023,1,178.9152789,265
12/16/2023,2,152.8382187,298
12/16/2023,3,196.7502871,204
12/16/2023,4,129.6913317,132
12/16/2023,5,182.8291834,165
12/16/2023,6,132.7121498,107
12/16/2023,7,140.5730577,52
12/16/2023,8,180.9270561,26
12/16/2023,9,160.8328434,30
12/16/2023,10,96.32683201,42
12/16/2023,11,141.0776554,31
12/16/2023,12,166.3585327,71
12/16/2023,13,174.9853838,134
12/16/2023,14,146.5511509,155
12/16/2023,15,131.2362435,253
12/16/2023,16,145.9564207,212
12/16/2023,17,141.8318311,262
12/16/2023,18,126.817855,287
12/16/2023,19,222.7486451,203
12/16/2023,20,174.8810925,236
12/16/2023,21,140.7185283,212
12/16/2023,22,157.9165136,283
12/16/2023,23,140.3033947,195
12/17/2023,0,112.8909359,285
12/17/2023,1,146.0612656,253
12/17/2023,2,198.020691,233
12/17/2023,3,168.8936724,233
12/17/2023,4,111.5964028,263
12/17/2023,5,128.2179029,234
12/17/2023,6,111.8973188,56
12/17/2023,7,80.45153873,23
12/17/2023,8,132.0735066,43
12/17/2023,9,133.4060197,32
12/17/2023,10,116.5647002,26
12/17/2023,11,146.1151716,24
12/17/2023,12,112.5345832,61
12/17/2023,13,132.9630423,72
12/17/2023,14,140.3908774,125
12/17/2023,15,93.71955418,194
12/17/2023,16,112.9068762,261
12/17/2023,17,212.0943764,192
12/17/2023,18,150.9021672,283
12/17/2023,19,168.9776075,244
12/17/2023,20,170.2563331,242
12/17/2023,21,161.0760999,225
12/17/2023,22,147.5821114,268
12/17/2023,23,130.8797662,252
12/18/2023,0,148.4059506,295
12/18/2023,1,160.0840363,234
12/18/2023,2,204.4054169,281
12/18/2023,3,130.1312178,222
12/18/2023,4,171.0959656,159
12/18/2023,5,143.5672857,152
12/18/2023,6,109.2706428,102
12/18/2023,7,48.81585628,43
12/18/2023,8,104.112338,55
12/18/2023,9,108.2385334,56
12/18/2023,10,109.256078,21
12/18/2023,11,151.3924425,43
12/18/2023,12,140.0609726,106
12/18/2023,13,114.2764156,379
12/18/2023,14,181.3303154,327
12/18/2023,15,128.7971277,322
12/18/2023,16,156.7906324,347
12/18/2023,17,136.6845112,337
12/18/2023,18,143.2540517,407
12/18/2023,19,112.9907429,329
12/18/2023,20,98.97805783,275
12/18/2023,21,160.5717083,271
12/18/2023,22,169.2420278,205
12/18/2023,23,166.7454826,259
12/19/2023,0,191.6496762,324
12/19/2023,1,153.5789501,320
12/19/2023,2,169.8458926,263
12/19/2023,3,240.1369691,173
12/19/2023,4,196.7614968,210
12/19/2023,5,128.4674612,85
12/19/2023,6,301.0010667,70
12/19/2023,7,59.20997478,60
12/19/2023,8,101.4076188,27
12/19/2023,9,108.5365225,53
12/19/2023,10,173.3638516,49
12/19/2023,11,71.91833733,49
12/19/2023,12,146.7524907,89
12/19/2023,13,106.9149395,363
12/19/2023,14,117.8584261,242
12/19/2023,15,157.3274427,274
12/19/2023,16,129.8308079,297
12/19/2023,17,142.2352052,262
12/19/2023,18,157.5761172,295
12/19/2023,19,152.7363545,250
12/19/2023,20,166.6491776,252
12/19/2023,21,147.7457522,269
12/19/2023,22,161.9306477,260
12/19/2023,23,161.7420721,257
12/20/2023,0,209.9054142,271
12/20/2023,1,184.8138186,267
12/20/2023,2,131.1060129,301
12/20/2023,3,150.3209668,255
12/20/2023,4,167.4039706,238
12/20/2023,5,97.82038832,96
12/20/2023,6,214.8888436,62
12/20/2023,7,197.4143993,34
12/20/2023,8,162.2392284,32
12/20/2023,9,110.9396016,39
12/20/2023,10,178.8949354,30
12/20/2023,11,100.4334709,66
12/20/2023,12,124.8737155,113
12/20/2023,13,127.1333027,378
12/20/2023,14,134.0812031,296
12/20/2023,15,137.8152068,349
12/20/2023,16,132.802861,265
12/20/2023,17,152.2485261,220
12/20/2023,18,158.1700819,280
12/20/2023,19,149.7099714,255
12/20/2023,20,151.0752862,289
12/20/2023,21,202.9764745,230
12/20/2023,22,123.2801903,211
12/20/2023,23,168.4855692,249
12/21/2023,0,154.1345892,441
12/21/2023,1,167.4413771,425
12/21/2023,2,142.114235,383
12/21/2023,3,161.9600103,204
12/21/2023,4,124.834546,100
12/21/2023,5,100.3183793,142
12/21/2023,6,187.4939214,73
12/21/2023,7,176.2291003,30
12/21/2023,8,110.7795891,42
12/21/2023,9,75.08448568,47
12/21/2023,10,104.604348,72
12/21/2023,11,150.6332441,45
12/21/2023,12,124.1471745,92
12/21/2023,13,107.7328149,312
12/21/2023,14,151.5480912,318
12/21/2023,15,132.4882258,302
12/21/2023,16,135.0588032,332
12/21/2023,17,125.1068258,282
12/21/2023,18,138.3955347,218
12/21/2023,19,133.149717,371
12/21/2023,20,150.0847999,197
12/21/2023,21,121.1964444,262
12/21/2023,22,139.037045,281
12/21/2023,23,216.3909524,311
12/22/2023,0,156.4206885,266
12/22/2023,1,148.9751152,177
12/22/2023,2,167.7792394,233
12/22/2023,3,149.8828566,204
12/22/2023,4,190.5417283,116
12/22/2023,5,97.95460252,89
12/22/2023,6,212.2780744,118
12/22/2023,7,170.6560783,45
12/22/2023,8,102.0744531,46
12/22/2023,9,148.4128521,47
12/22/2023,10,99.67703127,47
12/22/2023,11,128.94559,58
12/22/2023,12,162.185905,173
12/22/2023,13,184.6981567,214
12/22/2023,14,201.1745187,269
12/22/2023,15,133.6771548,220
12/22/2023,16,164.76832,310
12/22/2023,17,153.2387904,251
12/22/2023,18,131.7978043,260
12/22/2023,19,145.6833203,137
12/22/2023,20,154.3048329,230
12/22/2023,21,164.6710079,198
12/22/2023,22,137.3670421,267
12/22/2023,23,165.4489825,234
12/23/2023,0,163.5800319,284
12/23/2023,1,141.7786766,199
12/23/2023,2,155.7291773,257
12/23/2023,3,124.7199148,187
12/23/2023,4,113.2907827,199
12/23/2023,5,110.7765435,148
12/23/2023,6,118.0287156,146
12/23/2023,7,107.1365637,58
12/23/2023,8,122.01132,60
12/23/2023,9,95.36192627,25
12/23/2023,10,147.8383599,27
12/23/2023,11,171.0768274,32
12/23/2023,12,209.1478663,97
12/23/2023,13,108.7830809,137
12/23/2023,14,175.9427999,128
12/23/2023,15,127.893418,178
12/23/2023,16,153.3676268,269
12/23/2023,17,166.9193748,207
12/23/2023,18,128.6025364,197
12/23/2023,19,126.2383069,213
12/23/2023,20,150.5338973,154
12/23/2023,21,192.0978472,181
12/23/2023,22,163.7343323,190
12/23/2023,23,129.8941933,189
12/24/2023,0,170.8831234,247
12/24/2023,1,144.0889184,185
12/24/2023,2,127.3546143,202
12/24/2023,3,134.7968202,154
12/24/2023,4,137.8548223,153
12/24/2023,5,151.9838237,168
12/24/2023,6,184.1955424,108
12/24/2023,7,73.68410008,35
12/24/2023,8,265.2312535,27
12/24/2023,9,163.9825553,23
12/24/2023,10,163.5745142,38
12/24/2023,11,171.5598937,42
12/24/2023,12,88.96306842,68
12/24/2023,13,170.0188792,117
12/24/2023,14,104.9743722,103
12/24/2023,15,102.1359743,233
12/24/2023,16,142.6765436,221
12/24/2023,17,170.9876182,158
12/24/2023,18,116.234487,231
12/24/2023,19,141.3598181,164
12/24/2023,20,178.1843837,123
12/24/2023,21,162.4930711,141
12/24/2023,22,137.557675,197
12/24/2023,23,149.8684687,165
12/25/2023,0,129.116426,214
12/25/2023,1,142.6235424,204
12/25/2023,2,122.9847253,164
12/25/2023,3,153.5789724,125
12/25/2023,4,140.3944732,120
12/25/2023,5,125.4626967,115
12/25/2023,6,161.1205885,79
12/25/2023,7,102.5574146,46
12/25/2023,8,188.5449467,39
12/25/2023,9,277.7973402,27
12/25/2023,10,80.87808044,29
12/25/2023,11,81.96900366,50
12/25/2023,12,120.2707004,77
12/25/2023,13,134.0261572,111
12/25/2023,14,140.6894955,170
12/25/2023,15,104.9764113,197
12/25/2023,16,125.8889291,182
12/25/2023,17,158.1185268,218
12/25/2023,18,119.8875735,249
12/25/2023,19,169.0527668,236
12/25/2023,20,131.7974448,177
12/25/2023,21,161.2160459,247
12/25/2023,22,144.9443855,215
12/25/2023,23,127.3746472,172
12/26/2023,0,160.641768,223
12/26/2023,1,144.1127514,252
12/26/2023,2,140.1417468,310
12/26/2023,3,177.7194095,259
12/26/2023,4,126.2638244,158
12/26/2023,5,136.8303972,96
12/26/2023,6,122.0733802,55
12/26/2023,7,103.601209,63
12/26/2023,8,244.8754331,24
12/26/2023,9,76.93263216,44
12/26/2023,10,193.5156157,46
12/26/2023,11,145.771788,53
12/26/2023,12,136.2576559,81
12/26/2023,13,109.5458838,279
12/26/2023,14,162.8360456,267
12/26/2023,15,141.1262699,257
12/26/2023,16,125.5096516,240
12/26/2023,17,122.0180056,211
12/26/2023,18,140.9563484,264
12/26/2023,19,151.0923059,275
12/26/2023,20,142.2944059,315
12/26/2023,21,129.6968118,397
12/26/2023,22,109.1172803,347
12/26/2023,23,145.6299653,235
12/27/2023,0,150.1822501,305
12/27/2023,1,154.7747491,295
12/27/2023,2,151.848142,284
12/27/2023,3,196.7079073,347
12/27/2023,4,170.7634766,211
12/27/2023,5,176.6719998,158
12/27/2023,6,214.4335159,86
12/27/2023,7,163.0121289,47
12/27/2023,8,165.7436115,28
12/27/2023,9,148.5338619,30
12/27/2023,10,219.7956932,28
12/27/2023,11,115.5308075,78
12/27/2023,12,183.311873,125
12/27/2023,13,149.1465456,259
12/27/2023,14,158.2077229,274
12/27/2023,15,161.9843644,304
12/27/2023,16,133.3852229,323
12/27/2023,17,121.8671619,324
12/27/2023,18,146.6639695,232
12/27/2023,19,211.8642852,283
12/27/2023,20,159.0210287,359
12/27/2023,21,199.8169629,263
12/27/2023,22,208.5197661,254
12/27/2023,23,169.2425758,240
12/28/2023,0,190.8209245,387
12/28/2023,1,161.1321062,317
12/28/2023,2,147.0702188,248
12/28/2023,3,152.9288148,247
12/28/2023,4,150.4405007,147
12/28/2023,5,226.7375459,98
12/28/2023,6,235.7614034,72
12/28/2023,7,87.65113534,68
12/28/2023,8,160.2872875,32
12/28/2023,9,125.3415017,48
12/28/2023,10,206.9629566,44
12/28/2023,11,112.4017617,64
12/28/2023,12,176.1516264,104
12/28/2023,13,184.3089868,252
12/28/2023,14,207.2422176,281
12/28/2023,15,149.459148,321
12/28/2023,16,134.2456192,335
12/28/2023,17,166.9677849,259
12/28/2023,18,147.9465692,205
12/28/2023,19,116.4692066,438
12/28/2023,20,192.5356433,326
12/28/2023,21,147.5096926,257
12/28/2023,22,144.7514543,284
12/28/2023,23,146.7545265,300
12/29/2023,0,175.6558624,249
12/29/2023,1,141.4144224,329
12/29/2023,2,143.1581867,347
12/29/2023,3,132.276948,300
12/29/2023,4,142.0859254,244
12/29/2023,5,195.0974194,168
12/29/2023,6,167.3816035,75
12/29/2023,7,122.1595884,82
12/29/2023,8,108.3519744,43
12/29/2023,9,190.2870265,29
12/29/2023,10,192.7087677,10
12/29/2023,11,139.2155265,55
12/29/2023,12,158.6903106,89
12/29/2023,13,165.9871106,181
12/29/2023,14,158.9436513,314
12/29/2023,15,126.6918599,361
12/29/2023,16,122.2632052,267
12/29/2023,17,165.5099111,222
12/29/2023,18,154.723018,236
12/29/2023,19,159.0281788,260
12/29/2023,20,152.1974414,377
12/29/2023,21,188.3711382,269
12/29/2023,22,142.1535542,298
12/29/2023,23,164.0125191,263
12/30/2023,0,179.4898659,363
12/30/2023,1,209.2522094,284
12/30/2023,2,152.5710564,262
12/30/2023,3,110.1739437,314
12/30/2023,4,166.8522313,263
12/30/2023,5,131.8811528,191
12/30/2023,6,210.1936075,107
12/30/2023,7,108.2169075,52
12/30/2023,8,163.3175807,34
12/30/2023,9,283.3284364,33
12/30/2023,10,216.6933595,23
12/30/2023,11,133.0796193,53
12/30/2023,12,184.1524536,109
12/30/2023,13,185.2528601,115
12/30/2023,14,177.422386,190
12/30/2023,15,158.037353,345
12/30/2023,16,186.2337142,295
12/30/2023,17,159.7692414,177
12/30/2023,18,173.7562917,241
12/30/2023,19,190.0557949,287
12/30/2023,20,148.8057908,296
12/30/2023,21,146.2410472,221
12/30/2023,22,146.4197372,262
12/30/2023,23,166.7780063,258
12/31/2023,0,150.1582692,283
12/31/2023,1,157.4670562,183
12/31/2023,2,194.3334071,192
12/31/2023,3,148.8683694,244
12/31/2023,4,120.0512708,231
12/31/2023,5,138.7105913,179
12/31/2023,6,192.3466779,69
12/31/2023,7,113.3619968,50
12/31/2023,8,78.20203587,47
12/31/2023,9,183.1319196,67
12/31/2023,10,102.8578347,7
12/31/2023,11,125.6412187,59
12/31/2023,12,268.863051,65
12/31/2023,13,183.8027391,84
12/31/2023,14,191.9864615,128
12/31/2023,15,154.0080602,205
12/31/2023,16,127.7200962,226
12/31/2023,17,176.0159067,236
12/31/2023,18,203.5630067,189
12/31/2023,19,174.4440934,225
12/31/2023,20,150.5197996,181
12/31/2023,21,164.3329922,146
12/31/2023,22,136.9468353,202
12/31/2023,23,127.6031862,143
1/1/2024,0,127.0744788,232
1/1/2024,1,186.5537207,146
1/1/2024,2,163.6615117,121
1/1/2024,3,158.0146043,122
1/1/2024,4,116.718876,131
1/1/2024,5,116.1868169,143
1/1/2024,6,120.8064306,83
1/1/2024,7,141.5292527,29
1/1/2024,8,110.3154607,111
1/1/2024,9,145.9856823,28
1/1/2024,10,156.6611795,26
1/1/2024,11,66.27367442,28
1/1/2024,12,131.3536925,72
1/1/2024,13,109.5092238,80
1/1/2024,14,157.2356969,120
1/1/2024,15,115.3609764,260
1/1/2024,16,128.6861015,231
1/1/2024,17,151.8088756,167
1/1/2024,18,130.2027292,242
1/1/2024,19,161.6494463,190
1/1/2024,20,121.7520767,303
1/1/2024,21,135.2779849,195
1/1/2024,22,137.3637195,361
1/1/2024,23,155.6754894,250
1/2/2024,0,148.0722591,342
1/2/2024,1,122.4260404,208
1/2/2024,2,189.2119292,290
1/2/2024,3,166.1814781,196
1/2/2024,4,117.3436674,224
1/2/2024,5,136.0196243,105
1/2/2024,6,174.9332874,75
1/2/2024,7,173.7576912,42
1/2/2024,8,156.9725915,54
1/2/2024,9,94.24777704,32
1/2/2024,10,155.4194806,24
1/2/2024,11,115.4563313,88
1/2/2024,12,143.1415467,136
1/2/2024,13,169.5212995,285
1/2/2024,14,150.7546675,263
1/2/2024,15,130.3540111,411
1/2/2024,16,138.0322974,349
1/2/2024,17,139.038111,283
1/2/2024,18,187.8740658,193
1/2/2024,19,149.0930633,240
1/2/2024,20,153.9044999,301
1/2/2024,21,119.8283324,274
1/2/2024,22,165.8671915,259
1/2/2024,23,193.0491497,287
1/3/2024,0,194.3815987,400
1/3/2024,1,162.2329636,281
1/3/2024,2,168.353371,216
1/3/2024,3,147.5526358,233
1/3/2024,4,171.0550738,133
1/3/2024,5,168.3212571,137
1/3/2024,6,210.0066394,119
1/3/2024,7,196.036056,41
1/3/2024,8,109.6770355,80
1/3/2024,9,200.3611183,43
1/3/2024,10,187.7516376,44
1/3/2024,11,177.6132857,63
1/3/2024,12,158.5040716,137
1/3/2024,13,143.9332454,311
1/3/2024,14,138.6572949,314
1/3/2024,15,138.2802835,334
1/3/2024,16,121.4158621,399
1/3/2024,17,132.0251408,219
1/3/2024,18,147.5567482,225
1/3/2024,19,177.7169928,310
1/3/2024,20,185.1742858,242
1/3/2024,21,152.5307273,266
1/3/2024,22,144.2842691,326
1/3/2024,23,140.3044811,291
1/4/2024,0,148.1821249,355
1/4/2024,1,176.5874751,282
1/4/2024,2,203.172519,355
1/4/2024,3,128.8858245,282
1/4/2024,4,158.1456415,186
1/4/2024,5,158.0188521,127
1/4/2024,6,145.504807,110
1/4/2024,7,277.504836,31
1/4/2024,8,194.7770285,30
1/4/2024,9,191.8330109,35
1/4/2024,10,220.369072,64
1/4/2024,11,148.0920524,57
1/4/2024,12,175.4155792,121
1/4/2024,13,124.5800864,274
1/4/2024,14,162.660784,318
1/4/2024,15,87.28262483,502
1/4/2024,16,166.8986287,399
1/4/2024,17,173.754477,262
1/4/2024,18,174.994858,297
1/4/2024,19,138.4546469,345
1/4/2024,20,139.4792157,259
1/4/2024,21,189.2323926,275
1/4/2024,22,186.7303319,253
1/4/2024,23,138.5994326,282
1/5/2024,0,169.3362386,320
1/5/2024,1,184.7937306,292
1/5/2024,2,134.8670921,405
1/5/2024,3,157.0696228,216
1/5/2024,4,132.3507073,199
1/5/2024,5,132.4424308,123
1/5/2024,6,290.8705269,99
1/5/2024,7,196.1450229,30
1/5/2024,8,133.985613,41
1/5/2024,9,173.9708618,43
1/5/2024,10,100.8090688,45
1/5/2024,11,156.2787329,47
1/5/2024,12,183.5967501,106
1/5/2024,13,169.3852961,331
1/5/2024,14,162.5802849,303
1/5/2024,15,147.9902338,289
1/5/2024,16,132.5094926,356
1/5/2024,17,164.6028527,263
1/5/2024,18,187.3024989,272
1/5/2024,19,184.1976964,292
1/5/2024,20,164.0679545,326
1/5/2024,21,166.6597365,298
1/5/2024,22,167.5269301,315
1/5/2024,23,154.1925571,289
1/6/2024,0,119.2581587,318
1/6/2024,1,182.6198364,256
1/6/2024,2,137.7369473,374
1/6/2024,3,153.2204552,211
1/6/2024,4,151.1411853,232
1/6/2024,5,162.4633417,133
1/6/2024,6,184.8241147,92
1/6/2024,7,188.6274603,101
1/6/2024,8,167.8800791,29
1/6/2024,9,184.0847771,38
1/6/2024,10,114.7080928,47
1/6/2024,11,157.7000902,48
1/6/2024,12,183.9414837,80
1/6/2024,13,109.408002,97
1/6/2024,14,149.8650846,123
1/6/2024,15,152.1844078,252
1/6/2024,16,156.1246438,294
1/6/2024,17,149.1294616,223
1/6/2024,18,131.1878423,302
1/6/2024,19,134.9985769,279
1/6/2024,20,165.4969563,316
1/6/2024,21,177.5412515,312
1/6/2024,22,166.5078535,288
1/6/2024,23,140.8727811,329
1/7/2024,0,134.9290282,361
1/7/2024,1,163.141522,243
1/7/2024,2,171.7557091,243
1/7/2024,3,151.3756944,253
1/7/2024,4,138.397815,237
1/7/2024,5,134.9886062,221
1/7/2024,6,201.6090183,108
1/7/2024,7,120.927673,34
1/7/2024,8,156.1675758,30
1/7/2024,9,183.7711754,45
1/7/2024,10,121.4824025,52
1/7/2024,11,105.8513521,34
1/7/2024,12,169.310314,59
1/7/2024,13,228.8442358,105
1/7/2024,14,199.8787708,148
1/7/2024,15,126.1223497,248
1/7/2024,16,137.379619,240
1/7/2024,17,128.4540923,225
1/7/2024,18,162.5662034,205
1/7/2024,19,119.4559126,259
1/7/2024,20,151.9157103,250
1/7/2024,21,155.5700457,270
1/7/2024,22,118.2219495,267
1/7/2024,23,159.0712602,229
1/8/2024,0,133.4184243,237
1/8/2024,1,173.3812524,326
1/8/2024,2,153.0305169,339
1/8/2024,3,106.5281214,266
1/8/2024,4,149.8214959,114
1/8/2024,5,185.1317282,120
1/8/2024,6,114.0839629,57
1/8/2024,7,147.457119,47
1/8/2024,8,167.1649222,33
1/8/2024,9,78.10131466,47
1/8/2024,10,189.7339349,41
1/8/2024,11,171.1020322,53
1/8/2024,12,134.3870071,143
1/8/2024,13,186.6373275,342
1/8/2024,14,182.3984649,369
1/8/2024,15,162.34803,337
1/8/2024,16,121.9501469,357
1/8/2024,17,174.3290305,303
1/8/2024,18,151.5952608,308
1/8/2024,19,165.3847774,282
1/8/2024,20,182.5763065,324
1/8/2024,21,146.0074539,364
1/8/2024,22,137.5604103,284
1/8/2024,23,127.0050996,372
1/9/2024,0,135.2927482,372
1/9/2024,1,165.6097838,324
1/9/2024,2,160.9367173,286
1/9/2024,3,202.6829962,248
1/9/2024,4,206.6196272,121
1/9/2024,5,182.7318722,102
1/9/2024,6,202.2983817,52
1/9/2024,7,187.4032861,61
1/9/2024,8,196.606969,27
1/9/2024,9,240.2166971,26
1/9/2024,10,259.6062223,45
1/9/2024,11,153.8216877,77
1/9/2024,12,171.6953939,109
1/9/2024,13,161.2399527,319
1/9/2024,14,138.2479361,377
1/9/2024,15,130.2366385,337
1/9/2024,16,135.335969,271
1/9/2024,17,172.6122677,255
1/9/2024,18,171.3192051,245
1/9/2024,19,158.1582119,372
1/9/2024,20,152.510702,463
1/9/2024,21,166.3123002,303
1/9/2024,22,200.9388476,276
1/9/2024,23,183.9777582,303
1/10/2024,0,192.8341071,390
1/10/2024,1,231.2602425,389
1/10/2024,2,197.4460551,434
1/10/2024,3,201.9215831,290
1/10/2024,4,227.0868524,153
1/10/2024,5,308.0428267,107
1/10/2024,6,227.203772,183
1/10/2024,7,322.3832028,84
1/10/2024,8,400.6811605,67
1/10/2024,9,344.3585874,67
1/10/2024,10,321.0195295,81
1/10/2024,11,264.8907792,148
1/10/2024,12,241.0047589,158
1/10/2024,13,181.6330664,387
1/10/2024,14,182.5485318,403
1/10/2024,15,178.691256,360
1/10/2024,16,179.2484639,377
1/10/2024,17,222.5162866,251
1/10/2024,18,226.8600395,317
1/10/2024,19,208.128198,293
1/10/2024,20,207.0121909,272
1/10/2024,21,232.5836543,253
1/10/2024,22,222.1189587,279
1/10/2024,23,221.6789628,293
1/11/2024,0,213.9396855,383
1/11/2024,1,189.355545,409
1/11/2024,2,203.7391198,335
1/11/2024,3,232.1273634,269
1/11/2024,4,253.7669615,212
1/11/2024,5,327.6043568,133
1/11/2024,6,231.4628395,215
1/11/2024,7,412.1106392,92
1/11/2024,8,426.3200885,74
1/11/2024,9,502.5915951,57
1/11/2024,10,364.1466606,94
1/11/2024,11,264.6124707,144
1/11/2024,12,306.3024126,144
1/11/2024,13,182.9945273,337
1/11/2024,14,206.4209332,355
1/11/2024,15,200.6804948,382
1/11/2024,16,183.6159348,366
1/11/2024,17,233.9308331,240
1/11/2024,18,192.8357886,367
1/11/2024,19,179.1392922,419
1/11/2024,20,216.0698057,309
1/11/2024,21,252.7735468,288
1/11/2024,22,207.7260269,271
1/11/2024,23,212.6449451,278
1/12/2024,0,236.0035595,286
1/12/2024,1,210.1479364,367
1/12/2024,2,228.5807211,316
1/12/2024,3,229.6601223,280
1/12/2024,4,215.3203276,226
1/12/2024,5,246.0005527,243
1/12/2024,6,216.0170134,197
1/12/2024,7,297.5004873,101
1/12/2024,8,261.8107543,127
1/12/2024,9,346.0049124,97
1/12/2024,10,282.2509592,105
1/12/2024,11,249.2189419,147
1/12/2024,12,219.5696504,265
1/12/2024,13,180.6258086,360
1/12/2024,14,236.2940327,371
1/12/2024,15,177.4313063,539
1/12/2024,16,206.45909,374
1/12/2024,17,181.0333841,361
1/12/2024,18,198.5134529,380
1/12/2024,19,186.1257575,358
1/12/2024,20,223.8509852,368
1/12/2024,21,201.2484925,372
1/12/2024,22,195.9220765,342
1/12/2024,23,174.5433249,435
1/13/2024,0,209.4498717,334
1/13/2024,1,189.713975,437
1/13/2024,2,150.3173323,541
1/13/2024,3,212.320703,351
1/13/2024,4,216.1934569,247
1/13/2024,5,207.4692018,221
1/13/2024,6,207.6612863,273
1/13/2024,7,268.8584488,154
1/13/2024,8,358.007159,88
1/13/2024,9,356.501962,88
1/13/2024,10,324.2277659,77
1/13/2024,11,313.8488758,109
1/13/2024,12,265.6398174,141
1/13/2024,13,231.5884089,214
1/13/2024,14,239.0259957,242
1/13/2024,15,218.4027524,336
1/13/2024,16,216.1837947,318
1/13/2024,17,231.1685612,254
1/13/2024,18,240.2860579,294
1/13/2024,19,220.0751204,290
1/13/2024,20,195.2324811,335
1/13/2024,21,184.691982,334
1/13/2024,22,165.3310416,341
1/13/2024,23,196.1112923,360
1/14/2024,0,189.2538448,365
1/14/2024,1,215.3781443,310
1/14/2024,2,226.6852122,407
1/14/2024,3,210.662848,324
1/14/2024,4,180.7816161,280
1/14/2024,5,186.6811628,229
1/14/2024,6,213.4698204,256
1/14/2024,7,216.8119573,125
1/14/2024,8,221.3499769,151
1/14/2024,9,294.465834,115
1/14/2024,10,262.1291232,106
1/14/2024,11,262.4418877,97
1/14/2024,12,224.4462334,164
1/14/2024,13,252.92267,175
1/14/2024,14,213.0704799,241
1/14/2024,15,186.9266083,284
1/14/2024,16,183.6738519,320
1/14/2024,17,196.6214572,316
1/14/2024,18,253.5384637,323
1/14/2024,19,234.1914534,339
1/14/2024,20,179.2629361,307
1/14/2024,21,243.6998543,317
1/14/2024,22,271.5714951,230
1/14/2024,23,232.3450208,236
1/15/2024,0,270.2488813,272
1/15/2024,1,265.1230468,319
1/15/2024,2,254.9313714,293
1/15/2024,3,219.5776997,289
1/15/2024,4,173.4333775,354
1/15/2024,5,233.5744041,224
1/15/2024,6,215.9706511,178
1/15/2024,7,353.1621612,132
1/15/2024,8,330.5638571,110
1/15/2024,9,456.3781331,110
1/15/2024,10,486.1037971,51
1/15/2024,11,338.0485125,90
1/15/2024,12,246.7870351,157
1/15/2024,13,270.6971272,200
1/15/2024,14,259.8194364,254
1/15/2024,15,193.8401702,354
1/15/2024,16,233.6524907,340
1/15/2024,17,199.3102456,343
1/15/2024,18,201.6839327,307
1/15/2024,19,249.9760721,277
1/15/2024,20,209.5218208,339
1/15/2024,21,190.2632633,339
1/15/2024,22,195.5576006,288
1/15/2024,23,213.6017396,366
1/16/2024,0,211.3469023,349
1/16/2024,1,222.746037,392
1/16/2024,2,233.1175487,320
1/16/2024,3,219.3790507,302
1/16/2024,4,264.7888131,174
1/16/2024,5,318.8058381,123
1/16/2024,6,245.4626454,159
1/16/2024,7,413.4217266,70
1/16/2024,8,374.0932388,78
1/16/2024,9,308.5675472,92
1/16/2024,10,387.8572452,76
1/16/2024,11,297.2739597,124
1/16/2024,12,260.1475876,185
1/16/2024,13,223.1804332,325
1/16/2024,14,205.3119706,369
1/16/2024,15,176.3687826,395
1/16/2024,16,158.1186326,446
1/16/2024,17,234.4240655,294
1/16/2024,18,211.6552041,323
1/16/2024,19,189.622843,327
1/16/2024,20,245.0638093,298
1/16/2024,21,207.4823609,300
1/16/2024,22,200.3487976,327
1/16/2024,23,182.1826536,381
1/17/2024,0,208.5335182,336
1/17/2024,1,223.1511679,358
1/17/2024,2,242.5792468,300
1/17/2024,3,228.7184729,278
1/17/2024,4,273.9417959,197
1/17/2024,5,275.3448563,143
1/17/2024,6,240.3181163,172
1/17/2024,7,440.1228224,57
1/17/2024,8,459.7839112,54
1/17/2024,9,388.3693918,75
1/17/2024,10,472.6219422,50
1/17/2024,11,337.6432809,85
1/17/2024,12,299.3295846,153
1/17/2024,13,214.1291044,330
1/17/2024,14,217.170558,322
1/17/2024,15,161.901079,511
1/17/2024,16,170.0118755,369
1/17/2024,17,196.0173872,369
1/17/2024,18,224.9139573,331
1/17/2024,19,206.7964816,307
1/17/2024,20,160.8894862,357
1/17/2024,21,194.3887381,273
1/17/2024,22,217.0553218,243
1/17/2024,23,215.2494672,255
1/18/2024,0,199.6198319,414
1/18/2024,1,202.3240326,385
1/18/2024,2,233.2010728,283
1/18/2024,3,271.6280352,209
1/18/2024,4,282.7878478,142
1/18/2024,5,234.8652355,148
1/18/2024,6,238.5562631,155
1/18/2024,7,439.3059433,60
1/18/2024,8,476.9054921,54
1/18/2024,9,421.1504883,63
1/18/2024,10,383.4829795,74
1/18/2024,11,378.3286098,68
1/18/2024,12,229.8094685,200
1/18/2024,13,192.6156535,299
1/18/2024,14,197.4495311,358
1/18/2024,15,170.9907426,411
1/18/2024,16,170.5567631,389
1/18/2024,17,223.0660919,277
1/18/2024,18,204.6221481,376
1/18/2024,19,183.4940302,391
1/18/2024,20,228.265425,311
1/18/2024,21,206.7080178,308
1/18/2024,22,266.8106546,250
1/18/2024,23,264.8767683,227
1/19/2024,0,257.054494,281
1/19/2024,1,212.3162113,288
1/19/2024,2,238.6821464,241
1/19/2024,3,210.1610049,306
1/19/2024,4,252.7396423,179
1/19/2024,5,222.1975608,198
1/19/2024,6,221.725447,217
1/19/2024,7,326.6423397,80
1/19/2024,8,448.7257341,63
1/19/2024,9,464.9235878,61
1/19/2024,10,474.2193244,60
1/19/2024,11,336.1902844,89
1/19/2024,12,245.5797354,214
1/19/2024,13,208.6675931,368
1/19/2024,14,220.2826655,394
1/19/2024,15,176.6684214,474
1/19/2024,16,164.995658,454
1/19/2024,17,198.6695993,350
1/19/2024,18,181.259237,431
1/19/2024,19,180.745515,375
1/19/2024,20,212.2904574,303
1/19/2024,21,253.008727,273
1/19/2024,22,226.4344244,251
1/19/2024,23,259.822215,226
1/20/2024,0,183.7193437,281
1/20/2024,1,207.8148552,253
1/20/2024,2,241.5711595,210
1/20/2024,3,238.2762856,221
1/20/2024,4,212.806016,207
1/20/2024,5,261.1540932,138
1/20/2024,6,221.7010176,210
1/20/2024,7,390.6788222,74
1/20/2024,8,579.1929875,49
1/20/2024,9,545.003255,53
1/20/2024,10,507.2775899,54
1/20/2024,11,397.0307276,63
1/20/2024,12,303.8427199,113
1/20/2024,13,280.2643391,132
1/20/2024,14,270.1543893,171
1/20/2024,15,204.1711603,276
1/20/2024,16,211.6228966,224
1/20/2024,17,250.9264847,229
1/20/2024,18,229.486755,242
1/20/2024,19,232.2359953,266
1/20/2024,20,294.3241795,220
1/20/2024,21,282.9198005,222
1/20/2024,22,238.1234384,227
1/20/2024,23,245.6375821,236
1/21/2024,0,241.1987588,252
1/21/2024,1,204.3086357,323
1/21/2024,2,246.7962138,255
1/21/2024,3,203.0607199,269
1/21/2024,4,267.2757246,194
1/21/2024,5,284.2028597,139
1/21/2024,6,317.2823769,129
1/21/2024,7,267.6404095,112
1/21/2024,8,476.0790694,55
1/21/2024,9,462.6689857,62
1/21/2024,10,480.4262166,59
1/21/2024,11,411.0670436,65
1/21/2024,12,311.664349,96
1/21/2024,13,327.1136493,137
1/21/2024,14,311.4310625,169
1/21/2024,15,201.3826984,349
1/21/2024,16,204.2256639,260
1/21/2024,17,262.889006,193
1/21/2024,18,258.1269284,244
1/21/2024,19,229.9812667,239
1/21/2024,20,205.816898,319
1/21/2024,21,215.2406442,337
1/21/2024,22,236.1009928,224
1/21/2024,23,243.1188929,278
1/22/2024,0,199.4748339,269
1/22/2024,1,254.2872941,327
1/22/2024,2,226.6573657,271
1/22/2024,3,180.2579309,306
1/22/2024,4,296.2127426,169
1/22/2024,5,265.4110565,155
1/22/2024,6,234.2846822,189
1/22/2024,7,425.3964907,58
1/22/2024,8,358.7095874,86
1/22/2024,9,492.0115065,49
1/22/2024,10,404.0918984,66
1/22/2024,11,342.6299002,96
1/22/2024,12,293.9109786,115
1/22/2024,13,209.0480534,315
1/22/2024,14,208.7251371,296
1/22/2024,15,203.2031515,415
1/22/2024,16,203.5331242,309
1/22/2024,17,199.756599,246
1/22/2024,18,207.3106829,235
1/22/2024,19,186.1323079,296
1/22/2024,20,218.7429007,415
1/22/2024,21,213.5531143,425
1/22/2024,22,198.098937,392
1/22/2024,23,205.1782934,290
1/23/2024,0,215.4256203,291
1/23/2024,1,192.8515521,329
1/23/2024,2,209.4062568,255
1/23/2024,3,276.6655652,154
1/23/2024,4,294.6042675,138
1/23/2024,5,300.1161278,98
1/23/2024,6,226.5058168,173
1/23/2024,7,391.7793801,69
1/23/2024,8,395.0399711,65
1/23/2024,9,479.1088921,60
1/23/2024,10,329.7142382,82
1/23/2024,11,270.6700182,116
1/23/2024,12,281.1938656,137
1/23/2024,13,177.6787857,401
1/23/2024,14,204.6664568,346
1/23/2024,15,188.2952122,366
1/23/2024,16,171.9822173,333
1/23/2024,17,220.7224831,303
1/23/2024,18,245.4410565,306
1/23/2024,19,244.1616455,340
1/23/2024,20,201.0654138,320
1/23/2024,21,205.5681641,296
1/23/2024,22,205.0193011,344
1/23/2024,23,255.294746,246
1/24/2024,0,206.26179,291
1/24/2024,1,206.599946,313
1/24/2024,2,219.2759092,276
1/24/2024,3,231.3557995,217
1/24/2024,4,297.5953705,142
1/24/2024,5,352.2867374,99
1/24/2024,6,242.3504201,172
1/24/2024,7,512.0416443,45
1/24/2024,8,376.7715648,66
1/24/2024,9,341.5544293,86
1/24/2024,10,395.6013214,80
1/24/2024,11,324.5236355,81
1/24/2024,12,291.0203191,133
1/24/2024,13,207.2308867,262
1/24/2024,14,229.9323861,309
1/24/2024,15,190.6967222,352
1/24/2024,16,177.7827256,311
1/24/2024,17,237.1060828,283
1/24/2024,18,221.4756764,218
1/24/2024,19,257.454702,297
1/24/2024,20,235.6976904,225
1/24/2024,21,200.4210527,315
1/24/2024,22,223.3949875,231
1/24/2024,23,223.2280129,296
1/25/2024,0,237.6247996,231
1/25/2024,1,221.4432893,270
1/25/2024,2,246.3608455,219
1/25/2024,3,247.7561968,196
1/25/2024,4,263.4990586,181
1/25/2024,5,318.8995946,102
1/25/2024,6,224.8046971,183
1/25/2024,7,485.2160486,51
1/25/2024,8,501.0909395,50
1/25/2024,9,433.6801489,66
1/25/2024,10,461.0318097,64
1/25/2024,11,371.1158487,84
1/25/2024,12,314.2246574,110
1/25/2024,13,256.1612381,232
1/25/2024,14,239.029654,279
1/25/2024,15,209.714424,382
1/25/2024,16,185.8930422,289
1/25/2024,17,212.1443974,256
1/25/2024,18,226.2260922,343
1/25/2024,19,153.8888261,444
1/25/2024,20,209.5148876,275
1/25/2024,21,194.4684265,443
1/25/2024,22,228.6240925,311
1/25/2024,23,211.9504557,302
1/26/2024,0,176.8045012,398
1/26/2024,1,165.95217,388
1/26/2024,2,163.0279413,446
1/26/2024,3,164.4633022,321
1/26/2024,4,221.9864237,186
1/26/2024,5,282.1792319,119
1/26/2024,6,232.6338175,185
1/26/2024,7,475.4344674,63
1/26/2024,8,373.8137802,68
1/26/2024,9,334.0175334,112
1/26/2024,10,420.9075085,55
1/26/2024,11,337.8317203,95
1/26/2024,12,257.3798698,157
1/26/2024,13,205.6259143,254
1/26/2024,14,195.9396566,332
1/26/2024,15,181.2101731,398
1/26/2024,16,160.8829413,443
1/26/2024,17,171.2578864,432
1/26/2024,18,156.5700184,442
1/26/2024,19,231.1562297,346
1/26/2024,20,218.8161799,304
1/26/2024,21,227.2089263,251
1/26/2024,22,242.2706219,261
1/26/2024,23,246.2609399,205
1/27/2024,0,247.9146298,247
1/27/2024,1,221.3322553,204
1/27/2024,2,243.3915472,209
1/27/2024,3,177.6241737,278
1/27/2024,4,272.788091,164
1/27/2024,5,331.3503452,120
1/27/2024,6,232.486351,198
1/27/2024,7,419.174122,58
1/27/2024,8,384.436704,66
1/27/2024,9,315.0933815,95
1/27/2024,10,513.4839382,51
1/27/2024,11,279.9421126,122
1/27/2024,12,270.3402528,155
1/27/2024,13,263.7128579,188
1/27/2024,14,304.2242534,209
1/27/2024,15,205.0036435,252
1/27/2024,16,183.2784406,259
1/27/2024,17,234.5555309,208
1/27/2024,18,217.3363395,267
1/27/2024,19,201.5035439,381
1/27/2024,20,225.570446,292
1/27/2024,21,222.1330248,307
1/27/2024,22,240.5270256,218
1/27/2024,23,276.3073183,192
1/28/2024,0,247.6160115,228
1/28/2024,1,215.6461705,284
1/28/2024,2,196.2669992,362
1/28/2024,3,252.9044522,244
1/28/2024,4,247.2692284,226
1/28/2024,5,261.1661832,175
1/28/2024,6,261.379915,175
1/28/2024,7,395.0204867,77
1/28/2024,8,353.7620897,77
1/28/2024,9,346.8463243,101
1/28/2024,10,519.4956407,52
1/28/2024,11,515.6790274,50
1/28/2024,12,274.1626273,109
1/28/2024,13,337.5852587,135
1/28/2024,14,270.2012119,160
1/28/2024,15,219.8861797,236
1/28/2024,16,165.8347878,416
1/28/2024,17,235.9595235,263
1/28/2024,18,216.483214,401
1/28/2024,19,225.4251427,311
1/28/2024,20,192.3170368,306
1/28/2024,21,211.9490359,348
1/28/2024,22,207.0185848,345
1/28/2024,23,209.4204169,278
1/29/2024,0,202.8082566,322
1/29/2024,1,193.7435446,325
1/29/2024,2,180.4335438,362
1/29/2024,3,232.4259081,247
1/29/2024,4,271.5966582,176
1/29/2024,5,322.2023875,115
1/29/2024,6,223.8636076,170
1/29/2024,7,433.7067477,58
1/29/2024,8,460.5295918,55
1/29/2024,9,393.813844,95
1/29/2024,10,328.3119048,82
1/29/2024,11,314.2736128,95
1/29/2024,12,256.7762069,140
1/29/2024,13,218.9271907,221
1/29/2024,14,176.859092,369
1/29/2024,15,183.7437726,408
1/29/2024,16,170.1391368,397
1/29/2024,17,181.102219,393
1/29/2024,18,229.9271316,313
1/29/2024,19,222.5927595,250
1/29/2024,20,224.2362416,218
1/29/2024,21,224.4903549,305
1/29/2024,22,190.1320408,336
1/29/2024,23,250.1447708,280
1/30/2024,0,202.0704268,343
1/30/2024,1,195.6167244,276
1/30/2024,2,216.8587627,285
1/30/2024,3,234.0277143,214
1/30/2024,4,263.4321817,248
1/30/2024,5,296.5511222,147
1/30/2024,6,196.094533,168
1/30/2024,7,390.298287,90
1/30/2024,8,423.1931834,57
1/30/2024,9,338.2056985,95
1/30/2024,10,320.8767112,96
1/30/2024,11,294.0339625,153
1/30/2024,12,232.604773,182
1/30/2024,13,223.6582412,203
1/30/2024,14,227.187551,250
1/30/2024,15,185.4755428,354
1/30/2024,16,197.29787,317
1/30/2024,17,245.7587933,238
1/30/2024,18,232.7378888,256
1/30/2024,19,233.7060675,258
1/30/2024,20,199.1245477,385
1/30/2024,21,184.4016518,303
1/30/2024,22,192.723886,276
1/30/2024,23,264.7869329,283
1/31/2024,0,200.5025998,354
1/31/2024,1,237.8641572,277
1/31/2024,2,247.0527325,265
1/31/2024,3,236.9651055,240
1/31/2024,4,272.9712158,141
1/31/2024,5,325.559588,81
1/31/2024,6,274.4593434,115
1/31/2024,7,289.3231133,99
1/31/2024,8,433.821816,60
1/31/2024,9,309.3571327,116
1/31/2024,10,457.7329653,66
1/31/2024,11,296.7178635,109
1/31/2024,12,278.2831108,132
1/31/2024,13,265.6096712,226
1/31/2024,14,203.5017153,297
1/31/2024,15,214.6380904,286
1/31/2024,16,224.6412784,291
1/31/2024,17,206.7098662,242
1/31/2024,18,209.2698857,259
1/31/2024,19,242.481625,270
1/31/2024,20,202.4614323,289
1/31/2024,21,209.0957696,336
1/31/2024,22,221.6137793,241
1/31/2024,23,243.8638318,218
2/1/2024,0,239.1021092,271
2/1/2024,1,214.2591714,298
2/1/2024,2,244.2855835,247
2/1/2024,3,224.3373809,241
2/1/2024,4,258.2243748,187
2/1/2024,5,264.4953216,182
2/1/2024,6,259.7258621,123
2/1/2024,7,371.0044951,72
2/1/2024,8,453.5002393,56
2/1/2024,9,347.651246,87
2/1/2024,10,419.7559392,65
2/1/2024,11,291.6302165,105
2/1/2024,12,433.3069079,207
2/1/2024,13,264.2756078,261
2/1/2024,14,212.8138114,474
2/1/2024,15,180.4456082,355
2/1/2024,16,219.4656174,282
2/1/2024,17,214.9901871,297
2/1/2024,18,240.0757781,277
2/1/2024,19,201.6710518,365
2/1/2024,20,207.0926983,335
2/1/2024,21,216.0587505,331
2/1/2024,22,218.4083673,271
2/1/2024,23,227.1111043,259
2/2/2024,0,211.6302504,303
2/2/2024,1,233.2362603,246
2/2/2024,2,226.4501263,241
2/2/2024,3,268.6807242,193
2/2/2024,4,205.6625805,197
2/2/2024,5,296.7650621,119
2/2/2024,6,214.7144876,177
2/2/2024,7,483.4770611,49
2/2/2024,8,398.7994546,68
2/2/2024,9,290.7026049,108
2/2/2024,10,400.8155748,74
2/2/2024,11,363.527815,89
2/2/2024,12,245.1115193,139
2/2/2024,13,228.4378266,259
2/2/2024,14,231.3563136,275
2/2/2024,15,174.5508579,352
2/2/2024,16,185.1187707,319
2/2/2024,17,202.9468504,252
2/2/2024,18,196.4172722,270
2/2/2024,19,236.5275438,235
2/2/2024,20,236.6262664,245
2/2/2024,21,188.3037594,277
2/2/2024,22,256.321844,189
2/2/2024,23,223.0324388,300
2/3/2024,0,198.2165996,343
2/3/2024,1,217.9172557,273
2/3/2024,2,295.3223889,171
2/3/2024,3,267.8691242,183
2/3/2024,4,269.788965,181
2/3/2024,5,390.3549839,108
2/3/2024,6,329.5518591,121
2/3/2024,7,420.920161,68
2/3/2024,8,495.1204866,54
2/3/2024,9,329.9647818,93
2/3/2024,10,421.9317661,65
2/3/2024,11,492.2365757,55
2/3/2024,12,366.4982831,84
2/3/2024,13,302.211771,143
2/3/2024,14,256.7419835,171
2/3/2024,15,189.2140153,310
2/3/2024,16,166.798339,269
2/3/2024,17,223.4309495,214
2/3/2024,18,227.3250586,260
2/3/2024,19,190.1689749,262
2/3/2024,20,201.6256051,301
2/3/2024,21,219.7152709,265
2/3/2024,22,240.9549828,270
2/3/2024,23,223.87258,228
2/4/2024,0,203.5091233,281
2/4/2024,1,192.6263627,294
2/4/2024,2,236.8273623,254
2/4/2024,3,282.3972133,250
2/4/2024,4,263.6718378,186
2/4/2024,5,242.4650768,168
2/4/2024,6,247.507169,154
2/4/2024,7,385.4318534,66
2/4/2024,8,492.484971,56
2/4/2024,9,387.4090134,101
2/4/2024,10,388.8805454,80
2/4/2024,11,341.8712652,87
2/4/2024,12,360.5789333,90
2/4/2024,13,272.6830496,157
2/4/2024,14,231.0958355,189
2/4/2024,15,204.6109543,241
2/4/2024,16,238.1890403,257
2/4/2024,17,258.6279669,247
2/4/2024,18,255.1799873,261
2/4/2024,19,231.2271239,217
2/4/2024,20,210.6364429,291
2/4/2024,21,216.5970878,203
2/4/2024,22,220.942899,223
2/4/2024,23,239.8031955,288
2/5/2024,0,226.3129802,256
2/5/2024,1,191.1729155,300
2/5/2024,2,195.1891186,314
2/5/2024,3,239.8306077,211
2/5/2024,4,237.430379,203
2/5/2024,5,280.5973594,107
2/5/2024,6,241.4427572,156
2/5/2024,7,408.0862759,74
2/5/2024,8,476.5331326,55
2/5/2024,9,552.9971733,46
2/5/2024,10,440.8853244,59
2/5/2024,11,289.251555,109
2/5/2024,12,252.7525821,137
2/5/2024,13,222.0888684,242
2/5/2024,14,220.7390181,336
2/5/2024,15,173.9225402,381
2/5/2024,16,200.2005046,320
2/5/2024,17,192.8435736,272
2/5/2024,18,221.6445051,333
2/5/2024,19,206.1472138,284
2/5/2024,20,257.4239397,244
2/5/2024,21,209.5530748,262
2/5/2024,22,256.4627633,215
2/5/2024,23,215.7620594,300
2/6/2024,0,218.7945171,313
2/6/2024,1,209.2975959,274
2/6/2024,2,207.6088741,324
2/6/2024,3,224.9230082,237
2/6/2024,4,262.5780458,167
2/6/2024,5,333.7817605,134
2/6/2024,6,292.3960654,160
2/6/2024,7,483.3492319,53
2/6/2024,8,455.1169292,55
2/6/2024,9,443.5874232,68
2/6/2024,10,396.2684282,62
2/6/2024,11,294.6751923,117
2/6/2024,12,262.3379036,166
2/6/2024,13,215.9969149,246
2/6/2024,14,226.9655108,343
2/6/2024,15,178.0170948,364
2/6/2024,16,198.1625527,336
2/6/2024,17,210.8280677,279
2/6/2024,18,226.0584067,263
2/6/2024,19,212.4866629,247
2/6/2024,20,251.3391241,213
2/6/2024,21,265.0896081,266
2/6/2024,22,193.5071704,329
2/6/2024,23,256.7678183,221
2/7/2024,0,216.2570606,288
2/7/2024,1,211.4072257,313
2/7/2024,2,278.9339286,217
2/7/2024,3,207.6336959,270
2/7/2024,4,246.3917496,166
2/7/2024,5,276.4975026,113
2/7/2024,6,292.8629111,144
2/7/2024,7,436.3209705,61
2/7/2024,8,410.6013658,61
2/7/2024,9,379.8192153,66
2/7/2024,10,496.0116562,67
2/7/2024,11,366.1269791,79
2/7/2024,12,280.4464538,161
2/7/2024,13,236.4564802,246
2/7/2024,14,208.504012,302
2/7/2024,15,182.2818269,377
2/7/2024,16,161.8368047,320
2/7/2024,17,197.7286064,366
2/7/2024,18,193.9359426,298
2/7/2024,19,175.0809831,311
2/7/2024,20,194.4642387,339
2/7/2024,21,179.8949249,342
2/7/2024,22,216.9732701,236
2/7/2024,23,212.1751046,312
2/8/2024,0,219.0215197,375
2/8/2024,1,216.6856862,357
2/8/2024,2,183.4308122,372
2/8/2024,3,226.0699673,344
2/8/2024,4,250.3905179,198
2/8/2024,5,266.0528572,145
2/8/2024,6,377.0529273,106
2/8/2024,7,643.9988619,46
2/8/2024,8,401.2400614,85
2/8/2024,9,411.9603843,61
2/8/2024,10,369.4582752,79
2/8/2024,11,294.5443628,98
2/8/2024,12,228.5192504,173
2/8/2024,13,266.3665593,216
2/8/2024,14,213.5675674,272
2/8/2024,15,192.2360244,306
2/8/2024,16,176.7154011,372
2/8/2024,17,192.63255,316
2/8/2024,18,217.5857709,270
2/8/2024,19,199.1201502,346
2/8/2024,20,221.5680633,297
2/8/2024,21,205.6152171,230
2/8/2024,22,197.6170668,309
2/8/2024,23,201.0919813,307
2/9/2024,0,196.2727154,317
2/9/2024,1,183.2562594,350
2/9/2024,2,226.0691957,267
2/9/2024,3,317.0313652,204
2/9/2024,4,313.6578072,291
2/9/2024,5,272.0240427,157
2/9/2024,6,213.1714524,129
2/9/2024,7,387.6469691,75
2/9/2024,8,441.6946104,39
2/9/2024,9,503.7535879,48
2/9/2024,10,289.6191185,59
2/9/2024,11,329.1871941,76
2/9/2024,12,213.7704626,168
2/9/2024,13,219.3249373,311
2/9/2024,14,188.3019929,321
2/9/2024,15,199.5898581,430
2/9/2024,16,193.6860362,323
2/9/2024,17,195.927486,258
2/9/2024,18,236.4222954,268
2/9/2024,19,220.3069078,351
2/9/2024,20,215.6523522,259
2/9/2024,21,222.5597083,253
2/9/2024,22,194.3498483,310
2/9/2024,23,210.5976143,227
2/10/2024,0,207.5761193,334
2/10/2024,1,223.7455034,256
2/10/2024,2,213.2017191,260
2/10/2024,3,228.0718076,207
2/10/2024,4,270.6249675,174
2/10/2024,5,308.5157745,133
2/10/2024,6,290.6284695,112
2/10/2024,7,411.6248674,61
2/10/2024,8,609.1036584,26
2/10/2024,9,388.0542679,57
2/10/2024,10,394.0418505,43
2/10/2024,11,298.7721033,72
2/10/2024,12,238.6232095,104
2/10/2024,13,248.9159562,133
2/10/2024,14,222.7007604,203
2/10/2024,15,181.208257,278
2/10/2024,16,199.6211872,248
2/10/2024,17,245.662586,236
2/10/2024,18,222.9023679,223
2/10/2024,19,236.2585647,212
2/10/2024,20,200.2021436,213
2/10/2024,21,229.6490269,160
2/10/2024,22,237.0578677,249
2/10/2024,23,277.2608903,208
2/11/2024,0,185.6890446,300
2/11/2024,1,196.2406531,261
2/11/2024,2,180.4708169,265
2/11/2024,3,239.508375,219
2/11/2024,4,204.1401747,249
2/11/2024,5,224.4118298,217
2/11/2024,6,314.0939918,129
2/11/2024,7,310.0254746,96
2/11/2024,8,384.2577802,64
2/11/2024,9,347.2056904,74
2/11/2024,10,429.5954594,47
2/11/2024,11,312.6290777,63
2/11/2024,12,244.0196625,111
2/11/2024,13,201.3514342,142
2/11/2024,14,203.0835638,223
2/11/2024,15,256.5209044,288
2/11/2024,16,197.50693,216
2/11/2024,17,197.2512328,224
2/11/2024,18,221.5957068,322
2/11/2024,19,215.1356299,246
2/11/2024,20,190.9426151,220
2/11/2024,21,200.6783719,210
2/11/2024,22,228.2323829,263
2/11/2024,23,203.5240183,238
2/12/2024,0,241.0072921,375
2/12/2024,1,217.7674943,306
2/12/2024,2,206.1609474,259
2/12/2024,3,242.6854486,154
2/12/2024,4,251.4956731,170
2/12/2024,5,237.0040099,159
2/12/2024,6,321.1368834,92
2/12/2024,7,352.7017152,72
2/12/2024,8,436.5637341,35
2/12/2024,9,428.1345357,55
2/12/2024,10,286.6304707,96
2/12/2024,11,338.6168149,60
2/12/2024,12,240.5224105,128
2/12/2024,13,224.0792816,240
2/12/2024,14,218.0844428,371
2/12/2024,15,185.3673057,331
2/12/2024,16,172.3328458,293
2/12/2024,17,160.4950703,295
2/12/2024,18,204.2612719,227
2/12/2024,19,178.1114153,253
2/12/2024,20,213.2942706,250
2/12/2024,21,180.8458277,290
2/12/2024,22,161.7698343,311
2/12/2024,23,212.1808485,303
2/13/2024,0,213.6007192,379
2/13/2024,1,204.4512779,350
2/13/2024,2,213.4864113,344
2/13/2024,3,221.9271119,219
2/13/2024,4,235.4407709,169
2/13/2024,5,250.048352,164
2/13/2024,6,268.8924775,101
2/13/2024,7,266.3333909,84
2/13/2024,8,306.553721,135
2/13/2024,9,362.6883365,95
2/13/2024,10,370.7032874,64
2/13/2024,11,281.1406809,91
2/13/2024,12,246.2276034,143
2/13/2024,13,198.7406809,312
2/13/2024,14,210.6294486,291
2/13/2024,15,179.9305844,359
2/13/2024,16,182.5016902,317
2/13/2024,17,236.6625414,310
2/13/2024,18,209.3406357,283
2/13/2024,19,203.7325917,327
2/13/2024,20,172.9017111,370
2/13/2024,21,185.1818448,351
2/13/2024,22,191.2709339,420
2/13/2024,23,199.2350459,331
2/14/2024,0,189.0615514,407
2/14/2024,1,212.1059593,365
2/14/2024,2,239.0604959,354
2/14/2024,3,251.3963553,257
2/14/2024,4,254.7202065,239
2/14/2024,5,290.2764132,184
2/14/2024,6,305.2914863,163
2/14/2024,7,354.9417809,94
2/14/2024,8,375.0775007,81
2/14/2024,9,461.2032335,60
2/14/2024,10,495.7764477,55
2/14/2024,11,338.6981925,91
2/14/2024,12,243.987501,185
2/14/2024,13,264.9059558,218
2/14/2024,14,198.9994866,347
2/14/2024,15,196.810303,365
2/14/2024,16,172.6450333,307
2/14/2024,17,234.0831125,275
2/14/2024,18,271.9398838,315
2/14/2024,19,207.9041172,249
2/14/2024,20,212.6394926,272
2/14/2024,21,218.1633786,316
2/14/2024,22,211.3760257,348
2/14/2024,23,242.0128098,260
2/15/2024,0,196.1929561,365
2/15/2024,1,210.5954511,247
2/15/2024,2,201.7901139,243
2/15/2024,3,227.0651197,198
2/15/2024,4,289.9902895,195
2/15/2024,5,305.8350867,142
2/15/2024,6,255.4708533,183
2/15/2024,7,482.6031734,73
2/15/2024,8,476.207204,55
2/15/2024,9,476.8449699,63
2/15/2024,10,391.2920502,70
2/15/2024,11,362.1939408,77
2/15/2024,12,264.0312226,153
2/15/2024,13,205.7735653,233
2/15/2024,14,179.5065105,386
2/15/2024,15,159.8853674,514
2/15/2024,16,181.6193094,418
2/15/2024,17,226.0364772,234
2/15/2024,18,214.0615573,246
2/15/2024,19,177.8060726,391
2/15/2024,20,228.0750185,295
2/15/2024,21,230.7446094,264
2/15/2024,22,230.6430049,289
2/15/2024,23,204.9765368,267
2/16/2024,0,207.6094773,320
2/16/2024,1,179.3972083,295
2/16/2024,2,193.5902956,329
2/16/2024,3,220.7206317,253
2/16/2024,4,289.4603065,157
2/16/2024,5,327.4589315,142
2/16/2024,6,267.7615068,135
2/16/2024,7,453.4111191,68
2/16/2024,8,488.7418391,56
2/16/2024,9,318.5045376,104
2/16/2024,10,322.1186373,103
2/16/2024,11,340.7796337,85
2/16/2024,12,266.3867722,164
2/16/2024,13,217.2065049,247
2/16/2024,14,221.0263696,325
2/16/2024,15,190.7573406,424
2/16/2024,16,181.5328718,332
2/16/2024,17,214.2504359,372
2/16/2024,18,207.7614739,309
2/16/2024,19,253.1133101,234
2/16/2024,20,272.2199817,239
2/16/2024,21,239.772481,202
2/16/2024,22,243.7413546,294
2/16/2024,23,181.7882973,280
2/17/2024,0,185.5881192,369
2/17/2024,1,193.3915085,309
2/17/2024,2,206.3644838,227
2/17/2024,3,233.526123,194
2/17/2024,4,246.2732583,224
2/17/2024,5,304.3414278,153
2/17/2024,6,210.8058715,209
2/17/2024,7,527.0307353,60
2/17/2024,8,344.9867722,72
2/17/2024,9,360.6598697,100
2/17/2024,10,565.8718391,44
2/17/2024,11,371.2029473,80
2/17/2024,12,289.3294895,125
2/17/2024,13,292.1321449,137
2/17/2024,14,240.2636782,213
2/17/2024,15,217.9512111,261
2/17/2024,16,175.6870565,329
2/17/2024,17,238.2486734,283
2/17/2024,18,210.7506175,335
2/17/2024,19,229.1064314,305
2/17/2024,20,197.525307,300
2/17/2024,21,213.422779,285
2/17/2024,22,259.5082279,239
2/17/2024,23,247.0139245,239
2/18/2024,0,228.7203344,267
2/18/2024,1,203.4207202,306
2/18/2024,2,220.9612379,236
2/18/2024,3,239.4398887,187
2/18/2024,4,193.3528842,303
2/18/2024,5,252.1697637,194
2/18/2024,6,282.487004,141
2/18/2024,7,328.5738212,132
2/18/2024,8,362.1327606,90
2/18/2024,9,371.9593743,89
2/18/2024,10,388.486153,71
2/18/2024,11,324.3139397,83
2/18/2024,12,315.3197368,128
2/18/2024,13,276.2172239,139
2/18/2024,14,261.8493768,217
2/18/2024,15,213.3297728,289
2/18/2024,16,196.7468519,321
2/18/2024,17,244.37979,239
2/18/2024,18,226.1853134,244
2/18/2024,19,178.7577994,311
2/18/2024,20,251.3871787,213
2/18/2024,21,247.1909671,310
2/18/2024,22,243.3654179,238
2/18/2024,23,222.3373037,224
2/19/2024,0,245.7248136,248
2/19/2024,1,212.0632172,296
2/19/2024,2,209.975442,260
2/19/2024,3,269.4477762,199
2/19/2024,4,231.5486085,213
2/19/2024,5,289.0013011,202
2/19/2024,6,296.7512252,106
2/19/2024,7,413.5190908,73
2/19/2024,8,343.0767679,99
2/19/2024,9,320.1371965,107
2/19/2024,10,482.571708,61
2/19/2024,11,444.4805929,82
2/19/2024,12,266.9518874,137
2/19/2024,13,224.9506015,234
2/19/2024,14,231.2646207,275
2/19/2024,15,201.6019486,502
2/19/2024,16,172.5285345,332
2/19/2024,17,182.0411358,275
2/19/2024,18,210.0814939,272
2/19/2024,19,196.1201935,386
2/19/2024,20,233.5648746,225
2/19/2024,21,211.9249555,264
2/19/2024,22,232.0704023,336
2/19/2024,23,233.1890303,295
2/20/2024,0,226.2719924,477
2/20/2024,1,216.3517502,332
2/20/2024,2,218.101139,282
2/20/2024,3,201.3468182,261
2/20/2024,4,263.4232703,182
2/20/2024,5,275.9706252,146
2/20/2024,6,394.2103882,105
2/20/2024,7,364.8956878,79
2/20/2024,8,345.8372198,80
2/20/2024,9,292.4000626,117
2/20/2024,10,452.3225085,65
2/20/2024,11,318.1752288,94
2/20/2024,12,266.0568012,157
2/20/2024,13,197.9362547,281
2/20/2024,14,206.4133473,282
2/20/2024,15,202.4567155,306
2/20/2024,16,186.7365499,341
2/20/2024,17,222.9377987,265
2/20/2024,18,219.2206606,238
2/20/2024,19,223.014997,273
2/20/2024,20,212.8810625,280
2/20/2024,21,196.4159184,280
2/20/2024,22,239.161538,333
2/20/2024,23,238.5008212,276
2/21/2024,0,196.9573088,287
2/21/2024,1,211.3160494,329
2/21/2024,2,220.3177034,316
2/21/2024,3,291.5122155,217
2/21/2024,4,270.2612074,200
2/21/2024,5,287.4213471,157
2/21/2024,6,285.2536044,146
2/21/2024,7,375.7658176,96
2/21/2024,8,453.4750692,80
2/21/2024,9,319.3626033,121
2/21/2024,10,362.1052439,98
2/21/2024,11,332.7077956,125
2/21/2024,12,267.474694,182
2/21/2024,13,244.1592289,273
2/21/2024,14,237.350145,354
2/21/2024,15,193.3882383,393
2/21/2024,16,195.3782783,496
2/21/2024,17,218.3478995,448
2/21/2024,18,247.8190427,305
2/21/2024,19,230.3756197,271
2/21/2024,20,198.5898564,436
2/21/2024,21,206.3416908,314
2/21/2024,22,209.9771574,369
2/21/2024,23,247.916111,275
2/22/2024,0,220.1605521,315
2/22/2024,1,264.98452,278
2/22/2024,2,228.4188821,369
2/22/2024,3,256.728704,231
2/22/2024,4,276.9164253,209
2/22/2024,5,345.3283945,153
2/22/2024,6,298.1702689,148
2/22/2024,7,346.398084,127
2/22/2024,8,402.7215042,85
2/22/2024,9,397.7535006,102
2/22/2024,10,373.0179695,96
2/22/2024,11,379.3248012,112
2/22/2024,12,184.3883393,217
2/22/2024,13,238.3243874,228
2/22/2024,14,194.0100436,392
2/22/2024,15,190.7639472,430
2/22/2024,16,196.6830096,298
2/22/2024,17,247.1936667,294
2/22/2024,18,203.4393456,295
2/22/2024,19,200.3434734,343
2/22/2024,20,259.3933918,303
2/22/2024,21,216.7851443,325
2/22/2024,22,221.3358014,348
2/22/2024,23,225.9240286,280
2/23/2024,0,228.1932448,375
2/23/2024,1,205.4391166,331
2/23/2024,2,257.6035158,275
2/23/2024,3,280.8558629,252
2/23/2024,4,270.938745,236
2/23/2024,5,348.8158192,139
2/23/2024,6,328.4300895,125
2/23/2024,7,382.3029658,111
2/23/2024,8,523.2634055,65
2/23/2024,9,357.5838663,114
2/23/2024,10,341.1365563,102
2/23/2024,11,328.4255925,141
2/23/2024,12,277.8893033,173
2/23/2024,13,218.966821,293
2/23/2024,14,225.8143273,297
2/23/2024,15,195.6265909,512
2/23/2024,16,211.7210655,328
2/23/2024,17,235.0206976,295
2/23/2024,18,202.7463932,347
2/23/2024,19,245.810624,342
2/23/2024,20,261.6399002,296
2/23/2024,21,256.3839323,283
2/23/2024,22,223.2551341,391
2/23/2024,23,218.0550399,373
2/24/2024,0,209.3421377,337
2/24/2024,1,226.8359657,243
2/24/2024,2,246.6110809,324
2/24/2024,3,232.6542125,317
2/24/2024,4,229.2639861,343
2/24/2024,5,272.2119263,193
2/24/2024,6,370.7646459,140
2/24/2024,7,316.0060218,159
2/24/2024,8,416.1962572,96
2/24/2024,9,338.3089316,127
2/24/2024,10,466.2166681,81
2/24/2024,11,378.5153736,95
2/24/2024,12,354.8457707,118
2/24/2024,13,233.2126178,238
2/24/2024,14,210.8469362,265
2/24/2024,15,210.3896301,303
2/24/2024,16,204.4680313,376
2/24/2024,17,223.5706614,369
2/24/2024,18,243.843917,311
2/24/2024,19,253.0703986,309
2/24/2024,20,264.6873796,287
2/24/2024,21,251.2092233,263
2/24/2024,22,292.243431,264
2/24/2024,23,266.9977791,255
2/25/2024,0,202.3714739,321
2/25/2024,1,243.2105307,403
2/25/2024,2,253.2754951,282
2/25/2024,3,287.075586,204
2/25/2024,4,275.262072,223
2/25/2024,5,294.2219893,174
2/25/2024,6,296.2321549,173
2/25/2024,7,378.2590813,160
2/25/2024,8,425.8803325,95
2/25/2024,9,254.6533779,157
2/25/2024,10,434.3402197,99
2/25/2024,11,489.2147747,74
2/25/2024,12,267.3893309,131
2/25/2024,13,264.881891,166
2/25/2024,14,293.9110398,228
2/25/2024,15,238.6744858,315
2/25/2024,16,230.2983397,300
2/25/2024,17,276.1315183,236
2/25/2024,18,197.2598676,256
2/25/2024,19,255.9895392,338
2/25/2024,20,246.1991997,225
2/25/2024,21,240.7701329,350
2/25/2024,22,267.9744223,292
2/25/2024,23,269.4871979,235
2/26/2024,0,228.6278749,289
2/26/2024,1,288.1502428,285
2/26/2024,2,247.6447667,256
2/26/2024,3,241.7704455,264
2/26/2024,4,268.6285249,240
2/26/2024,5,337.3081163,139
2/26/2024,6,385.1568543,134
2/26/2024,7,364.3658327,135
2/26/2024,8,422.6663999,87
2/26/2024,9,370.3745095,107
2/26/2024,10,376.5503788,103
2/26/2024,11,408.6007835,87
2/26/2024,12,320.2919758,144
2/26/2024,13,194.1963642,337
2/26/2024,14,208.7236908,413
2/26/2024,15,188.9496959,428
2/26/2024,16,184.5547556,377
2/26/2024,17,212.8027091,282
2/26/2024,18,219.38347,261
2/26/2024,19,284.385427,256
2/26/2024,20,263.8312566,329
2/26/2024,21,256.2201464,349
2/26/2024,22,262.6377619,342
2/26/2024,23,264.9341942,321
2/27/2024,0,207.5917584,499
2/27/2024,1,224.1134834,373
2/27/2024,2,231.6474404,292
2/27/2024,3,267.8777518,240
2/27/2024,4,263.6491299,216
2/27/2024,5,280.4923854,217
2/27/2024,6,392.4288109,93
2/27/2024,7,357.4989505,114
2/27/2024,8,459.5704548,80
2/27/2024,9,327.7197272,125
2/27/2024,10,320.1557237,131
2/27/2024,11,399.7523461,102
2/27/2024,12,251.8788296,182
2/27/2024,13,212.0013488,298
2/27/2024,14,243.3725933,299
2/27/2024,15,220.7760164,332
2/27/2024,16,227.5762765,274
2/27/2024,17,211.4745278,338
2/27/2024,18,198.1462767,328
2/27/2024,19,264.4696806,344
2/27/2024,20,259.502105,311
2/27/2024,21,232.3055813,313
2/27/2024,22,256.5382869,278
2/27/2024,23,220.6521399,323
2/28/2024,0,228.2881158,387
2/28/2024,1,223.1409327,333
2/28/2024,2,239.7888455,321
2/28/2024,3,265.6197143,248
2/28/2024,4,266.312088,211
2/28/2024,5,248.1738268,300
2/28/2024,6,296.9262415,172
2/28/2024,7,347.5031858,120
2/28/2024,8,406.0619282,97
2/28/2024,9,373.0837522,115
2/28/2024,10,391.6202522,90
2/28/2024,11,360.7154266,123
2/28/2024,12,358.0357948,141
2/28/2024,13,263.5369454,259
2/28/2024,14,237.7563775,266
2/28/2024,15,219.7864306,373
2/28/2024,16,153.5365813,443
2/28/2024,17,192.4295093,340
2/28/2024,18,200.6704822,301
2/28/2024,19,249.8958587,297
2/28/2024,20,257.8261693,286
2/28/2024,21,215.3327219,388
2/28/2024,22,256.0009743,335
2/28/2024,23,221.8771297,304
2/29/2024,0,211.8336133,346
2/29/2024,1,195.7926092,350
2/29/2024,2,262.1607485,330
2/29/2024,3,274.4049738,262
2/29/2024,4,290.0477689,203
2/29/2024,5,331.7235425,155
2/29/2024,6,331.7903753,153
2/29/2024,7,351.4065688,125
2/29/2024,8,401.0829373,93
2/29/2024,9,351.3549407,115
2/29/2024,10,458.5099312,89
2/29/2024,11,327.2445908,116
2/29/2024,12,275.5356989,159
2/29/2024,13,222.858497,279
2/29/2024,14,252.8468242,295
2/29/2024,15,220.5177251,395
2/29/2024,16,191.06972,355
2/29/2024,17,215.0507247,338
2/29/2024,18,228.9194563,259
2/29/2024,19,252.7813128,288
2/29/2024,20,244.5622603,257
2/29/2024,21,238.9359659,309
2/29/2024,22,244.2884182,300
2/29/2024,23,239.0912019,304
3/1/2024,0,215.9640244,307
3/1/2024,1,220.7468119,247
3/1/2024,2,238.4440846,305
3/1/2024,3,282.6216947,189
3/1/2024,4,318.2380328,189
3/1/2024,5,306.6095576,196
3/1/2024,6,298.5543101,133
3/1/2024,7,345.5790464,120
3/1/2024,8,461.0762198,82
3/1/2024,9,343.7909281,117
3/1/2024,10,417.408319,92
3/1/2024,11,374.7269401,120
3/1/2024,12,292.0465545,158
3/1/2024,13,263.7568117,254
3/1/2024,14,243.7179807,315
3/1/2024,15,191.4495965,408
3/1/2024,16,199.169559,353
3/1/2024,17,264.517779,338
3/1/2024,18,240.5104068,251
3/1/2024,19,242.5364062,295
3/1/2024,20,229.7740304,339
3/1/2024,21,258.9623968,265
3/1/2024,22,240.3032181,322
3/1/2024,23,234.6690277,288
3/2/2024,0,210.0782913,286
3/2/2024,1,226.8022049,263
3/2/2024,2,297.8143624,201
3/2/2024,3,263.8604847,232
3/2/2024,4,287.3511618,217
3/2/2024,5,303.3323556,185
3/2/2024,6,308.3940212,130
3/2/2024,7,362.5945959,135
3/2/2024,8,470.4252725,77
3/2/2024,9,362.7067607,88
3/2/2024,10,420.3306474,99
3/2/2024,11,390.0387182,92
3/2/2024,12,305.1368349,125
3/2/2024,13,296.7115174,189
3/2/2024,14,317.0043612,201
3/2/2024,15,227.8813424,339
3/2/2024,16,183.6875292,325
3/2/2024,17,256.8066811,305
3/2/2024,18,250.0691584,276
3/2/2024,19,221.8641528,285
3/2/2024,20,255.9975991,231
3/2/2024,21,229.8960602,272
3/2/2024,22,250.252314,249
3/2/2024,23,277.964055,247
3/3/2024,0,205.6800863,250
3/3/2024,1,230.9379156,204
3/3/2024,2,239.6346395,336
3/3/2024,3,293.7374117,221
3/3/2024,4,228.8537714,279
3/3/2024,5,302.6684778,191
3/3/2024,6,290.0502024,153
3/3/2024,7,348.7384685,167
3/3/2024,8,529.0984326,74
3/3/2024,9,352.7557233,101
3/3/2024,10,407.5424182,88
3/3/2024,11,400.9810157,90
3/3/2024,12,339.1855327,120
3/3/2024,13,258.5700864,162
3/3/2024,14,314.4353317,189
3/3/2024,15,214.0857683,312
3/3/2024,16,204.2447003,262
3/3/2024,17,305.6742545,188
3/3/2024,18,242.3960205,245
3/3/2024,19,245.897336,247
3/3/2024,20,256.373016,298
3/3/2024,21,255.1947024,226
3/3/2024,22,272.4213668,268
3/3/2024,23,188.893343,378
3/4/2024,0,219.1149593,273
3/4/2024,1,234.4945417,268
3/4/2024,2,240.4124774,270
3/4/2024,3,236.2565386,281
3/4/2024,4,324.7569058,159
3/4/2024,5,323.2155808,142
3/4/2024,6,322.2154237,103
3/4/2024,7,338.8648516,124
3/4/2024,8,476.7659469,73
3/4/2024,9,480.1816658,75
3/4/2024,10,411.9004002,92
3/4/2024,11,358.889788,114
3/4/2024,12,281.939171,137
3/4/2024,13,262.0372962,248
3/4/2024,14,243.543185,320
3/4/2024,15,219.9836068,335
3/4/2024,16,212.2307907,311
3/4/2024,17,224.9557984,283
3/4/2024,18,213.8061634,274
3/4/2024,19,239.9661988,274
3/4/2024,20,221.0039907,342
3/4/2024,21,239.1247629,313
3/4/2024,22,235.125457,316
3/4/2024,23,201.1534191,288
3/5/2024,0,206.9174521,282
3/5/2024,1,185.5065938,339
3/5/2024,2,240.0524727,278
3/5/2024,3,238.1603191,263
3/5/2024,4,220.8263328,250
3/5/2024,5,286.5946199,183
3/5/2024,6,288.643965,133
3/5/2024,7,339.5945,150
3/5/2024,8,351.7343118,102
3/5/2024,9,446.2235254,76
3/5/2024,10,384.5409032,100
3/5/2024,11,316.9041658,126
3/5/2024,12,252.153713,182
3/5/2024,13,196.94768,305
3/5/2024,14,244.4092234,284
3/5/2024,15,225.0938864,497
3/5/2024,16,218.7938276,384
3/5/2024,17,217.4352278,277
3/5/2024,18,249.0759871,261
3/5/2024,19,235.0384652,316
3/5/2024,20,226.0569813,303
3/5/2024,21,306.2040172,269
3/5/2024,22,244.4401753,238
3/5/2024,23,269.1626891,282
3/6/2024,0,234.2129494,343
3/6/2024,1,193.9642402,329
3/6/2024,2,192.7779617,337
3/6/2024,3,291.103316,195
3/6/2024,4,292.4366056,175
3/6/2024,5,346.5954119,111
3/6/2024,6,330.6185855,125
3/6/2024,7,316.5937435,129
3/6/2024,8,380.8455907,99
3/6/2024,9,313.228488,124
3/6/2024,10,407.5070607,88
3/6/2024,11,373.7918919,107
3/6/2024,12,307.6288631,134
3/6/2024,13,224.2810911,283
3/6/2024,14,234.6522167,276
3/6/2024,15,207.6060399,361
3/6/2024,16,238.3625583,370
3/6/2024,17,265.1481979,305
3/6/2024,18,184.6402046,316
3/6/2024,19,206.2232306,321
3/6/2024,20,228.7638382,320
3/6/2024,21,212.0823366,323
3/6/2024,22,197.9498985,390
3/6/2024,23,186.0941806,334
3/7/2024,0,178.2400556,287
3/7/2024,1,218.013825,393
3/7/2024,2,197.4445309,394
3/7/2024,3,213.9703902,321
3/7/2024,4,279.3720702,165
3/7/2024,5,336.2579118,128
3/7/2024,6,382.7435593,102
3/7/2024,7,406.8369785,100
3/7/2024,8,370.8423992,98
3/7/2024,9,462.5123173,88
3/7/2024,10,455.0852028,84
3/7/2024,11,396.3068683,107
3/7/2024,12,242.5958867,187
3/7/2024,13,243.8550098,239
3/7/2024,14,199.0391918,331
3/7/2024,15,191.998615,424
3/7/2024,16,191.1114908,402
3/7/2024,17,203.5340761,325
3/7/2024,18,241.2667699,281
3/7/2024,19,223.4534887,423
3/7/2024,20,188.6303914,352
3/7/2024,21,202.9568532,397
3/7/2024,22,160.3024357,427
3/7/2024,23,251.7497703,290
3/8/2024,0,259.667361,279
3/8/2024,1,208.0743217,294
3/8/2024,2,227.0829676,344
3/8/2024,3,275.6883986,216
3/8/2024,4,293.7078819,179
3/8/2024,5,300.8689435,160
3/8/2024,6,310.9358373,142
3/8/2024,7,388.7300235,101
3/8/2024,8,520.2425414,71
3/8/2024,9,365.2921858,126
3/8/2024,10,419.7002914,93
3/8/2024,11,415.4886688,109
3/8/2024,12,250.2542693,175
3/8/2024,13,239.883468,280
3/8/2024,14,223.6525666,277
3/8/2024,15,195.5084899,381
3/8/2024,16,179.9240697,456
3/8/2024,17,224.3596655,316
3/8/2024,18,179.5871161,329
3/8/2024,19,202.5781076,371
3/8/2024,20,185.9800188,365
3/8/2024,21,200.1140219,328
3/8/2024,22,240.0230349,289
3/8/2024,23,233.848133,295
3/9/2024,0,170.1996621,452
3/9/2024,1,188.6134108,348
3/9/2024,2,169.4486721,358
3/9/2024,3,221.4551658,379
3/9/2024,4,156.611502,322
3/9/2024,5,252.3415885,238
3/9/2024,6,321.1435902,157
3/9/2024,7,406.9578364,117
3/9/2024,8,397.8368994,104
3/9/2024,9,330.6763048,156
3/9/2024,10,391.3019681,91
3/9/2024,11,372.1808175,124
3/9/2024,12,317.681293,116
3/9/2024,13,272.4210759,198
3/9/2024,14,290.6367265,234
3/9/2024,15,214.0484573,381
3/9/2024,16,191.2044231,397
3/9/2024,17,237.9802434,382
3/9/2024,18,229.1080162,330
3/9/2024,19,222.3470532,346
3/9/2024,20,238.6605438,341
3/9/2024,21,208.4058022,316
3/9/2024,22,219.995069,354
3/9/2024,23,228.9182399,313
3/10/2024,0,211.4570322,323
3/10/2024,1,204.2818492,315
3/10/2024,2,252.8933056,276
3/10/2024,3,268.7307468,201
3/10/2024,4,326.7835653,173
3/10/2024,5,316.9410312,189
3/10/2024,6,341.2562983,163
3/10/2024,7,391.8387672,152
3/10/2024,8,454.1759726,121
3/10/2024,9,412.141856,73
3/10/2024,10,390.5425618,108
3/10/2024,11,477.308097,78
3/10/2024,12,348.9307014,159
3/10/2024,13,233.6180711,305
3/10/2024,14,229.6161717,230
3/10/2024,15,203.7134636,261
3/10/2024,16,251.8287293,276
3/10/2024,17,290.884479,229
3/10/2024,18,257.8774149,282
3/10/2024,19,235.6128999,281
3/10/2024,20,192.635403,315
3/10/2024,21,245.9816969,267
3/10/2024,22,210.6180454,321
3/10/2024,23,227.8121932,278
3/11/2024,0,234.8977695,287
3/11/2024,1,225.4167952,279
3/11/2024,2,276.9530722,253
3/11/2024,3,364.2545764,193
3/11/2024,4,323.0639242,193
3/11/2024,5,435.2986348,85
3/11/2024,6,405.8120514,104
3/11/2024,7,433.9257568,112
3/11/2024,8,359.2654804,145
3/11/2024,9,407.3035112,81
3/11/2024,10,373.4261943,128
3/11/2024,11,320.0008227,125
3/11/2024,12,257.2653318,285
3/11/2024,13,210.9420198,315
3/11/2024,14,207.1869861,427
3/11/2024,15,199.0233296,396
3/11/2024,16,222.7538881,373
3/11/2024,17,168.0643775,346
3/11/2024,18,230.7067511,337
3/11/2024,19,224.3553839,288
3/11/2024,20,244.2571461,290
3/11/2024,21,205.3020077,385
3/11/2024,22,189.9121245,393
3/11/2024,23,202.3465619,429
3/12/2024,0,255.0906613,342
3/12/2024,1,214.8649664,372
3/12/2024,2,272.6845457,251
3/12/2024,3,300.9439305,180
3/12/2024,4,315.0900672,192
3/12/2024,5,381.36419,116
3/12/2024,6,349.7822591,162
3/12/2024,7,485.4284657,93
3/12/2024,8,282.2265427,192
3/12/2024,9,489.901469,73
3/12/2024,10,445.6203378,122
3/12/2024,11,314.2534104,119
3/12/2024,12,234.8563622,339
3/12/2024,13,249.1551311,280
3/12/2024,14,223.5166761,357
3/12/2024,15,209.5847199,355
3/12/2024,16,240.6092137,276
3/12/2024,17,194.1661716,297
3/12/2024,18,235.1072094,388
3/12/2024,19,202.5860717,340
3/12/2024,20,198.4122495,392
3/12/2024,21,186.083263,400
3/12/2024,22,179.5645696,374
3/12/2024,23,215.6324116,416
3/13/2024,0,188.1836566,504
3/13/2024,1,209.8630155,355
3/13/2024,2,270.0894536,281
3/13/2024,3,297.7721868,227
3/13/2024,4,341.4261681,163
3/13/2024,5,381.2039506,132
3/13/2024,6,333.6525428,176
3/13/2024,7,447.2802407,84
3/13/2024,8,405.5011944,135
3/13/2024,9,405.0158247,100
3/13/2024,10,344.2850469,123
3/13/2024,11,309.4788925,116
3/13/2024,12,217.5219684,365
3/13/2024,13,214.3584196,337
3/13/2024,14,218.5316028,360
3/13/2024,15,163.0241424,422
3/13/2024,16,184.98805,398
3/13/2024,17,199.8782424,343
3/13/2024,18,206.9619473,392
3/13/2024,19,180.1254273,339
3/13/2024,20,171.0833565,398
3/13/2024,21,189.4086777,365
3/13/2024,22,232.4076898,298
3/13/2024,23,212.5333722,281
3/14/2024,0,237.4859052,319
3/14/2024,1,212.4107492,339
3/14/2024,2,253.1168832,314
3/14/2024,3,295.7481833,234
3/14/2024,4,283.86842,195
3/14/2024,5,299.6332359,100
3/14/2024,6,406.2466902,117
3/14/2024,7,406.405208,92
3/14/2024,8,417.4588655,120
3/14/2024,9,393.5633385,90
3/14/2024,10,396.8536732,110
3/14/2024,11,310.8345941,151
3/14/2024,12,259.7641171,310
3/14/2024,13,245.6670041,297
3/14/2024,14,197.7063736,435
3/14/2024,15,194.8340524,363
3/14/2024,16,227.7576773,295
3/14/2024,17,212.6957051,327
3/14/2024,18,212.3891996,390
3/14/2024,19,217.3819374,450
3/14/2024,20,191.9301851,393
3/14/2024,21,201.3233826,403
3/14/2024,22,184.2916537,369
3/14/2024,23,225.1629681,290
3/15/2024,0,224.6121719,341
3/15/2024,1,190.2082892,336
3/15/2024,2,243.0305031,294
3/15/2024,3,304.3440529,186
3/15/2024,4,302.2119167,157
3/15/2024,5,322.9551742,116
3/15/2024,6,329.8470324,135
3/15/2024,7,393.7715237,89
3/15/2024,8,445.6099257,111
3/15/2024,9,403.4974796,84
3/15/2024,10,390.0071207,110
3/15/2024,11,318.4055906,110
3/15/2024,12,234.6984672,262
3/15/2024,13,186.455887,461
3/15/2024,14,192.4256871,446
3/15/2024,15,196.0422768,352
3/15/2024,16,260.0278338,238
3/15/2024,17,198.1203079,322
3/15/2024,18,244.2405179,363
3/15/2024,19,226.3268214,340
3/15/2024,20,251.3388323,270
3/15/2024,21,228.3866514,279
3/15/2024,22,245.6479404,264
3/15/2024,23,264.6434663,291
3/16/2024,0,264.0571757,275
3/16/2024,1,225.2305947,303
3/16/2024,2,222.5614446,304
3/16/2024,3,254.7446481,202
3/16/2024,4,288.826932,189
3/16/2024,5,407.401323,68
3/16/2024,6,373.3066821,147
3/16/2024,7,403.0468386,94
3/16/2024,8,415.8916628,113
3/16/2024,9,435.7037005,71
3/16/2024,10,376.0425809,116
3/16/2024,11,284.8991745,114
3/16/2024,12,298.3677627,241
3/16/2024,13,270.6812785,270
3/16/2024,14,182.1083687,367
3/16/2024,15,194.6563569,338
3/16/2024,16,290.4103713,232
3/16/2024,17,214.6714973,241
3/16/2024,18,266.3493029,265
3/16/2024,19,246.0875775,242
3/16/2024,20,205.7471443,284
3/16/2024,21,280.8478084,261
3/16/2024,22,217.0593212,313
3/16/2024,23,233.4264716,202
3/17/2024,0,301.0179073,232
3/17/2024,1,209.3341618,302
3/17/2024,2,307.9496975,188
3/17/2024,3,255.5703154,255
3/17/2024,4,288.3421989,179
3/17/2024,5,373.9751021,97
3/17/2024,6,416.9537332,100
3/17/2024,7,372.0020956,100
3/17/2024,8,371.8465759,129
3/17/2024,9,408.6317768,75
3/17/2024,10,511.9161246,74
3/17/2024,11,345.0128873,96
3/17/2024,12,270.4210024,170
3/17/2024,13,290.3209723,205
3/17/2024,14,207.1313963,328
3/17/2024,15,185.5690989,261
3/17/2024,16,262.2367585,194
3/17/2024,17,232.3520704,215
3/17/2024,18,274.4573733,236
3/17/2024,19,228.4566551,296
3/17/2024,20,190.2937606,326
3/17/2024,21,218.8088397,275
3/17/2024,22,238.336091,259
3/17/2024,23,222.6683632,299
3/18/2024,0,213.4549359,343
3/18/2024,1,234.0486213,270
3/18/2024,2,263.7077457,209
3/18/2024,3,284.1217001,191
3/18/2024,4,267.2533304,201
3/18/2024,5,340.9665452,101
3/18/2024,6,380.0192494,114
3/18/2024,7,351.0848539,103
3/18/2024,8,370.0364009,133
3/18/2024,9,456.3344338,80
3/18/2024,10,450.7809579,82
3/18/2024,11,274.2277571,133
3/18/2024,12,226.5888472,297
3/18/2024,13,250.1694862,322
3/18/2024,14,179.1845028,436
3/18/2024,15,174.5527695,379
3/18/2024,16,231.2129871,245
3/18/2024,17,204.4006918,292
3/18/2024,18,210.7813101,313
3/18/2024,19,240.2637128,259
3/18/2024,20,231.2358051,279
3/18/2024,21,212.4929502,321
3/18/2024,22,223.0467968,321
3/18/2024,23,220.8836022,305
3/19/2024,0,214.8469281,370
3/19/2024,1,214.9651153,252
3/19/2024,2,190.1925769,377
3/19/2024,3,226.1526307,270
3/19/2024,4,287.436272,172
3/19/2024,5,321.760426,97
3/19/2024,6,373.9828105,137
3/19/2024,7,423.7106924,83
3/19/2024,8,352.1193671,141
3/19/2024,9,424.6931606,85
3/19/2024,10,405.9691527,106
3/19/2024,11,303.8138014,136
3/19/2024,12,236.9534052,261
3/19/2024,13,261.3605724,283
3/19/2024,14,189.405844,398
3/19/2024,15,175.1071808,360
3/19/2024,16,222.8306285,268
3/19/2024,17,219.6792293,285
3/19/2024,18,255.9506442,326
3/19/2024,19,268.317167,312
3/19/2024,20,220.3730286,582
3/19/2024,21,277.3584561,306
3/19/2024,22,264.4184094,309
3/19/2024,23,255.7421332,323
3/20/2024,0,234.1326217,297
3/20/2024,1,171.2841322,444
3/20/2024,2,278.1923921,206
3/20/2024,3,346.2551314,189
3/20/2024,4,254.273105,189
3/20/2024,5,336.6459764,104
3/20/2024,6,338.5357486,149
3/20/2024,7,428.235916,98
3/20/2024,8,359.7771504,135
3/20/2024,9,384.9080388,80
3/20/2024,10,382.8628228,108
3/20/2024,11,306.6786869,119
3/20/2024,12,222.1728709,352
3/20/2024,13,235.7390601,311
3/20/2024,14,204.2343408,421
3/20/2024,15,212.8926232,318
3/20/2024,16,220.1512281,320
3/20/2024,17,237.1435898,253
3/20/2024,18,224.6875204,317
3/20/2024,19,260.5596742,289
3/20/2024,20,219.5639901,408
3/20/2024,21,170.9705951,454
3/20/2024,22,253.1011666,307
3/20/2024,23,245.8109033,387
3/21/2024,0,208.7067271,299
3/21/2024,1,241.2894207,318
3/21/2024,2,270.5160361,244
3/21/2024,3,301.461114,168
3/21/2024,4,323.6458418,171
3/21/2024,5,331.4083215,103
3/21/2024,6,412.3886414,108
3/21/2024,7,415.054554,97
3/21/2024,8,354.606981,128
3/21/2024,9,358.3777283,105
3/21/2024,10,415.7174255,103
3/21/2024,11,349.9313653,104
3/21/2024,12,224.3268896,284
3/21/2024,13,266.7124692,265
3/21/2024,14,204.295928,390
3/21/2024,15,210.6642654,300
3/21/2024,16,241.8295642,252
3/21/2024,17,211.7511513,243
3/21/2024,18,238.8230992,317
3/21/2024,19,240.2783536,284
3/21/2024,20,235.0371145,308
3/21/2024,21,236.1626284,257
3/21/2024,22,234.554429,240
3/21/2024,23,228.1598979,310
3/22/2024,0,219.5893026,358
3/22/2024,1,209.1761755,332
3/22/2024,2,252.4085786,248
3/22/2024,3,316.3931121,163
3/22/2024,4,324.6944826,182
3/22/2024,5,271.7433336,111
3/22/2024,6,291.5062837,182
3/22/2024,7,414.801458,80
3/22/2024,8,416.8352676,110
3/22/2024,9,373.6628402,89
3/22/2024,10,440.5337586,89
3/22/2024,11,332.692836,118
3/22/2024,12,205.1753625,315
3/22/2024,13,238.0435707,345
3/22/2024,14,213.5177653,392
3/22/2024,15,180.6322202,329
3/22/2024,16,265.433357,250
3/22/2024,17,251.8244395,254
3/22/2024,18,280.6955337,297
3/22/2024,19,229.6171036,361
3/22/2024,20,238.7050393,357
3/22/2024,21,262.6596308,269
3/22/2024,22,210.3347629,430
3/22/2024,23,234.9731561,323
3/23/2024,0,293.7349072,241
3/23/2024,1,264.7764483,301
3/23/2024,2,245.8024093,271
3/23/2024,3,378.429863,167
3/23/2024,4,311.5593838,206
3/23/2024,5,397.4643967,83
3/23/2024,6,318.9633942,150
3/23/2024,7,402.8361048,91
3/23/2024,8,415.738169,117
3/23/2024,9,388.148406,98
3/23/2024,10,453.5753722,96
3/23/2024,11,383.869103,100
3/23/2024,12,305.2055394,181
3/23/2024,13,310.4627146,242
3/23/2024,14,209.7342168,301
3/23/2024,15,223.287783,294
3/23/2024,16,219.2137878,319
3/23/2024,17,210.9191406,239
3/23/2024,18,254.6811043,343
3/23/2024,19,255.7078315,318
3/23/2024,20,258.2479604,277
3/23/2024,21,278.4172691,241
3/23/2024,22,228.8198887,334
3/23/2024,23,246.4052122,297
3/24/2024,0,270.510426,246
3/24/2024,1,254.5109789,226
3/24/2024,2,232.6511661,330
3/24/2024,3,340.9727662,169
3/24/2024,4,338.482843,176
3/24/2024,5,404.8600725,94
3/24/2024,6,393.8282882,133
3/24/2024,7,479.1643785,80
3/24/2024,8,417.4399419,117
3/24/2024,9,512.1929727,69
3/24/2024,10,421.6779971,107
3/24/2024,11,321.8159688,102
3/24/2024,12,286.0304954,171
3/24/2024,13,252.9415939,252
3/24/2024,14,215.2289622,347
3/24/2024,15,208.9669449,245
3/24/2024,16,251.7100075,250
3/24/2024,17,280.966829,213
3/24/2024,18,299.5549097,261
3/24/2024,19,246.4469331,278
3/24/2024,20,267.3424902,247
3/24/2024,21,262.9239094,264
3/24/2024,22,243.0485013,353
3/24/2024,23,256.2238031,316
3/25/2024,0,305.3510421,346
3/25/2024,1,219.1572338,370
3/25/2024,2,234.4556689,286
3/25/2024,3,309.7104065,167
3/25/2024,4,335.7440272,196
3/25/2024,5,412.8076292,95
3/25/2024,6,345.0097092,163
3/25/2024,7,397.2093186,91
3/25/2024,8,423.6749613,112
3/25/2024,9,399.9110795,97
3/25/2024,10,417.7263563,131
3/25/2024,11,343.5596525,172
3/25/2024,12,264.8555503,255
3/25/2024,13,258.2887949,283
3/25/2024,14,195.4658793,396
3/25/2024,15,233.4332504,245
3/25/2024,16,210.1371321,313
3/25/2024,17,191.5784607,412
3/25/2024,18,200.2823744,412
3/25/2024,19,260.0673073,288
3/25/2024,20,214.9889505,309
3/25/2024,21,255.0202925,334
3/25/2024,22,228.3517547,334
3/25/2024,23,218.9720099,309
3/26/2024,0,263.7100874,257
3/26/2024,1,256.2918431,307
3/26/2024,2,224.8317314,297
3/26/2024,3,321.4695651,200
3/26/2024,4,327.178994,175
3/26/2024,5,323.1506336,111
3/26/2024,6,344.8190135,163
3/26/2024,7,317.0053019,108
3/26/2024,8,444.2005594,104
3/26/2024,9,414.5301023,99
3/26/2024,10,388.0056798,132
3/26/2024,11,278.9432294,130
3/26/2024,12,234.991731,292
3/26/2024,13,240.3029163,317
3/26/2024,14,220.7851138,371
3/26/2024,15,173.3675409,354
3/26/2024,16,232.4063476,273
3/26/2024,17,232.2292429,320
3/26/2024,18,235.9135418,367
3/26/2024,19,234.7395005,332
3/26/2024,20,218.4033574,317
3/26/2024,21,264.7531899,276
3/26/2024,22,272.0134343,319
3/26/2024,23,237.136008,315
3/27/2024,0,199.7069241,362
3/27/2024,1,223.7048335,293
3/27/2024,2,267.334087,180
3/27/2024,3,315.8584809,194
3/27/2024,4,301.1327287,189
3/27/2024,5,331.7121262,121
3/27/2024,6,352.8177895,141
3/27/2024,7,313.3655321,136
3/27/2024,8,373.5090683,120
3/27/2024,9,407.5032214,94
3/27/2024,10,449.4076905,100
3/27/2024,11,368.4384485,128
3/27/2024,12,261.8494452,233
3/27/2024,13,268.0113971,327
3/27/2024,14,235.5524284,401
3/27/2024,15,224.1758565,292
3/27/2024,16,245.0396201,268
3/27/2024,17,224.3555187,263
3/27/2024,18,258.1410375,325
3/27/2024,19,257.4526979,435
3/27/2024,20,266.0166642,491
3/27/2024,21,257.0043064,248
3/27/2024,22,251.5151542,294
3/27/2024,23,215.3116996,292
3/28/2024,0,242.4463435,332
3/28/2024,1,214.1406141,385
3/28/2024,2,160.787812,358
3/28/2024,3,188.1380314,222
3/28/2024,4,189.4056677,297
3/28/2024,5,182.6043082,88
3/28/2024,6,224.8504814,111
3/28/2024,7,198.9969992,69
3/28/2024,8,269.9549668,50
3/28/2024,9,301.3913654,52
3/28/2024,10,241.868526,86
3/28/2024,11,210.967612,104
3/28/2024,12,189.5616363,244
3/28/2024,13,200.8248706,209
3/28/2024,14,205.0389045,368
3/28/2024,15,131.1039273,365
3/28/2024,16,172.4846315,310
3/28/2024,17,169.5740597,239
3/28/2024,18,218.1658972,285
3/28/2024,19,246.3813167,215
3/28/2024,20,188.0150994,249
3/28/2024,21,227.1686983,249
3/28/2024,22,145.9362042,260
3/28/2024,23,176.8342852,255
3/29/2024,0,149.0534352,288
3/29/2024,1,190.3190128,302
3/29/2024,2,210.4192655,230
3/29/2024,3,211.5457657,181
3/29/2024,4,188.1993241,197
3/29/2024,5,219.1635758,77
3/29/2024,6,272.8861632,115
3/29/2024,7,237.5725905,76
3/29/2024,8,304.5928297,62
3/29/2024,9,228.1999106,71
3/29/2024,10,343.2759084,81
3/29/2024,11,188.195392,105
3/29/2024,12,226.7744445,211
3/29/2024,13,205.5492105,290
3/29/2024,14,187.3465733,319
3/29/2024,15,167.4244054,350
3/29/2024,16,183.7887522,280
3/29/2024,17,180.0527919,287
3/29/2024,18,221.7711729,254
3/29/2024,19,195.2015812,365
3/29/2024,20,184.0842057,292
3/29/2024,21,176.8836121,315
3/29/2024,22,250.0894781,265
3/29/2024,23,200.4134712,255
3/30/2024,0,183.0218564,307
3/30/2024,1,133.6126414,362
3/30/2024,2,187.6919174,261
3/30/2024,3,184.5664549,231
3/30/2024,4,179.9941456,206
3/30/2024,5,131.158175,68
3/30/2024,6,205.369236,173
3/30/2024,7,277.8499019,72
3/30/2024,8,305.9151368,76
3/30/2024,9,286.8885594,61
3/30/2024,10,264.9577883,72
3/30/2024,11,163.4793728,105
3/30/2024,12,199.1991411,217
3/30/2024,13,236.8780295,211
3/30/2024,14,177.0199813,332
3/30/2024,15,149.2455474,252
3/30/2024,16,133.8705395,284
3/30/2024,17,197.3844166,221
3/30/2024,18,218.5857618,222
3/30/2024,19,193.8766489,210
3/30/2024,20,208.8511159,240
3/30/2024,21,239.7962279,275
3/30/2024,22,218.9897064,241
3/30/2024,23,160.437454,250
3/31/2024,0,205.7962678,278
3/31/2024,1,236.7448995,192
3/31/2024,2,204.3700809,245
3/31/2024,3,201.2987316,217
3/31/2024,4,167.2466253,262
3/31/2024,5,160.2984993,76
3/31/2024,6,307.0430948,108
3/31/2024,7,309.7415433,83
3/31/2024,8,267.5720217,114
3/31/2024,9,286.0970638,72
3/31/2024,10,307.657394,78
3/31/2024,11,204.0955418,98
3/31/2024,12,179.8250998,110
3/31/2024,13,217.6018308,185
3/31/2024,14,153.1032674,284
3/31/2024,15,148.947294,279
3/31/2024,16,189.3794088,219
3/31/2024,17,164.177878,153
3/31/2024,18,240.763923,187
3/31/2024,19,178.0629982,213
3/31/2024,20,196.011864,164
3/31/2024,21,216.8275732,233
3/31/2024,22,195.7208279,170
3/31/2024,23,203.4034153,245
4/1/2024,0,163.0254066,225
4/1/2024,1,185.8607596,198
4/1/2024,2,202.5495665,208
4/1/2024,3,220.356082,154
4/1/2024,4,240.5903634,203
4/1/2024,5,189.7022907,67
4/1/2024,6,340.1168126,87
4/1/2024,7,219.466205,93
4/1/2024,8,379.3586431,43
4/1/2024,9,343.3053301,52
4/1/2024,10,316.171474,81
4/1/2024,11,229.5904901,79
4/1/2024,12,214.0882426,157
4/1/2024,13,188.1902886,254
4/1/2024,14,142.9436827,357
4/1/2024,15,151.3206993,295
4/1/2024,16,169.6067708,278
4/1/2024,17,151.1959651,252
4/1/2024,18,208.3825436,256
4/1/2024,19,198.7432351,277
4/1/2024,20,141.626818,276
4/1/2024,21,213.0083612,225
4/1/2024,22,173.7712566,251
4/1/2024,23,192.0915119,312
4/2/2024,0,218.2476706,298
4/2/2024,1,195.8214756,233
4/2/2024,2,218.1827062,240
4/2/2024,3,231.8012407,243
4/2/2024,4,168.324939,205
4/2/2024,5,178.8590338,45
4/2/2024,6,301.8492737,93
4/2/2024,7,226.2932178,64
4/2/2024,8,241.5381096,66
4/2/2024,9,229.330457,59
4/2/2024,10,255.3270283,88
4/2/2024,11,210.0662599,108
4/2/2024,12,175.7304496,220
4/2/2024,13,213.1220463,240
4/2/2024,14,192.183578,355
4/2/2024,15,155.0167304,261
4/2/2024,16,177.4547529,274
4/2/2024,17,165.4376034,261
4/2/2024,18,204.5683099,280
4/2/2024,19,196.6332103,292
4/2/2024,20,157.4829715,334
4/2/2024,21,173.1241667,320
4/2/2024,22,181.9616235,286
4/2/2024,23,158.6907705,292
4/3/2024,0,179.5158686,317
4/3/2024,1,200.7952939,329
4/3/2024,2,216.562043,253
4/3/2024,3,235.5884391,213
4/3/2024,4,216.166123,214
4/3/2024,5,172.6254214,71
4/3/2024,6,289.0098881,106
4/3/2024,7,289.1986466,59
4/3/2024,8,263.809151,92
4/3/2024,9,256.9059995,68
4/3/2024,10,213.1368109,85
4/3/2024,11,170.2449834,134
4/3/2024,12,186.0049117,235
4/3/2024,13,208.5078929,292
4/3/2024,14,188.4245182,276
4/3/2024,15,199.8643485,283
4/3/2024,16,160.7934543,262
4/3/2024,17,199.1897749,185
4/3/2024,18,208.7260394,344
4/3/2024,19,169.9013358,310
4/3/2024,20,182.1532702,336
4/3/2024,21,176.5302663,310
4/3/2024,22,176.8892124,353
4/3/2024,23,177.4125773,314
4/4/2024,0,202.8207932,315
4/4/2024,1,127.6971297,444
4/4/2024,2,172.0850708,316
4/4/2024,3,230.6680547,193
4/4/2024,4,213.4237075,170
4/4/2024,5,177.6723782,75
4/4/2024,6,290.5974754,104
4/4/2024,7,197.7135509,75
4/4/2024,8,287.1746824,114
4/4/2024,9,276.5028714,71
4/4/2024,10,265.907508,90
4/4/2024,11,169.54712,138
4/4/2024,12,219.6691404,278
4/4/2024,13,188.7980824,234
4/4/2024,14,198.684394,265
4/4/2024,15,205.5231535,245
4/4/2024,16,170.2786454,240
4/4/2024,17,140.8712129,215
4/4/2024,18,199.1267888,323
4/4/2024,19,221.6381503,240
4/4/2024,20,136.1215685,318
4/4/2024,21,178.5407889,273
4/4/2024,22,196.2842606,268
4/4/2024,23,159.3413261,292
4/5/2024,0,202.3962634,313
4/5/2024,1,162.4013631,302
4/5/2024,2,191.9128463,279
4/5/2024,3,263.7937246,200
4/5/2024,4,225.0397194,225
4/5/2024,5,206.7553905,68
4/5/2024,6,302.6126159,104
4/5/2024,7,238.1943626,73
4/5/2024,8,264.4381807,101
4/5/2024,9,294.7378202,63
4/5/2024,10,246.9751815,77
4/5/2024,11,215.3728807,109
4/5/2024,12,220.4924718,232
4/5/2024,13,197.3384371,227
4/5/2024,14,187.7469217,223
4/5/2024,15,196.8024361,234
4/5/2024,16,175.580141,281
4/5/2024,17,218.6558645,208
4/5/2024,18,212.8430276,283
4/5/2024,19,148.901936,267
4/5/2024,20,210.4790558,278
4/5/2024,21,194.3130024,324
4/5/2024,22,206.8239673,253
4/5/2024,23,216.9862298,251
4/6/2024,0,146.9318392,278
4/6/2024,1,165.5679313,242
4/6/2024,2,195.8363292,278
4/6/2024,3,187.3338969,198
4/6/2024,4,220.7561937,262
4/6/2024,5,147.3451454,52
4/6/2024,6,267.1732581,143
4/6/2024,7,272.1023678,90
4/6/2024,8,292.25397,99
4/6/2024,9,305.7390601,74
4/6/2024,10,263.9727467,92
4/6/2024,11,184.7445153,89
4/6/2024,12,185.2402148,152
4/6/2024,13,235.4519601,219
4/6/2024,14,202.1626101,321
4/6/2024,15,196.2029636,225
4/6/2024,16,235.2572041,202
4/6/2024,17,145.639147,240
4/6/2024,18,196.6085537,215
4/6/2024,19,197.6841034,219
4/6/2024,20,205.9019146,257
4/6/2024,21,172.8900464,248
4/6/2024,22,198.0357498,235
4/6/2024,23,180.7183295,230
4/7/2024,0,185.9871358,258
4/7/2024,1,193.5885853,252
4/7/2024,2,216.1527693,239
4/7/2024,3,215.8836746,155
4/7/2024,4,229.0643566,192
4/7/2024,5,254.9776835,49
4/7/2024,6,273.5659337,122
4/7/2024,7,216.7600591,77
4/7/2024,8,275.8798008,99
4/7/2024,9,332.7315759,47
4/7/2024,10,296.5574411,79
4/7/2024,11,203.9728483,61
4/7/2024,12,202.9139324,131
4/7/2024,13,231.9660394,136
4/7/2024,14,206.1302753,187
4/7/2024,15,160.7942831,295
4/7/2024,16,186.3843436,264
4/7/2024,17,196.3106224,162
4/7/2024,18,200.5773863,232
4/7/2024,19,180.9715589,227
4/7/2024,20,191.2907927,221
4/7/2024,21,172.8155162,256
4/7/2024,22,201.6748666,183
4/7/2024,23,156.1093065,269
4/8/2024,0,170.3212891,295
4/8/2024,1,202.7833616,244
4/8/2024,2,194.9101902,220
4/8/2024,3,210.7037707,153
4/8/2024,4,208.9237679,160
4/8/2024,5,131.207787,95
4/8/2024,6,305.7357503,118
4/8/2024,7,233.5460232,75
4/8/2024,8,305.3093592,103
4/8/2024,9,255.1459476,71
4/8/2024,10,274.3547068,88
4/8/2024,11,154.0986772,89
4/8/2024,12,178.7095159,248
4/8/2024,13,210.6151744,267
4/8/2024,14,182.5585274,274
4/8/2024,15,161.6177702,341
4/8/2024,16,198.819521,218
4/8/2024,17,240.2688484,279
4/8/2024,18,248.1712439,238
4/8/2024,19,188.3087743,292
4/8/2024,20,183.7411772,307
4/8/2024,21,177.2552637,288
4/8/2024,22,177.1336954,294
4/8/2024,23,144.0633748,279
4/9/2024,0,196.1745694,276
4/9/2024,1,169.358414,471
4/9/2024,2,167.8867885,399
4/9/2024,3,237.6631856,193
4/9/2024,4,194.1833413,188
4/9/2024,5,138.3728118,72
4/9/2024,6,296.811714,119
4/9/2024,7,261.9211643,61
4/9/2024,8,294.9690972,106
4/9/2024,9,231.0389772,67
4/9/2024,10,297.7273393,95
4/9/2024,11,231.743019,68
4/9/2024,12,167.9989415,267
4/9/2024,13,196.1796874,291
4/9/2024,14,208.7151691,254
4/9/2024,15,208.2302454,222
4/9/2024,16,219.90198,238
4/9/2024,17,182.7965437,256
4/9/2024,18,195.4203169,337
4/9/2024,19,223.0074018,302
4/9/2024,20,211.5601459,263
4/9/2024,21,178.0121059,304
4/9/2024,22,212.1666211,335
4/9/2024,23,149.3693209,339
4/10/2024,0,191.9493946,413
4/10/2024,1,194.1534058,392
4/10/2024,2,197.412449,284
4/10/2024,3,274.958685,251
4/10/2024,4,264.5397841,221
4/10/2024,5,265.9187731,143
4/10/2024,6,317.0325078,157
4/10/2024,7,443.5674421,77
4/10/2024,8,387.0720266,135
4/10/2024,9,433.9685899,92
4/10/2024,10,359.9709499,107
4/10/2024,11,323.1692918,145
4/10/2024,12,281.4113741,233
4/10/2024,13,266.5854421,241
4/10/2024,14,205.1477645,361
4/10/2024,15,202.560021,319
4/10/2024,16,208.6734516,339
4/10/2024,17,227.3137981,269
4/10/2024,18,277.8451546,306
4/10/2024,19,206.9211822,322
4/10/2024,20,291.4418063,306
4/10/2024,21,234.2178799,293
4/10/2024,22,263.9584244,289
4/10/2024,23,222.0517518,308
4/11/2024,0,228.5531099,378
4/11/2024,1,284.9345109,274
4/11/2024,2,239.0148113,287
4/11/2024,3,286.8962914,209
4/11/2024,4,248.4506107,212
4/11/2024,5,290.6860536,124
4/11/2024,6,368.9587025,133
4/11/2024,7,393.0576572,97
4/11/2024,8,377.3048381,125
4/11/2024,9,415.5779962,97
4/11/2024,10,429.0759813,113
4/11/2024,11,275.2144807,147
4/11/2024,12,233.380854,351
4/11/2024,13,276.8217314,315
4/11/2024,14,249.4909255,308
4/11/2024,15,243.975455,242
4/11/2024,16,224.7425335,305
4/11/2024,17,256.1973034,247
4/11/2024,18,200.8775565,450
4/11/2024,19,274.0573488,262
4/11/2024,20,270.4249642,307
4/11/2024,21,231.2711129,355
4/11/2024,22,234.1043399,368
4/11/2024,23,194.1877719,340
4/12/2024,0,234.4139528,349
4/12/2024,1,257.3383112,354
4/12/2024,2,236.7538061,344
4/12/2024,3,236.1440422,292
4/12/2024,4,250.6523424,221
4/12/2024,5,300.8880109,119
4/12/2024,6,367.3414057,125
4/12/2024,7,405.5273447,99
4/12/2024,8,340.1361612,143
4/12/2024,9,357.544697,97
4/12/2024,10,315.4287333,158
4/12/2024,11,282.8405526,208
4/12/2024,12,266.228667,320
4/12/2024,13,220.4125194,325
4/12/2024,14,230.4105302,359
4/12/2024,15,210.1163655,443
4/12/2024,16,203.305029,351
4/12/2024,17,231.8252862,361
4/12/2024,18,251.8423809,383
4/12/2024,19,253.3194299,344
4/12/2024,20,226.2447034,343
4/12/2024,21,215.8216129,366
4/12/2024,22,218.3425408,525
4/12/2024,23,228.9645522,320
4/13/2024,0,211.4994729,301
4/13/2024,1,226.0516082,396
4/13/2024,2,239.8559373,310
4/13/2024,3,300.9228587,273
4/13/2024,4,231.8007202,234
4/13/2024,5,276.0034242,161
4/13/2024,6,374.4632899,141
4/13/2024,7,449.8765484,79
4/13/2024,8,283.4627288,156
4/13/2024,9,397.5378446,99
4/13/2024,10,380.5935221,98
4/13/2024,11,318.4057957,124
4/13/2024,12,215.870454,245
4/13/2024,13,251.048538,258
4/13/2024,14,222.7121922,288
4/13/2024,15,229.9081556,261
4/13/2024,16,231.2819347,298
4/13/2024,17,230.647166,295
4/13/2024,18,242.9277158,358
4/13/2024,19,235.6746345,365
4/13/2024,20,228.2481784,304
4/13/2024,21,213.7004804,361
4/13/2024,22,218.259699,334
4/13/2024,23,241.399758,262
4/14/2024,0,247.7988241,254
4/14/2024,1,229.5984784,295
4/14/2024,2,224.1778665,300
4/14/2024,3,215.7936071,281
4/14/2024,4,235.1297121,228
4/14/2024,5,287.7647599,144
4/14/2024,6,292.1669647,184
4/14/2024,7,404.6407725,87
4/14/2024,8,404.9313492,125
4/14/2024,9,434.9932685,85
4/14/2024,10,292.5151694,144
4/14/2024,11,274.155646,153
4/14/2024,12,266.3178926,208
4/14/2024,13,280.8345549,239
4/14/2024,14,264.2716227,238
4/14/2024,15,236.963735,337
4/14/2024,16,234.8156477,256
4/14/2024,17,238.2312781,270
4/14/2024,18,285.9063001,251
4/14/2024,19,270.2637774,255
4/14/2024,20,270.7103982,295
4/14/2024,21,211.2992568,300
4/14/2024,22,272.7912989,249
4/14/2024,23,241.7392128,294
4/15/2024,0,243.0869894,302
4/15/2024,1,216.579214,359
4/15/2024,2,266.6060217,247
4/15/2024,3,237.4233534,267
4/15/2024,4,296.2234113,166
4/15/2024,5,287.6267758,137
4/15/2024,6,395.9958629,123
4/15/2024,7,330.4044852,112
4/15/2024,8,404.7863289,104
4/15/2024,9,445.7938169,102
4/15/2024,10,366.1614866,149
4/15/2024,11,314.8081163,129
4/15/2024,12,271.6422691,330
4/15/2024,13,276.3503728,353
4/15/2024,14,207.9728684,411
4/15/2024,15,246.2817734,473
4/15/2024,16,262.22311,357
4/15/2024,17,204.1880869,314
4/15/2024,18,257.124292,343
4/15/2024,19,238.4736581,342
4/15/2024,20,232.1460543,326
4/15/2024,21,194.8483301,388
4/15/2024,22,217.5443327,314
4/15/2024,23,191.8204505,339
4/16/2024,0,251.3000354,386
4/16/2024,1,219.0061354,327
4/16/2024,2,225.1353903,336
4/16/2024,3,236.9538412,233
4/16/2024,4,245.8648296,248
4/16/2024,5,318.9212013,123
4/16/2024,6,363.1532858,128
4/16/2024,7,440.6586631,82
4/16/2024,8,374.1424845,134
4/16/2024,9,331.1932427,129
4/16/2024,10,350.2158269,129
4/16/2024,11,322.2287305,134
4/16/2024,12,248.638075,360
4/16/2024,13,238.3922251,396
4/16/2024,14,207.9111091,463
4/16/2024,15,227.0066915,371
4/16/2024,16,258.8068101,334
4/16/2024,17,204.3600459,376
4/16/2024,18,213.5759231,356
4/16/2024,19,219.7643652,368
4/16/2024,20,185.6375877,420
4/16/2024,21,239.9252846,344
4/16/2024,22,225.4201298,392
4/16/2024,23,266.5118243,282
4/17/2024,0,223.0673272,364
4/17/2024,1,229.7607921,303
4/17/2024,2,239.9994094,287
4/17/2024,3,244.3331123,240
4/17/2024,4,307.9439246,189
4/17/2024,5,293.0164458,131
4/17/2024,6,401.5828315,129
4/17/2024,7,296.0829777,136
4/17/2024,8,354.6885082,132
4/17/2024,9,384.7198,110
4/17/2024,10,355.9794437,151
4/17/2024,11,307.1237272,187
4/17/2024,12,277.8505538,259
4/17/2024,13,237.6606262,350
4/17/2024,14,242.0610577,308
4/17/2024,15,254.5753897,252
4/17/2024,16,228.4878998,275
4/17/2024,17,196.6261109,300
4/17/2024,18,234.1805239,337
4/17/2024,19,225.1663331,353
4/17/2024,20,244.2747483,292
4/17/2024,21,235.4867777,292
4/17/2024,22,223.6213444,289
4/17/2024,23,213.0998492,281
4/18/2024,0,195.9573447,444
4/18/2024,1,231.8316247,338
4/18/2024,2,260.9377368,235
4/18/2024,3,297.2867244,193
4/18/2024,4,259.8901799,268
4/18/2024,5,280.0478158,133
4/18/2024,6,364.5027832,137
4/18/2024,7,448.5679187,85
4/18/2024,8,381.8614844,124
4/18/2024,9,401.0112912,128
4/18/2024,10,350.80159,135
4/18/2024,11,272.3966076,216
4/18/2024,12,253.8217714,361
4/18/2024,13,193.739236,472
4/18/2024,14,205.2648896,456
4/18/2024,15,220.1292667,424
4/18/2024,16,240.073563,331
4/18/2024,17,218.8150209,303
4/18/2024,18,222.0220115,428
4/18/2024,19,258.5959722,306
4/18/2024,20,233.7182089,389
4/18/2024,21,245.34526,357
4/18/2024,22,240.5165207,315
4/18/2024,23,227.7067252,243
4/19/2024,0,223.5539816,341
4/19/2024,1,210.5835943,316
4/19/2024,2,249.3871703,251
4/19/2024,3,333.448772,201
4/19/2024,4,252.524728,220
4/19/2024,5,262.8086541,160
4/19/2024,6,433.1044243,113
4/19/2024,7,457.5401443,75
4/19/2024,8,363.1508209,141
4/19/2024,9,403.8653521,96
4/19/2024,10,332.2498248,130
4/19/2024,11,356.4468981,108
4/19/2024,12,218.9580086,300
4/19/2024,13,201.5894812,426
4/19/2024,14,224.5170468,326
4/19/2024,15,221.48365,289
4/19/2024,16,199.8667238,337
4/19/2024,17,206.9218685,274
4/19/2024,18,262.3906746,417
4/19/2024,19,209.5030642,380
4/19/2024,20,262.3714211,281
4/19/2024,21,207.9691751,339
4/19/2024,22,215.5061664,262
4/19/2024,23,186.4446638,321
4/20/2024,0,211.8767145,270
4/20/2024,1,234.8223252,259
4/20/2024,2,224.2700604,252
4/20/2024,3,227.3181562,226
4/20/2024,4,205.3873079,257
4/20/2024,5,272.5682708,153
4/20/2024,6,382.8928071,128
4/20/2024,7,415.0123942,98
4/20/2024,8,340.1949516,150
4/20/2024,9,386.6033058,131
4/20/2024,10,348.3621019,128
4/20/2024,11,272.4282309,137
4/20/2024,12,299.0740847,182
4/20/2024,13,292.3428498,226
4/20/2024,14,316.5157338,241
4/20/2024,15,243.539961,225
4/20/2024,16,279.200937,246
4/20/2024,17,246.8636128,239
4/20/2024,18,262.8589048,245
4/20/2024,19,251.1711857,255
4/20/2024,20,233.4033144,225
4/20/2024,21,260.1460878,293
4/20/2024,22,310.7861933,197
4/20/2024,23,234.3704571,284
4/21/2024,0,260.6446099,198
4/21/2024,1,221.3504448,328
4/21/2024,2,239.1493112,225
4/21/2024,3,280.8793159,257
4/21/2024,4,240.0808395,276
4/21/2024,5,262.0956956,157
4/21/2024,6,323.0397838,187
4/21/2024,7,412.3770869,91
4/21/2024,8,355.4157222,139
4/21/2024,9,402.1632508,89
4/21/2024,10,407.7398782,96
4/21/2024,11,378.0120386,94
4/21/2024,12,302.8074045,164
4/21/2024,13,316.0815144,180
4/21/2024,14,297.0188344,212
4/21/2024,15,250.3656315,223
4/21/2024,16,256.9467239,262
4/21/2024,17,242.9632276,226
4/21/2024,18,292.0770581,228
4/21/2024,19,234.9383351,256
4/21/2024,20,308.1954171,202
4/21/2024,21,247.1059588,238
4/21/2024,22,252.476565,255
4/21/2024,23,235.24286,302
4/22/2024,0,221.4733605,365
4/22/2024,1,223.112656,346
4/22/2024,2,241.678258,334
4/22/2024,3,257.564169,224
4/22/2024,4,264.7677489,178
4/22/2024,5,336.5692558,134
4/22/2024,6,363.2494413,129
4/22/2024,7,423.7149937,93
4/22/2024,8,346.8947272,116
4/22/2024,9,281.9043515,148
4/22/2024,10,334.4335877,214
4/22/2024,11,270.6030104,183
4/22/2024,12,243.646727,321
4/22/2024,13,222.4773787,416
4/22/2024,14,206.4332779,301
4/22/2024,15,216.4730838,289
4/22/2024,16,251.2190589,288
4/22/2024,17,244.4836302,215
4/22/2024,18,213.5864599,356
4/22/2024,19,231.454784,315
4/22/2024,20,246.9829133,339
4/22/2024,21,221.8837763,356
4/22/2024,22,224.5170614,285
4/22/2024,23,235.0492088,266
4/23/2024,0,234.8959341,295
4/23/2024,1,246.3877265,355
4/23/2024,2,255.1643178,251
4/23/2024,3,279.1081611,193
4/23/2024,4,243.9950553,212
4/23/2024,5,282.8150013,136
4/23/2024,6,386.6157196,121
4/23/2024,7,419.1947429,99
4/23/2024,8,410.5978221,145
4/23/2024,9,378.5173445,112
4/23/2024,10,349.0850707,147
4/23/2024,11,301.7250541,145
4/23/2024,12,253.7011781,265
4/23/2024,13,246.0571513,325
4/23/2024,14,245.6149787,344
4/23/2024,15,246.5471031,280
4/23/2024,16,281.1012697,262
4/23/2024,17,255.0583961,224
4/23/2024,18,313.93931,341
4/23/2024,19,254.0249351,316
4/23/2024,20,246.9637392,297
4/23/2024,21,247.3625075,279
4/23/2024,22,240.6345834,298
4/23/2024,23,240.2035116,299
4/24/2024,0,252.9101583,341
4/24/2024,1,221.3583202,429
4/24/2024,2,223.7298162,260
4/24/2024,3,270.00144,214
4/24/2024,4,298.2316641,168
4/24/2024,5,217.2022283,188
4/24/2024,6,360.8983583,128
4/24/2024,7,397.4320756,101
4/24/2024,8,372.4676635,139
4/24/2024,9,352.8011939,120
4/24/2024,10,367.0341811,138
4/24/2024,11,258.7024352,194
4/24/2024,12,247.8022782,288
4/24/2024,13,256.0327795,302
4/24/2024,14,199.6908833,380
4/24/2024,15,240.4576002,262
4/24/2024,16,275.2952697,234
4/24/2024,17,225.5022127,242
4/24/2024,18,276.3652922,340
4/24/2024,19,230.0353334,298
4/24/2024,20,207.22032,399
4/24/2024,21,231.9664009,354
4/24/2024,22,190.8370708,411
4/24/2024,23,269.8917894,268
4/25/2024,0,261.3761373,308
4/25/2024,1,264.5145813,317
4/25/2024,2,281.6903331,232
4/25/2024,3,299.4547039,214
4/25/2024,4,323.8761251,147
4/25/2024,5,245.3274788,154
4/25/2024,6,355.5855278,128
4/25/2024,7,485.8992466,77
4/25/2024,8,375.6844973,128
4/25/2024,9,417.4767029,96
4/25/2024,10,375.5416928,127
4/25/2024,11,339.0817521,138
4/25/2024,12,210.1061597,375
4/25/2024,13,224.3462122,376
4/25/2024,14,219.2580598,371
4/25/2024,15,230.0839673,306
4/25/2024,16,192.4151328,333
4/25/2024,17,208.4444902,318
4/25/2024,18,212.0907163,378
4/25/2024,19,225.4953016,341
4/25/2024,20,267.3386116,255
4/25/2024,21,231.9456858,352
4/25/2024,22,228.3022962,287
4/25/2024,23,259.0452195,317
4/26/2024,0,282.3854147,306
4/26/2024,1,232.5811237,346
4/26/2024,2,244.7406696,251
4/26/2024,3,265.5746556,216
4/26/2024,4,260.3505284,181
4/26/2024,5,269.7542197,124
4/26/2024,6,361.4720216,136
4/26/2024,7,454.1733769,87
4/26/2024,8,382.8844959,139
4/26/2024,9,369.7442501,94
4/26/2024,10,317.7718614,137
4/26/2024,11,255.9450576,178
4/26/2024,12,242.8608724,282
4/26/2024,13,250.0345277,319
4/26/2024,14,275.5279954,296
4/26/2024,15,209.7108606,295
4/26/2024,16,220.177888,333
4/26/2024,17,253.7519278,232
4/26/2024,18,241.6388504,387
4/26/2024,19,213.6831393,413
4/26/2024,20,228.164294,306
4/26/2024,21,230.3309404,265
4/26/2024,22,199.8882451,320
4/26/2024,23,224.8223188,261
4/27/2024,0,225.3600915,288
4/27/2024,1,260.6964947,252
4/27/2024,2,263.7247952,260
4/27/2024,3,277.9690613,187
4/27/2024,4,239.7677493,249
4/27/2024,5,286.8382486,153
4/27/2024,6,426.4596689,123
4/27/2024,7,413.4512197,92
4/27/2024,8,366.2621229,124
4/27/2024,9,467.2468205,96
4/27/2024,10,362.2885283,112
4/27/2024,11,352.2434793,115
4/27/2024,12,309.7100991,158
4/27/2024,13,304.1342756,165
4/27/2024,14,239.7506649,270
4/27/2024,15,248.3821365,287
4/27/2024,16,224.0773199,346
4/27/2024,17,237.0687019,261
4/27/2024,18,232.957549,275
4/27/2024,19,260.6917934,232
4/27/2024,20,190.819329,320
4/27/2024,21,259.4073293,257
4/27/2024,22,220.2884981,296
4/27/2024,23,222.5830012,304
4/28/2024,0,213.224944,299
4/28/2024,1,195.7813877,377
4/28/2024,2,230.8984642,257
4/28/2024,3,252.9783009,244
4/28/2024,4,220.6931665,262
4/28/2024,5,270.6384182,147
4/28/2024,6,384.7323164,130
4/28/2024,7,355.4974093,126
4/28/2024,8,359.8955909,128
4/28/2024,9,381.3951251,85
4/28/2024,10,352.1651759,122
4/28/2024,11,321.2526043,142
4/28/2024,12,315.63723,179
4/28/2024,13,260.6654372,199
4/28/2024,14,270.9060873,217
4/28/2024,15,239.2492612,289
4/28/2024,16,280.8504517,204
4/28/2024,17,230.8050693,293
4/28/2024,18,263.0307391,293
4/28/2024,19,281.5600139,256
4/28/2024,20,236.4081587,293
4/28/2024,21,263.573245,256
4/28/2024,22,301.068996,302
4/28/2024,23,262.3812453,269
4/29/2024,0,240.2328455,274
4/29/2024,1,188.7988135,388
4/29/2024,2,288.7442021,218
4/29/2024,3,252.453646,193
4/29/2024,4,203.5430849,222
4/29/2024,5,259.3305767,152
4/29/2024,6,338.697006,150
4/29/2024,7,396.4646475,97
4/29/2024,8,328.888702,162
4/29/2024,9,413.6658547,89
4/29/2024,10,441.0018446,93
4/29/2024,11,299.1725551,149
4/29/2024,12,243.6389842,313
4/29/2024,13,208.0115327,368
4/29/2024,14,253.1680603,277
4/29/2024,15,225.8076845,319
4/29/2024,16,245.3547066,283
4/29/2024,17,238.0573626,257
4/29/2024,18,247.7154768,303
4/29/2024,19,203.2951869,336
4/29/2024,20,266.1996809,347
4/29/2024,21,234.9093671,333
4/29/2024,22,219.7965091,333
4/29/2024,23,199.5502636,318
4/30/2024,0,215.8215481,334
4/30/2024,1,216.3970131,406
4/30/2024,2,279.3655067,250
4/30/2024,3,302.359459,195
4/30/2024,4,216.6208875,248
4/30/2024,5,255.5652761,162
4/30/2024,6,399.6963734,131
4/30/2024,7,456.8659242,79
4/30/2024,8,383.3173599,125
4/30/2024,9,343.8764002,130
4/30/2024,10,372.0137987,131
4/30/2024,11,310.8013812,156
4/30/2024,12,241.1825158,227
4/30/2024,13,232.7318845,336
4/30/2024,14,245.9495476,297
4/30/2024,15,259.1827138,314
4/30/2024,16,256.9024951,283
4/30/2024,17,289.3241024,233
4/30/2024,18,271.2222329,343
4/30/2024,19,223.6900913,308
4/30/2024,20,191.4062081,474
4/30/2024,21,243.7520062,290
4/30/2024,22,179.9233681,415
4/30/2024,23,202.048425,529
5/1/2024,0,221.0236655,651
5/1/2024,1,183.3811643,605
5/1/2024,2,196.3013605,665
5/1/2024,3,199.8844345,474
5/1/2024,4,151.7621875,223
5/1/2024,5,174.8394303,120
5/1/2024,6,306.813347,110
5/1/2024,7,266.0684963,111
5/1/2024,8,260.2917422,116
5/1/2024,9,242.2451206,72
5/1/2024,10,252.2644001,115
5/1/2024,11,188.2091965,226
5/1/2024,12,218.7270608,296
5/1/2024,13,210.5753247,286
5/1/2024,14,195.7371921,339
5/1/2024,15,170.361353,293
5/1/2024,16,185.7556361,246
5/1/2024,17,153.829925,328
5/1/2024,18,211.1155597,227
5/1/2024,19,153.8752058,321
5/1/2024,20,174.6309805,342
5/1/2024,21,194.3628845,317
5/1/2024,22,180.4708897,299
5/1/2024,23,183.6012434,394
5/2/2024,0,185.4237947,519
5/2/2024,1,183.5936423,568
5/2/2024,2,203.3677297,472
5/2/2024,3,239.715847,279
5/2/2024,4,167.8902984,215
5/2/2024,5,192.5925025,92
5/2/2024,6,200.1208193,152
5/2/2024,7,183.6431462,120
5/2/2024,8,259.8269077,99
5/2/2024,9,273.4418178,78
5/2/2024,10,280.5853727,100
5/2/2024,11,171.1257378,168
5/2/2024,12,201.9954866,267
5/2/2024,13,161.2372094,298
5/2/2024,14,188.9062115,356
5/2/2024,15,192.9312359,393
5/2/2024,16,181.7822865,286
5/2/2024,17,174.5344776,297
5/2/2024,18,132.9401052,299
5/2/2024,19,169.901608,305
5/2/2024,20,149.4467992,365
5/2/2024,21,195.8178633,273
5/2/2024,22,193.0862717,282
5/2/2024,23,220.7683768,374
5/3/2024,0,172.2544812,553
5/3/2024,1,213.1722869,583
5/3/2024,2,162.5711555,368
5/3/2024,3,241.4183824,243
5/3/2024,4,162.9240362,177
5/3/2024,5,125.0445529,149
5/3/2024,6,281.7056875,99
5/3/2024,7,206.3103252,54
5/3/2024,8,255.2038723,140
5/3/2024,9,233.5345133,91
5/3/2024,10,281.9378508,101
5/3/2024,11,192.3629696,153
5/3/2024,12,177.4976199,286
5/3/2024,13,177.7419827,347
5/3/2024,14,181.0369946,363
5/3/2024,15,162.6705769,387
5/3/2024,16,213.9965748,246
5/3/2024,17,180.6983496,293
5/3/2024,18,164.3163983,354
5/3/2024,19,157.919013,313
5/3/2024,20,190.5838295,379
5/3/2024,21,203.3204676,305
5/3/2024,22,195.5022636,214
5/3/2024,23,142.904447,295
5/4/2024,0,176.8176525,313
5/4/2024,1,178.7893353,198
5/4/2024,2,197.5458396,300
5/4/2024,3,222.0986071,235
5/4/2024,4,119.601481,251
5/4/2024,5,157.710401,152
5/4/2024,6,291.0459685,109
5/4/2024,7,288.3610161,62
5/4/2024,8,287.9001361,113
5/4/2024,9,201.3833708,65
5/4/2024,10,278.1019082,99
5/4/2024,11,276.3775171,90
5/4/2024,12,174.6017156,161
5/4/2024,13,255.9468427,189
5/4/2024,14,206.9131996,243
5/4/2024,15,196.4305775,243
5/4/2024,16,178.9049408,318
5/4/2024,17,162.5594932,306
5/4/2024,18,190.2418834,278
5/4/2024,19,178.539841,261
5/4/2024,20,180.7989421,273
5/4/2024,21,185.2955005,229
5/4/2024,22,199.2112784,239
5/4/2024,23,176.1014697,230
5/5/2024,0,156.9917834,284
5/5/2024,1,148.1740296,393
5/5/2024,2,190.093877,246
5/5/2024,3,204.8123125,286
5/5/2024,4,139.8112444,249
5/5/2024,5,164.1871688,204
5/5/2024,6,298.2856981,114
5/5/2024,7,280.9555892,61
5/5/2024,8,219.7690131,116
5/5/2024,9,206.6815144,63
5/5/2024,10,167.3474546,150
5/5/2024,11,154.8539912,127
5/5/2024,12,201.6250822,137
5/5/2024,13,210.180197,151
5/5/2024,14,172.2624342,222
5/5/2024,15,187.1049945,250
5/5/2024,16,182.5985998,250
5/5/2024,17,130.3355596,258
5/5/2024,18,198.6617665,242
5/5/2024,19,196.8331611,225
5/5/2024,20,250.2493274,214
5/5/2024,21,166.6249725,287
5/5/2024,22,176.5297992,327
5/5/2024,23,184.8034571,293
5/6/2024,0,179.688701,253
5/6/2024,1,172.6119876,250
5/6/2024,2,233.7838445,277
5/6/2024,3,233.34954,187
5/6/2024,4,243.7379985,133
5/6/2024,5,170.2305675,100
5/6/2024,6,263.8776673,104
5/6/2024,7,268.0588421,71
5/6/2024,8,283.0586743,89
5/6/2024,9,261.4149152,71
5/6/2024,10,249.7229699,108
5/6/2024,11,178.5807529,189
5/6/2024,12,178.9200452,240
5/6/2024,13,216.1954388,243
5/6/2024,14,179.7344735,353
5/6/2024,15,180.010944,294
5/6/2024,16,230.4454388,347
5/6/2024,17,179.1335266,239
5/6/2024,18,196.0413406,312
5/6/2024,19,199.6417201,355
5/6/2024,20,181.2718452,377
5/6/2024,21,196.8548933,217
5/6/2024,22,179.0736268,287
5/6/2024,23,162.0019506,296
5/7/2024,0,176.8732272,277
5/7/2024,1,156.8521158,313
5/7/2024,2,161.7172983,287
5/7/2024,3,184.0380007,198
5/7/2024,4,156.0264603,241
5/7/2024,5,172.582675,103
5/7/2024,6,242.3729365,118
5/7/2024,7,217.2569903,84
5/7/2024,8,266.8941168,126
5/7/2024,9,190.3056634,125
5/7/2024,10,198.4511719,132
5/7/2024,11,164.5091113,115
5/7/2024,12,206.1584607,205
5/7/2024,13,202.2918706,271
5/7/2024,14,202.1965958,252
5/7/2024,15,167.6673299,272
5/7/2024,16,172.4532587,243
5/7/2024,17,160.8112496,313
5/7/2024,18,204.6385709,268
5/7/2024,19,187.0381211,303
5/7/2024,20,190.2522685,329
5/7/2024,21,181.9279584,242
5/7/2024,22,171.2358097,276
5/7/2024,23,171.8356546,348
5/8/2024,0,191.6015222,346
5/8/2024,1,165.9636949,434
5/8/2024,2,205.2813934,344
5/8/2024,3,265.9360829,194
5/8/2024,4,334.7219776,171
5/8/2024,5,394.9551732,89
5/8/2024,6,345.5175274,128
5/8/2024,7,352.2774888,95
5/8/2024,8,307.5697549,148
5/8/2024,9,415.2493331,103
5/8/2024,10,339.4910709,119
5/8/2024,11,208.4115417,200
5/8/2024,12,188.8018619,299
5/8/2024,13,200.8439987,342
5/8/2024,14,236.768754,344
5/8/2024,15,234.9132003,296
5/8/2024,16,205.1301242,343
5/8/2024,17,245.9540781,234
5/8/2024,18,248.9112134,283
5/8/2024,19,245.1194889,310
5/8/2024,20,255.4013517,257
5/8/2024,21,238.6438499,310
5/8/2024,22,215.0690415,340
5/8/2024,23,206.7743985,337
5/9/2024,0,203.3773585,420
5/9/2024,1,202.3890902,402
5/9/2024,2,245.6537761,307
5/9/2024,3,222.2036547,330
5/9/2024,4,283.1885421,202
5/9/2024,5,438.6014881,74
5/9/2024,6,386.5657843,127
5/9/2024,7,389.5398384,121
5/9/2024,8,406.5398116,119
5/9/2024,9,411.6527121,82
5/9/2024,10,322.0584926,159
5/9/2024,11,260.188247,230
5/9/2024,12,267.399427,270
5/9/2024,13,221.1499769,332
5/9/2024,14,237.1937221,395
5/9/2024,15,260.6101851,284
5/9/2024,16,259.2757698,278
5/9/2024,17,222.9204506,276
5/9/2024,18,189.1138194,478
5/9/2024,19,222.7918779,345
5/9/2024,20,252.4803739,378
5/9/2024,21,219.9508968,369
5/9/2024,22,216.2654486,386
5/9/2024,23,219.7555829,314
5/10/2024,0,224.036756,360
5/10/2024,1,242.62259,361
5/10/2024,2,238.0270107,390
5/10/2024,3,283.5932677,221
5/10/2024,4,257.3462675,188
5/10/2024,5,266.213585,163
5/10/2024,6,361.9579175,136
5/10/2024,7,415.124095,115
5/10/2024,8,377.2237961,133
5/10/2024,9,376.3755622,115
5/10/2024,10,352.3395169,133
5/10/2024,11,217.765494,193
5/10/2024,12,222.9693409,352
5/10/2024,13,207.5595082,428
5/10/2024,14,243.7997392,416
5/10/2024,15,225.4441453,333
5/10/2024,16,251.90138,337
5/10/2024,17,210.3247828,372
5/10/2024,18,221.9235554,376
5/10/2024,19,206.4798616,378
5/10/2024,20,207.9319469,376
5/10/2024,21,226.8654179,307
5/10/2024,22,278.736769,250
5/10/2024,23,262.6519273,235
5/11/2024,0,265.6582861,267
5/11/2024,1,222.3033228,363
5/11/2024,2,201.1421503,314
5/11/2024,3,248.2756059,278
5/11/2024,4,235.9402273,258
5/11/2024,5,344.4467684,109
5/11/2024,6,347.2613562,140
5/11/2024,7,415.311407,106
5/11/2024,8,380.6434609,143
5/11/2024,9,430.3975091,102
5/11/2024,10,342.2140954,134
5/11/2024,11,323.9706962,144
5/11/2024,12,242.7539918,259
5/11/2024,13,293.294188,195
5/11/2024,14,269.1968275,264
5/11/2024,15,209.8480305,365
5/11/2024,16,249.6913034,272
5/11/2024,17,271.5307318,247
5/11/2024,18,292.5046287,243
5/11/2024,19,229.2103708,315
5/11/2024,20,245.2134794,261
5/11/2024,21,260.2050626,267
5/11/2024,22,207.5739997,318
5/11/2024,23,228.9111344,258
5/12/2024,0,244.6716436,230
5/12/2024,1,231.5668347,312
5/12/2024,2,267.7246927,249
5/12/2024,3,270.1998484,267
5/12/2024,4,281.5485876,249
5/12/2024,5,376.4783073,91
5/12/2024,6,322.7519398,166
5/12/2024,7,413.1195423,114
5/12/2024,8,367.1749767,142
5/12/2024,9,504.1033123,73
5/12/2024,10,334.1448985,144
5/12/2024,11,377.0218844,106
5/12/2024,12,315.3204879,155
5/12/2024,13,342.4224943,182
5/12/2024,14,270.1989174,243
5/12/2024,15,274.004479,282
5/12/2024,16,245.7086509,290
5/12/2024,17,323.6761879,166
5/12/2024,18,217.5846413,263
5/12/2024,19,274.8399388,243
5/12/2024,20,249.8664179,250
5/12/2024,21,224.1872368,315
5/12/2024,22,248.0358421,261
5/12/2024,23,207.4911824,342
5/13/2024,0,185.8331148,341
5/13/2024,1,209.2064768,317
5/13/2024,2,246.9551771,256
5/13/2024,3,273.248342,229
5/13/2024,4,298.5418263,220
5/13/2024,5,328.6901603,115
5/13/2024,6,388.6113837,140
5/13/2024,7,437.8159994,99
5/13/2024,8,352.8232006,136
5/13/2024,9,308.9408785,124
5/13/2024,10,330.4334575,143
5/13/2024,11,263.7588756,175
5/13/2024,12,242.439994,379
5/13/2024,13,205.6977607,433
5/13/2024,14,245.9969704,391
5/13/2024,15,242.779912,308
5/13/2024,16,208.0823152,388
5/13/2024,17,230.4865531,291
5/13/2024,18,247.2424447,312
5/13/2024,19,234.1632896,323
5/13/2024,20,246.7201269,311
5/13/2024,21,209.7018806,368
5/13/2024,22,243.0744654,314
5/13/2024,23,221.7841393,310
5/14/2024,0,241.1072844,386
5/14/2024,1,212.336006,396
5/14/2024,2,271.3966809,259
5/14/2024,3,271.4226997,222
5/14/2024,4,322.9320995,193
5/14/2024,5,308.1304397,108
5/14/2024,6,415.9776678,115
5/14/2024,7,365.4085791,110
5/14/2024,8,375.1294838,138
5/14/2024,9,349.429354,115
5/14/2024,10,337.6467575,182
5/14/2024,11,272.2236423,187
5/14/2024,12,267.4535669,251
5/14/2024,13,261.2481965,325
5/14/2024,14,248.9343022,306
5/14/2024,15,252.0056746,339
5/14/2024,16,237.5887967,355
5/14/2024,17,230.5532845,307
5/14/2024,18,206.3057151,376
5/14/2024,19,255.118507,353
5/14/2024,20,228.6702359,372
5/14/2024,21,267.7338283,294
5/14/2024,22,244.4057518,345
5/14/2024,23,211.3415128,322
5/15/2024,0,191.0048236,408
5/15/2024,1,199.7036459,446
5/15/2024,2,224.3556814,568
5/15/2024,3,274.8623027,280
5/15/2024,4,289.6832126,170
5/15/2024,5,291.7850691,133
5/15/2024,6,400.9762868,124
5/15/2024,7,404.8068176,94
5/15/2024,8,291.1881392,189
5/15/2024,9,369.1020716,114
5/15/2024,10,364.5928321,124
5/15/2024,11,240.2175902,219
5/15/2024,12,201.4974195,341
5/15/2024,13,220.8185592,313
5/15/2024,14,249.8851875,400
5/15/2024,15,268.4945443,291
5/15/2024,16,225.0072158,280
5/15/2024,17,224.0059693,257
5/15/2024,18,215.4462941,521
5/15/2024,19,234.0554253,337
5/15/2024,20,234.3216407,349
5/15/2024,21,258.1589205,328
5/15/2024,22,238.0932491,330
5/15/2024,23,271.7729774,284
5/16/2024,0,248.7547379,254
5/16/2024,1,260.5804846,323
5/16/2024,2,228.3027182,286
5/16/2024,3,299.1185651,199
5/16/2024,4,221.5975342,216
5/16/2024,5,399.0935282,104
5/16/2024,6,377.7021024,124
5/16/2024,7,405.1420609,99
5/16/2024,8,364.6606487,153
5/16/2024,9,256.9354698,148
5/16/2024,10,319.6698795,163
5/16/2024,11,243.7999175,220
5/16/2024,12,283.1179361,273
5/16/2024,13,276.9266917,263
5/16/2024,14,247.7968739,363
5/16/2024,15,233.2230899,274
5/16/2024,16,189.1554222,362
5/16/2024,17,215.2669944,356
5/16/2024,18,200.4786474,484
5/16/2024,19,217.1295375,323
5/16/2024,20,237.0932179,308
5/16/2024,21,265.9864045,274
5/16/2024,22,221.0870718,356
5/16/2024,23,252.0277739,277
5/17/2024,0,258.2281378,260
5/17/2024,1,210.9605919,346
5/17/2024,2,226.9726311,304
5/17/2024,3,253.4978965,270
5/17/2024,4,239.7993914,217
5/17/2024,5,372.6780472,116
5/17/2024,6,335.8446748,143
5/17/2024,7,412.0992643,77
5/17/2024,8,317.6952812,147
5/17/2024,9,282.6775427,138
5/17/2024,10,365.3444363,142
5/17/2024,11,325.8764557,200
5/17/2024,12,243.5073792,294
5/17/2024,13,247.615707,331
5/17/2024,14,230.7664193,329
5/17/2024,15,244.0390075,287
5/17/2024,16,268.4781787,337
5/17/2024,17,201.4672304,327
5/17/2024,18,221.9125704,405
5/17/2024,19,227.027886,393
5/17/2024,20,213.7497188,364
5/17/2024,21,217.9126128,345
5/17/2024,22,287.8177467,280
5/17/2024,23,249.5453749,333
5/18/2024,0,248.2077968,344
5/18/2024,1,231.6391472,396
5/18/2024,2,228.93495,303
5/18/2024,3,235.9423943,301
5/18/2024,4,258.8324067,201
5/18/2024,5,299.2536814,156
5/18/2024,6,366.5572402,137
5/18/2024,7,395.3421132,98
5/18/2024,8,392.6396347,122
5/18/2024,9,400.6374613,94
5/18/2024,10,357.6893467,131
5/18/2024,11,280.4675791,157
5/18/2024,12,251.1856884,191
5/18/2024,13,256.3219459,256
5/18/2024,14,244.6812892,299
5/18/2024,15,246.7777223,327
5/18/2024,16,258.583903,293
5/18/2024,17,214.0280476,282
5/18/2024,18,220.5733379,374
5/18/2024,19,240.0766759,307
5/18/2024,20,271.9157099,359
5/18/2024,21,248.9646455,279
5/18/2024,22,247.5061053,271
5/18/2024,23,240.9987171,357
5/19/2024,0,189.120684,389
5/19/2024,1,270.3761693,234
5/19/2024,2,238.0646329,262
5/19/2024,3,237.0630437,305
5/19/2024,4,226.2302749,288
5/19/2024,5,232.3401495,163
5/19/2024,6,402.9057033,121
5/19/2024,7,347.6296132,128
5/19/2024,8,334.0516951,139
5/19/2024,9,465.475863,83
5/19/2024,10,398.370977,111
5/19/2024,11,281.2605543,138
5/19/2024,12,291.3731817,178
5/19/2024,13,330.0220301,190
5/19/2024,14,264.558679,315
5/19/2024,15,244.4019448,273
5/19/2024,16,257.7075665,269
5/19/2024,17,217.191363,301
5/19/2024,18,261.1296772,301
5/19/2024,19,220.3183526,279
5/19/2024,20,235.0554339,256
5/19/2024,21,261.9536507,283
5/19/2024,22,245.0832439,237
5/19/2024,23,243.8068341,262
5/20/2024,0,174.59307,385
5/20/2024,1,197.8770251,332
5/20/2024,2,212.713148,285
5/20/2024,3,265.4854634,216
5/20/2024,4,275.6667559,190
5/20/2024,5,315.3137504,108
5/20/2024,6,335.3649608,174
5/20/2024,7,360.2271561,118
5/20/2024,8,374.8683193,146
5/20/2024,9,430.8156671,91
5/20/2024,10,305.373601,159
5/20/2024,11,304.8450934,156
5/20/2024,12,230.2872023,306
5/20/2024,13,210.0269905,386
5/20/2024,14,242.5477795,400
5/20/2024,15,210.3101374,429
5/20/2024,16,244.4339565,359
5/20/2024,17,211.0603664,280
5/20/2024,18,220.6239759,376
5/20/2024,19,235.902248,299
5/20/2024,20,209.3539731,356
5/20/2024,21,252.664767,295
5/20/2024,22,239.0558086,274
5/20/2024,23,255.360588,303
5/21/2024,0,261.8035907,301
5/21/2024,1,217.3133688,337
5/21/2024,2,235.6621637,322
5/21/2024,3,223.2167641,329
5/21/2024,4,265.1485554,223
5/21/2024,5,362.4363859,105
5/21/2024,6,352.3381942,145
5/21/2024,7,381.6688508,98
5/21/2024,8,367.8527871,147
5/21/2024,9,376.7477614,93
5/21/2024,10,368.4383585,145
5/21/2024,11,298.8349557,170
5/21/2024,12,223.5706942,320
5/21/2024,13,239.4363406,357
5/21/2024,14,191.3548388,493
5/21/2024,15,203.1541305,376
5/21/2024,16,243.4110539,296
5/21/2024,17,229.7812468,333
5/21/2024,18,246.6086445,368
5/21/2024,19,237.9032991,328
5/21/2024,20,231.939835,359
5/21/2024,21,231.9514887,317
5/21/2024,22,222.1784483,361
5/21/2024,23,254.6019366,305
5/22/2024,0,249.0450987,353
5/22/2024,1,212.8021821,372
5/22/2024,2,226.9442879,349
5/22/2024,3,266.548126,269
5/22/2024,4,243.4344628,231
5/22/2024,5,347.8928199,94
5/22/2024,6,358.5096163,154
5/22/2024,7,374.9671924,115
5/22/2024,8,324.0196143,168
5/22/2024,9,401.2652806,105
5/22/2024,10,333.8648595,179
5/22/2024,11,272.2545608,203
5/22/2024,12,214.5597398,262
5/22/2024,13,218.6529542,423
5/22/2024,14,241.0205856,410
5/22/2024,15,204.407877,362
5/22/2024,16,260.4289151,294
5/22/2024,17,253.1043316,261
5/22/2024,18,242.6189195,348
5/22/2024,19,226.0737338,356
5/22/2024,20,210.8143265,352
5/22/2024,21,236.6764538,256
5/22/2024,22,221.579952,331
5/22/2024,23,189.5913334,313
5/23/2024,0,215.5621919,376
5/23/2024,1,226.4532993,368
5/23/2024,2,246.6937481,292
5/23/2024,3,294.4294221,243
5/23/2024,4,217.8139023,230
5/23/2024,5,320.6153667,118
5/23/2024,6,391.3764818,144
5/23/2024,7,351.4482172,114
5/23/2024,8,264.6921349,184
5/23/2024,9,440.556376,96
5/23/2024,10,332.4644826,171
5/23/2024,11,334.2307485,187
5/23/2024,12,225.2381132,273
5/23/2024,13,228.5325838,319
5/23/2024,14,248.2065846,396
5/23/2024,15,230.5295228,351
5/23/2024,16,256.7726514,321
5/23/2024,17,211.6847252,275
5/23/2024,18,198.3806419,458
5/23/2024,19,219.0589494,347
5/23/2024,20,228.9658881,380
5/23/2024,21,223.0022576,257
5/23/2024,22,238.3740422,316
5/23/2024,23,217.7515607,304
5/24/2024,0,230.1839023,329
5/24/2024,1,212.6895065,328
5/24/2024,2,212.188751,357
5/24/2024,3,249.0826534,264
5/24/2024,4,276.416556,205
5/24/2024,5,342.8376027,116
5/24/2024,6,344.1442239,158
5/24/2024,7,417.2976288,91
5/24/2024,8,345.7237797,156
5/24/2024,9,351.6431937,111
5/24/2024,10,289.2677326,133
5/24/2024,11,241.9069495,215
5/24/2024,12,257.8899123,256
5/24/2024,13,215.3666013,361
5/24/2024,14,221.8183897,321
5/24/2024,15,223.6675392,301
5/24/2024,16,196.8592487,304
5/24/2024,17,213.5243474,344
5/24/2024,18,228.9466448,333
5/24/2024,19,264.4952033,396
5/24/2024,20,225.1018559,316
5/24/2024,21,195.9754324,359
5/24/2024,22,210.6871536,331
5/24/2024,23,181.2695393,354
5/25/2024,0,223.8725541,291
5/25/2024,1,215.9314693,303
5/25/2024,2,246.6213218,297
5/25/2024,3,245.5210049,303
5/25/2024,4,273.9524316,205
5/25/2024,5,240.9722218,193
5/25/2024,6,347.7566471,148
5/25/2024,7,372.7443026,113
5/25/2024,8,378.742457,127
5/25/2024,9,380.0519119,105
5/25/2024,10,394.2030687,107
5/25/2024,11,318.4924869,118
5/25/2024,12,265.2490708,182
5/25/2024,13,267.0539895,217
5/25/2024,14,269.3549951,268
5/25/2024,15,261.9646634,238
5/25/2024,16,229.7265727,275
5/25/2024,17,249.1732838,273
5/25/2024,18,233.5777861,326
5/25/2024,19,257.5519165,356
5/25/2024,20,248.332405,265
5/25/2024,21,281.2427499,250
5/25/2024,22,255.248962,225
5/25/2024,23,234.4085063,225
5/26/2024,0,247.8790655,321
5/26/2024,1,247.4796951,292
5/26/2024,2,196.6580743,304
5/26/2024,3,257.0572679,247
5/26/2024,4,259.1334222,192
5/26/2024,5,369.2722325,102
5/26/2024,6,337.6572376,150
5/26/2024,7,464.9479054,81
5/26/2024,8,318.7636055,152
5/26/2024,9,428.508575,85
5/26/2024,10,395.2370285,113
5/26/2024,11,363.6994709,120
5/26/2024,12,263.6157413,158
5/26/2024,13,270.0798484,196
5/26/2024,14,282.1114573,200
5/26/2024,15,263.7606816,264
5/26/2024,16,245.3436789,251
5/26/2024,17,248.2626785,181
5/26/2024,18,266.5620588,192
5/26/2024,19,256.7653018,213
5/26/2024,20,286.5686888,244
5/26/2024,21,256.5886205,240
5/26/2024,22,270.0274696,213
5/26/2024,23,235.3333954,232
5/27/2024,0,210.2141055,292
5/27/2024,1,251.9075235,287
5/27/2024,2,268.1149388,265
5/27/2024,3,296.4134303,221
5/27/2024,4,243.3601367,218
5/27/2024,5,345.8554572,136
5/27/2024,6,382.2718161,143
5/27/2024,7,474.0000101,90
5/27/2024,8,329.199333,149
5/27/2024,9,386.6036299,105
5/27/2024,10,328.2585978,163
5/27/2024,11,285.5607285,143
5/27/2024,12,293.1320569,161
5/27/2024,13,284.602436,210
5/27/2024,14,253.3693029,291
5/27/2024,15,257.1535632,258
5/27/2024,16,237.4243131,328
5/27/2024,17,206.6176814,357
5/27/2024,18,208.8426817,395
5/27/2024,19,224.2826502,314
5/27/2024,20,247.444329,267
5/27/2024,21,269.390114,326
5/27/2024,22,245.5507532,331
5/27/2024,23,184.008831,427
5/28/2024,0,174.2865767,446
5/28/2024,1,207.3499424,343
5/28/2024,2,219.5118331,298
5/28/2024,3,291.3740396,191
5/28/2024,4,243.6920041,216
5/28/2024,5,321.0285557,104
5/28/2024,6,385.3620152,142
5/28/2024,7,381.0470319,106
5/28/2024,8,299.7498199,164
5/28/2024,9,342.1317769,111
5/28/2024,10,342.763321,144
5/28/2024,11,278.6084284,178
5/28/2024,12,273.0861379,319
5/28/2024,13,212.5685604,359
5/28/2024,14,225.6573137,391
5/28/2024,15,200.4143518,390
5/28/2024,16,203.7134692,361
5/28/2024,17,180.8322612,355
5/28/2024,18,217.5254985,357
5/28/2024,19,201.0407446,346
5/28/2024,20,212.1328212,331
5/28/2024,21,218.5894329,381
5/28/2024,22,217.7567915,349
5/28/2024,23,243.9452499,361
5/29/2024,0,213.0291896,312
5/29/2024,1,205.1055234,364
5/29/2024,2,197.450189,371
5/29/2024,3,257.8048157,218
5/29/2024,4,184.3677736,295
5/29/2024,5,131.505063,256
5/29/2024,6,302.4957276,146
5/29/2024,7,356.9428165,109
5/29/2024,8,351.6255485,147
5/29/2024,9,326.8303156,118
5/29/2024,10,355.1474152,128
5/29/2024,11,263.4272516,163
5/29/2024,12,247.3435413,259
5/29/2024,13,226.705014,322
5/29/2024,14,224.2194244,369
5/29/2024,15,189.5964953,313
5/29/2024,16,202.4421484,241
5/29/2024,17,158.2158441,270
5/29/2024,18,213.7121897,269
5/29/2024,19,185.6151204,274
5/29/2024,20,198.98392,303
5/29/2024,21,172.8205695,348
5/29/2024,22,209.919128,356
5/29/2024,23,191.5386763,343
5/30/2024,0,171.2498382,384
5/30/2024,1,148.7402295,405
5/30/2024,2,192.3602929,301
5/30/2024,3,177.6210073,213
5/30/2024,4,226.1232174,152
5/30/2024,5,169.6451541,75
5/30/2024,6,285.4991451,94
5/30/2024,7,221.5620462,76
5/30/2024,8,195.5487723,71
5/30/2024,9,260.2136483,75
5/30/2024,10,216.2481658,121
5/30/2024,11,190.5095471,157
5/30/2024,12,174.7692804,372
5/30/2024,13,194.0025329,308
5/30/2024,14,193.5760199,356
5/30/2024,15,150.1766032,360
5/30/2024,16,215.9233832,233
5/30/2024,17,147.9186327,281
5/30/2024,18,140.4706896,427
5/30/2024,19,187.6327207,290
5/30/2024,20,171.4140095,381
5/30/2024,21,181.0960646,346
5/30/2024,22,175.9471366,491
5/30/2024,23,163.1560985,289
5/31/2024,0,169.8565745,286
5/31/2024,1,156.0513445,381
5/31/2024,2,199.444369,311
5/31/2024,3,201.5424429,264
5/31/2024,4,217.542464,145
5/31/2024,5,197.9750239,140
5/31/2024,6,277.1483965,102
5/31/2024,7,285.3156739,88
5/31/2024,8,298.1463715,84
5/31/2024,9,239.9398118,89
5/31/2024,10,259.8394981,146
5/31/2024,11,240.3940752,133
5/31/2024,12,173.8190623,261
5/31/2024,13,188.3061859,314
5/31/2024,14,179.0503934,353
5/31/2024,15,163.0964234,395
5/31/2024,16,180.7832217,363
5/31/2024,17,132.0784538,301
5/31/2024,18,175.8062626,303
5/31/2024,19,160.8716134,362
5/31/2024,20,165.5756223,376
5/31/2024,21,139.0038738,324
5/31/2024,22,163.8123169,339
5/31/2024,23,207.6782861,317
6/1/2024,0,147.7589321,379
6/1/2024,1,174.0679066,333
6/1/2024,2,163.8203741,357
6/1/2024,3,200.5696063,308
6/1/2024,4,279.7758316,152
6/1/2024,5,238.9618658,103
6/1/2024,6,278.4874798,119
6/1/2024,7,233.0754937,102
6/1/2024,8,315.848964,68
6/1/2024,9,243.3343419,101
6/1/2024,10,219.044869,158
6/1/2024,11,143.1836581,177
6/1/2024,12,197.4687438,240
6/1/2024,13,218.398155,242
6/1/2024,14,193.7238273,285
6/1/2024,15,155.8863107,280
6/1/2024,16,188.6726834,245
6/1/2024,17,194.7421174,216
6/1/2024,18,217.8686662,258
6/1/2024,19,194.4633573,280
6/1/2024,20,195.8093943,307
6/1/2024,21,147.585804,301
6/1/2024,22,181.4781499,249
6/1/2024,23,182.0570775,275
6/2/2024,0,189.3478904,259
6/2/2024,1,164.6915645,291
6/2/2024,2,193.9897732,277
6/2/2024,3,194.5318909,240
6/2/2024,4,199.9677897,148
6/2/2024,5,179.5232147,86
6/2/2024,6,247.1418092,122
6/2/2024,7,336.5409399,78
6/2/2024,8,230.7701976,90
6/2/2024,9,260.6370136,70
6/2/2024,10,261.62995,121
6/2/2024,11,194.0498919,120
6/2/2024,12,200.1553361,225
6/2/2024,13,237.3409269,204
6/2/2024,14,173.2359304,359
6/2/2024,15,194.1279432,335
6/2/2024,16,213.1522529,219
6/2/2024,17,172.6434935,261
6/2/2024,18,218.0612468,258
6/2/2024,19,236.2828026,216
6/2/2024,20,175.6983182,267
6/2/2024,21,217.1060781,210
6/2/2024,22,198.0050374,256
6/2/2024,23,166.927242,284
6/3/2024,0,181.1808152,327
6/3/2024,1,148.8044168,272
6/3/2024,2,197.4032895,296
6/3/2024,3,229.8034211,187
6/3/2024,4,215.2314984,179
6/3/2024,5,123.1567825,142
6/3/2024,6,265.1827455,137
6/3/2024,7,264.119107,98
6/3/2024,8,328.2149524,72
6/3/2024,9,249.5153169,96
6/3/2024,10,246.4123263,139
6/3/2024,11,181.0340535,146
6/3/2024,12,186.4204192,263
6/3/2024,13,193.5493456,342
6/3/2024,14,178.74943,413
6/3/2024,15,158.5809559,367
6/3/2024,16,178.4883611,304
6/3/2024,17,173.9372497,342
6/3/2024,18,181.0810881,360
6/3/2024,19,199.5993129,341
6/3/2024,20,197.6265046,341
6/3/2024,21,178.4206901,353
6/3/2024,22,174.3324214,326
6/3/2024,23,188.1947222,256
6/4/2024,0,133.546029,373
6/4/2024,1,158.02289,388
6/4/2024,2,164.6141789,279
6/4/2024,3,223.2715786,238
6/4/2024,4,160.1975114,167
6/4/2024,5,130.7298103,111
6/4/2024,6,251.5105734,115
6/4/2024,7,237.0082528,110
6/4/2024,8,275.7670486,83
6/4/2024,9,246.8571424,113
6/4/2024,10,245.5683135,137
6/4/2024,11,176.8820184,243
6/4/2024,12,135.6945258,442
6/4/2024,13,190.8296308,332
6/4/2024,14,225.9427834,354
6/4/2024,15,194.928658,362
6/4/2024,16,168.8573797,318
6/4/2024,17,146.3218621,304
6/4/2024,18,178.7639383,459
6/4/2024,19,193.5289696,328
6/4/2024,20,190.1696768,313
6/4/2024,21,165.2181161,408
6/4/2024,22,182.9180308,411
6/4/2024,23,221.7291427,219
6/5/2024,0,152.153771,347
6/5/2024,1,167.7095081,320
6/5/2024,2,165.7002649,290
6/5/2024,3,196.7019323,171
6/5/2024,4,199.2191014,162
6/5/2024,5,167.3832356,78
6/5/2024,6,300.3489893,119
6/5/2024,7,269.5189077,69
6/5/2024,8,239.8547747,85
6/5/2024,9,243.6505708,82
6/5/2024,10,298.5304727,101
6/5/2024,11,148.969841,142
6/5/2024,12,192.0547934,263
6/5/2024,13,148.2468125,401
6/5/2024,14,181.6149112,359
6/5/2024,15,166.5795944,348
6/5/2024,16,199.6854508,310
6/5/2024,17,150.5562392,343
6/5/2024,18,167.8192439,323
6/5/2024,19,203.5494426,324
6/5/2024,20,211.7621695,380
6/5/2024,21,136.2406092,389
6/5/2024,22,185.4300747,316
6/5/2024,23,218.8251715,230
6/6/2024,0,162.7562614,310
6/6/2024,1,171.8572213,352
6/6/2024,2,175.9223987,391
6/6/2024,3,201.0699959,290
6/6/2024,4,178.9994227,230
6/6/2024,5,164.145638,110
6/6/2024,6,297.6606977,108
6/6/2024,7,256.4934475,112
6/6/2024,8,296.6879021,85
6/6/2024,9,268.3726126,71
6/6/2024,10,211.3102327,104
6/6/2024,11,150.9878929,159
6/6/2024,12,203.9182834,299
6/6/2024,13,182.4543407,350
6/6/2024,14,184.5643367,288
6/6/2024,15,165.6861851,308
6/6/2024,16,169.4982908,309
6/6/2024,17,147.5667071,316
6/6/2024,18,140.1980009,486
6/6/2024,19,164.8004906,371
6/6/2024,20,206.1162462,292
6/6/2024,21,178.6129459,299
6/6/2024,22,236.1345765,219
6/6/2024,23,191.0871531,266
6/7/2024,0,160.0409155,354
6/7/2024,1,146.1012314,375
6/7/2024,2,221.2752063,245
6/7/2024,3,219.0011419,184
6/7/2024,4,218.989779,258
6/7/2024,5,199.8042009,76
6/7/2024,6,290.3498391,103
6/7/2024,7,219.4740206,100
6/7/2024,8,255.8247053,78
6/7/2024,9,228.0796052,83
6/7/2024,10,232.3398144,110
6/7/2024,11,184.2655513,162
6/7/2024,12,175.5019657,297
6/7/2024,13,212.7283611,296
6/7/2024,14,208.8841571,324
6/7/2024,15,177.8112199,281
6/7/2024,16,208.9265525,270
6/7/2024,17,206.9986225,227
6/7/2024,18,210.6470577,328
6/7/2024,19,191.4794028,280
6/7/2024,20,163.0096666,389
6/7/2024,21,201.5057463,292
6/7/2024,22,145.1714711,283
6/7/2024,23,174.2041081,208
6/8/2024,0,176.7344587,245
6/8/2024,1,188.3602224,275
6/8/2024,2,168.0951175,320
6/8/2024,3,149.7992801,288
6/8/2024,4,142.8452932,280
6/8/2024,5,212.7391904,92
6/8/2024,6,273.9925201,110
6/8/2024,7,258.1746168,62
6/8/2024,8,244.1069169,112
6/8/2024,9,245.2363743,68
6/8/2024,10,339.983763,78
6/8/2024,11,212.4543106,117
6/8/2024,12,176.4753565,163
6/8/2024,13,203.0131107,185
6/8/2024,14,235.7694848,225
6/8/2024,15,187.5414129,243
6/8/2024,16,195.7571335,293
6/8/2024,17,208.6012324,173
6/8/2024,18,181.2365742,293
6/8/2024,19,272.4976943,319
6/8/2024,20,193.2886153,302
6/8/2024,21,161.3292248,222
6/8/2024,22,212.4562448,243
6/8/2024,23,184.496571,187
6/9/2024,0,193.8076733,208
6/9/2024,1,162.4417892,233
6/9/2024,2,232.0110942,241
6/9/2024,3,228.3024093,230
6/9/2024,4,178.2386168,187
6/9/2024,5,153.5313708,119
6/9/2024,6,261.4752631,119
6/9/2024,7,242.6881575,58
6/9/2024,8,215.92294,92
6/9/2024,9,220.0941571,69
6/9/2024,10,231.207989,93
6/9/2024,11,245.2495571,100
6/9/2024,12,196.8852208,174
6/9/2024,13,193.6250775,175
6/9/2024,14,237.2035353,167
6/9/2024,15,178.7406261,278
6/9/2024,16,179.8958964,185
6/9/2024,17,170.0344156,254
6/9/2024,18,188.9529726,237
6/9/2024,19,177.5377697,221
6/9/2024,20,172.3832187,247
6/9/2024,21,194.1504145,241
6/9/2024,22,182.3515191,281
6/9/2024,23,189.4405189,252
6/10/2024,0,180.0391679,227
6/10/2024,1,178.5371551,357
6/10/2024,2,142.2018034,274
6/10/2024,3,260.92122,201
6/10/2024,4,230.728168,174
6/10/2024,5,193.7702999,91
6/10/2024,6,267.6684145,93
6/10/2024,7,298.5044518,60
6/10/2024,8,197.7779554,61
6/10/2024,9,205.4804333,97
6/10/2024,10,283.6000646,92
6/10/2024,11,234.4011738,146
6/10/2024,12,199.8485923,277
6/10/2024,13,132.9671287,326
6/10/2024,14,200.1609591,362
6/10/2024,15,190.7075184,272
6/10/2024,16,176.7500718,315
6/10/2024,17,173.2028046,307
6/10/2024,18,181.4532595,272
6/10/2024,19,190.1519318,379
6/10/2024,20,179.4423885,344
6/10/2024,21,156.5384638,331
6/10/2024,22,160.5123381,317
6/10/2024,23,117.2210749,311
6/11/2024,0,172.8403764,332
6/11/2024,1,179.3104652,296
6/11/2024,2,176.8570848,269
6/11/2024,3,203.2316416,203
6/11/2024,4,181.9436716,156
6/11/2024,5,263.6933526,98
6/11/2024,6,398.4858646,151
6/11/2024,7,258.119664,88
6/11/2024,8,293.7219969,83
6/11/2024,9,228.4489067,89
6/11/2024,10,242.6090424,109
6/11/2024,11,195.0986446,149
6/11/2024,12,204.9205639,265
6/11/2024,13,265.2296914,318
6/11/2024,14,174.1991489,343
6/11/2024,15,171.8916573,331
6/11/2024,16,169.9562222,336
6/11/2024,17,164.3572195,345
6/11/2024,18,185.6485243,377
6/11/2024,19,188.3461822,310
6/11/2024,20,173.9587185,312
6/11/2024,21,152.8693044,383
6/11/2024,22,174.0842275,378
6/11/2024,23,146.2472925,427
6/12/2024,0,256.1410759,415
6/12/2024,1,205.4057898,472
6/12/2024,2,162.7336764,382
6/12/2024,3,211.7392505,226
6/12/2024,4,190.8408544,202
6/12/2024,5,157.2611126,119
6/12/2024,6,293.9486377,111
6/12/2024,7,270.1755964,82
6/12/2024,8,284.2526517,73
6/12/2024,9,299.8206858,93
6/12/2024,10,268.4904852,153
6/12/2024,11,205.2681253,141
6/12/2024,12,180.2320709,278
6/12/2024,13,179.9607207,376
6/12/2024,14,171.9332559,399
6/12/2024,15,129.4168983,305
6/12/2024,16,190.9902243,355
6/12/2024,17,151.6866131,280
6/12/2024,18,178.7338094,291
6/12/2024,19,171.4434106,370
6/12/2024,20,180.6216836,309
6/12/2024,21,211.8530242,303
6/12/2024,22,186.386587,333
6/12/2024,23,208.0291833,232
6/13/2024,0,176.0831128,275
6/13/2024,1,191.7645101,295
6/13/2024,2,185.2198321,289
6/13/2024,3,207.6246978,256
6/13/2024,4,184.2340833,177
6/13/2024,5,197.2483112,64
6/13/2024,6,247.4177835,123
6/13/2024,7,237.9050981,84
6/13/2024,8,213.5891918,112
6/13/2024,9,228.2834403,62
6/13/2024,10,267.9097809,94
6/13/2024,11,212.8935156,163
6/13/2024,12,159.6521009,320
6/13/2024,13,145.1928018,321
6/13/2024,14,150.2126333,355
6/13/2024,15,160.9670751,326
6/13/2024,16,216.0910051,293
6/13/2024,17,184.4101053,255
6/13/2024,18,184.6479558,628
6/13/2024,19,170.3578191,372
6/13/2024,20,176.0971077,278
6/13/2024,21,189.8050101,309
6/13/2024,22,194.8812727,409
6/13/2024,23,154.9584942,346
6/14/2024,0,165.7405978,297
6/14/2024,1,164.5148,406
6/14/2024,2,149.9177702,438
6/14/2024,3,231.8020801,253
6/14/2024,4,230.2915275,188
6/14/2024,5,182.4279388,147
6/14/2024,6,299.2836595,101
6/14/2024,7,255.4733029,110
6/14/2024,8,298.9788129,66
6/14/2024,9,257.5584223,86
6/14/2024,10,246.8242016,126
6/14/2024,11,206.5888544,194
6/14/2024,12,217.3201807,294
6/14/2024,13,218.1577626,313
6/14/2024,14,283.7508264,337
6/14/2024,15,216.9319747,474
6/14/2024,16,261.257389,387
6/14/2024,17,166.7050539,352
6/14/2024,18,199.6224843,344
6/14/2024,19,130.2007812,514
6/14/2024,20,190.493513,327
6/14/2024,21,170.3927834,339
6/14/2024,22,179.1613275,267
6/14/2024,23,184.5862226,292
6/15/2024,0,177.5565846,296
6/15/2024,1,208.1368116,354
6/15/2024,2,207.0877366,226
6/15/2024,3,183.6730997,257
6/15/2024,4,206.6893667,214
6/15/2024,5,197.8540363,134
6/15/2024,6,274.1197585,113
6/15/2024,7,240.3484081,101
6/15/2024,8,251.984898,79
6/15/2024,9,262.8302437,80
6/15/2024,10,258.0694248,98
6/15/2024,11,208.4344747,104
6/15/2024,12,214.3803309,193
6/15/2024,13,244.9997595,190
6/15/2024,14,204.3519762,239
6/15/2024,15,171.06522,312
6/15/2024,16,201.8470762,214
6/15/2024,17,160.6375729,213
6/15/2024,18,271.5033667,230
6/15/2024,19,172.4154883,319
6/15/2024,20,186.7470328,270
6/15/2024,21,164.7269997,303
6/15/2024,22,199.4765573,295
6/15/2024,23,183.045886,293
6/16/2024,0,146.1376085,264
6/16/2024,1,186.8181617,234
6/16/2024,2,188.8435112,248
6/16/2024,3,201.7978175,257
6/16/2024,4,213.1883056,180
6/16/2024,5,168.7847024,146
6/16/2024,6,286.2682125,165
6/16/2024,7,281.3124195,107
6/16/2024,8,314.0594805,77
6/16/2024,9,257.0526775,78
6/16/2024,10,246.6237986,114
6/16/2024,11,200.559455,129
6/16/2024,12,231.6864705,145
6/16/2024,13,217.4731122,195
6/16/2024,14,200.1317668,251
6/16/2024,15,169.4883738,303
6/16/2024,16,148.8053156,416
6/16/2024,17,204.1502926,186
6/16/2024,18,187.4296241,305
6/16/2024,19,205.6549755,263
6/16/2024,20,244.6522049,218
6/16/2024,21,186.8978376,314
6/16/2024,22,155.4082895,278
6/16/2024,23,163.1263007,270
6/17/2024,0,194.2617197,205
6/17/2024,1,170.1579279,285
6/17/2024,2,178.118581,223
6/17/2024,3,200.8432625,222
6/17/2024,4,168.5975394,177
6/17/2024,5,125.129442,114
6/17/2024,6,281.2032302,114
6/17/2024,7,276.4137251,80
6/17/2024,8,186.419678,99
6/17/2024,9,265.7530585,86
6/17/2024,10,233.6041475,151
6/17/2024,11,170.1340262,172
6/17/2024,12,167.0227923,219
6/17/2024,13,168.0750247,311
6/17/2024,14,168.3771047,340
6/17/2024,15,181.6223395,273
6/17/2024,16,163.6773004,307
6/17/2024,17,156.1494832,296
6/17/2024,18,146.1029477,355
6/17/2024,19,182.6362719,337
6/17/2024,20,181.4421744,316
6/17/2024,21,193.1984119,375
6/17/2024,22,126.4355515,468
6/17/2024,23,203.3642205,274
6/18/2024,0,157.2532061,315
6/18/2024,1,220.7026122,262
6/18/2024,2,136.0998404,264
6/18/2024,3,202.9675493,233
6/18/2024,4,172.0114176,261
6/18/2024,5,149.7046354,115
6/18/2024,6,224.8797867,158
6/18/2024,7,211.254118,111
6/18/2024,8,227.391001,83
6/18/2024,9,233.0888956,95
6/18/2024,10,257.7416625,136
6/18/2024,11,146.2137973,158
6/18/2024,12,161.3129731,304
6/18/2024,13,168.2879895,313
6/18/2024,14,231.4153535,428
6/18/2024,15,172.5058291,317
6/18/2024,16,190.6189989,326
6/18/2024,17,178.4259553,326
6/18/2024,18,216.960929,316
6/18/2024,19,177.1567358,417
6/18/2024,20,175.2303502,323
6/18/2024,21,195.3751456,311
6/18/2024,22,165.4158892,325
6/18/2024,23,168.8664339,267
6/19/2024,0,195.91062,368
6/19/2024,1,170.7849523,379
6/19/2024,2,166.9216461,291
6/19/2024,3,180.999047,211
6/19/2024,4,158.3611244,240
6/19/2024,5,136.0065158,157
6/19/2024,6,305.6026568,122
6/19/2024,7,357.4140046,65
6/19/2024,8,210.7638493,102
6/19/2024,9,204.9048659,117
6/19/2024,10,253.8819155,104
6/19/2024,11,160.3779213,140
6/19/2024,12,160.4034821,211
6/19/2024,13,160.9244667,322
6/19/2024,14,155.4990182,393
6/19/2024,15,160.6793216,353
6/19/2024,16,157.6212705,336
6/19/2024,17,145.5004186,313
6/19/2024,18,173.5158731,411
6/19/2024,19,149.4280268,509
6/19/2024,20,158.2569123,546
6/19/2024,21,160.3778115,359
6/19/2024,22,157.4075373,324
6/19/2024,23,161.0781143,340
6/20/2024,0,198.5133027,243
6/20/2024,1,185.3054836,366
6/20/2024,2,172.7461332,297
6/20/2024,3,186.9443206,298
6/20/2024,4,168.3374694,280
6/20/2024,5,83.16993684,182
6/20/2024,6,221.1562639,144
6/20/2024,7,252.6399485,86
6/20/2024,8,241.0717361,82
6/20/2024,9,193.4284699,86
6/20/2024,10,244.4645554,101
6/20/2024,11,219.5470614,163
6/20/2024,12,209.0425944,252
6/20/2024,13,159.660949,298
6/20/2024,14,179.3595714,354
6/20/2024,15,171.0538124,312
6/20/2024,16,170.1429512,300
6/20/2024,17,148.387009,344
6/20/2024,18,156.7430207,573
6/20/2024,19,185.3160162,440
6/20/2024,20,172.362579,381
6/20/2024,21,148.3456101,570
6/20/2024,22,221.6269199,510
6/20/2024,23,286.5882993,366
6/21/2024,0,173.3607629,421
6/21/2024,1,156.0654413,446
6/21/2024,2,164.7254942,323
6/21/2024,3,169.3715074,259
6/21/2024,4,201.6597879,157
6/21/2024,5,128.3559415,172
6/21/2024,6,258.9102869,122
6/21/2024,7,228.4883341,80
6/21/2024,8,241.0355439,72
6/21/2024,9,242.9557692,78
6/21/2024,10,318.6170829,109
6/21/2024,11,224.1324643,131
6/21/2024,12,201.8475625,280
6/21/2024,13,185.2070951,312
6/21/2024,14,156.9273652,368
6/21/2024,15,175.351819,353
6/21/2024,16,157.5685584,289
6/21/2024,17,145.992482,309
6/21/2024,18,210.497044,354
6/21/2024,19,147.7791772,395
6/21/2024,20,159.4284179,381
6/21/2024,21,188.4868545,349
6/21/2024,22,154.7315458,346
6/21/2024,23,160.3141059,297
6/22/2024,0,140.1494975,338
6/22/2024,1,187.2933773,289
6/22/2024,2,186.9748746,307
6/22/2024,3,209.5951367,365
6/22/2024,4,187.121052,236
6/22/2024,5,167.8305869,144
6/22/2024,6,266.4027839,134
6/22/2024,7,224.1237942,70
6/22/2024,8,237.6328681,99
6/22/2024,9,219.6372153,104
6/22/2024,10,244.4233326,117
6/22/2024,11,191.6813,107
6/22/2024,12,169.1014002,192
6/22/2024,13,241.5621033,234
6/22/2024,14,209.7807896,328
6/22/2024,15,183.9070106,243
6/22/2024,16,174.0953639,378
6/22/2024,17,197.9725662,400
6/22/2024,18,171.2331109,399
6/22/2024,19,181.4806293,306
6/22/2024,20,183.9527348,335
6/22/2024,21,203.9705064,289
6/22/2024,22,192.4437631,254
6/22/2024,23,182.1623672,206
6/23/2024,0,158.6388066,316
6/23/2024,1,187.2525271,358
6/23/2024,2,215.1841452,352
6/23/2024,3,209.7608022,263
6/23/2024,4,206.8554774,245
6/23/2024,5,148.6154834,172
6/23/2024,6,298.5692539,153
6/23/2024,7,256.9096295,62
6/23/2024,8,245.7641513,91
6/23/2024,9,302.1190819,50
6/23/2024,10,325.2128936,87
6/23/2024,11,222.1054216,91
6/23/2024,12,158.8982457,150
6/23/2024,13,214.7044254,177
6/23/2024,14,208.9405465,243
6/23/2024,15,173.9365591,243
6/23/2024,16,200.8846822,283
6/23/2024,17,162.174414,266
6/23/2024,18,192.1574614,367
6/23/2024,19,192.3373648,245
6/23/2024,20,203.394858,220
6/23/2024,21,211.4867396,300
6/23/2024,22,211.862267,275
6/23/2024,23,212.6850134,324
6/24/2024,0,200.2842311,343
6/24/2024,1,182.3128889,370
6/24/2024,2,175.8637616,378
6/24/2024,3,160.5888207,263
6/24/2024,4,231.0371287,229
6/24/2024,5,114.8944989,192
6/24/2024,6,283.0934274,116
6/24/2024,7,298.0647642,63
6/24/2024,8,229.6639104,92
6/24/2024,9,245.7508801,71
6/24/2024,10,260.5358613,117
6/24/2024,11,143.5983121,159
6/24/2024,12,177.7278429,247
6/24/2024,13,187.5135035,404
6/24/2024,14,179.4857819,355
6/24/2024,15,163.8048892,317
6/24/2024,16,187.5997557,349
6/24/2024,17,161.5789057,312
6/24/2024,18,159.1717452,376
6/24/2024,19,138.561316,481
6/24/2024,20,192.9411963,355
6/24/2024,21,182.1773366,353
6/24/2024,22,212.0408411,414
6/24/2024,23,158.3075823,346
6/25/2024,0,174.2488125,384
6/25/2024,1,146.320462,468
6/25/2024,2,160.949819,405
6/25/2024,3,217.7977174,238
6/25/2024,4,194.9143266,202
6/25/2024,5,148.8458562,157
6/25/2024,6,286.0632171,104
6/25/2024,7,237.4062424,79
6/25/2024,8,197.3565341,81
6/25/2024,9,286.7978927,87
6/25/2024,10,244.01315,147
6/25/2024,11,180.3849594,160
6/25/2024,12,168.9989084,235
6/25/2024,13,168.819007,299
6/25/2024,14,197.6209962,383
6/25/2024,15,178.5483738,319
6/25/2024,16,166.0115347,331
6/25/2024,17,149.2917458,342
6/25/2024,18,174.1574015,311
6/25/2024,19,200.2710549,386
6/25/2024,20,162.5863501,338
6/25/2024,21,181.4442653,455
6/25/2024,22,134.617372,389
6/25/2024,23,181.2792778,257
6/26/2024,0,199.3205061,345
6/26/2024,1,178.2218066,411
6/26/2024,2,166.6611548,290
6/26/2024,3,172.6494256,244
6/26/2024,4,207.5068735,240
6/26/2024,5,103.9671045,122
6/26/2024,6,225.1277493,137
6/26/2024,7,242.7457575,107
6/26/2024,8,195.7171589,124
6/26/2024,9,276.5364701,93
6/26/2024,10,232.9509415,106
6/26/2024,11,181.8492905,189
6/26/2024,12,158.1974141,264
6/26/2024,13,211.0952743,283
6/26/2024,14,170.6717823,389
6/26/2024,15,135.856448,349
6/26/2024,16,149.3451574,496
6/26/2024,17,198.2527264,556
6/26/2024,18,156.6323265,377
6/26/2024,19,137.2387716,404
6/26/2024,20,162.4016242,350
6/26/2024,21,168.5446966,436
6/26/2024,22,202.5408786,391
6/26/2024,23,169.2586653,390
6/27/2024,0,164.3228861,333
6/27/2024,1,140.9818986,356
6/27/2024,2,143.3531857,323
6/27/2024,3,198.6696573,255
6/27/2024,4,155.8294384,191
6/27/2024,5,141.990969,132
6/27/2024,6,248.9597578,113
6/27/2024,7,278.4660517,64
6/27/2024,8,256.8480207,76
6/27/2024,9,264.2260956,67
6/27/2024,10,179.7202718,149
6/27/2024,11,162.3802533,220
6/27/2024,12,168.1032904,306
6/27/2024,13,177.3115543,369
6/27/2024,14,151.6525085,480
6/27/2024,15,147.6415086,319
6/27/2024,16,202.7585631,357
6/27/2024,17,183.1241596,296
6/27/2024,18,162.1998441,553
6/27/2024,19,210.3940552,326
6/27/2024,20,156.4662592,300
6/27/2024,21,174.7181002,436
6/27/2024,22,156.2383452,429
6/27/2024,23,175.6330486,226
6/28/2024,0,173.5565719,345
6/28/2024,1,173.1152497,428
6/28/2024,2,155.7283788,447
6/28/2024,3,189.6164722,269
6/28/2024,4,176.6624102,220
6/28/2024,5,126.3694981,124
6/28/2024,6,206.4741974,136
6/28/2024,7,193.4055634,117
6/28/2024,8,185.7459141,90
6/28/2024,9,190.7203453,77
6/28/2024,10,239.2758414,125
6/28/2024,11,155.2236163,151
6/28/2024,12,169.3239707,296
6/28/2024,13,161.5766235,328
6/28/2024,14,201.9595878,302
6/28/2024,15,150.099885,297
6/28/2024,16,181.0791242,266
6/28/2024,17,140.1918935,300
6/28/2024,18,181.2836976,398
6/28/2024,19,250.7781372,357
6/28/2024,20,201.9538237,298
6/28/2024,21,151.0749255,382
6/28/2024,22,219.3546479,308
6/28/2024,23,193.4442946,182
6/29/2024,0,160.595108,287
6/29/2024,1,161.3455072,422
6/29/2024,2,156.4601088,278
6/29/2024,3,179.9808104,299
6/29/2024,4,193.9787209,241
6/29/2024,5,125.6957829,145
6/29/2024,6,260.2547645,151
6/29/2024,7,318.0356799,77
6/29/2024,8,313.1849638,67
6/29/2024,9,201.7972808,79
6/29/2024,10,269.0512248,58
6/29/2024,11,205.4452568,109
6/29/2024,12,188.8196372,141
6/29/2024,13,181.6182382,244
6/29/2024,14,231.73143,276
6/29/2024,15,163.2967727,257
6/29/2024,16,203.7165651,287
6/29/2024,17,193.6155649,214
6/29/2024,18,191.8505896,302
6/29/2024,19,220.8892827,287
6/29/2024,20,207.5223188,224
6/29/2024,21,229.5084366,321
6/29/2024,22,167.3011592,281
6/29/2024,23,154.0595995,246
6/30/2024,0,168.6151885,209
6/30/2024,1,200.0291819,216
6/30/2024,2,226.8550526,388
6/30/2024,3,170.8815447,258
6/30/2024,4,210.4219827,209
6/30/2024,5,104.5169975,203
6/30/2024,6,341.0347788,135
6/30/2024,7,275.8805246,90
6/30/2024,8,277.855987,71
6/30/2024,9,299.9587767,67
6/30/2024,10,210.7870212,106
6/30/2024,11,187.1273158,107
6/30/2024,12,218.776554,180
6/30/2024,13,196.6576221,207
6/30/2024,14,165.2901703,273
6/30/2024,15,156.1576494,281
6/30/2024,16,183.7778993,348
6/30/2024,17,164.9646536,300
6/30/2024,18,176.0310085,344
6/30/2024,19,182.206238,246
6/30/2024,20,198.0737545,291
6/30/2024,21,186.3921151,282
6/30/2024,22,174.2320293,279
6/30/2024,23,169.1767448,258
7/1/2024,0,152.8415668,248
7/1/2024,1,164.0270298,289
7/1/2024,2,191.5377515,292
7/1/2024,3,161.1346182,253
7/1/2024,4,134.1297893,221
7/1/2024,5,213.158882,149
7/1/2024,6,295.4629458,117
7/1/2024,7,267.5543121,74
7/1/2024,8,292.0076086,84
7/1/2024,9,191.002658,86
7/1/2024,10,226.4820558,95
7/1/2024,11,199.7496457,121
7/1/2024,12,176.6784518,243
7/1/2024,13,157.0184018,338
7/1/2024,14,243.3241837,288
7/1/2024,15,156.2524577,381
7/1/2024,16,224.1770493,272
7/1/2024,17,160.1862484,275
7/1/2024,18,193.7157468,275
7/1/2024,19,148.85971,321
7/1/2024,20,160.06039,451
7/1/2024,21,155.1065373,321
7/1/2024,22,137.6472669,348
7/1/2024,23,140.9295716,263
7/2/2024,0,168.355834,296
7/2/2024,1,172.2026426,351
7/2/2024,2,175.7329145,244
7/2/2024,3,172.8977517,169
7/2/2024,4,176.0198809,126
7/2/2024,5,108.7613642,93
7/2/2024,6,303.4750013,69
7/2/2024,7,257.0494887,68
7/2/2024,8,244.6788285,74
7/2/2024,9,219.4896194,74
7/2/2024,10,193.4121317,112
7/2/2024,11,163.7463008,134
7/2/2024,12,167.2415955,235
7/2/2024,13,149.8439293,239
7/2/2024,14,171.8451919,369
7/2/2024,15,155.1514336,229
7/2/2024,16,167.2285279,246
7/2/2024,17,151.8861666,251
7/2/2024,18,170.0591604,330
7/2/2024,19,232.537687,391
7/2/2024,20,173.02879,289
7/2/2024,21,190.9382694,312
7/2/2024,22,197.3153395,248
7/2/2024,23,163.6041351,215
7/3/2024,0,160.9338327,295
7/3/2024,1,165.7091721,213
7/3/2024,2,174.3801233,198
7/3/2024,3,200.1032925,230
7/3/2024,4,184.9956092,133
7/3/2024,5,164.9518402,44
7/3/2024,6,333.3820117,94
7/3/2024,7,181.1583011,60
7/3/2024,8,190.5888462,73
7/3/2024,9,175.571764,60
7/3/2024,10,213.6377533,83
7/3/2024,11,209.5969227,91
7/3/2024,12,224.6036172,213
7/3/2024,13,151.0730244,276
7/3/2024,14,204.2949022,324
7/3/2024,15,193.6032131,279
7/3/2024,16,199.2543309,241
7/3/2024,17,161.3009617,202
7/3/2024,18,156.0601265,339
7/3/2024,19,151.9193433,292
7/3/2024,20,234.3946999,355
7/3/2024,21,171.6035078,316
7/3/2024,22,139.2181815,262
7/3/2024,23,174.4116894,215
7/4/2024,0,184.9535658,209
7/4/2024,1,177.4105118,237
7/4/2024,2,197.7946638,259
7/4/2024,3,204.1097044,179
7/4/2024,4,190.1280358,151
7/4/2024,5,219.6240114,150
7/4/2024,6,313.7304777,99
7/4/2024,7,310.4835457,113
7/4/2024,8,286.4636628,61
7/4/2024,9,307.3914157,42
7/4/2024,10,230.7275299,101
7/4/2024,11,141.1641,109
7/4/2024,12,176.5883034,177
7/4/2024,13,200.7761655,174
7/4/2024,14,189.0607612,220
7/4/2024,15,155.2290783,312
7/4/2024,16,169.7932058,244
7/4/2024,17,180.7840843,189
7/4/2024,18,141.9759986,420
7/4/2024,19,213.7906678,186
7/4/2024,20,198.959494,203
7/4/2024,21,176.7113166,225
7/4/2024,22,201.4258294,179
7/4/2024,23,166.1481987,229
7/5/2024,0,187.5203696,155
7/5/2024,1,176.1163001,160
7/5/2024,2,199.5813303,167
7/5/2024,3,215.3801792,182
7/5/2024,4,213.5520787,127
7/5/2024,5,125.0182724,143
7/5/2024,6,367.7380242,77
7/5/2024,7,267.28365,55
7/5/2024,8,274.742401,52
7/5/2024,9,239.0357966,39
7/5/2024,10,300.0506709,74
7/5/2024,11,159.6006137,59
7/5/2024,12,192.008673,192
7/5/2024,13,246.6908198,246
7/5/2024,14,204.4448019,242
7/5/2024,15,176.7183536,291
7/5/2024,16,191.2225913,359
7/5/2024,17,177.5429659,300
7/5/2024,18,173.7643728,346
7/5/2024,19,186.3098567,377
7/5/2024,20,171.1879831,250
7/5/2024,21,183.015053,356
7/5/2024,22,214.9972109,274
7/5/2024,23,174.2903876,205
7/6/2024,0,179.2864171,241
7/6/2024,1,179.691324,284
7/6/2024,2,199.4352423,302
7/6/2024,3,195.9083501,206
7/6/2024,4,160.9214193,217
7/6/2024,5,136.5751715,93
7/6/2024,6,310.2254818,98
7/6/2024,7,201.8209079,79
7/6/2024,8,234.9006005,59
7/6/2024,9,145.3500058,76
7/6/2024,10,180.6959654,115
7/6/2024,11,202.9524891,88
7/6/2024,12,151.9565843,126
7/6/2024,13,147.4313865,180
7/6/2024,14,208.7242746,189
7/6/2024,15,179.3734393,223
7/6/2024,16,203.7181678,238
7/6/2024,17,156.3427071,293
7/6/2024,18,220.5164802,270
7/6/2024,19,158.9383057,272
7/6/2024,20,192.7338084,235
7/6/2024,21,173.0931126,360
7/6/2024,22,141.8725061,331
7/6/2024,23,138.9586913,244
7/7/2024,0,176.3178878,206
7/7/2024,1,222.5224764,238
7/7/2024,2,232.7498383,214
7/7/2024,3,237.9609594,196
7/7/2024,4,273.9593817,201
7/7/2024,5,154.1378434,123
7/7/2024,6,252.3563383,139
7/7/2024,7,260.9906583,66
7/7/2024,8,244.9319255,71
7/7/2024,9,180.3541602,66
7/7/2024,10,276.1849425,74
7/7/2024,11,204.295643,65
7/7/2024,12,215.2108588,131
7/7/2024,13,200.3864055,166
7/7/2024,14,182.6747193,227
7/7/2024,15,188.7800765,269
7/7/2024,16,129.3972277,386
7/7/2024,17,146.0243768,242
7/7/2024,18,184.1367154,290
7/7/2024,19,162.3658737,235
7/7/2024,20,197.8062537,284
7/7/2024,21,183.7521518,247
7/7/2024,22,203.1216123,206
7/7/2024,23,136.6776977,323
7/8/2024,0,126.9909883,284
7/8/2024,1,156.8366274,308
7/8/2024,2,187.8161065,198
7/8/2024,3,234.3906961,131
7/8/2024,4,219.2491864,127
7/8/2024,5,162.5301059,110
7/8/2024,6,231.7603166,122
7/8/2024,7,176.3226586,81
7/8/2024,8,302.0318372,80
7/8/2024,9,189.7864286,69
7/8/2024,10,237.5791276,87
7/8/2024,11,181.9266052,144
7/8/2024,12,185.8615626,239
7/8/2024,13,157.4495875,368
7/8/2024,14,159.7351524,313
7/8/2024,15,144.6614589,422
7/8/2024,16,166.4572123,273
7/8/2024,17,141.9683012,320
7/8/2024,18,174.2950289,294
7/8/2024,19,159.9468471,296
7/8/2024,20,180.5580052,283
7/8/2024,21,177.4750181,397
7/8/2024,22,153.5142527,293
7/8/2024,23,132.9855883,224
7/9/2024,0,164.550458,297
7/9/2024,1,171.2019052,310
7/9/2024,2,179.8052691,233
7/9/2024,3,184.0196648,233
7/9/2024,4,158.443268,138
7/9/2024,5,93.8064241,115
7/9/2024,6,251.532876,86
7/9/2024,7,270.51714,58
7/9/2024,8,279.2390716,63
7/9/2024,9,212.2171143,82
7/9/2024,10,228.4601863,103
7/9/2024,11,168.7498263,98
7/9/2024,12,196.0206993,203
7/9/2024,13,199.7624462,278
7/9/2024,14,190.6721365,316
7/9/2024,15,166.3818465,257
7/9/2024,16,219.7506585,264
7/9/2024,17,156.2819655,266
7/9/2024,18,168.0877434,325
7/9/2024,19,147.8037382,289
7/9/2024,20,157.337837,339
7/9/2024,21,177.3208355,321
7/9/2024,22,161.556909,249
7/9/2024,23,172.943331,301
7/10/2024,0,193.6454709,243
7/10/2024,1,145.9603456,287
7/10/2024,2,173.1847281,238
7/10/2024,3,159.4211092,243
7/10/2024,4,211.8472873,131
7/10/2024,5,128.0633964,139
7/10/2024,6,236.5271063,118
7/10/2024,7,222.663402,62
7/10/2024,8,255.2957111,108
7/10/2024,9,175.510047,57
7/10/2024,10,230.3147403,130
7/10/2024,11,167.765763,152
7/10/2024,12,158.6002336,314
7/10/2024,13,202.4660355,296
7/10/2024,14,211.2533386,373
7/10/2024,15,176.7667611,321
7/10/2024,16,168.3904526,354
7/10/2024,17,126.6903426,316
7/10/2024,18,182.7925437,369
7/10/2024,19,165.0215402,282
7/10/2024,20,157.6881329,323
7/10/2024,21,189.5948486,335
7/10/2024,22,197.0154045,360
7/10/2024,23,191.9365804,354
7/11/2024,0,130.0292407,313
7/11/2024,1,184.5217442,312
7/11/2024,2,145.2062017,300
7/11/2024,3,178.0867173,212
7/11/2024,4,158.1227602,176
7/11/2024,5,150.7694232,133
7/11/2024,6,257.6510371,86
7/11/2024,7,172.1712043,81
7/11/2024,8,286.450531,78
7/11/2024,9,242.6091694,83
7/11/2024,10,254.8163773,96
7/11/2024,11,188.0617732,112
7/11/2024,12,187.7547507,236
7/11/2024,13,168.974625,321
7/11/2024,14,143.25799,386
7/11/2024,15,157.8982076,298
7/11/2024,16,161.5514172,329
7/11/2024,17,152.6888687,291
7/11/2024,18,192.00654,485
7/11/2024,19,185.8619401,359
7/11/2024,20,178.3968551,288
7/11/2024,21,163.2327343,348
7/11/2024,22,154.8150887,280
7/11/2024,23,133.6306142,331
7/12/2024,0,170.3112939,268
7/12/2024,1,178.3696008,286
7/12/2024,2,180.259349,251
7/12/2024,3,220.4181467,217
7/12/2024,4,218.2703071,186
7/12/2024,5,143.029681,172
7/12/2024,6,262.4002955,100
7/12/2024,7,161.5547047,135
7/12/2024,8,220.2010672,78
7/12/2024,9,240.0834682,76
7/12/2024,10,296.750057,83
7/12/2024,11,166.2706857,202
7/12/2024,12,216.8153229,253
7/12/2024,13,164.8417992,358
7/12/2024,14,167.5307809,360
7/12/2024,15,161.8264777,347
7/12/2024,16,179.3482512,302
7/12/2024,17,172.2615185,331
7/12/2024,18,199.0175822,350
7/12/2024,19,167.4937347,324
7/12/2024,20,194.2371921,344
7/12/2024,21,185.6154984,309
7/12/2024,22,192.946813,285
7/12/2024,23,188.0390732,303
7/13/2024,0,228.2870187,253
7/13/2024,1,192.5782756,318
7/13/2024,2,193.5591227,226
7/13/2024,3,177.1444721,221
7/13/2024,4,199.2544877,155
7/13/2024,5,145.2591965,126
7/13/2024,6,337.2213639,87
7/13/2024,7,244.1352774,57
7/13/2024,8,268.3091875,67
7/13/2024,9,244.1744655,86
7/13/2024,10,247.0819191,65
7/13/2024,11,219.6042168,149
7/13/2024,12,151.0662333,224
7/13/2024,13,178.2906982,245
7/13/2024,14,159.9522686,319
7/13/2024,15,188.1539507,238
7/13/2024,16,180.623732,213
7/13/2024,17,161.2705913,261
7/13/2024,18,184.5715432,259
7/13/2024,19,212.5505058,239
7/13/2024,20,174.6170018,240
7/13/2024,21,190.8895316,330
7/13/2024,22,208.5917604,231
7/13/2024,23,181.020215,263
7/14/2024,0,214.8622227,206
7/14/2024,1,163.95654,319
7/14/2024,2,211.029231,216
7/14/2024,3,199.1303352,174
7/14/2024,4,164.5570707,192
7/14/2024,5,96.78455667,157
7/14/2024,6,268.2188305,116
7/14/2024,7,215.4081361,74
7/14/2024,8,247.501894,94
7/14/2024,9,242.1208102,61
7/14/2024,10,260.7827872,76
7/14/2024,11,207.5993377,69
7/14/2024,12,194.9604667,152
7/14/2024,13,195.6409176,234
7/14/2024,14,214.1586496,229
7/14/2024,15,173.229107,245
7/14/2024,16,188.3807392,298
7/14/2024,17,195.194342,248
7/14/2024,18,178.4097073,299
7/14/2024,19,201.6495588,299
7/14/2024,20,211.5999707,294
7/14/2024,21,211.7258559,324
7/14/2024,22,160.6207172,326
7/14/2024,23,156.8347678,312
7/15/2024,0,186.1588058,276
7/15/2024,1,156.5986997,317
7/15/2024,2,167.5195412,381
7/15/2024,3,183.7352757,214
7/15/2024,4,137.073167,176
7/15/2024,5,123.381023,134
7/15/2024,6,220.8037419,142
7/15/2024,7,227.1731321,71
7/15/2024,8,232.9728506,93
7/15/2024,9,200.1831155,74
7/15/2024,10,171.9081625,162
7/15/2024,11,177.6724453,127
7/15/2024,12,155.2316167,305
7/15/2024,13,169.4166694,304
7/15/2024,14,173.9193301,386
7/15/2024,15,148.98862,384
7/15/2024,16,183.8318946,355
7/15/2024,17,155.3475619,271
7/15/2024,18,153.9607048,358
7/15/2024,19,164.7615511,240
7/15/2024,20,188.5431526,400
7/15/2024,21,156.1548038,392
7/15/2024,22,140.8101838,442
7/15/2024,23,142.4115708,431
7/16/2024,0,174.9332146,255
7/16/2024,1,179.925905,306
7/16/2024,2,201.9729607,318
7/16/2024,3,200.9060351,238
7/16/2024,4,181.0291775,166
7/16/2024,5,153.4085339,160
7/16/2024,6,213.4289841,133
7/16/2024,7,196.7948018,71
7/16/2024,8,306.0142197,77
7/16/2024,9,203.587437,83
7/16/2024,10,210.3086183,133
7/16/2024,11,156.6947246,136
7/16/2024,12,152.3268301,297
7/16/2024,13,164.4210812,397
7/16/2024,14,162.6767407,321
7/16/2024,15,169.5318422,332
7/16/2024,16,152.2606533,316
7/16/2024,17,176.4561306,305
7/16/2024,18,174.0234477,358
7/16/2024,19,198.0518612,300
7/16/2024,20,170.1575379,390
7/16/2024,21,171.5998141,375
7/16/2024,22,173.1949952,263
7/16/2024,23,192.9083719,295
7/17/2024,0,153.4469936,368
7/17/2024,1,177.6121064,343
7/17/2024,2,170.5113871,258
7/17/2024,3,200.1643277,224
7/17/2024,4,287.448099,114
7/17/2024,5,111.9979007,127
7/17/2024,6,235.8471549,150
7/17/2024,7,196.742015,72
7/17/2024,8,215.7925495,93
7/17/2024,9,244.2119269,72
7/17/2024,10,164.594126,139
7/17/2024,11,202.9474669,165
7/17/2024,12,163.0579543,181
7/17/2024,13,138.3328703,327
7/17/2024,14,196.7812808,306
7/17/2024,15,160.0329403,293
7/17/2024,16,173.0560373,318
7/17/2024,17,160.945572,305
7/17/2024,18,182.2505852,352
7/17/2024,19,171.7440859,331
7/17/2024,20,192.9421708,403
7/17/2024,21,187.927304,338
7/17/2024,22,170.3666727,309
7/17/2024,23,136.41019,323
7/18/2024,0,138.4004665,329
7/18/2024,1,202.4247681,330
7/18/2024,2,179.9813133,336
7/18/2024,3,206.472362,310
7/18/2024,4,168.4036514,175
7/18/2024,5,186.0307328,98
7/18/2024,6,285.9296057,103
7/18/2024,7,183.3589303,81
7/18/2024,8,253.5608998,101
7/18/2024,9,179.420122,96
7/18/2024,10,259.2332121,106
7/18/2024,11,191.4879394,183
7/18/2024,12,172.7849682,222
7/18/2024,13,166.090609,292
7/18/2024,14,205.1954624,301
7/18/2024,15,170.1657963,347
7/18/2024,16,168.7451391,349
7/18/2024,17,159.3028057,381
7/18/2024,18,184.689194,357
7/18/2024,19,206.0511115,358
7/18/2024,20,190.4970724,383
7/18/2024,21,193.2380105,382
7/18/2024,22,145.5743115,376
7/18/2024,23,135.2125555,392
7/19/2024,0,184.7524518,494
7/19/2024,1,201.8976953,370
7/19/2024,2,161.2009601,244
7/19/2024,3,183.6138032,254
7/19/2024,4,207.0144282,158
7/19/2024,5,164.486008,115
7/19/2024,6,269.7845755,88
7/19/2024,7,223.9871895,70
7/19/2024,8,238.7470638,94
7/19/2024,9,212.5192608,73
7/19/2024,10,253.5068899,83
7/19/2024,11,157.4032311,150
7/19/2024,12,175.8064184,295
7/19/2024,13,165.1201829,359
7/19/2024,14,166.3550423,267
7/19/2024,15,146.983821,260
7/19/2024,16,222.4013035,252
7/19/2024,17,232.9664538,289
7/19/2024,18,144.4414807,359
7/19/2024,19,164.5278545,289
7/19/2024,20,171.51962,291
7/19/2024,21,173.7358442,296
7/19/2024,22,185.267322,262
7/19/2024,23,202.4807347,241
7/20/2024,0,166.9768788,216
7/20/2024,1,196.3735217,275
7/20/2024,2,148.1887696,338
7/20/2024,3,208.3805289,228
7/20/2024,4,178.0339025,175
7/20/2024,5,148.5785356,133
7/20/2024,6,275.0033774,128
7/20/2024,7,215.3954543,60
7/20/2024,8,261.5309332,70
7/20/2024,9,218.7122883,70
7/20/2024,10,264.7712062,79
7/20/2024,11,143.0110805,118
7/20/2024,12,187.8920322,161
7/20/2024,13,174.3069389,320
7/20/2024,14,179.3563507,289
7/20/2024,15,231.434676,231
7/20/2024,16,210.0019531,259
7/20/2024,17,140.0878118,337
7/20/2024,18,180.5122186,351
7/20/2024,19,175.150047,358
7/20/2024,20,181.4426174,362
7/20/2024,21,177.3797432,388
7/20/2024,22,192.2516613,189
7/20/2024,23,157.667549,259
7/21/2024,0,185.4832418,199
7/21/2024,1,168.6548294,315
7/21/2024,2,217.6730664,218
7/21/2024,3,161.7096484,253
7/21/2024,4,165.4383722,174
7/21/2024,5,132.7867491,177
7/21/2024,6,275.6183168,116
7/21/2024,7,227.8904441,61
7/21/2024,8,279.6625675,80
7/21/2024,9,288.1188374,46
7/21/2024,10,204.1073415,84
7/21/2024,11,190.2624214,87
7/21/2024,12,158.3590124,182
7/21/2024,13,212.0790132,174
7/21/2024,14,168.6414187,256
7/21/2024,15,217.8292949,264
7/21/2024,16,171.9244748,190
7/21/2024,17,172.5425819,297
7/21/2024,18,181.2211923,300
7/21/2024,19,164.9089124,319
7/21/2024,20,144.7434734,392
7/21/2024,21,175.9145116,346
7/21/2024,22,132.4585184,280
7/21/2024,23,129.6869389,340
7/22/2024,0,156.8466962,238
7/22/2024,1,168.0500684,282
7/22/2024,2,161.7576191,311
7/22/2024,3,153.9874866,251
7/22/2024,4,195.2529478,186
7/22/2024,5,184.0939051,107
7/22/2024,6,308.2768991,104
7/22/2024,7,259.1113831,87
7/22/2024,8,217.0184925,134
7/22/2024,9,248.4618253,69
7/22/2024,10,201.5836005,103
7/22/2024,11,149.2395776,127
7/22/2024,12,195.9039408,225
7/22/2024,13,169.8907365,384
7/22/2024,14,183.5356235,339
7/22/2024,15,187.601836,317
7/22/2024,16,224.5059455,332
7/22/2024,17,139.5510551,306
7/22/2024,18,162.364417,361
7/22/2024,19,167.8692549,401
7/22/2024,20,165.3210067,353
7/22/2024,21,142.1942372,459
7/22/2024,22,168.8669742,315
7/22/2024,23,123.6506483,425
7/23/2024,0,180.8791596,349
7/23/2024,1,162.7535054,284
7/23/2024,2,158.9865872,271
7/23/2024,3,206.9122679,241
7/23/2024,4,189.1272289,150
7/23/2024,5,198.214317,112
7/23/2024,6,275.7209957,99
7/23/2024,7,271.5178663,94
7/23/2024,8,271.8398378,87
7/23/2024,9,193.6237727,100
7/23/2024,10,192.5841679,117
7/23/2024,11,166.9869926,161
7/23/2024,12,149.9901195,249
7/23/2024,13,215.3649198,252
7/23/2024,14,210.5947959,327
7/23/2024,15,160.1205894,329
7/23/2024,16,203.5885528,317
7/23/2024,17,155.2104105,316
7/23/2024,18,179.1643457,411
7/23/2024,19,179.3532354,401
7/23/2024,20,172.8125286,375
7/23/2024,21,157.2011185,449
7/23/2024,22,161.8465597,377
7/23/2024,23,161.7843806,402
7/24/2024,0,129.1443511,405
7/24/2024,1,180.344876,391
7/24/2024,2,155.1378815,298
7/24/2024,3,166.1115646,257
7/24/2024,4,172.6044401,204
7/24/2024,5,134.5768012,103
7/24/2024,6,225.7094554,136
7/24/2024,7,143.8822343,97
7/24/2024,8,257.8937979,92
7/24/2024,9,183.2178657,74
7/24/2024,10,217.8620793,129
7/24/2024,11,184.7064192,150
7/24/2024,12,161.6137528,355
7/24/2024,13,173.3582667,394
7/24/2024,14,200.5096065,339
7/24/2024,15,143.7725289,366
7/24/2024,16,166.1858316,326
7/24/2024,17,154.0053517,327
7/24/2024,18,193.5659404,355
7/24/2024,19,184.969143,407
7/24/2024,20,164.5153224,385
7/24/2024,21,173.6904838,531
7/24/2024,22,176.9635684,485
7/24/2024,23,162.8345006,260
7/25/2024,0,135.941302,314
7/25/2024,1,144.4972059,342
7/25/2024,2,157.5267678,319
7/25/2024,3,181.8800868,256
7/25/2024,4,224.4892261,159
7/25/2024,5,152.9387545,134
7/25/2024,6,220.128509,126
7/25/2024,7,224.0044008,60
7/25/2024,8,234.045129,66
7/25/2024,9,260.5140551,87
7/25/2024,10,168.9114386,124
7/25/2024,11,138.4319943,139
7/25/2024,12,127.4933487,245
7/25/2024,13,166.8865058,310
7/25/2024,14,150.9986337,426
7/25/2024,15,167.3941999,332
7/25/2024,16,179.4491694,303
7/25/2024,17,147.4956523,343
7/25/2024,18,159.5937828,359
7/25/2024,19,150.2637725,364
7/25/2024,20,187.5976825,404
7/25/2024,21,176.288346,514
7/25/2024,22,188.2252057,300
7/25/2024,23,151.8451532,391
7/26/2024,0,140.2032672,345
7/26/2024,1,161.7203845,361
7/26/2024,2,142.0978499,308
7/26/2024,3,181.7058723,249
7/26/2024,4,173.839113,162
7/26/2024,5,171.9041741,115
7/26/2024,6,304.6698036,112
7/26/2024,7,147.2837825,99
7/26/2024,8,215.7960694,83
7/26/2024,9,177.8895302,88
7/26/2024,10,211.3176329,140
7/26/2024,11,170.4714324,94
7/26/2024,12,172.0102317,243
7/26/2024,13,191.6960796,432
7/26/2024,14,183.6494043,459
7/26/2024,15,210.0931117,363
7/26/2024,16,185.2230198,308
7/26/2024,17,139.4390962,349
7/26/2024,18,178.5003008,534
7/26/2024,19,177.3228599,343
7/26/2024,20,212.650957,302
7/26/2024,21,221.8425659,361
7/26/2024,22,153.2704095,253
7/26/2024,23,158.6860401,317
7/27/2024,0,141.5959261,306
7/27/2024,1,168.3022649,322
7/27/2024,2,143.2827747,260
7/27/2024,3,182.7722193,233
7/27/2024,4,198.5264825,154
7/27/2024,5,145.2498236,103
7/27/2024,6,275.3920987,141
7/27/2024,7,222.5282491,97
7/27/2024,8,197.1408295,144
7/27/2024,9,220.5825435,83
7/27/2024,10,233.8083966,111
7/27/2024,11,194.3496689,113
7/27/2024,12,146.704757,270
7/27/2024,13,225.6698905,227
7/27/2024,14,186.0445288,323
7/27/2024,15,186.1703021,204
7/27/2024,16,213.4082433,271
7/27/2024,17,132.3325922,331
7/27/2024,18,192.7465918,357
7/27/2024,19,168.50966,307
7/27/2024,20,174.4650313,265
7/27/2024,21,155.4783356,325
7/27/2024,22,146.2494214,334
7/27/2024,23,180.3671617,271
7/28/2024,0,166.801752,359
7/28/2024,1,160.928561,324
7/28/2024,2,173.0466953,265
7/28/2024,3,224.7702976,214
7/28/2024,4,144.917925,198
7/28/2024,5,218.7081325,127
7/28/2024,6,260.4526366,117
7/28/2024,7,232.5999827,99
7/28/2024,8,197.9005117,105
7/28/2024,9,200.9254514,78
7/28/2024,10,219.110345,92
7/28/2024,11,203.9953452,101
7/28/2024,12,197.9938854,176
7/28/2024,13,177.6477891,212
7/28/2024,14,214.2621942,365
7/28/2024,15,181.5653511,329
7/28/2024,16,204.9195907,255
7/28/2024,17,167.1067259,336
7/28/2024,18,175.8742654,371
7/28/2024,19,173.9142049,306
7/28/2024,20,177.8960965,261
7/28/2024,21,179.196628,382
7/28/2024,22,199.9537499,360
7/28/2024,23,195.1471584,364
7/29/2024,0,191.1420779,280
7/29/2024,1,173.0194416,288
7/29/2024,2,160.852432,248
7/29/2024,3,175.5274375,220
7/29/2024,4,188.3618245,166
7/29/2024,5,137.2890523,104
7/29/2024,6,264.5472101,114
7/29/2024,7,235.4864688,79
7/29/2024,8,238.2496041,110
7/29/2024,9,180.5745151,89
7/29/2024,10,240.2566163,110
7/29/2024,11,234.0925457,169
7/29/2024,12,175.0371975,266
7/29/2024,13,186.1433435,393
7/29/2024,14,179.6800852,414
7/29/2024,15,192.3954078,405
7/29/2024,16,161.2284917,377
7/29/2024,17,146.2648101,419
7/29/2024,18,176.6148506,464
7/29/2024,19,158.7493628,391
7/29/2024,20,188.2584643,361
7/29/2024,21,220.6292329,385
7/29/2024,22,140.2557456,318
7/29/2024,23,167.4495006,336
7/30/2024,0,182.372268,363
7/30/2024,1,167.7671884,281
7/30/2024,2,192.3542985,269
7/30/2024,3,215.1376768,214
7/30/2024,4,208.3718444,111
7/30/2024,5,158.7469746,111
7/30/2024,6,263.7708104,98
7/30/2024,7,220.8596582,62
7/30/2024,8,213.7810588,106
7/30/2024,9,150.9120022,109
7/30/2024,10,219.2680944,126
7/30/2024,11,158.8080222,177
7/30/2024,12,166.3520567,304
7/30/2024,13,175.6751062,311
7/30/2024,14,180.1778457,352
7/30/2024,15,151.3268206,307
7/30/2024,16,191.2199832,350
7/30/2024,17,151.6834273,360
7/30/2024,18,188.5695363,375
7/30/2024,19,158.0585717,415
7/30/2024,20,132.9956045,430
7/30/2024,21,172.5654285,503
7/30/2024,22,166.3930321,380
7/30/2024,23,175.8232387,309
7/31/2024,0,181.5937119,355
7/31/2024,1,171.4360835,401
7/31/2024,2,198.0663155,330
7/31/2024,3,195.1607991,213
7/31/2024,4,185.4613017,154
7/31/2024,5,156.777188,100
7/31/2024,6,254.4352462,120
7/31/2024,7,147.0982648,168
7/31/2024,8,185.070215,107
7/31/2024,9,212.5643185,72
7/31/2024,10,241.8813123,123
7/31/2024,11,231.4683842,134
7/31/2024,12,132.9850296,514
7/31/2024,13,147.6722436,367
7/31/2024,14,178.3363057,395
7/31/2024,15,182.3472395,396
7/31/2024,16,161.9467159,348
7/31/2024,17,149.8608816,301
7/31/2024,18,158.2116013,392
7/31/2024,19,143.6500866,414
7/31/2024,20,195.6739674,350
7/31/2024,21,194.7323313,345
7/31/2024,22,170.7111325,313
7/31/2024,23,151.3896146,286
8/1/2024,0,128.0169152,386
8/1/2024,1,138.9401101,320
8/1/2024,2,147.1813484,356
8/1/2024,3,167.9455468,196
8/1/2024,4,190.4272044,190
8/1/2024,5,157.5303973,114
8/1/2024,6,231.3000536,159
8/1/2024,7,235.5312433,67
8/1/2024,8,204.3759185,117
8/1/2024,9,233.4910852,96
8/1/2024,10,231.8515941,130
8/1/2024,11,160.5880273,149
8/1/2024,12,132.3914781,468
8/1/2024,13,199.3686334,290
8/1/2024,14,173.6917721,539
8/1/2024,15,163.7356455,455
8/1/2024,16,175.0585237,406
8/1/2024,17,156.4335467,349
8/1/2024,18,154.4257998,394
8/1/2024,19,190.3587073,336
8/1/2024,20,174.4068687,306
8/1/2024,21,193.4312019,320
8/1/2024,22,166.7457777,319
8/1/2024,23,176.7309284,272
8/2/2024,0,150.8390883,326
8/2/2024,1,156.802737,310
8/2/2024,2,148.3828405,314
8/2/2024,3,203.1793375,254
8/2/2024,4,194.1886122,155
8/2/2024,5,179.3873297,106
8/2/2024,6,257.2004423,110
8/2/2024,7,239.4027619,80
8/2/2024,8,233.600672,87
8/2/2024,9,212.7419826,65
8/2/2024,10,218.3861723,145
8/2/2024,11,120.7066166,343
8/2/2024,12,176.6385496,276
8/2/2024,13,175.4661797,336
8/2/2024,14,164.8513618,395
8/2/2024,15,164.9551112,350
8/2/2024,16,166.8268578,335
8/2/2024,17,127.458507,287
8/2/2024,18,152.3500737,403
8/2/2024,19,167.5406245,327
8/2/2024,20,175.3097487,367
8/2/2024,21,178.4458839,471
8/2/2024,22,175.9847388,418
8/2/2024,23,175.0941944,294
8/3/2024,0,151.6229053,295
8/3/2024,1,200.6218498,269
8/3/2024,2,171.4806288,263
8/3/2024,3,185.0386412,282
8/3/2024,4,219.4553884,218
8/3/2024,5,109.6334228,133
8/3/2024,6,246.380574,119
8/3/2024,7,309.1124275,98
8/3/2024,8,277.846307,80
8/3/2024,9,194.8204652,75
8/3/2024,10,226.7888425,102
8/3/2024,11,157.5102338,105
8/3/2024,12,223.8835826,182
8/3/2024,13,221.3044566,270
8/3/2024,14,216.806666,222
8/3/2024,15,178.6540601,186
8/3/2024,16,183.5016097,306
8/3/2024,17,141.1576037,292
8/3/2024,18,193.3257878,342
8/3/2024,19,140.9939528,327
8/3/2024,20,161.4243444,328
8/3/2024,21,174.874685,327
8/3/2024,22,143.6142501,328
8/3/2024,23,177.5079727,264
8/4/2024,0,166.693258,243
8/4/2024,1,138.9065446,329
8/4/2024,2,177.2404297,308
8/4/2024,3,187.1617301,259
8/4/2024,4,130.6703887,197
8/4/2024,5,132.6946199,131
8/4/2024,6,218.2183397,143
8/4/2024,7,178.7507244,94
8/4/2024,8,187.9327332,94
8/4/2024,9,201.0997578,97
8/4/2024,10,251.3538294,94
8/4/2024,11,197.0489975,99
8/4/2024,12,238.8810418,115
8/4/2024,13,194.6731494,155
8/4/2024,14,148.5918328,253
8/4/2024,15,162.6609598,284
8/4/2024,16,166.287916,249
8/4/2024,17,158.5328286,323
8/4/2024,18,181.5881429,264
8/4/2024,19,192.1504318,313
8/4/2024,20,184.5151243,353
8/4/2024,21,160.0528697,387
8/4/2024,22,164.3341455,287
8/4/2024,23,162.0634786,343
8/5/2024,0,166.3426717,249
8/5/2024,1,159.0562841,291
8/5/2024,2,141.761391,326
8/5/2024,3,155.0845509,240
8/5/2024,4,174.1589659,164
8/5/2024,5,129.9932862,142
8/5/2024,6,269.2909022,116
8/5/2024,7,244.3626423,80
8/5/2024,8,235.2417887,170
8/5/2024,9,227.5015243,62
8/5/2024,10,227.0804855,103
8/5/2024,11,177.6519082,158
8/5/2024,12,122.577575,450
8/5/2024,13,157.4887369,319
8/5/2024,14,225.2667834,351
8/5/2024,15,147.761249,372
8/5/2024,16,182.0499216,383
8/5/2024,17,155.7578383,379
8/5/2024,18,197.912797,479
8/5/2024,19,167.979423,419
8/5/2024,20,177.7245212,324
8/5/2024,21,181.6461453,409
8/5/2024,22,137.2554241,287
8/5/2024,23,175.7394071,304
8/6/2024,0,157.8435422,303
8/6/2024,1,194.1162065,279
8/6/2024,2,165.9308039,391
8/6/2024,3,189.6485106,292
8/6/2024,4,178.0341071,195
8/6/2024,5,185.0851514,120
8/6/2024,6,255.9619083,119
8/6/2024,7,235.7276337,75
8/6/2024,8,257.1410578,74
8/6/2024,9,172.0018031,100
8/6/2024,10,208.3228885,111
8/6/2024,11,205.5724357,113
8/6/2024,12,152.5487801,457
8/6/2024,13,172.9045961,387
8/6/2024,14,178.6008469,394
8/6/2024,15,141.5080521,284
8/6/2024,16,177.1107633,321
8/6/2024,17,151.8753709,276
8/6/2024,18,196.3629522,355
8/6/2024,19,149.9108123,481
8/6/2024,20,132.3521892,365
8/6/2024,21,163.4753325,387
8/6/2024,22,163.3326857,440
8/6/2024,23,157.539357,287
8/7/2024,0,140.7951569,279
8/7/2024,1,179.8615981,288
8/7/2024,2,126.7752806,306
8/7/2024,3,222.3516512,201
8/7/2024,4,228.3820962,145
8/7/2024,5,138.0850526,104
8/7/2024,6,290.6855336,90
8/7/2024,7,228.4872444,61
8/7/2024,8,220.5937022,73
8/7/2024,9,259.8827204,61
8/7/2024,10,192.0097196,95
8/7/2024,11,165.5115628,170
8/7/2024,12,145.5210513,507
8/7/2024,13,161.4176491,296
8/7/2024,14,166.5582576,393
8/7/2024,15,204.9074824,364
8/7/2024,16,190.6115837,283
8/7/2024,17,148.6815613,301
8/7/2024,18,227.2804191,341
8/7/2024,19,199.7358523,366
8/7/2024,20,163.4222301,371
8/7/2024,21,165.7159055,445
8/7/2024,22,202.9395401,360
8/7/2024,23,193.1796716,429
8/8/2024,0,177.7366396,442
8/8/2024,1,186.1225022,344
8/8/2024,2,212.2754533,314
8/8/2024,3,276.1841939,229
8/8/2024,4,302.5816937,172
8/8/2024,5,260.3395699,204
8/8/2024,6,338.2440762,157
8/8/2024,7,331.5048769,99
8/8/2024,8,338.4197509,142
8/8/2024,9,356.4159948,108
8/8/2024,10,329.517439,114
8/8/2024,11,269.3403707,156
8/8/2024,12,184.0439538,471
8/8/2024,13,214.8648791,403
8/8/2024,14,219.9462241,329
8/8/2024,15,215.1752281,359
8/8/2024,16,221.1055119,385
8/8/2024,17,196.3848306,391
8/8/2024,18,203.9779114,367
8/8/2024,19,219.9394379,339
8/8/2024,20,228.4231465,368
8/8/2024,21,216.3338205,384
8/8/2024,22,229.8742309,372
8/8/2024,23,217.7876611,402
8/9/2024,0,217.7700117,382
8/9/2024,1,192.3129933,367
8/9/2024,2,220.3265816,348
8/9/2024,3,228.3023077,391
8/9/2024,4,217.0803208,238
8/9/2024,5,237.4583107,232
8/9/2024,6,401.327657,123
8/9/2024,7,404.99381,91
8/9/2024,8,358.0342721,142
8/9/2024,9,378.6675669,117
8/9/2024,10,351.1214778,147
8/9/2024,11,271.7036377,160
8/9/2024,12,187.4593269,481
8/9/2024,13,216.8598656,317
8/9/2024,14,217.7912958,382
8/9/2024,15,239.1159074,293
8/9/2024,16,218.6097756,329
8/9/2024,17,213.8836586,307
8/9/2024,18,241.3908432,435
8/9/2024,19,205.6452659,385
8/9/2024,20,237.3982045,361
8/9/2024,21,204.6412612,485
8/9/2024,22,200.2267114,491
8/9/2024,23,183.9384356,365
8/10/2024,0,171.4765196,485
8/10/2024,1,204.4740887,324
8/10/2024,2,207.5067675,343
8/10/2024,3,298.1597177,247
8/10/2024,4,290.0567667,189
8/10/2024,5,229.3344785,163
8/10/2024,6,339.4646009,192
8/10/2024,7,436.0987883,82
8/10/2024,8,353.0064269,124
8/10/2024,9,319.9907912,146
8/10/2024,10,371.7611279,114
8/10/2024,11,371.6096242,85
8/10/2024,12,265.2726363,200
8/10/2024,13,254.0439242,267
8/10/2024,14,258.7007983,301
8/10/2024,15,228.3913495,367
8/10/2024,16,262.120218,283
8/10/2024,17,236.5219556,316
8/10/2024,18,244.8806133,355
8/10/2024,19,196.265972,427
8/10/2024,20,218.6628643,262
8/10/2024,21,219.53119,388
8/10/2024,22,206.2497686,296
8/10/2024,23,232.5835957,269
8/11/2024,0,230.6253337,308
8/11/2024,1,209.8338817,311
8/11/2024,2,225.5703124,283
8/11/2024,3,230.9511316,295
8/11/2024,4,231.3519843,250
8/11/2024,5,322.4546405,132
8/11/2024,6,369.1555505,119
8/11/2024,7,355.9963486,125
8/11/2024,8,398.1312286,115
8/11/2024,9,452.1511568,78
8/11/2024,10,399.5479595,105
8/11/2024,11,358.4597458,106
8/11/2024,12,290.2956456,188
8/11/2024,13,293.9034984,206
8/11/2024,14,267.5647893,214
8/11/2024,15,303.6473506,212
8/11/2024,16,183.4134861,346
8/11/2024,17,232.7207892,217
8/11/2024,18,219.924503,311
8/11/2024,19,220.1069814,339
8/11/2024,20,242.028719,284
8/11/2024,21,200.6183589,426
8/11/2024,22,200.8871605,399
8/11/2024,23,231.583704,430
8/12/2024,0,237.234787,351
8/12/2024,1,235.4829848,306
8/12/2024,2,223.7219854,350
8/12/2024,3,262.3270661,238
8/12/2024,4,264.8898762,219
8/12/2024,5,279.7865782,121
8/12/2024,6,357.9519719,129
8/12/2024,7,432.765702,96
8/12/2024,8,395.3225417,105
8/12/2024,9,336.4743645,130
8/12/2024,10,332.6046817,133
8/12/2024,11,384.3874713,103
8/12/2024,12,207.0867901,498
8/12/2024,13,216.9337716,325
8/12/2024,14,165.2963364,480
8/12/2024,15,188.8225428,342
8/12/2024,16,248.3741756,328
8/12/2024,17,222.5486744,312
8/12/2024,18,237.9183818,357
8/12/2024,19,198.2032937,464
8/12/2024,20,192.9426825,371
8/12/2024,21,247.8173023,335
8/12/2024,22,219.1313605,413
8/12/2024,23,221.508727,364
8/13/2024,0,238.1164207,314
8/13/2024,1,215.573334,326
8/13/2024,2,239.6869175,298
8/13/2024,3,230.878056,273
8/13/2024,4,310.9860069,176
8/13/2024,5,286.1684802,138
8/13/2024,6,362.5053145,127
8/13/2024,7,398.6251284,88
8/13/2024,8,362.3081146,137
8/13/2024,9,392.2164411,107
8/13/2024,10,363.5289504,139
8/13/2024,11,260.6594119,163
8/13/2024,12,190.4578243,468
8/13/2024,13,219.9944007,319
8/13/2024,14,217.6134071,434
8/13/2024,15,250.0660224,317
8/13/2024,16,205.2271994,349
8/13/2024,17,222.0213921,360
8/13/2024,18,196.1322276,394
8/13/2024,19,217.9789545,398
8/13/2024,20,229.6936629,417
8/13/2024,21,222.066085,446
8/13/2024,22,174.85981,450
8/13/2024,23,234.6582722,362
8/14/2024,0,194.1606989,405
8/14/2024,1,230.5408712,301
8/14/2024,2,265.6657987,270
8/14/2024,3,244.4412362,291
8/14/2024,4,236.6077287,264
8/14/2024,5,244.7331583,148
8/14/2024,6,342.1203245,132
8/14/2024,7,338.548992,106
8/14/2024,8,348.0643085,121
8/14/2024,9,323.9721195,119
8/14/2024,10,392.5037553,119
8/14/2024,11,280.9217222,152
8/14/2024,12,183.5685517,545
8/14/2024,13,201.8015844,387
8/14/2024,14,208.3005627,404
8/14/2024,15,205.8503291,384
8/14/2024,16,252.3762575,382
8/14/2024,17,199.2647104,381
8/14/2024,18,218.9869329,497
8/14/2024,19,192.2135151,432
8/14/2024,20,288.0284617,354
8/14/2024,21,228.5156554,372
8/14/2024,22,237.7512903,370
8/14/2024,23,234.1915172,345
8/15/2024,0,253.414148,334
8/15/2024,1,201.5246226,318
8/15/2024,2,248.1137339,352
8/15/2024,3,251.7793846,236
8/15/2024,4,232.9383553,210
8/15/2024,5,302.0963586,130
8/15/2024,6,338.0972021,150
8/15/2024,7,416.4481207,89
8/15/2024,8,418.5804724,104
8/15/2024,9,353.4677426,114
8/15/2024,10,432.646235,126
8/15/2024,11,259.8759849,185
8/15/2024,12,199.2806564,516
8/15/2024,13,190.3289714,343
8/15/2024,14,238.1770877,458
8/15/2024,15,210.4988434,361
8/15/2024,16,224.2517738,376
8/15/2024,17,192.1002588,396
8/15/2024,18,233.2568791,389
8/15/2024,19,245.9368129,389
8/15/2024,20,205.8595905,394
8/15/2024,21,211.9871557,394
8/15/2024,22,231.8933455,297
8/15/2024,23,215.6754152,314
8/16/2024,0,209.2623432,378
8/16/2024,1,215.4040384,428
8/16/2024,2,267.5883262,296
8/16/2024,3,272.3681812,270
8/16/2024,4,244.8039511,239
8/16/2024,5,258.6902975,146
8/16/2024,6,404.125166,108
8/16/2024,7,396.8784075,93
8/16/2024,8,370.7757824,110
8/16/2024,9,335.2998214,98
8/16/2024,10,341.0541321,122
8/16/2024,11,267.743992,209
8/16/2024,12,165.4656758,439
8/16/2024,13,192.0057257,444
8/16/2024,14,190.6339743,419
8/16/2024,15,198.1747887,425
8/16/2024,16,176.7865221,455
8/16/2024,17,219.6658415,341
8/16/2024,18,243.1737343,419
8/16/2024,19,202.9962957,448
8/16/2024,20,213.0740898,471
8/16/2024,21,243.000133,328
8/16/2024,22,219.5980689,404
8/16/2024,23,237.9563047,373
8/17/2024,0,214.9946138,297
8/17/2024,1,178.6500455,410
8/17/2024,2,236.5616264,274
8/17/2024,3,267.605708,238
8/17/2024,4,266.9930867,209
8/17/2024,5,254.1643115,125
8/17/2024,6,286.7238442,160
8/17/2024,7,412.2723499,90
8/17/2024,8,389.0063659,112
8/17/2024,9,347.4490622,107
8/17/2024,10,350.1915256,125
8/17/2024,11,280.5074511,153
8/17/2024,12,272.8363483,195
8/17/2024,13,285.4295261,241
8/17/2024,14,213.8869592,343
8/17/2024,15,218.7021953,342
8/17/2024,16,242.7596754,329
8/17/2024,17,213.4390141,254
8/17/2024,18,234.2638844,395
8/17/2024,19,229.4885366,355
8/17/2024,20,233.5265906,353
8/17/2024,21,243.3864811,297
8/17/2024,22,241.4947418,285
8/17/2024,23,245.8605517,274
8/18/2024,0,222.8373779,286
8/18/2024,1,218.9618094,333
8/18/2024,2,226.3148142,303
8/18/2024,3,184.8165385,364
8/18/2024,4,269.4312978,200
8/18/2024,5,284.7347037,121
8/18/2024,6,359.4794298,136
8/18/2024,7,420.0219791,86
8/18/2024,8,387.4492521,112
8/18/2024,9,379.1294229,95
8/18/2024,10,394.6263826,104
8/18/2024,11,330.8589967,113
8/18/2024,12,297.2023488,178
8/18/2024,13,259.2730343,210
8/18/2024,14,236.9048424,309
8/18/2024,15,243.2046889,301
8/18/2024,16,260.0504381,287
8/18/2024,17,251.0982494,297
8/18/2024,18,261.4761656,324
8/18/2024,19,256.4628421,348
8/18/2024,20,282.203186,242
8/18/2024,21,234.8711663,308
8/18/2024,22,232.729968,349
8/18/2024,23,243.8844639,328
8/19/2024,0,213.3569635,310
8/19/2024,1,201.1930314,342
8/19/2024,2,278.753662,265
8/19/2024,3,205.754037,314
8/19/2024,4,298.8283753,142
8/19/2024,5,269.9183892,135
8/19/2024,6,368.1253327,137
8/19/2024,7,343.3270003,104
8/19/2024,8,464.5243839,92
8/19/2024,9,307.2029807,145
8/19/2024,10,291.6694831,152
8/19/2024,11,315.7879748,183
8/19/2024,12,171.2232505,466
8/19/2024,13,233.3058209,355
8/19/2024,14,190.2858625,385
8/19/2024,15,203.5004785,407
8/19/2024,16,198.2499193,393
8/19/2024,17,218.1482702,297
8/19/2024,18,178.9451319,467
8/19/2024,19,236.3169123,402
8/19/2024,20,267.7269052,310
8/19/2024,21,197.4702221,441
8/19/2024,22,250.0939154,343
8/19/2024,23,198.9238898,457
8/20/2024,0,178.0263253,380
8/20/2024,1,210.0442525,361
8/20/2024,2,212.3680261,367
8/20/2024,3,244.5543093,297
8/20/2024,4,266.4188419,229
8/20/2024,5,254.2572912,168
8/20/2024,6,356.3201465,144
8/20/2024,7,309.9622344,123
8/20/2024,8,488.3277722,92
8/20/2024,9,342.1159075,116
8/20/2024,10,375.9355009,121
8/20/2024,11,250.3100543,172
8/20/2024,12,171.614206,477
8/20/2024,13,199.8743281,365
8/20/2024,14,190.0515519,377
8/20/2024,15,244.5924661,298
8/20/2024,16,236.1853225,379
8/20/2024,17,195.6403068,427
8/20/2024,18,218.8045161,482
8/20/2024,19,197.3889364,527
8/20/2024,20,242.4584928,413
8/20/2024,21,198.4465132,433
8/20/2024,22,259.6480912,352
8/20/2024,23,207.326355,283
8/21/2024,0,230.5298439,282
8/21/2024,1,220.2376843,342
8/21/2024,2,261.489039,326
8/21/2024,3,244.1018936,289
8/21/2024,4,334.6180234,239
8/21/2024,5,249.1278201,165
8/21/2024,6,370.5868832,131
8/21/2024,7,377.384172,133
8/21/2024,8,400.2698463,100
8/21/2024,9,350.6004821,108
8/21/2024,10,344.4930316,121
8/21/2024,11,302.9698754,181
8/21/2024,12,166.9056146,571
8/21/2024,13,264.3368663,315
8/21/2024,14,239.9872246,399
8/21/2024,15,220.8611751,385
8/21/2024,16,266.3010083,322
8/21/2024,17,211.9127803,340
8/21/2024,18,237.7585717,365
8/21/2024,19,224.4270632,503
8/21/2024,20,261.0965921,374
8/21/2024,21,246.4097972,397
8/21/2024,22,221.1877244,407
8/21/2024,23,231.7471325,340
8/22/2024,0,186.2337557,409
8/22/2024,1,218.4333267,337
8/22/2024,2,204.755751,359
8/22/2024,3,240.4542135,304
8/22/2024,4,308.6916941,213
8/22/2024,5,242.1513083,140
8/22/2024,6,370.9917329,133
8/22/2024,7,374.2967448,91
8/22/2024,8,370.3457453,135
8/22/2024,9,433.4094661,107
8/22/2024,10,372.8774643,120
8/22/2024,11,288.9796892,191
8/22/2024,12,161.6398878,516
8/22/2024,13,227.2810639,379
8/22/2024,14,243.7859517,352
8/22/2024,15,216.7427651,326
8/22/2024,16,244.5663773,348
8/22/2024,17,202.0057633,365
8/22/2024,18,178.0615498,431
8/22/2024,19,234.8971402,436
8/22/2024,20,251.4299734,384
8/22/2024,21,230.8379531,364
8/22/2024,22,225.3844128,358
8/22/2024,23,222.6626465,426
8/23/2024,0,211.0850171,404
8/23/2024,1,173.3605382,424
8/23/2024,2,198.4101919,355
8/23/2024,3,284.9288944,289
8/23/2024,4,293.0378757,201
8/23/2024,5,331.351749,109
8/23/2024,6,418.7400994,122
8/23/2024,7,393.0289625,105
8/23/2024,8,320.206388,140
8/23/2024,9,385.8241019,113
8/23/2024,10,328.1824218,165
8/23/2024,11,273.7688331,153
8/23/2024,12,175.1799786,634
8/23/2024,13,194.7068515,546
8/23/2024,14,207.9476543,425
8/23/2024,15,237.7750089,340
8/23/2024,16,206.8267842,342
8/23/2024,17,226.4063885,323
8/23/2024,18,213.4113006,447
8/23/2024,19,203.3870203,359
8/23/2024,20,246.4790538,374
8/23/2024,21,222.6266859,367
8/23/2024,22,254.195922,358
8/23/2024,23,260.4805271,234
8/24/2024,0,244.7608516,291
8/24/2024,1,200.4353353,331
8/24/2024,2,249.3827137,335
8/24/2024,3,265.2244199,282
8/24/2024,4,307.266984,219
8/24/2024,5,283.3210889,122
8/24/2024,6,436.99035,103
8/24/2024,7,327.8396891,128
8/24/2024,8,385.5124334,122
8/24/2024,9,420.644586,95
8/24/2024,10,304.1943989,149
8/24/2024,11,278.6433127,159
8/24/2024,12,271.9411584,206
8/24/2024,13,324.4606494,200
8/24/2024,14,261.0282423,301
8/24/2024,15,277.9442151,191
8/24/2024,16,265.1175772,270
8/24/2024,17,210.8657206,290
8/24/2024,18,271.2971969,234
8/24/2024,19,250.6963122,251
8/24/2024,20,271.2730177,215
8/24/2024,21,287.3280535,382
8/24/2024,22,215.7587018,335
8/24/2024,23,249.6561097,279
8/25/2024,0,281.4866255,224
8/25/2024,1,220.1848479,279
8/25/2024,2,261.4827224,222
8/25/2024,3,234.5148012,235
8/25/2024,4,334.8767136,155
8/25/2024,5,300.9810266,130
8/25/2024,6,431.3928691,100
8/25/2024,7,346.4654005,94
8/25/2024,8,420.203711,107
8/25/2024,9,349.3562076,113
8/25/2024,10,348.3416879,117
8/25/2024,11,327.338012,127
8/25/2024,12,325.2374853,157
8/25/2024,13,247.4807346,206
8/25/2024,14,233.6586086,335
8/25/2024,15,240.7811862,284
8/25/2024,16,240.0627318,294
8/25/2024,17,240.2910181,292
8/25/2024,18,268.2100214,334
8/25/2024,19,260.268154,249
8/25/2024,20,265.7918063,298
8/25/2024,21,228.6221248,443
8/25/2024,22,213.5216239,292
8/25/2024,23,235.0248222,339
8/26/2024,0,225.3860641,308
8/26/2024,1,211.1889209,358
8/26/2024,2,263.4236578,281
8/26/2024,3,302.2626529,177
8/26/2024,4,321.796933,184
8/26/2024,5,275.8161459,119
8/26/2024,6,431.9972219,128
8/26/2024,7,440.8309635,87
8/26/2024,8,394.2002693,104
8/26/2024,9,354.3640316,117
8/26/2024,10,392.0536419,125
8/26/2024,11,262.0456679,164
8/26/2024,12,202.840882,537
8/26/2024,13,213.6141656,369
8/26/2024,14,233.9980033,391
8/26/2024,15,246.9329481,320
8/26/2024,16,232.0215972,342
8/26/2024,17,228.0002083,359
8/26/2024,18,198.8414697,352
8/26/2024,19,207.9240724,385
8/26/2024,20,253.7132409,461
8/26/2024,21,201.8080435,442
8/26/2024,22,212.5380018,398
8/26/2024,23,220.2289954,320
8/27/2024,0,226.9608671,293
8/27/2024,1,214.7400887,299
8/27/2024,2,223.1297459,271
8/27/2024,3,258.1503489,329
8/27/2024,4,290.7266922,182
8/27/2024,5,285.6701612,193
8/27/2024,6,375.0230293,121
8/27/2024,7,357.2000991,99
8/27/2024,8,341.184044,158
8/27/2024,9,320.8134324,132
8/27/2024,10,353.357876,139
8/27/2024,11,268.2134946,237
8/27/2024,12,185.5951866,442
8/27/2024,13,204.7100194,408
8/27/2024,14,241.2155797,446
8/27/2024,15,205.1092818,447
8/27/2024,16,228.3491326,295
8/27/2024,17,221.2544245,332
8/27/2024,18,225.9580969,333
8/27/2024,19,268.8686346,352
8/27/2024,20,246.9166721,406
8/27/2024,21,214.20136,373
8/27/2024,22,203.9916022,379
8/27/2024,23,236.6859257,469
8/28/2024,0,184.7620297,422
8/28/2024,1,195.7949353,452
8/28/2024,2,253.9388378,283
8/28/2024,3,268.1169397,256
8/28/2024,4,346.0801769,210
8/28/2024,5,279.3831836,115
8/28/2024,6,423.3240691,117
8/28/2024,7,489.8544135,65
8/28/2024,8,380.6508162,107
8/28/2024,9,352.7000104,110
8/28/2024,10,371.4325121,143
8/28/2024,11,300.1684037,194
8/28/2024,12,185.2513006,450
8/28/2024,13,229.4665281,389
8/28/2024,14,215.9390263,414
8/28/2024,15,245.1117361,335
8/28/2024,16,246.7200821,309
8/28/2024,17,246.626407,293
8/28/2024,18,243.4331381,341
8/28/2024,19,232.7229651,311
8/28/2024,20,263.0723298,406
8/28/2024,21,210.4738103,439
8/28/2024,22,192.7334561,419
8/28/2024,23,257.679461,379
8/29/2024,0,200.2369834,412
8/29/2024,1,201.9507224,417
8/29/2024,2,208.0181611,293
8/29/2024,3,284.5370866,217
8/29/2024,4,268.4852469,212
8/29/2024,5,273.1229557,125
8/29/2024,6,399.2353033,128
8/29/2024,7,370.3744182,90
8/29/2024,8,389.6039408,106
8/29/2024,9,404.2406869,77
8/29/2024,10,323.1167171,176
8/29/2024,11,291.5341231,159
8/29/2024,12,179.738271,443
8/29/2024,13,211.5607866,420
8/29/2024,14,214.9772733,390
8/29/2024,15,246.3128617,379
8/29/2024,16,255.9222042,323
8/29/2024,17,204.2129603,319
8/29/2024,18,247.7164793,438
8/29/2024,19,258.7511159,370
8/29/2024,20,209.2900044,493
8/29/2024,21,218.1901753,403
8/29/2024,22,249.7768886,366
8/29/2024,23,223.4357569,358
8/30/2024,0,208.1945478,387
8/30/2024,1,239.0662115,384
8/30/2024,2,209.429045,336
8/30/2024,3,247.8040607,300
8/30/2024,4,267.6908282,213
8/30/2024,5,252.1960379,141
8/30/2024,6,380.5478497,112
8/30/2024,7,339.7410501,118
8/30/2024,8,379.4675408,109
8/30/2024,9,346.4245688,112
8/30/2024,10,390.6364217,112
8/30/2024,11,269.3963202,156
8/30/2024,12,180.742969,524
8/30/2024,13,211.2668508,358
8/30/2024,14,235.9142052,330
8/30/2024,15,207.9190833,369
8/30/2024,16,206.377037,394
8/30/2024,17,191.9960053,282
8/30/2024,18,192.4501222,386
8/30/2024,19,215.0362442,379
8/30/2024,20,296.9033512,288
8/30/2024,21,183.4658212,449
8/30/2024,22,208.6434774,363
8/30/2024,23,300.1921986,249
8/31/2024,0,233.8924323,270
8/31/2024,1,217.238395,295
8/31/2024,2,217.2468764,353
8/31/2024,3,265.4239603,277
8/31/2024,4,270.6860681,226
8/31/2024,5,288.3184338,124
8/31/2024,6,312.2370594,167
8/31/2024,7,372.3620143,94
8/31/2024,8,340.1988454,130
8/31/2024,9,350.1632971,122
8/31/2024,10,333.6173887,116
8/31/2024,11,265.6792895,211
8/31/2024,12,267.5513449,203
8/31/2024,13,236.4817701,274
8/31/2024,14,303.9699435,271
8/31/2024,15,257.8936755,259
8/31/2024,16,230.3447695,284
8/31/2024,17,228.8390685,290
8/31/2024,18,259.7299186,374
8/31/2024,19,244.3204986,371
8/31/2024,20,234.0033037,280
8/31/2024,21,236.6260819,309
8/31/2024,22,236.0512468,355
8/31/2024,23,251.511187,290
9/1/2024,0,222.0479633,309
9/1/2024,1,207.3308087,338
9/1/2024,2,236.7927566,287
9/1/2024,3,220.9498242,312
9/1/2024,4,284.0027184,265
9/1/2024,5,256.9919373,152
9/1/2024,6,322.9664101,153
9/1/2024,7,441.3010427,88
9/1/2024,8,328.8158783,141
9/1/2024,9,342.289079,108
9/1/2024,10,367.4469897,119
9/1/2024,11,322.4418289,133
9/1/2024,12,280.9920572,182
9/1/2024,13,267.9145257,205
9/1/2024,14,223.0288917,332
9/1/2024,15,228.9042365,387
9/1/2024,16,270.353969,359
9/1/2024,17,228.6779303,284
9/1/2024,18,260.6487327,342
9/1/2024,19,313.304029,251
9/1/2024,20,253.8732781,287
9/1/2024,21,234.8787315,362
9/1/2024,22,284.4275933,318
9/1/2024,23,234.3712838,286
9/2/2024,0,228.1705579,446
9/2/2024,1,168.8990093,514
9/2/2024,2,192.1909153,420
9/2/2024,3,180.9038906,357
9/2/2024,4,270.067691,236
9/2/2024,5,285.1436176,134
9/2/2024,6,322.3047065,147
9/2/2024,7,268.7209801,120
9/2/2024,8,390.1191412,105
9/2/2024,9,357.5911562,104
9/2/2024,10,360.6398034,116
9/2/2024,11,312.5081941,139
9/2/2024,12,236.4460035,258
9/2/2024,13,266.8741222,245
9/2/2024,14,258.870326,307
9/2/2024,15,214.5498702,338
9/2/2024,16,284.7145549,232
9/2/2024,17,227.9406075,279
9/2/2024,18,218.907352,286
9/2/2024,19,234.8626995,330
9/2/2024,20,248.9423379,313
9/2/2024,21,245.3973989,354
9/2/2024,22,224.0155818,288
9/2/2024,23,195.4219261,308
9/3/2024,0,218.4240638,327
9/3/2024,1,202.3069076,363
9/3/2024,2,212.6099354,347
9/3/2024,3,280.6519128,260
9/3/2024,4,277.8434404,195
9/3/2024,5,276.0706353,114
9/3/2024,6,329.0193394,159
9/3/2024,7,349.0117194,113
9/3/2024,8,431.17179,99
9/3/2024,9,352.3968069,102
9/3/2024,10,360.8674261,124
9/3/2024,11,252.4439775,171
9/3/2024,12,187.6284453,502
9/3/2024,13,295.5878956,309
9/3/2024,14,256.1259671,349
9/3/2024,15,216.8138037,358
9/3/2024,16,229.0149436,340
9/3/2024,17,205.3512587,313
9/3/2024,18,231.2568954,305
9/3/2024,19,181.4010025,422
9/3/2024,20,224.3893994,319
9/3/2024,21,222.2409128,440
9/3/2024,22,229.765879,583
9/3/2024,23,202.7367383,502
9/4/2024,0,215.3762815,391
9/4/2024,1,230.0728381,342
9/4/2024,2,278.2066834,367
9/4/2024,3,315.5903822,239
9/4/2024,4,248.7644949,221
9/4/2024,5,225.4589226,161
9/4/2024,6,411.2902401,109
9/4/2024,7,336.8582258,110
9/4/2024,8,334.8839183,148
9/4/2024,9,311.7123159,157
9/4/2024,10,312.4088329,174
9/4/2024,11,257.5653287,227
9/4/2024,12,186.6761386,440
9/4/2024,13,193.8490268,404
9/4/2024,14,215.9067505,486
9/4/2024,15,217.9582455,355
9/4/2024,16,259.6705368,361
9/4/2024,17,244.8182621,339
9/4/2024,18,182.4663835,433
9/4/2024,19,222.5708098,366
9/4/2024,20,206.3210175,371
9/4/2024,21,216.4678434,367
9/4/2024,22,196.7052698,364
9/4/2024,23,207.2074598,391
9/5/2024,0,210.3874914,422
9/5/2024,1,176.8342111,392
9/5/2024,2,249.1860244,284
9/5/2024,3,248.5869197,273
9/5/2024,4,280.4795464,261
9/5/2024,5,248.2640736,152
9/5/2024,6,379.84114,130
9/5/2024,7,348.5530951,119
9/5/2024,8,466.8967683,101
9/5/2024,9,399.6833383,93
9/5/2024,10,396.2357368,112
9/5/2024,11,249.127735,206
9/5/2024,12,188.53323,508
9/5/2024,13,216.6740336,360
9/5/2024,14,259.742178,359
9/5/2024,15,232.1358172,365
9/5/2024,16,248.4317976,306
9/5/2024,17,204.8093708,347
9/5/2024,18,208.3267194,392
9/5/2024,19,202.5619782,403
9/5/2024,20,169.9743113,443
9/5/2024,21,239.7938706,392
9/5/2024,22,212.9081779,365
9/5/2024,23,237.7951153,356
9/6/2024,0,253.5366686,502
9/6/2024,1,222.299046,429
9/6/2024,2,222.5614421,431
9/6/2024,3,307.7347107,279
9/6/2024,4,315.8302471,171
9/6/2024,5,237.1069887,168
9/6/2024,6,424.1106226,121
9/6/2024,7,371.9082007,107
9/6/2024,8,350.5485873,133
9/6/2024,9,361.4229166,107
9/6/2024,10,370.0498206,130
9/6/2024,11,263.6096996,162
9/6/2024,12,176.3424824,466
9/6/2024,13,206.2994506,421
9/6/2024,14,241.0494968,358
9/6/2024,15,184.3750706,409
9/6/2024,16,224.3039639,386
9/6/2024,17,188.3902094,351
9/6/2024,18,241.4017346,379
9/6/2024,19,206.6471685,429
9/6/2024,20,235.7625651,380
9/6/2024,21,249.5819671,377
9/6/2024,22,233.1205993,333
9/6/2024,23,230.0057846,312
9/7/2024,0,202.1208807,410
9/7/2024,1,161.316751,437
9/7/2024,2,229.3519974,341
9/7/2024,3,286.1537192,234
9/7/2024,4,279.7916599,277
9/7/2024,5,216.1283481,204
9/7/2024,6,303.3779364,163
9/7/2024,7,334.0276184,138
9/7/2024,8,395.6995633,116
9/7/2024,9,377.9770307,99
9/7/2024,10,348.9056661,140
9/7/2024,11,306.4183725,132
9/7/2024,12,269.1398817,241
9/7/2024,13,281.9313052,244
9/7/2024,14,266.5654491,319
9/7/2024,15,288.8759461,312
9/7/2024,16,202.7462295,431
9/7/2024,17,237.0978817,305
9/7/2024,18,263.4282433,332
9/7/2024,19,228.713571,342
9/7/2024,20,247.0720079,283
9/7/2024,21,237.695503,331
9/7/2024,22,205.8310606,378
9/7/2024,23,220.1557206,344
9/8/2024,0,220.6373779,322
9/8/2024,1,226.8525202,279
9/8/2024,2,235.8035327,306
9/8/2024,3,252.2877782,242
9/8/2024,4,320.4430469,173
9/8/2024,5,276.3492554,156
9/8/2024,6,340.1850517,142
9/8/2024,7,381.2625276,113
9/8/2024,8,368.9047868,119
9/8/2024,9,402.0944832,100
9/8/2024,10,399.5448564,104
9/8/2024,11,269.4317185,162
9/8/2024,12,305.0954691,190
9/8/2024,13,232.6825848,231
9/8/2024,14,236.6812446,366
9/8/2024,15,226.3215462,309
9/8/2024,16,249.0970225,341
9/8/2024,17,193.6360675,425
9/8/2024,18,189.8749309,404
9/8/2024,19,196.8041134,315
9/8/2024,20,232.9700985,363
9/8/2024,21,186.7068601,412
9/8/2024,22,219.8717026,316
9/8/2024,23,205.2085873,346
9/9/2024,0,218.4501832,299
9/9/2024,1,186.0796654,420
9/9/2024,2,218.0337353,389
9/9/2024,3,266.898189,235
9/9/2024,4,261.5079379,222
9/9/2024,5,199.5860644,185
9/9/2024,6,398.1882025,131
9/9/2024,7,460.4239644,76
9/9/2024,8,383.1712796,115
9/9/2024,9,346.611156,106
9/9/2024,10,335.0675853,150
9/9/2024,11,292.2763763,221
9/9/2024,12,182.7357054,394
9/9/2024,13,218.0878106,384
9/9/2024,14,212.2799837,439
9/9/2024,15,193.0093703,454
9/9/2024,16,202.2014838,373
9/9/2024,17,216.356623,395
9/9/2024,18,232.9539175,441
9/9/2024,19,234.4446092,445
9/9/2024,20,211.9783396,370
9/9/2024,21,217.2539845,378
9/9/2024,22,222.2623469,386
9/9/2024,23,186.5440411,513
9/10/2024,0,216.3084719,457
9/10/2024,1,220.3020954,566
9/10/2024,2,211.3618752,396
9/10/2024,3,238.5652056,285
9/10/2024,4,285.9941898,227
9/10/2024,5,204.8915135,192
9/10/2024,6,403.2806857,112
9/10/2024,7,419.1056996,92
9/10/2024,8,347.5904799,113
9/10/2024,9,386.0612284,94
9/10/2024,10,327.7937977,139
9/10/2024,11,251.9696418,231
9/10/2024,12,173.5881771,459
9/10/2024,13,204.8768995,412
9/10/2024,14,219.9901717,388
9/10/2024,15,197.807576,354
9/10/2024,16,242.1590777,344
9/10/2024,17,210.6164508,359
9/10/2024,18,233.6815798,352
9/10/2024,19,204.1595964,410
9/10/2024,20,209.6501143,397
9/10/2024,21,217.0720115,427
9/10/2024,22,200.9871249,344
9/10/2024,23,176.3101828,444
9/11/2024,0,197.4889005,327
9/11/2024,1,170.4376592,441
9/11/2024,2,237.8699101,350
9/11/2024,3,259.7905537,323
9/11/2024,4,312.2260189,183
9/11/2024,5,228.9507027,136
9/11/2024,6,381.3037664,134
9/11/2024,7,407.2835351,80
9/11/2024,8,434.2401345,105
9/11/2024,9,362.1820568,91
9/11/2024,10,375.6629161,112
9/11/2024,11,296.9903751,176
9/11/2024,12,241.7797722,200
9/11/2024,13,215.7900426,308
9/11/2024,14,220.2030388,370
9/11/2024,15,229.8861507,324
9/11/2024,16,225.1331659,357
9/11/2024,17,232.215289,374
9/11/2024,18,222.6711542,380
9/11/2024,19,195.3477337,414
9/11/2024,20,278.5458923,430
9/11/2024,21,215.0703996,357
9/11/2024,22,223.060459,313
9/11/2024,23,249.0891855,314
9/12/2024,0,205.9813679,323
9/12/2024,1,240.3886962,387
9/12/2024,2,230.4952409,220
9/12/2024,3,264.6938018,207
9/12/2024,4,325.7591219,167
9/12/2024,5,231.1769941,154
9/12/2024,6,374.2138463,114
9/12/2024,7,383.8460785,85
9/12/2024,8,331.1604716,134
9/12/2024,9,383.5919404,95
9/12/2024,10,254.5575229,250
9/12/2024,11,277.6756608,171
9/12/2024,12,207.4968197,326
9/12/2024,13,232.9307009,285
9/12/2024,14,239.6991118,402
9/12/2024,15,222.2469076,334
9/12/2024,16,214.1256479,313
9/12/2024,17,183.2848009,293
9/12/2024,18,204.6874799,363
9/12/2024,19,222.5341419,343
9/12/2024,20,193.8755044,394
9/12/2024,21,250.7637953,362
9/12/2024,22,253.569811,284
9/12/2024,23,188.8248396,416
9/13/2024,0,194.4816094,347
9/13/2024,1,203.7757867,394
9/13/2024,2,261.1300246,311
9/13/2024,3,262.4565356,231
9/13/2024,4,346.4444659,162
9/13/2024,5,241.6307941,254
9/13/2024,6,418.2295423,122
9/13/2024,7,387.4988945,80
9/13/2024,8,360.9770244,123
9/13/2024,9,375.4371184,91
9/13/2024,10,300.6022465,149
9/13/2024,11,279.9699145,150
9/13/2024,12,207.843922,298
9/13/2024,13,199.7306308,302
9/13/2024,14,236.8836646,388
9/13/2024,15,210.9094493,332
9/13/2024,16,260.124602,338
9/13/2024,17,232.0800662,256
9/13/2024,18,244.7524001,309
9/13/2024,19,283.0684929,266
9/13/2024,20,225.1638492,320
9/13/2024,21,233.233484,295
9/13/2024,22,246.3456592,258
9/13/2024,23,252.7677063,287
9/14/2024,0,195.324625,318
9/14/2024,1,240.713418,259
9/14/2024,2,255.7982023,265
9/14/2024,3,214.2297272,280
9/14/2024,4,295.0180566,198
9/14/2024,5,257.4667652,144
9/14/2024,6,388.9500765,112
9/14/2024,7,415.5691033,83
9/14/2024,8,396.6810297,95
9/14/2024,9,251.5222136,133
9/14/2024,10,363.370663,115
9/14/2024,11,304.0855868,117
9/14/2024,12,265.5185514,191
9/14/2024,13,268.789721,191
9/14/2024,14,250.4470559,265
9/14/2024,15,203.7827966,313
9/14/2024,16,239.7657391,325
9/14/2024,17,215.3296165,284
9/14/2024,18,234.616187,278
9/14/2024,19,250.372733,242
9/14/2024,20,234.7030741,291
9/14/2024,21,220.9083298,297
9/14/2024,22,227.8633341,257
9/14/2024,23,179.0420999,431
9/15/2024,0,212.100603,314
9/15/2024,1,241.1903914,299
9/15/2024,2,216.864833,263
9/15/2024,3,282.5106287,282
9/15/2024,4,233.1439777,220
9/15/2024,5,208.0577076,161
9/15/2024,6,352.299252,135
9/15/2024,7,418.380283,85
9/15/2024,8,450.1113262,88
9/15/2024,9,389.0383083,75
9/15/2024,10,362.3852848,113
9/15/2024,11,337.2991919,105
9/15/2024,12,280.5574835,163
9/15/2024,13,262.7963749,222
9/15/2024,14,252.5411419,246
9/15/2024,15,281.4347917,324
9/15/2024,16,232.8173107,275
9/15/2024,17,239.115059,232
9/15/2024,18,252.2460719,279
9/15/2024,19,264.2013039,259
9/15/2024,20,170.5070218,409
9/15/2024,21,222.4236954,251
9/15/2024,22,207.3130285,326
9/15/2024,23,228.3066154,294
9/16/2024,0,198.5874902,373
9/16/2024,1,195.0122688,336
9/16/2024,2,238.7013552,267
9/16/2024,3,316.6513982,184
9/16/2024,4,295.4924616,149
9/16/2024,5,252.1056127,139
9/16/2024,6,341.5771099,147
9/16/2024,7,437.979111,72
9/16/2024,8,355.0321919,138
9/16/2024,9,378.5859223,88
9/16/2024,10,232.0517856,183
9/16/2024,11,294.4163357,158
9/16/2024,12,228.9618258,280
9/16/2024,13,235.8235853,371
9/16/2024,14,225.3196261,355
9/16/2024,15,182.4053409,458
9/16/2024,16,224.0720718,403
9/16/2024,17,209.6113793,270
9/16/2024,18,238.5611063,341
9/16/2024,19,222.6935434,318
9/16/2024,20,245.1963833,341
9/16/2024,21,245.3682229,357
9/16/2024,22,196.6579012,363
9/16/2024,23,213.033943,328
9/17/2024,0,220.0912961,379
9/17/2024,1,256.2640802,216
9/17/2024,2,242.058901,223
9/17/2024,3,318.1306417,196
9/17/2024,4,297.3379388,159
9/17/2024,5,229.0708006,140
9/17/2024,6,393.752099,115
9/17/2024,7,371.540102,86
9/17/2024,8,377.1938486,102
9/17/2024,9,341.4420336,109
9/17/2024,10,386.789339,115
9/17/2024,11,267.2965204,139
9/17/2024,12,192.8219254,320
9/17/2024,13,232.262145,292
9/17/2024,14,238.5248761,389
9/17/2024,15,261.9484289,216
9/17/2024,16,256.9731308,306
9/17/2024,17,224.6910621,284
9/17/2024,18,225.1647414,455
9/17/2024,19,198.6440727,453
9/17/2024,20,191.9080979,449
9/17/2024,21,207.5387651,354
9/17/2024,22,233.2394456,326
9/17/2024,23,182.8741415,398
9/18/2024,0,212.7921957,405
9/18/2024,1,233.1806167,278
9/18/2024,2,265.5892856,263
9/18/2024,3,261.4018028,222
9/18/2024,4,304.9309817,173
9/18/2024,5,219.6586556,148
9/18/2024,6,431.4524602,94
9/18/2024,7,318.9665298,98
9/18/2024,8,420.5052725,96
9/18/2024,9,283.6441153,118
9/18/2024,10,258.0031625,165
9/18/2024,11,229.8814207,209
9/18/2024,12,230.201064,275
9/18/2024,13,233.7241473,311
9/18/2024,14,216.7803347,494
9/18/2024,15,198.9371402,358
9/18/2024,16,247.6330382,331
9/18/2024,17,235.4584652,316
9/18/2024,18,242.8279181,356
9/18/2024,19,247.093835,296
9/18/2024,20,274.9696116,291
9/18/2024,21,223.0552943,334
9/18/2024,22,236.1390906,402
9/18/2024,23,209.5906265,392
9/19/2024,0,213.6691415,311
9/19/2024,1,226.7714713,348
9/19/2024,2,232.3489675,291
9/19/2024,3,247.1216632,261
9/19/2024,4,298.5566583,165
9/19/2024,5,237.2988854,141
9/19/2024,6,374.8493144,108
9/19/2024,7,366.969208,87
9/19/2024,8,394.912885,95
9/19/2024,9,394.0513359,96
9/19/2024,10,231.9834573,177
9/19/2024,11,271.8077572,161
9/19/2024,12,221.4252539,265
9/19/2024,13,242.8813282,270
9/19/2024,14,242.2832144,345
9/19/2024,15,222.0058258,379
9/19/2024,16,227.2354296,360
9/19/2024,17,228.9156644,305
9/19/2024,18,208.2312592,510
9/19/2024,19,232.6384867,353
9/19/2024,20,191.1271235,406
9/19/2024,21,191.8613927,416
9/19/2024,22,259.4237657,269
9/19/2024,23,245.7770651,290
9/20/2024,0,226.8364917,311
9/20/2024,1,193.5953955,319
9/20/2024,2,256.2845709,307
9/20/2024,3,279.8110639,234
9/20/2024,4,283.7583531,181
9/20/2024,5,241.8439636,155
9/20/2024,6,405.5936555,104
9/20/2024,7,435.5749546,79
9/20/2024,8,307.6177351,150
9/20/2024,9,399.4933789,83
9/20/2024,10,287.9268844,193
9/20/2024,11,192.5181789,216
9/20/2024,12,223.6646426,301
9/20/2024,13,237.9643813,325
9/20/2024,14,260.3216749,333
9/20/2024,15,264.8188781,270
9/20/2024,16,250.0479952,294
9/20/2024,17,256.3353261,279
9/20/2024,18,260.2684607,313
9/20/2024,19,203.1789115,274
9/20/2024,20,254.1415137,295
9/20/2024,21,218.8798502,330
9/20/2024,22,230.841748,320
9/20/2024,23,210.8322151,298
9/21/2024,0,214.7834652,350
9/21/2024,1,201.5240166,342
9/21/2024,2,195.1704093,309
9/21/2024,3,263.5944325,220
9/21/2024,4,301.9956646,175
9/21/2024,5,244.2144252,153
9/21/2024,6,399.4305952,107
9/21/2024,7,445.8351704,70
9/21/2024,8,362.1237224,111
9/21/2024,9,431.0755736,86
9/21/2024,10,497.6605941,79
9/21/2024,11,345.6689637,99
9/21/2024,12,276.5173071,137
9/21/2024,13,289.1075016,195
9/21/2024,14,211.980085,336
9/21/2024,15,235.5539244,279
9/21/2024,16,228.1409594,318
9/21/2024,17,202.5784956,263
9/21/2024,18,244.1477881,263
9/21/2024,19,235.251321,248
9/21/2024,20,243.2999275,254
9/21/2024,21,314.7252614,164
9/21/2024,22,269.2660188,221
9/21/2024,23,194.2201704,324
9/22/2024,0,197.4350028,387
9/22/2024,1,214.8107808,259
9/22/2024,2,219.2268937,282
9/22/2024,3,250.5501512,222
9/22/2024,4,272.226158,186
9/22/2024,5,225.809583,158
9/22/2024,6,375.9608639,117
9/22/2024,7,509.4526088,62
9/22/2024,8,438.9959702,78
9/22/2024,9,266.6709099,120
9/22/2024,10,406.901982,86
9/22/2024,11,306.2988288,124
9/22/2024,12,307.8261287,158
9/22/2024,13,258.2998202,190
9/22/2024,14,279.0349435,203
9/22/2024,15,244.7901662,261
9/22/2024,16,243.3731041,275
9/22/2024,17,182.226035,343
9/22/2024,18,209.7824359,292
9/22/2024,19,229.6339332,285
9/22/2024,20,237.3111174,249
9/22/2024,21,257.2747176,242
9/22/2024,22,206.1572178,304
9/22/2024,23,200.0737959,333
9/23/2024,0,211.9549579,305
9/23/2024,1,202.220947,352
9/23/2024,2,231.0109029,244
9/23/2024,3,266.0639646,192
9/23/2024,4,279.0316219,179
9/23/2024,5,237.3404079,174
9/23/2024,6,394.8637586,106
9/23/2024,7,526.8847063,53
9/23/2024,8,429.7528235,83
9/23/2024,9,370.3321893,92
9/23/2024,10,373.099938,103
9/23/2024,11,288.8329791,141
9/23/2024,12,247.117499,218
9/23/2024,13,222.2707782,292
9/23/2024,14,263.3311006,303
9/23/2024,15,210.840722,363
9/23/2024,16,217.9819976,326
9/23/2024,17,191.5520155,360
9/23/2024,18,246.1432163,284
9/23/2024,19,160.5717032,476
9/23/2024,20,225.3586323,353
9/23/2024,21,223.562817,349
9/23/2024,22,240.5861193,286
9/23/2024,23,202.9414688,347
9/24/2024,0,205.1590588,318
9/24/2024,1,224.7613646,351
9/24/2024,2,274.7837661,314
9/24/2024,3,241.0870354,278
9/24/2024,4,274.2036766,169
9/24/2024,5,203.8895435,190
9/24/2024,6,305.3802645,166
9/24/2024,7,468.2822156,68
9/24/2024,8,332.8702908,147
9/24/2024,9,333.613355,92
9/24/2024,10,294.7913657,142
9/24/2024,11,292.7855391,159
9/24/2024,12,243.0307344,253
9/24/2024,13,202.7185531,329
9/24/2024,14,200.0136314,392
9/24/2024,15,199.289274,395
9/24/2024,16,230.495457,322
9/24/2024,17,230.1569581,254
9/24/2024,18,211.6693001,367
9/24/2024,19,196.5196204,385
9/24/2024,20,234.2186461,406
9/24/2024,21,259.0862856,438
9/24/2024,22,250.338143,348
9/24/2024,23,193.9251912,354
9/25/2024,0,223.4105982,329
9/25/2024,1,231.4910418,280
9/25/2024,2,262.0896411,305
9/25/2024,3,298.8717537,213
9/25/2024,4,317.4995937,116
9/25/2024,5,212.0922623,169
9/25/2024,6,363.7433452,118
9/25/2024,7,391.3104088,90
9/25/2024,8,342.3955018,132
9/25/2024,9,361.8630892,85
9/25/2024,10,307.3416293,165
9/25/2024,11,235.8298685,173
9/25/2024,12,214.6406328,273
9/25/2024,13,195.8232193,342
9/25/2024,14,206.6084586,429
9/25/2024,15,227.3705295,357
9/25/2024,16,229.2562582,275
9/25/2024,17,215.2912807,253
9/25/2024,18,256.5538143,281
9/25/2024,19,232.3753725,311
9/25/2024,20,236.5770252,334
9/25/2024,21,251.0174678,296
9/25/2024,22,159.8703041,438
9/25/2024,23,221.2089796,395
9/26/2024,0,209.525549,306
9/26/2024,1,247.9444333,244
9/26/2024,2,226.421972,265
9/26/2024,3,286.2308032,215
9/26/2024,4,247.6371711,233
9/26/2024,5,215.3730559,166
9/26/2024,6,209.9734296,95
9/26/2024,7,201.122391,59
9/26/2024,8,227.1637963,89
9/26/2024,9,154.2181606,74
9/26/2024,10,218.0224254,118
9/26/2024,11,161.3679008,122
9/26/2024,12,141.8634058,217
9/26/2024,13,162.677276,433
9/26/2024,14,228.4774414,340
9/26/2024,15,207.1335946,382
9/26/2024,16,251.0026414,292
9/26/2024,17,182.116467,352
9/26/2024,18,184.0317997,554
9/26/2024,19,203.5648193,343
9/26/2024,20,218.5118944,338
9/26/2024,21,198.2109737,332
9/26/2024,22,235.2227754,284
9/26/2024,23,217.1619314,313
9/27/2024,0,215.9503655,398
9/27/2024,1,217.2221448,302
9/27/2024,2,271.2837706,264
9/27/2024,3,259.4332808,259
9/27/2024,4,243.5629415,199
9/27/2024,5,271.2805791,124
9/27/2024,6,375.061203,132
9/27/2024,7,366.578292,95
9/27/2024,8,389.4703187,98
9/27/2024,9,340.7774862,94
9/27/2024,10,362.741936,153
9/27/2024,11,275.6577306,135
9/27/2024,12,215.5882604,223
9/27/2024,13,226.2515433,323
9/27/2024,14,208.8027571,419
9/27/2024,15,214.7003868,304
9/27/2024,16,241.4245588,277
9/27/2024,17,303.2656469,290
9/27/2024,18,229.8354257,347
9/27/2024,19,244.3462484,379
9/27/2024,20,228.0270829,287
9/27/2024,21,241.4903926,331
9/27/2024,22,228.87108,333
9/27/2024,23,224.9732261,352
9/28/2024,0,259.4800087,346
9/28/2024,1,232.5414401,337
9/28/2024,2,211.2126265,290
9/28/2024,3,264.4341935,261
9/28/2024,4,308.7741372,170
9/28/2024,5,228.5910428,207
9/28/2024,6,370.3513611,130
9/28/2024,7,260.9942227,153
9/28/2024,8,327.9002579,149
9/28/2024,9,357.312721,92
9/28/2024,10,392.6872571,98
9/28/2024,11,304.9372207,116
9/28/2024,12,233.1138441,205
9/28/2024,13,244.6027699,217
9/28/2024,14,206.2397716,378
9/28/2024,15,191.2330544,399
9/28/2024,16,219.5932401,319
9/28/2024,17,227.6686435,244
9/28/2024,18,259.3051979,272
9/28/2024,19,248.1793302,309
9/28/2024,20,257.2500137,268
9/28/2024,21,238.0255875,224
9/28/2024,22,218.1680037,281
9/28/2024,23,200.7995498,306
9/29/2024,0,185.4023099,343
9/29/2024,1,230.6161879,366
9/29/2024,2,222.7237788,314
9/29/2024,3,239.2048125,244
9/29/2024,4,235.5237906,241
9/29/2024,5,227.9783799,160
9/29/2024,6,340.7174022,132
9/29/2024,7,386.5024622,88
9/29/2024,8,348.8549286,111
9/29/2024,9,370.0518532,88
9/29/2024,10,392.7410744,93
9/29/2024,11,249.3327937,155
9/29/2024,12,272.2832488,166
9/29/2024,13,371.4571213,204
9/29/2024,14,251.3716521,315
9/29/2024,15,205.1060571,459
9/29/2024,16,250.5000135,321
9/29/2024,17,169.5050836,303
9/29/2024,18,229.1609705,331
9/29/2024,19,155.2918646,464
9/29/2024,20,202.0669659,364
9/29/2024,21,213.9458935,346
9/29/2024,22,233.3557552,281
9/29/2024,23,160.7831778,328
9/30/2024,0,182.6155511,308
9/30/2024,1,191.4155528,287
9/30/2024,2,200.1963864,230
9/30/2024,3,244.9004305,194
9/30/2024,4,153.0670032,155
9/30/2024,5,106.3588241,110
9/30/2024,6,240.4512119,89
9/30/2024,7,178.8034716,58
9/30/2024,8,201.211289,93
9/30/2024,9,198.5171903,62
9/30/2024,10,232.7460122,84
9/30/2024,11,223.4832968,170
9/30/2024,12,118.3807333,278
9/30/2024,13,150.7207894,351
9/30/2024,14,158.6776365,392
9/30/2024,15,182.3068879,371
9/30/2024,16,205.0277497,345
9/30/2024,17,146.472862,261
9/30/2024,18,212.1497053,257
9/30/2024,19,163.7967757,399
9/30/2024,20,141.9481614,337
9/30/2024,21,184.1971208,316
9/30/2024,22,197.4532889,283
9/30/2024,23,169.0609027,372
10/1/2024,0,192.9833062,346
10/1/2024,1,159.8762091,334
10/1/2024,2,191.6998772,256
10/1/2024,3,241.0535081,206
10/1/2024,4,115.3692845,177
10/1/2024,5,117.9853158,123
10/1/2024,6,290.1046115,71
10/1/2024,7,200.0282625,61
10/1/2024,8,229.7775645,115
10/1/2024,9,141.1849285,95
10/1/2024,10,216.8019158,98
10/1/2024,11,159.8451941,124
10/1/2024,12,150.1208601,260
10/1/2024,13,168.4286856,324
10/1/2024,14,201.4364051,339
10/1/2024,15,163.8248181,390
10/1/2024,16,193.8159001,301
10/1/2024,17,144.9832527,304
10/1/2024,18,167.2181795,298
10/1/2024,19,158.6200205,343
10/1/2024,20,164.8218686,396
10/1/2024,21,156.9689003,341
10/1/2024,22,144.6633646,333
10/1/2024,23,146.2189981,332
10/2/2024,0,130.1865834,271
10/2/2024,1,133.2292648,292
10/2/2024,2,166.8082348,283
10/2/2024,3,192.9996171,214
10/2/2024,4,229.0922756,200
10/2/2024,5,128.2815662,120
10/2/2024,6,295.1107168,83
10/2/2024,7,231.1814493,47
10/2/2024,8,169.3378958,87
10/2/2024,9,212.1126783,56
10/2/2024,10,254.4627092,75
10/2/2024,11,166.2858651,99
10/2/2024,12,145.3664997,240
10/2/2024,13,189.6754127,294
10/2/2024,14,160.0391592,315
10/2/2024,15,169.8946853,336
10/2/2024,16,196.4668922,284
10/2/2024,17,162.3287208,339
10/2/2024,18,186.9339112,373
10/2/2024,19,163.7223917,361
10/2/2024,20,231.8952576,414
10/2/2024,21,186.8488557,351
10/2/2024,22,169.1320999,352
10/2/2024,23,155.5247501,306
10/3/2024,0,173.5381319,383
10/3/2024,1,168.6806623,315
10/3/2024,2,172.9467407,387
10/3/2024,3,216.7098363,180
10/3/2024,4,159.1680235,111
10/3/2024,5,92.99105246,158
10/3/2024,6,237.7963574,97
10/3/2024,7,191.8804809,51
10/3/2024,8,224.7616796,100
10/3/2024,9,157.1933177,86
10/3/2024,10,226.3787122,89
10/3/2024,11,186.8476676,100
10/3/2024,12,122.1952677,285
10/3/2024,13,157.3443766,367
10/3/2024,14,166.8438885,473
10/3/2024,15,172.561344,297
10/3/2024,16,189.5270019,336
10/3/2024,17,142.562911,345
10/3/2024,18,168.4929194,341
10/3/2024,19,193.6925856,321
10/3/2024,20,140.7248592,326
10/3/2024,21,172.8624969,371
10/3/2024,22,172.2767979,300
10/3/2024,23,175.209007,339
10/4/2024,0,169.0800063,335
10/4/2024,1,247.6354854,340
10/4/2024,2,163.8494037,203
10/4/2024,3,224.3578872,203
10/4/2024,4,202.3155254,137
10/4/2024,5,110.7742217,139
10/4/2024,6,233.0652449,96
10/4/2024,7,166.7953162,70
10/4/2024,8,224.4756313,114
10/4/2024,9,162.24618,84
10/4/2024,10,294.8108001,87
10/4/2024,11,123.1474391,109
10/4/2024,12,177.997118,219
10/4/2024,13,168.3303091,285
10/4/2024,14,172.7543812,367
10/4/2024,15,156.8924353,359
10/4/2024,16,175.799304,375
10/4/2024,17,157.8685816,237
10/4/2024,18,222.3229544,251
10/4/2024,19,189.9205729,302
10/4/2024,20,169.6963829,297
10/4/2024,21,166.106148,275
10/4/2024,22,162.7119418,268
10/4/2024,23,148.2602575,275
10/5/2024,0,167.7849891,255
10/5/2024,1,198.1792435,241
10/5/2024,2,182.9727095,228
10/5/2024,3,204.1894637,201
10/5/2024,4,183.5091656,177
10/5/2024,5,110.3898923,134
10/5/2024,6,282.321235,96
10/5/2024,7,199.7917556,47
10/5/2024,8,190.298725,78
10/5/2024,9,137.388215,97
10/5/2024,10,251.9299118,98
10/5/2024,11,227.5741681,81
10/5/2024,12,105.0897677,166
10/5/2024,13,209.2690067,192
10/5/2024,14,192.0003151,238
10/5/2024,15,161.5270136,217
10/5/2024,16,184.7079368,365
10/5/2024,17,110.6009148,290
10/5/2024,18,184.2810018,438
10/5/2024,19,158.6697934,235
10/5/2024,20,151.8104211,260
10/5/2024,21,232.6313949,238
10/5/2024,22,208.7096936,227
10/5/2024,23,196.7360359,215
10/6/2024,0,177.3678463,220
10/6/2024,1,197.1947533,281
10/6/2024,2,228.8357208,242
10/6/2024,3,152.4082172,241
10/6/2024,4,156.2131811,226
10/6/2024,5,111.6216538,158
10/6/2024,6,204.6160024,123
10/6/2024,7,169.7190838,84
10/6/2024,8,150.6170016,90
10/6/2024,9,236.9127126,59
10/6/2024,10,164.7429671,119
10/6/2024,11,186.2944001,63
10/6/2024,12,125.2092342,154
10/6/2024,13,191.6965584,199
10/6/2024,14,191.3981462,208
10/6/2024,15,221.6932922,200
10/6/2024,16,197.2439376,250
10/6/2024,17,130.6259002,216
10/6/2024,18,190.3533307,291
10/6/2024,19,189.9201362,259
10/6/2024,20,193.5794397,327
10/6/2024,21,211.496418,233
10/6/2024,22,175.9441928,248
10/6/2024,23,142.1765926,269
10/7/2024,0,174.7741559,233
10/7/2024,1,193.1022838,220
10/7/2024,2,201.8792674,193
10/7/2024,3,211.3516515,165
10/7/2024,4,189.8143329,183
10/7/2024,5,110.0326723,136
10/7/2024,6,219.3286228,111
10/7/2024,7,170.9181261,88
10/7/2024,8,227.9254681,114
10/7/2024,9,222.3942286,67
10/7/2024,10,219.739331,119
10/7/2024,11,165.1056489,108
10/7/2024,12,155.8795217,236
10/7/2024,13,193.2840537,383
10/7/2024,14,218.7249719,273
10/7/2024,15,187.5903261,239
10/7/2024,16,156.9090105,247
10/7/2024,17,148.6560761,264
10/7/2024,18,198.9624369,352
10/7/2024,19,206.334989,279
10/7/2024,20,186.2386343,292
10/7/2024,21,173.9120988,353
10/7/2024,22,155.9725375,334
10/7/2024,23,127.203635,259
10/8/2024,0,156.4977044,308
10/8/2024,1,162.1227498,298
10/8/2024,2,161.7410031,233
10/8/2024,3,203.5156171,229
10/8/2024,4,208.4455997,156
10/8/2024,5,112.6639511,143
10/8/2024,6,241.9572811,99
10/8/2024,7,203.9022264,74
10/8/2024,8,235.7531867,54
10/8/2024,9,202.2826745,86
10/8/2024,10,230.2578259,113
10/8/2024,11,156.1462474,128
10/8/2024,12,173.4135175,232
10/8/2024,13,182.2983377,317
10/8/2024,14,236.5554562,336
10/8/2024,15,208.7399063,299
10/8/2024,16,145.4053843,448
10/8/2024,17,117.2125251,339
10/8/2024,18,172.3841403,279
10/8/2024,19,167.7820187,357
10/8/2024,20,210.1055854,293
10/8/2024,21,213.1498195,341
10/8/2024,22,185.3708769,416
10/8/2024,23,152.6494309,410
10/9/2024,0,166.9039539,460
10/9/2024,1,169.9803287,425
10/9/2024,2,160.6273325,439
10/9/2024,3,250.4044066,205
10/9/2024,4,197.2095521,192
10/9/2024,5,133.8388809,117
10/9/2024,6,240.9716611,102
10/9/2024,7,151.0981375,131
10/9/2024,8,223.8442171,89
10/9/2024,9,214.7714037,92
10/9/2024,10,228.310874,103
10/9/2024,11,195.2201077,136
10/9/2024,12,163.484597,225
10/9/2024,13,176.4399455,252
10/9/2024,14,173.3076438,454
10/9/2024,15,154.9598355,373
10/9/2024,16,155.9348579,356
10/9/2024,17,158.5508672,252
10/9/2024,18,189.3790288,353
10/9/2024,19,161.8630595,322
10/9/2024,20,168.6036586,292
10/9/2024,21,196.8710926,273
10/9/2024,22,212.6753985,416
10/9/2024,23,151.4785409,354
10/10/2024,0,164.947375,257
10/10/2024,1,180.2249675,309
10/10/2024,2,155.1134306,255
10/10/2024,3,191.3546796,248
10/10/2024,4,168.6938283,157
10/10/2024,5,182.4981866,68
10/10/2024,6,251.942206,95
10/10/2024,7,196.6602768,75
10/10/2024,8,220.2448133,114
10/10/2024,9,239.6420137,72
10/10/2024,10,249.3298141,119
10/10/2024,11,178.9336051,138
10/10/2024,12,202.142495,231
10/10/2024,13,209.4699554,276
10/10/2024,14,201.2281769,309
10/10/2024,15,182.5480075,319
10/10/2024,16,156.3394484,286
10/10/2024,17,138.3949856,267
10/10/2024,18,217.2670559,250
10/10/2024,19,176.4850283,306
10/10/2024,20,205.613845,299
10/10/2024,21,188.5514887,299
10/10/2024,22,164.911944,324
10/10/2024,23,162.7253547,294
10/11/2024,0,166.2184693,322
10/11/2024,1,184.6480448,425
10/11/2024,2,162.343381,335
10/11/2024,3,212.3164931,232
10/11/2024,4,182.2914303,187
10/11/2024,5,147.3007468,104
10/11/2024,6,267.7578801,101
10/11/2024,7,237.4054403,100
10/11/2024,8,182.726007,116
10/11/2024,9,194.0908952,106
10/11/2024,10,250.8005565,108
10/11/2024,11,191.2109424,148
10/11/2024,12,160.8523185,313
10/11/2024,13,182.5289332,372
10/11/2024,14,208.5381259,370
10/11/2024,15,175.1931726,336
10/11/2024,16,150.896045,474
10/11/2024,17,173.6525069,314
10/11/2024,18,192.533191,306
10/11/2024,19,146.7875579,391
10/11/2024,20,172.9467589,403
10/11/2024,21,185.1983795,323
10/11/2024,22,191.0725288,299
10/11/2024,23,190.574446,342
10/12/2024,0,162.5592028,306
10/12/2024,1,186.5324314,262
10/12/2024,2,170.6870829,292
10/12/2024,3,206.2572308,274
10/12/2024,4,241.8866541,179
10/12/2024,5,185.2477448,186
10/12/2024,6,235.4090382,172
10/12/2024,7,210.1732344,74
10/12/2024,8,233.8982831,90
10/12/2024,9,190.8590503,62
10/12/2024,10,343.9908549,80
10/12/2024,11,144.1655127,109
10/12/2024,12,144.8824865,185
10/12/2024,13,237.7830801,214
10/12/2024,14,192.3748402,304
10/12/2024,15,145.3659502,250
10/12/2024,16,212.464528,299
10/12/2024,17,152.0637308,311
10/12/2024,18,164.382301,349
10/12/2024,19,192.2609276,259
10/12/2024,20,187.2451115,275
10/12/2024,21,177.1455023,292
10/12/2024,22,251.2002159,316
10/12/2024,23,214.6560888,325
10/13/2024,0,190.5213117,320
10/13/2024,1,240.8417604,320
10/13/2024,2,217.051273,334
10/13/2024,3,236.6340356,290
10/13/2024,4,312.7218214,153
10/13/2024,5,278.0483452,131
10/13/2024,6,305.9766192,180
10/13/2024,7,404.4141975,98
10/13/2024,8,426.1702762,97
10/13/2024,9,448.40881,76
10/13/2024,10,351.583801,151
10/13/2024,11,322.5613526,128
10/13/2024,12,320.7016501,220
10/13/2024,13,298.7145117,204
10/13/2024,14,228.8412149,301
10/13/2024,15,216.1703629,318
10/13/2024,16,200.3268439,363
10/13/2024,17,190.3324961,318
10/13/2024,18,219.6588491,322
10/13/2024,19,209.4141656,319
10/13/2024,20,213.1877093,356
10/13/2024,21,251.3929777,260
10/13/2024,22,245.3537008,311
10/13/2024,23,230.6933383,346
10/14/2024,0,243.8490208,271
10/14/2024,1,229.3632962,338
10/14/2024,2,208.8162348,295
10/14/2024,3,275.0816102,196
10/14/2024,4,277.2220063,219
10/14/2024,5,255.235894,151
10/14/2024,6,311.8699826,171
10/14/2024,7,367.3814595,110
10/14/2024,8,387.25835,110
10/14/2024,9,334.8581094,106
10/14/2024,10,296.0720455,149
10/14/2024,11,288.8720303,161
10/14/2024,12,232.2802324,266
10/14/2024,13,258.7271604,318
10/14/2024,14,199.4652906,628
10/14/2024,15,218.3972038,355
10/14/2024,16,260.4054629,316
10/14/2024,17,218.0822817,392
10/14/2024,18,235.728775,340
10/14/2024,19,235.3992476,289
10/14/2024,20,216.5818311,341
10/14/2024,21,227.7959737,322
10/14/2024,22,232.1350211,364
10/14/2024,23,228.346532,336
10/15/2024,0,232.8000276,290
10/15/2024,1,223.5384404,341
10/15/2024,2,189.7474182,426
10/15/2024,3,251.6086259,250
10/15/2024,4,279.1609933,171
10/15/2024,5,283.4648161,140
10/15/2024,6,329.3748917,143
10/15/2024,7,371.0581118,93
10/15/2024,8,396.1047994,103
10/15/2024,9,380.8079838,117
10/15/2024,10,321.7633227,151
10/15/2024,11,289.3682904,138
10/15/2024,12,274.2090981,238
10/15/2024,13,250.8799761,312
10/15/2024,14,242.224611,403
10/15/2024,15,250.5384837,318
10/15/2024,16,248.3200491,317
10/15/2024,17,195.3998195,401
10/15/2024,18,218.1274855,426
10/15/2024,19,267.7951873,380
10/15/2024,20,229.4379495,425
10/15/2024,21,232.7155234,330
10/15/2024,22,206.7312932,430
10/15/2024,23,204.5740799,423
10/16/2024,0,205.7237412,407
10/16/2024,1,253.0315742,385
10/16/2024,2,243.5126168,390
10/16/2024,3,270.4048743,229
10/16/2024,4,324.9478717,177
10/16/2024,5,319.1027973,125
10/16/2024,6,378.416907,130
10/16/2024,7,359.6851711,111
10/16/2024,8,395.6411237,102
10/16/2024,9,378.3931276,110
10/16/2024,10,425.2102467,127
10/16/2024,11,278.5010549,137
10/16/2024,12,220.9472731,244
10/16/2024,13,244.2968763,322
10/16/2024,14,239.9385896,364
10/16/2024,15,216.0332078,296
10/16/2024,16,257.5236551,295
10/16/2024,17,275.8341333,211
10/16/2024,18,241.7864132,378
10/16/2024,19,257.3480657,282
10/16/2024,20,242.5889768,413
10/16/2024,21,283.8702797,415
10/16/2024,22,248.6791409,407
10/16/2024,23,222.67847,300
10/17/2024,0,281.8129253,307
10/17/2024,1,229.2931066,349
10/17/2024,2,260.5008043,302
10/17/2024,3,272.7727252,230
10/17/2024,4,296.4619217,175
10/17/2024,5,274.4158051,134
10/17/2024,6,324.5070611,150
10/17/2024,7,333.6609375,113
10/17/2024,8,385.8936445,105
10/17/2024,9,336.2530611,111
10/17/2024,10,355.049288,148
10/17/2024,11,271.8118904,166
10/17/2024,12,242.5077628,233
10/17/2024,13,239.287244,286
10/17/2024,14,260.6746897,388
10/17/2024,15,241.2141747,308
10/17/2024,16,230.7648002,351
10/17/2024,17,242.7042041,261
10/17/2024,18,225.8564016,403
10/17/2024,19,226.3362309,348
10/17/2024,20,249.3307261,327
10/17/2024,21,261.4261272,300
10/17/2024,22,212.8860543,365
10/17/2024,23,214.2457972,337
10/18/2024,0,240.0607664,366
10/18/2024,1,261.5327493,346
10/18/2024,2,273.0154117,265
10/18/2024,3,290.3498828,221
10/18/2024,4,309.8798196,171
10/18/2024,5,275.2746029,125
10/18/2024,6,325.2727018,138
10/18/2024,7,373.0689151,98
10/18/2024,8,427.7711196,92
10/18/2024,9,388.9643062,97
10/18/2024,10,364.7428021,136
10/18/2024,11,270.7470649,147
10/18/2024,12,210.2625761,246
10/18/2024,13,224.5018717,326
10/18/2024,14,276.3127981,316
10/18/2024,15,257.3066183,291
10/18/2024,16,253.1058698,282
10/18/2024,17,199.625636,335
10/18/2024,18,237.1442792,340
10/18/2024,19,201.1195896,370
10/18/2024,20,269.0587895,284
10/18/2024,21,251.5644419,364
10/18/2024,22,181.034531,410
10/18/2024,23,211.0845335,291
10/19/2024,0,224.7102382,331
10/19/2024,1,264.6407166,288
10/19/2024,2,245.9606569,285
10/19/2024,3,278.5302194,206
10/19/2024,4,291.5358783,210
10/19/2024,5,249.8834801,141
10/19/2024,6,393.7700663,134
10/19/2024,7,351.132455,106
10/19/2024,8,363.1663682,105
10/19/2024,9,390.5086114,95
10/19/2024,10,383.4744515,112
10/19/2024,11,352.6264795,138
10/19/2024,12,209.4592683,292
10/19/2024,13,232.3302144,242
10/19/2024,14,248.0533333,263
10/19/2024,15,268.3076636,250
10/19/2024,16,201.8213212,392
10/19/2024,17,213.0175665,284
10/19/2024,18,287.8533403,265
10/19/2024,19,233.4011445,352
10/19/2024,20,227.2570535,332
10/19/2024,21,224.0744041,276
10/19/2024,22,240.5064125,280
10/19/2024,23,222.6492996,285
10/20/2024,0,215.4197705,326
10/20/2024,1,229.9504395,462
10/20/2024,2,254.1171516,292
10/20/2024,3,300.2610666,215
10/20/2024,4,286.2743121,208
10/20/2024,5,253.4276557,149
10/20/2024,6,262.9613307,214
10/20/2024,7,356.261203,99
10/20/2024,8,345.2778496,122
10/20/2024,9,483.8376926,81
10/20/2024,10,473.4516382,85
10/20/2024,11,393.3121287,111
10/20/2024,12,269.6264613,223
10/20/2024,13,294.5032178,183
10/20/2024,14,311.0320526,207
10/20/2024,15,279.977097,241
10/20/2024,16,248.3667925,323
10/20/2024,17,219.4801322,236
10/20/2024,18,252.1235793,320
10/20/2024,19,250.0655315,257
10/20/2024,20,245.6201869,360
10/20/2024,21,219.4126688,318
10/20/2024,22,248.2147785,246
10/20/2024,23,206.1318808,269
10/21/2024,0,238.6843642,272
10/21/2024,1,207.9584306,311
10/21/2024,2,233.0856141,301
10/21/2024,3,250.6238056,217
10/21/2024,4,345.1423118,146
10/21/2024,5,286.0924975,121
10/21/2024,6,375.99627,125
10/21/2024,7,416.7663514,89
10/21/2024,8,402.4474501,93
10/21/2024,9,359.8859776,100
10/21/2024,10,365.1897402,119
10/21/2024,11,339.4342108,142
10/21/2024,12,267.5197469,247
10/21/2024,13,230.7554983,293
10/21/2024,14,230.1052284,353
10/21/2024,15,253.525145,274
10/21/2024,16,231.8238507,316
10/21/2024,17,218.8673443,287
10/21/2024,18,247.2368717,308
10/21/2024,19,238.9486831,366
10/21/2024,20,265.9509028,330
10/21/2024,21,230.68706,430
10/21/2024,22,204.4662407,457
10/21/2024,23,197.2398232,297
10/22/2024,0,191.120275,476
10/22/2024,1,238.3002112,427
10/22/2024,2,194.1644718,380
10/22/2024,3,235.7195639,237
10/22/2024,4,313.344361,143
10/22/2024,5,279.1371026,139
10/22/2024,6,420.2631272,105
10/22/2024,7,398.8596714,99
10/22/2024,8,398.0342715,94
10/22/2024,9,352.9241664,113
10/22/2024,10,381.4630536,128
10/22/2024,11,290.1381911,145
10/22/2024,12,312.5991701,223
10/22/2024,13,269.4326481,300
10/22/2024,14,241.0308843,353
10/22/2024,15,226.1549854,311
10/22/2024,16,232.3097701,344
10/22/2024,17,237.023573,240
10/22/2024,18,269.3848166,303
10/22/2024,19,217.2534614,374
10/22/2024,20,259.4531691,307
10/22/2024,21,211.3555846,403
10/22/2024,22,236.1154508,324
10/22/2024,23,218.4658941,327
10/23/2024,0,200.5023138,392
10/23/2024,1,248.6822261,322
10/23/2024,2,252.7947222,264
10/23/2024,3,278.4560833,259
10/23/2024,4,288.5108502,180
10/23/2024,5,241.5190577,144
10/23/2024,6,350.5754876,126
10/23/2024,7,365.3618084,106
10/23/2024,8,389.8341284,95
10/23/2024,9,328.1369129,114
10/23/2024,10,365.1288445,135
10/23/2024,11,255.7068751,155
10/23/2024,12,214.8071582,247
10/23/2024,13,204.7816882,367
10/23/2024,14,246.0045876,424
10/23/2024,15,229.5362239,371
10/23/2024,16,254.6130263,304
10/23/2024,17,199.1357981,292
10/23/2024,18,236.9831883,299
10/23/2024,19,249.7232067,366
10/23/2024,20,222.6110082,359
10/23/2024,21,235.6516989,343
10/23/2024,22,183.4841111,492
10/23/2024,23,182.6983891,425
10/24/2024,0,200.5979411,396
10/24/2024,1,204.473132,381
10/24/2024,2,189.7973419,406
10/24/2024,3,282.8307133,275
10/24/2024,4,224.0953147,205
10/24/2024,5,255.3498593,114
10/24/2024,6,306.8018632,146
10/24/2024,7,356.6345441,95
10/24/2024,8,417.8532728,78
10/24/2024,9,332.9083659,101
10/24/2024,10,336.5807127,126
10/24/2024,11,250.1724669,183
10/24/2024,12,217.4528495,286
10/24/2024,13,214.3857757,351
10/24/2024,14,217.9014935,396
10/24/2024,15,214.9615334,300
10/24/2024,16,220.1422635,336
10/24/2024,17,180.4647658,330
10/24/2024,18,175.6576874,453
10/24/2024,19,213.0198935,368
10/24/2024,20,224.3893584,367
10/24/2024,21,196.3443802,388
10/24/2024,22,240.4453615,334
10/24/2024,23,223.8568819,268
10/25/2024,0,236.1335021,267
10/25/2024,1,236.2020796,322
10/25/2024,2,226.1117451,308
10/25/2024,3,294.3151607,227
10/25/2024,4,227.4096645,232
10/25/2024,5,290.0573692,153
10/25/2024,6,354.3258418,127
10/25/2024,7,338.8475987,95
10/25/2024,8,424.5364298,90
10/25/2024,9,397.452653,94
10/25/2024,10,323.8443726,111
10/25/2024,11,284.6135483,153
10/25/2024,12,270.724236,235
10/25/2024,13,213.9021959,327
10/25/2024,14,237.9767845,402
10/25/2024,15,199.6109051,328
10/25/2024,16,201.305122,294
10/25/2024,17,182.5372627,264
10/25/2024,18,239.2490422,317
10/25/2024,19,229.0121362,324
10/25/2024,20,208.3377099,405
10/25/2024,21,219.3319837,308
10/25/2024,22,232.2099481,298
10/25/2024,23,245.2473654,275
10/26/2024,0,197.1661792,259
10/26/2024,1,229.9952189,317
10/26/2024,2,257.1974651,335
10/26/2024,3,234.3862415,306
10/26/2024,4,300.1497154,167
10/26/2024,5,280.2157012,120
10/26/2024,6,364.3700332,123
10/26/2024,7,389.15313,88
10/26/2024,8,340.6189511,93
10/26/2024,9,327.3125721,116
10/26/2024,10,347.4163883,110
10/26/2024,11,366.1038941,123
10/26/2024,12,289.9780868,166
10/26/2024,13,254.1467949,231
10/26/2024,14,288.6699265,276
10/26/2024,15,213.6383842,300
10/26/2024,16,242.9980569,282
10/26/2024,17,254.4204638,219
10/26/2024,18,253.5430039,329
10/26/2024,19,233.5107264,335
10/26/2024,20,231.7116112,274
10/26/2024,21,190.5826013,284
10/26/2024,22,201.9931705,298
10/26/2024,23,222.5082375,301
10/27/2024,0,202.4048718,399
10/27/2024,1,253.5205547,261
10/27/2024,2,253.1801522,243
10/27/2024,3,288.5684054,200
10/27/2024,4,269.989388,151
10/27/2024,5,281.3917558,118
10/27/2024,6,377.4420898,119
10/27/2024,7,397.792982,80
10/27/2024,8,309.3942885,103
10/27/2024,9,387.9053044,84
10/27/2024,10,358.2153946,113
10/27/2024,11,300.0869432,123
10/27/2024,12,238.306356,185
10/27/2024,13,297.7583812,198
10/27/2024,14,227.6248673,383
10/27/2024,15,255.9038021,301
10/27/2024,16,230.6336224,284
10/27/2024,17,246.2835569,206
10/27/2024,18,287.9023514,285
10/27/2024,19,243.5674208,294
10/27/2024,20,263.1098993,256
10/27/2024,21,235.726416,274
10/27/2024,22,240.3556038,244
10/27/2024,23,215.194612,256
10/28/2024,0,217.2112097,311
10/28/2024,1,243.5171491,319
10/28/2024,2,239.7891391,238
10/28/2024,3,249.6633744,249
10/28/2024,4,360.1909545,114
10/28/2024,5,287.9514129,105
10/28/2024,6,337.0554973,119
10/28/2024,7,334.1370256,133
10/28/2024,8,320.9856805,110
10/28/2024,9,340.3798286,94
10/28/2024,10,299.8444874,140
10/28/2024,11,322.7940753,118
10/28/2024,12,151.1521228,377
10/28/2024,13,218.6144405,313
10/28/2024,14,236.2825598,325
10/28/2024,15,190.8769821,415
10/28/2024,16,219.420619,311
10/28/2024,17,207.1938148,346
10/28/2024,18,202.3366489,426
10/28/2024,19,261.1082583,278
10/28/2024,20,214.7536083,372
10/28/2024,21,205.9941492,377
10/28/2024,22,242.2773386,296
10/28/2024,23,185.3404145,253
10/29/2024,0,208.7504728,289
10/29/2024,1,234.3828501,296
10/29/2024,2,246.3072876,244
10/29/2024,3,296.4797555,206
10/29/2024,4,288.1462244,149
10/29/2024,5,255.6165871,123
10/29/2024,6,447.4419369,93
10/29/2024,7,426.0041602,74
10/29/2024,8,341.9464951,96
10/29/2024,9,292.3142871,123
10/29/2024,10,280.8770622,143
10/29/2024,11,247.6024698,195
10/29/2024,12,249.1715469,171
10/29/2024,13,192.195995,367
10/29/2024,14,211.6341269,475
10/29/2024,15,220.5236889,362
10/29/2024,16,259.2290401,305
10/29/2024,17,184.1404046,344
10/29/2024,18,207.9056397,325
10/29/2024,19,239.9612148,301
10/29/2024,20,229.3412964,303
10/29/2024,21,256.6444577,291
10/29/2024,22,258.3944309,321
10/29/2024,23,236.5880216,345
10/30/2024,0,228.4730367,341
10/30/2024,1,234.0506594,272
10/30/2024,2,240.0561849,256
10/30/2024,3,287.8526285,231
10/30/2024,4,290.3314664,180
10/30/2024,5,276.4375494,118
10/30/2024,6,432.7606772,99
10/30/2024,7,354.9924058,90
10/30/2024,8,312.1137876,106
10/30/2024,9,379.9069124,84
10/30/2024,10,353.4067106,116
10/30/2024,11,298.5829153,133
10/30/2024,12,230.9784595,307
10/30/2024,13,212.9406006,322
10/30/2024,14,210.1410518,420
10/30/2024,15,221.2281105,317
10/30/2024,16,226.6003827,364
10/30/2024,17,233.910446,281
10/30/2024,18,240.3505716,288
10/30/2024,19,185.2994701,416
10/30/2024,20,261.3208869,308
10/30/2024,21,254.2523835,289
10/30/2024,22,236.5305842,287
10/30/2024,23,255.3935842,363
10/31/2024,0,218.1268626,248
10/31/2024,1,222.3882078,279
10/31/2024,2,260.4195362,287
10/31/2024,3,301.6550816,211
10/31/2024,4,273.1938503,147
10/31/2024,5,317.2756791,105
10/31/2024,6,444.0449933,91
10/31/2024,7,362.2856647,89
10/31/2024,8,297.9988841,124
10/31/2024,9,377.3033156,79
10/31/2024,10,388.7927973,106
10/31/2024,11,315.8637951,135
10/31/2024,12,290.1370591,215
10/31/2024,13,217.0851396,341
10/31/2024,14,219.34959,386
10/31/2024,15,218.4219651,288
10/31/2024,16,208.4422903,407
10/31/2024,17,220.4353781,297
10/31/2024,18,172.5016347,384
10/31/2024,19,227.6869341,305
10/31/2024,20,237.8851924,308
10/31/2024,21,208.8437063,340
10/31/2024,22,258.5914314,225
10/31/2024,23,211.0768134,265
11/1/2024,0,207.6361945,299
11/1/2024,1,249.2814591,275
11/1/2024,2,242.065212,218
11/1/2024,3,318.625321,166
11/1/2024,4,251.9227238,186
11/1/2024,5,254.9267519,135
11/1/2024,6,427.6398291,97
11/1/2024,7,388.4622436,85
11/1/2024,8,355.9256582,101
11/1/2024,9,347.8449291,92
11/1/2024,10,353.1701145,129
11/1/2024,11,272.9928066,168
11/1/2024,12,249.7350327,299
11/1/2024,13,206.8920365,469
11/1/2024,14,221.9327768,455
11/1/2024,15,218.1332453,369
11/1/2024,16,226.2282713,441
11/1/2024,17,223.5297431,342
11/1/2024,18,270.7132726,314
11/1/2024,19,228.8384394,333
11/1/2024,20,242.242977,360
11/1/2024,21,232.1696628,346
11/1/2024,22,229.8442674,303
11/1/2024,23,231.3907016,255
11/2/2024,0,252.7493601,317
11/2/2024,1,231.7803971,312
11/2/2024,2,224.3323311,294
11/2/2024,3,253.1146468,204
11/2/2024,4,281.3453478,175
11/2/2024,5,180.034451,202
11/2/2024,6,437.9245475,100
11/2/2024,7,470.8164159,76
11/2/2024,8,428.4443598,80
11/2/2024,9,332.0114673,88
11/2/2024,10,410.0083016,96
11/2/2024,11,306.0683614,142
11/2/2024,12,297.8965428,166
11/2/2024,13,246.9737719,271
11/2/2024,14,224.6451737,327
11/2/2024,15,231.6449153,355
11/2/2024,16,262.0390327,396
11/2/2024,17,230.1482243,263
11/2/2024,18,278.4031024,231
11/2/2024,19,214.9062776,326
11/2/2024,20,235.2885609,393
11/2/2024,21,247.0715185,346
11/2/2024,22,229.3931512,310
11/2/2024,23,248.9587806,235
11/3/2024,0,255.4271559,291
11/3/2024,1,218.5657545,341
11/3/2024,2,215.9876756,304
11/3/2024,3,263.6001558,272
11/3/2024,4,245.1063936,186
11/3/2024,5,263.1889446,139
11/3/2024,6,312.3029161,117
11/3/2024,7,384.5760581,96
11/3/2024,8,372.7554244,92
11/3/2024,9,309.2895777,112
11/3/2024,10,348.564187,96
11/3/2024,11,379.7742286,114
11/3/2024,12,303.2886754,160
11/3/2024,13,213.9461892,257
11/3/2024,14,296.8197512,206
11/3/2024,15,248.5034036,241
11/3/2024,16,211.8690478,295
11/3/2024,17,268.8781836,276
11/3/2024,18,213.7339319,310
11/3/2024,19,202.0229432,370
11/3/2024,20,209.3558145,324
11/3/2024,21,224.5882515,370
11/3/2024,22,249.9560274,257
11/3/2024,23,210.6462678,382
11/4/2024,0,210.6622081,319
11/4/2024,1,230.8153342,380
11/4/2024,2,211.2722398,424
11/4/2024,3,212.8307493,248
11/4/2024,4,302.7417979,168
11/4/2024,5,291.9100722,126
11/4/2024,6,304.3059619,139
11/4/2024,7,388.4193577,97
11/4/2024,8,383.0485644,83
11/4/2024,9,358.3364555,84
11/4/2024,10,361.6395148,101
11/4/2024,11,314.5652463,139
11/4/2024,12,253.1641926,184
11/4/2024,13,213.3346252,326
11/4/2024,14,206.8892632,447
11/4/2024,15,213.228171,483
11/4/2024,16,184.3883491,546
11/4/2024,17,243.103978,383
11/4/2024,18,188.9852883,360
11/4/2024,19,200.3601118,436
11/4/2024,20,216.0878656,343
11/4/2024,21,228.0183601,283
11/4/2024,22,193.8508556,407
11/4/2024,23,239.9855412,343
11/5/2024,0,232.5396299,318
11/5/2024,1,239.3546002,403
11/5/2024,2,228.0776519,330
11/5/2024,3,259.073596,258
11/5/2024,4,258.0570883,196
11/5/2024,5,237.532859,207
11/5/2024,6,256.4896357,150
11/5/2024,7,301.7326836,126
11/5/2024,8,371.9170253,91
11/5/2024,9,405.1141488,84
11/5/2024,10,289.2352706,123
11/5/2024,11,332.3081541,142
11/5/2024,12,266.3430665,177
11/5/2024,13,236.5612393,287
11/5/2024,14,218.5537208,380
11/5/2024,15,212.3456344,401
11/5/2024,16,197.2451051,312
11/5/2024,17,216.5013149,329
11/5/2024,18,201.0205531,274
11/5/2024,19,230.411592,332
11/5/2024,20,233.7614024,328
11/5/2024,21,241.4708919,274
11/5/2024,22,210.2767112,326
11/5/2024,23,241.914929,314
11/6/2024,0,272.2647947,260
11/6/2024,1,252.3802315,244
11/6/2024,2,271.7548213,275
11/6/2024,3,200.9121649,351
11/6/2024,4,285.6197366,218
11/6/2024,5,284.9137448,162
11/6/2024,6,249.6720689,152
11/6/2024,7,350.5272826,106
11/6/2024,8,313.8530329,121
11/6/2024,9,366.2293904,90
11/6/2024,10,414.0853755,79
11/6/2024,11,301.5814167,138
11/6/2024,12,246.708287,184
11/6/2024,13,215.8827866,303
11/6/2024,14,236.0069241,350
11/6/2024,15,194.1816039,342
11/6/2024,16,219.7472726,378
11/6/2024,17,206.9437752,389
11/6/2024,18,189.0597666,411
11/6/2024,19,212.5537342,363
11/6/2024,20,208.2691885,450
11/6/2024,21,210.5507172,480
11/6/2024,22,184.4065086,386
11/6/2024,23,185.1726555,396
11/7/2024,0,216.8928385,266
11/7/2024,1,235.9591803,293
11/7/2024,2,213.6152107,316
11/7/2024,3,223.4679369,254
11/7/2024,4,260.5125093,246
11/7/2024,5,254.9089442,159
11/7/2024,6,250.1428355,145
11/7/2024,7,317.8918436,130
11/7/2024,8,283.8717675,118
11/7/2024,9,333.4102721,100
11/7/2024,10,349.2368549,93
11/7/2024,11,287.610031,151
11/7/2024,12,275.7229906,228
11/7/2024,13,260.2822299,284
11/7/2024,14,227.8396951,376
11/7/2024,15,204.3467392,415
11/7/2024,16,189.1356613,324
11/7/2024,17,242.1561822,307
11/7/2024,18,230.8353874,289
11/7/2024,19,166.8266933,503
11/7/2024,20,187.9492645,520
11/7/2024,21,209.7801213,332
11/7/2024,22,201.9067,429
11/7/2024,23,205.6437856,497
11/8/2024,0,189.2520963,303
11/8/2024,1,210.1491844,335
11/8/2024,2,195.7402596,386
11/8/2024,3,210.753119,275
11/8/2024,4,278.0442187,183
11/8/2024,5,260.5761809,166
11/8/2024,6,260.8222798,220
11/8/2024,7,276.1937481,160
11/8/2024,8,322.1802954,111
11/8/2024,9,361.2816596,96
11/8/2024,10,287.5538324,134
11/8/2024,11,327.1440178,118
11/8/2024,12,238.616771,231
11/8/2024,13,211.70023,436
11/8/2024,14,217.4345733,468
11/8/2024,15,239.1187005,446
11/8/2024,16,226.9111011,399
11/8/2024,17,235.7220937,306
11/8/2024,18,180.1166333,271
11/8/2024,19,239.911575,392
11/8/2024,20,214.5108763,523
11/8/2024,21,217.2776508,388
11/8/2024,22,199.9140212,440
11/8/2024,23,202.2840307,307
11/9/2024,0,195.846982,275
11/9/2024,1,187.000636,306
11/9/2024,2,233.6348113,277
11/9/2024,3,249.0556929,236
11/9/2024,4,239.4659289,238
11/9/2024,5,205.3881232,257
11/9/2024,6,234.1191036,175
11/9/2024,7,355.8891205,120
11/9/2024,8,312.0190264,107
11/9/2024,9,354.5938799,95
11/9/2024,10,345.3738767,97
11/9/2024,11,317.8965782,114
11/9/2024,12,255.7756654,148
11/9/2024,13,280.8531024,200
11/9/2024,14,238.1037148,264
11/9/2024,15,283.1753528,231
11/9/2024,16,229.934697,294
11/9/2024,17,216.8256642,250
11/9/2024,18,176.7206054,236
11/9/2024,19,270.472945,248
11/9/2024,20,225.3830298,225
11/9/2024,21,254.8161243,254
11/9/2024,22,227.6819763,316
11/9/2024,23,190.165168,337
11/10/2024,0,207.279933,207
11/10/2024,1,177.4539906,336
11/10/2024,2,227.5056346,285
11/10/2024,3,203.9587785,262
11/10/2024,4,259.6761084,229
11/10/2024,5,322.100614,134
11/10/2024,6,259.2640727,164
11/10/2024,7,358.9188088,111
11/10/2024,8,355.9531776,93
11/10/2024,9,307.1407669,102
11/10/2024,10,397.0092735,89
11/10/2024,11,311.2792155,122
11/10/2024,12,322.543105,110
11/10/2024,13,270.5929027,187
11/10/2024,14,212.1190097,284
11/10/2024,15,209.2624878,283
11/10/2024,16,210.5608849,269
11/10/2024,17,202.1524009,305
11/10/2024,18,204.1752692,275
11/10/2024,19,195.1619073,339
11/10/2024,20,191.5354701,382
11/10/2024,21,253.1570867,300
11/10/2024,22,204.9141548,299
11/10/2024,23,210.8212849,282
11/11/2024,0,246.0917639,279
11/11/2024,1,206.6109903,374
11/11/2024,2,227.4797406,303
11/11/2024,3,252.0008818,201
11/11/2024,4,324.0115531,161
11/11/2024,5,224.6846129,195
11/11/2024,6,216.2358814,211
11/11/2024,7,282.9352643,168
11/11/2024,8,319.1591921,115
11/11/2024,9,302.9982368,103
11/11/2024,10,343.6634765,102
11/11/2024,11,320.1185417,119
11/11/2024,12,315.0485248,157
11/11/2024,13,248.9520688,251
11/11/2024,14,273.1009295,330
11/11/2024,15,265.8261811,312
11/11/2024,16,202.8350991,387
11/11/2024,17,236.5229219,294
11/11/2024,18,223.7084515,331
11/11/2024,19,220.1312922,380
11/11/2024,20,207.1827217,374
11/11/2024,21,257.6141068,368
11/11/2024,22,223.8164037,396
11/11/2024,23,239.8105382,368
11/12/2024,0,235.1292779,321
11/12/2024,1,226.4570292,401
11/12/2024,2,250.6013084,325
11/12/2024,3,325.5071776,307
11/12/2024,4,320.2202696,287
11/12/2024,5,162.6543498,224
11/12/2024,6,149.0054046,217
11/12/2024,7,111.2660756,60
11/12/2024,8,254.1199974,207
11/12/2024,9,282.5678896,181
11/12/2024,10,281.0644549,155
11/12/2024,11,290.5130504,235
11/12/2024,12,225.7223013,353
11/12/2024,13,235.5870644,427
11/12/2024,14,237.6398527,530
11/12/2024,15,217.7940261,473
11/12/2024,16,229.7714211,403
11/12/2024,17,230.8111331,330
11/12/2024,18,220.9055889,273
11/12/2024,19,247.8639991,377
11/12/2024,20,221.0608752,417
11/12/2024,21,223.3450621,409
11/12/2024,22,224.6114921,410
11/12/2024,23,259.9847533,357
11/13/2024,0,211.5619984,340
11/13/2024,1,226.9410232,351
11/13/2024,2,210.8595993,375
11/13/2024,3,248.0970024,341
11/13/2024,4,255.3449677,278
11/13/2024,5,261.7679107,189
11/13/2024,6,237.2155623,254
11/13/2024,7,279.6086302,150
11/13/2024,8,337.4834546,118
11/13/2024,9,292.6157353,153
11/13/2024,10,292.7963646,138
11/13/2024,11,303.8544062,129
11/13/2024,12,209.6228022,268
11/13/2024,13,204.3462308,267
11/13/2024,14,208.7094181,401
11/13/2024,15,198.4010695,366
11/13/2024,16,193.2584498,354
11/13/2024,17,229.8373268,314
11/13/2024,18,208.7408215,346
11/13/2024,19,196.9031156,329
11/13/2024,20,224.8703957,317
11/13/2024,21,228.0735255,358
11/13/2024,22,237.7892033,287
11/13/2024,23,216.9963082,362
11/14/2024,0,258.9568346,247
11/14/2024,1,271.66538,306
11/14/2024,2,215.1280178,374
11/14/2024,3,197.4760533,275
11/14/2024,4,233.4487067,218
11/14/2024,5,327.1857024,131
11/14/2024,6,226.6691262,203
11/14/2024,7,348.4229253,108
11/14/2024,8,397.728758,86
11/14/2024,9,325.2526702,91
11/14/2024,10,281.014495,128
11/14/2024,11,339.3483307,126
11/14/2024,12,245.1085947,147
11/14/2024,13,204.8205286,258
11/14/2024,14,216.2787627,323
11/14/2024,15,192.5033335,365
11/14/2024,16,213.3376412,377
11/14/2024,17,238.9905011,311
11/14/2024,18,216.5184327,293
11/14/2024,19,202.2164117,316
11/14/2024,20,197.0413755,366
11/14/2024,21,216.0745213,319
11/14/2024,22,258.6695043,374
11/14/2024,23,264.1264464,320
11/15/2024,0,233.3635131,261
11/15/2024,1,223.6714862,450
11/15/2024,2,222.8283568,396
11/15/2024,3,208.0709837,295
11/15/2024,4,260.8949784,177
11/15/2024,5,258.968728,190
11/15/2024,6,368.2350899,94
11/15/2024,7,290.5268382,139
11/15/2024,8,409.0265287,77
11/15/2024,9,414.7680701,89
11/15/2024,10,309.797122,119
11/15/2024,11,228.0090644,191
11/15/2024,12,188.5596571,225
11/15/2024,13,212.9548876,269
11/15/2024,14,222.4109708,385
11/15/2024,15,216.0480669,395
11/15/2024,16,228.3414765,304
11/15/2024,17,228.2238637,327
11/15/2024,18,228.7235232,290
11/15/2024,19,217.7920406,355
11/15/2024,20,231.382981,348
11/15/2024,21,210.3646356,402
11/15/2024,22,204.151474,411
11/15/2024,23,211.8668747,362
11/16/2024,0,202.4642062,260
11/16/2024,1,222.7297721,349
11/16/2024,2,197.1101106,456
11/16/2024,3,199.2363499,971
11/16/2024,4,217.0610712,445
11/16/2024,5,246.9976222,252
11/16/2024,6,244.2743411,164
11/16/2024,7,370.9841618,106
11/16/2024,8,379.8160335,118
11/16/2024,9,477.9118732,61
11/16/2024,10,315.0067628,116
11/16/2024,11,322.1263526,108
11/16/2024,12,345.7933704,117
11/16/2024,13,252.5591033,134
11/16/2024,14,228.9584574,272
11/16/2024,15,250.2119711,285
11/16/2024,16,252.0505082,287
11/16/2024,17,244.5033687,293
11/16/2024,18,185.1014104,324
11/16/2024,19,216.710741,288
11/16/2024,20,231.7541458,294
11/16/2024,21,252.0441914,309
11/16/2024,22,289.2437915,251
11/16/2024,23,273.7221802,317
11/17/2024,0,213.2659048,262
11/17/2024,1,313.7296477,346
11/17/2024,2,265.050074,379
11/17/2024,3,208.1962736,304
11/17/2024,4,244.3396886,212
11/17/2024,5,252.9113585,221
11/17/2024,6,260.9649581,174
11/17/2024,7,310.9349834,126
11/17/2024,8,449.7111372,74
11/17/2024,9,305.5560676,118
11/17/2024,10,562.4051666,54
11/17/2024,11,359.9068545,92
11/17/2024,12,411.4343718,84
11/17/2024,13,274.9034277,160
11/17/2024,14,250.2014328,228
11/17/2024,15,228.5547998,364
11/17/2024,16,264.6700323,324
11/17/2024,17,242.7734188,375
11/17/2024,18,246.6242845,266
11/17/2024,19,260.4493743,276
11/17/2024,20,211.9712059,269
11/17/2024,21,257.5335191,304
11/17/2024,22,248.2288465,282
11/17/2024,23,205.8888924,411
11/18/2024,0,196.1896907,362
11/18/2024,1,190.3878787,320
11/18/2024,2,238.5014992,270
11/18/2024,3,212.056346,281
11/18/2024,4,223.9891794,196
11/18/2024,5,274.5713778,151
11/18/2024,6,281.9050237,148
11/18/2024,7,298.2064312,124
11/18/2024,8,288.4316313,120
11/18/2024,9,340.2943517,104
11/18/2024,10,364.7361223,102
11/18/2024,11,307.7486633,122
11/18/2024,12,248.0664168,147
11/18/2024,13,203.9194584,276
11/18/2024,14,204.2816851,334
11/18/2024,15,199.1490849,345
11/18/2024,16,206.0571159,281
11/18/2024,17,202.7639563,387
11/18/2024,18,207.0610405,256
11/18/2024,19,227.6221352,295
11/18/2024,20,207.269057,411
11/18/2024,21,245.6633659,447
11/18/2024,22,247.0425042,297
11/18/2024,23,203.8219227,373
11/19/2024,0,243.9547926,260
11/19/2024,1,243.9438174,272
11/19/2024,2,243.7646363,265
11/19/2024,3,210.4154382,297
11/19/2024,4,312.5664708,153
11/19/2024,5,298.5237729,143
11/19/2024,6,265.3923139,185
11/19/2024,7,359.0262971,134
11/19/2024,8,370.8592386,109
11/19/2024,9,304.9919104,107
11/19/2024,10,370.1347994,98
11/19/2024,11,313.5634237,133
11/19/2024,12,242.4358538,191
11/19/2024,13,203.8749662,318
11/19/2024,14,212.25456,309
11/19/2024,15,208.9932019,313
11/19/2024,16,241.0247459,302
11/19/2024,17,206.874691,334
11/19/2024,18,232.7499309,263
11/19/2024,19,192.9953803,418
11/19/2024,20,207.3409579,333
11/19/2024,21,248.5958541,292
11/19/2024,22,225.84665,300
11/19/2024,23,257.203122,333
11/20/2024,0,188.2960962,369
11/20/2024,1,201.7300752,345
11/20/2024,2,212.8010733,367
11/20/2024,3,230.7554423,241
11/20/2024,4,259.8841694,232
11/20/2024,5,285.5422642,158
11/20/2024,6,255.7938913,173
11/20/2024,7,422.9070417,86
11/20/2024,8,308.8472817,122
11/20/2024,9,387.2302612,94
11/20/2024,10,386.2048836,95
11/20/2024,11,290.6046493,128
11/20/2024,12,256.0949348,187
11/20/2024,13,205.0503133,269
11/20/2024,14,207.4668652,342
11/20/2024,15,191.3543986,418
11/20/2024,16,185.1083199,364
11/20/2024,17,211.428316,280
11/20/2024,18,202.1373602,245
11/20/2024,19,261.0202871,286
11/20/2024,20,221.0297775,342
11/20/2024,21,236.1502722,303
11/20/2024,22,257.9995064,382
11/20/2024,23,219.9828449,325
11/21/2024,0,186.4811915,375
11/21/2024,1,211.5035551,344
11/21/2024,2,233.0381309,312
11/21/2024,3,253.0256206,258
11/21/2024,4,261.5679197,212
11/21/2024,5,259.7264726,166
11/21/2024,6,238.4524977,179
11/21/2024,7,345.8860463,115
11/21/2024,8,317.5958292,118
11/21/2024,9,324.8182137,117
11/21/2024,10,398.2641963,106
11/21/2024,11,398.7957006,101
11/21/2024,12,220.7518811,195
11/21/2024,13,213.7425308,294
11/21/2024,14,240.8062607,314
11/21/2024,15,267.3219827,361
11/21/2024,16,216.7288141,343
11/21/2024,17,240.5678194,288
11/21/2024,18,236.3999449,246
11/21/2024,19,166.6303533,418
11/21/2024,20,225.9928261,254
11/21/2024,21,265.5968301,282
11/21/2024,22,205.2697621,367
11/21/2024,23,222.6282393,389
11/22/2024,0,197.5141502,413
11/22/2024,1,138.2731229,490
11/22/2024,2,238.3900677,363
11/22/2024,3,227.9148371,315
11/22/2024,4,234.7677927,246
11/22/2024,5,187.8716552,240
11/22/2024,6,287.8643379,160
11/22/2024,7,375.2888669,93
11/22/2024,8,307.0227747,126
11/22/2024,9,318.274903,119
11/22/2024,10,360.5966498,120
11/22/2024,11,351.7262865,102
11/22/2024,12,235.1195471,217
11/22/2024,13,208.6887914,312
11/22/2024,14,304.4968509,325
11/22/2024,15,203.9376287,382
11/22/2024,16,257.4561187,329
11/22/2024,17,191.14903,452
11/22/2024,18,228.3066531,277
11/22/2024,19,233.6885949,297
11/22/2024,20,253.335772,280
11/22/2024,21,248.6073895,299
11/22/2024,22,196.8236223,301
11/22/2024,23,245.8797797,299
11/23/2024,0,233.7885292,320
11/23/2024,1,225.3588027,317
11/23/2024,2,238.3832765,331
11/23/2024,3,218.2718361,292
11/23/2024,4,295.4964804,192
11/23/2024,5,205.5662595,279
11/23/2024,6,236.9305819,184
11/23/2024,7,428.6955273,97
11/23/2024,8,346.8824494,119
11/23/2024,9,311.3573684,125
11/23/2024,10,407.4008188,101
11/23/2024,11,330.3014617,117
11/23/2024,12,373.4914757,87
11/23/2024,13,260.8958797,179
11/23/2024,14,276.3807534,224
11/23/2024,15,289.3362233,256
11/23/2024,16,217.1056694,319
11/23/2024,17,218.4495049,338
11/23/2024,18,236.8004824,267
11/23/2024,19,227.9037333,256
11/23/2024,20,186.9229085,371
11/23/2024,21,241.6366812,266
11/23/2024,22,218.9908745,296
11/23/2024,23,245.6126117,304
11/24/2024,0,262.3936217,246
11/24/2024,1,240.5944808,267
11/24/2024,2,264.4429709,265
11/24/2024,3,230.941325,228
11/24/2024,4,250.9160866,218
11/24/2024,5,259.2786698,155
11/24/2024,6,240.2785044,174
11/24/2024,7,363.3996402,106
11/24/2024,8,414.6277131,90
11/24/2024,9,436.1867537,78
11/24/2024,10,386.6017723,91
11/24/2024,11,384.5290262,90
11/24/2024,12,322.7829995,97
11/24/2024,13,241.9704414,179
11/24/2024,14,215.2991227,250
11/24/2024,15,221.24064,283
11/24/2024,16,216.1080894,291
11/24/2024,17,246.9743188,327
11/24/2024,18,286.9065293,266
11/24/2024,19,226.6517738,278
11/24/2024,20,254.8657255,239
11/24/2024,21,280.9819807,224
11/24/2024,22,230.6568314,369
11/24/2024,23,207.96454,337
11/25/2024,0,174.8851798,365
11/25/2024,1,207.677068,363
11/25/2024,2,229.2067911,326
11/25/2024,3,262.5374289,217
11/25/2024,4,291.5861912,184
11/25/2024,5,286.8814312,182
11/25/2024,6,252.1800785,168
11/25/2024,7,270.1091588,159
11/25/2024,8,396.7119014,91
11/25/2024,9,406.8350877,86
11/25/2024,10,349.8742287,112
11/25/2024,11,348.2840159,102
11/25/2024,12,278.4632341,139
11/25/2024,13,264.6274448,224
11/25/2024,14,235.3296743,387
11/25/2024,15,209.535176,477
11/25/2024,16,200.7692974,545
11/25/2024,17,223.1171454,381
11/25/2024,18,190.5338453,407
11/25/2024,19,202.0628925,379
11/25/2024,20,181.2487035,548
11/25/2024,21,254.1740433,460
11/25/2024,22,214.655701,349
11/25/2024,23,222.0416226,377
11/26/2024,0,255.5382251,251
11/26/2024,1,213.1546813,346
11/26/2024,2,237.8026002,278
11/26/2024,3,190.3045844,317
11/26/2024,4,268.1096411,215
11/26/2024,5,347.6787242,117
11/26/2024,6,227.5462286,198
11/26/2024,7,323.4561983,134
11/26/2024,8,391.3181252,82
11/26/2024,9,387.482617,88
11/26/2024,10,356.5964206,109
11/26/2024,11,315.4337747,123
11/26/2024,12,299.9656081,136
11/26/2024,13,257.1161453,214
11/26/2024,14,200.0687536,331
11/26/2024,15,200.2621664,403
11/26/2024,16,238.3516338,333
11/26/2024,17,227.6224635,317
11/26/2024,18,207.4829973,300
11/26/2024,19,161.4890654,392
11/26/2024,20,197.9776463,414
11/26/2024,21,228.53616,334
11/26/2024,22,220.7819047,317
11/26/2024,23,191.8162569,435
11/27/2024,0,196.1888143,339
11/27/2024,1,230.2022674,315
11/27/2024,2,209.61934,340
11/27/2024,3,233.7854156,247
11/27/2024,4,269.3287617,264
11/27/2024,5,228.218721,194
11/27/2024,6,247.2435826,185
11/27/2024,7,350.7033235,130
11/27/2024,8,410.3245027,95
11/27/2024,9,415.5656986,78
11/27/2024,10,384.9833483,95
11/27/2024,11,318.5610355,123
11/27/2024,12,256.1060592,151
11/27/2024,13,207.0437911,292
11/27/2024,14,236.0117598,419
11/27/2024,15,264.2437462,376
11/27/2024,16,233.9614085,290
11/27/2024,17,228.8998731,299
11/27/2024,18,244.2752193,315
11/27/2024,19,222.2363953,348
11/27/2024,20,238.3259249,340
11/27/2024,21,265.3346258,272
11/27/2024,22,273.1436029,261
11/27/2024,23,264.4719109,241
11/28/2024,0,241.0282886,266
11/28/2024,1,247.5988331,253
11/28/2024,2,218.847205,318
11/28/2024,3,204.8416056,296
11/28/2024,4,273.0792436,216
11/28/2024,5,265.8882151,179
11/28/2024,6,273.5587819,172
11/28/2024,7,341.5029387,122
11/28/2024,8,283.0365266,183
11/28/2024,9,333.5014452,103
11/28/2024,10,375.2767829,118
11/28/2024,11,294.688949,129
11/28/2024,12,343.9225565,86
11/28/2024,13,276.5355315,143
11/28/2024,14,256.2866552,238
11/28/2024,15,239.3019123,288
11/28/2024,16,221.9982542,292
11/28/2024,17,194.121921,421
11/28/2024,18,198.2186258,261
11/28/2024,19,156.7529382,392
11/28/2024,20,236.9603727,272
11/28/2024,21,324.6124653,151
11/28/2024,22,290.5990218,218
11/28/2024,23,249.9409286,277
11/29/2024,0,266.6833989,199
11/29/2024,1,263.0385865,230
11/29/2024,2,279.8993401,193
11/29/2024,3,252.3468068,226
11/29/2024,4,275.2937207,196
11/29/2024,5,286.8766567,165
11/29/2024,6,250.2440735,178
11/29/2024,7,349.1286377,147
11/29/2024,8,411.6250408,88
11/29/2024,9,294.2011141,124
11/29/2024,10,466.9192689,81
11/29/2024,11,331.0721857,96
11/29/2024,12,340.3742223,87
11/29/2024,13,246.3439894,166
11/29/2024,14,287.2164461,194
11/29/2024,15,220.7421902,373
11/29/2024,16,238.5372963,300
11/29/2024,17,223.9462013,351
11/29/2024,18,217.4798512,264
11/29/2024,19,260.2225064,278
11/29/2024,20,205.6644514,351
11/29/2024,21,202.9663977,352
11/29/2024,22,230.2621786,365
11/29/2024,23,252.4918617,285
11/30/2024,0,270.1368455,314
11/30/2024,1,255.6766694,314
11/30/2024,2,221.8140289,359
11/30/2024,3,244.2748395,268
11/30/2024,4,253.5619913,271
11/30/2024,5,239.8446291,208
11/30/2024,6,254.5406609,187
11/30/2024,7,350.4301813,126
11/30/2024,8,384.2317242,97
11/30/2024,9,226.5001798,148
11/30/2024,10,454.6030096,81
11/30/2024,11,432.5117674,92
11/30/2024,12,266.2080799,124
11/30/2024,13,261.5021244,151
11/30/2024,14,308.1427059,181
11/30/2024,15,244.5655743,287
11/30/2024,16,255.735593,262
11/30/2024,17,254.4669082,328
11/30/2024,18,233.0430478,270
11/30/2024,19,257.4307523,245
11/30/2024,20,234.8297811,277
11/30/2024,21,277.6527914,297
11/30/2024,22,241.1468761,296
11/30/2024,23,269.9773268,274
12/1/2024,0,206.3153982,270
12/1/2024,1,224.1697771,245
12/1/2024,2,241.3373493,278
12/1/2024,3,234.9193182,338
12/1/2024,4,281.2002669,293
12/1/2024,5,218.886892,276
12/1/2024,6,247.9598646,234
12/1/2024,7,384.1882963,120
12/1/2024,8,341.1097207,109
12/1/2024,9,366.9383904,84
12/1/2024,10,338.0064142,121
12/1/2024,11,364.4476342,113
12/1/2024,12,286.8596469,133
12/1/2024,13,240.2831657,183
12/1/2024,14,255.1700806,317
12/1/2024,15,268.9056,369
12/1/2024,16,235.4843953,345
12/1/2024,17,234.9776307,262
12/1/2024,18,192.6181671,345
12/1/2024,19,234.5907752,271
12/1/2024,20,224.3459586,264
12/1/2024,21,211.3132073,330
12/1/2024,22,216.9843942,352
12/1/2024,23,196.4601441,417
12/2/2024,0,183.6129026,343
12/2/2024,1,220.0227884,326
12/2/2024,2,228.1544074,364
12/2/2024,3,289.1771224,240
12/2/2024,4,237.9537452,220
12/2/2024,5,312.1331114,152
12/2/2024,6,266.6038396,165
12/2/2024,7,440.0850312,92
12/2/2024,8,383.2599704,93
12/2/2024,9,369.4082369,101
12/2/2024,10,401.2457367,99
12/2/2024,11,385.4435304,102
12/2/2024,12,264.6587084,153
12/2/2024,13,205.9715837,220
12/2/2024,14,239.4290871,329
12/2/2024,15,265.6552686,328
12/2/2024,16,219.9500258,410
12/2/2024,17,230.8900655,390
12/2/2024,18,210.661801,308
12/2/2024,19,196.9928971,379
12/2/2024,20,203.6376081,350
12/2/2024,21,219.6401527,338
12/2/2024,22,273.0397262,295
12/2/2024,23,223.9369058,358
12/3/2024,0,229.1995939,267
12/3/2024,1,200.0207847,327
12/3/2024,2,203.3862559,344
12/3/2024,3,246.1868535,250
12/3/2024,4,248.2354442,255
12/3/2024,5,268.591271,188
12/3/2024,6,238.8414682,219
12/3/2024,7,392.0926827,100
12/3/2024,8,408.6723119,88
12/3/2024,9,390.5718519,86
12/3/2024,10,282.1380051,134
12/3/2024,11,294.1674942,138
12/3/2024,12,272.2369745,159
12/3/2024,13,211.6136257,261
12/3/2024,14,229.2129108,288
12/3/2024,15,240.7813293,379
12/3/2024,16,212.2857862,292
12/3/2024,17,190.864023,342
12/3/2024,18,209.7379736,321
12/3/2024,19,195.5255621,323
12/3/2024,20,209.8044093,402
12/3/2024,21,215.1344765,396
12/3/2024,22,223.4808155,375
12/3/2024,23,195.9695488,332
12/4/2024,0,201.2361958,284
12/4/2024,1,202.524638,365
12/4/2024,2,235.7353641,365
12/4/2024,3,200.5346728,403
12/4/2024,4,251.7190505,267
12/4/2024,5,245.1547384,215
12/4/2024,6,263.0803698,190
12/4/2024,7,337.2053675,125
12/4/2024,8,400.4365478,95
12/4/2024,9,314.5873252,116
12/4/2024,10,371.3964802,111
12/4/2024,11,280.5657994,162
12/4/2024,12,277.7161639,154
12/4/2024,13,191.9187918,412
12/4/2024,14,211.2137104,381
12/4/2024,15,227.9992503,387
12/4/2024,16,248.8757251,310
12/4/2024,17,196.9894426,469
12/4/2024,18,189.050376,444
12/4/2024,19,227.1520496,402
12/4/2024,20,239.1199154,339
12/4/2024,21,250.8437759,423
12/4/2024,22,222.1239617,405
12/4/2024,23,195.4086517,380
12/5/2024,0,212.3938715,375
12/5/2024,1,245.6352269,288
12/5/2024,2,236.5144234,394
12/5/2024,3,228.6319071,294
12/5/2024,4,322.1735376,214
12/5/2024,5,244.7180393,211
12/5/2024,6,235.895944,280
12/5/2024,7,332.3139493,131
12/5/2024,8,383.1501318,106
12/5/2024,9,370.5933341,94
12/5/2024,10,378.1133041,133
12/5/2024,11,270.1888188,172
12/5/2024,12,271.9346803,176
12/5/2024,13,257.9070677,273
12/5/2024,14,217.6193141,389
12/5/2024,15,243.7561716,372
12/5/2024,16,252.9235419,349
12/5/2024,17,269.8877793,339
12/5/2024,18,243.125614,358
12/5/2024,19,200.7237647,526
12/5/2024,20,226.7963653,364
12/5/2024,21,221.5311081,402
12/5/2024,22,216.1035685,437
12/5/2024,23,196.9646083,481
12/6/2024,0,231.4655875,401
12/6/2024,1,217.9630902,349
12/6/2024,2,218.7985657,388
12/6/2024,3,218.4783481,396
12/6/2024,4,268.2032976,211
12/6/2024,5,286.8792852,184
12/6/2024,6,231.2645535,245
12/6/2024,7,310.7751718,127
12/6/2024,8,310.454272,174
12/6/2024,9,364.9065917,94
12/6/2024,10,339.5929318,128
12/6/2024,11,323.4389646,162
12/6/2024,12,241.0248657,181
12/6/2024,13,275.6606042,242
12/6/2024,14,225.9746529,372
12/6/2024,15,229.8000622,412
12/6/2024,16,212.832045,407
12/6/2024,17,251.449087,330
12/6/2024,18,228.7984714,361
12/6/2024,19,193.7036269,440
12/6/2024,20,205.829707,341
12/6/2024,21,225.131223,320
12/6/2024,22,216.3319373,428
12/6/2024,23,223.0068237,376
12/7/2024,0,184.9742488,357
12/7/2024,1,240.0309207,316
12/7/2024,2,219.6742248,400
12/7/2024,3,220.2407449,305
12/7/2024,4,288.3391458,241
12/7/2024,5,245.8814141,211
12/7/2024,6,204.489942,233
12/7/2024,7,328.6727823,128
12/7/2024,8,361.8403353,124
12/7/2024,9,449.2031706,76
12/7/2024,10,371.5283485,118
12/7/2024,11,306.8173815,132
12/7/2024,12,314.111237,141
12/7/2024,13,223.1300544,200
12/7/2024,14,272.1753128,240
12/7/2024,15,233.1741944,381
12/7/2024,16,255.5344121,267
12/7/2024,17,280.6190663,307
12/7/2024,18,262.4940575,259
12/7/2024,19,227.1847911,345
12/7/2024,20,202.922132,348
12/7/2024,21,201.8422031,308
12/7/2024,22,203.1626115,351
12/7/2024,23,204.7375028,327
12/8/2024,0,197.816216,275
12/8/2024,1,255.228241,238
12/8/2024,2,256.2537201,333
12/8/2024,3,271.6276361,230
12/8/2024,4,287.5454062,211
12/8/2024,5,303.0934852,181
12/8/2024,6,251.4362495,228
12/8/2024,7,381.0608342,132
12/8/2024,8,346.6784316,120
12/8/2024,9,344.0577295,121
12/8/2024,10,416.7912585,92
12/8/2024,11,303.0387842,148
12/8/2024,12,316.384528,118
12/8/2024,13,275.5295775,164
12/8/2024,14,275.4155294,248
12/8/2024,15,220.368436,317
12/8/2024,16,227.8959781,275
12/8/2024,17,216.1576523,366
12/8/2024,18,228.4784435,304
12/8/2024,19,259.3596965,312
12/8/2024,20,236.7683855,265
12/8/2024,21,241.4440887,267
12/8/2024,22,246.28433,301
12/8/2024,23,252.6399165,348
12/9/2024,0,213.0344164,346
12/9/2024,1,228.0069892,333
12/9/2024,2,248.7334441,321
12/9/2024,3,220.2509469,431
12/9/2024,4,239.8282668,356
12/9/2024,5,345.9074818,136
12/9/2024,6,289.5548314,220
12/9/2024,7,294.4007037,147
12/9/2024,8,328.5727055,124
12/9/2024,9,280.5339234,141
12/9/2024,10,365.4288997,107
12/9/2024,11,319.3211394,145
12/9/2024,12,268.2696169,185
12/9/2024,13,202.4231478,275
12/9/2024,14,268.8698239,427
12/9/2024,15,206.352488,403
12/9/2024,16,207.6697503,321
12/9/2024,17,234.8898993,358
12/9/2024,18,211.3377369,348
12/9/2024,19,238.4459812,559
12/9/2024,20,217.8633408,472
12/9/2024,21,246.3376331,372
12/9/2024,22,245.0029611,337
12/9/2024,23,225.5355701,369
12/10/2024,0,240.6758354,348
12/10/2024,1,263.6139557,296
12/10/2024,2,244.6502519,356
12/10/2024,3,280.0102369,282
12/10/2024,4,234.9182248,256
12/10/2024,5,338.8468292,146
12/10/2024,6,228.7348904,198
12/10/2024,7,356.0998702,141
12/10/2024,8,315.9478914,147
12/10/2024,9,358.50536,119
12/10/2024,10,370.3532573,122
12/10/2024,11,257.9229658,176
12/10/2024,12,278.6741769,159
12/10/2024,13,206.4143164,280
12/10/2024,14,275.4642557,303
12/10/2024,15,250.3811056,301
12/10/2024,16,190.3919206,380
12/10/2024,17,229.2170811,335
12/10/2024,18,214.1183244,313
12/10/2024,19,203.328607,382
12/10/2024,20,199.5564837,335
12/10/2024,21,235.3694413,331
12/10/2024,22,221.4226628,336
12/10/2024,23,248.7557052,326
12/11/2024,0,241.2351823,274
12/11/2024,1,227.1500637,423
12/11/2024,2,222.9139647,404
12/11/2024,3,214.9756177,367
12/11/2024,4,255.1648579,286
12/11/2024,5,364.2709987,170
12/11/2024,6,343.6758417,289
12/11/2024,7,393.690773,121
12/11/2024,8,320.5255154,131
12/11/2024,9,309.8759556,112
12/11/2024,10,303.4773844,126
12/11/2024,11,284.4757148,169
12/11/2024,12,259.0761285,176
12/11/2024,13,222.2531192,284
12/11/2024,14,183.96547,358
12/11/2024,15,191.0452443,428
12/11/2024,16,217.5898004,346
12/11/2024,17,208.9760449,359
12/11/2024,18,218.3742397,497
12/11/2024,19,242.2862346,463
12/11/2024,20,248.6040902,464
12/11/2024,21,238.8552759,306
12/11/2024,22,263.3720805,280
12/11/2024,23,226.1238876,447
12/12/2024,0,217.230589,352
12/12/2024,1,278.4880734,392
12/12/2024,2,220.451858,362
12/12/2024,3,261.823526,262
12/12/2024,4,244.0652137,246
12/12/2024,5,288.5092269,197
12/12/2024,6,205.8186481,207
12/12/2024,7,372.7500756,114
12/12/2024,8,324.567224,117
12/12/2024,9,317.0861224,127
12/12/2024,10,350.2907827,106
12/12/2024,11,320.3969776,113
12/12/2024,12,201.7127084,207
12/12/2024,13,213.7661183,253
12/12/2024,14,224.3245971,322
12/12/2024,15,218.3855869,391
12/12/2024,16,213.4509304,353
12/12/2024,17,249.0041682,378
12/12/2024,18,195.9267975,292
12/12/2024,19,185.9445087,369
12/12/2024,20,196.7288936,314
12/12/2024,21,225.1603053,327
12/12/2024,22,285.9533511,397
12/12/2024,23,226.0840256,325
12/13/2024,0,219.9204524,274
12/13/2024,1,187.2996044,330
12/13/2024,2,168.6617567,308
12/13/2024,3,174.9964089,219
12/13/2024,4,171.0895112,171
12/13/2024,5,142.5054346,166
12/13/2024,6,216.7259149,102
12/13/2024,7,237.9236488,96
12/13/2024,8,217.7350752,53
12/13/2024,9,164.733625,80
12/13/2024,10,192.3716931,81
12/13/2024,11,163.1775263,139
12/13/2024,12,144.6347403,173
12/13/2024,13,143.7750965,256
12/13/2024,14,182.5124413,283
12/13/2024,15,180.6696497,420
12/13/2024,16,128.6211553,255
12/13/2024,17,173.2879935,333
12/13/2024,18,117.8451002,279
12/13/2024,19,157.9881989,316
12/13/2024,20,168.3924109,306
12/13/2024,21,172.6306373,313
12/13/2024,22,224.6719141,280
12/13/2024,23,213.0805378,330
12/14/2024,0,185.6054347,294
12/14/2024,1,145.2106238,250
12/14/2024,2,151.2481682,315
12/14/2024,3,111.3055861,254
12/14/2024,4,162.2300889,257
12/14/2024,5,124.0489119,208
12/14/2024,6,104.8384503,115
12/14/2024,7,263.1584984,77
12/14/2024,8,151.7892358,81
12/14/2024,9,173.2216663,81
12/14/2024,10,205.8976659,54
12/14/2024,11,146.6471074,73
12/14/2024,12,167.3842688,87
12/14/2024,13,131.7928149,162
12/14/2024,14,151.5261313,283
12/14/2024,15,197.7985405,261
12/14/2024,16,160.0031714,441
12/14/2024,17,208.3319524,246
12/14/2024,18,151.1091997,278
12/14/2024,19,169.588922,304
12/14/2024,20,155.7593098,295
12/14/2024,21,161.6487156,244
12/14/2024,22,222.1855916,210
12/14/2024,23,173.6545809,247
12/15/2024,0,148.8038486,275
12/15/2024,1,173.5518017,274
12/15/2024,2,172.7494669,265
12/15/2024,3,148.4094522,247
12/15/2024,4,171.5760145,216
12/15/2024,5,149.7194081,173
12/15/2024,6,156.0448752,131
12/15/2024,7,160.5411312,123
12/15/2024,8,146.6965713,93
12/15/2024,9,162.0051254,78
12/15/2024,10,177.7849982,75
12/15/2024,11,151.3134038,122
12/15/2024,12,172.5370815,153
12/15/2024,13,125.4536671,138
12/15/2024,14,163.7112636,218
12/15/2024,15,160.7964783,335
12/15/2024,16,137.017474,249
12/15/2024,17,172.3825369,288
12/15/2024,18,144.1281467,363
12/15/2024,19,204.1219378,295
12/15/2024,20,131.9799784,281
12/15/2024,21,139.6994609,279
12/15/2024,22,170.5313013,307
12/15/2024,23,158.5762927,399
12/16/2024,0,138.6733358,362
12/16/2024,1,174.0990401,344
12/16/2024,2,232.7312176,388
12/16/2024,3,160.93269,282
12/16/2024,4,167.5116616,212
12/16/2024,5,187.845715,122
12/16/2024,6,122.3367607,141
12/16/2024,7,149.3977259,142
12/16/2024,8,111.5858922,82
12/16/2024,9,144.8378913,86
12/16/2024,10,119.2535425,124
12/16/2024,11,87.44772436,122
12/16/2024,12,121.0444174,139
12/16/2024,13,137.8677024,227
12/16/2024,14,190.0615066,274
12/16/2024,15,189.7389883,375
12/16/2024,16,150.4163454,416
12/16/2024,17,160.2175342,340
12/16/2024,18,130.159461,308
12/16/2024,19,142.2442818,252
12/16/2024,20,135.1866484,345
12/16/2024,21,145.9195985,341
12/16/2024,22,150.5924867,389
12/16/2024,23,146.1630597,352
12/17/2024,0,107.50212,339
12/17/2024,1,166.7230853,339
12/17/2024,2,160.1173172,340
12/17/2024,3,147.5118872,253
12/17/2024,4,137.2937012,234
12/17/2024,5,143.9328186,208
12/17/2024,6,123.5501879,165
12/17/2024,7,136.5878284,144
12/17/2024,8,161.2592668,90
12/17/2024,9,109.3400368,101
12/17/2024,10,119.3086419,108
12/17/2024,11,112.2813136,201
12/17/2024,12,126.5967495,143
12/17/2024,13,132.6982963,258
12/17/2024,14,173.5030784,380
12/17/2024,15,140.3142628,367
12/17/2024,16,166.6364183,329
12/17/2024,17,165.8213873,304
12/17/2024,18,129.4127906,338
12/17/2024,19,154.0472896,366
12/17/2024,20,133.7452985,347
12/17/2024,21,156.3750847,342
12/17/2024,22,174.9029419,285
12/17/2024,23,154.3492334,337
12/18/2024,0,135.8042461,353
12/18/2024,1,177.7311035,253
12/18/2024,2,189.9517017,296
12/18/2024,3,228.0208999,237
12/18/2024,4,265.4039723,213
12/18/2024,5,380.0271196,135
12/18/2024,6,250.7538314,163
12/18/2024,7,361.9458736,98
12/18/2024,8,290.1631265,119
12/18/2024,9,463.8572241,69
12/18/2024,10,372.5150051,90
12/18/2024,11,290.6755693,125
12/18/2024,12,225.1542478,167
12/18/2024,13,200.1049936,283
12/18/2024,14,219.3224572,362
12/18/2024,15,158.6490142,465
12/18/2024,16,194.3822034,444
12/18/2024,17,248.1499727,249
12/18/2024,18,231.5183081,270
12/18/2024,19,234.3606053,248
12/18/2024,20,195.605455,352
12/18/2024,21,208.4122938,279
12/18/2024,22,198.73051,386
12/18/2024,23,267.3924413,422
12/19/2024,0,179.1466683,334
12/19/2024,1,244.2680223,314
12/19/2024,2,222.8981399,302
12/19/2024,3,237.6652348,323
12/19/2024,4,243.6173417,230
12/19/2024,5,244.2011345,199
12/19/2024,6,282.6300423,134
12/19/2024,7,340.4435695,101
12/19/2024,8,323.0837151,114
12/19/2024,9,296.9741323,108
12/19/2024,10,389.4966302,106
12/19/2024,11,313.5756822,117
12/19/2024,12,254.9243167,172
12/19/2024,13,187.4062539,307
12/19/2024,14,229.2212966,327
12/19/2024,15,223.0066484,360
12/19/2024,16,208.8041867,443
12/19/2024,17,238.7683128,345
12/19/2024,18,248.6931739,268
12/19/2024,19,210.5081995,293
12/19/2024,20,200.0562181,360
12/19/2024,21,211.0839166,330
12/19/2024,22,230.6220352,308
12/19/2024,23,245.3865569,392
12/20/2024,0,221.3596147,224
12/20/2024,1,202.3604332,364
12/20/2024,2,225.5092855,462
12/20/2024,3,247.1116605,288
12/20/2024,4,363.5626825,242
12/20/2024,5,217.0012645,219
12/20/2024,6,311.2177975,113
12/20/2024,7,355.1563887,103
12/20/2024,8,383.3506211,100
12/20/2024,9,352.0804656,97
12/20/2024,10,437.2971231,87
12/20/2024,11,334.7001127,128
12/20/2024,12,250.0654512,167
12/20/2024,13,236.2754579,281
12/20/2024,14,193.2206354,307
12/20/2024,15,202.687744,287
12/20/2024,16,207.6178498,292
12/20/2024,17,161.9281536,405
12/20/2024,18,189.0833045,304
12/20/2024,19,263.9066772,244
12/20/2024,20,216.950088,367
12/20/2024,21,235.7357161,338
12/20/2024,22,230.6730494,305
12/20/2024,23,252.5297004,295
12/21/2024,0,211.22592,280
12/21/2024,1,201.303667,303
12/21/2024,2,231.3633808,280
12/21/2024,3,256.7515375,244
12/21/2024,4,233.6968322,207
12/21/2024,5,203.3665809,258
12/21/2024,6,315.6794185,139
12/21/2024,7,402.7238705,80
12/21/2024,8,369.2095757,89
12/21/2024,9,397.2300597,88
12/21/2024,10,410.8543994,85
12/21/2024,11,372.3373101,99
12/21/2024,12,298.4327963,130
12/21/2024,13,289.9699644,181
12/21/2024,14,255.3855104,248
12/21/2024,15,230.1785355,301
12/21/2024,16,231.4293335,239
12/21/2024,17,239.6066656,267
12/21/2024,18,247.3674552,247
12/21/2024,19,226.2829481,271
12/21/2024,20,215.3827405,253
12/21/2024,21,226.8321868,281
12/21/2024,22,227.1150375,332
12/21/2024,23,238.2626987,264
12/22/2024,0,196.2934286,310
12/22/2024,1,208.6745257,274
12/22/2024,2,184.237299,387
12/22/2024,3,199.786712,264
12/22/2024,4,254.2408845,204
12/22/2024,5,217.9115557,199
12/22/2024,6,263.3540995,180
12/22/2024,7,419.3961964,85
12/22/2024,8,414.229586,84
12/22/2024,9,431.1443517,78
12/22/2024,10,321.8252448,107
12/22/2024,11,409.9803958,78
12/22/2024,12,320.6484512,96
12/22/2024,13,313.6913204,158
12/22/2024,14,243.5419925,218
12/22/2024,15,270.962877,226
12/22/2024,16,217.1452467,205
12/22/2024,17,287.2689861,212
12/22/2024,18,237.3156947,203
12/22/2024,19,244.5639992,243
12/22/2024,20,221.9123068,247
12/22/2024,21,264.9281315,226
12/22/2024,22,257.945929,283
12/22/2024,23,255.8114898,278
12/23/2024,0,259.796233,258
12/23/2024,1,237.7114478,273
12/23/2024,2,215.9635467,335
12/23/2024,3,206.4490198,267
12/23/2024,4,274.2373011,239
12/23/2024,5,259.5101049,194
12/23/2024,6,279.3056471,192
12/23/2024,7,376.6553162,101
12/23/2024,8,435.308395,76
12/23/2024,9,430.6759556,73
12/23/2024,10,365.8597783,99
12/23/2024,11,326.1254488,110
12/23/2024,12,227.4459494,171
12/23/2024,13,255.5794698,254
12/23/2024,14,193.4569506,327
12/23/2024,15,222.8369732,331
12/23/2024,16,200.5594036,364
12/23/2024,17,225.0724007,427
12/23/2024,18,243.3877997,400
12/23/2024,19,236.9885116,325
12/23/2024,20,247.3052443,352
12/23/2024,21,262.6793267,292
12/23/2024,22,255.7999426,288
12/23/2024,23,251.936255,287
12/24/2024,0,222.8113606,211
12/24/2024,1,252.1364063,230
12/24/2024,2,252.5977865,261
12/24/2024,3,249.4713988,242
12/24/2024,4,296.7744606,177
12/24/2024,5,310.9234987,165
12/24/2024,6,217.809368,174
12/24/2024,7,300.9517802,126
12/24/2024,8,366.8200942,90
12/24/2024,9,395.168618,83
12/24/2024,10,357.035289,98
12/24/2024,11,299.9631905,119
12/24/2024,12,364.4909197,104
12/24/2024,13,264.8716007,195
12/24/2024,14,194.2459033,282
12/24/2024,15,246.4483619,307
12/24/2024,16,238.4290459,253
12/24/2024,17,248.6796953,276
12/24/2024,18,233.2790498,307
12/24/2024,19,228.6580212,338
12/24/2024,20,209.5656185,309
12/24/2024,21,271.3570401,272
12/24/2024,22,246.8849871,268
12/24/2024,23,262.2098527,259
12/25/2024,0,247.8691523,195
12/25/2024,1,335.5868033,157
12/25/2024,2,233.4412163,275
12/25/2024,3,245.6136162,220
12/25/2024,4,246.4193139,209
12/25/2024,5,278.6384679,174
12/25/2024,6,281.7777409,149
12/25/2024,7,358.2151498,105
12/25/2024,8,407.439641,85
12/25/2024,9,467.1777103,79
12/25/2024,10,393.0092383,75
12/25/2024,11,384.9928456,89
12/25/2024,12,338.0706547,95
12/25/2024,13,351.9194762,104
12/25/2024,14,220.8893969,176
12/25/2024,15,231.3517265,221
12/25/2024,16,271.1699056,238
12/25/2024,17,259.4130291,244
12/25/2024,18,199.3437093,268
12/25/2024,19,235.8155172,217
12/25/2024,20,228.9492212,277
12/25/2024,21,220.1844983,287
12/25/2024,22,190.7151861,273
12/25/2024,23,214.2754289,275
12/26/2024,0,207.7155424,232
12/26/2024,1,232.343844,217
12/26/2024,2,243.5049829,253
12/26/2024,3,244.2965594,235
12/26/2024,4,229.7362121,188
12/26/2024,5,322.5128979,153
12/26/2024,6,315.7427779,128
12/26/2024,7,284.201666,142
12/26/2024,8,474.2174625,80
12/26/2024,9,482.7418867,72
12/26/2024,10,336.7283476,92
12/26/2024,11,322.2201411,100
12/26/2024,12,231.213389,187
12/26/2024,13,268.7636817,163
12/26/2024,14,217.0436119,264
12/26/2024,15,202.0094845,334
12/26/2024,16,258.126907,283
12/26/2024,17,257.1816965,238
12/26/2024,18,220.4903567,330
12/26/2024,19,199.4787039,335
12/26/2024,20,264.5050645,285
12/26/2024,21,224.6634648,306
12/26/2024,22,240.054086,319
12/26/2024,23,222.3827241,277
12/27/2024,0,193.0057171,280
12/27/2024,1,223.6468238,283
12/27/2024,2,231.5706481,291
12/27/2024,3,245.4387505,249
12/27/2024,4,225.053598,203
12/27/2024,5,265.3163431,192
12/27/2024,6,286.4053002,137
12/27/2024,7,315.5959826,152
12/27/2024,8,280.227366,123
12/27/2024,9,457.2809842,72
12/27/2024,10,430.7290273,82
12/27/2024,11,352.8895139,94
12/27/2024,12,238.3460483,179
12/27/2024,13,214.2808973,235
12/27/2024,14,219.489459,309
12/27/2024,15,222.3772276,317
12/27/2024,16,228.6989645,277
12/27/2024,17,219.4109782,312
12/27/2024,18,211.5915831,316
12/27/2024,19,204.1682157,371
12/27/2024,20,188.2653216,389
12/27/2024,21,255.4585678,323
12/27/2024,22,272.4215986,230
12/27/2024,23,245.9256257,256
12/28/2024,0,236.8201714,245
12/28/2024,1,229.9076942,242
12/28/2024,2,246.6465765,379
12/28/2024,3,198.6788556,304
12/28/2024,4,239.8285524,236
12/28/2024,5,195.6000914,395
12/28/2024,6,306.6019226,162
12/28/2024,7,324.7662821,120
12/28/2024,8,299.080375,145
12/28/2024,9,522.7292045,67
12/28/2024,10,393.5192206,75
12/28/2024,11,348.9009663,94
12/28/2024,12,339.2576605,93
12/28/2024,13,318.197072,128
12/28/2024,14,293.9304881,207
12/28/2024,15,271.5784687,229
12/28/2024,16,257.7906635,215
12/28/2024,17,213.3978605,285
12/28/2024,18,247.3870314,282
12/28/2024,19,265.1547415,219
12/28/2024,20,221.3364614,290
12/28/2024,21,200.7550322,371
12/28/2024,22,220.9190951,335
12/28/2024,23,242.4009684,337
12/29/2024,0,210.9550571,288
12/29/2024,1,221.0859998,279
12/29/2024,2,177.2189153,360
12/29/2024,3,216.993002,284
12/29/2024,4,224.996039,251
12/29/2024,5,250.3438647,246
12/29/2024,6,228.9415686,155
12/29/2024,7,323.1189237,121
12/29/2024,8,336.4925594,106
12/29/2024,9,342.2410286,101
12/29/2024,10,362.5780004,96
12/29/2024,11,332.1804053,101
12/29/2024,12,312.1272027,115
12/29/2024,13,278.4628673,167
12/29/2024,14,282.8792336,170
12/29/2024,15,245.7720394,272
12/29/2024,16,242.4214668,230
12/29/2024,17,256.5710984,448
12/29/2024,18,185.9961868,275
12/29/2024,19,215.5962628,280
12/29/2024,20,219.4425986,278
12/29/2024,21,259.0649605,264
12/29/2024,22,223.3546802,299
12/29/2024,23,228.9576862,263
12/30/2024,0,230.4629322,271
12/30/2024,1,271.3110027,313
12/30/2024,2,230.232133,267
12/30/2024,3,263.6593762,281
12/30/2024,4,231.6395246,201
12/30/2024,5,301.908527,164
12/30/2024,6,219.2264635,167
12/30/2024,7,354.0518581,103
12/30/2024,8,460.2579364,76
12/30/2024,9,373.6116606,96
12/30/2024,10,351.8237847,95
12/30/2024,11,362.234975,111
12/30/2024,12,288.1646634,112
12/30/2024,13,221.4267761,247
12/30/2024,14,194.6994428,338
12/30/2024,15,227.7162551,292
12/30/2024,16,209.3983408,344
12/30/2024,17,189.3375152,323
12/30/2024,18,185.8851744,332
12/30/2024,19,220.9719663,339
12/30/2024,20,205.4357332,330
12/30/2024,21,231.7813256,347
12/30/2024,22,227.2668461,310
12/30/2024,23,259.3495243,275
12/31/2024,0,202.4385839,254
12/31/2024,1,239.5820274,274
12/31/2024,2,222.9015657,297
12/31/2024,3,228.9053793,296
12/31/2024,4,311.4714467,135
12/31/2024,5,258.824518,203
12/31/2024,6,292.8014652,135
12/31/2024,7,311.8891424,116
12/31/2024,8,320.942053,115
12/31/2024,9,343.4332972,107
12/31/2024,10,374.2047202,91
12/31/2024,11,373.3645638,94
12/31/2024,12,290.3475224,166
12/31/2024,13,246.1976016,282
12/31/2024,14,184.2405435,372
12/31/2024,15,238.7188513,317
12/31/2024,16,244.6561816,266
12/31/2024,17,206.1597768,430
12/31/2024,18,188.5399012,365
12/31/2024,19,219.7483607,320
12/31/2024,20,233.5403808,305
12/31/2024,21,246.7548613,301
12/31/2024,22,260.8030527,310
12/31/2024,23,294.490772,195
1/1/2025,0,185.2229495,299
1/1/2025,1,250.6564305,215
1/1/2025,2,254.3898801,237
1/1/2025,3,297.6746725,144
1/1/2025,4,286.6934767,168
1/1/2025,5,181.3722372,395
1/1/2025,6,284.7096623,146
1/1/2025,7,333.7189137,109
1/1/2025,8,455.528152,67
1/1/2025,9,479.607956,67
1/1/2025,10,409.5456992,86
1/1/2025,11,426.0893646,73
1/1/2025,12,329.2389139,98
1/1/2025,13,276.0922796,154
1/1/2025,14,278.0992247,173
1/1/2025,15,228.6217252,255
1/1/2025,16,236.2038961,262
1/1/2025,17,297.956518,213
1/1/2025,18,203.8441223,303
1/1/2025,19,246.5535219,267
1/1/2025,20,254.8106259,220
1/1/2025,21,219.6252155,273
1/1/2025,22,231.1994344,268
1/1/2025,23,234.7463652,294
1/2/2025,0,207.7791934,228
1/2/2025,1,255.2986438,259
1/2/2025,2,242.016821,222
1/2/2025,3,243.201638,177
1/2/2025,4,274.3016837,147
1/2/2025,5,303.2833991,140
1/2/2025,6,238.2963583,161
1/2/2025,7,376.8659088,93
1/2/2025,8,484.8063415,68
1/2/2025,9,430.792791,82
1/2/2025,10,317.6886171,105
1/2/2025,11,303.8165631,119
1/2/2025,12,245.4546909,159
1/2/2025,13,204.1833094,237
1/2/2025,14,203.97771,296
1/2/2025,15,256.2106637,329
1/2/2025,16,180.2641575,447
1/2/2025,17,234.693791,350
1/2/2025,18,234.6860725,290
1/2/2025,19,233.1450366,319
1/2/2025,20,184.9500261,458
1/2/2025,21,226.4148126,344
1/2/2025,22,231.1027584,320
1/2/2025,23,243.3400791,362
1/3/2025,0,217.7967768,276
1/3/2025,1,199.9487216,297
1/3/2025,2,211.6846491,365
1/3/2025,3,236.9797827,219
1/3/2025,4,243.2623653,223
1/3/2025,5,240.0990904,176
1/3/2025,6,237.7210653,146
1/3/2025,7,360.3707565,95
1/3/2025,8,415.8831965,81
1/3/2025,9,399.5207431,88
1/3/2025,10,314.857441,112
1/3/2025,11,275.7380439,123
1/3/2025,12,277.0400724,160
1/3/2025,13,228.6613075,218
1/3/2025,14,212.1299843,367
1/3/2025,15,237.4042515,310
1/3/2025,16,252.1638848,380
1/3/2025,17,243.1089023,296
1/3/2025,18,208.8175102,283
1/3/2025,19,212.3853777,339
1/3/2025,20,221.7050048,281
1/3/2025,21,217.9641674,343
1/3/2025,22,192.207551,355
1/3/2025,23,227.7818393,342
1/4/2025,0,231.188618,273
1/4/2025,1,236.1910574,269
1/4/2025,2,237.1819434,312
1/4/2025,3,255.4004243,243
1/4/2025,4,243.9664456,211
1/4/2025,5,214.8356353,256
1/4/2025,6,271.4801585,156
1/4/2025,7,291.0972662,130
1/4/2025,8,433.3717552,71
1/4/2025,9,355.7016429,92
1/4/2025,10,357.8321987,92
1/4/2025,11,321.297545,115
1/4/2025,12,360.1195373,98
1/4/2025,13,319.3365996,148
1/4/2025,14,237.2202718,251
1/4/2025,15,258.5681764,230
1/4/2025,16,253.5391143,205
1/4/2025,17,202.2844426,338
1/4/2025,18,188.3133047,252
1/4/2025,19,212.8956009,267
1/4/2025,20,229.0846709,274
1/4/2025,21,224.4881053,295
1/4/2025,22,244.741417,243
1/4/2025,23,258.8805164,266
1/5/2025,0,228.7277375,238
1/5/2025,1,217.2446687,303
1/5/2025,2,215.0630222,348
1/5/2025,3,225.7778677,287
1/5/2025,4,229.0413772,235
1/5/2025,5,212.2067616,282
1/5/2025,6,234.5449108,202
1/5/2025,7,340.03048,122
1/5/2025,8,343.982393,97
1/5/2025,9,379.0291321,88
1/5/2025,10,320.1344766,103
1/5/2025,11,391.6410907,87
1/5/2025,12,412.7428831,79
1/5/2025,13,339.7339585,142
1/5/2025,14,316.7030485,137
1/5/2025,15,250.4614196,260
1/5/2025,16,230.8769167,261
1/5/2025,17,200.1187158,476
1/5/2025,18,190.7383802,306
1/5/2025,19,227.7309643,323
1/5/2025,20,197.001922,384
1/5/2025,21,210.737905,357
1/5/2025,22,211.7163425,339
1/5/2025,23,246.7020348,255
1/6/2025,0,227.7105989,262
1/6/2025,1,269.751539,292
1/6/2025,2,232.5064858,357
1/6/2025,3,253.9476443,246
1/6/2025,4,286.3427279,171
1/6/2025,5,260.3730402,179
1/6/2025,6,278.2960722,124
1/6/2025,7,313.9145565,123
1/6/2025,8,371.7797227,96
1/6/2025,9,384.7547909,95
1/6/2025,10,435.5475877,82
1/6/2025,11,385.3650231,137
1/6/2025,12,275.9877893,156
1/6/2025,13,224.7228162,286
1/6/2025,14,233.2936882,405
1/6/2025,15,239.4522461,339
1/6/2025,16,210.7082069,397
1/6/2025,17,238.5030101,368
1/6/2025,18,226.9237474,294
1/6/2025,19,203.856786,417
1/6/2025,20,194.8338516,359
1/6/2025,21,201.6466951,331
1/6/2025,22,208.5410914,339
1/6/2025,23,242.6534187,264
1/7/2025,0,212.9998759,509
1/7/2025,1,237.6190056,1010
1/7/2025,2,279.4315841,506
1/7/2025,3,246.4826812,304
1/7/2025,4,275.9311928,191
1/7/2025,5,170.3195018,186
1/7/2025,6,218.0145718,137
1/7/2025,7,329.1244549,122
1/7/2025,8,390.4723379,83
1/7/2025,9,347.6303331,91
1/7/2025,10,412.1719127,101
1/7/2025,11,244.2048586,200
1/7/2025,12,228.2918635,201
1/7/2025,13,201.9190327,287
1/7/2025,14,217.4693961,359
1/7/2025,15,196.5455796,486
1/7/2025,16,167.4630273,558
1/7/2025,17,184.5932031,457
1/7/2025,18,210.0272731,383
1/7/2025,19,181.8861147,363
1/7/2025,20,216.5658753,375
1/7/2025,21,226.2378657,283
1/7/2025,22,261.9865252,319
1/7/2025,23,260.3203538,322
1/8/2025,0,189.8840846,373
1/8/2025,1,212.9601632,282
1/8/2025,2,225.4260134,272
1/8/2025,3,225.9753481,299
1/8/2025,4,213.2372504,248
1/8/2025,5,243.0971591,239
1/8/2025,6,209.3705996,213
1/8/2025,7,272.9316335,150
1/8/2025,8,375.7384148,96
1/8/2025,9,383.1471326,89
1/8/2025,10,308.4520962,110
1/8/2025,11,313.9932351,135
1/8/2025,12,279.6413146,139
1/8/2025,13,240.3259693,225
1/8/2025,14,193.2183113,301
1/8/2025,15,173.6882104,457
1/8/2025,16,198.8509422,384
1/8/2025,17,197.5130007,422
1/8/2025,18,200.6641123,397
1/8/2025,19,188.8582873,353
1/8/2025,20,228.6474759,353
1/8/2025,21,268.5446819,265
1/8/2025,22,288.7044054,251
1/8/2025,23,235.563949,287
1/9/2025,0,200.8777147,312
1/9/2025,1,193.6528818,351
1/9/2025,2,194.7231455,357
1/9/2025,3,194.5745077,311
1/9/2025,4,220.7119909,241
1/9/2025,5,208.8775719,217
1/9/2025,6,241.5677617,178
1/9/2025,7,239.1497716,178
1/9/2025,8,333.8856166,99
1/9/2025,9,269.9800638,128
1/9/2025,10,338.5222656,101
1/9/2025,11,301.0541911,143
1/9/2025,12,245.3786231,150
1/9/2025,13,225.2310889,220
1/9/2025,14,248.7626911,311
1/9/2025,15,222.1384816,387
1/9/2025,16,227.1839641,365
1/9/2025,17,213.9984724,388
1/9/2025,18,193.0067926,295
1/9/2025,19,205.7410381,340
1/9/2025,20,232.2449116,291
1/9/2025,21,230.2719056,308
1/9/2025,22,218.1201338,337
1/9/2025,23,241.5206643,307
1/10/2025,0,189.2034871,382
1/10/2025,1,218.0663441,328
1/10/2025,2,217.0577353,354
1/10/2025,3,205.4419039,264
1/10/2025,4,231.904131,238
1/10/2025,5,277.1882457,188
1/10/2025,6,185.2187149,191
1/10/2025,7,196.4246656,250
1/10/2025,8,245.1071128,141
1/10/2025,9,346.0031129,100
1/10/2025,10,329.5233567,98
1/10/2025,11,359.7283065,108
1/10/2025,12,227.8832978,167
1/10/2025,13,178.3701179,334
1/10/2025,14,216.5781579,311
1/10/2025,15,255.2704907,322
1/10/2025,16,214.9673798,311
1/10/2025,17,221.0988865,290
1/10/2025,18,256.831692,225
1/10/2025,19,224.0924945,294
1/10/2025,20,201.5864749,447
1/10/2025,21,219.2732504,388
1/10/2025,22,245.3730119,407
1/10/2025,23,249.5519205,288
1/11/2025,0,168.5228446,288
1/11/2025,1,180.4271112,414
1/11/2025,2,200.5606611,387
1/11/2025,3,189.7387862,332
1/11/2025,4,224.5138284,290
1/11/2025,5,182.7182777,273
1/11/2025,6,216.7376804,182
1/11/2025,7,241.5972122,203
1/11/2025,8,395.6943411,77
1/11/2025,9,395.3437723,85
1/11/2025,10,306.8512678,123
1/11/2025,11,270.6375322,147
1/11/2025,12,276.4731768,120
1/11/2025,13,275.1581027,155
1/11/2025,14,244.8092478,185
1/11/2025,15,220.897103,277
1/11/2025,16,228.9754456,261
1/11/2025,17,254.561731,273
1/11/2025,18,216.5440187,334
1/11/2025,19,253.1915448,281
1/11/2025,20,222.1880495,261
1/11/2025,21,212.3767851,292
1/11/2025,22,190.6571036,278
1/11/2025,23,205.8235597,159
1/12/2025,0,185.789267,256
1/12/2025,1,161.5270207,360
1/12/2025,2,185.991648,351
1/12/2025,3,216.1694446,359
1/12/2025,4,218.348856,243
1/12/2025,5,170.1117728,204
1/12/2025,6,161.921687,212
1/12/2025,7,214.469001,127
1/12/2025,8,191.6812273,121
1/12/2025,9,139.655839,123
1/12/2025,10,228.658,105
1/12/2025,11,204.551178,98
1/12/2025,12,204.5140311,84
1/12/2025,13,116.3789254,177
1/12/2025,14,184.6827587,246
1/12/2025,15,190.2411272,203
1/12/2025,16,184.7594161,233
1/12/2025,17,158.2190939,292
1/12/2025,18,172.9726699,274
1/12/2025,19,192.1296513,259
1/12/2025,20,188.6366136,278
1/12/2025,21,156.6942429,275
1/12/2025,22,187.2560174,268
1/12/2025,23,173.9127378,349
1/13/2025,0,188.3622764,373
1/13/2025,1,154.0499519,306
1/13/2025,2,169.0085503,317
1/13/2025,3,180.3188005,223
1/13/2025,4,183.8910208,231
1/13/2025,5,137.3116461,156
1/13/2025,6,122.0303603,200
1/13/2025,7,199.2751839,118
1/13/2025,8,148.8966061,177
1/13/2025,9,157.5071529,108
1/13/2025,10,153.0556132,161
1/13/2025,11,194.4520239,128
1/13/2025,12,138.261788,163
1/13/2025,13,185.9428755,324
1/13/2025,14,166.3839382,372
1/13/2025,15,153.0254006,347
1/13/2025,16,162.8411826,278
1/13/2025,17,183.8390275,319
1/13/2025,18,155.7915924,239
1/13/2025,19,167.5826957,287
1/13/2025,20,200.9384604,344
1/13/2025,21,246.0630337,316
1/13/2025,22,195.847059,297
1/13/2025,23,167.9044737,359
1/14/2025,0,165.2212336,262
1/14/2025,1,184.61249,301
1/14/2025,2,158.1586063,406
1/14/2025,3,147.9525029,314
1/14/2025,4,169.9244523,191
1/14/2025,5,211.800499,149
1/14/2025,6,155.8927271,166
1/14/2025,7,163.8235129,182
1/14/2025,8,203.0888629,109
1/14/2025,9,141.3953457,135
1/14/2025,10,177.3109242,126
1/14/2025,11,142.0680424,190
1/14/2025,12,168.6460945,138
1/14/2025,13,172.7674272,253
1/14/2025,14,174.6772665,287
1/14/2025,15,174.6278273,347
1/14/2025,16,158.0852911,367
1/14/2025,17,154.806998,353
1/14/2025,18,161.1678871,338
1/14/2025,19,172.1115326,347
1/14/2025,20,170.1913562,380
1/14/2025,21,184.6396655,305
1/14/2025,22,191.4769634,274
1/14/2025,23,192.6669487,293
1/15/2025,0,154.7976105,259
1/15/2025,1,183.1796822,241
1/15/2025,2,161.7485419,337
1/15/2025,3,146.58139,277
1/15/2025,4,171.1597866,195
1/15/2025,5,184.2626059,112
1/15/2025,6,156.609345,109
1/15/2025,7,243.1385652,75
1/15/2025,8,219.2137103,88
1/15/2025,9,183.1609348,95
1/15/2025,10,195.276569,110
1/15/2025,11,196.7719465,128
1/15/2025,12,179.9855306,159
1/15/2025,13,144.0730375,310
1/15/2025,14,175.9392989,323
1/15/2025,15,163.3842125,358
1/15/2025,16,191.4596087,337
1/15/2025,17,147.8915951,355
1/15/2025,18,149.577437,404
1/15/2025,19,195.1212617,303
1/15/2025,20,166.6332073,316
1/15/2025,21,174.040898,397
1/15/2025,22,166.4956299,280
1/15/2025,23,199.1003442,276
1/16/2025,0,126.5689591,301
1/16/2025,1,159.310171,281
1/16/2025,2,161.4290021,339
1/16/2025,3,177.8497891,266
1/16/2025,4,147.8249081,257
1/16/2025,5,186.8321683,183
1/16/2025,6,174.207107,165
1/16/2025,7,238.5173055,86
1/16/2025,8,286.4697113,92
1/16/2025,9,184.9145204,98
1/16/2025,10,182.2635442,117
1/16/2025,11,152.2492808,148
1/16/2025,12,132.1486027,151
1/16/2025,13,187.3714046,234
1/16/2025,14,163.6481864,323
1/16/2025,15,169.6721999,327
1/16/2025,16,137.9585796,283
1/16/2025,17,199.5362861,301
1/16/2025,18,164.1792191,340
1/16/2025,19,180.7085018,310
1/16/2025,20,211.7274718,254
1/16/2025,21,200.640069,315
1/16/2025,22,178.1795311,218
1/16/2025,23,183.5322823,276
1/17/2025,0,215.5674923,196
1/17/2025,1,197.3667019,277
1/17/2025,2,185.9188896,343
1/17/2025,3,230.9571046,268
1/17/2025,4,204.2630526,157
1/17/2025,5,175.2649109,127
1/17/2025,6,187.544171,106
1/17/2025,7,218.1485084,108
1/17/2025,8,182.7807026,88
1/17/2025,9,200.2103039,83
1/17/2025,10,232.9597026,83
1/17/2025,11,164.5426223,144
1/17/2025,12,202.9746607,132
1/17/2025,13,141.6950785,322
1/17/2025,14,197.3051815,291
1/17/2025,15,181.9705475,336
1/17/2025,16,178.595829,302
1/17/2025,17,205.3009692,269
1/17/2025,18,152.1127187,209
1/17/2025,19,190.2563452,189
1/17/2025,20,215.6540455,271
1/17/2025,21,199.252201,264
1/17/2025,22,216.6400337,223
1/17/2025,23,218.4353237,259
1/18/2025,0,163.402642,217
1/18/2025,1,192.5187401,183
1/18/2025,2,170.6891991,285
1/18/2025,3,193.5704947,211
1/18/2025,4,238.6712562,193
1/18/2025,5,146.2061219,202
1/18/2025,6,183.0028838,139
1/18/2025,7,195.871215,133
1/18/2025,8,210.5972613,79
1/18/2025,9,140.1333346,97
1/18/2025,10,173.7599193,120
1/18/2025,11,140.4502915,112
1/18/2025,12,185.4200469,114
1/18/2025,13,232.5995542,139
1/18/2025,14,188.2670093,193
1/18/2025,15,187.1918603,262
1/18/2025,16,230.1529065,290
1/18/2025,17,240.7111601,275
1/18/2025,18,138.0892554,246
1/18/2025,19,165.5199817,358
1/18/2025,20,182.9956089,249
1/18/2025,21,197.7043868,264
1/18/2025,22,204.1798909,246
1/18/2025,23,217.4140594,228
1/19/2025,0,221.6684155,228
1/19/2025,1,240.148542,413
1/19/2025,2,219.2183753,274
1/19/2025,3,197.0792092,282
1/19/2025,4,172.9275757,225
1/19/2025,5,235.0166926,130
1/19/2025,6,197.267219,162
1/19/2025,7,249.2494142,110
1/19/2025,8,189.59441,93
1/19/2025,9,303.1285779,73
1/19/2025,10,201.8684011,102
1/19/2025,11,162.729104,103
1/19/2025,12,106.1125274,168
1/19/2025,13,108.7429589,178
1/19/2025,14,177.5892004,239
1/19/2025,15,218.3606367,251
1/19/2025,16,158.1451484,273
1/19/2025,17,182.0683875,286
1/19/2025,18,227.9012007,225
1/19/2025,19,179.8776625,303
1/19/2025,20,186.4207792,369
1/19/2025,21,194.3225056,375
1/19/2025,22,186.877868,342
1/19/2025,23,185.1698027,311
1/20/2025,0,154.6399865,284
1/20/2025,1,160.3227997,325
1/20/2025,2,163.86947,356
1/20/2025,3,180.0958489,268
1/20/2025,4,131.0416242,220
1/20/2025,5,201.3898492,121
1/20/2025,6,211.6690342,124
1/20/2025,7,182.3826202,127
1/20/2025,8,205.0074127,79
1/20/2025,9,248.9964052,74
1/20/2025,10,189.0968406,105
1/20/2025,11,133.7720095,129
1/20/2025,12,107.2086603,166
1/20/2025,13,171.8855865,193
1/20/2025,14,154.6396589,304
1/20/2025,15,180.5068986,305
1/20/2025,16,185.3936252,315
1/20/2025,17,213.279897,355
1/20/2025,18,198.6846589,307
1/20/2025,19,180.349829,369
1/20/2025,20,195.8267953,305
1/20/2025,21,174.2808131,341
1/20/2025,22,223.7897792,270
1/20/2025,23,192.794836,238
1/21/2025,0,176.6717633,308
1/21/2025,1,171.0817072,314
1/21/2025,2,202.2146531,283
1/21/2025,3,179.3534677,284
1/21/2025,4,202.2395316,196
1/21/2025,5,218.0938872,120
1/21/2025,6,98.61664586,144
1/21/2025,7,197.3422353,147
1/21/2025,8,138.6846191,159
1/21/2025,9,147.9411451,94
1/21/2025,10,187.8360359,125
1/21/2025,11,190.24128,110
1/21/2025,12,206.9871821,130
1/21/2025,13,154.7180606,242
1/21/2025,14,157.5261722,291
1/21/2025,15,171.8362939,341
1/21/2025,16,112.6826932,334
1/21/2025,17,245.7286142,348
1/21/2025,18,179.7630554,312
1/21/2025,19,155.2394597,317
1/21/2025,20,174.9956506,337
1/21/2025,21,201.9812921,384
1/21/2025,22,194.6040605,230
1/21/2025,23,214.4912844,330
1/22/2025,0,230.6171001,182
1/22/2025,1,200.090297,250
1/22/2025,2,162.7897999,309
1/22/2025,3,187.3441678,226
1/22/2025,4,236.2921238,233
1/22/2025,5,231.4948643,160
1/22/2025,6,197.3146551,138
1/22/2025,7,178.8917455,120
1/22/2025,8,193.6122407,83
1/22/2025,9,258.2231704,91
1/22/2025,10,186.8764924,116
1/22/2025,11,177.2334881,110
1/22/2025,12,138.7665223,139
1/22/2025,13,166.717764,269
1/22/2025,14,177.082273,391
1/22/2025,15,161.1557303,382
1/22/2025,16,169.887242,341
1/22/2025,17,202.3922396,334
1/22/2025,18,161.3380585,462
1/22/2025,19,214.6070599,380
1/22/2025,20,190.5300118,325
1/22/2025,21,221.6847515,307
1/22/2025,22,188.8682311,271
1/22/2025,23,192.8207279,283
1/23/2025,0,136.0023886,297
1/23/2025,1,199.2552506,252
1/23/2025,2,152.3382432,307
1/23/2025,3,219.565296,230
1/23/2025,4,205.6850104,147
1/23/2025,5,168.384685,165
1/23/2025,6,147.688123,146
1/23/2025,7,224.4532138,105
1/23/2025,8,157.2771411,100
1/23/2025,9,239.0488387,117
1/23/2025,10,139.2650364,177
1/23/2025,11,148.9166369,166
1/23/2025,12,156.1982334,163
1/23/2025,13,170.0345108,223
1/23/2025,14,146.6194794,408
1/23/2025,15,175.6082525,391
1/23/2025,16,155.0091842,321
1/23/2025,17,226.6645633,270
1/23/2025,18,157.0766492,380
1/23/2025,19,145.2789145,262
1/23/2025,20,146.5306194,317
1/23/2025,21,189.8218958,400
1/23/2025,22,215.6810003,305
1/23/2025,23,187.5574634,255
1/24/2025,0,149.7371443,304
1/24/2025,1,155.7473715,285
1/24/2025,2,194.7743382,228
1/24/2025,3,255.2893337,251
1/24/2025,4,237.0697642,152
1/24/2025,5,186.6668728,124
1/24/2025,6,169.5100465,111
1/24/2025,7,189.047546,114
1/24/2025,8,248.6432844,78
1/24/2025,9,175.5954954,114
1/24/2025,10,161.1125397,131
1/24/2025,11,224.8717344,141
1/24/2025,12,126.4124792,217
1/24/2025,13,157.3920787,271
1/24/2025,14,158.6070131,389
1/24/2025,15,180.5932086,319
1/24/2025,16,180.563499,294
1/24/2025,17,163.6202129,326
1/24/2025,18,143.8818931,384
1/24/2025,19,171.3180817,340
1/24/2025,20,158.2145181,308
1/24/2025,21,193.5423283,309
1/24/2025,22,178.501041,293
1/24/2025,23,185.4162227,299
1/25/2025,0,142.8426807,269
1/25/2025,1,165.9900802,320
1/25/2025,2,172.1551693,289
1/25/2025,3,180.1003408,303
1/25/2025,4,263.9259662,347
1/25/2025,5,278.3150131,339
1/25/2025,6,133.208086,205
1/25/2025,7,195.6449049,144
1/25/2025,8,222.4818859,142
1/25/2025,9,212.7185485,118
1/25/2025,10,224.056175,63
1/25/2025,11,213.4722784,136
1/25/2025,12,137.0463199,136
1/25/2025,13,213.3120645,166
1/25/2025,14,172.2925107,184
1/25/2025,15,194.05772,261
1/25/2025,16,184.0043898,308
1/25/2025,17,178.1350861,306
1/25/2025,18,194.2647367,336
1/25/2025,19,203.6961791,243
1/25/2025,20,207.7057899,404
1/25/2025,21,213.0902738,237
1/25/2025,22,206.3721758,248
1/25/2025,23,199.1367196,277
1/26/2025,0,117.8845052,268
1/26/2025,1,170.8213752,272
1/26/2025,2,216.8313663,239
1/26/2025,3,144.0940978,239
1/26/2025,4,178.6246076,198
1/26/2025,5,176.8506638,151
1/26/2025,6,142.625822,139
1/26/2025,7,204.6595638,115
1/26/2025,8,182.3995922,123
1/26/2025,9,202.6616337,119
1/26/2025,10,209.4145632,93
1/26/2025,11,172.8516579,107
1/26/2025,12,177.4714562,123
1/26/2025,13,167.4879537,145
1/26/2025,14,139.594373,284
1/26/2025,15,180.1219126,305
1/26/2025,16,186.452692,273
1/26/2025,17,184.0047438,260
1/26/2025,18,193.4026952,275
1/26/2025,19,155.2261969,225
1/26/2025,20,180.6985783,283
1/26/2025,21,153.9616961,276
1/26/2025,22,209.8500002,299
1/26/2025,23,182.7948476,233
1/27/2025,0,167.4187777,280
1/27/2025,1,158.2291958,333
1/27/2025,2,178.2679335,417
1/27/2025,3,197.1580265,280
1/27/2025,4,203.6167123,235
1/27/2025,5,208.8543206,172
1/27/2025,6,135.4121962,189
1/27/2025,7,183.3245049,140
1/27/2025,8,153.8557976,120
1/27/2025,9,167.5542474,126
1/27/2025,10,164.2380373,118
1/27/2025,11,178.8649242,143
1/27/2025,12,146.8473912,162
1/27/2025,13,160.0952259,342
1/27/2025,14,162.8717105,371
1/27/2025,15,159.1502878,391
1/27/2025,16,172.5479544,299
1/27/2025,17,208.3471322,257
1/27/2025,18,167.3220883,325
1/27/2025,19,172.1776039,338
1/27/2025,20,169.2124611,253
1/27/2025,21,174.4688656,326
1/27/2025,22,190.4719254,311
1/27/2025,23,189.1599494,323
1/28/2025,0,135.9017595,383
1/28/2025,1,204.338503,320
1/28/2025,2,176.4242655,390
1/28/2025,3,166.265708,292
1/28/2025,4,189.4750163,192
1/28/2025,5,193.0254552,216
1/28/2025,6,144.5859712,150
1/28/2025,7,243.5288828,143
1/28/2025,8,214.7595627,117
1/28/2025,9,172.6649114,130
1/28/2025,10,187.4678274,145
1/28/2025,11,148.3342396,155
1/28/2025,12,164.6810769,183
1/28/2025,13,164.2243015,261
1/28/2025,14,209.007681,407
1/28/2025,15,198.7186988,409
1/28/2025,16,187.3712907,276
1/28/2025,17,159.0050793,396
1/28/2025,18,148.0997008,311
1/28/2025,19,166.9141731,343
1/28/2025,20,210.4996219,282
1/28/2025,21,176.8014501,343
1/28/2025,22,199.2569221,316
1/28/2025,23,189.5550524,298
1/29/2025,0,193.1336207,317
1/29/2025,1,190.5056553,311
1/29/2025,2,187.8848681,281
1/29/2025,3,190.9091876,333
1/29/2025,4,252.0163399,165
1/29/2025,5,211.1425499,151
1/29/2025,6,127.8620404,195
1/29/2025,7,179.5545061,148
1/29/2025,8,150.3386974,130
1/29/2025,9,164.4378289,135
1/29/2025,10,161.5546817,144
1/29/2025,11,202.7955358,180
1/29/2025,12,161.8229689,183
1/29/2025,13,168.6198878,300
1/29/2025,14,189.6920155,373
1/29/2025,15,186.1920947,441
1/29/2025,16,164.2766627,353
1/29/2025,17,162.9024496,415
1/29/2025,18,134.8738173,478
1/29/2025,19,172.7407097,348
1/29/2025,20,165.5414775,341
1/29/2025,21,175.2627313,370
1/29/2025,22,244.8073933,258
1/29/2025,23,189.4821862,360
1/30/2025,0,197.2252546,274
1/30/2025,1,207.5793958,278
1/30/2025,2,193.3061292,320
1/30/2025,3,184.7202115,329
1/30/2025,4,224.1057502,160
1/30/2025,5,161.0866557,181
1/30/2025,6,169.9121019,135
1/30/2025,7,233.2502801,119
1/30/2025,8,203.106996,136
1/30/2025,9,178.844855,107
1/30/2025,10,216.8574144,117
1/30/2025,11,137.0508164,170
1/30/2025,12,145.9805498,236
1/30/2025,13,160.235425,280
1/30/2025,14,187.9784592,345
1/30/2025,15,186.4186589,347
1/30/2025,16,191.7077591,284
1/30/2025,17,210.689479,281
1/30/2025,18,195.6641317,343
1/30/2025,19,174.2661415,341
1/30/2025,20,174.9446081,293
1/30/2025,21,197.4441281,277
1/30/2025,22,214.0489793,274
1/30/2025,23,190.7890646,355
1/31/2025,0,172.7121813,298
1/31/2025,1,202.9884008,290
1/31/2025,2,198.4662008,400
1/31/2025,3,172.7766253,329
1/31/2025,4,190.7207534,209
1/31/2025,5,251.5203292,150
1/31/2025,6,139.2071217,223
1/31/2025,7,216.6833921,139
1/31/2025,8,264.0082261,89
1/31/2025,9,164.5936589,146
1/31/2025,10,192.8281351,103
1/31/2025,11,192.9615952,127
1/31/2025,12,191.509399,170
1/31/2025,13,185.1330617,303
1/31/2025,14,194.4470325,368
1/31/2025,15,173.2784187,315
1/31/2025,16,185.7398842,334
1/31/2025,17,173.6267277,350
1/31/2025,18,163.2424109,289
1/31/2025,19,187.0949491,301
1/31/2025,20,180.9661803,368
1/31/2025,21,209.5804833,304
1/31/2025,22,214.1182145,298
1/31/2025,23,228.8104627,286
2/1/2025,0,155.0014936,299
2/1/2025,1,184.4809656,274
2/1/2025,2,220.8280854,388
2/1/2025,3,174.3519677,232
2/1/2025,4,199.8406356,219
2/1/2025,5,207.0312541,237
2/1/2025,6,150.2384422,174
2/1/2025,7,256.9340323,130
2/1/2025,8,211.0063059,124
2/1/2025,9,232.5883571,85
2/1/2025,10,165.6453786,119
2/1/2025,11,169.1174166,117
2/1/2025,12,150.8756237,190
2/1/2025,13,146.5324344,228
2/1/2025,14,178.4186354,317
2/1/2025,15,189.3269094,212
2/1/2025,16,194.1934453,287
2/1/2025,17,206.2715643,346
2/1/2025,18,183.8038548,329
2/1/2025,19,190.9019332,258
2/1/2025,20,227.4615598,276
2/1/2025,21,188.5854525,283
2/1/2025,22,200.9342823,329
2/1/2025,23,208.1892426,347
2/2/2025,0,155.7074489,350
2/2/2025,1,140.133476,261
2/2/2025,2,188.5781935,316
2/2/2025,3,159.5287802,281
2/2/2025,4,215.1909509,261
2/2/2025,5,158.2476032,206
2/2/2025,6,117.5516604,163
2/2/2025,7,278.7427364,116
2/2/2025,8,227.1827875,114
2/2/2025,9,227.7482251,114
2/2/2025,10,192.9571666,98
2/2/2025,11,198.7647289,122
2/2/2025,12,110.8523132,138
2/2/2025,13,198.8597813,164
2/2/2025,14,205.1673269,222
2/2/2025,15,221.8830304,215
2/2/2025,16,171.2159138,279
2/2/2025,17,218.159606,238
2/2/2025,18,181.3533591,255
2/2/2025,19,186.5067125,289
2/2/2025,20,179.4366206,276
2/2/2025,21,229.8694703,329
2/2/2025,22,221.6139947,226
2/2/2025,23,201.434239,314
2/3/2025,0,209.86837,254
2/3/2025,1,168.1721072,326
2/3/2025,2,241.6869233,434
2/3/2025,3,174.2056838,274
2/3/2025,4,249.8706286,157
2/3/2025,5,172.0040111,163
2/3/2025,6,117.978943,158
2/3/2025,7,205.5227041,124
2/3/2025,8,268.872789,91
2/3/2025,9,168.160285,105
2/3/2025,10,215.2932915,107
2/3/2025,11,240.8390143,93
2/3/2025,12,168.3125775,172
2/3/2025,13,197.5078132,248
2/3/2025,14,184.0583301,384
2/3/2025,15,174.0399583,406
2/3/2025,16,199.421748,363
2/3/2025,17,201.4698565,280
2/3/2025,18,160.1101856,434
2/3/2025,19,194.3580081,364
2/3/2025,20,173.6884868,255
2/3/2025,21,243.0948817,385
2/3/2025,22,211.454736,259
2/3/2025,23,202.7732897,313
2/4/2025,0,140.985133,299
2/4/2025,1,138.4822299,306
2/4/2025,2,220.3860996,316
2/4/2025,3,218.8708202,219
2/4/2025,4,198.2081758,164
2/4/2025,5,185.3318948,203
2/4/2025,6,160.8951907,221
2/4/2025,7,240.4985184,116
2/4/2025,8,234.5094753,85
2/4/2025,9,231.5426575,95
2/4/2025,10,202.8043226,94
2/4/2025,11,220.8782181,117
2/4/2025,12,147.3866337,200
2/4/2025,13,171.2107484,296
2/4/2025,14,166.2479146,312
2/4/2025,15,185.2922466,358
2/4/2025,16,177.3943987,353
2/4/2025,17,186.9450178,363
2/4/2025,18,183.2230273,287
2/4/2025,19,182.7000828,265
2/4/2025,20,189.3713215,376
2/4/2025,21,230.2015401,379
2/4/2025,22,211.3387635,287
2/4/2025,23,224.9524328,242
2/5/2025,0,158.0458268,250
2/5/2025,1,185.169548,298
2/5/2025,2,203.2026723,291
2/5/2025,3,169.9814241,242
2/5/2025,4,213.202906,160
2/5/2025,5,190.992589,202
2/5/2025,6,173.3203686,163
2/5/2025,7,186.1372864,125
2/5/2025,8,193.9351606,125
2/5/2025,9,180.3014863,125
2/5/2025,10,159.2262249,158
2/5/2025,11,249.0899551,112
2/5/2025,12,177.1137337,145
2/5/2025,13,156.5771035,286
2/5/2025,14,188.9537418,341
2/5/2025,15,172.2478264,335
2/5/2025,16,169.4220034,318
2/5/2025,17,210.3923874,262
2/5/2025,18,156.2560351,290
2/5/2025,19,190.4221086,215
2/5/2025,20,175.9677432,325
2/5/2025,21,190.5850561,242
2/5/2025,22,237.62514,275
2/5/2025,23,184.0784311,262
2/6/2025,0,165.0038634,235
2/6/2025,1,192.2128775,229
2/6/2025,2,201.1500873,351
2/6/2025,3,203.8991637,314
2/6/2025,4,196.6495497,257
2/6/2025,5,182.4038397,149
2/6/2025,6,165.7051586,153
2/6/2025,7,217.1894948,106
2/6/2025,8,200.3569187,109
2/6/2025,9,145.5580332,93
2/6/2025,10,172.4093484,118
2/6/2025,11,177.2476069,136
2/6/2025,12,153.0557293,188
2/6/2025,13,187.3361978,261
2/6/2025,14,189.8048053,358
2/6/2025,15,213.9681024,342
2/6/2025,16,170.7828667,362
2/6/2025,17,181.3805946,369
2/6/2025,18,153.2740564,315
2/6/2025,19,156.3485372,327
2/6/2025,20,186.8408983,219
2/6/2025,21,193.5957906,295
2/6/2025,22,185.6626896,285
2/6/2025,23,217.3286767,291
2/7/2025,0,177.3225795,287
2/7/2025,1,232.3774019,263
2/7/2025,2,172.4669996,346
2/7/2025,3,183.4525824,241
2/7/2025,4,134.1876238,208
2/7/2025,5,160.3549725,168
2/7/2025,6,136.8259711,149
2/7/2025,7,150.1490433,172
2/7/2025,8,222.5130378,98
2/7/2025,9,151.9785679,117
2/7/2025,10,238.1191188,84
2/7/2025,11,211.1216699,132
2/7/2025,12,173.2950494,208
2/7/2025,13,167.1312985,262
2/7/2025,14,165.8232248,293
2/7/2025,15,197.7044269,304
2/7/2025,16,164.5920925,292
2/7/2025,17,216.5454913,223
2/7/2025,18,186.1248298,302
2/7/2025,19,221.0498155,349
2/7/2025,20,183.8702139,259
2/7/2025,21,252.0809668,242
2/7/2025,22,185.2125716,305
2/7/2025,23,240.9079867,349
2/8/2025,0,133.1547074,272
2/8/2025,1,200.1582034,323
2/8/2025,2,196.2565656,295
2/8/2025,3,212.8829453,237
2/8/2025,4,214.1119247,232
2/8/2025,5,199.7021675,159
2/8/2025,6,183.7616458,170
2/8/2025,7,179.9573854,162
2/8/2025,8,203.3277683,91
2/8/2025,9,197.4037528,89
2/8/2025,10,224.1394243,90
2/8/2025,11,213.9338144,85
2/8/2025,12,177.4683384,92
2/8/2025,13,190.1626897,224
2/8/2025,14,203.3007676,246
2/8/2025,15,191.7115603,295
2/8/2025,16,212.3109087,242
2/8/2025,17,209.9027457,322
2/8/2025,18,163.3738381,276
2/8/2025,19,198.4430043,336
2/8/2025,20,184.6260426,312
2/8/2025,21,199.4085382,277
2/8/2025,22,227.688352,270
2/8/2025,23,204.7866983,320
2/9/2025,0,148.0439832,198
2/9/2025,1,206.3166637,272
2/9/2025,2,195.6096187,304
2/9/2025,3,200.5784441,238
2/9/2025,4,239.2269135,244
2/9/2025,5,205.4232447,167
2/9/2025,6,160.0118198,183
2/9/2025,7,248.6475816,131
2/9/2025,8,188.4471583,96
2/9/2025,9,209.6935146,99
2/9/2025,10,218.8804173,110
2/9/2025,11,232.8591635,109
2/9/2025,12,141.5173451,163
2/9/2025,13,241.9625231,142
2/9/2025,14,174.9900755,187
2/9/2025,15,202.7081069,273
2/9/2025,16,174.9669889,301
2/9/2025,17,246.9052728,246
2/9/2025,18,152.7617412,239
2/9/2025,19,233.8666994,273
2/9/2025,20,195.0405186,305
2/9/2025,21,179.1130767,301
2/9/2025,22,221.5342637,235
2/9/2025,23,185.5484727,258
2/10/2025,0,212.155118,225
2/10/2025,1,162.8379708,254
2/10/2025,2,197.1138337,223
2/10/2025,3,199.0152039,214
2/10/2025,4,441.6176585,311
2/10/2025,5,317.520638,135
2/10/2025,6,150.5730648,140
2/10/2025,7,261.6055476,103
2/10/2025,8,163.3213285,109
2/10/2025,9,182.5401383,116
2/10/2025,10,165.3068833,134
2/10/2025,11,180.8832665,151
2/10/2025,12,209.2754921,142
2/10/2025,13,191.0156171,259
2/10/2025,14,178.4727072,393
2/10/2025,15,183.3785312,307
2/10/2025,16,256.7561848,367
2/10/2025,17,218.6045806,313
2/10/2025,18,203.55187,334
2/10/2025,19,184.7461552,412
2/10/2025,20,166.4149274,334
2/10/2025,21,200.0761159,319
2/10/2025,22,221.4358266,238
2/10/2025,23,234.3917733,277
2/11/2025,0,177.3426651,269
2/11/2025,1,185.4118849,271
2/11/2025,2,189.596352,297
2/11/2025,3,208.9842008,203
2/11/2025,4,183.6457981,169
2/11/2025,5,226.8304566,236
2/11/2025,6,152.6919615,190
2/11/2025,7,262.9711612,131
2/11/2025,8,191.6184027,90
2/11/2025,9,196.088177,86
2/11/2025,10,228.1975976,103
2/11/2025,11,226.436506,100
2/11/2025,12,162.2441719,212
2/11/2025,13,182.1333931,324
2/11/2025,14,179.9388174,311
2/11/2025,15,178.4986498,389
2/11/2025,16,170.9604046,301
2/11/2025,17,229.012297,338
2/11/2025,18,139.3249824,484
2/11/2025,19,168.5250051,392
2/11/2025,20,193.0267522,404
2/11/2025,21,196.0670696,414
2/11/2025,22,215.9118534,336
2/11/2025,23,189.7254466,369
2/12/2025,0,189.1405282,362
2/12/2025,1,151.4866247,420
2/12/2025,2,200.6721304,422
2/12/2025,3,193.7004259,236
2/12/2025,4,202.8377786,229
2/12/2025,5,167.4605941,166
2/12/2025,6,167.5496551,156
2/12/2025,7,229.5760381,156
2/12/2025,8,231.7895051,107
2/12/2025,9,204.8680415,97
2/12/2025,10,163.1473213,115
2/12/2025,11,213.3871566,114
2/12/2025,12,146.7224557,194
2/12/2025,13,172.8379708,294
2/12/2025,14,197.424895,421
2/12/2025,15,175.7905151,341
2/12/2025,16,168.194856,331
2/12/2025,17,150.9040259,395
2/12/2025,18,166.4355211,409
2/12/2025,19,187.0551711,313
2/12/2025,20,164.8881135,370
2/12/2025,21,193.3050728,290
2/12/2025,22,227.8299103,243
2/12/2025,23,233.5231342,297
2/13/2025,0,190.2324418,290
2/13/2025,1,208.9165502,340
2/13/2025,2,186.4229695,227
2/13/2025,3,228.6962539,251
2/13/2025,4,219.9718308,209
2/13/2025,5,195.3973487,163
2/13/2025,6,195.9397885,129
2/13/2025,7,229.4065663,131
2/13/2025,8,270.9065403,83
2/13/2025,9,240.4170538,98
2/13/2025,10,218.7015167,109
2/13/2025,11,204.9388459,143
2/13/2025,12,162.2611587,166
2/13/2025,13,223.3139152,233
2/13/2025,14,197.9242153,317
2/13/2025,15,222.2530968,337
2/13/2025,16,192.2445441,271
2/13/2025,17,217.626095,209
2/13/2025,18,150.0266382,255
2/13/2025,19,158.3357646,322
2/13/2025,20,185.2866347,237
2/13/2025,21,197.0004774,305
2/13/2025,22,190.8131941,274
2/13/2025,23,202.3645475,328
2/14/2025,0,165.1803455,293
2/14/2025,1,190.3873941,261
2/14/2025,2,170.5422905,322
2/14/2025,3,197.9547053,212
2/14/2025,4,215.4240952,210
2/14/2025,5,231.3931892,121
2/14/2025,6,174.1357365,178
2/14/2025,7,181.7278237,138
2/14/2025,8,299.7440095,79
2/14/2025,9,233.6988165,100
2/14/2025,10,212.1117538,99
2/14/2025,11,168.3222969,117
2/14/2025,12,181.8212184,152
2/14/2025,13,171.3491062,249
2/14/2025,14,187.8713848,303
2/14/2025,15,208.9518616,349
2/14/2025,16,145.1235965,333
2/14/2025,17,170.8481345,324
2/14/2025,18,152.1744949,279
2/14/2025,19,145.455139,260
2/14/2025,20,177.3398705,267
2/14/2025,21,185.2234932,197
2/14/2025,22,241.8901594,256
2/14/2025,23,188.9073991,272
2/15/2025,0,179.7309471,223
2/15/2025,1,206.6022021,237
2/15/2025,2,193.2745588,226
2/15/2025,3,171.4439343,279
2/15/2025,4,224.9152291,225
2/15/2025,5,241.7345636,149
2/15/2025,6,184.8691518,142
2/15/2025,7,238.3220699,133
2/15/2025,8,341.2299437,53
2/15/2025,9,162.7768433,184
2/15/2025,10,240.2763427,95
2/15/2025,11,246.7152802,103
2/15/2025,12,207.3846864,147
2/15/2025,13,205.6008473,112
2/15/2025,14,196.4956111,189
2/15/2025,15,192.8430181,278
2/15/2025,16,192.2415646,303
2/15/2025,17,237.175304,286
2/15/2025,18,173.6495313,300
2/15/2025,19,163.5722198,303
2/15/2025,20,198.1784973,238
2/15/2025,21,202.6697186,245
2/15/2025,22,185.1814668,338
2/15/2025,23,250.2220542,263
2/16/2025,0,215.5647722,243
2/16/2025,1,180.19816,277
2/16/2025,2,205.9521971,273
2/16/2025,3,220.4484796,201
2/16/2025,4,208.4282107,227
2/16/2025,5,203.3331905,169
2/16/2025,6,131.6504978,167
2/16/2025,7,174.7726403,166
2/16/2025,8,211.1412384,99
2/16/2025,9,230.1992909,117
2/16/2025,10,235.0816862,76
2/16/2025,11,252.8444062,71
2/16/2025,12,174.7513907,94
2/16/2025,13,139.8554869,170
2/16/2025,14,202.283348,198
2/16/2025,15,221.9421517,240
2/16/2025,16,163.0861102,322
2/16/2025,17,227.0738203,203
2/16/2025,18,181.8885991,265
2/16/2025,19,188.2030203,278
2/16/2025,20,198.5377069,277
2/16/2025,21,224.0388857,214
2/16/2025,22,224.0862305,227
2/16/2025,23,189.5268654,214
2/17/2025,0,196.4866395,365
2/17/2025,1,208.5597051,361
2/17/2025,2,271.4378232,265
2/17/2025,3,220.6990451,260
2/17/2025,4,260.7693181,200
2/17/2025,5,196.0946428,117
2/17/2025,6,179.2578469,153
2/17/2025,7,221.8914405,125
2/17/2025,8,242.421948,81
2/17/2025,9,261.0326352,94
2/17/2025,10,204.0210737,86
2/17/2025,11,214.3204524,102
2/17/2025,12,138.0847041,166
2/17/2025,13,156.1853922,223
2/17/2025,14,195.345992,190
2/17/2025,15,187.737248,297
2/17/2025,16,156.1500776,417
2/17/2025,17,195.6169326,257
2/17/2025,18,186.8491216,268
2/17/2025,19,194.5653633,312
2/17/2025,20,169.5397995,263
2/17/2025,21,212.4887836,229
2/17/2025,22,191.8053623,293
2/17/2025,23,215.1045878,242
2/18/2025,0,181.6951329,269
2/18/2025,1,205.068167,248
2/18/2025,2,194.4814368,292
2/18/2025,3,226.1332353,225
2/18/2025,4,244.3351484,195
2/18/2025,5,271.6130204,312
2/18/2025,6,291.1147226,228
2/18/2025,7,263.2034496,96
2/18/2025,8,255.8608104,96
2/18/2025,9,237.7435166,131
2/18/2025,10,171.8089661,123
2/18/2025,11,201.0897392,133
2/18/2025,12,158.5040687,211
2/18/2025,13,197.0105597,222
2/18/2025,14,177.7770998,303
2/18/2025,15,170.4888875,364
2/18/2025,16,188.5022477,332
2/18/2025,17,238.447819,291
2/18/2025,18,162.1738039,265
2/18/2025,19,184.3801153,289
2/18/2025,20,202.6315155,230
2/18/2025,21,179.4612378,276
2/18/2025,22,207.4045386,279
2/18/2025,23,231.8657299,275
2/19/2025,0,150.8233247,316
2/19/2025,1,182.3056965,278
2/19/2025,2,172.9966995,311
2/19/2025,3,224.5860006,199
2/19/2025,4,213.0675766,215
2/19/2025,5,209.4817029,199
2/19/2025,6,149.1600135,161
2/19/2025,7,258.9170748,88
2/19/2025,8,188.1869387,143
2/19/2025,9,222.3750973,105
2/19/2025,10,203.9158232,129
2/19/2025,11,235.4483279,146
2/19/2025,12,161.8145103,163
2/19/2025,13,137.0638648,258
2/19/2025,14,148.3803257,376
2/19/2025,15,156.328938,393
2/19/2025,16,186.0805963,299
2/19/2025,17,217.8403683,390
2/19/2025,18,177.2835415,383
2/19/2025,19,172.6668307,298
2/19/2025,20,156.6535141,358
2/19/2025,21,194.7020376,290
2/19/2025,22,198.7992085,232
2/19/2025,23,178.9899592,237
2/20/2025,0,194.7940541,297
2/20/2025,1,172.9409991,340
2/20/2025,2,203.088712,301
2/20/2025,3,227.2661454,219
2/20/2025,4,211.6508508,252
2/20/2025,5,191.8676751,192
2/20/2025,6,137.7007708,145
2/20/2025,7,230.9135429,130
2/20/2025,8,217.1820565,82
2/20/2025,9,207.8375766,112
2/20/2025,10,219.6891419,99
2/20/2025,11,193.5421248,125
2/20/2025,12,200.7033205,141
2/20/2025,13,127.577697,239
2/20/2025,14,173.8203195,411
2/20/2025,15,168.0865994,325
2/20/2025,16,164.1772492,271
2/20/2025,17,217.7063495,245
2/20/2025,18,192.8521498,275
2/20/2025,19,201.4090395,332
2/20/2025,20,193.6932047,317
2/20/2025,21,200.662091,311
2/20/2025,22,164.9365375,309
2/20/2025,23,161.578074,328
2/21/2025,0,167.5682534,322
2/21/2025,1,182.2203128,396
2/21/2025,2,194.2113477,354
2/21/2025,3,193.4823848,323
2/21/2025,4,198.1889632,258
2/21/2025,5,165.3388644,196
2/21/2025,6,132.4427739,182
2/21/2025,7,191.7976711,157
2/21/2025,8,173.2904951,94
2/21/2025,9,162.0477543,126
2/21/2025,10,214.0656537,117
2/21/2025,11,166.8046766,163
2/21/2025,12,141.3558735,168
2/21/2025,13,169.8895418,293
2/21/2025,14,187.7002915,316
2/21/2025,15,166.7535572,415
2/21/2025,16,155.8374022,384
2/21/2025,17,203.6756597,320
2/21/2025,18,150.250603,292
2/21/2025,19,202.3125644,297
2/21/2025,20,154.2048484,360
2/21/2025,21,186.8253328,309
2/21/2025,22,186.3413954,367
2/21/2025,23,157.6032684,320
2/22/2025,0,168.9131959,330
2/22/2025,1,153.2909353,319
2/22/2025,2,165.1731678,340
2/22/2025,3,191.1874813,279
2/22/2025,4,178.9044594,192
2/22/2025,5,226.3276364,155
2/22/2025,6,146.3686806,164
2/22/2025,7,195.0234364,113
2/22/2025,8,170.7820986,88
2/22/2025,9,258.4644543,74
2/22/2025,10,178.6227113,109
2/22/2025,11,145.8796134,122
2/22/2025,12,145.4163365,109
2/22/2025,13,170.7755265,241
2/22/2025,14,207.0485872,219
2/22/2025,15,173.0190461,291
2/22/2025,16,185.9662289,271
2/22/2025,17,212.301265,369
2/22/2025,18,152.2334643,228
2/22/2025,19,228.1170309,232
2/22/2025,20,186.5887273,273
2/22/2025,21,214.2791551,298
2/22/2025,22,202.0612933,240
2/22/2025,23,204.0866379,248
2/23/2025,0,157.1406899,223
2/23/2025,1,182.1193027,302
2/23/2025,2,193.7149029,259
2/23/2025,3,206.3711195,230
2/23/2025,4,191.69686,191
2/23/2025,5,240.3603172,136
2/23/2025,6,188.4634307,175
2/23/2025,7,204.1689728,114
2/23/2025,8,189.7424637,78
2/23/2025,9,307.7516799,99
2/23/2025,10,223.2436161,89
2/23/2025,11,190.4168728,83
2/23/2025,12,117.2712069,77
2/23/2025,13,143.8631361,162
2/23/2025,14,205.9099933,256
2/23/2025,15,205.0831851,251
2/23/2025,16,203.0842718,258
2/23/2025,17,202.0730748,220
2/23/2025,18,195.4575949,299
2/23/2025,19,167.402006,267
2/23/2025,20,159.4669464,187
2/23/2025,21,185.2956442,226
2/23/2025,22,239.1941374,280
2/23/2025,23,192.7660826,252
2/24/2025,0,158.7839254,312
2/24/2025,1,163.6476083,305
2/24/2025,2,175.2991886,274
2/24/2025,3,186.275401,198
2/24/2025,4,197.730662,124
2/24/2025,5,243.9100256,164
2/24/2025,6,137.7135247,129
2/24/2025,7,189.9403938,112
2/24/2025,8,199.9175369,89
2/24/2025,9,214.5085306,82
2/24/2025,10,232.7597593,106
2/24/2025,11,180.5001557,166
2/24/2025,12,156.7505132,178
2/24/2025,13,154.0595758,250
2/24/2025,14,158.2337994,327
2/24/2025,15,178.5845691,345
2/24/2025,16,164.2333425,214
2/24/2025,17,198.9669657,295
2/24/2025,18,151.0948221,258
2/24/2025,19,155.6781631,340
2/24/2025,20,174.8163156,255
2/24/2025,21,215.6965327,333
2/24/2025,22,187.8409002,266
2/24/2025,23,229.7574326,252
2/25/2025,0,167.1641465,237
2/25/2025,1,227.638963,246
2/25/2025,2,207.6059128,274
2/25/2025,3,202.0457961,262
2/25/2025,4,230.9152034,164
2/25/2025,5,163.3891741,116
2/25/2025,6,109.8344687,181
2/25/2025,7,172.2270423,138
2/25/2025,8,220.6645198,102
2/25/2025,9,211.3094,80
2/25/2025,10,149.4255711,136
2/25/2025,11,176.5320716,137
2/25/2025,12,168.0405474,194
2/25/2025,13,195.3947934,204
2/25/2025,14,204.0552487,304
2/25/2025,15,181.5920931,319
2/25/2025,16,196.4867245,261
2/25/2025,17,214.7216547,234
2/25/2025,18,139.9095302,280
2/25/2025,19,201.6060377,254
2/25/2025,20,160.704914,296
2/25/2025,21,167.2851774,255
2/25/2025,22,196.5798019,257
2/25/2025,23,223.3306409,266
2/26/2025,0,168.738239,241
2/26/2025,1,182.7491274,316
2/26/2025,2,186.2738196,320
2/26/2025,3,205.9324109,329
2/26/2025,4,258.8107365,206
2/26/2025,5,218.5322923,212
2/26/2025,6,190.6260384,189
2/26/2025,7,211.0769631,122
2/26/2025,8,202.359216,87
2/26/2025,9,202.6150704,123
2/26/2025,10,212.5108131,120
2/26/2025,11,177.7489515,138
2/26/2025,12,149.5973373,208
2/26/2025,13,144.1831544,290
2/26/2025,14,195.3668493,316
2/26/2025,15,165.7781717,385
2/26/2025,16,201.1834345,294
2/26/2025,17,180.9378828,280
2/26/2025,18,159.4389115,275
2/26/2025,19,182.2809461,293
2/26/2025,20,177.8123117,260
2/26/2025,21,163.0358384,286
2/26/2025,22,233.8880336,230
2/26/2025,23,208.1208058,348
2/27/2025,0,146.756365,243
2/27/2025,1,201.1233808,223
2/27/2025,2,199.411764,306
2/27/2025,3,245.2871249,185
2/27/2025,4,199.6248455,164
2/27/2025,5,307.1868738,91
2/27/2025,6,121.5703991,162
2/27/2025,7,225.3848553,98
2/27/2025,8,282.7993689,77
2/27/2025,9,136.8569952,135
2/27/2025,10,236.9031475,102
2/27/2025,11,231.4523321,113
2/27/2025,12,173.7874285,184
2/27/2025,13,182.6221706,286
2/27/2025,14,172.4147556,292
2/27/2025,15,197.1194259,363
2/27/2025,16,200.0172538,308
2/27/2025,17,194.4814136,355
2/27/2025,18,177.3948285,266
2/27/2025,19,212.9514715,286
2/27/2025,20,194.7541437,289
2/27/2025,21,215.7103508,282
2/27/2025,22,193.2276203,310
2/27/2025,23,197.6312538,306
2/28/2025,0,207.3425002,283
2/28/2025,1,204.4652653,283
2/28/2025,2,218.2307843,282
2/28/2025,3,177.3514539,233
2/28/2025,4,253.6187158,155
2/28/2025,5,243.7614965,197
2/28/2025,6,143.0626445,146
2/28/2025,7,249.7980999,133
2/28/2025,8,193.2775142,123
2/28/2025,9,339.2884748,89
2/28/2025,10,226.9774727,112
2/28/2025,11,214.1646319,103
2/28/2025,12,163.7203989,192
2/28/2025,13,191.9161906,283
2/28/2025,14,195.7348727,319
2/28/2025,15,177.5130309,374
2/28/2025,16,191.5531212,294
2/28/2025,17,227.57475,226
2/28/2025,18,202.5860235,234
2/28/2025,19,220.9390781,245
2/28/2025,20,196.5354194,267
2/28/2025,21,313.8139201,279
2/28/2025,22,195.9786081,284
2/28/2025,23,252.1798949,228
3/1/2025,0,214.4093588,216
3/1/2025,1,174.4332061,282
3/1/2025,2,213.5834253,214
3/1/2025,3,243.7056729,216
3/1/2025,4,271.1370132,182
3/1/2025,5,247.7538838,126
3/1/2025,6,100.9210852,245
3/1/2025,7,192.5811324,190
3/1/2025,8,277.6641734,86
3/1/2025,9,219.8171992,121
3/1/2025,10,305.1395282,69
3/1/2025,11,260.8556281,87
3/1/2025,12,166.0309156,108
3/1/2025,13,166.5166726,153
3/1/2025,14,214.4308322,206
3/1/2025,15,202.5236547,300
3/1/2025,16,183.8626152,365
3/1/2025,17,250.7196717,340
3/1/2025,18,174.4531214,199
3/1/2025,19,232.7250847,249
3/1/2025,20,193.6305208,366
3/1/2025,21,189.6834767,313
3/1/2025,22,205.730636,232
3/1/2025,23,203.1678861,247
3/2/2025,0,134.002594,240
3/2/2025,1,226.5345864,203
3/2/2025,2,238.3809217,247
3/2/2025,3,196.0581893,185
3/2/2025,4,196.9989345,226
3/2/2025,5,221.4538831,173
3/2/2025,6,172.2989752,152
3/2/2025,7,300.9644977,99
3/2/2025,8,202.3060802,83
3/2/2025,9,223.8901999,87
3/2/2025,10,189.7483387,105
3/2/2025,11,232.0447676,70
3/2/2025,12,172.5176078,112
3/2/2025,13,205.1695533,141
3/2/2025,14,223.4369668,150
3/2/2025,15,218.3336227,292
3/2/2025,16,185.5985784,241
3/2/2025,17,263.3842316,206
3/2/2025,18,187.2205321,280
3/2/2025,19,195.8402956,255
3/2/2025,20,222.7515492,257
3/2/2025,21,213.4649317,224
3/2/2025,22,221.4142085,339
3/2/2025,23,207.2903445,269
3/3/2025,0,129.122926,414
3/3/2025,1,185.8655343,316
3/3/2025,2,193.8039899,287
3/3/2025,3,250.4987755,188
3/3/2025,4,236.7046369,159
3/3/2025,5,231.1889543,93
3/3/2025,6,147.4133331,154
3/3/2025,7,254.702681,110
3/3/2025,8,196.5946444,92
3/3/2025,9,223.6909985,111
3/3/2025,10,244.2119592,108
3/3/2025,11,195.8656302,131
3/3/2025,12,162.4889176,174
3/3/2025,13,203.901873,273
3/3/2025,14,147.7156704,365
3/3/2025,15,187.3440512,366
3/3/2025,16,189.8277851,260
3/3/2025,17,213.5297259,289
3/3/2025,18,163.4756658,358
3/3/2025,19,203.409529,337
3/3/2025,20,205.8050066,325
3/3/2025,21,190.676736,358
3/3/2025,22,242.8383314,260
3/3/2025,23,230.5490666,352
3/4/2025,0,171.992236,283
3/4/2025,1,192.0536751,299
3/4/2025,2,210.2142063,286
3/4/2025,3,254.321758,194
3/4/2025,4,296.5104584,188
3/4/2025,5,253.451775,160
3/4/2025,6,181.0773589,108
3/4/2025,7,239.1276774,113
3/4/2025,8,257.6151971,77
3/4/2025,9,325.5790547,81
3/4/2025,10,259.3704305,106
3/4/2025,11,202.3035031,105
3/4/2025,12,220.7750499,155
3/4/2025,13,204.184776,251
3/4/2025,14,161.998596,345
3/4/2025,15,188.5463641,294
3/4/2025,16,183.0802595,300
3/4/2025,17,227.9595123,314
3/4/2025,18,180.0005802,295
3/4/2025,19,209.2751347,289
3/4/2025,20,210.3703055,329
3/4/2025,21,205.8367828,240
3/4/2025,22,207.8418377,348
3/4/2025,23,175.7009104,339
3/5/2025,0,222.1535132,244
3/5/2025,1,189.9230159,292
3/5/2025,2,227.6264672,262
3/5/2025,3,183.0323379,271
3/5/2025,4,230.1146098,195
3/5/2025,5,223.5723827,172
3/5/2025,6,171.1153634,209
3/5/2025,7,201.1471285,121
3/5/2025,8,282.2312819,111
3/5/2025,9,221.5170892,93
3/5/2025,10,180.8585269,126
3/5/2025,11,174.3030721,145
3/5/2025,12,183.2396232,215
3/5/2025,13,165.8084787,241
3/5/2025,14,171.5600132,352
3/5/2025,15,171.7211329,325
3/5/2025,16,194.6266633,352
3/5/2025,17,184.3273623,305
3/5/2025,18,181.5482307,302
3/5/2025,19,215.4218022,255
3/5/2025,20,225.8507555,257
3/5/2025,21,192.6056834,295
3/5/2025,22,228.1331146,243
3/5/2025,23,188.1761916,219
3/6/2025,0,167.5117024,232
3/6/2025,1,208.2061156,253
3/6/2025,2,179.9856742,276
3/6/2025,3,224.0273431,246
3/6/2025,4,232.4299733,187
3/6/2025,5,197.6123133,127
3/6/2025,6,150.3923275,142
3/6/2025,7,255.3645328,87
3/6/2025,8,227.7703592,69
3/6/2025,9,235.7354801,85
3/6/2025,10,202.7691695,79
3/6/2025,11,158.4504607,157
3/6/2025,12,174.8344559,159
3/6/2025,13,180.8325985,278
3/6/2025,14,159.0076357,297
3/6/2025,15,211.6832813,308
3/6/2025,16,197.4505907,293
3/6/2025,17,200.6398112,346
3/6/2025,18,151.6800544,216
3/6/2025,19,215.2652879,209
3/6/2025,20,193.0761468,234
3/6/2025,21,211.4165539,338
3/6/2025,22,210.4814687,268
3/6/2025,23,176.5240967,264
3/7/2025,0,149.7954702,272
3/7/2025,1,217.984155,301
3/7/2025,2,196.3106186,298
3/7/2025,3,217.4940192,229
3/7/2025,4,236.0095366,164
3/7/2025,5,223.6278692,134
3/7/2025,6,153.962165,144
3/7/2025,7,250.3870972,109
3/7/2025,8,248.7410292,82
3/7/2025,9,209.3293646,80
3/7/2025,10,221.2838035,95
3/7/2025,11,85.15408663,257
3/7/2025,12,109.8896185,255
3/7/2025,13,132.2835256,373
3/7/2025,14,125.8289802,378
3/7/2025,15,122.6368868,562
3/7/2025,16,108.819747,572
3/7/2025,17,114.3115309,433
3/7/2025,18,106.7578999,475
3/7/2025,19,113.0849261,418
3/7/2025,20,151.1526607,434
3/7/2025,21,169.0306332,399
3/7/2025,22,133.3789949,380
3/7/2025,23,153.4760417,269
3/8/2025,0,139.3671856,307
3/8/2025,1,204.2082511,267
3/8/2025,2,148.0226467,355
3/8/2025,3,154.9222845,274
3/8/2025,4,124.0598065,264
3/8/2025,5,159.120169,209
3/8/2025,6,128.447255,183
3/8/2025,7,235.9419693,107
3/8/2025,8,253.5307099,63
3/8/2025,9,209.9131714,91
3/8/2025,10,247.0553299,85
3/8/2025,11,180.897284,101
3/8/2025,12,181.8810923,112
3/8/2025,13,171.0683343,228
3/8/2025,14,155.4409848,289
3/8/2025,15,204.3530267,316
3/8/2025,16,216.9816956,244
3/8/2025,17,172.1736069,293
3/8/2025,18,172.9693681,211
3/8/2025,19,182.9280366,310
3/8/2025,20,176.6348074,316
3/8/2025,21,170.8759675,305
3/8/2025,22,165.4899468,292
3/8/2025,23,198.2192882,239
3/9/2025,0,165.4583008,166
3/9/2025,1,190.5686426,237
3/9/2025,2,183.976096,253
3/9/2025,3,172.669035,254
3/9/2025,4,228.5036002,196
3/9/2025,5,176.5418709,180
3/9/2025,6,215.0299132,158
3/9/2025,7,287.1058911,111
3/9/2025,8,288.8117342,90
3/9/2025,9,327.4641411,73
3/9/2025,10,255.5245767,76
3/9/2025,11,214.0763326,59
3/9/2025,12,194.4549052,139
3/9/2025,13,187.1332199,170
3/9/2025,14,193.6963994,201
3/9/2025,15,181.1073592,209
3/9/2025,16,207.371286,224
3/9/2025,17,160.9020773,173
3/9/2025,18,215.3196212,250
3/9/2025,19,230.5370153,260
3/9/2025,20,219.0850084,219
3/9/2025,21,201.2259831,224
3/9/2025,22,191.3739275,260
3/9/2025,23,148.8381739,229
3/10/2025,0,182.042717,286
3/10/2025,1,176.0011314,291
3/10/2025,2,203.1501432,230
3/10/2025,3,173.6379087,200
3/10/2025,4,188.5701554,193
3/10/2025,5,153.8604543,133
3/10/2025,6,156.9660851,111
3/10/2025,7,228.1496271,116
3/10/2025,8,240.2660416,70
3/10/2025,9,202.9641445,88
3/10/2025,10,225.491089,115
3/10/2025,11,173.6894742,160
3/10/2025,12,192.7795908,217
3/10/2025,13,164.761148,297
3/10/2025,14,199.3646334,301
3/10/2025,15,203.9556906,370
3/10/2025,16,177.7524267,413
3/10/2025,17,178.1464762,327
3/10/2025,18,216.4084161,368
3/10/2025,19,191.1981004,313
3/10/2025,20,198.7577023,309
3/10/2025,21,207.1650446,249
3/10/2025,22,187.8569974,330
3/10/2025,23,162.9262335,259
3/11/2025,0,149.0844483,272
3/11/2025,1,199.3504334,298
3/11/2025,2,212.4053248,255
3/11/2025,3,209.7488847,192
3/11/2025,4,230.3033346,137
3/11/2025,5,156.3690908,133
3/11/2025,6,258.5547156,106
3/11/2025,7,212.2200684,86
3/11/2025,8,249.4927607,77
3/11/2025,9,149.9195927,128
3/11/2025,10,206.3730174,153
3/11/2025,11,197.6194629,149
3/11/2025,12,204.4799249,238
3/11/2025,13,193.9149535,282
3/11/2025,14,181.1573218,354
3/11/2025,15,163.5438044,314
3/11/2025,16,175.2604875,338
3/11/2025,17,190.6168555,265
3/11/2025,18,210.1266343,301
3/11/2025,19,181.7754371,345
3/11/2025,20,197.7134983,279
3/11/2025,21,219.6385269,235
3/11/2025,22,193.9558353,227
3/11/2025,23,207.8405341,236
3/12/2025,0,166.0548203,260
3/12/2025,1,178.687681,326
3/12/2025,2,197.452438,245
3/12/2025,3,219.1303741,168
3/12/2025,4,235.2741569,157
3/12/2025,5,132.2513691,143
3/12/2025,6,189.5602969,161
3/12/2025,7,227.8592521,58
3/12/2025,8,205.6318078,128
3/12/2025,9,139.703506,169
3/12/2025,10,203.9052606,162
3/12/2025,11,181.3138907,192
3/12/2025,12,177.3627065,329
3/12/2025,13,177.0708116,354
3/12/2025,14,168.5175705,457
3/12/2025,15,173.7047429,290
3/12/2025,16,187.1226641,351
3/12/2025,17,158.3697515,247
3/12/2025,18,176.2221038,365
3/12/2025,19,181.5996035,245
3/12/2025,20,214.3843731,251
3/12/2025,21,222.2702146,246
3/12/2025,22,212.755531,184
3/12/2025,23,227.627952,204
3/13/2025,0,194.8905998,275
3/13/2025,1,158.1421592,288
3/13/2025,2,202.0665625,228
3/13/2025,3,200.1125242,173
3/13/2025,4,200.3454849,162
3/13/2025,5,172.6142981,115
3/13/2025,6,218.3108949,108
3/13/2025,7,233.3769014,78
3/13/2025,8,213.9556467,99
3/13/2025,9,145.5436034,120
3/13/2025,10,181.4437725,140
3/13/2025,11,182.5869151,132
3/13/2025,12,172.1782968,206
3/13/2025,13,200.5467122,240
3/13/2025,14,208.9334015,296
3/13/2025,15,199.3925235,288
3/13/2025,16,207.9474753,272
3/13/2025,17,136.0663167,225
3/13/2025,18,174.6487941,261
3/13/2025,19,216.2371538,336
3/13/2025,20,199.2837543,353
3/13/2025,21,253.8929771,263
3/13/2025,22,205.6682432,296
3/13/2025,23,189.2582359,280
3/14/2025,0,185.6168762,433
3/14/2025,1,200.2791163,273
3/14/2025,2,188.7502479,298
3/14/2025,3,224.1043638,271
3/14/2025,4,214.7897044,189
3/14/2025,5,158.3993915,159
3/14/2025,6,228.6588599,146
3/14/2025,7,203.9821617,90
3/14/2025,8,253.1006843,93
3/14/2025,9,242.5851089,78
3/14/2025,10,234.454335,122
3/14/2025,11,205.0822798,115
3/14/2025,12,173.90812,217
3/14/2025,13,190.0766993,454
3/14/2025,14,214.4019831,395
3/14/2025,15,162.6608586,357
3/14/2025,16,174.3109488,394
3/14/2025,17,178.2318269,367
3/14/2025,18,224.0099743,286
3/14/2025,19,194.452716,288
3/14/2025,20,228.539765,282
3/14/2025,21,224.592457,239
3/14/2025,22,163.4243155,323
3/14/2025,23,175.4490451,187
3/15/2025,0,189.4139372,274
3/15/2025,1,229.1388541,293
3/15/2025,2,206.712446,333
3/15/2025,3,232.3773377,207
3/15/2025,4,254.4702897,200
3/15/2025,5,205.3105007,138
3/15/2025,6,220.9775092,147
3/15/2025,7,133.0635879,127
3/15/2025,8,234.2840089,105
3/15/2025,9,256.2456965,65
3/15/2025,10,255.8607726,103
3/15/2025,11,181.6805871,111
3/15/2025,12,176.1814879,257
3/15/2025,13,168.2307104,212
3/15/2025,14,188.141187,261
3/15/2025,15,182.7324367,283
3/15/2025,16,218.3892814,244
3/15/2025,17,184.6656173,327
3/15/2025,18,215.4733696,366
3/15/2025,19,189.179254,334
3/15/2025,20,221.102959,284
3/15/2025,21,190.3683815,332
3/15/2025,22,195.0786424,284
3/15/2025,23,177.9002879,197
3/16/2025,0,209.2931139,244
3/16/2025,1,181.5615469,280
3/16/2025,2,214.3166163,261
3/16/2025,3,182.1851352,203
3/16/2025,4,181.5277346,261
3/16/2025,5,158.2802937,153
3/16/2025,6,261.3832973,124
3/16/2025,7,218.3316781,80
3/16/2025,8,259.5789661,91
3/16/2025,9,196.3611899,60
3/16/2025,10,223.5687539,91
3/16/2025,11,189.2455172,109
3/16/2025,12,187.3655689,127
3/16/2025,13,194.7013852,180
3/16/2025,14,218.5044137,263
3/16/2025,15,205.1556796,231
3/16/2025,16,221.3196052,261
3/16/2025,17,193.8755283,292
3/16/2025,18,183.9236324,268
3/16/2025,19,228.811817,252
3/16/2025,20,191.5566883,368
3/16/2025,21,173.8044155,271
3/16/2025,22,207.7533342,236
3/16/2025,23,195.3530676,201
3/17/2025,0,164.2801219,297
3/17/2025,1,201.5081027,236
3/17/2025,2,214.608967,303
3/17/2025,3,197.6135471,241
3/17/2025,4,189.8578535,207
3/17/2025,5,153.7626817,173
3/17/2025,6,230.0842261,124
3/17/2025,7,182.140715,104
3/17/2025,8,233.5906866,98
3/17/2025,9,184.4881619,95
3/17/2025,10,209.5943769,124
3/17/2025,11,187.0906416,145
3/17/2025,12,169.0319984,239
3/17/2025,13,215.4816141,280
3/17/2025,14,219.2021046,273
3/17/2025,15,205.5794717,256
3/17/2025,16,185.9123532,287
3/17/2025,17,159.8474199,225
3/17/2025,18,188.0782393,299
3/17/2025,19,139.2766233,324
3/17/2025,20,151.4744308,271
3/17/2025,21,194.3556517,290
3/17/2025,22,183.7081711,376
3/17/2025,23,187.8061843,214
3/18/2025,0,167.0849552,289
3/18/2025,1,175.9533093,262
3/18/2025,2,186.2694253,255
3/18/2025,3,193.7129427,211
3/18/2025,4,176.3359671,149
3/18/2025,5,155.2224082,177
3/18/2025,6,178.2442169,152
3/18/2025,7,121.2290033,127
3/18/2025,8,185.754538,110
3/18/2025,9,174.0798415,117
3/18/2025,10,187.5085304,167
3/18/2025,11,179.3846584,122
3/18/2025,12,190.5523109,228
3/18/2025,13,177.5795751,254
3/18/2025,14,196.6739162,358
3/18/2025,15,192.3264708,252
3/18/2025,16,166.2926898,330
3/18/2025,17,167.5645652,265
3/18/2025,18,206.5642878,285
3/18/2025,19,176.2304371,240
3/18/2025,20,181.1478045,282
3/18/2025,21,228.5705791,236
3/18/2025,22,227.5812687,235
3/18/2025,23,162.7166982,302
3/19/2025,0,201.5450637,327
3/19/2025,1,181.0675205,332
3/19/2025,2,221.3036873,213
3/19/2025,3,207.1507963,174
3/19/2025,4,234.5331657,125
3/19/2025,5,182.6801105,102
3/19/2025,6,198.1397348,123
3/19/2025,7,244.5780507,76
3/19/2025,8,201.3517065,84
3/19/2025,9,206.1289687,105
3/19/2025,10,222.4387048,111
3/19/2025,11,182.5424032,132
3/19/2025,12,196.0857211,174
3/19/2025,13,211.1849323,266
3/19/2025,14,201.9262728,282
3/19/2025,15,198.2326782,271
3/19/2025,16,181.196554,266
3/19/2025,17,136.7997231,233
3/19/2025,18,209.884734,235
3/19/2025,19,219.071796,277
3/19/2025,20,191.543663,254
3/19/2025,21,182.7086766,240
3/19/2025,22,198.7579754,231
3/19/2025,23,205.9241693,190
3/20/2025,0,219.4112649,338
3/20/2025,1,205.3154029,392
3/20/2025,2,201.4451359,218
3/20/2025,3,200.7308085,200
3/20/2025,4,289.9803965,141
3/20/2025,5,190.9717171,123
3/20/2025,6,252.0081927,101
3/20/2025,7,184.624944,68
3/20/2025,8,251.7429953,109
3/20/2025,9,194.9357401,96
3/20/2025,10,227.797702,109
3/20/2025,11,171.4529015,141
3/20/2025,12,215.9699963,240
3/20/2025,13,217.1785722,252
3/20/2025,14,194.735988,271
3/20/2025,15,172.2897971,320
3/20/2025,16,166.3102736,300
3/20/2025,17,222.034233,224
3/20/2025,18,189.9363735,287
3/20/2025,19,237.1504049,269
3/20/2025,20,222.665724,218
3/20/2025,21,211.5812481,244
3/20/2025,22,187.3866014,278
3/20/2025,23,160.7872572,271
3/21/2025,0,214.6163191,234
3/21/2025,1,182.8079194,234
3/21/2025,2,192.0288733,241
3/21/2025,3,234.9966408,202
3/21/2025,4,197.7581806,118
3/21/2025,5,118.68496,123
3/21/2025,6,255.1938148,101
3/21/2025,7,238.4048047,63
3/21/2025,8,203.132375,89
3/21/2025,9,214.0102351,106
3/21/2025,10,149.8158923,165
3/21/2025,11,196.4555014,128
3/21/2025,12,261.8596601,214
3/21/2025,13,182.4582139,290
3/21/2025,14,213.3927749,353
3/21/2025,15,164.2229664,317
3/21/2025,16,172.0566954,323
3/21/2025,17,201.2288899,298
3/21/2025,18,205.8909018,276
3/21/2025,19,186.6484648,425
3/21/2025,20,229.3029724,311
3/21/2025,21,224.1492281,235
3/21/2025,22,211.5414269,258
3/21/2025,23,183.1769064,166
3/22/2025,0,213.5864821,256
3/22/2025,1,176.9928782,313
3/22/2025,2,192.5747977,247
3/22/2025,3,227.7814321,131
3/22/2025,4,214.4532853,150
3/22/2025,5,205.0773831,116
3/22/2025,6,279.502863,91
3/22/2025,7,142.3538849,132
3/22/2025,8,350.2417255,54
3/22/2025,9,280.3865411,78
3/22/2025,10,237.9977977,132
3/22/2025,11,226.9775967,68
3/22/2025,12,190.3935742,143
3/22/2025,13,185.2205945,189
3/22/2025,14,177.4390885,287
3/22/2025,15,184.4248052,240
3/22/2025,16,203.1759414,268
3/22/2025,17,180.9945294,230
3/22/2025,18,186.3488085,244
3/22/2025,19,209.7965777,249
3/22/2025,20,212.1591928,269
3/22/2025,21,202.825447,296
3/22/2025,22,208.0424624,265
3/22/2025,23,154.7662394,138
3/23/2025,0,207.8403029,158
3/23/2025,1,196.0777832,170
3/23/2025,2,200.8809576,221
3/23/2025,3,215.5785164,226
3/23/2025,4,167.7811666,223
3/23/2025,5,155.8388607,107
3/23/2025,6,278.4832005,87
3/23/2025,7,258.0809977,64
3/23/2025,8,286.9656537,65
3/23/2025,9,266.923086,59
3/23/2025,10,258.2180486,66
3/23/2025,11,227.9305983,75
3/23/2025,12,206.9749446,126
3/23/2025,13,170.2647805,157
3/23/2025,14,207.9123995,183
3/23/2025,15,183.133631,229
3/23/2025,16,253.5506139,197
3/23/2025,17,211.4165194,185
3/23/2025,18,211.7153513,213
3/23/2025,19,226.5376074,234
3/23/2025,20,185.8652041,183
3/23/2025,21,196.1247143,183
3/23/2025,22,214.1604134,282
3/23/2025,23,170.0560984,159
3/24/2025,0,220.5458503,260
3/24/2025,1,183.0906888,250
3/24/2025,2,192.972154,173
3/24/2025,3,208.135396,180
3/24/2025,4,275.1063936,95
3/24/2025,5,188.5793535,67
3/24/2025,6,262.3294549,99
3/24/2025,7,257.1415804,57
3/24/2025,8,235.596696,62
3/24/2025,9,267.3882532,83
3/24/2025,10,206.7150332,145
3/24/2025,11,145.2234163,126
3/24/2025,12,206.0939399,268
3/24/2025,13,205.076887,321
3/24/2025,14,197.1054724,344
3/24/2025,15,189.0432734,224
3/24/2025,16,197.1970416,340
3/24/2025,17,174.8256348,219
3/24/2025,18,195.3278687,275
3/24/2025,19,220.3830618,266
3/24/2025,20,198.7488662,278
3/24/2025,21,205.7114053,255
3/24/2025,22,225.8372617,225
3/24/2025,23,200.085425,177
3/25/2025,0,168.007889,266
3/25/2025,1,206.4217325,236
3/25/2025,2,227.7442817,184
3/25/2025,3,235.1933614,159
3/25/2025,4,238.5344556,160
3/25/2025,5,190.3660987,86
3/25/2025,6,244.1859253,95
3/25/2025,7,256.6763654,71
3/25/2025,8,266.0821653,80
3/25/2025,9,274.906015,59
3/25/2025,10,251.6658641,97
3/25/2025,11,200.395132,129
3/25/2025,12,212.1233584,170
3/25/2025,13,225.6243618,247
3/25/2025,14,198.1451856,331
3/25/2025,15,201.0519331,203
3/25/2025,16,186.1722671,313
3/25/2025,17,193.3953557,182
3/25/2025,18,217.4124879,246
3/25/2025,19,203.188388,206
3/25/2025,20,197.5686935,235
3/25/2025,21,288.4402718,262
3/25/2025,22,180.15722,258
3/25/2025,23,201.1884616,194
3/26/2025,0,193.2755528,278
3/26/2025,1,222.4568807,214
3/26/2025,2,158.3972297,289
3/26/2025,3,238.2735282,176
3/26/2025,4,278.0722938,98
3/26/2025,5,171.9270505,109
3/26/2025,6,263.9448652,106
3/26/2025,7,262.3495026,61
3/26/2025,8,265.4351276,77
3/26/2025,9,239.2048866,69
3/26/2025,10,248.8458951,109
3/26/2025,11,212.2108888,142
3/26/2025,12,198.1803076,212
3/26/2025,13,168.6509772,238
3/26/2025,14,201.964049,319
3/26/2025,15,181.164665,207
3/26/2025,16,259.9136604,233
3/26/2025,17,171.0881568,254
3/26/2025,18,199.008677,243
3/26/2025,19,185.2989728,280
3/26/2025,20,182.4586532,271
3/26/2025,21,204.913958,265
3/26/2025,22,201.9784048,270
3/26/2025,23,199.2171021,219
3/27/2025,0,202.9751874,244
3/27/2025,1,211.5302063,252
3/27/2025,2,221.4077334,303
3/27/2025,3,235.1332534,178
3/27/2025,4,268.9784897,125
3/27/2025,5,184.7925283,100
3/27/2025,6,279.0669208,86
3/27/2025,7,223.6662478,71
3/27/2025,8,379.5271407,62
3/27/2025,9,273.8150902,74
3/27/2025,10,263.9486583,95
3/27/2025,11,233.0817671,85
3/27/2025,12,206.1741131,244
3/27/2025,13,189.5970976,262
3/27/2025,14,216.7138747,349
3/27/2025,15,178.5428615,235
3/27/2025,16,199.8231,216
3/27/2025,17,184.2442744,186
3/27/2025,18,211.8371505,256
3/27/2025,19,204.9136732,291
3/27/2025,20,193.2556801,297
3/27/2025,21,232.9870266,277
3/27/2025,22,257.908914,244
3/27/2025,23,147.239956,196
3/28/2025,0,190.6537236,217
3/28/2025,1,193.3651204,304
3/28/2025,2,235.856837,202
3/28/2025,3,250.1336824,152
3/28/2025,4,306.6847027,141
3/28/2025,5,221.727574,87
3/28/2025,6,307.5397854,105
3/28/2025,7,329.8108199,86
3/28/2025,8,312.226156,71
3/28/2025,9,197.3481772,92
3/28/2025,10,203.7078305,108
3/28/2025,11,181.9613149,78
3/28/2025,12,170.6343453,198
3/28/2025,13,162.1087253,271
3/28/2025,14,213.4043815,241
3/28/2025,15,200.9672461,255
3/28/2025,16,208.894176,236
3/28/2025,17,168.3857876,296
3/28/2025,18,228.9960252,227
3/28/2025,19,205.0495802,260
3/28/2025,20,202.5238415,258
3/28/2025,21,177.0837023,300
3/28/2025,22,211.0455118,347
3/28/2025,23,159.1226865,225
3/29/2025,0,239.4313515,293
3/29/2025,1,164.1793991,279
3/29/2025,2,191.3888087,193
3/29/2025,3,218.2642727,155
3/29/2025,4,209.0436632,159
3/29/2025,5,207.4161999,93
3/29/2025,6,285.3841466,97
3/29/2025,7,268.8168381,59
3/29/2025,8,275.7153147,65
3/29/2025,9,281.9224502,60
3/29/2025,10,217.4025668,95
3/29/2025,11,269.8442415,50
3/29/2025,12,194.4896224,110
3/29/2025,13,233.1379449,134
3/29/2025,14,233.2327159,222
3/29/2025,15,202.1666113,174
3/29/2025,16,207.9482173,335
3/29/2025,17,251.6023017,242
3/29/2025,18,198.0805407,277
3/29/2025,19,192.5801331,242
3/29/2025,20,176.3481811,191
3/29/2025,21,197.7596976,189
3/29/2025,22,169.3844521,254
3/29/2025,23,205.12424,196
3/30/2025,0,158.9430638,168
3/30/2025,1,184.0914713,263
3/30/2025,2,180.1732599,227
3/30/2025,3,191.5774004,208
3/30/2025,4,195.0942081,193
3/30/2025,5,187.6568826,85
3/30/2025,6,224.6701898,108
3/30/2025,7,252.7054604,56
3/30/2025,8,307.0637869,58
3/30/2025,9,237.2182742,50
3/30/2025,10,326.9629652,55
3/30/2025,11,184.0311564,67
3/30/2025,12,205.4066135,160
3/30/2025,13,216.6038941,108
3/30/2025,14,233.7176442,192
3/30/2025,15,226.4391608,177
3/30/2025,16,230.291401,233
3/30/2025,17,184.3760015,154
3/30/2025,18,142.3279399,221
3/30/2025,19,168.9716568,237
3/30/2025,20,194.6389646,267
3/30/2025,21,197.0065555,240
3/30/2025,22,219.4973058,237
3/30/2025,23,184.4643154,171
3/31/2025,0,153.4633907,250
3/31/2025,1,226.4246338,268
3/31/2025,2,214.4886972,182
3/31/2025,3,235.2002198,154
3/31/2025,4,218.6031886,89
3/31/2025,5,214.5337196,89
3/31/2025,6,275.5339527,85
3/31/2025,7,211.5575406,70
3/31/2025,8,317.0291647,48
3/31/2025,9,244.7071393,90
3/31/2025,10,230.0981962,91
3/31/2025,11,154.9581317,131
3/31/2025,12,160.3673149,282
3/31/2025,13,163.8321971,292
3/31/2025,14,197.6846951,324
3/31/2025,15,171.5511695,337
3/31/2025,16,197.6292692,221
3/31/2025,17,173.7947161,260
3/31/2025,18,195.3386561,283
3/31/2025,19,179.0816008,294
3/31/2025,20,201.6822229,233
3/31/2025,21,176.1946908,319
3/31/2025,22,211.335701,279
3/31/2025,23,239.8005634,209
4/1/2025,0,224.5642777,290
4/1/2025,1,202.1267121,268
4/1/2025,2,255.4262241,199
4/1/2025,3,211.8994741,173
4/1/2025,4,214.6382995,196
4/1/2025,5,159.1204483,120
4/1/2025,6,213.1814945,103
4/1/2025,7,187.852652,87
4/1/2025,8,193.3705623,120
4/1/2025,9,168.5072362,83
4/1/2025,10,239.9701147,101
4/1/2025,11,145.4698132,135
4/1/2025,12,151.9874405,246
4/1/2025,13,198.5268778,308
4/1/2025,14,206.697001,379
4/1/2025,15,212.0408982,315
4/1/2025,16,186.4675686,280
4/1/2025,17,216.804753,289
4/1/2025,18,169.5449964,278
4/1/2025,19,182.1532468,430
4/1/2025,20,170.3714851,300
4/1/2025,21,228.458426,238
4/1/2025,22,188.798711,341
4/1/2025,23,213.0039392,200
4/2/2025,0,200.218533,187
4/2/2025,1,185.3835605,286
4/2/2025,2,239.2194978,214
4/2/2025,3,236.1396334,160
4/2/2025,4,290.9002613,85
4/2/2025,5,192.5062396,86
4/2/2025,6,291.7550637,95
4/2/2025,7,186.0140575,71
4/2/2025,8,273.0589366,70
4/2/2025,9,184.6802774,96
4/2/2025,10,222.4062618,121
4/2/2025,11,179.2828803,127
4/2/2025,12,187.1512799,202
4/2/2025,13,183.5680904,304
4/2/2025,14,206.27391,294
4/2/2025,15,171.8026211,275
4/2/2025,16,179.8676034,288
4/2/2025,17,169.7883372,275
4/2/2025,18,176.8826724,297
4/2/2025,19,154.4223725,345
4/2/2025,20,168.8220099,342
4/2/2025,21,196.8332564,297
4/2/2025,22,218.0225217,226
4/2/2025,23,165.8112707,214
4/3/2025,0,184.0739741,313
4/3/2025,1,202.6808942,370
4/3/2025,2,202.53876,301
4/3/2025,3,240.6605017,144
4/3/2025,4,224.9406697,107
4/3/2025,5,193.105699,101
4/3/2025,6,256.8266173,85
4/3/2025,7,205.0572033,84
4/3/2025,8,326.9585833,66
4/3/2025,9,223.6953593,92
4/3/2025,10,236.4233768,119
4/3/2025,11,193.1182227,125
4/3/2025,12,179.3754191,200
4/3/2025,13,188.1782798,280
4/3/2025,14,219.0926177,285
4/3/2025,15,244.8059412,206
4/3/2025,16,214.917893,261
4/3/2025,17,186.9271227,212
4/3/2025,18,177.8229047,405
4/3/2025,19,213.5818918,286
4/3/2025,20,267.5058421,260
4/3/2025,21,215.0910811,255
4/3/2025,22,223.5074397,249
4/3/2025,23,165.5474381,184
4/4/2025,0,195.7012136,244
4/4/2025,1,171.9730791,302
4/4/2025,2,174.2480914,202
4/4/2025,3,205.6961838,187
4/4/2025,4,235.3622056,127
4/4/2025,5,158.7549089,157
4/4/2025,6,285.6381039,80
4/4/2025,7,248.6388768,64
4/4/2025,8,340.9780277,64
4/4/2025,9,226.6661602,63
4/4/2025,10,244.1672706,114
4/4/2025,11,154.7179495,128
4/4/2025,12,181.6853495,236
4/4/2025,13,227.5260595,364
4/4/2025,14,195.8499633,312
4/4/2025,15,191.8445445,264
4/4/2025,16,208.409398,257
4/4/2025,17,147.0664908,250
4/4/2025,18,205.8684908,223
4/4/2025,19,179.9347942,270
4/4/2025,20,189.9526232,272
4/4/2025,21,218.3560092,224
4/4/2025,22,229.5657274,199
4/4/2025,23,149.6247613,211
4/5/2025,0,163.046269,341
4/5/2025,1,163.7286124,341
4/5/2025,2,201.9327969,310
4/5/2025,3,265.3822028,146
4/5/2025,4,235.630156,180
4/5/2025,5,196.2733192,96
4/5/2025,6,261.6485845,88
4/5/2025,7,164.63352,109
4/5/2025,8,345.1433104,64
4/5/2025,9,262.4288196,49
4/5/2025,10,224.0288665,84
4/5/2025,11,195.7987141,66
4/5/2025,12,184.8853405,144
4/5/2025,13,244.8976298,195
4/5/2025,14,217.5502627,215
4/5/2025,15,170.5025264,191
4/5/2025,16,209.5851883,244
4/5/2025,17,177.1433783,176
4/5/2025,18,220.5975795,241
4/5/2025,19,215.5819274,297
4/5/2025,20,212.7590258,300
4/5/2025,21,227.0064822,224
4/5/2025,22,235.7756558,291
4/5/2025,23,198.3104326,164
4/6/2025,0,213.4709677,176
4/6/2025,1,216.5431447,254
4/6/2025,2,164.8160555,262
4/6/2025,3,233.8371757,116
4/6/2025,4,202.3715986,214
4/6/2025,5,149.3090353,99
4/6/2025,6,321.5400739,81
4/6/2025,7,256.157897,59
4/6/2025,8,329.4058569,65
4/6/2025,9,313.1618101,48
4/6/2025,10,261.2490207,67
4/6/2025,11,177.7933747,112
4/6/2025,12,214.1014085,148
4/6/2025,13,220.9658352,163
4/6/2025,14,238.6477546,183
4/6/2025,15,181.7755654,184
4/6/2025,16,250.617231,297
4/6/2025,17,198.6738254,215
4/6/2025,18,206.0781393,250
4/6/2025,19,185.8815108,259
4/6/2025,20,197.4158716,205
4/6/2025,21,254.3958644,221
4/6/2025,22,231.0290559,249
4/6/2025,23,174.9701066,156
4/7/2025,0,182.4940037,186
4/7/2025,1,209.1743228,239
4/7/2025,2,205.6983912,218
4/7/2025,3,202.8616309,139
4/7/2025,4,174.3009178,138
4/7/2025,5,166.2148639,122
4/7/2025,6,247.3543793,84
4/7/2025,7,161.0192367,93
4/7/2025,8,249.1313101,101
4/7/2025,9,192.3728757,105
4/7/2025,10,216.8053838,101
4/7/2025,11,190.4285192,97
4/7/2025,12,168.6653764,197
4/7/2025,13,184.0086945,289
4/7/2025,14,179.5135676,325
4/7/2025,15,170.0694373,216
4/7/2025,16,237.7017772,270
4/7/2025,17,186.5929782,281
4/7/2025,18,232.8101843,235
4/7/2025,19,200.1295029,251
4/7/2025,20,145.7343981,340
4/7/2025,21,194.290062,295
4/7/2025,22,215.8509209,262
4/7/2025,23,152.7077942,243
4/8/2025,0,196.3269428,273
4/8/2025,1,165.7044402,331
4/8/2025,2,265.4122176,182
4/8/2025,3,247.0921533,135
4/8/2025,4,241.0423342,166
4/8/2025,5,173.9341896,71
4/8/2025,6,252.9562634,88
4/8/2025,7,272.8549657,53
4/8/2025,8,290.1263066,72
4/8/2025,9,268.1787892,76
4/8/2025,10,202.6577091,125
4/8/2025,11,183.9040788,117
4/8/2025,12,191.1539578,246
4/8/2025,13,157.1922602,325
4/8/2025,14,200.650231,260
4/8/2025,15,189.4936058,227
4/8/2025,16,189.4782169,274
4/8/2025,17,170.5275068,204
4/8/2025,18,176.8825983,223
4/8/2025,19,173.858754,251
4/8/2025,20,219.8804863,242
4/8/2025,21,184.8066417,244
4/8/2025,22,204.912728,258
4/8/2025,23,166.5880383,275
4/9/2025,0,193.8098981,314
4/9/2025,1,184.7117169,266
4/9/2025,2,226.1224912,195
4/9/2025,3,258.9286976,157
4/9/2025,4,215.3170627,130
4/9/2025,5,151.9565788,113
4/9/2025,6,240.4587047,66
4/9/2025,7,164.7540524,91
4/9/2025,8,271.0982921,80
4/9/2025,9,236.2127784,87
4/9/2025,10,190.0743092,106
4/9/2025,11,147.3921222,156
4/9/2025,12,195.2359553,172
4/9/2025,13,186.633683,301
4/9/2025,14,224.4516989,346
4/9/2025,15,158.9001121,257
4/9/2025,16,208.9283774,274
4/9/2025,17,186.0117493,188
4/9/2025,18,221.2971344,224
4/9/2025,19,196.5369465,323
4/9/2025,20,223.0204441,245
4/9/2025,21,203.3251879,208
4/9/2025,22,210.7586965,266
4/9/2025,23,177.0960145,228
4/10/2025,0,196.8181875,267
4/10/2025,1,161.3143982,308
4/10/2025,2,227.5583218,209
4/10/2025,3,223.8151993,175
4/10/2025,4,252.0890058,119
4/10/2025,5,167.8736972,88
4/10/2025,6,277.0290392,92
4/10/2025,7,208.8314033,43
4/10/2025,8,322.370103,65
4/10/2025,9,174.9627993,111
4/10/2025,10,200.5214614,103
4/10/2025,11,186.2736045,129
4/10/2025,12,201.0753335,233
4/10/2025,13,172.4528689,339
4/10/2025,14,194.0012677,387
4/10/2025,15,180.4568472,311
4/10/2025,16,220.2592377,295
4/10/2025,17,163.9573955,302
4/10/2025,18,172.0527,254
4/10/2025,19,203.3703153,314
4/10/2025,20,216.4173599,277
4/10/2025,21,189.3950339,217
4/10/2025,22,226.6892457,237
4/10/2025,23,213.8390328,176
4/11/2025,0,204.6918663,220
4/11/2025,1,183.2200316,261
4/11/2025,2,251.1681794,206
4/11/2025,3,223.3008584,164
4/11/2025,4,356.0994418,85
4/11/2025,5,177.6933411,82
4/11/2025,6,307.039919,61
4/11/2025,7,194.3997081,49
4/11/2025,8,317.1250668,65
4/11/2025,9,242.0575201,96
4/11/2025,10,226.0649359,136
4/11/2025,11,219.9510306,155
4/11/2025,12,173.8080225,204
4/11/2025,13,200.7713517,263
4/11/2025,14,152.0002414,345
4/11/2025,15,233.3694838,306
4/11/2025,16,215.78454,254
4/11/2025,17,174.7163273,337
4/11/2025,18,205.0685627,323
4/11/2025,19,146.2636782,316
4/11/2025,20,180.0827348,329
4/11/2025,21,194.7530368,313
4/11/2025,22,210.8891699,285
4/11/2025,23,191.3315352,163
4/12/2025,0,191.298209,209
4/12/2025,1,192.5300409,204
4/12/2025,2,204.9205604,271
4/12/2025,3,222.1083852,189
4/12/2025,4,217.3257326,140
4/12/2025,5,182.0833478,134
4/12/2025,6,257.1867044,85
4/12/2025,7,226.3534119,53
4/12/2025,8,294.2367496,52
4/12/2025,9,287.1786769,69
4/12/2025,10,244.5152057,62
4/12/2025,11,171.5481458,108
4/12/2025,12,224.5111897,139
4/12/2025,13,150.4713449,187
4/12/2025,14,197.9056414,305
4/12/2025,15,214.99492,199
4/12/2025,16,207.4211789,279
4/12/2025,17,143.1731086,260
4/12/2025,18,160.1701013,247
4/12/2025,19,173.3551704,257
4/12/2025,20,196.795732,203
4/12/2025,21,221.1030127,199
4/12/2025,22,220.924264,218
4/12/2025,23,171.9966232,159
4/13/2025,0,211.8228104,228
4/13/2025,1,226.6344374,208
4/13/2025,2,231.5426596,277
4/13/2025,3,238.0580128,154
4/13/2025,4,228.3278004,194
4/13/2025,5,223.4178414,118
4/13/2025,6,334.8746843,65
4/13/2025,7,200.0438713,41
4/13/2025,8,289.6576727,65
4/13/2025,9,412.5973955,48
4/13/2025,10,232.0108435,69
4/13/2025,11,185.8660265,102
4/13/2025,12,190.7937483,115
4/13/2025,13,208.9109932,123
4/13/2025,14,216.8260607,247
4/13/2025,15,229.2750776,152
4/13/2025,16,206.5666934,240
4/13/2025,17,166.3915199,214
4/13/2025,18,203.9241205,195
4/13/2025,19,210.3611017,181
4/13/2025,20,195.2068273,243
4/13/2025,21,219.9162006,196
4/13/2025,22,232.4511023,225
4/13/2025,23,218.3612809,195
4/14/2025,0,237.4279137,166
4/14/2025,1,194.8777722,208
4/14/2025,2,220.8254488,216
4/14/2025,3,231.3167096,199
4/14/2025,4,216.9281987,141
4/14/2025,5,122.2476572,88
4/14/2025,6,227.1674655,79
4/14/2025,7,197.6515369,56
4/14/2025,8,284.9814511,87
4/14/2025,9,251.9220784,79
4/14/2025,10,155.7355184,130
4/14/2025,11,160.3274596,116
4/14/2025,12,146.0765637,256
4/14/2025,13,144.8267806,333
4/14/2025,14,171.5738566,306
4/14/2025,15,209.9441588,265
4/14/2025,16,217.1109758,272
4/14/2025,17,171.0086934,198
4/14/2025,18,162.0642478,341
4/14/2025,19,210.8039718,255
4/14/2025,20,186.144814,251
4/14/2025,21,212.6806197,177
4/14/2025,22,222.148788,208
4/14/2025,23,176.5524758,215
4/15/2025,0,162.4349439,230
4/15/2025,1,190.9815515,248
4/15/2025,2,206.5115923,288
4/15/2025,3,179.6385773,187
4/15/2025,4,231.5931354,141
4/15/2025,5,140.6833276,120
4/15/2025,6,254.2162951,80
4/15/2025,7,198.0502032,72
4/15/2025,8,335.7015847,66
4/15/2025,9,185.2834981,103
4/15/2025,10,160.4570475,138
4/15/2025,11,169.8203412,164
4/15/2025,12,176.1963753,170
4/15/2025,13,180.8029022,223
4/15/2025,14,176.4716301,255
4/15/2025,15,182.904191,242
4/15/2025,16,196.7411699,266
4/15/2025,17,192.1675722,238
4/15/2025,18,205.0024041,326
4/15/2025,19,161.8503474,299
4/15/2025,20,171.0058979,243
4/15/2025,21,257.5937063,206
4/15/2025,22,219.8351383,269
4/15/2025,23,173.7284908,191
4/16/2025,0,268.5565458,261
4/16/2025,1,201.7418004,304
4/16/2025,2,195.7871501,230
4/16/2025,3,183.8772473,264
4/16/2025,4,269.5629936,67
4/16/2025,5,173.849579,91
4/16/2025,6,229.0971447,90
4/16/2025,7,189.114473,59
4/16/2025,8,294.3116634,58
4/16/2025,9,253.2875356,102
4/16/2025,10,255.9421643,89
4/16/2025,11,186.0431512,115
4/16/2025,12,164.4444862,167
4/16/2025,13,206.4521805,268
4/16/2025,14,211.4447772,271
4/16/2025,15,158.1816367,368
4/16/2025,16,185.9906081,270
4/16/2025,17,164.7117509,217
4/16/2025,18,182.5855655,277
4/16/2025,19,167.1575533,300
4/16/2025,20,204.0560824,260
4/16/2025,21,193.7610015,301
4/16/2025,22,181.9735872,311
4/16/2025,23,172.3519573,229
4/17/2025,0,182.3399263,254
4/17/2025,1,149.2585572,220
4/17/2025,2,199.4729816,272
4/17/2025,3,200.362847,230
4/17/2025,4,252.8915638,127
4/17/2025,5,158.4963973,148
4/17/2025,6,276.0419954,59
4/17/2025,7,213.6126034,50
4/17/2025,8,308.0079396,67
4/17/2025,9,323.4844761,74
4/17/2025,10,234.7126221,95
4/17/2025,11,179.6626699,198
4/17/2025,12,205.3351473,212
4/17/2025,13,184.8129729,326
4/17/2025,14,203.957999,399
4/17/2025,15,216.2209126,368
4/17/2025,16,218.7755391,387
4/17/2025,17,206.6923004,276
4/17/2025,18,242.4948575,309
4/17/2025,19,194.4297625,277
4/17/2025,20,190.1465401,276
4/17/2025,21,218.6016021,257
4/17/2025,22,195.8648261,255
4/17/2025,23,179.1336754,235
4/18/2025,0,193.6045468,247
4/18/2025,1,196.7749784,246
4/18/2025,2,268.4736571,266
4/18/2025,3,183.7344149,162
4/18/2025,4,251.4466323,143
4/18/2025,5,170.4889477,91
4/18/2025,6,327.6441207,66
4/18/2025,7,207.9438492,65
4/18/2025,8,344.6049003,79
4/18/2025,9,243.8000362,75
4/18/2025,10,198.5313094,113
4/18/2025,11,198.0366887,151
4/18/2025,12,197.9335522,182
4/18/2025,13,207.3093647,196
4/18/2025,14,242.5219564,241
4/18/2025,15,194.9311957,240
4/18/2025,16,210.1343969,222
4/18/2025,17,194.235151,325
4/18/2025,18,192.1446933,254
4/18/2025,19,213.3300325,260
4/18/2025,20,222.4844643,197
4/18/2025,21,241.1941645,204
4/18/2025,22,198.2086435,277
4/18/2025,23,185.2605266,231
4/19/2025,0,198.8065352,217
4/19/2025,1,180.3156335,205
4/19/2025,2,182.6807507,266
4/19/2025,3,200.9319551,252
4/19/2025,4,268.3895852,121
4/19/2025,5,190.1441296,104
4/19/2025,6,285.3343992,89
4/19/2025,7,259.6995537,53
4/19/2025,8,262.0877722,64
4/19/2025,9,261.7748337,70
4/19/2025,10,264.0840892,102
4/19/2025,11,240.7193302,64
4/19/2025,12,148.7640103,124
4/19/2025,13,148.9568025,203
4/19/2025,14,222.5496937,166
4/19/2025,15,184.9808582,184
4/19/2025,16,192.8817836,244
4/19/2025,17,181.7795162,249
4/19/2025,18,233.3511247,168
4/19/2025,19,207.5871924,186
4/19/2025,20,221.7691502,186
4/19/2025,21,222.6455126,167
4/19/2025,22,192.2839993,248
4/19/2025,23,173.8396019,251
4/20/2025,0,182.3278115,198
4/20/2025,1,171.7209311,294
4/20/2025,2,213.8594325,203
4/20/2025,3,218.1241988,200
4/20/2025,4,189.0606771,200
4/20/2025,5,171.8769004,125
4/20/2025,6,266.4949232,96
4/20/2025,7,157.6080591,82
4/20/2025,8,352.8707874,61
4/20/2025,9,287.7005799,60
4/20/2025,10,214.3824147,74
4/20/2025,11,253.8826138,64
4/20/2025,12,170.4734224,106
4/20/2025,13,171.8549651,166
4/20/2025,14,210.6385543,186
4/20/2025,15,162.0047354,170
4/20/2025,16,197.4619472,189
4/20/2025,17,155.6489827,146
4/20/2025,18,215.272823,198
4/20/2025,19,187.0501763,183
4/20/2025,20,209.2949365,169
4/20/2025,21,278.4183907,110
4/20/2025,22,151.6036979,274
4/20/2025,23,180.9756666,161
4/21/2025,0,147.2735146,235
4/21/2025,1,170.0951284,258
4/21/2025,2,189.4188753,191
4/21/2025,3,179.7461798,171
4/21/2025,4,195.8605575,123
4/21/2025,5,155.0912945,158
4/21/2025,6,289.1535544,73
4/21/2025,7,206.2753704,67
4/21/2025,8,236.5566791,58
4/21/2025,9,254.2627226,61
4/21/2025,10,237.5685882,108
4/21/2025,11,184.6179214,127
4/21/2025,12,184.9077634,263
4/21/2025,13,161.7174669,379
4/21/2025,14,194.8110622,307
4/21/2025,15,183.4650518,331
4/21/2025,16,196.0211373,227
4/21/2025,17,136.8970716,292
4/21/2025,18,215.6817678,279
4/21/2025,19,174.6916343,252
4/21/2025,20,179.1764361,249
4/21/2025,21,237.4562429,244
4/21/2025,22,190.8088931,289
4/21/2025,23,152.8047287,257
4/22/2025,0,192.4344923,234
4/22/2025,1,193.3723683,302
4/22/2025,2,221.5477883,218
4/22/2025,3,224.4917284,209
4/22/2025,4,196.3054606,130
4/22/2025,5,132.841375,160
4/22/2025,6,211.0936911,101
4/22/2025,7,158.2593565,100
4/22/2025,8,248.8332836,64
4/22/2025,9,347.182315,53
4/22/2025,10,280.9885833,81
4/22/2025,11,159.8185011,105
4/22/2025,12,184.4392129,219
4/22/2025,13,178.7176426,222
4/22/2025,14,196.0287459,303
4/22/2025,15,205.838941,256
4/22/2025,16,219.6391506,336
4/22/2025,17,226.7432897,190
4/22/2025,18,205.8419119,306
4/22/2025,19,193.4906126,329
4/22/2025,20,192.1738444,239
4/22/2025,21,219.4649936,250
4/22/2025,22,210.2128772,283
4/22/2025,23,164.1602888,318
4/23/2025,0,179.9269997,339
4/23/2025,1,188.5321166,303
4/23/2025,2,184.2227059,242
4/23/2025,3,196.0790807,208
4/23/2025,4,245.4595486,105
4/23/2025,5,144.316883,73
4/23/2025,6,282.3956064,68
4/23/2025,7,165.1417389,87
4/23/2025,8,255.1146606,59
4/23/2025,9,240.3642285,79
4/23/2025,10,236.0262792,96
4/23/2025,11,167.1165253,143
4/23/2025,12,191.209359,195
4/23/2025,13,201.877449,311
4/23/2025,14,206.4874582,364
4/23/2025,15,179.1356275,342
4/23/2025,16,221.4956437,265
4/23/2025,17,181.1548472,222
4/23/2025,18,169.5839808,282
4/23/2025,19,192.9933661,262
4/23/2025,20,169.7996179,238
4/23/2025,21,180.6716907,273
4/23/2025,22,195.6707935,294
4/23/2025,23,157.5208075,250
4/24/2025,0,183.8233004,267
4/24/2025,1,202.5661474,274
4/24/2025,2,193.5299748,246
4/24/2025,3,206.7822043,208
4/24/2025,4,194.1725204,152
4/24/2025,5,169.3658723,84
4/24/2025,6,220.4421837,94
4/24/2025,7,188.2294135,106
4/24/2025,8,302.5110776,54
4/24/2025,9,297.6380376,68
4/24/2025,10,202.5070514,113
4/24/2025,11,195.9153002,152
4/24/2025,12,160.6366021,234
4/24/2025,13,205.3866144,237
4/24/2025,14,214.6099739,274
4/24/2025,15,171.9929871,325
4/24/2025,16,174.7275606,248
4/24/2025,17,173.9641649,238
4/24/2025,18,205.7689554,348
4/24/2025,19,188.4808299,286
4/24/2025,20,155.8430592,267
4/24/2025,21,202.0673779,209
4/24/2025,22,213.56053,268
4/24/2025,23,171.8557289,227
4/25/2025,0,200.0722947,209
4/25/2025,1,208.9460026,254
4/25/2025,2,212.9458797,263
4/25/2025,3,216.9481325,179
4/25/2025,4,243.5851388,89
4/25/2025,5,176.7257951,87
4/25/2025,6,278.1624366,87
4/25/2025,7,184.1871362,88
4/25/2025,8,299.1578396,60
4/25/2025,9,221.7028556,87
4/25/2025,10,267.1150273,77
4/25/2025,11,160.5058749,138
4/25/2025,12,183.9320666,249
4/25/2025,13,152.6626959,315
4/25/2025,14,150.6440846,448
4/25/2025,15,206.9568881,344
4/25/2025,16,207.9057894,322
4/25/2025,17,219.4018835,278
4/25/2025,18,183.8055529,286
4/25/2025,19,228.2361329,301
4/25/2025,20,197.7681557,277
4/25/2025,21,221.3910201,249
4/25/2025,22,203.7743458,271
4/25/2025,23,182.449773,206
4/26/2025,0,182.0026978,229
4/26/2025,1,191.4334108,272
4/26/2025,2,156.8707795,250
4/26/2025,3,199.9785147,218
4/26/2025,4,191.9954341,87
4/26/2025,5,180.7473401,96
4/26/2025,6,210.1943258,124
4/26/2025,7,193.8601157,86
4/26/2025,8,277.6964771,57
4/26/2025,9,253.2706555,72
4/26/2025,10,219.9855783,70
4/26/2025,11,150.6371825,78
4/26/2025,12,184.230847,127
4/26/2025,13,161.9438502,177
4/26/2025,14,197.0727436,243
4/26/2025,15,186.1828111,246
4/26/2025,16,218.5187981,237
4/26/2025,17,201.9661646,157
4/26/2025,18,169.3314169,275
4/26/2025,19,218.0656079,263
4/26/2025,20,224.5427881,233
4/26/2025,21,261.5619373,186
4/26/2025,22,183.1828997,236
4/26/2025,23,184.9718954,151
4/27/2025,0,215.8120538,302
4/27/2025,1,208.7909428,230
4/27/2025,2,239.9121657,231
4/27/2025,3,198.2984875,234
4/27/2025,4,171.3510044,168
4/27/2025,5,169.0375651,86
4/27/2025,6,303.5126914,65
4/27/2025,7,178.6635079,75
4/27/2025,8,274.1411827,61
4/27/2025,9,265.5694678,64
4/27/2025,10,289.3317572,59
4/27/2025,11,185.0765632,86
4/27/2025,12,290.9962666,86
4/27/2025,13,203.929908,169
4/27/2025,14,183.4000933,242
4/27/2025,15,210.0992432,236
4/27/2025,16,242.8606058,222
4/27/2025,17,194.3897976,199
4/27/2025,18,215.9551862,213
4/27/2025,19,192.0250204,240
4/27/2025,20,196.3947032,195
4/27/2025,21,230.2105777,175
4/27/2025,22,210.6622952,281
4/27/2025,23,180.5902682,208
4/28/2025,0,163.4052705,208
4/28/2025,1,177.7394909,254
4/28/2025,2,178.5857919,221
4/28/2025,3,205.9197141,206
4/28/2025,4,237.123354,170
4/28/2025,5,162.8314363,91
4/28/2025,6,274.5340281,76
4/28/2025,7,184.1596696,77
4/28/2025,8,237.9250748,83
4/28/2025,9,187.6892359,90
4/28/2025,10,261.3471975,88
4/28/2025,11,168.8605191,166
4/28/2025,12,164.6838223,228
4/28/2025,13,168.0510744,292
4/28/2025,14,185.9828822,340
4/28/2025,15,179.8430117,301
4/28/2025,16,210.1410756,285
4/28/2025,17,148.404271,278
4/28/2025,18,156.8942301,286
4/28/2025,19,152.6534448,359
4/28/2025,20,172.6126571,291
4/28/2025,21,234.9605228,274
4/28/2025,22,172.936218,304
4/28/2025,23,142.2755763,246
4/29/2025,0,187.3140219,207
4/29/2025,1,203.4838166,253
4/29/2025,2,223.8264318,226
4/29/2025,3,213.9180517,201
4/29/2025,4,202.6629131,130
4/29/2025,5,189.7464483,71
4/29/2025,6,288.9376804,65
4/29/2025,7,203.2263688,80
4/29/2025,8,261.1675293,80
4/29/2025,9,267.5353001,65
4/29/2025,10,222.6872732,89
4/29/2025,11,170.7675686,102
4/29/2025,12,165.6463033,209
4/29/2025,13,182.3017179,247
4/29/2025,14,235.131656,276
4/29/2025,15,188.3041107,354
4/29/2025,16,211.9155509,347
4/29/2025,17,160.2007782,257
4/29/2025,18,200.2618385,334
4/29/2025,19,223.1448204,299
4/29/2025,20,197.6570114,244
4/29/2025,21,260.7484398,213
4/29/2025,22,244.3010112,314
4/29/2025,23,163.9494943,212
4/30/2025,0,211.5022897,251
4/30/2025,1,229.9424212,222
4/30/2025,2,192.4770785,302
4/30/2025,3,179.6918738,179
4/30/2025,4,197.4827651,102
4/30/2025,5,156.5303942,85
4/30/2025,6,326.3687126,71
4/30/2025,7,161.3774108,111
4/30/2025,8,227.8896956,71
4/30/2025,9,226.9546242,100
4/30/2025,10,239.2458969,98
4/30/2025,11,209.7653654,160
4/30/2025,12,196.7118505,184
4/30/2025,13,187.8872511,249
4/30/2025,14,176.9021892,340
4/30/2025,15,164.1705838,292
4/30/2025,16,190.7948961,229
4/30/2025,17,172.8765259,275
4/30/2025,18,165.6739633,328
4/30/2025,19,190.0376353,329
4/30/2025,20,206.9653738,298
4/30/2025,21,236.5538057,233
4/30/2025,22,183.615633,327
4/30/2025,23,158.0372453,260
5/1/2025,0,171.1948951,239
5/1/2025,1,174.6456349,276
5/1/2025,2,196.2373882,226
5/1/2025,3,215.7776094,186
5/1/2025,4,193.2624679,226
5/1/2025,5,283.8008755,1250
5/1/2025,6,190.8653148,107
5/1/2025,7,221.2786275,93
5/1/2025,8,311.6257961,65
5/1/2025,9,207.5524753,79
5/1/2025,10,214.0702624,113
5/1/2025,11,173.8677047,130
5/1/2025,12,166.2348991,216
5/1/2025,13,174.0500438,294
5/1/2025,14,183.707271,281
5/1/2025,15,192.246944,405
5/1/2025,16,247.5772529,262
5/1/2025,17,162.9433968,213
5/1/2025,18,194.0470354,405
5/1/2025,19,200.4057226,316
5/1/2025,20,193.2770582,224
5/1/2025,21,199.7222359,274
5/1/2025,22,219.7394304,305
5/1/2025,23,133.8269625,284
5/2/2025,0,168.7955705,365
5/2/2025,1,162.3046401,244
5/2/2025,2,192.3201246,281
5/2/2025,3,168.4034176,188
5/2/2025,4,228.0948615,137
5/2/2025,5,137.7124434,85
5/2/2025,6,261.4515833,87
5/2/2025,7,152.2247216,103
5/2/2025,8,228.2049736,94
5/2/2025,9,241.2012972,92
5/2/2025,10,187.5905674,176
5/2/2025,11,157.7941366,151
5/2/2025,12,174.3232917,307
5/2/2025,13,172.1951137,272
5/2/2025,14,207.3480101,297
5/2/2025,15,195.7073388,294
5/2/2025,16,193.3385556,297
5/2/2025,17,184.3771752,223
5/2/2025,18,184.3651714,297
5/2/2025,19,170.741722,324
5/2/2025,20,211.7912913,281
5/2/2025,21,203.631052,206
5/2/2025,22,191.6125515,228
5/2/2025,23,181.2864522,201
5/3/2025,0,147.3756257,311
5/3/2025,1,176.3040342,250
5/3/2025,2,211.2635986,203
5/3/2025,3,227.0820604,188
5/3/2025,4,208.9934313,174
5/3/2025,5,230.142307,56
5/3/2025,6,229.9572165,93
5/3/2025,7,191.0190845,81
5/3/2025,8,327.1371994,52
5/3/2025,9,292.7473551,57
5/3/2025,10,180.2886785,53
5/3/2025,11,254.479919,79
5/3/2025,12,193.0216077,103
5/3/2025,13,195.3496446,167
5/3/2025,14,236.3899284,189
5/3/2025,15,208.8702045,162
5/3/2025,16,209.7787982,234
5/3/2025,17,201.7757261,230
5/3/2025,18,165.5600638,292
5/3/2025,19,190.8274528,239
5/3/2025,20,232.3862311,175
5/3/2025,21,182.3911333,240
5/3/2025,22,181.6522991,261
5/3/2025,23,146.7817609,223
5/4/2025,0,170.743476,246
5/4/2025,1,147.7482799,305
5/4/2025,2,198.4194231,217
5/4/2025,3,226.8285184,185
5/4/2025,4,203.3130569,129
5/4/2025,5,162.8221201,93
5/4/2025,6,304.0729864,84
5/4/2025,7,202.2610994,86
5/4/2025,8,319.2886482,61
5/4/2025,9,312.723749,51
5/4/2025,10,145.5907656,93
5/4/2025,11,189.5730722,71
5/4/2025,12,168.1642157,123
5/4/2025,13,183.6104503,177
5/4/2025,14,219.5410861,226
5/4/2025,15,211.8176839,191
5/4/2025,16,197.0444726,222
5/4/2025,17,132.4971215,196
5/4/2025,18,203.2319245,238
5/4/2025,19,214.7288553,272
5/4/2025,20,202.6236165,256
5/4/2025,21,167.5733652,212
5/4/2025,22,210.4600897,223
5/4/2025,23,175.6082267,199
5/5/2025,0,173.7713747,239
5/5/2025,1,177.9231525,363
5/5/2025,2,233.5823619,204
5/5/2025,3,263.6222828,191
5/5/2025,4,198.9465896,149
5/5/2025,5,239.6590887,32
5/5/2025,6,316.5986137,75
5/5/2025,7,149.5185516,82
5/5/2025,8,310.1250522,65
5/5/2025,9,198.9008178,82
5/5/2025,10,183.411546,139
5/5/2025,11,177.2177103,127
5/5/2025,12,149.5740647,236
5/5/2025,13,153.0604639,354
5/5/2025,14,177.7163512,369
5/5/2025,15,199.7000197,319
5/5/2025,16,196.4215412,282
5/5/2025,17,128.6066111,290
5/5/2025,18,174.5066275,321
5/5/2025,19,219.875609,306
5/5/2025,20,220.572525,307
5/5/2025,21,166.3025044,309
5/5/2025,22,207.4434345,256
5/5/2025,23,151.8051731,289
5/6/2025,0,225.0785572,231
5/6/2025,1,230.2346247,310
5/6/2025,2,225.9824563,201
5/6/2025,3,233.0091524,141
5/6/2025,4,229.0763247,108
5/6/2025,5,125.926163,62
5/6/2025,6,228.9971769,131
5/6/2025,7,184.9312607,98
5/6/2025,8,257.3363845,78
5/6/2025,9,219.0757765,83
5/6/2025,10,188.5340228,121
5/6/2025,11,208.0493766,109
5/6/2025,12,164.9594938,196
5/6/2025,13,216.0749102,279
5/6/2025,14,178.6249544,309
5/6/2025,15,143.8090731,302
5/6/2025,16,179.7514285,334
5/6/2025,17,178.3575601,257
5/6/2025,18,161.8604233,375
5/6/2025,19,179.9739061,290
5/6/2025,20,225.1313357,285
5/6/2025,21,210.4523433,271
5/6/2025,22,205.4949231,316
5/6/2025,23,156.0997193,266
5/7/2025,0,185.321049,261
5/7/2025,1,200.0967589,296
5/7/2025,2,218.3295215,174
5/7/2025,3,191.8244315,175
5/7/2025,4,213.3220523,119
5/7/2025,5,114.9649765,39
5/7/2025,6,259.6771706,99
5/7/2025,7,182.9228459,95
5/7/2025,8,266.0390714,91
5/7/2025,9,224.989633,80
5/7/2025,10,242.0976034,96
5/7/2025,11,176.3052057,166
5/7/2025,12,138.9912303,215
5/7/2025,13,147.0393909,309
5/7/2025,14,195.7775179,272
5/7/2025,15,178.29785,233
5/7/2025,16,197.6231078,260
5/7/2025,17,167.667939,227
5/7/2025,18,170.104551,295
5/7/2025,19,202.3894722,338
5/7/2025,20,197.257273,282
5/7/2025,21,235.8485548,211
5/7/2025,22,232.0538864,268
5/7/2025,23,180.2709477,234
5/8/2025,0,169.0723096,221
5/8/2025,1,223.4634769,285
5/8/2025,2,207.8527783,203
5/8/2025,3,222.792994,153
5/8/2025,4,254.5113617,127
5/8/2025,5,167.7137766,65
5/8/2025,6,243.2088405,96
5/8/2025,7,182.1331238,87
5/8/2025,8,268.7005323,90
5/8/2025,9,153.9983402,94
5/8/2025,10,195.7780389,111
5/8/2025,11,187.5648585,140
5/8/2025,12,194.7950746,199
5/8/2025,13,165.6373197,319
5/8/2025,14,179.6410077,396
5/8/2025,15,177.1324381,252
5/8/2025,16,189.2680345,232
5/8/2025,17,211.2832636,209
5/8/2025,18,195.9106545,348
5/8/2025,19,173.4725751,243
5/8/2025,20,182.8831724,276
5/8/2025,21,213.3767735,285
5/8/2025,22,185.1464373,246
5/8/2025,23,199.0022931,254
5/9/2025,0,204.6034158,220
5/9/2025,1,147.2771622,315
5/9/2025,2,222.8588213,234
5/9/2025,3,227.5831465,159
5/9/2025,4,194.177327,145
5/9/2025,5,169.3568983,35
5/9/2025,6,276.5181375,83
5/9/2025,7,152.7776437,89
5/9/2025,8,278.4410708,71
5/9/2025,9,220.3091272,82
5/9/2025,10,224.7541754,96
5/9/2025,11,183.1839142,136
5/9/2025,12,160.8757672,189
5/9/2025,13,205.7621895,264
5/9/2025,14,189.4963598,313
5/9/2025,15,184.3583302,285
5/9/2025,16,196.7479228,266
5/9/2025,17,223.6789664,209
5/9/2025,18,176.9215717,326
5/9/2025,19,170.7705431,344
5/9/2025,20,170.6657221,274
5/9/2025,21,202.2292206,223
5/9/2025,22,216.979965,370
5/9/2025,23,167.068297,214
5/10/2025,0,221.5399155,194
5/10/2025,1,221.4883213,226
5/10/2025,2,186.6966139,260
5/10/2025,3,231.79617,131
5/10/2025,4,215.7564968,116
5/10/2025,5,231.6491082,37
5/10/2025,6,258.3139483,91
5/10/2025,7,230.8714353,79
5/10/2025,8,254.5897809,65
5/10/2025,9,253.150305,70
5/10/2025,10,266.644371,58
5/10/2025,11,167.1258851,92
5/10/2025,12,137.5042406,133
5/10/2025,13,196.9976935,194
5/10/2025,14,176.0656817,249
5/10/2025,15,173.619185,220
5/10/2025,16,233.7779441,196
5/10/2025,17,201.3717909,156
5/10/2025,18,187.364097,216
5/10/2025,19,191.3458014,252
5/10/2025,20,147.7015654,281
5/10/2025,21,191.523637,230
5/10/2025,22,175.5806483,276
5/10/2025,23,167.1477115,165
5/11/2025,0,168.0920272,139
5/11/2025,1,178.9718006,276
5/11/2025,2,209.139276,229
5/11/2025,3,195.3474744,168
5/11/2025,4,188.7515359,123
5/11/2025,5,262.9003462,62
5/11/2025,6,265.8862474,81
5/11/2025,7,220.2870084,78
5/11/2025,8,320.7574136,63
5/11/2025,9,246.7210461,44
5/11/2025,10,223.008,83
5/11/2025,11,141.5548812,86
5/11/2025,12,182.1387664,103
5/11/2025,13,169.1084006,140
5/11/2025,14,203.1350953,208
5/11/2025,15,190.3029806,195
5/11/2025,16,191.5691656,267
5/11/2025,17,185.9156178,254
5/11/2025,18,185.5400607,297
5/11/2025,19,156.082119,245
5/11/2025,20,160.5554161,239
5/11/2025,21,203.0770284,181
5/11/2025,22,231.5132663,262
5/11/2025,23,185.1130887,229
5/12/2025,0,191.7795828,205
5/12/2025,1,216.5366287,245
5/12/2025,2,194.4332437,175
5/12/2025,3,168.1807684,149
5/12/2025,4,204.7061926,108
5/12/2025,5,200.3799781,44
5/12/2025,6,288.0381409,83
5/12/2025,7,160.2730184,89
5/12/2025,8,206.8750577,119
5/12/2025,9,182.8879399,115
5/12/2025,10,188.1582445,117
5/12/2025,11,166.4288463,186
5/12/2025,12,144.224129,224
5/12/2025,13,164.416436,296
5/12/2025,14,184.5956778,325
5/12/2025,15,149.6634822,213
5/12/2025,16,219.881278,264
5/12/2025,17,180.8590684,188
5/12/2025,18,179.1757888,326
5/12/2025,19,181.3238561,254
5/12/2025,20,157.030892,326
5/12/2025,21,209.1072682,257
5/12/2025,22,209.5893571,271
5/12/2025,23,204.7660054,221
5/13/2025,0,158.8172688,333
5/13/2025,1,149.1200339,350
5/13/2025,2,175.5099139,247
5/13/2025,3,197.5343432,169
5/13/2025,4,191.1292446,143
5/13/2025,5,168.1512151,44
5/13/2025,6,246.8544132,103
5/13/2025,7,143.9628995,88
5/13/2025,8,253.0225872,83
5/13/2025,9,160.0034216,76
5/13/2025,10,179.6373676,149
5/13/2025,11,172.9248263,168
5/13/2025,12,181.8349525,270
5/13/2025,13,195.6777873,335
5/13/2025,14,230.5108623,256
5/13/2025,15,196.098992,219
5/13/2025,16,222.1677331,245
5/13/2025,17,162.493046,219
5/13/2025,18,157.1225109,312
5/13/2025,19,183.4964472,260
5/13/2025,20,166.08265,297
5/13/2025,21,165.1921947,261
5/13/2025,22,191.0827354,342
5/13/2025,23,153.3392605,266
5/14/2025,0,181.4456176,316
5/14/2025,1,169.5618854,346
5/14/2025,2,188.5506204,259
5/14/2025,3,194.9561025,158
5/14/2025,4,195.5124388,162
5/14/2025,5,144.6039117,68
5/14/2025,6,245.9197746,102
5/14/2025,7,163.1963022,91
5/14/2025,8,281.7013769,78
5/14/2025,9,193.1951817,120
5/14/2025,10,199.4055369,142
5/14/2025,11,139.5567109,146
5/14/2025,12,185.6757037,209
5/14/2025,13,185.4399627,244
5/14/2025,14,189.9053167,294
5/14/2025,15,170.4849523,356
5/14/2025,16,183.4363224,367
5/14/2025,17,188.7700886,286
5/14/2025,18,214.6051902,300
5/14/2025,19,173.6689476,248
5/14/2025,20,196.0935347,257
5/14/2025,21,215.6938915,236
5/14/2025,22,215.4950759,359
5/14/2025,23,167.6332087,326
5/15/2025,0,149.8385898,371
5/15/2025,1,157.6905412,290
5/15/2025,2,212.0227792,180
5/15/2025,3,197.260725,173
5/15/2025,4,262.1255122,213
5/15/2025,5,246.6002651,89
5/15/2025,6,312.4852659,69
5/15/2025,7,196.2810896,70
5/15/2025,8,257.119272,83
5/15/2025,9,200.3411393,83
5/15/2025,10,258.2972316,73
5/15/2025,11,204.011794,135
5/15/2025,12,164.1245651,240
5/15/2025,13,218.6373398,338
5/15/2025,14,193.156004,294
5/15/2025,15,188.1714661,244
5/15/2025,16,242.1765826,327
5/15/2025,17,171.5195584,307
5/15/2025,18,151.37601,365
5/15/2025,19,201.9710413,237
5/15/2025,20,222.4134344,311
5/15/2025,21,221.032339,263
5/15/2025,22,206.8545546,290
5/15/2025,23,156.2405115,278
5/16/2025,0,151.3294234,271
5/16/2025,1,159.721932,251
5/16/2025,2,174.2725497,232
5/16/2025,3,188.6981073,204
5/16/2025,4,235.3997388,144
5/16/2025,5,128.4591249,75
5/16/2025,6,225.3116893,118
5/16/2025,7,140.1200247,106
5/16/2025,8,273.5069044,71
5/16/2025,9,197.7806438,88
5/16/2025,10,228.8312822,101
5/16/2025,11,171.8589131,142
5/16/2025,12,197.0417238,185
5/16/2025,13,235.7381629,266
5/16/2025,14,239.4291127,251
5/16/2025,15,217.4356594,239
5/16/2025,16,149.4163991,300
5/16/2025,17,170.5820883,227
5/16/2025,18,193.8436693,254
5/16/2025,19,191.2689544,274
5/16/2025,20,170.8583726,274
5/16/2025,21,182.8832726,296
5/16/2025,22,209.5999612,272
5/16/2025,23,184.1346772,192
5/17/2025,0,161.2636053,247
5/17/2025,1,191.6540628,431
5/17/2025,2,196.6894832,274
5/17/2025,3,175.6570839,203
5/17/2025,4,225.9645799,112
5/17/2025,5,219.9891676,87
5/17/2025,6,361.9185378,65
5/17/2025,7,165.4137071,89
5/17/2025,8,298.0411511,88
5/17/2025,9,277.6763528,64
5/17/2025,10,190.0612516,96
5/17/2025,11,133.8447253,79
5/17/2025,12,223.3327126,136
5/17/2025,13,203.1032908,178
5/17/2025,14,207.031279,233
5/17/2025,15,175.6959117,168
5/17/2025,16,240.7252516,247
5/17/2025,17,172.5618035,180
5/17/2025,18,162.1002557,245
5/17/2025,19,148.0551009,275
5/17/2025,20,180.20918,298
5/17/2025,21,240.4284053,242
5/17/2025,22,202.545392,285
5/17/2025,23,134.5174254,206
5/18/2025,0,189.0710213,296
5/18/2025,1,155.6273655,305
5/18/2025,2,164.0654239,310
5/18/2025,3,200.5118267,248
5/18/2025,4,216.2738218,213
5/18/2025,5,139.7529443,90
5/18/2025,6,306.9220576,61
5/18/2025,7,230.6966085,64
5/18/2025,8,244.5585202,107
5/18/2025,9,244.2615678,63
5/18/2025,10,244.5997177,91
5/18/2025,11,102.6805598,92
5/18/2025,12,199.6267099,138
5/18/2025,13,156.8519519,252
5/18/2025,14,204.6975467,209
5/18/2025,15,179.777053,171
5/18/2025,16,193.2223948,246
5/18/2025,17,182.0494698,161
5/18/2025,18,188.6793835,226
5/18/2025,19,192.2312505,194
5/18/2025,20,216.8799998,222
5/18/2025,21,226.1465923,200
5/18/2025,22,219.2800869,228
5/18/2025,23,163.4192666,190
5/19/2025,0,176.3298244,217
5/19/2025,1,177.4460748,233
5/19/2025,2,204.9733422,254
5/19/2025,3,180.4310212,155
5/19/2025,4,227.9232288,131
5/19/2025,5,151.7009288,79
5/19/2025,6,220.9765364,90
5/19/2025,7,207.5454742,69
5/19/2025,8,245.0588163,128
5/19/2025,9,224.0134721,107
5/19/2025,10,182.8673002,97
5/19/2025,11,196.4893708,120
5/19/2025,12,170.113492,236
5/19/2025,13,189.2028786,275
5/19/2025,14,161.5483287,318
5/19/2025,15,210.119563,255
5/19/2025,16,172.9403303,248
5/19/2025,17,137.4710854,349
5/19/2025,18,209.7847516,301
5/19/2025,19,162.0117162,225
5/19/2025,20,213.3063226,376
5/19/2025,21,230.0742043,242
5/19/2025,22,231.6805924,256
5/19/2025,23,189.0589466,208
5/20/2025,0,144.2080283,286
5/20/2025,1,201.8864862,244
5/20/2025,2,229.1559704,231
5/20/2025,3,213.6831823,162
5/20/2025,4,180.5771268,122
5/20/2025,5,180.2210186,90
5/20/2025,6,251.0247441,73
5/20/2025,7,188.643239,91
5/20/2025,8,279.219343,83
5/20/2025,9,260.3690886,81
5/20/2025,10,188.6626167,132
5/20/2025,11,185.7392854,116
5/20/2025,12,218.281377,202
5/20/2025,13,206.139379,268
5/20/2025,14,182.4965342,310
5/20/2025,15,190.2482805,295
5/20/2025,16,175.1611748,213
5/20/2025,17,187.7903768,258
5/20/2025,18,181.6625057,245
5/20/2025,19,172.3942799,302
5/20/2025,20,171.9724212,403
5/20/2025,21,182.9084232,224
5/20/2025,22,253.748607,262
5/20/2025,23,173.578493,239
5/21/2025,0,205.85744,276
5/21/2025,1,167.7263147,234
5/21/2025,2,189.7592523,232
5/21/2025,3,214.5488286,136
5/21/2025,4,225.7361095,103
5/21/2025,5,131.7377946,85
5/21/2025,6,237.7307013,73
5/21/2025,7,163.4175255,67
5/21/2025,8,330.8059409,60
5/21/2025,9,222.6208114,83
5/21/2025,10,253.4399266,87
5/21/2025,11,186.5986068,114
5/21/2025,12,174.9521889,196
5/21/2025,13,222.8724378,271
5/21/2025,14,178.8640831,305
5/21/2025,15,177.1626222,265
5/21/2025,16,188.0571333,251
5/21/2025,17,171.0914781,241
5/21/2025,18,125.2520109,313
5/21/2025,19,190.244701,281
5/21/2025,20,171.1154257,332
5/21/2025,21,196.2359744,219
5/21/2025,22,188.9197982,301
5/21/2025,23,143.6442952,320
5/22/2025,0,206.4345263,286
5/22/2025,1,142.4572636,276
5/22/2025,2,210.1665296,291
5/22/2025,3,202.990258,192
5/22/2025,4,212.9220424,119
5/22/2025,5,90.86408555,80
5/22/2025,6,296.0597225,68
5/22/2025,7,203.4022317,64
5/22/2025,8,321.3971851,70
5/22/2025,9,244.4091336,76
5/22/2025,10,219.328014,107
5/22/2025,11,155.8405565,142
5/22/2025,12,195.6027878,224
5/22/2025,13,192.8439547,256
5/22/2025,14,187.8219366,313
5/22/2025,15,163.973732,297
5/22/2025,16,264.6279573,227
5/22/2025,17,160.8973816,200
5/22/2025,18,153.0481369,338
5/22/2025,19,204.3116335,258
5/22/2025,20,198.9017281,199
5/22/2025,21,200.2843244,314
5/22/2025,22,196.8413558,285
5/22/2025,23,162.367758,201
5/23/2025,0,198.0431931,235
5/23/2025,1,174.2842681,234
5/23/2025,2,195.3368995,191
5/23/2025,3,214.0640137,123
5/23/2025,4,255.5421422,136
5/23/2025,5,146.6962331,71
5/23/2025,6,288.375542,76
5/23/2025,7,162.5547023,89
5/23/2025,8,289.463809,73
5/23/2025,9,200.6522472,101
5/23/2025,10,229.9359814,79
5/23/2025,11,196.1069095,137
5/23/2025,12,177.0924311,168
5/23/2025,13,159.2231965,270
5/23/2025,14,243.5583265,258
5/23/2025,15,156.0878956,279
5/23/2025,16,203.5246031,284
5/23/2025,17,164.6632436,197
5/23/2025,18,174.779334,214
5/23/2025,19,181.8378753,190
5/23/2025,20,186.8945699,281
5/23/2025,21,212.3014517,210
5/23/2025,22,231.2867116,235
5/23/2025,23,172.5509217,166
5/24/2025,0,182.2687392,151
5/24/2025,1,168.4809906,243
5/24/2025,2,193.1441182,228
5/24/2025,3,232.8157737,128
5/24/2025,4,234.3810706,108
5/24/2025,5,219.4109078,80
5/24/2025,6,291.869035,78
5/24/2025,7,208.9294879,57
5/24/2025,8,347.7416308,56
5/24/2025,9,245.7540246,65
5/24/2025,10,216.124894,70
5/24/2025,11,132.7818242,73
5/24/2025,12,208.7497509,115
5/24/2025,13,244.4768763,178
5/24/2025,14,217.7137508,251
5/24/2025,15,218.9409884,162
5/24/2025,16,231.8239147,214
5/24/2025,17,169.0554617,182
5/24/2025,18,170.5633875,214
5/24/2025,19,181.6482049,184
5/24/2025,20,192.9500132,220
5/24/2025,21,254.5780336,181
5/24/2025,22,183.5743508,265
5/24/2025,23,170.9773249,179
5/25/2025,0,180.4177763,175
5/25/2025,1,208.3572927,227
5/25/2025,2,203.2157772,243
5/25/2025,3,231.031984,130
5/25/2025,4,209.3933944,179
5/25/2025,5,183.5465436,70
5/25/2025,6,285.9672246,81
5/25/2025,7,219.023201,110
5/25/2025,8,364.4965156,62
5/25/2025,9,239.7473739,55
5/25/2025,10,198.5583451,77
5/25/2025,11,83.53038761,89
5/25/2025,12,179.9748131,142
5/25/2025,13,231.3634821,167
5/25/2025,14,188.9665689,167
5/25/2025,15,217.6187097,134
5/25/2025,16,212.0293422,223
5/25/2025,17,212.0316117,238
5/25/2025,18,202.4803045,184
5/25/2025,19,242.4649001,156
5/25/2025,20,193.8522855,166
5/25/2025,21,187.27168,228
5/25/2025,22,210.7511957,204
5/25/2025,23,121.5411561,222
5/26/2025,0,206.6241742,227
5/26/2025,1,189.3663153,212
5/26/2025,2,171.7688185,193
5/26/2025,3,204.7779776,173
5/26/2025,4,193.514525,140
5/26/2025,5,261.1225251,55
5/26/2025,6,258.7620472,74
5/26/2025,7,135.3034195,123
5/26/2025,8,264.1948915,103
5/26/2025,9,247.5903603,73
5/26/2025,10,227.2358646,82
5/26/2025,11,135.7127543,85
5/26/2025,12,195.3487793,177
5/26/2025,13,171.2535019,186
5/26/2025,14,184.8785333,208
5/26/2025,15,183.2960408,235
5/26/2025,16,213.5752631,235
5/26/2025,17,182.6782318,193
5/26/2025,18,165.5188339,301
5/26/2025,19,151.6964766,237
5/26/2025,20,221.0104149,212
5/26/2025,21,234.0511571,190
5/26/2025,22,204.1769853,252
5/26/2025,23,186.1446078,253
5/27/2025,0,159.3740798,189
5/27/2025,1,165.3647263,289
5/27/2025,2,172.3467805,278
5/27/2025,3,202.4915501,168
5/27/2025,4,229.1592027,100
5/27/2025,5,174.4954247,69
5/27/2025,6,242.9945137,84
5/27/2025,7,198.5574077,94
5/27/2025,8,244.2537219,92
5/27/2025,9,170.628827,118
5/27/2025,10,207.3599348,135
5/27/2025,11,177.465458,126
5/27/2025,12,218.7833011,186
5/27/2025,13,163.3717375,387
5/27/2025,14,203.8260896,341
5/27/2025,15,197.6359292,302
5/27/2025,16,198.2395508,297
5/27/2025,17,170.4570728,254
5/27/2025,18,147.5548066,269
5/27/2025,19,174.8997588,311
5/27/2025,20,206.408724,326
5/27/2025,21,216.2768758,206
5/27/2025,22,214.587184,278
5/27/2025,23,139.7588311,251
5/28/2025,0,166.4891418,336
5/28/2025,1,265.0630652,281
5/28/2025,2,191.3835141,215
5/28/2025,3,200.1048818,139
5/28/2025,4,247.0358765,169
5/28/2025,5,132.7356472,116
5/28/2025,6,243.6853332,75
5/28/2025,7,139.8266525,93
5/28/2025,8,261.4174447,82
5/28/2025,9,227.3916571,83
5/28/2025,10,197.7403921,127
5/28/2025,11,217.9203121,143
5/28/2025,12,140.4611518,291
5/28/2025,13,170.9653586,231
5/28/2025,14,180.4902158,299
5/28/2025,15,165.1677138,272
5/28/2025,16,174.0369878,285
5/28/2025,17,147.7312885,264
5/28/2025,18,171.5942285,355
5/28/2025,19,151.1446426,367
5/28/2025,20,187.3149731,257
5/28/2025,21,166.605263,227
5/28/2025,22,200.9509804,316
5/28/2025,23,184.6469538,291
5/29/2025,0,168.8643076,413
5/29/2025,1,207.486561,258
5/29/2025,2,197.8468513,210
5/29/2025,3,203.3713994,180
5/29/2025,4,246.3167067,123
5/29/2025,5,133.9386303,144
5/29/2025,6,202.1729381,97
5/29/2025,7,151.9216224,91
5/29/2025,8,231.9511358,107
5/29/2025,9,180.2579581,108
5/29/2025,10,187.4571578,110
5/29/2025,11,193.0978853,124
5/29/2025,12,142.4233269,272
5/29/2025,13,171.7702266,307
5/29/2025,14,204.3271647,286
5/29/2025,15,185.1442751,310
5/29/2025,16,218.9459091,263
5/29/2025,17,171.9713174,257
5/29/2025,18,165.6351984,299
5/29/2025,19,196.4092761,252
5/29/2025,20,196.3211899,255
5/29/2025,21,215.2911694,295
5/29/2025,22,211.9855349,295
5/29/2025,23,164.093906,284
5/30/2025,0,170.7119608,235
5/30/2025,1,164.6378847,389
5/30/2025,2,157.2172222,262
5/30/2025,3,220.8191501,227
5/30/2025,4,188.4760833,175
5/30/2025,5,125.603185,123
5/30/2025,6,168.0181552,116
5/30/2025,7,165.3545794,112
5/30/2025,8,213.74563,113
5/30/2025,9,137.2034419,105
5/30/2025,10,254.9578208,116
5/30/2025,11,155.7112536,174
5/30/2025,12,154.1860316,262
5/30/2025,13,178.3856782,297
5/30/2025,14,159.7165503,373
5/30/2025,15,195.1407187,277
5/30/2025,16,207.6556299,285
5/30/2025,17,192.9722778,308
5/30/2025,18,168.8674376,235
5/30/2025,19,199.6691185,229
5/30/2025,20,145.6058266,257
5/30/2025,21,235.6945963,220
5/30/2025,22,210.9515666,335
5/30/2025,23,185.2168649,299
5/31/2025,0,192.8023076,247
5/31/2025,1,158.4380965,332
5/31/2025,2,230.0221638,318
5/31/2025,3,193.0837216,208
5/31/2025,4,275.1142888,120
5/31/2025,5,139.7166092,109
5/31/2025,6,224.0117367,85
5/31/2025,7,142.1140811,87
5/31/2025,8,232.8447194,99
5/31/2025,9,172.8230273,94
5/31/2025,10,155.1659711,94
5/31/2025,11,137.0526356,87
5/31/2025,12,207.4218091,154
5/31/2025,13,185.0388464,168
5/31/2025,14,161.7937357,299
5/31/2025,15,199.0090397,240
5/31/2025,16,221.0787641,288
5/31/2025,17,190.2094114,329
5/31/2025,18,212.7821701,337
5/31/2025,19,193.9272711,449
5/31/2025,20,185.0498575,411
5/31/2025,21,212.3629947,310
5/31/2025,22,214.0254957,349
5/31/2025,23,205.8257422,358
6/1/2025,0,211.7373949,458
6/1/2025,1,178.447622,673
6/1/2025,2,199.4895724,479
6/1/2025,3,217.6747447,226
6/1/2025,4,197.7141303,291
6/1/2025,5,176.4513693,123
6/1/2025,6,300.5899802,89
6/1/2025,7,256.6031372,78
6/1/2025,8,331.0450002,73
6/1/2025,9,158.5178618,83
6/1/2025,10,253.9538146,65
6/1/2025,11,147.9751192,125
6/1/2025,12,161.7317366,123
6/1/2025,13,225.6479525,144
6/1/2025,14,222.9722027,249
6/1/2025,15,206.8233338,231
6/1/2025,16,213.4819794,273
6/1/2025,17,200.5847144,252
6/1/2025,18,201.8927814,364
6/1/2025,19,164.4438353,257
6/1/2025,20,185.543492,277
6/1/2025,21,151.9793404,280
6/1/2025,22,196.7485769,283
6/1/2025,23,189.3530506,211
6/2/2025,0,157.724679,286
6/2/2025,1,175.728333,334
6/2/2025,2,181.9954065,198
6/2/2025,3,183.5420587,149
6/2/2025,4,216.3341381,137
6/2/2025,5,167.5511859,78
6/2/2025,6,196.148493,91
6/2/2025,7,171.2325307,95
6/2/2025,8,228.641036,70
6/2/2025,9,201.762023,84
6/2/2025,10,158.7426483,97
6/2/2025,11,139.5074718,133
6/2/2025,12,168.4785833,238
6/2/2025,13,155.8133977,360
6/2/2025,14,184.7315535,287
6/2/2025,15,171.5888954,223
6/2/2025,16,192.710147,277
6/2/2025,17,175.2243824,221
6/2/2025,18,198.7811765,303
6/2/2025,19,194.4297632,284
6/2/2025,20,194.8610921,231
6/2/2025,21,205.4122318,200
6/2/2025,22,178.734024,328
6/2/2025,23,170.4385086,247
6/3/2025,0,186.9439711,214
6/3/2025,1,159.9235038,337
6/3/2025,2,179.8171428,307
6/3/2025,3,177.1777936,189
6/3/2025,4,225.2288828,137
6/3/2025,5,112.0269247,128
6/3/2025,6,203.8979093,93
6/3/2025,7,182.5345562,105
6/3/2025,8,197.0760335,99
6/3/2025,9,184.2354939,92
6/3/2025,10,216.024968,114
6/3/2025,11,194.176069,140
6/3/2025,12,153.0621433,228
6/3/2025,13,188.2050198,318
6/3/2025,14,169.6385855,327
6/3/2025,15,155.1814811,338
6/3/2025,16,235.387889,361
6/3/2025,17,162.3615992,284
6/3/2025,18,174.8348201,284
6/3/2025,19,177.8636298,321
6/3/2025,20,161.5952846,418
6/3/2025,21,219.3727345,323
6/3/2025,22,214.8217119,327
6/3/2025,23,162.7913784,236
6/4/2025,0,235.1435846,196
6/4/2025,1,192.3609628,319
6/4/2025,2,173.9093227,234
6/4/2025,3,233.6895531,171
6/4/2025,4,233.4167706,153
6/4/2025,5,135.8992317,129
6/4/2025,6,234.581554,87
6/4/2025,7,168.9011236,97
6/4/2025,8,277.8815091,75
6/4/2025,9,172.1794928,90
6/4/2025,10,229.4166545,123
6/4/2025,11,153.8372497,121
6/4/2025,12,206.956492,207
6/4/2025,13,157.1322795,294
6/4/2025,14,177.6943123,325
6/4/2025,15,191.672944,367
6/4/2025,16,156.431558,332
6/4/2025,17,162.29765,223
6/4/2025,18,140.3654581,321
6/4/2025,19,184.5328643,268
6/4/2025,20,181.5660572,260
6/4/2025,21,196.6641069,243
6/4/2025,22,162.0856812,351
6/4/2025,23,150.3815526,310
6/5/2025,0,134.7241312,292
6/5/2025,1,188.6342892,301
6/5/2025,2,164.4748537,280
6/5/2025,3,195.8936701,177
6/5/2025,4,198.5207937,176
6/5/2025,5,118.220279,97
6/5/2025,6,208.9694605,101
6/5/2025,7,172.8468619,79
6/5/2025,8,235.1624326,103
6/5/2025,9,211.132836,78
6/5/2025,10,207.8808455,106
6/5/2025,11,137.4229541,165
6/5/2025,12,155.0434958,205
6/5/2025,13,196.1147501,291
6/5/2025,14,161.1976554,317
6/5/2025,15,150.8774785,309
6/5/2025,16,205.7338297,265
6/5/2025,17,196.3167825,265
6/5/2025,18,144.3619811,405
6/5/2025,19,168.0597286,281
6/5/2025,20,174.4814652,272
6/5/2025,21,172.3079503,242
6/5/2025,22,219.2367103,232
6/5/2025,23,160.7667747,206
6/6/2025,0,161.3243933,421
6/6/2025,1,183.1181729,226
6/6/2025,2,203.3771409,202
6/6/2025,3,202.7823296,158
6/6/2025,4,223.9087514,94
6/6/2025,5,163.9593045,109
6/6/2025,6,229.5282998,92
6/6/2025,7,188.2427413,105
6/6/2025,8,305.1404807,63
6/6/2025,9,169.3020701,102
6/6/2025,10,205.820652,114
6/6/2025,11,139.3275342,147
6/6/2025,12,167.8048783,226
6/6/2025,13,205.9126844,324
6/6/2025,14,178.2443993,260
6/6/2025,15,180.5852589,308
6/6/2025,16,179.1304589,381
6/6/2025,17,158.9688413,278
6/6/2025,18,157.1726125,333
6/6/2025,19,170.4984037,297
6/6/2025,20,194.8543186,282
6/6/2025,21,189.0191295,317
6/6/2025,22,237.6744741,278
6/6/2025,23,161.172034,229
6/7/2025,0,139.3714595,218
6/7/2025,1,184.4829646,250
6/7/2025,2,165.0958932,217
6/7/2025,3,205.2028441,190
6/7/2025,4,223.2703282,90
6/7/2025,5,170.034123,94
6/7/2025,6,222.8321286,93
6/7/2025,7,212.6079004,78
6/7/2025,8,353.7299498,53
6/7/2025,9,282.227683,55
6/7/2025,10,218.8094348,82
6/7/2025,11,161.9538877,96
6/7/2025,12,165.3199475,129
6/7/2025,13,168.686197,172
6/7/2025,14,212.5662248,230
6/7/2025,15,180.0642751,225
6/7/2025,16,188.6613522,221
6/7/2025,17,192.5256198,118
6/7/2025,18,186.8754222,312
6/7/2025,19,213.818931,257
6/7/2025,20,158.9899561,194
6/7/2025,21,167.4685194,209
6/7/2025,22,233.4352575,230
6/7/2025,23,127.8360733,202
6/8/2025,0,146.0862743,182
6/8/2025,1,209.4526701,238
6/8/2025,2,204.6583277,179
6/8/2025,3,186.8794918,213
6/8/2025,4,219.1609886,107
6/8/2025,5,190.5924526,160
6/8/2025,6,314.3574142,61
6/8/2025,7,164.6277008,75
6/8/2025,8,268.0298006,70
6/8/2025,9,214.2481549,75
6/8/2025,10,185.0760461,80
6/8/2025,11,181.2701285,82
6/8/2025,12,202.7098276,141
6/8/2025,13,170.7672646,162
6/8/2025,14,195.693698,229
6/8/2025,15,210.0091753,202
6/8/2025,16,240.4614835,295
6/8/2025,17,198.2088153,171
6/8/2025,18,194.7050259,289
6/8/2025,19,220.8794049,189
6/8/2025,20,187.2285615,235
6/8/2025,21,216.070967,247
6/8/2025,22,195.4806769,301
6/8/2025,23,179.0906625,194
6/9/2025,0,164.7337769,280
6/9/2025,1,169.383427,313
6/9/2025,2,188.5668427,182
6/9/2025,3,195.7486595,174
6/9/2025,4,158.3328066,128
6/9/2025,5,174.6560011,82
6/9/2025,6,231.0503474,94
6/9/2025,7,211.3216727,83
6/9/2025,8,241.4448598,87
6/9/2025,9,263.4159272,82
6/9/2025,10,174.4766679,144
6/9/2025,11,164.3463724,134
6/9/2025,12,140.1486671,273
6/9/2025,13,139.9145089,381
6/9/2025,14,177.9405386,279
6/9/2025,15,165.1501489,381
6/9/2025,16,224.6050064,291
6/9/2025,17,152.8645705,534
6/9/2025,18,170.7292647,383
6/9/2025,19,160.4974931,310
6/9/2025,20,184.3131174,279
6/9/2025,21,181.1722072,332
6/9/2025,22,215.9445614,283
6/9/2025,23,204.1914917,245
6/10/2025,0,185.0350878,321
6/10/2025,1,161.5483285,301
6/10/2025,2,204.2429502,248
6/10/2025,3,178.5127153,176
6/10/2025,4,225.0196291,129
6/10/2025,5,126.5650392,109
6/10/2025,6,171.7670016,127
6/10/2025,7,159.1964399,93
6/10/2025,8,266.5670382,85
6/10/2025,9,131.7202431,180
6/10/2025,10,202.0438726,124
6/10/2025,11,146.8019954,138
6/10/2025,12,157.7376319,322
6/10/2025,13,201.3953353,329
6/10/2025,14,155.1368132,386
6/10/2025,15,210.799899,314
6/10/2025,16,222.9463445,270
6/10/2025,17,198.6244405,255
6/10/2025,18,185.838388,364
6/10/2025,19,173.4906511,282
6/10/2025,20,158.5562861,260
6/10/2025,21,228.8125004,302
6/10/2025,22,187.8895012,316
6/10/2025,23,163.0584646,259
6/11/2025,0,181.5013823,292
6/11/2025,1,172.6271173,351
6/11/2025,2,179.1663253,231
6/11/2025,3,222.2388415,183
6/11/2025,4,208.6256755,123
6/11/2025,5,130.7135767,101
6/11/2025,6,180.9614547,111
6/11/2025,7,160.6073516,131
6/11/2025,8,249.7582022,116
6/11/2025,9,168.5253429,108
6/11/2025,10,175.6956456,128
6/11/2025,11,157.4693281,209
6/11/2025,12,146.882555,269
6/11/2025,13,166.9681123,344
6/11/2025,14,166.6822351,259
6/11/2025,15,148.7593914,278
6/11/2025,16,223.5909296,323
6/11/2025,17,193.0615961,212
6/11/2025,18,186.1669701,328
6/11/2025,19,182.1585997,232
6/11/2025,20,184.5452777,257
6/11/2025,21,188.7598891,273
6/11/2025,22,206.2213548,330
6/11/2025,23,194.6323755,204
6/12/2025,0,194.3352587,279
6/12/2025,1,164.9277586,364
6/12/2025,2,203.9942093,326
6/12/2025,3,184.0728341,226
6/12/2025,4,204.3343382,152
6/12/2025,5,110.7461529,119
6/12/2025,6,170.4374777,135
6/12/2025,7,172.5406078,106
6/12/2025,8,245.1101155,115
6/12/2025,9,148.5444147,154
6/12/2025,10,166.0758445,124
6/12/2025,11,129.8722567,169
6/12/2025,12,163.2718896,291
6/12/2025,13,188.7578534,282
6/12/2025,14,192.660135,287
6/12/2025,15,169.7103614,312
6/12/2025,16,211.3846024,264
6/12/2025,17,171.980683,294
6/12/2025,18,184.2520962,460
6/12/2025,19,182.7420136,300
6/12/2025,20,186.4575413,338
6/12/2025,21,192.5222586,304
6/12/2025,22,274.5913078,249
6/12/2025,23,177.4747826,252
6/13/2025,0,175.7824731,238
6/13/2025,1,219.6698434,296
6/13/2025,2,151.1568444,240
6/13/2025,3,182.3438998,165
6/13/2025,4,258.3086031,129
6/13/2025,5,135.0420132,92
6/13/2025,6,255.1958983,95
6/13/2025,7,207.4278186,98
6/13/2025,8,261.7000837,84
6/13/2025,9,218.1324308,96
6/13/2025,10,229.4310933,87
6/13/2025,11,136.6972826,164
6/13/2025,12,150.8468705,305
6/13/2025,13,169.6094684,272
6/13/2025,14,151.0683983,387
6/13/2025,15,170.3452835,316
6/13/2025,16,216.8090847,284
6/13/2025,17,166.6618149,228
6/13/2025,18,156.8115285,302
6/13/2025,19,175.6027058,232
6/13/2025,20,161.5043624,289
6/13/2025,21,175.4856134,202
6/13/2025,22,192.3037984,282
6/13/2025,23,137.8496248,240
6/14/2025,0,189.6749715,308
6/14/2025,1,185.7073184,264
6/14/2025,2,204.8211163,495
6/14/2025,3,230.7467966,166
6/14/2025,4,261.3757039,184
6/14/2025,5,115.8893132,119
6/14/2025,6,230.2123744,139
6/14/2025,7,148.9543429,83
6/14/2025,8,302.3990616,90
6/14/2025,9,215.3929041,100
6/14/2025,10,190.378173,117
6/14/2025,11,173.0077609,103
6/14/2025,12,155.7347517,223
6/14/2025,13,191.9948594,202
6/14/2025,14,180.1430365,263
6/14/2025,15,171.0447398,299
6/14/2025,16,197.3503391,241
6/14/2025,17,164.2978072,285
6/14/2025,18,161.7563727,386
6/14/2025,19,135.3049548,289
6/14/2025,20,165.2491687,290
6/14/2025,21,186.8688827,244
6/14/2025,22,203.4907721,293
6/14/2025,23,162.6538397,188
6/15/2025,0,160.8316086,332
6/15/2025,1,144.9684203,369
6/15/2025,2,199.3792367,243
6/15/2025,3,174.2235446,198
6/15/2025,4,275.457462,153
6/15/2025,5,144.6306844,107
6/15/2025,6,275.0550972,90
6/15/2025,7,137.4667776,126
6/15/2025,8,294.6170065,88
6/15/2025,9,246.2695262,68
6/15/2025,10,270.7308615,63
6/15/2025,11,122.4318726,97
6/15/2025,12,212.2504071,127
6/15/2025,13,152.3537625,219
6/15/2025,14,161.5686104,239
6/15/2025,15,169.9158668,226
6/15/2025,16,233.0249085,219
6/15/2025,17,200.1549629,198
6/15/2025,18,198.469862,254
6/15/2025,19,189.8474416,253
6/15/2025,20,173.5697912,261
6/15/2025,21,189.134874,222
6/15/2025,22,196.4077963,326
6/15/2025,23,145.9278673,216
6/16/2025,0,196.2344787,332
6/16/2025,1,181.0104024,385
6/16/2025,2,186.4234611,305
6/16/2025,3,181.3991742,185
6/16/2025,4,147.803504,184
6/16/2025,5,156.4861141,87
6/16/2025,6,236.366116,115
6/16/2025,7,174.1795158,87
6/16/2025,8,287.8574969,84
6/16/2025,9,174.9677299,119
6/16/2025,10,231.4057337,140
6/16/2025,11,133.9987567,160
6/16/2025,12,152.9544207,291
6/16/2025,13,204.8976192,359
6/16/2025,14,171.9781707,323
6/16/2025,15,209.0541732,385
6/16/2025,16,213.446109,277
6/16/2025,17,160.9015769,327
6/16/2025,18,204.6560232,327
6/16/2025,19,170.1825886,256
6/16/2025,20,188.4776683,278
6/16/2025,21,187.0784045,269
6/16/2025,22,204.2556691,317
6/16/2025,23,181.5490857,262
6/17/2025,0,198.3418036,321
6/17/2025,1,167.1170839,373
6/17/2025,2,197.4181415,208
6/17/2025,3,211.7602375,190
6/17/2025,4,189.0608217,175
6/17/2025,5,186.6372288,110
6/17/2025,6,219.7535712,103
6/17/2025,7,133.6770149,104
6/17/2025,8,303.9958673,84
6/17/2025,9,197.0118068,101
6/17/2025,10,190.5897951,142
6/17/2025,11,177.7177503,108
6/17/2025,12,134.0122779,302
6/17/2025,13,163.5466195,325
6/17/2025,14,170.3904381,327
6/17/2025,15,146.0814082,288
6/17/2025,16,189.4736827,327
6/17/2025,17,165.2598756,226
6/17/2025,18,162.9060195,312
6/17/2025,19,190.1260874,350
6/17/2025,20,155.9552399,290
6/17/2025,21,187.3419108,310
6/17/2025,22,182.7126178,313
6/17/2025,23,176.4664608,261
6/18/2025,0,176.2311389,254
6/18/2025,1,153.1731416,325
6/18/2025,2,187.1423693,291
6/18/2025,3,231.1233687,156
6/18/2025,4,179.3342953,255
6/18/2025,5,160.2830847,88
6/18/2025,6,212.7782246,113
6/18/2025,7,174.1931286,105
6/18/2025,8,236.8146234,118
6/18/2025,9,226.7767345,103
6/18/2025,10,203.5352084,122
6/18/2025,11,135.168488,145
6/18/2025,12,171.5660151,240
6/18/2025,13,189.8923021,428
6/18/2025,14,195.197719,297
6/18/2025,15,141.2418089,361
6/18/2025,16,178.9875051,309
6/18/2025,17,209.8903781,308
6/18/2025,18,153.8289946,336
6/18/2025,19,184.1800241,340
6/18/2025,20,184.2266635,304
6/18/2025,21,191.7345296,299
6/18/2025,22,230.6612161,360
6/18/2025,23,226.3118295,280
6/19/2025,0,183.2386566,290
6/19/2025,1,192.0754943,321
6/19/2025,2,191.2565658,350
6/19/2025,3,199.5526713,213
6/19/2025,4,206.6640753,204
6/19/2025,5,142.6947387,84
6/19/2025,6,273.5726028,94
6/19/2025,7,122.917172,121
6/19/2025,8,304.8830504,89
6/19/2025,9,164.2569219,130
6/19/2025,10,193.1349673,109
6/19/2025,11,156.7044474,129
6/19/2025,12,189.0166167,164
6/19/2025,13,164.3642222,279
6/19/2025,14,203.5913092,313
6/19/2025,15,196.9588595,299
6/19/2025,16,220.9537333,267
6/19/2025,17,170.5308835,219
6/19/2025,18,161.2601607,298
6/19/2025,19,167.6282854,366
6/19/2025,20,153.5426446,418
6/19/2025,21,189.1764746,239
6/19/2025,22,191.7247603,223
6/19/2025,23,160.8761592,395
6/20/2025,0,166.4844643,350
6/20/2025,1,188.6669256,384
6/20/2025,2,157.3745117,302
6/20/2025,3,236.260567,217
6/20/2025,4,230.5218344,140
6/20/2025,5,153.6164419,88
6/20/2025,6,241.6291175,106
6/20/2025,7,159.3813838,109
6/20/2025,8,222.6716282,93
6/20/2025,9,224.839882,90
6/20/2025,10,196.2306147,119
6/20/2025,11,132.65674,166
6/20/2025,12,167.8396862,263
6/20/2025,13,168.4721973,344
6/20/2025,14,167.1481623,362
6/20/2025,15,160.2631264,244
6/20/2025,16,223.3128051,305
6/20/2025,17,151.4334456,245
6/20/2025,18,128.3407363,424
6/20/2025,19,173.7731632,300
6/20/2025,20,212.8678293,286
6/20/2025,21,188.6168738,274
6/20/2025,22,243.039991,277
6/20/2025,23,184.7666648,212
6/21/2025,0,212.230463,234
6/21/2025,1,198.6168339,271
6/21/2025,2,166.8306306,294
6/21/2025,3,222.8491942,198
6/21/2025,4,270.4366119,192
6/21/2025,5,150.7092521,128
6/21/2025,6,285.6499288,88
6/21/2025,7,191.9163954,92
6/21/2025,8,274.8509863,70
6/21/2025,9,223.414969,84
6/21/2025,10,256.7127845,95
6/21/2025,11,207.3447944,87
6/21/2025,12,166.5428668,149
6/21/2025,13,168.484903,202
6/21/2025,14,182.4965601,241
6/21/2025,15,171.4818304,229
6/21/2025,16,231.7040829,233
6/21/2025,17,166.9923845,197
6/21/2025,18,174.4560542,274
6/21/2025,19,141.2052269,346
6/21/2025,20,179.9041268,252
6/21/2025,21,173.4840485,219
6/21/2025,22,166.1437111,236
6/21/2025,23,167.4517988,226
6/22/2025,0,206.5181722,177
6/22/2025,1,178.6192835,269
6/22/2025,2,169.0642204,192
6/22/2025,3,202.9422833,155
6/22/2025,4,187.6253225,160
6/22/2025,5,125.0427927,80
6/22/2025,6,273.0399884,70
6/22/2025,7,185.5594508,111
6/22/2025,8,223.2483912,99
6/22/2025,9,203.1637213,85
6/22/2025,10,223.9837655,103
6/22/2025,11,204.0119941,135
6/22/2025,12,221.1289709,153
6/22/2025,13,139.9663639,182
6/22/2025,14,202.6915841,268
6/22/2025,15,168.7197868,313
6/22/2025,16,213.3236635,237
6/22/2025,17,172.1125658,196
6/22/2025,18,183.6536092,276
6/22/2025,19,163.2951974,306
6/22/2025,20,193.2732982,310
6/22/2025,21,185.5286932,252
6/22/2025,22,206.6573696,259
6/22/2025,23,165.0644455,304
6/23/2025,0,173.9754768,307
6/23/2025,1,148.5716994,327
6/23/2025,2,168.6376199,251
6/23/2025,3,166.8111999,210
6/23/2025,4,196.964497,116
6/23/2025,5,102.9389844,123
6/23/2025,6,183.1541197,115
6/23/2025,7,131.8966297,127
6/23/2025,8,291.2403478,80
6/23/2025,9,219.8709689,74
6/23/2025,10,178.5780617,156
6/23/2025,11,151.8695419,160
6/23/2025,12,193.7922899,318
6/23/2025,13,156.9806095,342
6/23/2025,14,169.4466787,335
6/23/2025,15,163.9356892,359
6/23/2025,16,209.034681,372
6/23/2025,17,166.9653766,337
6/23/2025,18,238.0622088,352
6/23/2025,19,187.1918066,318
6/23/2025,20,184.4342801,372
6/23/2025,21,197.278251,398
6/23/2025,22,218.1179963,363
6/23/2025,23,146.9318193,281
6/24/2025,0,181.0383319,353
6/24/2025,1,192.4540636,358
6/24/2025,2,250.5845716,212
6/24/2025,3,181.8865809,258
6/24/2025,4,198.3226848,162
6/24/2025,5,176.9598832,63
6/24/2025,6,155.9107758,117
6/24/2025,7,153.3431103,98
6/24/2025,8,271.0174842,93
6/24/2025,9,188.9145143,88
6/24/2025,10,158.6402667,151
6/24/2025,11,130.0267822,174
6/24/2025,12,150.6124778,372
6/24/2025,13,171.9839365,264
6/24/2025,14,163.3916724,292
6/24/2025,15,163.875765,295
6/24/2025,16,194.7398501,339
6/24/2025,17,166.4353601,288
6/24/2025,18,170.9503347,397
6/24/2025,19,208.3522373,328
6/24/2025,20,177.388159,319
6/24/2025,21,227.2297218,333
6/24/2025,22,166.6219514,448
6/24/2025,23,153.311566,304
6/25/2025,0,167.7204784,317
6/25/2025,1,181.3814361,306
6/25/2025,2,202.7382702,299
6/25/2025,3,205.74992,225
6/25/2025,4,192.3656607,220
6/25/2025,5,117.7199079,96
6/25/2025,6,250.294324,72
6/25/2025,7,160.8319436,120
6/25/2025,8,316.4456077,83
6/25/2025,9,200.6633385,89
6/25/2025,10,212.3098419,133
6/25/2025,11,122.084634,181
6/25/2025,12,177.5241867,218
6/25/2025,13,169.993753,335
6/25/2025,14,161.1034389,294
6/25/2025,15,194.3581852,328
6/25/2025,16,188.2390448,285
6/25/2025,17,146.5057631,343
6/25/2025,18,203.2913706,381
6/25/2025,19,199.3919422,308
6/25/2025,20,208.7400794,243
6/25/2025,21,202.4539233,305
6/25/2025,22,218.3664372,286
6/25/2025,23,193.7915798,248
6/26/2025,0,202.0591458,243
6/26/2025,1,177.7244531,247
6/26/2025,2,170.8056175,306
6/26/2025,3,214.9466527,257
6/26/2025,4,201.8540916,166
6/26/2025,5,130.6090958,67
6/26/2025,6,206.8260868,92
6/26/2025,7,187.7141402,115
6/26/2025,8,308.05788,73
6/26/2025,9,191.7383639,89
6/26/2025,10,219.7916081,114
6/26/2025,11,150.8208236,176
6/26/2025,12,147.8062362,259
6/26/2025,13,138.1843406,319
6/26/2025,14,167.7438691,427
6/26/2025,15,155.2162509,365
6/26/2025,16,232.7472567,282
6/26/2025,17,157.8019666,262
6/26/2025,18,221.7255554,266
6/26/2025,19,219.8034234,305
6/26/2025,20,185.806955,389
6/26/2025,21,151.8269365,272
6/26/2025,22,185.0765356,240
6/26/2025,23,156.0618683,261
6/27/2025,0,204.1864651,254
6/27/2025,1,184.1494148,287
6/27/2025,2,171.4606005,321
6/27/2025,3,170.0118095,268
6/27/2025,4,210.4137688,156
6/27/2025,5,79.44013228,147
6/27/2025,6,271.2196313,81
6/27/2025,7,168.8954903,126
6/27/2025,8,247.926377,106
6/27/2025,9,226.9370245,98
6/27/2025,10,191.7506851,173
6/27/2025,11,138.3897861,176
6/27/2025,12,175.8523153,242
6/27/2025,13,216.5466782,222
6/27/2025,14,170.5303552,266
6/27/2025,15,211.0660546,268
6/27/2025,16,232.8103137,277
6/27/2025,17,288.5433879,271
6/27/2025,18,182.7420968,239
6/27/2025,19,164.0224234,255
6/27/2025,20,193.9706709,267
6/27/2025,21,212.0771862,270
6/27/2025,22,192.4837731,280
6/27/2025,23,218.5702789,245
6/28/2025,0,247.1088183,203
6/28/2025,1,153.071401,325
6/28/2025,2,180.0991073,203
6/28/2025,3,195.9282897,235
6/28/2025,4,232.1719225,126
6/28/2025,5,191.6411989,85
6/28/2025,6,251.5368388,89
6/28/2025,7,202.4222491,141
6/28/2025,8,293.605989,88
6/28/2025,9,200.7404941,91
6/28/2025,10,204.6365022,117
6/28/2025,11,164.6722511,99
6/28/2025,12,170.4565527,183
6/28/2025,13,175.5637402,188
6/28/2025,14,202.9768618,242
6/28/2025,15,221.7810702,215
6/28/2025,16,245.7489946,225
6/28/2025,17,146.8095235,216
6/28/2025,18,186.8566226,300
6/28/2025,19,180.4935699,226
6/28/2025,20,208.6615331,256
6/28/2025,21,210.4159584,209
6/28/2025,22,243.0629807,275
6/28/2025,23,196.0511289,162
6/29/2025,0,153.6969235,253
6/29/2025,1,150.6615311,288
6/29/2025,2,177.0041617,230
6/29/2025,3,202.8595864,204
6/29/2025,4,245.0606904,185
6/29/2025,5,215.981194,81
6/29/2025,6,281.059287,82
6/29/2025,7,201.9871092,98
6/29/2025,8,258.0694965,86
6/29/2025,9,203.6659035,96
6/29/2025,10,217.7300557,83
6/29/2025,11,171.1468747,98
6/29/2025,12,183.4448206,141
6/29/2025,13,169.0856075,141
6/29/2025,14,184.901265,246
6/29/2025,15,212.7693252,295
6/29/2025,16,190.1637778,319
6/29/2025,17,190.264243,202
6/29/2025,18,184.5050319,257
6/29/2025,19,159.5787109,274
6/29/2025,20,197.4184775,257
6/29/2025,21,213.6259129,234
6/29/2025,22,204.0674852,252
6/29/2025,23,168.4143306,268
6/30/2025,0,158.9112593,326
6/30/2025,1,182.5712332,308
6/30/2025,2,148.1063724,249
6/30/2025,3,201.1400552,173
6/30/2025,4,274.3948395,129
6/30/2025,5,109.1732619,107
6/30/2025,6,238.1823167,73
6/30/2025,7,195.0311638,125
6/30/2025,8,195.5083929,133
6/30/2025,9,128.9217043,98
6/30/2025,10,173.7447951,136
6/30/2025,11,128.1592313,122
6/30/2025,12,184.3028157,250
6/30/2025,13,146.8871326,350
6/30/2025,14,187.6074535,403
6/30/2025,15,179.7685436,414
6/30/2025,16,233.4087761,379
6/30/2025,17,185.3863149,337
6/30/2025,18,171.4826392,338
6/30/2025,19,204.739256,261
6/30/2025,20,192.4238011,295
6/30/2025,21,240.404114,275
6/30/2025,22,237.7137737,291
6/30/2025,23,151.7877302,257
7/1/2025,0,181.7263005,260
7/1/2025,1,159.8554716,331
7/1/2025,2,175.762527,263
7/1/2025,3,189.332763,248
7/1/2025,4,237.2245934,154
7/1/2025,5,147.0932602,262
7/1/2025,6,194.7109004,158
7/1/2025,7,186.4615121,130
7/1/2025,8,185.4219821,155
7/1/2025,9,163.3035049,92
7/1/2025,10,181.9057637,133
7/1/2025,11,151.2299488,133
7/1/2025,12,158.7294221,242
7/1/2025,13,213.2664469,242
7/1/2025,14,192.779477,341
7/1/2025,15,164.0324242,335
7/1/2025,16,172.6715639,355
7/1/2025,17,166.9715151,319
7/1/2025,18,168.7301506,322
7/1/2025,19,172.054634,273
7/1/2025,20,190.7282683,252
7/1/2025,21,177.1290875,451
7/1/2025,22,217.9472035,323
7/1/2025,23,179.4775861,274
7/2/2025,0,193.4761243,366
7/2/2025,1,184.3324412,310
7/2/2025,2,195.0564324,318
7/2/2025,3,202.1132375,229
7/2/2025,4,180.9282629,208
7/2/2025,5,125.0686105,67
7/2/2025,6,175.7444212,86
7/2/2025,7,276.2085033,109
7/2/2025,8,242.5120188,110
7/2/2025,9,199.3731331,95
7/2/2025,10,152.9113006,177
7/2/2025,11,128.7589268,166
7/2/2025,12,180.3256986,270
7/2/2025,13,206.3457765,267
7/2/2025,14,216.4028162,322
7/2/2025,15,191.0158125,351
7/2/2025,16,204.3485556,264
7/2/2025,17,141.616108,330
7/2/2025,18,199.8414679,321
7/2/2025,19,160.0176151,336
7/2/2025,20,179.7930589,312
7/2/2025,21,209.2841834,262
7/2/2025,22,199.4612251,355
7/2/2025,23,158.8941721,256
7/3/2025,0,183.467203,282
7/3/2025,1,162.2283044,350
7/3/2025,2,198.581469,196
7/3/2025,3,190.2142884,223
7/3/2025,4,172.0618098,194
7/3/2025,5,196.3549809,92
7/3/2025,6,264.457908,73
7/3/2025,7,214.8687458,101
7/3/2025,8,257.6524292,93
7/3/2025,9,213.3937979,97
7/3/2025,10,157.4525861,124
7/3/2025,11,200.7190574,202
7/3/2025,12,196.934395,277
7/3/2025,13,167.4853318,328
7/3/2025,14,184.4278498,342
7/3/2025,15,206.1992667,246
7/3/2025,16,210.805283,265
7/3/2025,17,155.7027849,278
7/3/2025,18,158.3047529,347
7/3/2025,19,150.3999053,367
7/3/2025,20,193.476801,310
7/3/2025,21,211.9889963,253
7/3/2025,22,207.2280402,209
7/3/2025,23,127.1304749,209
7/4/2025,0,190.70543,185
7/4/2025,1,171.3634862,325
7/4/2025,2,165.0211365,294
7/4/2025,3,136.7734624,289
7/4/2025,4,185.8966435,187
7/4/2025,5,207.250129,134
7/4/2025,6,215.4823387,88
7/4/2025,7,223.2435823,102
7/4/2025,8,252.9486488,89
7/4/2025,9,246.2340783,57
7/4/2025,10,207.4583669,66
7/4/2025,11,170.9969932,84
7/4/2025,12,187.202232,138
7/4/2025,13,162.3098178,140
7/4/2025,14,204.1788109,176
7/4/2025,15,175.2290845,202
7/4/2025,16,207.6736239,238
7/4/2025,17,194.7140423,177
7/4/2025,18,156.1545457,192
7/4/2025,19,213.2046891,111
7/4/2025,20,233.0714698,147
7/4/2025,21,176.3628069,235
7/4/2025,22,200.818989,262
7/4/2025,23,150.6139029,106
7/5/2025,0,173.5770722,130
7/5/2025,1,160.996115,170
7/5/2025,2,157.8891862,182
7/5/2025,3,194.3188634,162
7/5/2025,4,159.9770452,216
7/5/2025,5,150.0440626,72
7/5/2025,6,262.1697329,66
7/5/2025,7,236.0111025,67
7/5/2025,8,319.7382286,62
7/5/2025,9,239.6846,54
7/5/2025,10,191.7891277,81
7/5/2025,11,160.0019745,71
7/5/2025,12,156.6634223,159
7/5/2025,13,192.8642588,182
7/5/2025,14,186.6608295,227
7/5/2025,15,188.7332526,259
7/5/2025,16,242.1670375,179
7/5/2025,17,191.7681967,165
7/5/2025,18,196.4829825,202
7/5/2025,19,172.1880407,225
7/5/2025,20,228.1648643,196
7/5/2025,21,199.9124423,189
7/5/2025,22,232.95393,171
7/5/2025,23,169.7564669,130
7/6/2025,0,251.8454577,204
7/6/2025,1,187.7021043,153
7/6/2025,2,201.6906604,209
7/6/2025,3,220.0780258,168
7/6/2025,4,230.3066313,138
7/6/2025,5,203.3139373,73
7/6/2025,6,288.3403273,69
7/6/2025,7,202.6728735,116
7/6/2025,8,384.1274315,75
7/6/2025,9,180.8049039,77
7/6/2025,10,133.6681831,90
7/6/2025,11,160.2244326,73
7/6/2025,12,215.4580683,129
7/6/2025,13,283.2578428,166
7/6/2025,14,156.3984903,229
7/6/2025,15,168.2572344,208
7/6/2025,16,238.7699517,227
7/6/2025,17,180.7075541,298
7/6/2025,18,201.5203046,317
7/6/2025,19,194.6844303,268
7/6/2025,20,206.684408,219
7/6/2025,21,223.2334804,206
7/6/2025,22,197.6527565,249
7/6/2025,23,176.6044735,211
7/7/2025,0,189.1218258,177
7/7/2025,1,161.8802469,241
7/7/2025,2,166.8358562,229
7/7/2025,3,183.0328959,208
7/7/2025,4,164.7314916,146
7/7/2025,5,92.95595189,144
7/7/2025,6,235.7489565,73
7/7/2025,7,147.2417364,94
7/7/2025,8,238.6373094,80
7/7/2025,9,188.6073014,92
7/7/2025,10,170.0124319,112
7/7/2025,11,146.8573448,134
7/7/2025,12,194.0652852,216
7/7/2025,13,204.0458995,241
7/7/2025,14,194.002053,316
7/7/2025,15,178.8949293,242
7/7/2025,16,241.5886677,290
7/7/2025,17,149.5733882,202
7/7/2025,18,164.1718965,317
7/7/2025,19,183.2678796,308
7/7/2025,20,221.2282991,244
7/7/2025,21,184.2037907,251
7/7/2025,22,188.0532572,316
7/7/2025,23,164.0584009,233
7/8/2025,0,168.5760242,284
7/8/2025,1,174.8366493,250
7/8/2025,2,193.9085879,318
7/8/2025,3,200.8517374,228
7/8/2025,4,211.3945852,168
7/8/2025,5,149.0091939,115
7/8/2025,6,319.4106331,54
7/8/2025,7,210.2775528,93
7/8/2025,8,297.7027368,74
7/8/2025,9,246.676785,88
7/8/2025,10,170.8810099,142
7/8/2025,11,193.1451705,114
7/8/2025,12,163.5334182,231
7/8/2025,13,161.3516568,294
7/8/2025,14,181.8631569,279
7/8/2025,15,157.9900803,262
7/8/2025,16,225.45086,300
7/8/2025,17,157.4559905,349
7/8/2025,18,153.0017001,319
7/8/2025,19,156.5997207,304
7/8/2025,20,199.6203249,307
7/8/2025,21,198.3239827,289
7/8/2025,22,210.911605,262
7/8/2025,23,152.6555534,327
7/9/2025,0,184.6227392,221
7/9/2025,1,192.4979321,292
7/9/2025,2,217.2178111,243
7/9/2025,3,227.6563017,178
7/9/2025,4,175.4338883,339
7/9/2025,5,185.9930481,95
7/9/2025,6,279.1256718,65
7/9/2025,7,166.5759353,109
7/9/2025,8,326.5556215,86
7/9/2025,9,214.1926563,87
7/9/2025,10,211.3996355,111
7/9/2025,11,153.1822836,152
7/9/2025,12,160.7228304,256
7/9/2025,13,170.3347806,363
7/9/2025,14,153.4727139,398
7/9/2025,15,202.0206929,282
7/9/2025,16,208.3878866,261
7/9/2025,17,174.3484443,208
7/9/2025,18,156.9274467,325
7/9/2025,19,180.0985533,267
7/9/2025,20,193.7802764,347
7/9/2025,21,230.3179261,323
7/9/2025,22,212.9913725,252
7/9/2025,23,131.3137924,349
7/10/2025,0,203.8773747,295
7/10/2025,1,182.2168742,327
7/10/2025,2,226.7889613,255
7/10/2025,3,188.4682484,153
7/10/2025,4,214.0918745,158
7/10/2025,5,91.02218203,82
7/10/2025,6,164.2207801,119
7/10/2025,7,172.1939821,118
7/10/2025,8,268.7068151,81
7/10/2025,9,208.1503427,100
7/10/2025,10,201.7342363,142
7/10/2025,11,134.6711293,152
7/10/2025,12,187.820111,245
7/10/2025,13,182.9996332,311
7/10/2025,14,192.9601775,403
7/10/2025,15,195.9358595,355
7/10/2025,16,211.1245127,366
7/10/2025,17,188.7637163,348
7/10/2025,18,215.6050127,297
7/10/2025,19,210.517795,312
7/10/2025,20,205.464162,284
7/10/2025,21,201.6214678,293
7/10/2025,22,242.4602338,348
7/10/2025,23,171.1043006,255
7/11/2025,0,173.4330174,236
7/11/2025,1,166.5712396,266
7/11/2025,2,197.3558215,207
7/11/2025,3,228.2654532,156
7/11/2025,4,262.3840817,115
7/11/2025,5,117.7427737,164
7/11/2025,6,254.0878304,98
7/11/2025,7,242.8901624,79
7/11/2025,8,301.9233168,61
7/11/2025,9,287.7629417,62
7/11/2025,10,185.7944341,128
7/11/2025,11,158.4690481,177
7/11/2025,12,198.5219926,254
7/11/2025,13,160.7027709,391
7/11/2025,14,173.8814237,392
7/11/2025,15,156.9242148,346
7/11/2025,16,164.6802244,320
7/11/2025,17,155.3009245,372
7/11/2025,18,171.2236162,373
7/11/2025,19,161.3950821,302
7/11/2025,20,183.38404,335
7/11/2025,21,186.8530047,274
7/11/2025,22,201.5552453,258
7/11/2025,23,147.0558082,265
7/12/2025,0,186.1389278,254
7/12/2025,1,183.0933656,301
7/12/2025,2,199.8623339,218
7/12/2025,3,186.9299501,193
7/12/2025,4,164.3108905,184
7/12/2025,5,125.5701763,105
7/12/2025,6,272.3671121,82
7/12/2025,7,156.5613753,116
7/12/2025,8,294.0302497,76
7/12/2025,9,156.5485294,80
7/12/2025,10,189.3005589,115
7/12/2025,11,93.3359811,123
7/12/2025,12,216.6294451,155
7/12/2025,13,193.353191,225
7/12/2025,14,236.7288605,219
7/12/2025,15,210.4415625,306
7/12/2025,16,193.4206994,300
7/12/2025,17,179.717196,311
7/12/2025,18,170.2023757,313
7/12/2025,19,230.6141744,259
7/12/2025,20,170.6014741,317
7/12/2025,21,249.1490067,238
7/12/2025,22,205.9855873,208
7/12/2025,23,197.1411427,178
7/13/2025,0,186.6205636,249
7/13/2025,1,190.2978754,273
7/13/2025,2,238.2944746,229
7/13/2025,3,202.266844,168
7/13/2025,4,209.0289391,130
7/13/2025,5,218.8937157,64
7/13/2025,6,198.6581394,117
7/13/2025,7,191.706206,82
7/13/2025,8,247.8709667,99
7/13/2025,9,221.6789764,57
7/13/2025,10,230.2331527,96
7/13/2025,11,118.4097858,68
7/13/2025,12,239.5697321,121
7/13/2025,13,210.3923907,162
7/13/2025,14,183.3601298,240
7/13/2025,15,223.3990481,180
7/13/2025,16,218.6151339,341
7/13/2025,17,212.1490595,190
7/13/2025,18,201.6884253,288
7/13/2025,19,180.4612224,460
7/13/2025,20,176.9064611,279
7/13/2025,21,198.5459089,208
7/13/2025,22,201.8672119,282
7/13/2025,23,168.5151125,260
7/14/2025,0,181.8318596,239
7/14/2025,1,198.6309103,265
7/14/2025,2,217.7298831,188
7/14/2025,3,276.3886379,126
7/14/2025,4,223.5847734,137
7/14/2025,5,103.4953814,95
7/14/2025,6,282.1671355,61
7/14/2025,7,212.3704328,75
7/14/2025,8,271.3194827,84
7/14/2025,9,255.6781755,84
7/14/2025,10,199.1893348,134
7/14/2025,11,152.0123581,155
7/14/2025,12,160.9976631,265
7/14/2025,13,167.817772,356
7/14/2025,14,143.5266919,377
7/14/2025,15,167.6191475,303
7/14/2025,16,175.7545216,425
7/14/2025,17,134.8458649,336
7/14/2025,18,161.6715563,358
7/14/2025,19,160.7143722,317
7/14/2025,20,168.6137895,314
7/14/2025,21,180.3889691,267
7/14/2025,22,205.1836971,316
7/14/2025,23,160.4869394,281
7/15/2025,0,178.379238,304
7/15/2025,1,184.1839345,261
7/15/2025,2,212.2074745,231
7/15/2025,3,156.64428,201
7/15/2025,4,186.3772938,145
7/15/2025,5,141.9577311,63
7/15/2025,6,222.0732222,99
7/15/2025,7,178.9605384,103
7/15/2025,8,263.3991786,92
7/15/2025,9,170.6259115,71
7/15/2025,10,236.25148,123
7/15/2025,11,169.8695622,165
7/15/2025,12,169.4574423,287
7/15/2025,13,195.9805501,362
7/15/2025,14,164.854395,335
7/15/2025,15,182.6854216,375
7/15/2025,16,193.033764,302
7/15/2025,17,161.187233,304
7/15/2025,18,134.4898492,366
7/15/2025,19,178.9983084,290
7/15/2025,20,237.1887171,340
7/15/2025,21,216.334905,334
7/15/2025,22,223.2152435,273
7/15/2025,23,174.6998465,273
7/16/2025,0,229.0982178,317
7/16/2025,1,147.6579001,368
7/16/2025,2,209.8898348,271
7/16/2025,3,218.3565483,211
7/16/2025,4,135.9391982,153
7/16/2025,5,195.9246574,88
7/16/2025,6,228.1509566,84
7/16/2025,7,167.9455402,121
7/16/2025,8,279.9336747,76
7/16/2025,9,192.6359898,81
7/16/2025,10,151.8817039,145
7/16/2025,11,157.3982825,191
7/16/2025,12,157.0228058,198
7/16/2025,13,202.9651046,385
7/16/2025,14,187.2598225,334
7/16/2025,15,204.073813,365
7/16/2025,16,154.924599,361
7/16/2025,17,129.5613577,295
7/16/2025,18,195.3343618,284
7/16/2025,19,182.0688047,308
7/16/2025,20,161.0898292,329
7/16/2025,21,207.2851673,228
7/16/2025,22,186.5762937,286
7/16/2025,23,167.3684419,300
7/17/2025,0,163.0556178,324
7/17/2025,1,158.6297372,324
7/17/2025,2,190.1352105,228
7/17/2025,3,158.6462482,190
7/17/2025,4,153.7242052,158
7/17/2025,5,190.1072188,54
7/17/2025,6,206.6627723,86
7/17/2025,7,226.8358986,91
7/17/2025,8,284.8868413,86
7/17/2025,9,172.0925012,83
7/17/2025,10,186.8882238,124
7/17/2025,11,150.2551923,154
7/17/2025,12,157.2136585,292
7/17/2025,13,153.2493171,393
7/17/2025,14,156.3962606,382
7/17/2025,15,191.0583661,252
7/17/2025,16,184.4498168,295
7/17/2025,17,167.5337005,258
7/17/2025,18,186.220946,365
7/17/2025,19,138.5100323,365
7/17/2025,20,178.380091,302
7/17/2025,21,172.3097967,286
7/17/2025,22,205.4539279,319
7/17/2025,23,144.4396993,307
7/18/2025,0,182.0328243,292
7/18/2025,1,181.036151,285
7/18/2025,2,192.0723941,253
7/18/2025,3,161.5596851,185
7/18/2025,4,185.9387305,140
7/18/2025,5,138.7007019,72
7/18/2025,6,229.4806489,109
7/18/2025,7,150.7739233,105
7/18/2025,8,285.4523693,96
7/18/2025,9,236.2542264,71
7/18/2025,10,199.711532,136
7/18/2025,11,149.3386717,167
7/18/2025,12,158.1657573,265
7/18/2025,13,133.44033,284
7/18/2025,14,164.8406792,416
7/18/2025,15,177.7877936,464
7/18/2025,16,181.8478855,330
7/18/2025,17,169.2883403,334
7/18/2025,18,159.3107147,380
7/18/2025,19,160.9755558,353
7/18/2025,20,215.413537,287
7/18/2025,21,206.6113253,222
7/18/2025,22,179.3285471,259
7/18/2025,23,168.9901537,199
7/19/2025,0,146.786511,311
7/19/2025,1,182.9805457,236
7/19/2025,2,147.8535154,316
7/19/2025,3,182.8232551,219
7/19/2025,4,190.9927991,194
7/19/2025,5,195.4590882,79
7/19/2025,6,186.3610289,110
7/19/2025,7,223.997552,80
7/19/2025,8,267.7146124,110
7/19/2025,9,230.9710717,69
7/19/2025,10,256.1835833,63
7/19/2025,11,155.5860494,95
7/19/2025,12,181.610178,154
7/19/2025,13,144.5638033,186
7/19/2025,14,186.3661659,298
7/19/2025,15,217.8904786,219
7/19/2025,16,224.5579802,255
7/19/2025,17,193.1804611,291
7/19/2025,18,165.7188162,236
7/19/2025,19,189.3785022,300
7/19/2025,20,183.6444047,210
7/19/2025,21,182.287628,280
7/19/2025,22,195.3861145,312
7/19/2025,23,168.8910907,270
7/20/2025,0,190.9766666,179
7/20/2025,1,185.3448777,266
7/20/2025,2,223.2369432,182
7/20/2025,3,173.119866,165
7/20/2025,4,229.3883982,137
7/20/2025,5,147.1233313,77
7/20/2025,6,242.6939011,87
7/20/2025,7,190.1179901,82
7/20/2025,8,273.8456605,98
7/20/2025,9,226.2338,43
7/20/2025,10,236.7124758,61
7/20/2025,11,207.0614558,90
7/20/2025,12,188.9597319,139
7/20/2025,13,180.9148009,122
7/20/2025,14,202.8332403,218
7/20/2025,15,189.0380676,197
7/20/2025,16,221.6216239,274
7/20/2025,17,193.1497401,202
7/20/2025,18,178.5133285,197
7/20/2025,19,193.4221123,290
7/20/2025,20,199.0080551,252
7/20/2025,21,209.3375248,251
7/20/2025,22,227.0508719,282
7/20/2025,23,226.6080535,238
7/21/2025,0,185.7933592,175
7/21/2025,1,172.4954434,325
7/21/2025,2,189.7989425,224
7/21/2025,3,218.2298556,171
7/21/2025,4,185.7418832,153
7/21/2025,5,195.8450258,139
7/21/2025,6,238.3321558,91
7/21/2025,7,262.7233127,100
7/21/2025,8,277.1199782,77
7/21/2025,9,136.9804395,109
7/21/2025,10,212.4386722,124
7/21/2025,11,150.5401884,188
7/21/2025,12,167.7202273,302
7/21/2025,13,146.1227931,368
7/21/2025,14,163.147031,263
7/21/2025,15,192.2185535,261
7/21/2025,16,176.8083406,295
7/21/2025,17,131.117022,294
7/21/2025,18,150.6054691,328
7/21/2025,19,166.5660633,382
7/21/2025,20,172.6361629,337
7/21/2025,21,211.3976326,299
7/21/2025,22,198.0577881,316
7/21/2025,23,157.875624,313
7/22/2025,0,180.3027941,278
7/22/2025,1,157.3761162,288
7/22/2025,2,213.8389957,199
7/22/2025,3,137.4140507,192
7/22/2025,4,212.9207612,129
7/22/2025,5,136.0042602,90
7/22/2025,6,239.3208752,69
7/22/2025,7,176.076117,91
7/22/2025,8,240.4597454,104
7/22/2025,9,193.9409195,65
7/22/2025,10,204.3970929,136
7/22/2025,11,149.6922752,172
7/22/2025,12,175.0731489,224
7/22/2025,13,164.983154,316
7/22/2025,14,190.050849,378
7/22/2025,15,154.9907915,339
7/22/2025,16,165.218596,398
7/22/2025,17,121.7034581,360
7/22/2025,18,151.9061948,423
7/22/2025,19,133.967614,353
7/22/2025,20,175.2487842,293
7/22/2025,21,153.3393707,248
7/22/2025,22,177.0216273,378
7/22/2025,23,159.0344356,293
7/23/2025,0,214.5705757,350
7/23/2025,1,167.9489937,302
7/23/2025,2,180.6371807,270
7/23/2025,3,149.0658437,208
7/23/2025,4,179.2626287,169
7/23/2025,5,165.3044191,57
7/23/2025,6,198.0327326,90
7/23/2025,7,214.3303023,139
7/23/2025,8,382.8664556,82
7/23/2025,9,163.1990055,91
7/23/2025,10,210.0151605,128
7/23/2025,11,152.7608571,181
7/23/2025,12,172.3564663,251
7/23/2025,13,165.2770465,329
7/23/2025,14,182.2885166,411
7/23/2025,15,157.4715015,326
7/23/2025,16,190.8836557,303
7/23/2025,17,200.1359195,285
7/23/2025,18,149.9878107,365
7/23/2025,19,152.9079861,339
7/23/2025,20,151.2230055,304
7/23/2025,21,175.8018908,286
7/23/2025,22,198.1620956,322
7/23/2025,23,151.9078065,223
7/24/2025,0,180.1175974,198
7/24/2025,1,175.4932468,370
7/24/2025,2,224.1032556,223
7/24/2025,3,191.2970664,267
7/24/2025,4,214.1353516,121
7/24/2025,5,187.0700804,129
7/24/2025,6,259.5538194,67
7/24/2025,7,174.0937609,110
7/24/2025,8,245.025696,91
7/24/2025,9,167.754743,65
7/24/2025,10,222.7091802,137
7/24/2025,11,162.7437112,139
7/24/2025,12,153.5869049,249
7/24/2025,13,170.2988069,379
7/24/2025,14,182.5518871,329
7/24/2025,15,158.3017508,306
7/24/2025,16,187.9468191,302
7/24/2025,17,146.9211104,267
7/24/2025,18,173.8270772,315
7/24/2025,19,185.9813688,282
7/24/2025,20,203.4097866,256
7/24/2025,21,186.7129955,279
7/24/2025,22,163.2053509,297
7/24/2025,23,134.6065272,229
7/25/2025,0,187.0427199,195
7/25/2025,1,138.0447382,257
7/25/2025,2,201.6627366,237
7/25/2025,3,202.5833826,174
7/25/2025,4,139.9360726,220
7/25/2025,5,136.9639544,83
7/25/2025,6,260.9551898,76
7/25/2025,7,269.3467061,84
7/25/2025,8,192.0622569,133
7/25/2025,9,151.935879,157
7/25/2025,10,163.3817329,174
7/25/2025,11,126.8479684,208
7/25/2025,12,160.3836165,238
7/25/2025,13,187.3956486,266
7/25/2025,14,169.3287975,287
7/25/2025,15,195.8864297,306
7/25/2025,16,217.0912439,253
7/25/2025,17,168.8860858,265
7/25/2025,18,163.4293406,360
7/25/2025,19,222.2878881,392
7/25/2025,20,222.5106158,292
7/25/2025,21,180.0975032,240
7/25/2025,22,205.1209856,220
7/25/2025,23,158.1370551,282
7/26/2025,0,186.3094918,241
7/26/2025,1,157.8737027,245
7/26/2025,2,194.0202733,197
7/26/2025,3,223.6998304,140
7/26/2025,4,220.9982011,128
7/26/2025,5,88.46630703,179
7/26/2025,6,302.173191,62
7/26/2025,7,211.3186958,74
7/26/2025,8,254.6033653,74
7/26/2025,9,146.0533956,75
7/26/2025,10,228.356816,93
7/26/2025,11,149.523231,87
7/26/2025,12,172.0070756,141
7/26/2025,13,175.8223768,213
7/26/2025,14,225.7458539,278
7/26/2025,15,259.4413406,273
7/26/2025,16,219.8296581,232
7/26/2025,17,208.2135199,222
7/26/2025,18,195.8331333,230
7/26/2025,19,209.0013645,277
7/26/2025,20,196.422785,250
7/26/2025,21,267.1604673,181
7/26/2025,22,206.3674928,196
7/26/2025,23,209.6602151,225
7/27/2025,0,169.1533209,210
7/27/2025,1,166.7234453,278
7/27/2025,2,159.9501004,257
7/27/2025,3,162.4689398,229
7/27/2025,4,189.7978926,175
7/27/2025,5,232.9766701,60
7/27/2025,6,277.6445519,72
7/27/2025,7,161.7110953,122
7/27/2025,8,280.4497132,81
7/27/2025,9,237.2330912,38
7/27/2025,10,191.4089095,86
7/27/2025,11,185.268662,69
7/27/2025,12,173.0876398,123
7/27/2025,13,193.490699,188
7/27/2025,14,199.7063562,220
7/27/2025,15,173.2000649,200
7/27/2025,16,207.6838195,234
7/27/2025,17,225.7518626,223
7/27/2025,18,170.6841218,345
7/27/2025,19,223.4070463,228
7/27/2025,20,170.8253186,255
7/27/2025,21,229.1255676,267
7/27/2025,22,192.5873998,315
7/27/2025,23,150.2670255,247
7/28/2025,0,159.1441206,311
7/28/2025,1,166.0838528,348
7/28/2025,2,208.5624941,244
7/28/2025,3,189.4917901,135
7/28/2025,4,263.2634916,140
7/28/2025,5,124.3374211,76
7/28/2025,6,215.6841946,96
7/28/2025,7,165.529481,113
7/28/2025,8,213.6612949,82
7/28/2025,9,121.2059453,104
7/28/2025,10,204.2288669,124
7/28/2025,11,146.7583294,129
7/28/2025,12,126.3642211,310
7/28/2025,13,169.6596143,351
7/28/2025,14,232.5893261,310
7/28/2025,15,243.5934001,344
7/28/2025,16,216.4249371,344
7/28/2025,17,184.7069934,279
7/28/2025,18,171.7194433,300
7/28/2025,19,189.1294061,402
7/28/2025,20,185.0922377,401
7/28/2025,21,200.7422086,302
7/28/2025,22,172.8111,290
7/28/2025,23,154.4341843,236
7/29/2025,0,180.8755307,339
7/29/2025,1,158.1019233,277
7/29/2025,2,169.3613037,244
7/29/2025,3,178.0622299,194
7/29/2025,4,188.2492699,158
7/29/2025,5,158.2056566,69
7/29/2025,6,244.5098909,89
7/29/2025,7,158.7632431,105
7/29/2025,8,190.3989907,123
7/29/2025,9,145.5779676,101
7/29/2025,10,192.6227041,111
7/29/2025,11,127.083169,162
7/29/2025,12,164.3062695,280
7/29/2025,13,174.2747894,226
7/29/2025,14,184.5843947,356
7/29/2025,15,155.5104713,362
7/29/2025,16,235.0960814,306
7/29/2025,17,189.1675906,266
7/29/2025,18,174.847525,254
7/29/2025,19,205.3659691,386
7/29/2025,20,175.9271086,388
7/29/2025,21,190.6982555,309
7/29/2025,22,195.3031417,312
7/29/2025,23,168.3995403,272
7/30/2025,0,137.7297909,279
7/30/2025,1,187.369528,353
7/30/2025,2,178.1028947,275
7/30/2025,3,182.5113099,194
7/30/2025,4,278.0223609,129
7/30/2025,5,125.2747329,90
7/30/2025,6,249.9044076,99
7/30/2025,7,227.3736761,98
7/30/2025,8,277.561237,79
7/30/2025,9,155.7240567,102
7/30/2025,10,211.3213342,109
7/30/2025,11,141.9303595,140
7/30/2025,12,143.0571581,254
7/30/2025,13,150.0120502,349
7/30/2025,14,160.6834671,378
7/30/2025,15,211.0261079,306
7/30/2025,16,215.9930002,252
7/30/2025,17,167.3241256,343
7/30/2025,18,181.6477369,344
7/30/2025,19,200.8006194,415
7/30/2025,20,155.961339,444
7/30/2025,21,173.1673343,318
7/30/2025,22,177.2405125,363
7/30/2025,23,133.0126632,267
7/31/2025,0,141.9479214,284
7/31/2025,1,166.1639769,328
7/31/2025,2,201.0240092,223
7/31/2025,3,173.8479261,180
7/31/2025,4,199.2709073,169
7/31/2025,5,186.6233507,86
7/31/2025,6,186.4713791,105
7/31/2025,7,189.680406,113
7/31/2025,8,245.0282108,84
7/31/2025,9,161.2396089,115
7/31/2025,10,171.8555245,135
7/31/2025,11,144.784587,138
7/31/2025,12,180.196629,243
7/31/2025,13,184.4945561,301
7/31/2025,14,176.2733928,356
7/31/2025,15,165.3086902,312
7/31/2025,16,137.7072365,372
7/31/2025,17,138.0056757,286
7/31/2025,18,171.4448772,311
7/31/2025,19,192.5922946,350
,,,
,,,
,,,
,,,
,,,
,,,
,,,
,,,
,,,
,,,
,,,
,,,
,,,
,,,
,,,
,,,
,,,
,,,
,,,
,,,
,,,
,,,
,,,
,,,
,,,
,,,
,,,
,,,
