DateTime,Temperature,Dew Point,Relative Humidity,One Hour Precipitation,Heat Index,Wind Chill,Wind Speed,Gust,Direction,Visibility
7/31/2022 20:52,21.7,21.1,96.4,76.2,NaN,,0,,0,9
7/31/2022 21:52,21.7,21.1,96.4,0,NaN,,6,,170,7
7/31/2022 22:52,21.7,21.1,96.4,0,NaN,,6,,220,7
7/31/2022 23:52,21.7,20.6,93.48,0,NaN,,6,,240,8
8/1/2022 00:52,21.7,20.6,93.48,0,NaN,,0,,0,9
8/1/2022 01:52,21.7,20.6,93.48,0,NaN,,0,,0,10
8/1/2022 02:52,21.7,21.1,96.4,0,NaN,,0,,0,6
8/1/2022 03:52,21.7,21.1,96.4,0,NaN,,0,,0,8
8/1/2022 04:52,21.7,20.6,93.48,0,NaN,,13,,300,10
8/1/2022 05:52,21.7,20,90.09,0,NaN,,9,,320,10
8/1/2022 06:52,21.7,19.39,86.8,0,NaN,,15,,320,10
8/1/2022 07:52,22.2,18.89,81.62,0,NaN,,11,,360,10
8/1/2022 08:52,23.3,18.89,76.36,0,NaN,,0,,0,10
8/1/2022 09:52,24.4,19.39,73.74,0,NaN,,6,,0,10
8/1/2022 10:52,25,19.4,71.15,0,NaN,,19,28,290,10
8/1/2022 11:52,26.1,18.9,64.62,0,NaN,,17,,310,10
8/1/2022 12:52,27.8,18.92,58.49,0,29.01,,7,,0,10
8/1/2022 13:52,28.9,19.43,56.61,0,30.38,,11,,280,10
8/1/2022 14:52,30,20.04,55.15,0,31.91,,11,,280,10
8/1/2022 15:52,29.4,20.03,57.09,0,31.24,,9,,0,10
8/1/2022 16:52,30,21.13,59.02,0,32.64,,9,,0,10
8/1/2022 17:52,29.4,20.63,59.24,0,31.6,,7,,200,10
8/1/2022 18:52,28.9,20.62,60.97,0,31.01,,9,,230,10
8/1/2022 19:52,27.8,21.11,67.01,0,29.93,,7,,160,10
8/1/2022 20:52,26.7,22.21,76.43,0,28.82,,7,,170,10
8/1/2022 21:52,25.6,22.2,81.55,0,NaN,,9,,160,10
8/1/2022 22:52,25.6,22.8,84.57,2.54,NaN,,7,,180,10
8/1/2022 23:52,22.8,21.7,93.54,50.8,NaN,,0,,0,10
8/2/2022 00:52,22.2,21.1,93.51,0,NaN,,0,,0,10
8/2/2022 01:52,21.7,21.1,96.4,0,NaN,,0,,0,10
8/2/2022 02:52,21.1,20.6,96.98,0,NaN,,7,,150,10
8/2/2022 03:52,22.8,22.2,96.43,0,NaN,,6,,170,10
8/2/2022 04:52,22.8,22.2,96.43,0,NaN,,0,,0,7
8/2/2022 05:52,22.8,22.2,96.43,76.2,NaN,,0,,0,7
8/2/2022 06:52,22.8,21.7,93.54,0,NaN,,6,,310,10
8/2/2022 07:52,24.4,21.7,84.96,0,NaN,,6,,240,10
8/2/2022 08:52,26.7,21.71,74.14,0,28.65,,0,,0,10
8/2/2022 09:52,28.9,21.72,65.22,0,31.69,,17,,290,10
8/2/2022 10:52,29.4,21.13,61.09,0,31.92,,22,30,290,10
8/2/2022 11:52,30,20.63,57.23,0,32.3,,11,,0,10
8/2/2022 12:52,31.7,20.65,51.95,0,34.27,,13,,250,10
8/2/2022 15:52,32.8,18.98,43.95,0,34.34,,15,,310,10
8/2/2022 16:52,32.2,18.97,45.46,0,33.67,,17,28,270,10
8/2/2022 17:52,32.2,18.37,43.79,0,33.31,,17,,280,10
8/2/2022 18:52,31.7,17.87,43.65,0,32.5,,20,,280,10
8/2/2022 19:52,29.4,18.34,51.36,0,30.38,,13,,280,10
8/2/2022 20:52,27.2,18.91,60.58,0,28.38,,11,,300,10
8/2/2022 21:52,27.2,18.91,60.58,0,28.38,,13,,320,10
8/2/2022 22:52,27.2,18.31,58.35,0,28.21,,13,,340,10
8/2/2022 23:52,23.9,18.89,73.66,0,NaN,,6,,260,10
8/3/2022 00:52,23.9,18.89,73.66,0,NaN,,7,,280,10
8/3/2022 01:52,23.9,18.89,73.66,0,NaN,,11,,310,10
8/3/2022 02:52,23.9,18.89,73.66,0,NaN,,6,,340,10
8/3/2022 03:52,23.9,18.29,70.95,0,NaN,,11,,330,10
8/3/2022 04:52,20.6,18.29,86.69,0,NaN,,0,,0,10
8/3/2022 05:52,20,18.29,89.96,0,NaN,,6,,210,10
8/3/2022 06:52,21.1,18.89,87.29,0,NaN,,7,,290,10
8/3/2022 07:52,25.6,19.4,68.66,0,NaN,,9,,0,10
8/3/2022 08:52,27.2,19.41,62.49,0,28.54,,9,,330,10
8/3/2022 09:52,27.8,18.32,56.34,0,28.8,,7,,170,10
8/3/2022 10:52,28.9,17.83,51.23,0,29.68,,9,,130,10
8/3/2022 11:52,30.6,18.35,47.95,0,31.61,,9,,0,10
8/3/2022 12:52,31.1,18.36,46.6,0,32.13,,6,,0,10
8/3/2022 13:52,30.6,18.35,47.95,0,31.61,,6,,0,10
8/3/2022 14:52,31.7,19.46,48.24,0,33.43,,9,,180,10
8/3/2022 15:52,32.8,18.38,42.34,0,33.97,,11,28,200,10
8/3/2022 16:52,31.1,18.95,48.38,0,32.47,,11,,220,10
8/3/2022 17:52,32.2,19.47,46.9,0,33.99,,13,,170,10
8/3/2022 18:52,31.1,19.45,49.91,0,32.77,,9,,230,10
8/3/2022 19:52,28.9,20.03,58.76,0,30.68,,11,,210,10
8/3/2022 20:52,27.2,20.01,64.86,0,28.74,,9,,190,10
8/3/2022 21:52,25,20,73.85,0,NaN,,6,,160,10
8/3/2022 22:52,23.9,20.6,81.83,0,NaN,,6,,170,10
8/3/2022 23:52,25.6,20,71.26,0,NaN,,9,,160,10
8/4/2022 00:52,25,20,73.85,0,NaN,,6,,180,10
8/4/2022 01:52,23.3,19.99,81.76,0,NaN,,6,,220,10
8/4/2022 02:52,23.9,20.6,81.83,0,NaN,,7,,180,10
8/4/2022 03:52,23.3,20.6,84.84,0,NaN,,7,,180,10
8/4/2022 04:52,22.8,20.6,87.44,0,NaN,,13,,200,10
8/4/2022 05:52,22.8,20.6,87.44,0,NaN,,0,,0,10
8/4/2022 06:52,22.8,20.6,87.44,0,NaN,,0,,0,10
8/4/2022 07:52,26.1,21.7,76.8,0,NaN,,0,,0,10
8/4/2022 08:52,27.2,22.21,74.22,0,29.6,,0,,0,10
8/4/2022 09:52,29.4,22.82,67.75,0,33.16,,6,,240,10
8/4/2022 10:52,31.7,22.25,57.29,0,35.63,,0,,0,10
8/4/2022 11:52,32.2,22.85,57.76,0,36.86,,9,,150,10
8/4/2022 12:52,33.9,22.28,50.64,0,38.39,,9,,200,10
8/4/2022 13:52,35,20.71,43.21,0,38.23,,9,,0,10
8/4/2022 14:52,35,21.8,46.22,0,39.26,,0,,0,10
8/4/2022 15:52,35,20.71,43.21,0,38.23,,19,,220,10
8/4/2022 16:52,33.9,22.88,52.52,0,39.04,,15,,230,10
8/4/2022 17:52,31.1,21.15,55.43,0,33.95,,26,41,330,10
8/4/2022 18:52,27.8,18.92,58.49,0,29.01,,11,,30,10
8/4/2022 19:52,27.2,20.01,64.86,0,28.74,,11,,50,10
8/4/2022 20:52,23.3,21.1,87.49,660.4,NaN,,17,35,100,1.5
8/4/2022 21:52,22.2,21.1,93.51,558.8,NaN,,17,,30,6
8/4/2022 22:52,22.2,21.1,93.51,381,NaN,,13,,80,7
8/4/2022 23:52,22.8,21.1,90.17,152.4,NaN,,9,,180,10
8/5/2022 00:52,22.2,21.7,97,50.8,NaN,,6,,120,10
8/5/2022 01:52,22.2,21.7,97,50.8,NaN,,9,,180,10
8/5/2022 02:52,22.2,21.1,93.51,0,NaN,,19,,290,10
8/5/2022 03:52,21.7,21.1,96.4,0,NaN,,6,,180,10
8/5/2022 04:52,21.7,21.1,96.4,0,NaN,,7,,150,10
8/5/2022 05:52,21.7,21.1,96.4,2.54,NaN,,0,,0,10
8/5/2022 06:52,21.7,21.1,96.4,0,NaN,,0,,0,10
8/5/2022 07:52,22.8,21.7,93.54,0,NaN,,6,,140,10
8/5/2022 08:52,25,21.7,81.97,0,NaN,,7,,210,10
8/5/2022 09:52,25.6,22.8,84.57,0,NaN,,0,,0,10
8/5/2022 10:52,28.3,23.31,74.41,0,31.94,,0,,0,10
8/5/2022 11:52,29.4,23.32,69.82,0,33.58,,0,,0,10
8/5/2022 12:52,31.7,22.85,59.42,0,36.22,,7,,330,10
8/5/2022 13:52,31.7,21.75,55.58,0,35.18,,0,,0,10
8/5/2022 14:52,32.2,22.26,55.7,0,36.26,,0,,0,10
8/5/2022 15:52,32.2,22.26,55.7,0,36.26,,0,,0,10
8/5/2022 16:52,27.2,20.61,67.3,0,28.95,,24,48,210,10
8/5/2022 17:52,26.7,21.11,71.47,0,28.46,,15,,100,10
8/5/2022 18:52,26.7,21.71,74.14,0,28.65,,9,,220,10
8/5/2022 19:52,25,21.7,81.97,2.54,NaN,,13,,200,10
8/5/2022 20:52,24.4,21.7,84.96,0,NaN,,11,,190,10
8/5/2022 21:52,23.9,21.7,87.54,0,NaN,,13,,160,10
8/5/2022 22:52,23.9,21.7,87.54,0,NaN,,9,,0,10
8/5/2022 23:52,22.8,21.7,93.54,0,NaN,,7,,220,10
8/6/2022 00:52,22.8,21.1,90.17,0,NaN,,9,,220,10
8/6/2022 01:52,22.2,21.1,93.51,0,NaN,,6,,170,10
8/6/2022 02:52,22.2,21.1,93.51,0,NaN,,6,,120,10
8/6/2022 03:52,22.2,21.1,93.51,0,NaN,,0,,0,10
8/6/2022 04:52,21.7,20.6,93.48,0,NaN,,0,,0,10
8/6/2022 05:52,21.1,20.6,96.98,0,NaN,,6,,160,10
8/6/2022 06:52,21.7,21.1,96.4,0,NaN,,6,,170,6
8/6/2022 07:52,22.2,21.1,93.51,0,NaN,,11,,180,10
8/6/2022 08:52,23.3,21.7,90.75,0,NaN,,11,,200,10
8/6/2022 09:52,24.4,21.7,84.96,0,NaN,,7,,0,10
8/6/2022 10:52,27.2,21.71,72,0,29.39,,11,,210,10
8/6/2022 11:52,28.3,22.21,69.61,0,31.2,,15,,190,10
8/6/2022 12:52,29.4,22.22,65.33,0,32.69,,19,,200,10
8/6/2022 13:52,30.6,22.83,63.25,0,34.78,,15,,190,10
8/6/2022 14:52,31.7,23.34,61.24,0,36.74,,17,,180,10
8/6/2022 15:52,31.1,22.84,61.47,0,35.44,,13,28,200,10
8/6/2022 16:52,31.7,22.25,57.29,0,35.63,,13,,200,10
8/6/2022 17:52,30.6,22.24,60.99,0,34.24,,17,,200,10
8/6/2022 18:52,29.4,23.32,69.82,0,33.58,,13,,190,10
8/6/2022 19:52,28.3,23.31,74.41,0,31.94,,13,,190,10
8/6/2022 20:52,27.8,21.11,67.01,0,29.93,,20,41,190,10
8/6/2022 21:52,26.1,19.4,66.66,0,NaN,,13,,190,10
8/6/2022 22:52,25,19.4,71.15,0,NaN,,13,,180,10
8/6/2022 23:52,24.4,20,76.54,0,NaN,,11,,180,10
8/7/2022 00:52,23.9,19.99,78.86,0,NaN,,9,,170,10
8/7/2022 01:52,23.9,20.6,81.83,0,NaN,,11,,170,10
8/7/2022 02:52,23.3,20.6,84.84,0,NaN,,9,,190,10
8/7/2022 03:52,23.3,20.6,84.84,0,NaN,,9,,190,10
8/7/2022 04:52,22.8,20.6,87.44,0,NaN,,6,,210,10
8/7/2022 05:52,22.8,20.6,87.44,0,NaN,,7,,210,10
8/7/2022 06:52,22.8,21.1,90.17,0,NaN,,13,,180,10
8/7/2022 07:52,23.3,21.1,87.49,0,NaN,,11,,190,10
8/7/2022 08:52,25,21.7,81.97,0,NaN,,13,,200,10
8/7/2022 09:52,27.8,22.81,74.32,0,30.83,,13,,210,10
8/7/2022 10:52,29.4,23.32,69.82,0,33.58,,13,,220,10
8/7/2022 11:52,31.1,23.34,63.36,0,35.94,,15,,200,10
8/7/2022 12:52,31.7,23.34,61.24,0,36.74,,19,,180,10
8/7/2022 13:52,32.2,23.35,59.53,0,37.4,,17,,220,10
8/7/2022 14:52,32.2,23.35,59.53,0,37.4,,15,,190,10
8/7/2022 15:52,33.3,22.87,54.31,0,38.27,,20,33,200,10
8/7/2022 16:52,32.2,22.85,57.76,0,36.86,,19,,210,10
8/7/2022 17:52,31.7,22.25,57.29,0,35.63,,19,,210,10
8/7/2022 18:52,31.1,22.24,59.28,0,34.88,,15,,200,10
8/7/2022 19:52,29.4,22.22,65.33,0,32.69,,13,,200,10
8/7/2022 20:52,28.3,22.81,72.19,0,31.59,,9,,170,10
8/7/2022 21:52,27.8,22.81,74.32,0,30.83,,11,,170,10
8/7/2022 22:52,27.2,22.21,74.22,0,29.6,,13,,180,10
8/7/2022 23:52,26.7,22.21,76.43,0,28.82,,9,,180,10
8/8/2022 00:52,25.6,21.7,79.1,0,NaN,,9,,170,10
8/8/2022 01:52,25.6,21.7,79.1,0,NaN,,11,,170,10
8/8/2022 02:52,25,22.2,84.51,0,NaN,,9,,200,10
8/8/2022 03:52,25,22.8,87.64,0,NaN,,11,,190,10
8/8/2022 04:52,24.4,22.8,90.83,0,NaN,,7,,210,10
8/8/2022 05:52,23.9,22.8,93.59,0,NaN,,6,,200,10
8/8/2022 06:52,24.4,22.8,90.83,0,NaN,,9,,180,10
8/8/2022 07:52,25.6,23.3,87.16,0,NaN,,9,,210,10
8/8/2022 08:52,27.2,23.31,79.33,0,30.12,,7,,190,10
8/8/2022 09:52,28.9,23.92,74.51,0,33.35,,6,,280,10
8/8/2022 10:52,31.1,24.43,67.68,0,37.17,,6,,0,10
8/8/2022 11:52,31.1,22.84,61.47,0,35.44,,6,,280,10
8/8/2022 12:52,32.2,23.35,59.53,2.54,37.4,,7,,300,10
8/8/2022 13:52,32.8,22.86,55.85,0,37.63,,13,,220,10
8/8/2022 14:52,33.9,22.88,52.52,0,39.04,,11,,200,10
8/8/2022 15:52,33.9,22.28,50.64,0,38.39,,13,,210,10
8/8/2022 16:52,33.3,22.27,52.37,0,37.64,,9,,220,10
8/8/2022 17:52,30.6,22.24,60.99,0,34.24,,9,,190,10
8/8/2022 18:52,29.4,23.32,69.82,0,33.58,,13,,200,10
8/8/2022 19:52,28.3,22.81,72.19,0,31.59,,7,,190,10
8/8/2022 20:52,26.7,22.8,79.26,0,29.03,,0,,0,10
8/8/2022 21:52,26.1,23.3,84.63,0,NaN,,7,,200,10
8/8/2022 22:52,26.1,22.8,82.11,0,NaN,,9,,190,10
8/8/2022 23:52,26.1,22.8,82.11,0,NaN,,9,,200,10
8/9/2022 00:52,26.1,22.2,79.18,0,NaN,,7,,210,10
8/9/2022 01:52,25.6,22.2,81.55,0,NaN,,6,,180,10
8/9/2022 02:52,25,22.2,84.51,0,NaN,,11,,180,10
8/9/2022 03:52,25,22.2,84.51,0,NaN,,13,,200,10
8/9/2022 04:52,23.9,22.2,90.25,0,NaN,,6,,180,10
8/9/2022 05:52,23.9,22.2,90.25,0,NaN,,6,,180,10
8/9/2022 06:52,23.9,22.2,90.25,0,NaN,,7,,190,10
8/9/2022 07:52,25.6,22.8,84.57,0,NaN,,13,,190,10
8/9/2022 08:52,27.8,22.81,74.32,0,30.83,,13,,190,10
8/9/2022 09:52,30,22.83,65.45,0,33.98,,9,,200,10
8/9/2022 10:52,31.7,22.85,59.42,0,36.22,,11,,240,10
8/9/2022 11:52,33.3,23.37,55.97,0,38.84,,13,,210,10
8/9/2022 12:52,33.3,21.78,50.8,0,37.15,,11,,220,10
8/9/2022 13:52,34.4,22.29,49.25,0,39.02,,6,,0,10
8/9/2022 14:52,33.9,22.88,52.52,0,39.04,,19,28,220,10
8/9/2022 15:52,35,22.89,49.41,0,40.45,,15,,230,10
8/9/2022 16:52,34.4,22.29,49.25,0,39.02,,17,,210,10
8/9/2022 17:52,34.4,22.29,49.25,0,39.02,,15,,210,10
8/9/2022 18:52,32.8,22.26,53.85,0,37.01,,17,,220,10
8/9/2022 19:52,29.4,20.03,57.09,0,31.24,,44,61,300,10
8/9/2022 20:52,24.4,22.8,90.83,152.4,NaN,,0,,0,10
8/9/2022 21:52,25,22.8,87.64,0,NaN,,6,,90,10
8/9/2022 22:52,24.4,22.8,90.83,0,NaN,,0,,0,10
8/9/2022 23:52,24.4,22.8,90.83,0,NaN,,6,,220,10
8/10/2022 00:52,25,22.8,87.64,0,NaN,,7,,340,10
8/10/2022 01:52,24.4,22.2,87.58,0,NaN,,9,,340,10
8/10/2022 02:52,24.4,22.8,90.83,0,NaN,,7,,310,10
8/10/2022 03:52,23.3,22.2,93.56,0,NaN,,6,,310,10
8/10/2022 04:52,22.8,21.7,93.54,0,NaN,,0,,0,10
8/10/2022 05:52,22.8,21.7,93.54,0,NaN,,0,,0,10
8/10/2022 06:52,23.3,22.2,93.56,0,NaN,,7,,310,10
8/10/2022 07:52,25.6,22.8,84.57,0,NaN,,7,,320,10
8/10/2022 08:52,27.8,23.31,76.6,0,31.13,,0,,0,10
8/10/2022 09:52,30,23.33,67.46,0,34.44,,6,,0,10
8/10/2022 10:52,31.1,22.24,59.28,0,34.88,,0,,0,10
8/10/2022 11:52,31.7,22.25,57.29,0,35.63,,7,,0,10
8/10/2022 12:52,33.3,22.87,54.31,0,38.27,,7,,0,10
8/10/2022 13:52,33.3,22.87,54.31,0,38.27,,6,,0,10
8/10/2022 14:52,32.8,22.26,53.85,0,37.01,,7,,190,10
8/10/2022 15:52,26.7,21.71,74.14,381,28.65,,22,,20,9
8/10/2022 16:52,22.2,20.6,90.68,1600.2,NaN,,11,39,300,2
8/10/2022 17:52,22.8,21.7,93.54,50.8,NaN,,6,,160,10
8/10/2022 18:52,22.8,21.7,93.54,127,NaN,,9,,190,5
8/10/2022 19:52,22.8,21.7,93.54,177.8,NaN,,7,,190,10
8/10/2022 20:52,22.2,21.7,97,50.8,NaN,,0,,0,10
8/10/2022 21:52,22.8,21.7,93.54,2.54,NaN,,7,,0,10
8/10/2022 22:52,22.2,21.7,97,0,NaN,,11,,200,10
8/10/2022 23:52,22.2,21.1,93.51,2.54,NaN,,9,,210,10
8/11/2022 00:52,22.2,21.1,93.51,50.8,NaN,,11,,210,10
8/11/2022 01:52,21.7,21.1,96.4,0,NaN,,0,,0,10
8/11/2022 02:52,22.8,21.7,93.54,0,NaN,,6,,310,10
8/11/2022 03:52,22.2,21.7,97,0,NaN,,6,,210,10
8/11/2022 04:52,22.2,21.7,97,0,NaN,,0,,0,10
8/11/2022 05:52,22.2,21.7,97,0,NaN,,0,,0,10
8/11/2022 06:52,22.8,21.7,93.54,0,NaN,,7,,330,10
8/11/2022 07:52,22.2,19.99,87.39,0,NaN,,13,,350,10
8/11/2022 08:52,22.2,19.39,84.2,2.54,NaN,,9,,340,10
8/11/2022 09:52,23.9,21.1,84.39,2.54,NaN,,11,,320,10
8/11/2022 10:52,25.6,18.9,66.56,0,NaN,,17,31,330,10
8/11/2022 11:52,27.8,16.72,50.94,0,28.31,,20,,320,10
8/11/2022 12:52,27.2,15.61,49.18,0,27.56,,20,,320,10
8/11/2022 13:52,28.9,14.44,41.25,0,28.62,,15,,290,10
8/11/2022 14:52,30,13.95,37.48,0,29.41,,15,,340,10
8/11/2022 15:52,29.4,15.64,43.29,0,29.37,,17,33,300,10
8/11/2022 16:52,29.4,15.64,43.29,0,29.37,,11,28,0,10
8/11/2022 17:52,29.4,16.74,46.43,0,29.73,,17,,300,10
8/11/2022 18:52,28.9,17.23,49.32,0,29.45,,15,,300,10
8/11/2022 19:52,27.2,17.81,56.55,0,28.07,,6,,250,10
8/11/2022 20:52,24.4,18.29,68.85,0,NaN,,6,,250,10
8/11/2022 21:52,25.6,18.3,64.11,0,NaN,,13,,310,10
8/11/2022 22:52,25,16.1,57.81,0,NaN,,15,31,330,10
8/11/2022 23:52,23.9,16.09,61.74,0,NaN,,15,,310,10
8/12/2022 00:52,23.3,16.09,64.01,0,NaN,,15,,320,10
8/12/2022 01:52,22.8,16.69,68.53,0,NaN,,11,,300,10
8/12/2022 02:52,22.2,17.19,73.36,2.54,NaN,,13,,340,10
8/12/2022 03:52,20.6,17.79,84.02,2.54,NaN,,6,,270,10
8/12/2022 04:52,20.6,17.19,80.9,0,NaN,,6,,280,10
8/12/2022 05:52,20.6,16.08,75.44,2.54,NaN,,11,,330,10
8/12/2022 06:52,21.7,13.88,61.23,0,NaN,,15,,350,10
8/12/2022 07:52,22.2,13.28,57.12,0,NaN,,19,,360,10
8/12/2022 08:52,23.3,12.78,51.72,0,NaN,,24,35,360,10
8/12/2022 09:52,24.4,13.29,50.03,0,NaN,,19,,360,10
8/12/2022 10:52,25.6,12.8,45.08,0,NaN,,17,,330,10
8/12/2022 11:52,26.7,12.81,42.25,0,26.53,,17,,360,10
8/12/2022 12:52,27.8,12.83,39.62,0,27.47,,19,31,360,10
8/12/2022 13:52,27.8,12.23,38.09,0,27.37,,13,31,360,10
8/12/2022 14:52,28.3,11.73,35.8,0,27.64,,6,,0,10
8/12/2022 15:52,27.8,11.13,35.42,0,27.22,,15,,340,10
8/12/2022 16:52,28.3,11.73,35.8,0,27.64,,17,35,340,10
8/12/2022 17:52,27.8,10.03,32.92,0,27.09,,17,,330,10
8/12/2022 18:52,26.7,11.12,37.78,0,26.41,,22,,320,10
8/12/2022 19:52,25,11.69,43.46,0,NaN,,11,,320,10
8/12/2022 20:52,20.6,13.87,65.49,0,NaN,,6,,270,10
8/12/2022 21:52,21.1,12.17,56.84,0,NaN,,9,,280,10
8/12/2022 22:52,20,12.77,63.26,0,NaN,,7,,290,9
8/12/2022 23:52,19.4,13.27,67.84,0,NaN,,7,,290,10
8/13/2022 00:52,17.2,13.27,77.86,0,NaN,,6,,320,10
8/13/2022 01:52,17.2,13.27,77.86,0,NaN,,6,,340,10
8/13/2022 02:52,15.6,13.28,86.2,0,NaN,,0,,0,10
8/13/2022 03:52,15.6,12.17,80.21,0,NaN,,0,,0,10
8/13/2022 04:52,15.6,11.06,74.59,0,NaN,,7,,320,10
8/13/2022 05:52,15.6,10.56,72.16,0,NaN,,6,,330,10
8/13/2022 06:52,16.1,9.96,67.15,0,NaN,,7,,330,10
8/13/2022 07:52,18.9,10.56,58.58,0,NaN,,9,,330,10
8/13/2022 08:52,21.1,9.36,47.19,0,NaN,,13,,20,10
8/13/2022 09:52,22.8,9.98,44.3,0,NaN,,9,,30,10
8/13/2022 10:52,23.9,9.99,41.46,0,NaN,,7,,0,10
8/13/2022 11:52,25.6,8.9,34.79,0,NaN,,11,,50,10
8/13/2022 12:52,26.1,8.91,33.78,0,NaN,,15,,10,10
8/13/2022 13:52,27.2,9.43,32.75,0,26.66,,0,,0,10
8/13/2022 14:52,27.8,7.84,28.38,0,26.88,,15,,360,10
8/13/2022 15:52,27.2,8.33,30.41,0,26.56,,7,,160,10
8/13/2022 16:52,27.8,9.43,31.62,0,27.03,,15,,310,10
8/13/2022 17:52,27.2,10.02,34.09,0,26.72,,13,,320,10
8/13/2022 18:52,25.6,10.6,38.99,0,NaN,,13,,290,10
8/13/2022 19:52,23.3,10.58,44.73,0,NaN,,6,,270,10
8/13/2022 20:52,18.3,12.17,67.61,0,NaN,,0,,0,10
8/13/2022 21:52,18.3,11.66,65.42,0,NaN,,6,,190,10
8/13/2022 22:52,17.8,11.66,67.51,0,NaN,,0,,0,10
8/13/2022 23:52,17.2,12.77,75.36,0,NaN,,0,,0,10
8/14/2022 00:52,17.8,13.88,77.95,0,NaN,,0,,0,10
8/14/2022 01:52,17.8,14.38,80.52,0,NaN,,0,,0,10
8/14/2022 02:52,17.8,14.98,83.69,0,NaN,,0,,0,10
8/14/2022 03:52,17.8,14.98,83.69,0,NaN,,6,,190,10
8/14/2022 04:52,18.3,14.98,81.11,0,NaN,,6,,180,10
8/14/2022 05:52,17.8,14.98,83.69,0,NaN,,6,,200,10
8/14/2022 06:52,17.2,14.38,83.62,0,NaN,,9,,140,10
8/14/2022 07:52,20,14.98,72.97,0,NaN,,9,,150,10
8/14/2022 08:52,22.8,14.38,59.15,0,NaN,,15,,200,10
8/14/2022 09:52,24.4,14.39,53.73,0,NaN,,19,,180,10
8/14/2022 10:52,25.6,13.9,48.43,0,NaN,,19,,190,10
8/14/2022 11:52,26.7,13.91,45.39,0,26.61,,11,,0,10
8/14/2022 12:52,27.2,13.92,44.08,0,27.24,,19,26,180,10
8/14/2022 13:52,27.8,14.42,43.96,0,27.76,,17,,200,10
8/14/2022 14:52,25.6,14.4,50.03,0,NaN,,17,,150,10
8/14/2022 15:52,25,14.4,51.84,0,NaN,,11,,210,10
8/14/2022 16:52,24.4,13.29,50.03,0,NaN,,9,,160,10
8/14/2022 17:52,22.2,18.29,78.61,25.4,NaN,,6,,180,10
8/14/2022 18:52,20.6,19.4,92.85,25.4,NaN,,0,,0,8
8/14/2022 19:52,20.6,17.79,84.02,2.54,NaN,,7,,60,10
8/14/2022 20:52,20,17.79,87.18,25.4,NaN,,9,,80,10
8/14/2022 21:52,20,17.79,87.18,25.4,NaN,,6,,80,10
8/14/2022 22:52,18.9,17.79,93.34,304.8,NaN,,6,,90,7
8/14/2022 23:52,19.4,18.9,96.94,25.4,NaN,,0,,0,10
8/15/2022 00:52,19.4,18.29,93.37,25.4,NaN,,6,,110,10
8/15/2022 01:52,19.4,17.79,90.49,0,NaN,,11,,110,10
8/15/2022 02:52,18.9,17.79,93.34,0,NaN,,11,,100,10
8/15/2022 03:52,18.9,17.79,93.34,0,NaN,,9,,110,10
8/15/2022 04:52,18.9,17.79,93.34,0,NaN,,7,,150,10
8/15/2022 05:52,19.4,18.29,93.37,0,NaN,,0,,0,10
8/15/2022 06:52,18.9,18.3,96.32,2.54,NaN,,6,,120,10
8/15/2022 07:52,19.4,18.29,93.37,0,NaN,,0,,0,10
8/15/2022 08:52,20,17.79,87.18,0,NaN,,0,,0,10
8/15/2022 09:52,20.6,18.29,86.69,0,NaN,,0,,0,10
8/15/2022 10:52,21.1,17.79,81.48,2.54,NaN,,0,,0,10
8/15/2022 11:52,22.2,16.68,71.07,0,NaN,,7,,190,10
8/15/2022 12:52,22.8,16.69,68.53,0,NaN,,15,,200,10
8/15/2022 13:52,22.2,17.79,76.19,0,NaN,,13,,230,10
8/15/2022 14:52,21.7,17.19,75.63,0,NaN,,13,,210,10
8/15/2022 15:52,21.1,16.68,76.01,0,NaN,,9,,230,10
8/15/2022 16:52,20.6,15.58,73.07,0,NaN,,15,,240,10
8/15/2022 17:52,20,14.98,72.97,0,NaN,,13,,250,10
8/15/2022 18:52,20,15.58,75.83,0,NaN,,11,,290,10
8/15/2022 19:52,19.4,16.08,81.25,0,NaN,,9,,310,10
8/15/2022 20:52,19.4,16.69,84.41,0,NaN,,11,,320,10
8/15/2022 21:52,18.9,16.69,87.08,2.54,NaN,,9,,330,10
8/15/2022 22:52,19.4,16.69,84.41,2.54,NaN,,7,,360,10
8/15/2022 23:52,19.4,16.69,84.41,0,NaN,,13,,350,10
8/16/2022 00:52,19.4,16.69,84.41,0,NaN,,11,,360,10
8/16/2022 01:52,19.4,16.69,84.41,0,NaN,,11,,340,10
8/16/2022 02:52,18.9,17.19,89.88,2.54,NaN,,7,,340,10
8/16/2022 03:52,19.4,17.19,87.13,0,NaN,,7,,350,10
8/16/2022 04:52,18.9,17.19,89.88,2.54,NaN,,7,,20,10
8/16/2022 05:52,18.9,17.79,93.34,2.54,NaN,,7,,360,10
8/16/2022 06:52,18.3,17.19,93.31,0,NaN,,6,,310,10
8/16/2022 07:52,20.6,17.79,84.02,0,NaN,,6,,350,10
8/16/2022 08:52,22.8,17.79,73.46,0,NaN,,11,,60,10
8/16/2022 09:52,23.3,14.38,57.39,0,NaN,,13,,70,10
8/16/2022 10:52,25,14.99,53.88,0,NaN,,11,,80,10
8/16/2022 11:52,26.1,15,50.48,0,NaN,,9,,0,10
8/16/2022 12:52,26.1,13.3,45.22,0,NaN,,20,30,50,10
8/16/2022 13:52,26.1,13.3,45.22,0,NaN,,11,,0,10
8/16/2022 14:52,26.1,13.3,45.22,0,NaN,,13,,80,10
8/16/2022 15:52,26.1,12.21,42.08,0,NaN,,9,,0,10
8/16/2022 16:52,27.2,14.42,45.53,0,27.33,,9,,0,10
8/16/2022 17:52,26.7,13.91,45.39,0,26.61,,15,,120,10
8/16/2022 18:52,25,13.3,48.27,0,NaN,,13,,100,10
8/16/2022 19:52,23.3,12.18,49.73,0,NaN,,9,,90,10
8/16/2022 20:52,21.1,12.77,59.12,0,NaN,,7,,80,10
8/16/2022 21:52,20.6,12.17,58.61,0,NaN,,7,,90,10
8/16/2022 22:52,17.8,13.27,74.97,0,NaN,,0,,0,10
8/16/2022 23:52,17.2,13.88,80.96,0,NaN,,6,,240,10
8/17/2022 00:52,16.1,13.88,86.81,0,NaN,,0,,0,10
8/17/2022 01:52,15.6,13.28,86.2,0,NaN,,0,,0,10
8/17/2022 02:52,15.6,13.89,89.63,0,NaN,,0,,0,10
8/17/2022 03:52,16.1,13.88,86.81,0,NaN,,0,,0,10
8/17/2022 04:52,16.7,14.38,86.31,0,NaN,,7,,320,10
8/17/2022 05:52,16.1,14.39,89.67,0,NaN,,7,,310,10
8/17/2022 06:52,16.7,14.99,89.71,0,NaN,,9,,320,10
8/17/2022 07:52,17.8,15.59,86.98,0,NaN,,6,,310,10
8/17/2022 08:52,20,16.08,78.29,0,NaN,,6,,320,10
8/17/2022 09:52,22.2,16.08,68.41,0,NaN,,6,,320,10
8/17/2022 10:52,25.6,15,52,0,NaN,,6,,0,10
8/17/2022 11:52,25,14.4,51.84,0,NaN,,7,,250,10
8/17/2022 12:52,26.1,15,50.48,0,NaN,,9,,0,10
8/17/2022 13:52,26.7,14.41,46.88,0,26.65,,6,,290,10
8/17/2022 14:52,28.3,15.03,44.39,0,28.28,,15,,300,10
8/17/2022 15:52,27.2,15.01,47.32,0,27.44,,15,,290,10
8/17/2022 16:52,27.2,14.42,45.53,0,27.33,,19,33,300,10
8/17/2022 17:52,26.1,13.3,45.22,127,NaN,,15,,350,10
8/17/2022 18:52,27.2,11.12,36.69,0,26.84,,9,,330,10
8/17/2022 19:52,22.8,14.98,61.48,0,NaN,,17,,50,10
8/17/2022 20:52,21.1,15.58,70.86,0,NaN,,17,,30,10
8/17/2022 21:52,19.4,14.38,72.86,0,NaN,,7,,60,10
8/17/2022 22:52,16.7,14.99,89.71,0,NaN,,6,,160,10
8/17/2022 23:52,17.8,14.98,83.69,0,NaN,,6,,320,10
8/18/2022 00:52,17.2,14.38,83.62,0,NaN,,7,,300,10
8/18/2022 01:52,15.6,14.39,92.58,0,NaN,,0,,0,10
8/18/2022 02:52,14.4,13.29,93.11,0,NaN,,0,,0,10
8/18/2022 03:52,15,13.89,93.14,0,NaN,,0,,0,10
8/18/2022 04:52,14.4,13.29,93.11,0,NaN,,6,,320,10
8/18/2022 05:52,16.7,14.38,86.31,0,NaN,,9,,320,10
8/18/2022 06:52,15.6,14.39,92.58,0,NaN,,0,,0,10
8/18/2022 07:52,18.9,14.98,78.12,0,NaN,,6,,320,10
8/18/2022 08:52,21.1,15.58,70.86,0,NaN,,11,,320,10
8/18/2022 09:52,23.3,15.59,62,0,NaN,,13,,340,10
8/18/2022 10:52,25.6,16.1,55.79,0,NaN,,9,,330,10
8/18/2022 11:52,26.7,15.61,50.64,0,27.18,,9,,0,10
8/18/2022 12:52,27.2,15.01,47.32,0,27.44,,7,,330,10
8/18/2022 13:52,28.3,14.43,42.7,0,28.14,,13,,280,10
8/18/2022 14:52,29.4,13.95,38.8,0,28.91,,0,,0,10
8/18/2022 15:52,29.4,13.95,38.8,0,28.91,,20,,290,10
8/18/2022 16:52,29.4,13.95,38.8,0,28.91,,6,,0,10
8/18/2022 17:52,28.9,12.84,37.17,0,28.27,,9,,280,10
8/18/2022 18:52,28.9,13.94,39.93,0,28.5,,6,,300,10
8/18/2022 19:52,25.6,15,52,0,NaN,,0,,0,10
8/18/2022 20:52,21.1,15.58,70.86,0,NaN,,6,,200,10
8/18/2022 21:52,19.4,15.58,78.7,0,NaN,,0,,0,10
8/18/2022 22:52,20,15.58,75.83,0,NaN,,6,,160,10
8/18/2022 23:52,18.9,16.08,83.82,0,NaN,,0,,0,10
8/19/2022 00:52,18.9,16.08,83.82,0,NaN,,0,,0,10
8/19/2022 01:52,18.3,16.69,90.41,0,NaN,,6,,140,10
8/19/2022 02:52,18.3,16.69,90.41,0,NaN,,0,,0,10
8/19/2022 03:52,18.3,16.69,90.41,0,NaN,,0,,0,10
8/19/2022 04:52,17.2,15.59,90.33,0,NaN,,0,,0,10
8/19/2022 05:52,16.1,15.6,96.86,0,NaN,,0,,0,10
8/19/2022 06:52,16.7,15.59,93.23,0,NaN,,0,,0,10
8/19/2022 07:52,21.1,17.79,81.48,0,NaN,,0,,0,10
8/19/2022 08:52,22.8,18.29,75.81,0,NaN,,0,,0,10
8/19/2022 09:52,25.6,18.3,64.11,0,NaN,,0,,0,10
8/19/2022 10:52,26.7,18.91,62.38,0,27.86,,0,,0,10
8/19/2022 11:52,28.9,18.93,54.88,0,30.14,,0,,0,10
8/19/2022 12:52,30,18.94,51.51,0,31.29,,0,,0,10
8/19/2022 13:52,31.1,18.95,48.38,0,32.47,,19,31,200,10
8/19/2022 14:52,30,18.34,49.62,0,30.99,,19,,200,10
8/19/2022 15:52,30,18.34,49.62,0,30.99,,17,,220,10
8/19/2022 16:52,28.9,19.43,56.61,0,30.38,,15,,170,10
8/19/2022 17:52,28.3,18.92,56.82,0,29.52,,19,,160,10
8/19/2022 18:52,27.8,18.92,58.49,0,29.01,,19,,180,10
8/19/2022 19:52,23.3,20.6,84.84,50.8,NaN,,9,,140,7
8/19/2022 20:52,23.3,21.7,90.75,2.54,NaN,,0,,0,10
8/19/2022 21:52,22.8,21.7,93.54,0,NaN,,0,,0,10
8/19/2022 22:52,22.2,21.1,93.51,2.54,NaN,,0,,0,10
8/19/2022 23:52,22.2,21.7,97,0,NaN,,6,,160,10
8/20/2022 00:52,22.2,21.1,93.51,0,NaN,,6,,140,10
8/20/2022 01:52,21.7,20,90.09,0,NaN,,7,,160,10
8/20/2022 02:52,21.1,20,93.45,0,NaN,,0,,0,10
8/20/2022 03:52,20.6,20,96.37,0,NaN,,7,,140,10
8/20/2022 04:52,20,18.9,93.4,0,NaN,,7,,150,10
8/20/2022 05:52,18.9,18.3,96.32,0,NaN,,0,,0,9
8/20/2022 06:52,17.8,17.2,96.29,0,NaN,,0,,0,10
8/20/2022 07:52,21.1,19.39,90.04,0,NaN,,0,,0,10
8/20/2022 08:52,23.3,19.99,81.76,0,NaN,,7,,180,10
8/20/2022 09:52,25.6,19.4,68.66,0,NaN,,6,,200,10
8/20/2022 10:52,27.8,19.42,60.34,0,29.19,,0,,0,10
8/20/2022 11:52,28.9,18.33,52.86,0,29.88,,9,,190,10
8/20/2022 12:52,30,17.24,46.3,0,30.5,,11,28,150,10
8/20/2022 13:52,30,17.24,46.3,0,30.5,,7,,180,10
8/20/2022 14:52,28.9,17.83,51.23,0,29.68,,7,,180,10
8/20/2022 15:52,30.6,17.25,44.74,0,31.09,,9,,0,10
8/20/2022 16:52,30.6,18.95,49.78,0,31.93,,22,,180,10
8/20/2022 17:52,28.9,19.43,56.61,0,30.38,,17,,180,10
8/20/2022 18:52,28.9,19.43,56.61,0,30.38,,17,,160,10
8/20/2022 19:52,27.2,18.91,60.58,0,28.38,,13,,170,10
8/20/2022 20:52,26.1,19.4,66.66,0,NaN,,7,,160,10
8/20/2022 21:52,24.4,18.89,71.48,0,NaN,,7,,150,10
8/20/2022 22:52,24.4,20,76.54,0,NaN,,11,,160,10
8/20/2022 23:52,23.9,20.6,81.83,0,NaN,,9,,160,10
8/21/2022 00:52,22.8,20.6,87.44,0,NaN,,9,,180,10
8/21/2022 01:52,22.2,20.6,90.68,0,NaN,,11,,160,10
8/21/2022 02:52,21.7,20,90.09,0,NaN,,0,,0,10
8/21/2022 03:52,21.1,20,93.45,0,NaN,,6,,130,10
8/21/2022 04:52,21.1,20,93.45,0,NaN,,7,,150,10
8/21/2022 05:52,21.7,20,90.09,0,NaN,,9,,140,10
8/21/2022 06:52,21.7,20.6,93.48,0,NaN,,9,,160,10
8/21/2022 07:52,22.8,21.1,90.17,0,NaN,,11,,170,10
8/21/2022 08:52,24.4,22.2,87.58,0,NaN,,9,,150,10
8/21/2022 09:52,25.6,21.7,79.1,0,NaN,,13,,180,10
8/21/2022 10:52,25.6,21.7,79.1,0,NaN,,15,,180,10
8/21/2022 11:52,25,21.7,81.97,0,NaN,,11,,0,10
8/21/2022 12:52,23.9,22.2,90.25,76.2,NaN,,13,,170,7
8/21/2022 13:52,23.9,22.2,90.25,25.4,NaN,,13,,170,7
8/21/2022 14:52,23.3,20.6,84.84,25.4,NaN,,19,,180,10
8/21/2022 15:52,23.3,20.6,84.84,0,NaN,,6,,170,10
8/21/2022 16:52,23.9,19.39,75.98,0,NaN,,0,,0,10
8/21/2022 17:52,24.4,20,76.54,0,NaN,,7,,190,10
8/21/2022 18:52,23.9,20.6,81.83,0,NaN,,0,,0,10
8/21/2022 19:52,23.3,20.6,84.84,0,NaN,,0,,0,10
8/21/2022 20:52,22.2,20.6,90.68,0,NaN,,0,,0,10
8/21/2022 21:52,22.2,20.6,90.68,0,NaN,,0,,0,10
8/21/2022 22:52,22.8,20.6,87.44,0,NaN,,6,,130,10
8/21/2022 23:52,22.2,21.1,93.51,0,NaN,,0,,0,10
8/22/2022 00:52,21.7,20.6,93.48,0,NaN,,0,,0,10
8/22/2022 01:52,21.7,21.1,96.4,0,NaN,,0,,0,10
8/22/2022 02:52,21.7,21.1,96.4,0,NaN,,0,,0,10
8/22/2022 03:52,22.2,21.7,97,0,NaN,,0,,0,10
8/22/2022 04:52,22.2,21.7,97,0,NaN,,0,,0,10
8/22/2022 05:52,22.8,22.2,96.43,0,NaN,,0,,0,10
8/22/2022 06:52,22.8,22.2,96.43,0,NaN,,7,,210,10
8/22/2022 07:52,22.8,22.2,96.43,0,NaN,,7,,210,10
8/22/2022 08:52,23.3,21.7,90.75,0,NaN,,6,,220,10
8/22/2022 09:52,25,21.7,81.97,0,NaN,,6,,210,10
8/22/2022 10:52,26.7,21.71,74.14,0,28.65,,9,,180,10
8/22/2022 11:52,27.8,21.71,69.52,0,30.23,,9,,140,10
8/22/2022 12:52,28.9,21.72,65.22,0,31.69,,13,,190,10
8/22/2022 13:52,28.3,21.72,67.53,0,30.9,,17,28,180,10
8/22/2022 14:52,29.4,21.13,61.09,0,31.92,,13,,220,10
8/22/2022 15:52,27.8,21.11,67.01,0,29.93,,7,,360,10
8/22/2022 16:52,29.4,20.03,57.09,0,31.24,,11,,220,10
8/22/2022 17:52,27.8,21.11,67.01,0,29.93,,11,,310,10
8/22/2022 18:52,27.8,22.21,71.67,2.54,30.49,,9,,320,10
8/22/2022 19:52,26.7,21.11,71.47,2.54,28.46,,7,,300,10
8/22/2022 20:52,23.9,21.1,84.39,2.54,NaN,,9,,0,10
8/22/2022 21:52,23.9,20.6,81.83,0,NaN,,6,,330,10
8/22/2022 22:52,22.2,18.89,81.62,0,NaN,,0,,0,10
8/22/2022 23:52,20.6,18.29,86.69,0,NaN,,0,,0,10
8/23/2022 00:52,22.2,18.29,78.61,0,NaN,,7,,270,10
8/23/2022 01:52,20.6,17.79,84.02,0,NaN,,6,,280,10
8/23/2022 02:52,21.7,17.79,78.54,0,NaN,,11,,310,10
8/23/2022 03:52,20,17.79,87.18,0,NaN,,0,,0,10
8/23/2022 04:52,20.6,17.19,80.9,0,NaN,,6,,270,10
8/23/2022 05:52,21.7,17.19,75.63,0,NaN,,0,,0,10
8/23/2022 06:52,21.7,17.79,78.54,0,NaN,,13,,310,10
8/23/2022 07:52,22.8,18.29,75.81,0,NaN,,13,,310,10
8/23/2022 08:52,25,17.8,64.38,0,NaN,,15,,330,10
8/23/2022 09:52,26.1,17.8,60.32,0,NaN,,15,,320,10
8/23/2022 10:52,27.2,17.81,56.55,0,28.07,,15,31,320,10
8/23/2022 11:52,27.2,17.81,56.55,0,28.07,,20,,300,10
8/23/2022 12:52,28.3,16.73,49.48,0,28.74,,19,,290,10
8/23/2022 13:52,28.9,16.13,46,0,29.08,,11,,0,10
8/23/2022 14:52,28.9,16.13,46,0,29.08,,20,33,310,10
8/23/2022 15:52,31.1,15.07,37.8,0,30.73,,20,,300,10
8/23/2022 16:52,30.6,13.96,36.22,0,29.94,,22,,300,10
8/23/2022 17:52,30.6,14.46,37.41,0,30.08,,19,33,320,10
8/23/2022 18:52,29.4,13.95,38.8,0,28.91,,17,,270,10
8/23/2022 19:52,27.2,14.42,45.53,0,27.33,,6,,280,10
8/23/2022 20:52,23.3,14.99,59.66,0,NaN,,7,,280,10
8/23/2022 21:52,23.3,14.99,59.66,0,NaN,,6,,280,10
8/23/2022 22:52,23.3,15.59,62,0,NaN,,7,,340,10
8/23/2022 23:52,20,15.58,75.83,0,NaN,,7,,280,10
8/24/2022 00:52,20.6,15.58,73.07,0,NaN,,6,,310,10
8/24/2022 01:52,17.8,14.98,83.69,0,NaN,,0,,0,10
8/24/2022 02:52,17.2,14.99,86.92,0,NaN,,0,,0,10
8/24/2022 03:52,17.2,14.99,86.92,0,NaN,,0,,0,10
8/24/2022 04:52,16.7,14.99,89.71,0,NaN,,0,,0,10
8/24/2022 05:52,16.7,14.99,89.71,0,NaN,,0,,0,10
8/24/2022 06:52,16.7,14.99,89.71,0,NaN,,0,,0,10
8/24/2022 07:52,21.7,16.08,70.53,0,NaN,,6,,320,10
8/24/2022 08:52,23.9,16.69,64.14,0,NaN,,13,,320,10
8/24/2022 09:52,26.1,16.7,56.27,0,NaN,,17,,320,10
8/24/2022 10:52,27.8,17.22,52.57,0,28.45,,0,,0,10
8/24/2022 11:52,29.4,17.24,47.92,0,29.92,,13,,350,10
8/24/2022 12:52,30,16.75,44.86,0,30.3,,0,,0,10
8/24/2022 13:52,31.1,15.67,39.28,0,30.94,,15,,310,10
8/24/2022 14:52,30,15.65,41.82,0,29.91,,15,,310,10
8/24/2022 15:52,31.7,14.48,35.15,0,31.11,,15,,310,10
8/24/2022 16:52,31.7,15.68,37.97,0,31.53,,11,,270,10
8/24/2022 17:52,30.6,15.66,40.41,0,30.46,,11,,0,10
8/24/2022 18:52,30,15.65,41.82,0,29.91,,15,,330,10
8/24/2022 19:52,28.3,15.03,44.39,0,28.28,,7,,330,10
8/24/2022 20:52,22.8,17.19,70.74,0,NaN,,7,,120,10
8/24/2022 21:52,22.2,17.19,73.36,0,NaN,,0,,0,10
8/24/2022 22:52,22.8,17.19,70.74,0,NaN,,0,,0,10
8/24/2022 23:52,20,17.19,83.95,0,NaN,,0,,0,10
8/25/2022 00:52,20,17.19,83.95,0,NaN,,0,,0,10
8/25/2022 01:52,20,17.19,83.95,0,NaN,,6,,300,10
8/25/2022 02:52,20.6,17.79,84.02,0,NaN,,6,,290,10
8/25/2022 03:52,19.4,17.79,90.49,0,NaN,,0,,0,10
8/25/2022 04:52,18.3,17.19,93.31,0,NaN,,0,,0,10
8/25/2022 05:52,18.3,17.19,93.31,0,NaN,,6,,210,10
8/25/2022 06:52,18.9,17.79,93.34,0,NaN,,0,,0,10
8/25/2022 07:52,22.8,18.89,78.7,0,NaN,,0,,0,10
8/25/2022 08:52,23.9,18.89,73.66,0,NaN,,0,,0,7
8/25/2022 09:52,27.8,19.42,60.34,0,29.19,,6,,0,10
8/25/2022 10:52,30,20.63,57.23,0,32.3,,0,,0,10
8/25/2022 11:52,30.6,20.04,53.29,0,32.59,,0,,0,10
8/25/2022 12:52,31.7,19.46,48.24,0,33.43,,11,,230,10
8/25/2022 13:52,31.1,17.86,45.16,0,31.87,,6,,0,10
8/25/2022 14:52,30,20.63,57.23,0,32.3,,9,,90,10
8/25/2022 15:52,30,20.04,55.15,0,31.91,,11,,90,10
8/25/2022 16:52,30.6,19.45,51.35,0,32.22,,11,,170,10
8/25/2022 17:52,29.4,18.93,53.32,0,30.66,,13,,190,10
8/25/2022 18:52,28.3,21.12,65.09,0,30.56,,11,,160,10
8/25/2022 19:52,27.8,21.11,67.01,0,29.93,,9,,160,10
8/25/2022 20:52,26.1,21.1,74.03,0,NaN,,9,,150,10
8/25/2022 21:52,25,21.1,79.02,0,NaN,,9,,130,10
8/25/2022 22:52,25,21.1,79.02,0,NaN,,9,,150,10
8/25/2022 23:52,24.4,21.7,84.96,0,NaN,,9,,170,10
8/26/2022 00:52,24.4,21.7,84.96,0,NaN,,11,,200,10
8/26/2022 01:52,23.9,21.7,87.54,0,NaN,,11,,190,10
8/26/2022 02:52,23.3,21.7,90.75,0,NaN,,11,,180,10
8/26/2022 03:52,22.8,21.7,93.54,0,NaN,,15,,200,10
8/26/2022 04:52,22.8,21.7,93.54,0,NaN,,11,,210,8
8/26/2022 05:52,22.8,21.7,93.54,0,NaN,,15,,210,8
8/26/2022 06:52,22.2,21.7,97,0,NaN,,6,,210,5
8/26/2022 07:52,22.8,21.7,93.54,0,NaN,,7,,200,4
8/26/2022 08:52,25,21.7,81.97,0,NaN,,6,,200,10
8/26/2022 09:52,27.8,21.71,69.52,0,30.23,,0,,0,10
8/26/2022 10:52,30.6,19.45,51.35,0,32.22,,11,,280,10
8/26/2022 11:52,31.1,17.26,43.48,0,31.59,,9,30,0,10
8/26/2022 12:52,31.7,17.27,42.03,0,32.2,,15,,320,10
8/26/2022 13:52,32.2,16.78,39.59,0,32.49,,15,,310,10
8/26/2022 14:52,32.8,17.29,39.51,0,33.37,,13,,280,10
8/26/2022 15:52,32.8,17.29,39.51,0,33.37,,9,,0,10
8/26/2022 16:52,33.3,17.3,38.41,0,33.91,,13,,210,10
8/26/2022 17:52,32.8,17.29,39.51,0,33.37,,11,,230,10
8/26/2022 18:52,31.7,17.27,42.03,0,32.2,,6,,250,10
8/26/2022 19:52,27.8,18.32,56.34,0,28.8,,6,,210,10
8/26/2022 20:52,26.7,18.91,62.38,0,27.86,,9,,200,10
8/26/2022 21:52,25.6,19.4,68.66,0,NaN,,7,,200,10
8/26/2022 22:52,25,19.4,71.15,0,NaN,,0,,0,10
8/26/2022 23:52,23.9,19.99,78.86,0,NaN,,0,,0,10
8/27/2022 00:52,25,20.6,76.63,0,NaN,,6,,280,10
8/27/2022 01:52,23.3,19.39,78.77,0,NaN,,6,,300,10
8/27/2022 02:52,23.3,18.89,76.36,0,NaN,,9,,320,10
8/27/2022 03:52,23.3,18.89,76.36,0,NaN,,9,,320,10
8/27/2022 04:52,23.3,18.89,76.36,0,NaN,,9,,320,10
8/27/2022 05:52,23.3,18.89,76.36,0,NaN,,9,,330,10
8/27/2022 06:52,23.3,18.89,76.36,0,NaN,,17,,340,10
8/27/2022 07:52,23.3,19.39,78.77,0,NaN,,9,,320,10
8/27/2022 08:52,25.6,19.4,68.66,0,NaN,,15,,360,10
8/27/2022 09:52,27.2,19.41,62.49,0,28.54,,17,,350,10
8/27/2022 10:52,28.3,19.42,58.61,0,29.73,,15,,340,10
8/27/2022 11:52,30,18.94,51.51,0,31.29,,9,,340,10
8/27/2022 12:52,30.6,18.95,49.78,0,31.93,,11,,350,10
8/27/2022 13:52,32.2,18.97,45.46,0,33.67,,11,,350,10
8/27/2022 14:52,31.7,18.36,45.04,0,32.77,,0,,0,10
8/27/2022 15:52,32.2,18.97,45.46,0,33.67,,7,,40,10
8/27/2022 16:52,30.6,18.35,47.95,0,31.61,,9,,70,10
8/27/2022 17:52,29.4,18.34,51.36,0,30.38,,11,,110,10
8/27/2022 18:52,28.9,18.33,52.86,0,29.88,,11,,50,10
8/27/2022 19:52,28.3,18.32,54.73,0,29.29,,11,,40,10
8/27/2022 20:52,27.2,19.41,62.49,0,28.54,,7,,110,10
8/27/2022 21:52,25.6,20,71.26,0,NaN,,7,,120,10
8/27/2022 22:52,25.6,20,71.26,0,NaN,,7,,190,10
8/27/2022 23:52,26.1,20,69.19,0,NaN,,0,,0,10
8/28/2022 00:52,25,20,73.85,0,NaN,,0,,0,10
8/28/2022 01:52,22.8,19.99,84.26,0,NaN,,0,,0,10
8/28/2022 02:52,21.7,19.39,86.8,0,NaN,,7,,300,10
8/28/2022 03:52,20.6,19.4,92.85,0,NaN,,0,,0,10
8/28/2022 04:52,21.7,19.39,86.8,0,NaN,,7,,330,10
8/28/2022 05:52,21.1,18.89,87.29,0,NaN,,6,,340,10
8/28/2022 06:52,20.6,18.89,90.01,0,NaN,,9,,40,10
8/28/2022 07:52,23.9,19.39,75.98,0,NaN,,6,,320,10
8/28/2022 08:52,25.6,20.6,73.95,0,NaN,,0,,0,10
8/28/2022 09:52,28.3,21.12,65.09,0,30.56,,6,,20,10
8/28/2022 10:52,28.9,21.12,62.87,0,31.31,,11,,120,10
8/28/2022 11:52,31.1,21.74,57.5,0,34.44,,13,,120,10
8/28/2022 12:52,31.1,21.15,55.43,0,33.95,,13,,120,10
8/28/2022 13:52,32.2,20.66,50.51,0,34.86,,13,,130,10
8/28/2022 14:52,32.2,19.47,46.9,0,33.99,,19,,110,10
8/28/2022 15:52,31.1,19.45,49.91,0,32.77,,13,,110,10
8/28/2022 16:52,31.1,19.45,49.91,0,32.77,,9,,120,10
8/28/2022 17:52,28.9,23.32,71.87,101.6,32.85,,7,,80,10
8/28/2022 18:52,30,20.63,57.23,2.54,32.3,,9,,120,10
8/28/2022 19:52,28.3,20.02,60.83,0,30.01,,7,,170,10
8/28/2022 20:52,27.2,21.71,72,0,29.39,,11,,170,10
8/28/2022 21:52,26.1,21.1,74.03,0,NaN,,9,,160,10
8/28/2022 22:52,25.6,21.7,79.1,0,NaN,,9,,150,10
8/28/2022 23:52,25,22.2,84.51,0,NaN,,9,,150,10
8/29/2022 00:52,24.4,22.2,87.58,0,NaN,,6,,180,10
8/29/2022 01:52,23.9,22.2,90.25,0,NaN,,6,,160,10
8/29/2022 02:52,22.8,21.7,93.54,0,NaN,,6,,160,10
8/29/2022 03:52,23.3,21.7,90.75,0,NaN,,6,,160,10
8/29/2022 04:52,22.2,21.1,93.51,0,NaN,,7,,140,10
8/29/2022 05:52,21.7,21.1,96.4,0,NaN,,0,,0,9
8/29/2022 06:52,21.7,21.1,96.4,0,NaN,,6,,0,10
8/29/2022 07:52,24.4,22.8,90.83,0,NaN,,6,,0,10
8/29/2022 08:52,25.6,22.2,81.55,0,NaN,,11,,130,10
8/29/2022 09:52,27.2,22.81,76.97,0,29.87,,6,,0,10
8/29/2022 10:52,28.9,22.22,67.24,0,32.03,,11,,0,10
8/29/2022 11:52,30,22.23,63.12,0,33.47,,7,,0,10
8/29/2022 12:52,30.6,21.74,59.16,0,33.82,,7,,180,10
8/29/2022 13:52,31.7,21.15,53.57,0,34.67,,9,,140,10
8/29/2022 14:52,32.8,21.17,50.36,0,35.99,,20,31,150,10
8/29/2022 15:52,32.8,20.67,48.83,0,35.57,,17,31,160,10
8/29/2022 16:52,32.2,20.06,48.67,0,34.41,,15,,180,10
8/29/2022 17:52,32.2,20.06,48.67,0,34.41,,19,,180,10
8/29/2022 18:52,30.6,18.95,49.78,0,31.93,,13,,170,10
8/29/2022 19:52,28.3,20.02,60.83,0,30.01,,9,,160,10
8/29/2022 20:52,27.2,21.11,69.4,0,29.14,,9,,160,10
8/29/2022 21:52,26.7,21.11,71.47,0,28.46,,11,,160,10
8/29/2022 22:52,26.7,21.11,71.47,0,28.46,,11,,160,10
8/29/2022 23:52,25.6,21.7,79.1,0,NaN,,11,,170,10
8/30/2022 00:52,25,22.2,84.51,0,NaN,,13,,170,10
8/30/2022 01:52,23.9,21.7,87.54,0,NaN,,7,,210,10
8/30/2022 02:52,23.3,21.7,90.75,0,NaN,,6,,170,10
8/30/2022 03:52,23.3,21.7,90.75,0,NaN,,9,,180,10
8/30/2022 04:52,23.3,21.7,90.75,0,NaN,,11,,180,10
8/30/2022 05:52,23.3,21.7,90.75,0,NaN,,11,,180,10
8/30/2022 06:52,22.8,21.7,93.54,0,NaN,,6,,180,10
8/30/2022 07:52,23.9,21.7,87.54,0,NaN,,9,,200,10
8/30/2022 08:52,25.6,21.7,79.1,0,NaN,,11,,190,10
8/30/2022 09:52,28.3,21.12,65.09,0,30.56,,17,,190,10
8/30/2022 10:52,30.6,21.74,59.16,0,33.82,,17,,200,10
8/30/2022 11:52,32.8,21.17,50.36,0,35.99,,24,35,200,10
8/30/2022 12:52,32.8,20.67,48.83,0,35.57,,26,35,210,10
8/30/2022 13:52,33.3,20.08,45.76,0,35.69,,20,37,200,10
8/30/2022 14:52,33.3,20.08,45.76,0,35.69,,15,33,200,10
8/30/2022 16:52,21.7,20.6,93.48,279.4,NaN,,6,,150,10
8/30/2022 17:52,23.3,21.7,90.75,50.8,NaN,,11,,240,10
8/30/2022 18:52,23.3,22.2,93.56,0,NaN,,9,,220,10
8/30/2022 19:52,23.3,22.2,93.56,0,NaN,,6,,290,10
8/30/2022 20:52,23.3,21.7,90.75,0,NaN,,6,,0,10
8/30/2022 21:52,22.2,21.7,97,0,NaN,,6,,170,10
8/30/2022 22:52,21.7,21.1,96.4,0,NaN,,0,,0,10
8/30/2022 23:52,22.8,20.6,87.44,0,NaN,,6,,250,10
8/31/2022 00:52,21.7,19.39,86.8,0,NaN,,6,,0,10
8/31/2022 01:52,18.9,18.3,96.32,0,NaN,,0,,0,10
8/31/2022 02:52,17.8,17.2,96.29,0,NaN,,0,,0,10
8/31/2022 03:52,18.3,17.19,93.31,0,NaN,,0,,0,10
8/31/2022 04:52,17.2,16.7,96.88,0,NaN,,6,,300,10
8/31/2022 05:52,17.2,16.09,93.26,0,NaN,,0,,0,10
8/31/2022 06:52,20.6,16.08,75.44,0,NaN,,7,,260,10
8/31/2022 07:52,21.7,16.68,73.27,0,NaN,,9,,280,10
8/31/2022 08:52,24.4,16.69,62.25,0,NaN,,13,,280,10
8/31/2022 09:52,25.6,15,52,0,NaN,,20,35,290,10
8/31/2022 10:52,25.6,15,52,0,NaN,,20,44,290,10
8/31/2022 11:52,26.1,13.3,45.22,0,NaN,,24,39,310,10
8/31/2022 12:52,26.1,13.9,47.02,0,NaN,,11,33,320,10
8/31/2022 13:52,28.3,13.33,39.76,0,27.91,,26,41,290,10
8/31/2022 14:52,28.9,12.84,37.17,0,28.27,,24,39,300,10
8/31/2022 15:52,29.4,12.85,36.12,0,28.67,,20,35,310,10
8/31/2022 16:52,28.3,12.23,37,0,27.72,,20,30,310,10
8/31/2022 17:52,28.9,12.84,37.17,0,28.27,,19,,290,10
8/31/2022 18:52,27.8,12.23,38.09,0,27.37,,17,,300,10
8/31/2022 19:52,25.6,12.8,45.08,0,NaN,,13,,320,10
8/31/2022 20:52,23.3,13.28,53.44,0,NaN,,9,,290,10
8/31/2022 21:52,21.7,13.27,58.88,0,NaN,,9,,300,10
8/31/2022 22:52,22.2,13.28,57.12,0,NaN,,13,,280,10
8/31/2022 23:52,20.6,13.27,62.99,0,NaN,,15,,310,10
9/1/2022 00:52,20,13.27,65.36,0,NaN,,13,,290,10
9/1/2022 01:52,17.2,13.27,77.86,0,NaN,,0,,0,10
9/1/2022 02:52,16.1,13.28,83.49,0,NaN,,0,,0,10
9/1/2022 03:52,15.6,13.28,86.2,0,NaN,,6,,170,10
9/1/2022 04:52,15,12.78,86.7,0,NaN,,7,,150,10
9/1/2022 05:52,16.1,13.88,86.81,0,NaN,,7,,200,10
9/1/2022 06:52,16.1,13.88,86.81,0,NaN,,0,,0,10
9/1/2022 07:52,18.3,15.58,84.29,0,NaN,,0,,0,10
9/1/2022 08:52,22.8,16.09,65.97,0,NaN,,6,,170,10
9/1/2022 09:52,25.6,14.4,50.03,0,NaN,,17,,290,10
9/1/2022 10:52,27.2,15.01,47.32,0,27.44,,17,,320,10
9/1/2022 11:52,28.3,14.43,42.7,0,28.14,,19,,310,10
9/1/2022 12:52,28.9,15.04,42.87,0,28.77,,11,,0,10
9/1/2022 13:52,31.1,11.78,30.49,0,29.88,,11,,0,10
9/1/2022 14:52,30.6,12.27,32.42,0,29.55,,11,,290,10
9/1/2022 15:52,31.1,12.28,31.51,0,29.98,,13,30,340,10
9/1/2022 16:52,31.1,12.28,31.51,0,29.98,,7,,0,10
9/1/2022 17:52,30.6,13.37,34.84,0,29.79,,13,,290,10
9/1/2022 18:52,30,13.36,36.05,0,29.27,,9,,260,10
9/1/2022 19:52,26.1,14.41,48.57,0,NaN,,6,,0,10
9/1/2022 20:52,22.2,14.98,63.76,0,NaN,,6,,0,10
9/1/2022 21:52,21.1,14.98,68.19,0,NaN,,6,,0,10
9/1/2022 22:52,20,15.58,75.83,0,NaN,,0,,0,10
9/1/2022 23:52,19.4,15.58,78.7,0,NaN,,0,,0,10
9/2/2022 00:52,17.8,15.59,86.98,0,NaN,,0,,0,10
9/2/2022 01:52,17.8,15.59,86.98,0,NaN,,0,,0,10
9/2/2022 02:52,17.2,15.59,90.33,0,NaN,,0,,0,10
9/2/2022 03:52,17.2,14.99,86.92,0,NaN,,6,,300,10
9/2/2022 04:52,15.6,14.39,92.58,0,NaN,,0,,0,10
9/2/2022 05:52,17.2,15.59,90.33,0,NaN,,0,,0,10
9/2/2022 06:52,18.9,14.98,78.12,0,NaN,,11,,20,10
9/2/2022 07:52,20.6,13.87,65.49,0,NaN,,11,,20,10
9/2/2022 08:52,21.7,13.27,58.88,0,NaN,,9,,30,10
9/2/2022 09:52,23.9,13.89,53.6,0,NaN,,11,,20,10
9/2/2022 10:52,25,14.99,53.88,0,NaN,,11,,70,10
9/2/2022 11:52,27.2,15.61,49.18,0,27.56,,15,,70,10
9/2/2022 12:52,28.3,15.63,46.13,0,28.43,,7,,60,10
9/2/2022 13:52,28.9,15.04,42.87,0,28.77,,6,,0,10
9/2/2022 14:52,30.6,15.06,38.89,0,30.26,,11,,0,10
9/2/2022 15:52,29.4,15.64,43.29,0,29.37,,13,,70,10
9/2/2022 16:52,28.9,15.04,42.87,0,28.77,,13,,120,10
9/2/2022 17:52,28.9,15.63,44.55,0,28.93,,15,,90,10
9/2/2022 18:52,27.8,16.12,49.03,0,28.15,,11,,90,10
9/2/2022 19:52,26.1,16.7,56.27,0,NaN,,11,,90,10
9/2/2022 20:52,24.4,17.79,66.73,0,NaN,,9,,120,10
9/2/2022 21:52,24.4,17.79,66.73,0,NaN,,15,,120,10
9/2/2022 22:52,23.9,18.29,70.95,0,NaN,,11,,130,10
9/2/2022 23:52,22.8,18.89,78.7,0,NaN,,7,,130,10
9/3/2022 00:52,22.8,18.89,78.7,0,NaN,,6,,130,10
9/3/2022 01:52,21.7,18.89,84.14,0,NaN,,0,,0,10
9/3/2022 02:52,22.2,18.89,81.62,0,NaN,,9,,110,10
9/3/2022 03:52,21.7,18.89,84.14,0,NaN,,7,,120,10
9/3/2022 04:52,21.7,19.39,86.8,0,NaN,,7,,120,10
9/3/2022 05:52,20.6,18.89,90.01,0,NaN,,9,,120,10
9/3/2022 06:52,20.6,18.89,90.01,0,NaN,,0,,0,10
9/3/2022 07:52,21.7,19.39,86.8,0,NaN,,9,,110,10
9/3/2022 08:52,23.9,20.6,81.83,0,NaN,,7,,160,10
9/3/2022 09:52,25,21.1,79.02,0,NaN,,7,,0,10
9/3/2022 10:52,25.6,20.6,73.95,0,NaN,,9,,220,10
9/3/2022 11:52,27.8,20.02,62.63,0,29.44,,7,,220,10
9/3/2022 12:52,28.3,19.42,58.61,0,29.73,,9,,120,10
9/3/2022 13:52,28.9,19.43,56.61,0,30.38,,17,,160,10
9/3/2022 14:52,30,19.44,53.14,0,31.56,,11,,160,10
9/3/2022 15:52,30.6,19.45,51.35,0,32.22,,9,,0,10
9/3/2022 16:52,30.6,18.95,49.78,0,31.93,,17,,160,10
9/3/2022 17:52,30,19.44,53.14,0,31.56,,11,,160,10
9/3/2022 18:52,28.3,19.42,58.61,0,29.73,,7,,170,10
9/3/2022 19:52,26.1,18.9,64.62,0,NaN,,9,,160,10
9/3/2022 20:52,25.6,19.4,68.66,0,NaN,,9,,170,10
9/3/2022 21:52,24.4,18.29,68.85,0,NaN,,6,,170,10
9/3/2022 22:52,23.9,17.19,66.2,0,NaN,,6,,180,10
9/3/2022 23:52,23.3,17.79,71.28,0,NaN,,7,,190,10
9/4/2022 00:52,22.8,18.29,75.81,0,NaN,,7,,170,10
9/4/2022 01:52,21.7,18.29,81.04,0,NaN,,9,,180,10
9/4/2022 02:52,21.1,18.29,84.07,0,NaN,,7,,180,10
9/4/2022 03:52,21.1,18.29,84.07,0,NaN,,7,,190,10
9/4/2022 04:52,20.6,18.29,86.69,0,NaN,,7,,170,10
9/4/2022 05:52,21.1,18.89,87.29,0,NaN,,7,,180,10
9/4/2022 06:52,20.6,18.29,86.69,0,NaN,,0,,0,10
9/4/2022 07:52,22.2,19.39,84.2,0,NaN,,6,,180,10
9/4/2022 08:52,23.9,19.99,78.86,0,NaN,,11,,190,10
9/4/2022 09:52,26.1,20.6,71.8,0,NaN,,6,,0,10
9/4/2022 10:52,28.3,20.62,63.13,0,30.3,,9,,220,10
9/4/2022 11:52,30.6,20.04,53.29,0,32.59,,9,,220,10
9/4/2022 12:52,30.6,19.45,51.35,0,32.22,,15,,170,10
9/4/2022 13:52,30.6,19.45,51.35,0,32.22,,13,,170,10
9/4/2022 14:52,31.7,18.96,46.76,0,33.12,,15,,160,10
9/4/2022 15:52,30.6,19.45,51.35,0,32.22,,11,,140,10
9/4/2022 16:52,30.6,19.45,51.35,0,32.22,,15,,150,10
9/4/2022 17:52,30,18.94,51.51,0,31.29,,13,,160,10
9/4/2022 18:52,28.9,19.43,56.61,0,30.38,,13,,150,10
9/4/2022 19:52,27.8,19.42,60.34,0,29.19,,9,,150,10
9/4/2022 20:52,27.2,18.91,60.58,0,28.38,,17,,150,10
9/4/2022 21:52,26.1,18.3,62.24,0,NaN,,11,,160,10
9/4/2022 22:52,26.1,17.8,60.32,0,NaN,,15,,170,10
9/4/2022 23:52,25,17.8,64.38,0,NaN,,13,,180,10
9/5/2022 00:52,24.4,17.19,64.25,0,NaN,,9,,170,10
9/5/2022 01:52,23.9,17.19,66.2,0,NaN,,15,,180,10
9/5/2022 02:52,22.8,17.79,73.46,0,NaN,,9,,180,10
9/5/2022 03:52,22.8,17.79,73.46,0,NaN,,7,,170,10
9/5/2022 04:52,22.8,17.79,73.46,0,NaN,,9,,170,10
9/5/2022 05:52,22.8,17.79,73.46,0,NaN,,9,,170,10
9/5/2022 06:52,22.2,18.29,78.61,0,NaN,,7,,170,10
9/5/2022 07:52,22.8,18.89,78.7,0,NaN,,11,,180,10
9/5/2022 08:52,23.9,19.39,75.98,0,NaN,,9,,180,10
9/5/2022 09:52,24.4,20,76.54,0,NaN,,7,,0,10
9/5/2022 10:52,25.6,20,71.26,0,NaN,,7,,0,10
9/5/2022 11:52,27.2,21.11,69.4,0,29.14,,11,,180,10
9/5/2022 12:52,28.9,21.12,62.87,0,31.31,,13,,220,10
9/5/2022 13:52,28.9,20.62,60.97,0,31.01,,15,,170,10
9/5/2022 14:52,25.6,20.6,73.95,2.54,NaN,,7,,190,8
9/5/2022 15:52,27.8,20.61,64.99,76.2,29.7,,15,,200,10
9/5/2022 16:52,28.3,20.02,60.83,0,30.01,,15,,200,10
9/5/2022 17:52,26.1,20,69.19,0,NaN,,9,,150,10
9/5/2022 18:52,25,21.1,79.02,2.54,NaN,,9,,170,9
9/5/2022 19:52,25,21.1,79.02,2.54,NaN,,0,,0,10
9/5/2022 20:52,23.9,21.1,84.39,0,NaN,,6,,0,10
9/5/2022 21:52,23.9,21.1,84.39,2.54,NaN,,0,,0,9
9/5/2022 22:52,23.9,21.1,84.39,2.54,NaN,,6,,0,9
9/5/2022 23:52,22.8,21.7,93.54,228.6,NaN,,0,,0,4
9/6/2022 00:52,22.8,21.7,93.54,2.54,NaN,,6,,160,10
9/6/2022 01:52,22.8,21.7,93.54,25.4,NaN,,0,,0,10
9/6/2022 02:52,22.2,21.7,97,355.6,NaN,,7,,170,4
9/6/2022 03:52,22.2,21.7,97,736.6,NaN,,6,,70,2
9/6/2022 04:52,22.8,21.7,93.54,355.6,NaN,,7,,170,5
9/6/2022 05:52,22.2,21.7,97,228.6,NaN,,0,,0,4
9/6/2022 06:52,22.2,21.1,93.51,889,NaN,,15,,360,3
9/6/2022 07:52,22.2,21.1,93.51,355.6,NaN,,15,,350,3
9/6/2022 08:52,22.2,21.1,93.51,25.4,NaN,,17,,330,7
9/6/2022 09:52,23.3,21.1,87.49,2.54,NaN,,15,,320,10
9/6/2022 10:52,25,21.1,79.02,0,NaN,,15,,340,10
9/6/2022 11:52,26.7,21.11,71.47,0,28.46,,20,,310,10
9/6/2022 12:52,28.3,20.62,63.13,0,30.3,,22,,330,10
9/6/2022 13:52,29.4,19.43,55,0,30.92,,17,,340,10
9/6/2022 14:52,29.4,20.03,57.09,0,31.24,,20,,320,10
9/6/2022 15:52,30,20.04,55.15,0,31.91,,17,,330,10
9/6/2022 16:52,28.9,18.93,54.88,0,30.14,,15,,350,10
9/6/2022 17:52,28.9,18.33,52.86,0,29.88,,13,,350,10
9/6/2022 18:52,27.8,19.42,60.34,0,29.19,,15,,360,10
9/6/2022 19:52,26.7,20.01,66.79,0,28.14,,11,,30,10
9/6/2022 20:52,25,21.1,79.02,0,NaN,,13,,90,10
9/6/2022 21:52,23.3,20.6,84.84,0,NaN,,9,,90,10
9/6/2022 22:52,22.8,20.6,87.44,0,NaN,,0,,0,10
9/6/2022 23:52,22.8,20.6,87.44,0,NaN,,6,,10,10
9/7/2022 00:52,22.2,20.6,90.68,0,NaN,,6,,90,10
9/7/2022 01:52,22.2,20.6,90.68,0,NaN,,7,,90,10
9/7/2022 02:52,22.2,20.6,90.68,0,NaN,,7,,80,10
9/7/2022 03:52,22.2,19.99,87.39,2.54,NaN,,7,,70,10
9/7/2022 04:52,21.7,20,90.09,2.54,NaN,,6,,70,10
9/7/2022 05:52,21.1,20.6,96.98,254,NaN,,6,,90,4
9/7/2022 06:52,21.1,20.6,96.98,152.4,NaN,,6,,40,10
9/7/2022 07:52,21.7,20,90.09,2.54,NaN,,7,,50,7
9/7/2022 08:52,21.7,20.6,93.48,330.2,NaN,,7,,50,2
9/7/2022 09:52,21.7,20.6,93.48,228.6,NaN,,6,,50,6
9/7/2022 10:52,22.2,20.6,90.68,152.4,NaN,,0,,0,5
9/7/2022 11:52,23.3,21.1,87.49,25.4,NaN,,0,,0,5
9/7/2022 12:52,23.9,20.6,81.83,2.54,NaN,,6,,110,10
9/7/2022 13:52,22.8,19.99,84.26,2.54,NaN,,13,,50,10
9/7/2022 14:52,22.8,21.1,90.17,228.6,NaN,,9,,50,3
9/7/2022 15:52,22.8,21.1,90.17,177.8,NaN,,11,,60,9
9/7/2022 16:52,22.8,19.99,84.26,25.4,NaN,,11,,70,10
9/7/2022 17:52,21.7,20,90.09,2.54,NaN,,11,,60,9
9/7/2022 18:52,21.7,20,90.09,2.54,NaN,,11,,40,10
9/7/2022 19:52,21.7,19.39,86.8,0,NaN,,13,,40,10
9/7/2022 20:52,21.1,18.89,87.29,0,NaN,,17,,70,10
9/7/2022 21:52,20.6,18.89,90.01,0,NaN,,7,,40,10
9/7/2022 22:52,20.6,18.89,90.01,0,NaN,,0,,0,10
9/7/2022 23:52,20.6,18.89,90.01,0,NaN,,9,,30,10
9/8/2022 00:52,20.6,18.29,86.69,0,NaN,,11,,60,10
9/8/2022 01:52,20.6,18.29,86.69,0,NaN,,7,,30,10
9/8/2022 02:52,20.6,18.29,86.69,0,NaN,,7,,20,10
9/8/2022 03:52,20,18.29,89.96,0,NaN,,6,,20,10
9/8/2022 04:52,20,18.29,89.96,0,NaN,,9,,30,10
9/8/2022 05:52,20,18.29,89.96,0,NaN,,9,,20,10
9/8/2022 06:52,20,17.79,87.18,0,NaN,,11,,30,10
9/8/2022 07:52,20.6,18.29,86.69,0,NaN,,9,,360,10
9/8/2022 08:52,21.1,18.29,84.07,0,NaN,,7,,40,10
9/8/2022 09:52,22.8,17.79,73.46,0,NaN,,9,,20,10
9/8/2022 10:52,23.3,17.79,71.28,0,NaN,,13,,360,10
9/8/2022 11:52,23.9,17.79,68.75,0,NaN,,13,,40,10
9/8/2022 12:52,23.9,17.19,66.2,0,NaN,,11,,20,10
9/8/2022 13:52,23.9,17.19,66.2,0,NaN,,15,,30,10
9/8/2022 14:52,25.6,17.2,59.82,0,NaN,,11,,360,10
9/8/2022 15:52,26.1,16.7,56.27,0,NaN,,7,,40,10
9/8/2022 16:52,25.6,15.6,54.04,0,NaN,,7,,50,10
9/8/2022 17:52,25,15.6,56,0,NaN,,15,,20,10
9/8/2022 18:52,24.4,16.09,59.92,0,NaN,,9,,40,10
9/8/2022 19:52,22.2,16.08,68.41,0,NaN,,7,,50,10
9/8/2022 20:52,19.4,16.69,84.41,0,NaN,,0,,0,10
9/8/2022 21:52,18.3,16.69,90.41,0,NaN,,0,,0,10
9/8/2022 22:52,17.8,16.69,93.29,0,NaN,,0,,0,10
9/8/2022 23:52,18.9,16.69,87.08,0,NaN,,0,,0,10
9/9/2022 00:52,17.2,16.09,93.26,0,NaN,,0,,0,10
9/9/2022 01:52,17.2,16.09,93.26,0,NaN,,0,,0,10
9/9/2022 02:52,16.7,15.59,93.23,0,NaN,,0,,0,10
9/9/2022 03:52,17.2,16.09,93.26,0,NaN,,0,,0,10
9/9/2022 04:52,16.1,14.99,93.2,0,NaN,,0,,0,10
9/9/2022 05:52,15.6,15,96.23,0,NaN,,0,,0,10
9/9/2022 06:52,16.1,15.6,96.86,0,NaN,,6,,310,10
9/9/2022 07:52,18.9,17.19,89.88,0,NaN,,9,,320,10
9/9/2022 08:52,21.7,17.79,78.54,0,NaN,,9,,360,10
9/9/2022 09:52,23.3,17.79,71.28,0,NaN,,9,,0,10
9/9/2022 10:52,25.6,16.7,57.96,0,NaN,,7,,70,10
9/9/2022 11:52,26.1,15.6,52.46,0,NaN,,9,,0,10
9/9/2022 12:52,26.7,16.11,52.29,0,27.27,,17,26,80,10
9/9/2022 13:52,27.2,15.61,49.18,0,27.56,,11,,140,10
9/9/2022 14:52,27.8,15.62,47.49,0,28.03,,17,,110,10
9/9/2022 15:52,27.8,15.02,45.7,0,27.89,,11,,130,10
9/9/2022 16:52,27.8,13.92,42.56,0,27.66,,11,,140,10
9/9/2022 17:52,27.2,11.12,36.69,0,26.84,,7,,80,10
9/9/2022 18:52,25,12.8,46.72,0,NaN,,11,,70,10
9/9/2022 19:52,22.8,13.28,55.08,0,NaN,,9,,100,10
9/9/2022 20:52,20.6,13.27,62.99,0,NaN,,11,,120,10
9/9/2022 21:52,20,13.27,65.36,0,NaN,,9,,120,10
9/9/2022 22:52,18.3,13.27,72.66,0,NaN,,9,,120,10
9/9/2022 23:52,19.4,14.38,72.86,0,NaN,,7,,160,10
9/10/2022 00:52,18.9,15.58,81.19,0,NaN,,6,,120,10
9/10/2022 01:52,18.3,15.58,84.29,0,NaN,,0,,0,10
9/10/2022 02:52,16.1,15.6,96.86,0,NaN,,0,,0,10
9/10/2022 03:52,15,13.89,93.14,0,NaN,,0,,0,10
9/10/2022 04:52,14.4,13.9,96.82,0,NaN,,0,,0,10
9/10/2022 05:52,14.4,13.9,96.82,0,NaN,,6,,290,10
9/10/2022 06:52,15,14.4,96.21,0,NaN,,7,,310,10
9/10/2022 07:52,17.2,16.09,93.26,0,NaN,,0,,0,10
9/10/2022 08:52,20,17.19,83.95,0,NaN,,0,,0,10
9/10/2022 09:52,21.7,17.79,78.54,0,NaN,,6,,140,10
9/10/2022 10:52,22.8,17.19,70.74,0,NaN,,7,,160,10
9/10/2022 11:52,23.3,17.19,68.63,0,NaN,,0,,0,10
9/10/2022 12:52,25.6,18.3,64.11,0,NaN,,11,,110,10
9/10/2022 13:52,26.1,18.3,62.24,0,NaN,,9,,110,10
9/10/2022 14:52,26.7,17.81,58.23,0,27.61,,7,,160,10
9/10/2022 15:52,27.2,17.21,54.45,0,27.92,,9,,0,10
9/10/2022 16:52,26.7,17.21,56.07,0,27.48,,7,,130,10
9/10/2022 17:52,25.6,18.3,64.11,0,NaN,,9,,80,10
9/10/2022 18:52,24.4,18.29,68.85,0,NaN,,9,,80,10
9/10/2022 19:52,23.9,18.29,70.95,0,NaN,,9,,110,10
9/10/2022 20:52,23.9,18.29,70.95,0,NaN,,7,,130,10
9/10/2022 21:52,23.3,18.29,73.55,0,NaN,,7,,140,10
9/10/2022 22:52,22.8,18.29,75.81,2.54,NaN,,7,,130,10
9/10/2022 23:52,22.8,18.89,78.7,2.54,NaN,,7,26,160,10
9/11/2022 00:52,21.1,18.89,87.29,50.8,NaN,,0,,0,10
9/11/2022 01:52,21.7,19.39,86.8,2.54,NaN,,0,,0,10
9/11/2022 02:52,21.7,20,90.09,0,NaN,,6,,20,10
9/11/2022 03:52,21.1,20,93.45,0,NaN,,7,,40,10
9/11/2022 04:52,21.7,20.6,93.48,2.54,NaN,,0,,0,10
9/11/2022 05:52,21.7,20.6,93.48,101.6,NaN,,7,,110,6
9/11/2022 06:52,21.7,21.1,96.4,990.6,NaN,,7,,80,3
9/11/2022 07:52,21.7,20.6,93.48,177.8,NaN,,9,,110,2.5
9/11/2022 08:52,21.7,21.1,96.4,50.8,NaN,,11,,110,2
9/11/2022 09:52,22.2,21.7,97,76.2,NaN,,6,,170,1.5
9/11/2022 10:52,22.2,21.7,97,25.4,NaN,,7,,190,2
9/11/2022 11:52,23.3,22.2,93.56,25.4,NaN,,9,,200,8
9/11/2022 12:52,23.9,22.8,93.59,2.54,NaN,,6,,210,8
9/11/2022 13:52,26.1,22.8,82.11,2.54,NaN,,11,,190,10
9/11/2022 14:52,26.1,22.8,82.11,0,NaN,,9,,190,10
9/11/2022 15:52,27.2,22.81,76.97,0,29.87,,11,,190,10
9/11/2022 16:52,26.7,22.21,76.43,0,28.82,,9,,210,10
9/11/2022 17:52,26.7,21.71,74.14,0,28.65,,11,,220,10
9/11/2022 18:52,25.6,21.7,79.1,0,NaN,,7,,170,10
9/11/2022 19:52,24.4,22.2,87.58,0,NaN,,6,,160,10
9/11/2022 20:52,23.3,22.2,93.56,0,NaN,,0,,0,10
9/11/2022 21:52,23.9,22.8,93.59,0,NaN,,7,,150,10
9/11/2022 22:52,23.3,22.8,97.03,0,NaN,,9,,170,10
9/11/2022 23:52,22.8,22.2,96.43,0,NaN,,6,,180,10
9/12/2022 00:52,22.2,21.7,97,0,NaN,,0,,0,9
9/12/2022 01:52,22.8,22.2,96.43,0,NaN,,9,,210,10
9/12/2022 02:52,22.8,22.2,96.43,0,NaN,,0,,0,1
9/12/2022 03:52,22.8,22.2,96.43,0,NaN,,0,,0,1
9/12/2022 04:52,22.8,22.2,96.43,0,NaN,,6,,210,2.5
9/12/2022 05:52,22.8,22.2,96.43,0,NaN,,6,,200,1
9/12/2022 06:52,22.2,22.2,100,0,NaN,,6,,210,0.25
9/12/2022 07:52,22.2,22.2,100,0,NaN,,6,,0,0.75
9/12/2022 08:52,22.8,22.2,96.43,0,NaN,,6,,0,1.5
9/12/2022 09:52,23.3,21.7,90.75,0,NaN,,6,,0,2
9/12/2022 10:52,25,21.7,81.97,0,NaN,,6,,0,10
9/12/2022 11:52,26.1,22.2,79.18,0,NaN,,7,,150,10
9/12/2022 12:52,27.2,22.21,74.22,0,29.6,,6,,150,10
9/12/2022 13:52,28.3,21.12,65.09,0,30.56,,6,,0,10
9/12/2022 14:52,26.7,21.11,71.47,0,28.46,,9,,130,10
9/12/2022 15:52,23.9,22.8,93.59,25.4,NaN,,9,,300,3
9/12/2022 16:52,22.8,21.7,93.54,127,NaN,,17,,340,4
9/12/2022 17:52,22.2,21.1,93.51,533.4,NaN,,0,,0,3
9/12/2022 18:52,22.8,21.7,93.54,25.4,NaN,,6,,160,10
9/12/2022 19:52,22.2,21.1,93.51,0,NaN,,0,,0,10
9/12/2022 20:52,22.2,21.7,97,0,NaN,,0,,0,10
9/12/2022 21:52,22.8,20.6,87.44,0,NaN,,9,,340,10
9/12/2022 22:52,21.7,20.6,93.48,0,NaN,,9,,310,10
9/12/2022 23:52,21.7,20.6,93.48,0,NaN,,6,,320,10
9/13/2022 00:52,20.6,20,96.37,0,NaN,,0,,0,10
9/13/2022 01:52,21.1,20,93.45,0,NaN,,0,,0,10
9/13/2022 02:52,21.1,20,93.45,2.54,NaN,,0,,0,10
9/13/2022 03:52,21.1,19.39,90.04,2.54,NaN,,9,,300,10
9/13/2022 04:52,21.1,17.79,81.48,0,NaN,,7,,340,10
9/13/2022 05:52,20,17.79,87.18,0,NaN,,11,,330,10
9/13/2022 06:52,20,17.79,87.18,0,NaN,,7,,310,10
9/13/2022 07:52,20.6,17.79,84.02,0,NaN,,7,,320,10
9/13/2022 08:52,21.1,14.98,68.19,0,NaN,,19,,330,10
9/13/2022 09:52,22.2,14.98,63.76,0,NaN,,15,,330,10
9/13/2022 10:52,23.3,13.88,55.57,0,NaN,,20,,310,10
9/13/2022 11:52,23.3,11.08,46.25,0,NaN,,13,,320,10
9/13/2022 12:52,25,12.8,46.72,0,NaN,,9,,0,10
9/13/2022 13:52,26.1,11.71,40.72,0,NaN,,17,,240,10
9/13/2022 14:52,26.7,12.21,40.62,0,26.49,,15,,270,10
9/13/2022 15:52,27.2,11.72,38.17,0,26.92,,17,,270,10
9/13/2022 16:52,26.7,11.72,39.31,0,26.45,,15,,270,10
9/13/2022 17:52,26.7,11.12,37.78,0,26.41,,13,,260,10
9/13/2022 18:52,24.4,11.69,45.04,0,NaN,,9,,280,10
9/13/2022 19:52,22.2,13.28,57.12,0,NaN,,9,,300,10
9/13/2022 20:52,21.7,12.17,54.79,0,NaN,,17,,320,10
9/13/2022 21:52,20.6,11.67,56.72,0,NaN,,15,,320,10
9/13/2022 22:52,20.6,11.67,56.72,0,NaN,,19,,330,10
9/13/2022 23:52,19.4,11.66,61.08,0,NaN,,9,,330,10
9/14/2022 00:52,18.3,11.66,65.42,0,NaN,,13,,320,10
9/14/2022 01:52,17.8,11.66,67.51,0,NaN,,11,,330,10
9/14/2022 02:52,17.2,11.06,67.38,0,NaN,,11,,340,10
9/14/2022 03:52,16.7,11.06,69.55,0,NaN,,11,,330,10
9/14/2022 04:52,15.6,11.06,74.59,0,NaN,,9,,360,10
9/14/2022 05:52,16.1,11.06,72.25,0,NaN,,9,,330,10
9/14/2022 06:52,15.6,10.56,72.16,0,NaN,,7,,330,10
9/14/2022 07:52,16.7,11.06,69.55,0,NaN,,9,,320,10
9/14/2022 08:52,18.3,11.66,65.42,0,NaN,,9,,310,10
9/14/2022 09:52,20.6,12.77,60.97,0,NaN,,13,,310,10
9/14/2022 10:52,22.8,13.28,55.08,0,NaN,,17,,320,10
9/14/2022 11:52,23.3,13.88,55.57,0,NaN,,11,,300,10
9/14/2022 12:52,25,13.9,50.19,0,NaN,,17,,310,10
9/14/2022 13:52,26.1,13.9,47.02,0,NaN,,17,,320,10
9/14/2022 14:52,26.1,13.9,47.02,0,NaN,,22,,290,10
9/14/2022 15:52,26.1,13.3,45.22,0,NaN,,24,33,310,10
9/14/2022 16:52,26.1,13.3,45.22,0,NaN,,17,35,340,10
9/14/2022 17:52,25.6,13.9,48.43,0,NaN,,17,,330,10
9/14/2022 18:52,24.4,13.89,52.02,0,NaN,,15,,340,9
9/14/2022 19:52,22.2,14.38,61.34,0,NaN,,7,,300,9
9/14/2022 20:52,20,14.98,72.97,0,NaN,,7,,290,10
9/14/2022 21:52,19.4,14.98,75.73,0,NaN,,7,,270,10
9/14/2022 22:52,17.8,14.98,83.69,0,NaN,,6,,250,10
9/14/2022 23:52,17.2,14.99,86.92,0,NaN,,6,,290,10
9/15/2022 00:52,16.1,14.39,89.67,0,NaN,,0,,0,9
9/15/2022 01:52,18.9,14.38,75.16,0,NaN,,11,,340,10
9/15/2022 02:52,18.9,14.38,75.16,0,NaN,,9,,340,10
9/15/2022 03:52,18.9,14.38,75.16,0,NaN,,9,,330,9
9/15/2022 04:52,17.2,14.38,83.62,0,NaN,,7,,320,10
9/15/2022 05:52,17.8,14.38,80.52,0,NaN,,9,,340,10
9/15/2022 06:52,18.3,14.38,78.03,0,NaN,,7,,340,10
9/15/2022 07:52,19.4,14.38,72.86,0,NaN,,11,,330,10
9/15/2022 08:52,21.1,15.58,70.86,0,NaN,,13,,340,10
9/15/2022 09:52,22.8,15.59,63.9,0,NaN,,22,,330,10
9/15/2022 10:52,23.9,15.59,59.8,0,NaN,,20,33,350,10
9/15/2022 11:52,25,15.6,56,0,NaN,,20,,350,10
9/15/2022 12:52,26.1,15.6,52.46,0,NaN,,19,31,340,10
9/15/2022 13:52,26.7,14.41,46.88,0,26.65,,19,,330,10
9/15/2022 14:52,26.7,13.31,43.66,0,26.57,,9,,340,10
9/15/2022 15:52,27.2,12.82,41.03,0,27.07,,11,,340,10
9/15/2022 16:52,26.7,11.72,39.31,0,26.45,,19,30,360,10
9/15/2022 17:52,25.6,11.7,41.94,0,NaN,,15,,30,10
9/15/2022 18:52,23.9,9.38,39.82,0,NaN,,15,,40,10
9/15/2022 19:52,21.1,12.17,56.84,0,NaN,,11,,50,10
9/15/2022 20:52,20,12.17,60.82,0,NaN,,9,,60,10
9/15/2022 21:52,17.8,12.17,69.77,0,NaN,,6,,80,10
9/15/2022 22:52,16.1,12.78,80.81,0,NaN,,0,,0,10
9/15/2022 23:52,15,12.18,83.36,0,NaN,,0,,0,10
9/16/2022 00:52,13.9,11.68,86.6,0,NaN,,0,,0,10
9/16/2022 01:52,13.3,11.68,90.04,0,NaN,,0,,0,10
9/16/2022 02:52,12.8,11.08,89.41,0,NaN,,0,,0,10
9/16/2022 03:52,12.2,11.09,93,0,NaN,,0,,0,10
9/16/2022 04:52,12.8,11.08,89.41,0,NaN,,0,,0,10
9/16/2022 05:52,11.7,10.59,92.97,0,NaN,,0,,0,10
9/16/2022 06:52,11.7,10.59,92.97,0,NaN,,0,,0,10
9/16/2022 07:52,13.3,12.19,93.05,0,NaN,,0,,0,10
9/16/2022 08:52,17.2,13.27,77.86,0,NaN,,7,,300,10
9/16/2022 09:52,19.4,13.27,67.84,0,NaN,,6,,310,10
9/16/2022 10:52,22.2,12.17,53.15,0,NaN,,7,,0,10
9/16/2022 11:52,23.9,13.29,51.55,0,NaN,,7,,250,10
9/16/2022 12:52,25,13.3,48.27,0,NaN,,7,,260,10
9/16/2022 13:52,26.7,13.31,43.66,0,26.57,,13,,330,10
9/16/2022 14:52,26.7,13.31,43.66,0,26.57,,6,,40,10
9/16/2022 15:52,26.7,13.91,45.39,0,26.61,,7,,270,10
9/16/2022 16:52,26.7,14.41,46.88,0,26.65,,11,,320,10
9/16/2022 17:52,25.6,14.4,50.03,0,NaN,,11,,290,10
9/16/2022 18:52,23.9,14.39,55.36,0,NaN,,9,,310,8
9/16/2022 19:52,21.1,14.98,68.19,0,NaN,,0,,0,8
9/16/2022 20:52,17.8,14.98,83.69,0,NaN,,0,,0,10
9/16/2022 21:52,17.2,14.38,83.62,0,NaN,,0,,0,10
9/16/2022 22:52,16.7,14.38,86.31,0,NaN,,0,,0,10
9/16/2022 23:52,16.1,14.39,89.67,0,NaN,,0,,0,10
9/17/2022 00:52,15.6,14.39,92.58,0,NaN,,0,,0,10
9/17/2022 01:52,15,13.89,93.14,0,NaN,,0,,0,10
9/17/2022 02:52,14.4,13.29,93.11,0,NaN,,0,,0,9
9/17/2022 03:52,13.9,13.29,96.17,0,NaN,,0,,0,7
9/17/2022 04:52,13.3,12.8,96.79,0,NaN,,0,,0,6
9/17/2022 05:52,13.9,12.79,93.09,0,NaN,,0,,0,8
9/17/2022 06:52,13.3,12.8,96.79,0,NaN,,0,,0,8
9/17/2022 07:52,15,14.4,96.21,0,NaN,,0,,0,10
9/17/2022 08:52,18.9,16.08,83.82,0,NaN,,0,,0,10
9/17/2022 09:52,21.7,16.08,70.53,0,NaN,,0,,0,10
9/17/2022 10:52,23.9,17.19,66.2,0,NaN,,0,,0,10
9/17/2022 11:52,25.6,15.6,54.04,0,NaN,,6,,0,10
9/17/2022 12:52,26.1,13.3,45.22,0,NaN,,11,,190,10
9/17/2022 13:52,27.2,13.92,44.08,0,27.24,,13,,170,10
9/17/2022 14:52,26.7,13.91,45.39,0,26.61,,11,,210,10
9/17/2022 15:52,27.2,14.42,45.53,0,27.33,,11,,180,10
9/17/2022 16:52,26.7,13.91,45.39,0,26.61,,9,,0,10
9/17/2022 17:52,25.6,14.4,50.03,0,NaN,,9,,170,10
9/17/2022 18:52,23.9,13.29,51.55,0,NaN,,9,,160,10
9/17/2022 19:52,21.7,14.38,63.24,0,NaN,,7,,160,10
9/17/2022 20:52,20.6,14.98,70.32,0,NaN,,7,,150,10
9/17/2022 21:52,20,14.98,72.97,0,NaN,,7,,170,10
9/17/2022 22:52,18.3,15.58,84.29,0,NaN,,6,,180,10
9/17/2022 23:52,16.7,14.99,89.71,0,NaN,,6,,210,10
9/18/2022 00:52,16.7,14.99,89.71,0,NaN,,0,,0,10
9/18/2022 01:52,16.7,14.99,89.71,0,NaN,,7,,190,10
9/18/2022 02:52,16.7,14.38,86.31,0,NaN,,7,,170,10
9/18/2022 03:52,16.1,14.39,89.67,0,NaN,,7,,180,10
9/18/2022 04:52,15,13.89,93.14,0,NaN,,0,,0,10
9/18/2022 05:52,16.1,14.39,89.67,0,NaN,,13,,180,10
9/18/2022 06:52,15,13.89,93.14,0,NaN,,0,,0,10
9/18/2022 07:52,16.1,14.99,93.2,0,NaN,,9,,180,10
9/18/2022 08:52,17.8,15.59,86.98,0,NaN,,6,,200,10
9/18/2022 09:52,21.1,16.68,76.01,0,NaN,,7,,220,10
9/18/2022 10:52,23.3,16.09,64.01,0,NaN,,9,,180,10
9/18/2022 11:52,25,16.1,57.81,0,NaN,,7,,180,10
9/18/2022 12:52,26.7,16.11,52.29,0,27.27,,7,,0,10
9/18/2022 13:52,27.8,16.72,50.94,0,28.31,,7,,0,10
9/18/2022 14:52,28.3,16.73,49.48,0,28.74,,6,,0,10
9/18/2022 15:52,28.9,16.13,46,0,29.08,,6,,0,10
9/18/2022 16:52,28.9,15.63,44.55,0,28.93,,17,,200,10
9/18/2022 17:52,28.3,16.13,47.63,0,28.57,,9,,200,10
9/18/2022 18:52,25.6,16.1,55.79,0,NaN,,7,,210,10
9/18/2022 19:52,23.3,16.69,66.5,0,NaN,,9,,200,10
9/18/2022 20:52,22.8,17.19,70.74,0,NaN,,9,,190,10
9/18/2022 21:52,22.2,16.68,71.07,0,NaN,,6,,180,10
9/18/2022 22:52,21.1,17.19,78.45,0,NaN,,6,,200,10
9/18/2022 23:52,21.1,17.19,78.45,0,NaN,,6,,200,10
9/19/2022 00:52,20.6,16.68,78.38,0,NaN,,7,,190,10
9/19/2022 01:52,18.3,16.69,90.41,0,NaN,,6,,170,10
9/19/2022 02:52,19.4,16.69,84.41,0,NaN,,0,,0,10
9/19/2022 03:52,17.2,16.09,93.26,0,NaN,,0,,0,10
9/19/2022 04:52,16.7,15.59,93.23,0,NaN,,0,,0,7
9/19/2022 05:52,16.1,15.6,96.86,0,NaN,,0,,0,7
9/19/2022 06:52,15.6,15,96.23,0,NaN,,0,,0,7
9/19/2022 07:52,17.8,17.2,96.29,0,NaN,,0,,0,6
9/19/2022 08:52,21.7,18.29,81.04,0,NaN,,6,,190,10
9/19/2022 09:52,24.4,17.19,64.25,0,NaN,,9,,210,10
9/19/2022 10:52,27.2,17.21,54.45,0,27.92,,11,,210,10
9/19/2022 11:52,28.9,16.13,46,0,29.08,,7,,220,10
9/19/2022 12:52,28.9,15.63,44.55,0,28.93,,0,,0,10
9/19/2022 13:52,30,16.15,43.18,0,30.08,,11,,0,10
9/19/2022 14:52,28.3,15.63,46.13,2.54,28.43,,13,,220,10
9/19/2022 15:52,28.3,16.13,47.63,0,28.57,,15,,220,10
9/19/2022 16:52,28.9,16.73,47.79,0,29.28,,15,,200,10
9/19/2022 17:52,28.3,16.73,49.48,0,28.74,,17,,210,10
9/19/2022 18:52,26.1,17.2,58.08,0,NaN,,7,,220,10
9/19/2022 19:52,23.9,17.79,68.75,0,NaN,,6,,230,10
9/19/2022 20:52,23.3,17.79,71.28,0,NaN,,0,,0,10
9/19/2022 21:52,20,17.19,83.95,0,NaN,,0,,0,10
9/19/2022 22:52,20,17.19,83.95,0,NaN,,0,,0,10
9/19/2022 23:52,20,17.19,83.95,0,NaN,,0,,0,10
9/20/2022 00:52,18.9,16.69,87.08,0,NaN,,0,,0,10
9/20/2022 01:52,17.8,16.69,93.29,0,NaN,,0,,0,10
9/20/2022 02:52,18.3,16.69,90.41,0,NaN,,0,,0,10
9/20/2022 03:52,22.2,17.79,76.19,0,NaN,,6,,350,10
9/20/2022 04:52,21.7,18.29,81.04,0,NaN,,7,,320,10
9/20/2022 05:52,21.7,18.29,81.04,0,NaN,,7,,320,10
9/20/2022 06:52,21.7,18.29,81.04,2.54,NaN,,7,,330,10
9/20/2022 07:52,22.2,18.29,78.61,0,NaN,,7,,310,10
9/20/2022 08:52,23.9,17.19,66.2,0,NaN,,13,,330,10
9/20/2022 09:52,25.6,15.6,54.04,0,NaN,,13,,350,10
9/20/2022 10:52,26.1,13.9,47.02,0,NaN,,19,,330,10
9/20/2022 11:52,27.2,14.42,45.53,0,27.33,,15,,340,10
9/20/2022 12:52,27.8,14.42,43.96,0,27.76,,19,,320,10
9/20/2022 13:52,27.2,15.01,47.32,0,27.44,,20,39,320,10
9/20/2022 14:52,28.3,13.93,41.34,0,28.03,,24,37,290,10
9/20/2022 15:52,28.9,13.94,39.93,0,28.5,,20,,320,10
9/20/2022 16:52,28.9,13.34,38.41,0,28.37,,15,,320,10
9/20/2022 17:52,27.8,13.33,40.94,0,27.55,,19,,300,10
9/20/2022 18:52,26.7,12.81,42.25,0,26.53,,19,,350,10
9/20/2022 19:52,25,12.8,46.72,0,NaN,,7,,340,10
9/20/2022 20:52,20.6,13.87,65.49,0,NaN,,6,,290,10
9/20/2022 21:52,19.4,13.87,70.54,0,NaN,,6,,280,10
9/20/2022 22:52,18.3,13.88,75.55,0,NaN,,0,,0,10
9/20/2022 23:52,17.8,13.88,77.95,0,NaN,,0,,0,10
9/21/2022 00:52,16.7,13.88,83.56,0,NaN,,0,,0,10
9/21/2022 01:52,15.6,13.89,89.63,0,NaN,,0,,0,10
9/21/2022 02:52,15,13.29,89.58,0,NaN,,0,,0,10
9/21/2022 03:52,15,12.78,86.7,0,NaN,,6,,300,10
9/21/2022 04:52,15,12.78,86.7,0,NaN,,0,,0,10
9/21/2022 05:52,14.4,12.79,90.12,0,NaN,,0,,0,10
9/21/2022 06:52,13.9,12.79,93.09,0,NaN,,0,,0,10
9/21/2022 07:52,15,13.89,93.14,0,NaN,,6,,200,10
9/21/2022 08:52,20,16.08,78.29,0,NaN,,0,,0,10
9/21/2022 09:52,23.9,13.89,53.6,0,NaN,,7,,320,10
9/21/2022 10:52,26.1,15,50.48,0,NaN,,0,,0,10
9/21/2022 11:52,27.2,15.01,47.32,0,27.44,,7,,0,10
9/21/2022 12:52,27.8,15.62,47.49,0,28.03,,7,,230,10
9/21/2022 13:52,28.9,14.44,41.25,0,28.62,,9,,230,10
9/21/2022 14:52,28.9,15.63,44.55,0,28.93,,13,,200,10
9/21/2022 15:52,29.4,15.04,41.65,0,29.19,,15,,200,10
9/21/2022 16:52,29.4,15.04,41.65,0,29.19,,15,,210,10
9/21/2022 17:52,28.3,15.63,46.13,0,28.43,,11,,230,10
9/21/2022 18:52,26.7,16.11,52.29,0,27.27,,11,,190,10
9/21/2022 19:52,25,16.1,57.81,0,NaN,,11,,180,10
9/21/2022 20:52,24.4,15.59,58.04,0,NaN,,11,,180,10
9/21/2022 21:52,23.3,16.09,64.01,0,NaN,,15,,180,10
9/21/2022 22:52,22.8,16.09,65.97,0,NaN,,13,,200,10
9/21/2022 23:52,21.7,16.68,73.27,0,NaN,,13,,180,10
9/22/2022 00:52,22.2,16.68,71.07,0,NaN,,15,,180,10
9/22/2022 01:52,21.7,16.68,73.27,0,NaN,,13,,190,10
9/22/2022 02:52,21.7,17.19,75.63,0,NaN,,17,,190,10
9/22/2022 03:52,22.2,17.19,73.36,0,NaN,,17,,190,10
9/22/2022 04:52,21.1,17.19,78.45,0,NaN,,6,,180,10
9/22/2022 05:52,20,17.19,83.95,0,NaN,,0,,0,10
9/22/2022 06:52,20.6,17.79,84.02,0,NaN,,19,,190,10
9/22/2022 07:52,21.1,17.79,81.48,0,NaN,,17,,200,10
9/22/2022 08:52,22.8,18.29,75.81,0,NaN,,11,,200,10
9/22/2022 09:52,23.3,18.89,76.36,2.54,NaN,,0,,0,10
9/22/2022 10:52,23.9,19.39,75.98,25.4,NaN,,0,,0,10
9/22/2022 11:52,22.2,20.6,90.68,2.54,NaN,,19,,290,10
9/22/2022 12:52,22.2,17.79,76.19,50.8,NaN,,24,39,330,10
9/22/2022 13:52,22.8,16.09,65.97,0,NaN,,24,37,330,10
9/22/2022 14:52,24.4,11.09,43.29,0,NaN,,31,57,310,10
9/22/2022 15:52,25,7.8,33.46,0,NaN,,39,59,310,10
9/22/2022 16:52,25,8.9,36.05,0,NaN,,43,57,290,10
9/22/2022 17:52,22.8,7.77,38.18,0,NaN,,33,50,310,10
9/22/2022 18:52,20.6,7.76,43.67,0,NaN,,26,43,310,10
9/22/2022 19:52,18.9,4.94,40,0,NaN,,33,50,320,10
9/22/2022 20:52,17.8,4.94,42.86,0,NaN,,33,57,320,10
9/22/2022 21:52,17.2,6.04,48.04,0,NaN,,20,,350,10
9/22/2022 22:52,16.1,6.03,51.51,0,NaN,,28,43,320,10
9/22/2022 23:52,15,7.14,59.61,0,NaN,,24,43,320,10
9/23/2022 00:52,14.4,6.04,57.45,0,NaN,,19,,320,10
9/23/2022 01:52,13.3,6.04,61.69,0,NaN,,15,,320,10
9/23/2022 02:52,13.3,4.93,57.16,0,NaN,,24,37,320,10
9/23/2022 03:52,12.8,3.82,54.68,0,NaN,,30,46,320,10
9/23/2022 04:52,12.2,3.83,56.88,0,NaN,,24,39,330,10
9/23/2022 05:52,11.7,3.83,58.78,0,NaN,,24,37,320,10
9/23/2022 06:52,11.1,3.22,58.63,0,NaN,,20,33,330,10
9/23/2022 07:52,11.7,3.83,58.78,0,NaN,,15,,320,10
9/23/2022 08:52,13.3,4.32,54.81,0,NaN,,19,33,330,10
9/23/2022 09:52,13.9,3.22,48.79,0,NaN,,28,48,340,10
9/23/2022 10:52,15,3.22,45.45,0,NaN,,28,43,330,10
9/23/2022 11:52,16.1,2.72,40.88,0,NaN,,26,,320,10
9/23/2022 12:52,17.8,2.73,36.71,0,NaN,,28,46,300,10
9/23/2022 13:52,18.9,2.14,32.84,0,NaN,,26,43,320,10
9/23/2022 14:52,20,1.64,29.59,0,NaN,,24,48,340,10
9/23/2022 15:52,20.6,1.65,28.52,0,NaN,,26,44,330,10
9/23/2022 16:52,20.6,1.06,27.32,0,NaN,,28,39,320,10
9/23/2022 17:52,20,1.64,29.59,0,NaN,,19,33,320,10
9/23/2022 18:52,18.3,2.13,34.09,0,NaN,,15,,330,10
9/23/2022 19:52,16.7,2.72,39.35,0,NaN,,7,,350,10
9/23/2022 20:52,13.9,3.82,50.9,0,NaN,,6,,320,10
9/23/2022 21:52,15,3.82,47.41,0,NaN,,13,,320,10
9/23/2022 22:52,13.9,4.32,52.72,0,NaN,,13,,330,10
9/23/2022 23:52,12.8,4.93,59.06,0,NaN,,9,,310,10
9/24/2022 00:52,11.7,5.54,66.19,0,NaN,,9,,260,10
9/24/2022 01:52,10.6,5.55,71.19,0,NaN,,0,,0,10
9/24/2022 02:52,10,6.66,79.95,0,NaN,,0,,0,10
9/24/2022 03:52,12.2,5.54,64.04,0,NaN,,9,,340,10
9/24/2022 04:52,10,5.55,74.1,0,NaN,9,9,,290,10
9/24/2022 05:52,8.3,5.57,83.1,0,NaN,8,6,,320,10
9/24/2022 06:52,7.2,4.97,85.9,0,NaN,6,6,,0,10
9/24/2022 07:52,10,6.66,79.95,0,NaN,,0,,0,10
9/24/2022 08:52,12.2,6.65,69.1,0,NaN,,7,,250,10
9/24/2022 09:52,15,5.53,53.39,0,NaN,,6,,260,10
9/24/2022 10:52,16.7,4.33,44.05,0,NaN,,6,,140,10
9/24/2022 11:52,18.3,5.54,43.3,0,NaN,,6,,100,10
9/24/2022 12:52,18.9,5.54,41.71,0,NaN,,9,,190,10
9/24/2022 13:52,19.4,6.04,41.85,0,NaN,,9,,190,10
9/24/2022 14:52,18.9,6.64,45,0,NaN,,15,,220,10
9/24/2022 15:52,18.9,7.75,48.51,0,NaN,,13,,220,10
9/24/2022 16:52,18.9,7.75,48.51,0,NaN,,11,,170,10
9/24/2022 17:52,19.4,8.85,50.67,0,NaN,,11,,200,10
9/24/2022 18:52,17.8,9.35,57.92,0,NaN,,7,,190,10
9/24/2022 19:52,15,9.36,69.2,0,NaN,,6,,160,10
9/24/2022 20:52,14.4,9.96,74.88,0,NaN,,7,,150,10
9/24/2022 21:52,13.9,9.97,77.35,0,NaN,,6,,170,10
9/24/2022 22:52,13.9,9.97,77.35,0,NaN,,0,,0,10
9/24/2022 23:52,12.8,9.97,83.09,0,NaN,,0,,0,10
9/25/2022 00:52,13.9,11.08,83.23,0,NaN,,0,,0,10
9/25/2022 01:52,13.3,11.08,86.54,0,NaN,,0,,0,10
9/25/2022 02:52,13.3,11.08,86.54,0,NaN,,0,,0,10
9/25/2022 03:52,13.9,11.08,83.23,0,NaN,,0,,0,10
9/25/2022 04:52,13.9,11.08,83.23,0,NaN,,0,,0,10
9/25/2022 05:52,12.8,10.58,86.49,0,NaN,,0,,0,10
9/25/2022 06:52,13.3,11.08,86.54,0,NaN,,0,,0,10
9/25/2022 07:52,14.4,11.68,83.84,0,NaN,,9,,190,10
9/25/2022 08:52,15.6,12.17,80.21,0,NaN,,15,,190,10
9/25/2022 09:52,15.6,12.17,80.21,0,NaN,,20,,190,10
9/25/2022 10:52,17.2,12.77,75.36,0,NaN,,20,,190,10
9/25/2022 11:52,18.3,13.27,72.66,0,NaN,,17,,200,10
9/25/2022 12:52,21.1,14.38,65.6,0,NaN,,20,,200,10
9/25/2022 13:52,23.3,14.99,59.66,0,NaN,,22,,210,10
9/25/2022 14:52,23.9,15.59,59.8,0,NaN,,9,,310,10
9/25/2022 15:52,23.3,15.59,62,0,NaN,,0,,0,10
9/25/2022 16:52,22.8,17.19,70.74,2.54,NaN,,7,,170,10
9/25/2022 17:52,23.3,15.59,62,0,NaN,,17,33,200,10
9/25/2022 18:52,21.1,14.38,65.6,0,NaN,,17,,210,10
9/25/2022 19:52,21.1,13.87,63.51,0,NaN,,19,,220,10
9/25/2022 20:52,20,13.87,67.96,0,NaN,,17,,220,10
9/25/2022 21:52,18.3,13.88,75.55,0,NaN,,0,,0,10
9/25/2022 22:52,18.3,14.38,78.03,0,NaN,,9,,220,10
9/25/2022 23:52,16.7,13.88,83.56,0,NaN,,6,,290,10
9/26/2022 00:52,16.7,13.28,80.37,0,NaN,,7,,310,10
9/26/2022 01:52,13.3,11.68,90.04,0,NaN,,6,,190,10
9/26/2022 02:52,13.9,12.79,93.09,0,NaN,,6,,190,10
9/26/2022 03:52,13.9,12.79,93.09,0,NaN,,6,,190,10
9/26/2022 04:52,13.9,12.79,93.09,0,NaN,,0,,0,10
9/26/2022 05:52,13.9,12.79,93.09,0,NaN,,0,,0,10
9/26/2022 06:52,12.8,11.69,93.03,0,NaN,,11,,190,6
9/26/2022 07:52,14.4,13.29,93.11,0,NaN,,6,,0,10
9/26/2022 08:52,17.2,13.27,77.86,0,NaN,,13,,190,10
9/26/2022 09:52,20.6,12.77,60.97,0,NaN,,13,,220,10
9/26/2022 10:52,23.3,10.58,44.73,0,NaN,,13,33,220,10
9/26/2022 11:52,23.3,10.58,44.73,0,NaN,,11,28,230,10
9/26/2022 12:52,24.4,9.39,38.65,0,NaN,,19,33,220,10
9/26/2022 13:52,25,9.4,37.29,0,NaN,,19,,230,10
9/26/2022 14:52,23.3,8.28,38.33,0,NaN,,15,,240,10
9/26/2022 15:52,22.2,9.37,44.12,0,NaN,,19,,330,10
9/26/2022 16:52,23.3,9.38,41.28,0,NaN,,13,,320,10
9/26/2022 17:52,21.7,9.37,45.49,0,NaN,,22,35,320,10
9/26/2022 18:52,20.6,7.76,43.67,0,NaN,,9,,320,10
9/26/2022 19:52,18.3,7.75,50.37,0,NaN,,6,,310,10
9/26/2022 20:52,16.7,8.25,57.64,0,NaN,,7,,290,10
9/26/2022 21:52,16.1,7.74,57.88,0,NaN,,6,,270,10
9/26/2022 22:52,16.7,7.74,55.71,0,NaN,,17,,300,10
9/26/2022 23:52,16.7,7.14,53.48,0,NaN,,11,,280,10
9/27/2022 00:52,17.2,6.04,48.04,0,NaN,,17,,290,10
9/27/2022 01:52,16.1,6.03,51.51,0,NaN,,9,,290,10
9/27/2022 02:52,16.1,6.03,51.51,0,NaN,,15,,290,10
9/27/2022 03:52,15,5.53,53.39,0,NaN,,11,,300,10
9/27/2022 04:52,15,5.53,53.39,0,NaN,,0,,0,10
9/27/2022 05:52,14.4,5.53,55.49,0,NaN,,9,,280,10
9/27/2022 06:52,13.9,5.53,57.32,0,NaN,,6,,250,10
9/27/2022 07:52,14.4,8.25,66.78,0,NaN,,0,,0,10
9/27/2022 08:52,18.3,7.14,48.35,0,NaN,,6,,210,10
9/27/2022 09:52,19.4,6.65,43.62,0,NaN,,13,,280,10
9/27/2022 10:52,20,5.55,38.95,0,NaN,,19,31,250,10
9/27/2022 11:52,20.6,5.55,37.54,0,NaN,,20,30,290,10
9/27/2022 12:52,21.1,3.86,32.33,0,NaN,,24,41,280,10
9/27/2022 13:52,20,4.35,35.83,0,NaN,,20,,290,10
9/27/2022 14:52,20.6,3.85,33.34,0,NaN,,20,35,300,10
9/27/2022 15:52,21.1,4.35,33.48,0,NaN,,20,,300,10
9/27/2022 16:52,21.1,3.26,30.99,0,NaN,,15,33,300,10
9/27/2022 17:52,19.4,3.84,35.9,0,NaN,,24,,290,10
9/27/2022 18:52,17.2,4.33,42.68,0,NaN,,20,,300,10
9/27/2022 19:52,16.7,4.33,44.05,0,NaN,,26,,300,10
9/27/2022 20:52,15,5.53,53.39,0,NaN,,15,,320,10
9/27/2022 21:52,14.4,4.93,53.22,0,NaN,,17,,310,10
9/27/2022 22:52,13.3,5.53,59.6,0,NaN,,11,,310,10
9/27/2022 23:52,11.7,4.93,63.48,0,NaN,,13,,300,10
9/28/2022 00:52,12.2,4.33,58.91,0,NaN,,11,,280,10
9/28/2022 01:52,10,4.34,68.16,0,NaN,8,13,,310,10
9/28/2022 02:52,10,4.34,68.16,0,NaN,,0,,0,10
9/28/2022 03:52,7.8,3.85,76.34,0,NaN,,0,,0,10
9/28/2022 04:52,6.7,3.86,82.31,0,NaN,,0,,0,10
9/28/2022 05:52,8.9,4.35,73.39,0,NaN,8,6,,260,10
9/28/2022 06:52,10,4.34,68.16,0,NaN,,0,,0,10
9/28/2022 07:52,8.9,5.56,79.79,0,NaN,,0,,0,10
9/28/2022 08:52,13.9,5.53,57.32,0,NaN,,6,,0,10
9/28/2022 09:52,15,6.03,55.27,0,NaN,,20,,310,10
9/28/2022 10:52,16.7,6.64,51.67,0,NaN,,24,37,340,10
9/28/2022 11:52,17.8,7.14,49.89,0,NaN,,22,,310,10
9/28/2022 12:52,18.9,7.75,48.51,0,NaN,,22,33,330,10
9/28/2022 13:52,20.6,8.26,45.18,0,NaN,,26,39,330,10
9/28/2022 14:52,20.6,8.26,45.18,0,NaN,,20,35,340,10
9/28/2022 15:52,20,7.75,45.31,0,NaN,,22,,340,10
9/28/2022 16:52,19.4,7.15,45.14,0,NaN,,22,39,330,10
9/28/2022 17:52,19.4,8.25,48.65,0,NaN,,22,35,350,10
9/28/2022 18:52,17.2,7.74,53.98,0,NaN,,15,,320,10
9/28/2022 19:52,15.6,8.25,61.82,0,NaN,,11,,320,10
9/28/2022 20:52,14.4,8.85,69.55,0,NaN,,7,,330,10
9/28/2022 21:52,13.3,8.25,71.72,0,NaN,,9,,320,10
9/28/2022 22:52,13.9,8.25,68.98,0,NaN,,15,,330,10
9/28/2022 23:52,13.9,8.25,68.98,0,NaN,,11,,330,10
9/29/2022 00:52,13.3,8.25,71.72,0,NaN,,13,,330,10
9/29/2022 01:52,11.7,8.26,79.65,0,NaN,,7,,330,10
9/29/2022 02:52,12.2,8.87,80.27,0,NaN,,7,,330,10
9/29/2022 03:52,12.2,8.87,80.27,0,NaN,,15,,350,10
9/29/2022 04:52,12.8,8.26,74.1,0,NaN,,17,,360,10
9/29/2022 05:52,12.8,7.75,71.62,0,NaN,,22,,360,10
9/29/2022 06:52,12.2,8.26,77.07,0,NaN,,17,,350,10
9/29/2022 07:52,11.7,8.87,82.95,0,NaN,,9,,330,10
9/29/2022 08:52,13.9,8.25,68.98,0,NaN,,17,,360,10
9/29/2022 09:52,15.6,8.25,61.82,0,NaN,,20,,360,10
9/29/2022 10:52,17.2,7.14,51.81,0,NaN,,28,41,360,10
9/29/2022 11:52,18.3,7.75,50.37,0,NaN,,19,37,10,10
9/29/2022 12:52,19.4,7.75,47.03,0,NaN,,24,33,30,10
9/29/2022 13:52,19.4,7.15,45.14,0,NaN,,22,33,350,10
9/29/2022 14:52,20.6,7.15,41.91,0,NaN,,26,39,10,10
9/29/2022 15:52,19.4,7.15,45.14,0,NaN,,19,,10,10
9/29/2022 16:52,20,7.15,43.49,0,NaN,,11,33,20,10
9/29/2022 17:52,18.3,7.14,48.35,0,NaN,,20,,30,10
9/29/2022 18:52,17.2,7.14,51.81,0,NaN,,17,,10,10
9/29/2022 19:52,16.7,7.74,55.71,0,NaN,,19,,10,10
9/29/2022 20:52,16.1,7.74,57.88,0,NaN,,17,,20,10
9/29/2022 21:52,15,7.74,62.1,0,NaN,,19,,20,10
9/29/2022 22:52,14.4,7.14,61.96,0,NaN,,17,,10,10
9/29/2022 23:52,13.3,7.15,66.54,0,NaN,,15,,20,10
9/30/2022 00:52,12.8,7.15,68.75,0,NaN,,13,,30,10
9/30/2022 01:52,12.2,7.15,71.51,0,NaN,,13,,30,10
9/30/2022 02:52,12.2,6.65,69.1,0,NaN,,15,,20,10
9/30/2022 03:52,11.7,6.65,71.41,0,NaN,,11,,360,10
9/30/2022 04:52,11.1,6.65,74.3,0,NaN,,11,,360,10
9/30/2022 05:52,11.1,6.65,74.3,0,NaN,,7,,360,10
9/30/2022 06:52,11.1,6.65,74.3,0,NaN,,15,,360,10
9/30/2022 07:52,11.1,6.65,74.3,0,NaN,,13,,350,10
9/30/2022 08:52,11.7,6.65,71.41,0,NaN,,13,,360,10
9/30/2022 09:52,12.2,7.15,71.51,0,NaN,,13,,10,10
9/30/2022 10:52,13.3,7.75,69.32,0,NaN,,15,,360,10
9/30/2022 11:52,14.4,8.25,66.78,0,NaN,,17,,20,10
9/30/2022 12:52,15.6,9.35,66.59,0,NaN,,15,,20,10
9/30/2022 13:52,15.6,9.35,66.59,0,NaN,,13,,10,10
9/30/2022 14:52,15.6,9.96,69.32,0,NaN,,17,,360,10
9/30/2022 15:52,16.1,10.56,69.89,0,NaN,,19,,30,10
9/30/2022 16:52,15,11.07,77.52,2.54,NaN,,20,,20,10
9/30/2022 17:52,13.9,11.68,86.6,50.8,NaN,,24,,30,10
9/30/2022 18:52,13.9,11.08,83.23,25.4,NaN,,24,35,30,10
9/30/2022 19:52,13.3,10.57,83.71,0,NaN,,20,,20,10
9/30/2022 20:52,13.3,10.57,83.71,2.54,NaN,,20,,30,10
9/30/2022 21:52,12.8,10.58,86.49,228.6,NaN,,22,,10,8
9/30/2022 22:52,12.8,11.08,89.41,254,NaN,,15,35,10,10
9/30/2022 23:52,12.2,11.09,93,457.2,NaN,,26,41,20,3
10/1/2022 00:52,12.2,11.09,93,177.8,NaN,,22,,10,10
10/1/2022 01:52,11.7,10.59,92.97,457.2,NaN,,17,39,350,6
10/1/2022 02:52,11.7,9.98,89.32,279.4,NaN,,28,41,10,10
10/1/2022 03:52,11.7,10.59,92.97,50.8,NaN,,19,31,10,5
10/1/2022 04:52,12.2,11.09,93,101.6,NaN,,24,,30,8
10/1/2022 05:52,12.8,11.69,93.03,2.54,NaN,,19,35,20,10
10/1/2022 06:52,12.8,11.69,93.03,2.54,NaN,,24,,30,10
10/1/2022 07:52,13.3,12.19,93.05,0,NaN,,20,,30,10
10/1/2022 08:52,13.9,12.18,89.49,25.4,NaN,,19,,30,6
10/1/2022 09:52,13.9,12.79,93.09,25.4,NaN,,17,33,50,10
10/1/2022 10:52,14.4,13.29,93.11,2.54,NaN,,22,37,40,10
10/1/2022 11:52,14.4,13.29,93.11,0,NaN,,19,35,50,8
10/1/2022 12:52,14.4,13.29,93.11,2.54,NaN,,17,,50,5
10/1/2022 13:52,15.6,13.89,89.63,50.8,NaN,,19,,30,10
10/1/2022 14:52,15,13.89,93.14,2.54,NaN,,22,,40,4
10/1/2022 15:52,15.6,14.39,92.58,2.54,NaN,,19,,40,8
10/1/2022 16:52,15.6,15,96.23,2.54,NaN,,0,,0,6
10/1/2022 17:52,15.6,15,96.23,76.2,NaN,,13,,40,2.5
10/1/2022 18:52,16.1,14.99,93.2,50.8,NaN,,13,,40,1.75
10/1/2022 19:52,16.1,15.6,96.86,25.4,NaN,,9,,40,2
10/1/2022 20:52,16.1,14.99,93.2,25.4,NaN,,19,,70,2
10/1/2022 21:52,15.6,15,96.23,25.4,NaN,,19,,60,2.5
10/1/2022 22:52,15.6,15,96.23,127,NaN,,13,,60,4
10/1/2022 23:52,15.6,15,96.23,25.4,NaN,,9,,50,8
10/2/2022 00:52,15.6,15,96.23,0,NaN,,11,,50,10
10/2/2022 01:52,15.6,15,96.23,0,NaN,,9,,30,6
10/2/2022 02:52,15.6,14.39,92.58,0,NaN,,17,,30,5
10/2/2022 03:52,14.4,13.9,96.82,0,NaN,,15,,360,7
10/2/2022 04:52,13.9,13.29,96.17,2.54,NaN,,20,,360,3
10/2/2022 05:52,13.9,12.79,93.09,25.4,NaN,,15,,10,10
10/2/2022 06:52,13.3,12.8,96.79,25.4,NaN,,19,,10,4
10/2/2022 07:52,13.9,12.79,93.09,50.8,NaN,,19,,360,2
10/2/2022 08:52,13.9,12.79,93.09,50.8,NaN,,15,,10,2
10/2/2022 09:52,13.9,12.79,93.09,127,NaN,,15,,20,3
10/2/2022 10:52,13.9,12.79,93.09,76.2,NaN,,19,33,20,2
10/2/2022 11:52,13.9,12.18,89.49,25.4,NaN,,24,,30,3
10/2/2022 12:52,13.3,12.19,93.05,127,NaN,,17,,30,1.75
10/2/2022 13:52,13.3,11.68,90.04,127,NaN,,15,,10,2.5
10/2/2022 14:52,13.3,12.19,93.05,76.2,NaN,,13,30,360,2.5
10/2/2022 15:52,13.3,12.19,93.05,177.8,NaN,,20,30,10,2.5
10/2/2022 16:52,13.3,11.68,90.04,127,NaN,,22,37,10,10
10/2/2022 17:52,13.3,11.68,90.04,50.8,NaN,,20,,10,5
10/2/2022 18:52,12.8,11.08,89.41,50.8,NaN,,19,,10,10
10/2/2022 19:52,12.8,10.58,86.49,2.54,NaN,,19,,360,10
10/2/2022 20:52,12.2,10.58,89.96,76.2,NaN,,22,33,20,8
10/2/2022 21:52,12.2,9.98,86.42,2.54,NaN,,22,,30,10
10/2/2022 22:52,11.7,9.98,89.32,25.4,NaN,,17,,20,6
10/2/2022 23:52,11.7,9.38,85.8,25.4,NaN,,11,,20,10
10/3/2022 00:52,12.2,9.98,86.42,2.54,NaN,,7,,360,10
10/3/2022 01:52,12.2,9.37,83.02,2.54,NaN,,19,,20,10
10/3/2022 02:52,11.1,9.38,89.27,2.54,NaN,,11,,40,10
10/3/2022 03:52,11.1,7.16,76.89,2.54,NaN,,17,,30,10
10/3/2022 04:52,10.6,5.55,71.19,2.54,NaN,,24,43,30,10
10/3/2022 05:52,10,3.83,65.81,2.54,NaN,7,20,35,20,10
10/3/2022 06:52,9.4,3.84,68.51,2.54,NaN,7,20,37,10,10
10/3/2022 07:52,8.9,3.84,70.86,2.54,NaN,6,19,,360,10
10/3/2022 08:52,10,3.83,65.81,0,NaN,7,22,37,10,10
10/3/2022 09:52,10,4.34,68.16,2.54,NaN,8,19,,360,10
10/3/2022 10:52,11.7,3.83,58.78,0,NaN,,24,37,20,10
10/3/2022 11:52,12.2,3.83,56.88,2.54,NaN,,26,,20,10
10/3/2022 12:52,12.2,3.22,54.52,2.54,NaN,,24,37,10,10
10/3/2022 13:52,12.8,4.33,56.63,2.54,NaN,,20,,10,10
10/3/2022 14:52,12.8,4.93,59.06,2.54,NaN,,28,,350,10
10/3/2022 15:52,11.7,6.65,71.41,2.54,NaN,,24,35,30,10
10/3/2022 16:52,10,6.66,79.95,101.6,NaN,7,20,,10,10
10/3/2022 17:52,10.6,6.05,73.7,76.2,NaN,,17,33,10,10
10/3/2022 18:52,10,6.06,76.71,25.4,NaN,7,20,,360,10
10/3/2022 19:52,10,6.06,76.71,50.8,NaN,8,13,,10,10
10/3/2022 20:52,9.4,6.06,79.86,76.2,NaN,8,11,,10,10
10/3/2022 21:52,9.4,6.06,79.86,127,NaN,8,11,,350,10
10/3/2022 22:52,9.4,6.67,83.23,25.4,NaN,8,9,,330,10
10/3/2022 23:52,9.4,6.67,83.23,2.54,NaN,8,9,,340,10
10/4/2022 00:52,10,6.66,79.95,25.4,NaN,8,19,35,360,10
10/4/2022 01:52,9.4,7.17,86.14,2.54,NaN,7,15,30,350,10
10/4/2022 02:52,9.4,7.17,86.14,25.4,NaN,7,17,,350,10
10/4/2022 03:52,9.4,7.17,86.14,50.8,NaN,6,22,33,360,10
10/4/2022 04:52,9.4,7.17,86.14,25.4,NaN,7,19,33,350,10
10/4/2022 05:52,8.9,6.67,86.08,101.6,NaN,7,15,,330,10
10/4/2022 06:52,8.9,6.67,86.08,25.4,NaN,7,15,,330,10
10/4/2022 07:52,9.4,6.67,83.23,0,NaN,7,19,,330,10
10/4/2022 08:52,10.6,6.66,76.81,0,NaN,,17,,340,10
10/4/2022 09:52,10.6,6.05,73.7,0,NaN,,22,,340,10
10/4/2022 10:52,11.7,5.54,66.19,0,NaN,,28,43,350,10
10/4/2022 11:52,11.1,6.65,74.3,2.54,NaN,,30,48,360,6
10/4/2022 12:52,11.7,6.65,71.41,0,NaN,,28,43,340,7
10/4/2022 13:52,11.7,6.65,71.41,0,NaN,,24,39,350,10
10/4/2022 14:52,12.2,7.15,71.51,0,NaN,,19,37,340,10
10/4/2022 15:52,12.2,7.15,71.51,0,NaN,,22,,340,10
10/4/2022 16:52,12.2,6.65,69.1,0,NaN,,24,35,340,10
10/4/2022 17:52,11.7,7.15,73.9,0,NaN,,24,43,340,10
10/4/2022 18:52,11.1,8.27,82.88,2.54,NaN,,20,,340,10
10/4/2022 19:52,10.6,8.27,85.68,25.4,NaN,,19,,340,10
10/4/2022 20:52,10.6,8.27,85.68,2.54,NaN,,19,,330,10
10/4/2022 21:52,10.6,8.27,85.68,2.54,NaN,,19,35,330,10
10/4/2022 22:52,10.6,7.77,82.82,0,NaN,,19,,330,10
10/4/2022 23:52,10.6,7.77,82.82,0,NaN,,17,,330,10
10/5/2022 00:52,10.6,7.77,82.82,2.54,NaN,,19,,330,10
10/5/2022 01:52,10,8.28,89.18,2.54,NaN,8,19,,330,10
10/5/2022 02:52,10,8.89,92.87,50.8,NaN,7,22,,320,5
10/5/2022 03:52,10,8.89,92.87,25.4,NaN,7,20,,330,5
10/5/2022 04:52,10,8.89,92.87,50.8,NaN,8,15,,330,9
10/5/2022 05:52,10.6,8.88,89.23,25.4,NaN,,17,,330,4
10/5/2022 06:52,10.6,9.39,92.29,25.4,NaN,,17,,330,6
10/5/2022 07:52,10.6,9.39,92.29,25.4,NaN,,15,,330,1.5
10/5/2022 08:52,11.1,9.38,89.27,25.4,NaN,,15,,330,7
10/5/2022 09:52,11.1,9.99,92.94,2.54,NaN,,17,,320,4
10/5/2022 10:52,13.9,11.68,86.6,0,NaN,,17,,320,10
10/5/2022 11:52,13.9,11.08,83.23,2.54,NaN,,20,,340,7
10/5/2022 12:52,15.6,11.06,74.59,2.54,NaN,,17,,330,10
10/5/2022 13:52,17.2,11.06,67.38,0,NaN,,20,,330,10
10/5/2022 14:52,18.9,11.66,63.01,0,NaN,,19,,340,10
10/5/2022 15:52,20.6,11.67,56.72,0,NaN,,19,,310,10
10/5/2022 16:52,21.1,11.67,55,0,NaN,,22,,330,10
10/5/2022 17:52,20,11.06,56.56,0,NaN,,19,,350,10
10/5/2022 18:52,18.9,11.66,63.01,0,NaN,,13,,340,10
10/5/2022 19:52,17.8,11.66,67.51,0,NaN,,9,,320,10
10/5/2022 20:52,16.7,12.17,74.78,0,NaN,,6,,300,10
10/5/2022 21:52,16.1,12.17,77.69,0,NaN,,7,,290,10
10/5/2022 22:52,15.6,11.06,74.59,0,NaN,,11,,310,10
10/5/2022 23:52,11.7,10.59,92.97,0,NaN,,0,,0,10
10/6/2022 00:52,10.6,9.99,96.07,0,NaN,,0,,0,10
10/6/2022 01:52,11.1,9.99,92.94,0,NaN,,0,,0,10
10/6/2022 02:52,10,8.89,92.87,0,NaN,,0,,0,10
10/6/2022 03:52,8.9,8.29,96.02,0,NaN,8,6,,20,10
10/6/2022 04:52,8.9,7.79,92.81,0,NaN,,0,,0,10
10/6/2022 05:52,8.3,7.19,92.78,0,NaN,,0,,0,10
10/6/2022 06:52,8.3,7.19,92.78,0,NaN,,0,,0,10
10/6/2022 07:52,10,8.28,89.18,0,NaN,10,6,,330,10
10/6/2022 08:52,15,8.25,64.25,0,NaN,,7,,340,10
10/6/2022 09:52,18.3,8.85,54.27,0,NaN,,0,,0,10
10/6/2022 10:52,21.1,8.86,45.63,0,NaN,,17,,320,10
10/6/2022 11:52,22.8,9.98,44.3,0,NaN,,13,,320,10
10/6/2022 12:52,23.9,9.99,41.46,0,NaN,,11,,340,10
10/6/2022 13:52,24.4,9.99,40.23,0,NaN,,7,,330,10
10/6/2022 14:52,25,10.6,40.41,0,NaN,,9,,290,10
10/6/2022 15:52,25.6,11.1,40.31,0,NaN,,11,,290,10
10/6/2022 16:52,24.4,11.09,43.29,0,NaN,,6,,290,10
10/6/2022 17:52,22.8,11.68,49.59,0,NaN,,7,,300,10
10/6/2022 18:52,20,11.66,58.85,0,NaN,,0,,0,10
10/6/2022 19:52,16.1,12.17,77.69,0,NaN,,0,,0,10
10/6/2022 20:52,14.4,12.18,86.65,0,NaN,,0,,0,10
10/6/2022 21:52,16.1,12.17,77.69,0,NaN,,6,,300,10
10/6/2022 22:52,15.6,10.56,72.16,0,NaN,,0,,0,10
10/6/2022 23:52,14.4,10.57,77.94,0,NaN,,0,,0,10
10/7/2022 00:52,12.2,9.98,86.42,0,NaN,,0,,0,10
10/7/2022 01:52,10.6,9.39,92.29,0,NaN,,6,,150,10
10/7/2022 02:52,10,8.89,92.87,0,NaN,,0,,0,10
10/7/2022 03:52,8.9,7.79,92.81,0,NaN,,0,,0,10
10/7/2022 04:52,8.9,8.29,96.02,0,NaN,,0,,0,10
10/7/2022 05:52,9.4,8.29,92.84,0,NaN,,0,,0,9
10/7/2022 06:52,9.4,8.29,92.84,0,NaN,,0,,0,6
10/7/2022 07:52,10,9.39,96.06,0,NaN,,0,,0,7
10/7/2022 08:52,13.9,11.68,86.6,0,NaN,,0,,0,10
10/7/2022 09:52,17.8,11.66,67.51,0,NaN,,9,,180,10
10/7/2022 10:52,21.1,10.56,51.13,0,NaN,,6,,0,10
10/7/2022 11:52,23.3,9.98,42.98,0,NaN,,11,,230,10
10/7/2022 12:52,25,10,38.82,0,NaN,,9,,0,10
10/7/2022 13:52,26.1,8.31,32.43,0,NaN,,13,,260,10
10/7/2022 14:52,26.1,8.31,32.43,0,NaN,,119,30,240,10
10/7/2022 15:52,26.7,8.92,32.61,0,26.28,,9,,240,10
10/7/2022 16:52,25,9.4,37.29,0,NaN,,9,,260,10
10/7/2022 17:52,23.9,9.99,41.46,0,NaN,,9,,300,10
10/7/2022 18:52,22.2,11.07,49.43,0,NaN,,22,31,310,10
10/7/2022 19:52,19.4,11.66,61.08,0,NaN,,20,41,330,10
10/7/2022 20:52,17.2,8.85,58.16,0,NaN,,20,37,320,10
10/7/2022 21:52,16.1,8.85,62.36,0,NaN,,26,39,320,10
10/7/2022 22:52,15.6,8.25,61.82,2.54,NaN,,22,46,340,10
10/7/2022 23:52,13.9,6.03,59.33,0,NaN,,20,39,330,10
10/8/2022 00:52,13.3,6.64,64.3,0,NaN,,22,35,330,10
10/8/2022 01:52,12.8,6.64,66.43,0,NaN,,15,,330,10
10/8/2022 02:52,12.2,6.04,66.3,0,NaN,,13,,330,10
10/8/2022 03:52,11.1,4.94,66.05,0,NaN,,13,,320,10
10/8/2022 04:52,10,4.34,68.16,0,NaN,8,13,,330,10
10/8/2022 05:52,9.4,4.34,70.96,0,NaN,7,15,,330,10
10/8/2022 06:52,8.9,4.35,73.39,0,NaN,6,17,,320,10
10/8/2022 07:52,9.4,4.34,70.96,0,NaN,8,11,,320,10
10/8/2022 08:52,11.7,4.33,60.88,0,NaN,,19,,360,10
10/8/2022 09:52,12.2,4.33,58.91,0,NaN,,17,,350,10
10/8/2022 10:52,12.8,4.33,56.63,0,NaN,,22,,310,10
10/8/2022 11:52,12.2,2.72,52.62,0,NaN,,20,,330,10
10/8/2022 12:52,13.3,2.72,48.97,0,NaN,,17,,330,10
10/8/2022 13:52,13.3,2.11,46.92,0,NaN,,17,,330,10
10/8/2022 14:52,13.3,2.11,46.92,0,NaN,,15,30,320,10
10/8/2022 15:52,14.4,2.71,45.59,0,NaN,,20,,320,10
10/8/2022 16:52,14.4,2.71,45.59,0,NaN,,17,,310,10
10/8/2022 17:52,13.3,2.11,46.92,0,NaN,,13,,320,10
10/8/2022 18:52,10.6,2.12,56.05,0,NaN,,13,,300,10
10/8/2022 19:52,8.9,2.12,62.82,0,NaN,7,9,,280,10
10/8/2022 20:52,8.3,2.13,65.42,0,NaN,7,7,,270,10
10/8/2022 21:52,7.2,2.14,70.51,0,NaN,6,7,,260,10
10/8/2022 22:52,5.6,2.15,78.73,0,NaN,5,6,,220,10
10/8/2022 23:52,3.9,1.67,85.54,0,NaN,3,6,,240,10
10/9/2022 00:52,4.4,2.17,85.6,0,NaN,3,7,,190,10
10/9/2022 01:52,3.9,1.67,85.54,0,NaN,,0,,0,10
10/9/2022 02:52,1.1,-0.02,92.35,0,NaN,,0,,0,10
10/9/2022 03:52,2.2,0.58,89.15,0,NaN,,0,,0,10
10/9/2022 04:52,1.7,0.58,92.39,0,NaN,,0,,0,10
10/9/2022 05:52,3.3,1.68,89.24,0,NaN,1,7,,190,10
10/9/2022 06:52,2.8,1.07,88.56,0,NaN,1,7,,160,10
10/9/2022 07:52,3.3,1.68,89.24,0,NaN,1,7,,180,10
10/9/2022 08:52,6.7,3.86,82.31,0,NaN,6,6,,190,10
10/9/2022 09:52,10.6,4.94,68.29,0,NaN,,9,,180,10
10/9/2022 10:52,15,2.11,42.03,0,NaN,,9,26,280,10
10/9/2022 11:52,15.6,1.01,37.38,0,NaN,,11,,280,10
10/9/2022 12:52,16.1,0.51,34.92,0,NaN,,13,33,290,10
10/9/2022 13:52,17.2,1.02,33.77,0,NaN,,9,,300,10
10/9/2022 14:52,17.8,2.13,35.18,0,NaN,,9,,270,10
10/9/2022 15:52,18.3,1.03,31.51,0,NaN,,15,,280,10
10/9/2022 16:52,17.8,1.02,32.51,0,NaN,,11,,0,10
10/9/2022 17:52,17.2,1.02,33.77,0,NaN,,7,,270,10
10/9/2022 18:52,13.3,3.22,50.73,0,NaN,,6,,220,10
10/9/2022 19:52,8.9,3.84,70.86,0,NaN,,0,,0,10
10/9/2022 20:52,8.3,3.24,70.74,0,NaN,,0,,0,10
10/9/2022 21:52,6.7,3.25,78.9,0,NaN,,0,,0,10
10/9/2022 22:52,6.1,3.26,82.23,0,NaN,,0,,0,10
10/9/2022 23:52,6.7,3.86,82.31,0,NaN,,0,,0,10
10/10/2022 00:52,5,2.77,85.67,0,NaN,4,6,,350,10
10/10/2022 01:52,3.9,2.78,92.52,0,NaN,,0,,0,10
10/10/2022 02:52,3.9,2.78,92.52,0,NaN,,0,,0,10
10/10/2022 03:52,3.3,2.18,92.49,0,NaN,,0,,0,10
10/10/2022 04:52,2.8,1.07,88.56,0,NaN,,0,,0,10
10/10/2022 05:52,2.2,1.08,92.42,0,NaN,,0,,0,10
10/10/2022 06:52,2.2,1.08,92.42,0,NaN,1,6,,150,10
10/10/2022 07:52,2.8,1.68,92.46,0,NaN,,0,,0,10
10/10/2022 08:52,7.8,6.08,88.99,0,NaN,,0,,0,10
10/10/2022 09:52,13.3,4.93,57.16,0,NaN,,0,,0,10
10/10/2022 10:52,16.1,4.93,47.72,0,NaN,,11,,330,10
10/10/2022 11:52,18.3,3.23,36.86,0,NaN,,6,,290,10
10/10/2022 12:52,19.4,2.14,31.83,0,NaN,,9,,0,10
10/10/2022 13:52,19.4,1.04,29.42,0,NaN,,7,,290,10
10/10/2022 14:52,20.6,1.65,28.52,0,NaN,,11,,0,10
10/10/2022 15:52,21.1,2.16,28.66,0,NaN,,6,,0,10
10/10/2022 16:52,20.6,2.75,30.84,0,NaN,,11,,0,10
10/10/2022 17:52,19.4,3.84,35.9,0,NaN,,6,,240,10
10/10/2022 18:52,13.9,5.53,57.32,0,NaN,,6,,200,10
10/10/2022 19:52,11.1,6.05,71.29,0,NaN,,6,,150,10
10/10/2022 20:52,10,5.55,74.1,0,NaN,10,6,,170,10
10/10/2022 21:52,10,5.55,74.1,0,NaN,10,6,,180,10
10/10/2022 22:52,10,6.06,76.71,0,NaN,10,6,,190,10
10/10/2022 23:52,9.4,7.78,89.74,0,NaN,,0,,0,10
10/11/2022 00:52,7.2,4.97,85.9,0,NaN,,0,,0,10
10/11/2022 01:52,6.7,4.98,88.9,0,NaN,,0,,0,10
10/11/2022 02:52,6.1,4.98,92.65,0,NaN,,0,,0,10
10/11/2022 03:52,5.6,4.99,95.91,0,NaN,,0,,0,10
10/11/2022 04:52,4.4,3.89,96.55,0,NaN,,0,,0,10
10/11/2022 05:52,4.4,3.89,96.55,0,NaN,,0,,0,10
10/11/2022 06:52,3.9,3.9,100,0,NaN,,0,,0,10
10/11/2022 07:52,5.6,3.27,85.13,0,NaN,,0,,0,10
10/11/2022 08:52,10.6,7.16,79.49,0,NaN,,0,,0,10
10/11/2022 09:52,15,7.14,59.61,0,NaN,,0,,0,10
10/11/2022 10:52,17.8,6.04,46.25,0,NaN,,0,,0,10
10/11/2022 11:52,20.6,6.65,40.5,0,NaN,,0,,0,10
10/11/2022 12:52,21.7,6.06,36.33,0,NaN,,0,,0,10
10/11/2022 13:52,22.8,4.97,31.48,0,NaN,,6,,0,10
10/11/2022 14:52,22.8,4.97,31.48,0,NaN,,6,,0,10
10/11/2022 15:52,22.8,5.57,32.82,0,NaN,,6,,0,10
10/11/2022 16:52,22.2,5.57,34.04,0,NaN,,6,,0,10
10/11/2022 17:52,20.6,6.65,40.5,0,NaN,,11,,150,10
10/11/2022 18:52,18.3,6.04,44.83,0,NaN,,7,,160,10
10/11/2022 19:52,16.1,6.64,53.68,0,NaN,,9,,160,10
10/11/2022 20:52,15,6.64,57.6,0,NaN,,7,,160,10
10/11/2022 21:52,14.4,7.14,61.96,0,NaN,,9,,160,10
10/11/2022 22:52,13.9,7.75,66.67,0,NaN,,9,,180,10
10/11/2022 23:52,11.1,7.76,80.11,0,NaN,,9,,200,10
10/12/2022 00:52,10,7.17,82.74,0,NaN,10,6,,190,10
10/12/2022 01:52,8.3,6.68,89.65,0,NaN,8,6,,180,10
10/12/2022 02:52,8.3,6.07,86.02,0,NaN,8,6,,180,10
10/12/2022 03:52,6.7,5.59,92.69,0,NaN,5,7,,150,10
10/12/2022 04:52,7.2,5.58,89.56,0,NaN,,0,,0,10
10/12/2022 05:52,6.7,5.59,92.69,0,NaN,6,6,,150,10
10/12/2022 06:52,6.7,6.09,95.95,0,NaN,,0,,0,7
10/12/2022 07:52,8.9,7.79,92.81,2.54,NaN,,0,,0,7
10/12/2022 08:52,11.7,9.98,89.32,0,NaN,,9,,200,10
10/12/2022 09:52,13.9,9.97,77.35,0,NaN,,11,,180,10
10/12/2022 10:52,17.2,9.96,62.62,0,NaN,,11,,170,10
10/12/2022 11:52,18.9,9.96,56.28,0,NaN,,17,,200,10
10/12/2022 12:52,21.1,10.56,51.13,0,NaN,,20,35,190,10
10/12/2022 13:52,22.8,10.57,46.1,0,NaN,,20,35,200,10
10/12/2022 14:52,23.3,11.08,46.25,0,NaN,,22,33,190,10
10/12/2022 15:52,22.2,11.07,49.43,0,NaN,,20,33,180,10
10/12/2022 16:52,20.6,11.67,56.72,0,NaN,,19,,160,10
10/12/2022 17:52,20,11.66,58.85,0,NaN,,17,,160,10
10/12/2022 18:52,19.4,12.17,63.13,0,NaN,,9,,160,10
10/12/2022 19:52,19.4,11.66,61.08,0,NaN,,15,,170,10
10/12/2022 20:52,18.9,11.66,63.01,0,NaN,,13,,160,10
10/12/2022 21:52,18.3,12.17,67.61,0,NaN,,13,,160,10
10/12/2022 22:52,17.8,12.17,69.77,0,NaN,,13,,140,10
10/12/2022 23:52,18.3,12.17,67.61,0,NaN,,7,,170,10
10/13/2022 00:52,17.8,12.17,69.77,0,NaN,,9,,170,10
10/13/2022 01:52,17.8,12.77,72.57,0,NaN,,19,30,170,10
10/13/2022 02:52,17.8,13.27,74.97,0,NaN,,17,31,170,10
10/13/2022 03:52,17.2,13.88,80.96,0,NaN,,11,,160,10
10/13/2022 04:52,16.7,14.38,86.31,101.6,NaN,,13,,160,10
10/13/2022 05:52,16.7,14.99,89.71,2.54,NaN,,9,,170,10
10/13/2022 06:52,16.7,15.59,93.23,457.2,NaN,,15,,160,4
10/13/2022 07:52,16.7,15.59,93.23,304.8,NaN,,24,39,170,1.75
10/13/2022 08:52,17.2,16.09,93.26,177.8,NaN,,19,33,170,6
10/13/2022 09:52,17.8,16.69,93.29,2.54,NaN,,19,33,180,7
10/13/2022 10:52,18.3,17.19,93.31,0,NaN,,17,,180,10
10/13/2022 11:52,19.4,17.19,87.13,0,NaN,,15,,170,10
10/13/2022 12:52,20,17.19,83.95,0,NaN,,15,,170,10
10/13/2022 13:52,20.6,17.79,84.02,0,NaN,,17,,190,10
10/13/2022 14:52,22.2,17.79,76.19,0,NaN,,15,,180,10
10/13/2022 15:52,22.2,17.79,76.19,0,NaN,,15,,150,10
10/13/2022 16:52,21.7,17.79,78.54,0,NaN,,11,,170,10
10/13/2022 17:52,21.1,17.79,81.48,0,NaN,,0,,0,10
10/13/2022 18:52,18.3,12.77,70.32,0,NaN,,22,,350,10
10/13/2022 19:52,17.8,12.17,69.77,0,NaN,,19,,360,10
10/13/2022 20:52,16.1,10.56,69.89,152.4,NaN,,24,41,350,10
10/13/2022 21:52,14.4,10.57,77.94,2.54,NaN,,17,,330,10
10/13/2022 22:52,13.3,11.08,86.54,152.4,NaN,,11,28,360,7
10/13/2022 23:52,12.8,11.08,89.41,228.6,NaN,,19,,40,10
10/14/2022 00:52,12.8,11.08,89.41,2.54,NaN,,11,,20,10
10/14/2022 01:52,12.2,11.09,93,2.54,NaN,,11,,20,10
10/14/2022 02:52,12.2,10.58,89.96,2.54,NaN,,9,,30,10
10/14/2022 03:52,12.2,11.09,93,0,NaN,,0,,0,10
10/14/2022 04:52,12.2,11.09,93,0,NaN,,0,,0,10
10/14/2022 05:52,11.7,11.09,96.11,0,NaN,,0,,0,10
10/14/2022 06:52,11.1,10.59,96.73,0,NaN,,0,,0,10
10/14/2022 07:52,10.6,9.99,96.07,0,NaN,,0,,0,6
10/14/2022 08:52,12.2,11.69,96.76,0,NaN,,6,,190,8
10/14/2022 09:52,14.4,11.07,80.58,0,NaN,,11,,200,10
10/14/2022 10:52,16.1,10.56,69.89,0,NaN,,6,,180,10
10/14/2022 11:52,17.8,6.64,48.21,0,NaN,,13,,190,10
10/14/2022 12:52,18.9,6.64,45,0,NaN,,15,,200,10
10/14/2022 13:52,20,5.55,38.95,0,NaN,,15,,190,10
10/14/2022 14:52,20,3.84,34.59,0,NaN,,6,,0,10
10/14/2022 15:52,20,4.95,37.36,0,NaN,,11,30,190,10
10/14/2022 16:52,19.4,4.34,37.19,0,NaN,,13,,160,10
10/14/2022 17:52,17.8,4.33,41.1,0,NaN,,11,,150,10
10/14/2022 18:52,15,5.53,53.39,0,NaN,,9,,140,10
10/14/2022 19:52,13.9,4.32,52.72,0,NaN,,7,,140,10
10/14/2022 20:52,13.3,3.82,52.92,0,NaN,,11,,150,10
10/14/2022 21:52,13.3,3.82,52.92,0,NaN,,7,,170,10
10/14/2022 22:52,10.6,4.33,65.48,0,NaN,,0,,0,10
10/14/2022 23:52,8.9,5.56,79.79,0,NaN,,0,,0,10
10/15/2022 00:52,7.2,5.58,89.56,0,NaN,,0,,0,10
10/15/2022 01:52,6.7,5.59,92.69,0,NaN,5,7,,120,10
10/15/2022 02:52,7.2,6.09,92.72,0,NaN,6,6,,160,10
10/15/2022 03:52,6.1,4.98,92.65,0,NaN,5,7,,210,10
10/15/2022 04:52,7.2,6.09,92.72,0,NaN,6,6,,170,10
10/15/2022 05:52,7.2,5.58,89.56,0,NaN,6,7,,160,10
10/15/2022 06:52,6.1,4.98,92.65,0,NaN,,0,,0,10
10/15/2022 07:52,7.8,6.08,88.99,0,NaN,6,9,,150,10
10/15/2022 08:52,10,7.17,82.74,0,NaN,8,15,,190,10
10/15/2022 09:52,13.3,7.15,66.54,0,NaN,,15,,180,10
10/15/2022 10:52,16.7,6.64,51.67,0,NaN,,24,37,190,10
10/15/2022 11:52,20,7.15,43.49,0,NaN,,24,35,200,10
10/15/2022 12:52,22.2,6.67,36.73,0,NaN,,28,46,190,10
10/15/2022 13:52,23.3,6.08,32.97,0,NaN,,31,48,200,10
10/15/2022 14:52,24.4,6.09,30.86,0,NaN,,33,48,210,10
10/15/2022 15:52,24.4,7.19,33.29,0,NaN,,22,37,200,10
10/15/2022 16:52,23.9,7.78,35.73,0,NaN,,17,,190,10
10/15/2022 17:52,22.2,8.27,40.97,0,NaN,,13,,190,10
10/15/2022 18:52,20,7.75,45.31,0,NaN,,7,,190,10
10/15/2022 19:52,17.2,8.25,55.84,0,NaN,,9,,160,10
10/15/2022 20:52,17.2,8.25,55.84,0,NaN,,7,,200,10
10/15/2022 21:52,14.4,8.85,69.55,0,NaN,,0,,0,10
10/15/2022 22:52,11.7,7.76,76.99,0,NaN,,7,,170,10
10/15/2022 23:52,11.1,8.27,82.88,0,NaN,,0,,0,10
10/16/2022 00:52,9.4,7.78,89.74,0,NaN,8,7,,280,10
10/16/2022 01:52,9.4,7.78,89.74,0,NaN,,0,,0,10
10/16/2022 02:52,8.9,7.18,89.09,0,NaN,,0,,0,10
10/16/2022 03:52,10,8.28,89.18,0,NaN,,0,,0,10
10/16/2022 04:52,12.2,7.76,74.5,0,NaN,,6,,330,10
10/16/2022 05:52,11.7,7.76,76.99,0,NaN,,0,,0,10
10/16/2022 06:52,10.6,7.16,79.49,0,NaN,,6,,310,10
10/16/2022 07:52,10,6.66,79.95,0,NaN,,0,,0,10
10/16/2022 08:52,13.3,7.75,69.32,0,NaN,,6,,190,10
10/16/2022 09:52,15.6,5.53,51.37,0,NaN,,6,,360,10
10/16/2022 10:52,16.7,7.14,53.48,0,NaN,,6,,330,10
10/16/2022 11:52,19.4,4.94,38.78,0,NaN,,6,,350,10
10/16/2022 12:52,20,4.95,37.36,0,NaN,,6,,0,10
10/16/2022 13:52,21.7,6.06,36.33,0,NaN,,6,,0,10
10/16/2022 14:52,21.7,6.66,37.86,0,NaN,,0,,0,10
10/16/2022 15:52,20.6,7.76,43.67,0,NaN,,9,,160,10
10/16/2022 16:52,19.4,8.25,48.65,0,NaN,,13,,150,10
10/16/2022 17:52,18.3,8.85,54.27,0,NaN,,9,,150,10
10/16/2022 18:52,18.3,8.85,54.27,0,NaN,,13,,150,10
10/16/2022 19:52,17.8,9.95,60.29,0,NaN,,11,,160,10
10/16/2022 20:52,16.7,11.06,69.55,0,NaN,,6,,180,10
10/16/2022 21:52,17.2,11.67,70.11,2.54,NaN,,22,,200,10
10/16/2022 22:52,15.6,11.67,77.61,2.54,NaN,,20,,190,10
10/16/2022 23:52,15,12.18,83.36,0,NaN,,15,,200,10
10/17/2022 00:52,14.4,11.68,83.84,0,NaN,,17,,200,10
10/17/2022 01:52,14.4,12.18,86.65,0,NaN,,17,,190,10
10/17/2022 02:52,13.9,12.18,89.49,0,NaN,,15,,200,10
10/17/2022 03:52,13.9,12.18,89.49,0,NaN,,22,,190,10
10/17/2022 04:52,13.9,12.18,89.49,0,NaN,,13,,190,10
10/17/2022 05:52,13.3,12.19,93.05,0,NaN,,11,,200,10
10/17/2022 06:52,13.9,12.18,89.49,0,NaN,,15,,210,10
10/17/2022 07:52,13.9,12.18,89.49,0,NaN,,19,,200,10
10/17/2022 08:52,14.4,12.79,90.12,0,NaN,,13,,200,10
10/17/2022 09:52,16.7,13.28,80.37,0,NaN,,20,30,220,10
10/17/2022 10:52,17.8,12.77,72.57,0,NaN,,15,,210,10
10/17/2022 11:52,20,11.66,58.85,0,NaN,,19,,220,10
10/17/2022 12:52,20.6,11.06,54.51,0,NaN,,24,,210,10
10/17/2022 13:52,21.7,11.07,50.96,0,NaN,,24,37,180,10
10/17/2022 14:52,20.6,10.56,52.73,0,NaN,,24,35,210,10
10/17/2022 15:52,20,9.96,52.57,0,NaN,,15,35,240,10
10/17/2022 16:52,18.3,9.95,58.43,0,NaN,,11,,330,10
10/17/2022 17:52,17.8,8.25,53.77,0,NaN,,11,,320,10
10/17/2022 18:52,13.9,7.75,66.67,0,NaN,,9,,300,10
10/17/2022 19:52,15,4.32,49.1,0,NaN,,19,,320,10
10/17/2022 20:52,13.3,1.61,45.27,0,NaN,,22,,330,10
10/17/2022 21:52,12.2,0.5,44.95,0,NaN,,19,,330,10
10/17/2022 22:52,11.1,-0.7,44.3,0,NaN,,15,,310,10
10/17/2022 23:52,10.6,-1.81,42.25,0,NaN,,15,,310,10
10/18/2022 00:52,10,-2.92,40.53,0,NaN,8,15,,320,10
10/18/2022 01:52,9.4,-3.42,40.65,0,NaN,7,15,,310,10
10/18/2022 02:52,7.8,-2.31,49.16,0,NaN,6,9,,300,10
10/18/2022 03:52,5.6,-3.41,52.7,0,NaN,3,11,,280,10
10/18/2022 04:52,5,-4.01,52.53,0,NaN,4,6,,270,10
10/18/2022 05:52,2.2,-3.38,66.93,0,NaN,,0,,0,10
10/18/2022 06:52,1.1,-3.37,72.42,0,NaN,,0,,0,10
10/18/2022 07:52,1.7,-2.26,75.28,0,NaN,,6,,0,7
10/18/2022 08:52,7.2,-2.31,51.22,0,NaN,6,7,,280,10
10/18/2022 09:52,8.3,-2.31,47.52,0,NaN,6,15,30,280,10
10/18/2022 10:52,10,-2.31,42.38,0,NaN,7,22,37,280,10
10/18/2022 11:52,10.6,-1.21,44.15,0,NaN,,20,31,280,10
10/18/2022 12:52,11.7,-1.81,39.28,0,NaN,,19,31,300,10
10/18/2022 13:52,12.2,-1.81,38,0,NaN,,26,33,330,10
10/18/2022 14:52,11.1,-2.31,39.38,0,NaN,,30,41,290,10
10/18/2022 15:52,10.6,-2.31,40.72,0,NaN,,22,,310,10
10/18/2022 16:52,11.1,-2.31,39.38,0,NaN,,26,39,320,10
10/18/2022 17:52,10,-2.31,42.38,0,NaN,7,22,,310,10
10/18/2022 18:52,8.3,-2.31,47.52,0,NaN,6,15,,320,10
10/18/2022 19:52,7.2,-2.31,51.22,0,NaN,4,17,,290,10
10/18/2022 20:52,6.7,-2.3,53.01,0,NaN,5,7,,270,10
10/18/2022 21:52,5.6,-2.3,57.19,0,NaN,5,6,,230,10
10/18/2022 22:52,3.9,-2.28,64.4,0,NaN,,0,,0,10
10/18/2022 23:52,1.1,-2.25,78.59,0,NaN,-1,6,,200,10
10/19/2022 00:52,2.2,-1.76,75.37,0,NaN,1,6,,200,10
10/19/2022 01:52,2.2,-1.15,78.77,0,NaN,,0,,0,10
10/19/2022 02:52,3.3,-0.05,78.94,0,NaN,1,9,,190,10
10/19/2022 03:52,1.7,-1.75,78.11,0,NaN,,0,,0,10
10/19/2022 04:52,3.3,-0.66,75.57,0,NaN,,13,,190,10
10/19/2022 05:52,2.2,-1.15,78.77,0,NaN,,9,,190,10
10/19/2022 06:52,1.7,-1.14,81.63,0,NaN,-2,11,,190,10
10/19/2022 07:52,3.9,-0.06,75.67,0,NaN,1,11,,200,10
10/19/2022 08:52,4.4,-0.06,73.06,0,NaN,2,11,,200,10
10/19/2022 09:52,8.3,1.02,60.46,0,NaN,6,15,,190,10
10/19/2022 10:52,10.6,-1.21,44.15,0,NaN,,26,35,210,10
10/19/2022 11:52,11.7,-1.21,41.05,0,NaN,,13,31,240,10
10/19/2022 12:52,12.8,-1.81,36.54,0,NaN,,19,37,290,10
10/19/2022 13:52,13.3,-2.31,34.08,0,NaN,,26,43,240,10
10/19/2022 14:52,12.2,-1.81,38,0,NaN,,22,33,290,10
10/19/2022 15:52,12.2,-1.81,38,0,NaN,,19,33,260,10
10/19/2022 16:52,11.7,-1.81,39.28,0,NaN,,13,,260,10
10/19/2022 17:52,11.1,-1.21,42.71,0,NaN,,13,,270,10
10/19/2022 18:52,10,-0.7,47.67,0,NaN,8,11,,260,10
10/19/2022 19:52,8.9,-1.2,49.48,0,NaN,7,13,,260,10
10/19/2022 20:52,8.3,-0.7,53.45,0,NaN,7,9,,230,10
10/19/2022 21:52,5.6,-0.68,64.33,0,NaN,4,9,,210,10
10/19/2022 22:52,5.6,-0.68,64.33,0,NaN,4,9,,170,10
10/19/2022 23:52,5,-0.07,70.06,0,NaN,3,7,,180,10
10/20/2022 00:52,3.3,-0.05,78.94,0,NaN,,11,,190,10
10/20/2022 01:52,3.9,0.55,79.03,0,NaN,1,13,,200,10
10/20/2022 02:52,3.3,-0.05,78.94,0,NaN,,0,,0,10
10/20/2022 03:52,2.2,-0.03,85.35,0,NaN,-1,11,,190,10
10/20/2022 04:52,1.7,-0.03,88.46,0,NaN,-1,9,,200,10
10/20/2022 05:52,1.7,-0.64,84.68,0,NaN,,6,,170,10
10/20/2022 06:52,0.6,-1.13,88.36,0,NaN,-2,9,,190,10
10/20/2022 07:52,1.1,-0.63,88.4,0,NaN,-2,11,,190,10
10/20/2022 08:52,5,0.54,73.18,0,NaN,2,13,,190,10
10/20/2022 09:52,8.3,1.62,63.13,0,NaN,6,15,,190,10
10/20/2022 10:52,11.7,0.5,46.46,0,NaN,,15,,190,10
10/20/2022 11:52,13.3,-1.2,36.96,0,NaN,,13,30,190,10
10/20/2022 12:52,14.4,-2.9,30.35,0,NaN,,9,,0,10
10/20/2022 13:52,15.6,-4.49,24.93,0,NaN,,17,33,210,10
10/20/2022 14:52,16.1,-4.49,24.14,0,NaN,,22,37,180,10
10/20/2022 15:52,16.1,-5.69,22.04,0,NaN,,19,41,230,10
10/20/2022 16:52,16.1,-4.49,24.14,0,NaN,,17,,210,10
10/20/2022 17:52,14.4,-4,27.96,0,NaN,,17,,200,10
10/20/2022 18:52,12.8,-3.41,32.45,0,NaN,,9,,170,10
10/20/2022 19:52,11.1,-2.31,39.38,0,NaN,,9,,160,10
10/20/2022 20:52,10.6,-1.81,42.25,0,NaN,,11,,170,10
10/20/2022 21:52,8.3,-0.7,53.45,0,NaN,6,11,,190,10
10/20/2022 22:52,6.1,-0.68,62.14,0,NaN,,0,,0,10
10/20/2022 23:52,5.6,0.53,70.19,0,NaN,5,6,,120,10
10/21/2022 00:52,7.2,1.03,65.17,0,NaN,,0,,0,10
10/21/2022 01:52,5.6,0.53,70.19,0,NaN,,0,,0,10
10/21/2022 02:52,2.8,-0.04,81.79,0,NaN,,0,,0,10
10/21/2022 03:52,1.1,-1.13,85.23,0,NaN,,0,,0,10
10/21/2022 04:52,1.1,-1.13,85.23,0,NaN,-1,6,,290,10
10/21/2022 05:52,0.6,-1.74,84.55,0,NaN,,0,,0,10
10/21/2022 06:52,1.1,-1.13,85.23,0,NaN,-1,7,,310,10
10/21/2022 07:52,0.6,-1.13,88.36,0,NaN,,0,,0,10
10/21/2022 08:52,7.2,2.74,73.59,0,NaN,,0,,0,10
10/21/2022 09:52,10,1.62,56.3,0,NaN,,0,,0,10
10/21/2022 10:52,13.3,-0.1,40.05,0,NaN,,0,,0,10
10/21/2022 11:52,16.1,-0.69,32.01,0,NaN,,0,,0,10
10/21/2022 12:52,17.8,-3.37,23.55,0,NaN,,9,,340,10
10/21/2022 13:52,18.9,-2.86,22.81,0,NaN,,11,,230,10
10/21/2022 14:52,18.3,-3.37,22.82,0,NaN,,6,,0,10
10/21/2022 15:52,18.9,-2.26,23.85,0,NaN,,13,,190,10
10/21/2022 16:52,18.3,-2.27,24.76,0,NaN,,9,,190,10
10/21/2022 17:52,16.7,-1.19,29.7,0,NaN,,6,,160,10
10/21/2022 18:52,13.3,-0.1,40.05,0,NaN,,9,,150,10
10/21/2022 19:52,11.7,-0.1,44.48,0,NaN,,11,,150,10
10/21/2022 20:52,11.7,-0.1,44.48,0,NaN,,9,,160,10
10/21/2022 21:52,11.1,2.11,54.22,0,NaN,,9,,170,10
10/21/2022 22:52,10.6,3.83,63.23,0,NaN,,7,,150,10
10/21/2022 23:52,6.7,2.75,76.16,0,NaN,,0,,0,10
10/22/2022 00:52,4.4,1.66,82.59,0,NaN,,0,,0,10
10/22/2022 01:52,5,2.77,85.67,0,NaN,,0,,0,10
10/22/2022 02:52,5,3.27,88.75,0,NaN,3,7,,140,10
10/22/2022 03:52,5.6,3.27,85.13,0,NaN,4,7,,160,10
10/22/2022 04:52,3.3,1.68,89.24,0,NaN,,0,,0,10
10/22/2022 05:52,2.8,1.07,88.56,0,NaN,,0,,0,10
10/22/2022 06:52,1.1,-0.63,88.4,0,NaN,,0,,0,10
10/22/2022 07:52,1.7,0.58,92.39,0,NaN,,0,,0,10
10/22/2022 08:52,7.8,4.36,79.07,0,NaN,,0,,0,10
10/22/2022 09:52,10.6,6.05,73.7,0,NaN,,0,,0,10
10/22/2022 10:52,13.9,4.32,52.72,0,NaN,,0,,0,10
10/22/2022 11:52,17.2,4.33,42.68,0,NaN,,15,,180,10
10/22/2022 12:52,18.9,3.84,37.04,0,NaN,,9,,150,10
10/22/2022 13:52,20.6,2.15,29.56,0,NaN,,7,,0,10
10/22/2022 14:52,21.1,2.76,29.91,0,NaN,,0,,0,10
10/22/2022 15:52,21.1,3.86,32.33,0,NaN,,6,,0,10
10/22/2022 16:52,20.6,2.75,30.84,0,NaN,,13,,120,10
10/22/2022 17:52,18.9,2.14,32.84,0,NaN,,7,,140,10
10/22/2022 18:52,13.3,3.22,50.73,0,NaN,,7,,160,10
10/22/2022 19:52,12.8,4.33,56.63,0,NaN,,7,,120,10
10/22/2022 20:52,12.8,5.53,61.57,0,NaN,,9,,130,10
10/22/2022 21:52,8.3,4.35,76.43,0,NaN,,0,,0,10
10/22/2022 22:52,7.2,3.86,79.54,0,NaN,6,7,,100,10
10/22/2022 23:52,7.2,3.86,79.54,0,NaN,6,6,,300,10
10/23/2022 00:52,6.7,3.86,82.31,0,NaN,,0,,0,10
10/23/2022 01:52,5.6,3.27,85.13,0,NaN,4,7,,310,10
10/23/2022 02:52,4.4,3.28,92.55,0,NaN,,0,,0,10
10/23/2022 03:52,5,3.27,88.75,0,NaN,3,7,,320,10
10/23/2022 04:52,4.4,2.78,89.33,0,NaN,,0,,0,10
10/23/2022 05:52,6.1,4.38,88.85,0,NaN,4,9,,320,10
10/23/2022 06:52,6.1,3.87,85.79,0,NaN,5,7,,330,10
10/23/2022 07:52,6.7,4.37,85.25,0,NaN,4,11,,330,10
10/23/2022 08:52,9.4,4.95,73.99,0,NaN,9,6,,10,10
10/23/2022 09:52,12.8,6.04,63.74,0,NaN,,11,,350,10
10/23/2022 10:52,15,6.64,57.6,0,NaN,,13,,340,10
10/23/2022 11:52,16.1,7.74,57.88,0,NaN,,13,,360,10
10/23/2022 12:52,16.7,10.56,67.27,0,NaN,,11,,360,10
10/23/2022 13:52,17.2,11.06,67.38,0,NaN,,17,,340,10
10/23/2022 14:52,18.3,11.06,62.87,0,NaN,,19,,350,10
10/23/2022 15:52,18.9,11.06,60.56,0,NaN,,17,,340,10
10/23/2022 16:52,18.9,10.56,58.58,0,NaN,,20,,350,10
10/23/2022 17:52,18.3,10.56,60.82,0,NaN,,15,,10,10
10/23/2022 18:52,17.2,9.35,60.15,0,NaN,,17,,20,10
10/23/2022 19:52,16.7,9.35,62.08,0,NaN,,22,,50,10
10/23/2022 20:52,15.6,10.56,72.16,0,NaN,,15,,20,10
10/23/2022 21:52,15.6,10.56,72.16,0,NaN,,19,,20,10
10/23/2022 22:52,15,11.07,77.52,0,NaN,,17,,20,10
10/23/2022 23:52,13.9,11.68,86.6,2.54,NaN,,17,,360,10
10/24/2022 00:52,13.9,11.68,86.6,2.54,NaN,,17,,350,10
10/24/2022 01:52,13.9,12.18,89.49,0,NaN,,15,,320,10
10/24/2022 02:52,13.9,12.18,89.49,0,NaN,,11,,340,10
10/24/2022 03:52,14.4,12.18,86.65,0,NaN,,15,,340,10
10/24/2022 04:52,14.4,12.18,86.65,0,NaN,,17,,350,10
10/24/2022 05:52,13.9,12.18,89.49,2.54,NaN,,9,,330,10
10/24/2022 06:52,14.4,12.18,86.65,2.54,NaN,,13,,340,6
10/24/2022 07:52,14.4,12.18,86.65,0,NaN,,19,,360,10
10/24/2022 08:52,15,12.18,83.36,0,NaN,,13,,350,7
10/24/2022 09:52,15.6,12.17,80.21,0,NaN,,15,,360,10
10/24/2022 10:52,17.2,12.17,72.45,0,NaN,,13,,350,10
10/24/2022 11:52,17.8,12.17,69.77,0,NaN,,9,,10,10
10/24/2022 12:52,20,12.77,63.26,0,NaN,,15,,350,10
10/24/2022 13:52,19.4,12.77,65.66,0,NaN,,7,,360,10
10/24/2022 14:52,19.4,12.77,65.66,0,NaN,,9,,360,10
10/24/2022 15:52,19.4,12.77,65.66,0,NaN,,13,,350,10
10/24/2022 16:52,19.4,12.77,65.66,0,NaN,,9,,30,10
10/24/2022 17:52,18.9,13.27,69.98,0,NaN,,7,,60,10
10/24/2022 18:52,16.7,12.77,77.79,0,NaN,,9,,70,10
10/24/2022 19:52,16.1,12.78,80.81,0,NaN,,7,,60,10
10/24/2022 20:52,16.1,13.28,83.49,0,NaN,,7,,50,10
10/24/2022 21:52,15.6,13.28,86.2,0,NaN,,7,,30,10
10/24/2022 22:52,13.9,12.79,93.09,0,NaN,,0,,0,10
10/24/2022 23:52,13.3,12.19,93.05,0,NaN,,0,,0,10
10/25/2022 00:52,14.4,12.79,90.12,0,NaN,,0,,0,10
10/25/2022 01:52,15,13.29,89.58,0,NaN,,0,,0,10
10/25/2022 02:52,15.6,13.28,86.2,0,NaN,,0,,0,10
10/25/2022 03:52,14.4,13.29,93.11,0,NaN,,0,,0,10
10/25/2022 04:52,15,13.29,89.58,0,NaN,,0,,0,10
10/25/2022 05:52,15,13.29,89.58,0,NaN,,0,,0,9
10/25/2022 06:52,15,13.29,89.58,0,NaN,,0,,0,7
10/25/2022 07:52,15,13.29,89.58,0,NaN,,0,,0,7
10/25/2022 08:52,16.7,13.28,80.37,0,NaN,,0,,0,10
10/25/2022 09:52,16.7,13.28,80.37,0,NaN,,6,,240,10
10/25/2022 10:52,17.2,13.27,77.86,0,NaN,,6,,190,10
10/25/2022 11:52,17.2,13.27,77.86,0,NaN,,0,,0,10
10/25/2022 12:52,17.2,13.27,77.86,0,NaN,,9,,210,10
10/25/2022 13:52,17.8,13.88,77.95,0,NaN,,7,,190,10
10/25/2022 14:52,18.3,13.88,75.55,0,NaN,,7,,110,10
10/25/2022 15:52,18.3,13.88,75.55,0,NaN,,6,,120,10
10/25/2022 16:52,18.3,13.88,75.55,0,NaN,,11,,110,10
10/25/2022 17:52,16.7,13.28,80.37,0,NaN,,9,,110,10
10/25/2022 18:52,16.1,13.88,86.81,0,NaN,,11,,130,10
10/25/2022 19:52,16.1,13.28,83.49,0,NaN,,7,,140,10
10/25/2022 20:52,16.1,13.28,83.49,0,NaN,,9,,140,10
10/25/2022 21:52,16.1,13.28,83.49,0,NaN,,9,,170,10
10/25/2022 22:52,15.6,12.78,83.43,0,NaN,,13,,160,10
10/25/2022 23:52,15,12.78,86.7,0,NaN,,9,,210,10
10/26/2022 00:52,15,12.18,83.36,0,NaN,,6,,230,10
10/26/2022 01:52,14.4,12.79,90.12,0,NaN,,6,,200,10
10/26/2022 02:52,14.4,12.79,90.12,0,NaN,,6,,150,10
10/26/2022 03:52,14.4,12.79,90.12,0,NaN,,7,,150,10
10/26/2022 04:52,14.4,12.79,90.12,0,NaN,,9,,200,10
10/26/2022 05:52,13.9,12.79,93.09,0,NaN,,6,,230,7
10/26/2022 06:52,13.9,12.79,93.09,0,NaN,,6,,170,7
10/26/2022 07:52,13.9,12.79,93.09,0,NaN,,0,,0,10
10/26/2022 08:52,15,12.78,86.7,0,NaN,,7,,190,10
10/26/2022 09:52,15,12.78,86.7,0,NaN,,11,,200,8
10/26/2022 10:52,16.1,13.28,83.49,2.54,NaN,,11,,190,10
10/26/2022 11:52,16.1,13.88,86.81,25.4,NaN,,7,,180,10
10/26/2022 12:52,16.7,14.38,86.31,50.8,NaN,,11,,200,10
10/26/2022 13:52,17.8,13.88,77.95,0,NaN,,17,,180,10
10/26/2022 14:52,17.8,13.27,74.97,0,NaN,,20,33,220,10
10/26/2022 15:52,19.4,13.27,67.84,0,NaN,,20,,200,10
10/26/2022 16:52,18.9,13.27,69.98,0,NaN,,11,,210,10
10/26/2022 17:52,17.8,13.27,74.97,0,NaN,,7,,210,10
10/26/2022 18:52,18.3,13.88,75.55,2.54,NaN,,9,,290,10
10/26/2022 19:52,17.8,12.17,69.77,2.54,NaN,,9,,320,10
10/26/2022 20:52,16.7,9.35,62.08,0,NaN,,9,,340,10
10/26/2022 21:52,16.1,7.74,57.88,0,NaN,,26,35,310,10
10/26/2022 22:52,15.6,7.14,57.36,0,NaN,,33,48,320,10
10/26/2022 23:52,14.4,7.14,61.96,0,NaN,,17,,310,10
10/27/2022 00:52,13.3,7.15,66.54,0,NaN,,9,28,310,10
10/27/2022 01:52,13.9,7.14,64,0,NaN,,11,30,310,10
10/27/2022 02:52,13.3,7.15,66.54,0,NaN,,15,,310,10
10/27/2022 03:52,13.3,6.64,64.3,0,NaN,,19,,330,10
10/27/2022 04:52,12.8,5.53,61.57,0,NaN,,17,33,320,10
10/27/2022 05:52,12.2,5.54,64.04,0,NaN,,19,,330,10
10/27/2022 06:52,11.7,5.54,66.19,0,NaN,,13,,330,10
10/27/2022 07:52,11.7,5.54,66.19,0,NaN,,15,,330,10
10/27/2022 08:52,12.8,4.93,59.06,0,NaN,,19,33,330,10
10/27/2022 09:52,13.3,4.32,54.81,0,NaN,,28,43,350,10
10/27/2022 10:52,14.4,3.82,49.28,0,NaN,,28,43,350,10
10/27/2022 11:52,15,3.82,47.41,0,NaN,,22,37,350,10
10/27/2022 12:52,16.1,3.22,42.36,0,NaN,,20,33,360,10
10/27/2022 13:52,16.7,3.22,40.77,0,NaN,,22,33,340,10
10/27/2022 14:52,17.8,2.73,36.71,0,NaN,,24,33,340,10
10/27/2022 15:52,18.3,2.73,35.58,0,NaN,,20,35,340,10
10/27/2022 16:52,18.3,2.73,35.58,0,NaN,,15,,340,10
10/27/2022 17:52,16.7,1.02,34.85,0,NaN,,20,,20,10
10/27/2022 18:52,15.6,0.51,36.06,0,NaN,,17,,10,10
10/27/2022 19:52,13.9,1.01,41.71,0,NaN,,19,,40,10
10/27/2022 20:52,11.1,1.01,50.11,0,NaN,,13,,40,10
10/27/2022 21:52,12.2,0.5,44.95,0,NaN,,11,,10,10
10/27/2022 22:52,11.1,-0.1,46.28,0,NaN,,13,,20,10
10/27/2022 23:52,11.1,0.5,48.34,0,NaN,,9,,20,10
10/28/2022 00:52,10,0.51,52.01,0,NaN,8,13,,10,10
10/28/2022 01:52,9.4,-0.1,51.84,0,NaN,7,13,,10,10
10/28/2022 02:52,8.9,-0.09,53.62,0,NaN,7,15,,10,10
10/28/2022 03:52,5.6,0.53,70.19,0,NaN,4,7,,320,10
10/28/2022 04:52,7.2,0.52,62.86,0,NaN,5,13,,360,10
10/28/2022 05:52,6.7,0.52,65.05,0,NaN,5,7,,350,10
10/28/2022 06:52,6.1,-0.08,64.92,0,NaN,4,11,,10,10
10/28/2022 07:52,6.7,0.52,65.05,0,NaN,4,15,,360,10
10/28/2022 08:52,8.3,0.51,58.32,0,NaN,6,13,,360,10
10/28/2022 09:52,8.9,1.01,58.06,0,NaN,7,11,,20,10
10/28/2022 10:52,11.1,2.11,54.22,0,NaN,,17,,10,10
10/28/2022 11:52,12.2,3.22,54.52,0,NaN,,9,,0,10
10/28/2022 12:52,13.3,4.32,54.81,0,NaN,,13,,20,10
10/28/2022 13:52,14.4,4.93,53.22,0,NaN,,15,,10,10
10/28/2022 14:52,15,4.93,51.21,0,NaN,,0,,0,10
10/28/2022 15:52,15,4.93,51.21,0,NaN,,13,,330,10
10/28/2022 16:52,15,4.93,51.21,0,NaN,,11,,0,10
10/28/2022 17:52,13.3,6.04,61.69,0,NaN,,9,,70,10
10/28/2022 18:52,11.7,6.04,68.52,0,NaN,,9,,60,10
10/28/2022 19:52,10.6,6.05,73.7,0,NaN,,7,,50,10
10/28/2022 20:52,10,6.06,76.71,0,NaN,9,9,,40,10
10/28/2022 21:52,9.4,5.56,77.15,0,NaN,8,11,,40,10
10/28/2022 22:52,8.3,5.57,83.1,0,NaN,7,9,,50,10
10/28/2022 23:52,7.8,4.97,82.46,0,NaN,7,7,,330,6
10/29/2022 00:52,6.1,4.38,88.85,0,NaN,,0,,0,10
10/29/2022 01:52,6.1,3.87,85.79,0,NaN,5,6,,340,10
10/29/2022 02:52,5,3.27,88.75,0,NaN,3,7,,320,10
10/29/2022 03:52,5,3.27,88.75,0,NaN,4,6,,320,10
10/29/2022 04:52,5,3.27,88.75,0,NaN,4,6,,320,10
10/29/2022 05:52,2.8,1.68,92.46,0,NaN,1,6,,320,10
10/29/2022 06:52,5,3.27,88.75,0,NaN,4,6,,320,10
10/29/2022 07:52,5,3.27,88.75,0,NaN,3,7,,330,10
10/29/2022 08:52,7.2,4.36,82.38,0,NaN,6,7,,330,10
10/29/2022 09:52,10.6,4.94,68.29,0,NaN,,9,,10,10
10/29/2022 10:52,13.3,5.53,59.6,0,NaN,,13,,70,10
10/29/2022 11:52,14.4,4.32,51.04,0,NaN,,9,,80,10
10/29/2022 12:52,16.1,4.33,45.77,0,NaN,,9,,10,10
10/29/2022 13:52,16.7,4.33,44.05,0,NaN,,7,,0,10
10/29/2022 14:52,17.8,3.23,38.04,0,NaN,,9,,340,10
10/29/2022 15:52,17.8,2.73,36.71,0,NaN,,7,,0,10
10/29/2022 16:52,16.7,2.12,37.71,0,NaN,,9,,90,10
10/29/2022 17:52,15.6,2.12,40.45,0,NaN,,6,,110,10
10/29/2022 18:52,13.9,3.82,50.9,0,NaN,,11,,350,10
10/29/2022 19:52,8.9,2.73,65.56,0,NaN,8,7,,0,10
10/29/2022 20:52,7.8,2.13,67.68,0,NaN,,0,,0,10
10/29/2022 21:52,7.2,2.14,70.51,0,NaN,6,6,,150,10
10/29/2022 22:52,4.4,0.55,76.31,0,NaN,,0,,0,10
10/29/2022 23:52,3.3,0.56,82.45,0,NaN,,0,,0,10
10/30/2022 00:52,2.8,1.07,88.56,0,NaN,,0,,0,10
10/30/2022 01:52,2.2,0.58,89.15,0,NaN,,0,,0,10
10/30/2022 02:52,1.1,-0.02,92.35,0,NaN,,0,,0,10
10/30/2022 03:52,0.6,-0.62,91.65,0,NaN,,0,,0,10
10/30/2022 04:52,1.1,-0.63,88.4,0,NaN,-1,6,,330,10
10/30/2022 05:52,0,-1.12,92.28,0,NaN,,0,,0,10
10/30/2022 06:52,0.6,-1.13,88.36,0,NaN,,0,,0,10
10/30/2022 07:52,0,-1.12,92.28,0,NaN,,0,,0,8
10/30/2022 08:52,4.4,1.66,82.59,0,NaN,3,7,,320,10
10/30/2022 09:52,7.8,2.74,70.64,0,NaN,,0,,0,10
10/30/2022 10:52,11.1,3.83,61.16,0,NaN,,0,,0,10
10/30/2022 11:52,13.9,5.53,57.32,0,NaN,,6,,150,10
10/30/2022 12:52,16.1,6.03,51.51,0,NaN,,7,,0,10
10/30/2022 13:52,16.7,6.03,49.58,0,NaN,,0,,0,10
10/30/2022 14:52,17.2,6.04,48.04,0,NaN,,7,,130,10
10/30/2022 15:52,17.2,6.04,48.04,0,NaN,,9,,140,10
10/30/2022 16:52,15,6.03,55.27,0,NaN,,6,,140,10
10/30/2022 17:52,14.4,6.64,59.87,0,NaN,,9,,120,10
10/30/2022 18:52,13.3,6.64,64.3,0,NaN,,6,,140,10
10/30/2022 19:52,12.2,6.65,69.1,0,NaN,,0,,0,10
10/30/2022 20:52,11.1,6.65,74.3,0,NaN,,0,,0,10
10/30/2022 21:52,10.6,6.66,76.81,0,NaN,,7,,140,10
10/30/2022 22:52,10,7.17,82.74,0,NaN,,0,,0,10
10/30/2022 23:52,8.9,6.67,86.08,0,NaN,,0,,0,10
10/31/2022 00:52,10,8.28,89.18,0,NaN,,0,,0,10
10/31/2022 01:52,10.6,8.27,85.68,0,NaN,,0,,0,10
10/31/2022 02:52,10.6,8.27,85.68,0,NaN,,0,,0,10
10/31/2022 03:52,10,7.77,86.2,0,NaN,,0,,0,10
10/31/2022 04:52,7.8,6.69,92.75,0,NaN,,0,,0,10
10/31/2022 05:52,7.2,6.09,92.72,0,NaN,,0,,0,10
10/31/2022 06:52,7.8,6.69,92.75,0,NaN,,0,,0,9
10/31/2022 07:52,9.4,8.29,92.84,0,NaN,,0,,0,7
10/31/2022 08:52,11.7,9.98,89.32,0,NaN,,0,,0,10
10/31/2022 09:52,13.3,11.08,86.54,0,NaN,,6,,240,7
10/31/2022 10:52,14.4,10.57,77.94,2.54,NaN,,15,,190,10
10/31/2022 11:52,16.1,11.06,72.25,0,NaN,,13,,180,10
10/31/2022 13:52,18.9,12.77,67.74,0,NaN,,22,,190,10
10/31/2022 14:52,18.3,12.77,70.32,0,NaN,,19,,200,10
10/31/2022 15:52,16.1,14.39,89.67,127,NaN,,9,,210,4
10/31/2022 16:52,15.6,14.39,92.58,152.4,NaN,,9,,190,8
10/31/2022 17:52,15.6,14.39,92.58,50.8,NaN,,9,,210,8
10/31/2022 18:52,15.6,14.39,92.58,2.54,NaN,,11,,180,8
10/31/2022 19:52,15,14.4,96.21,127,NaN,,7,,190,10
10/31/2022 20:52,15,14.4,96.21,0,NaN,,7,,160,7
10/31/2022 21:52,15,14.4,96.21,2.54,NaN,,6,,160,6
10/31/2022 22:52,15,14.4,96.21,0,NaN,,6,,200,8
10/31/2022 23:52,15,14.4,96.21,0,NaN,,6,,200,9
11/1/2022 00:52,15,14.4,96.21,0,NaN,,0,,0,9
11/1/2022 01:52,15.6,13.89,89.63,0,NaN,,7,,260,10
11/1/2022 02:52,14.4,13.9,96.82,0,NaN,,0,,0,8
11/1/2022 03:52,12.8,12.19,96.14,0,NaN,,0,,0,7
11/1/2022 04:52,10.6,10.6,100,0,NaN,,0,,0,0.5
11/1/2022 05:52,12.2,11.69,96.76,0,NaN,,0,,0,0.75
11/1/2022 06:52,13.3,12.8,96.79,0,NaN,,0,,0,0.75
11/1/2022 07:52,12.8,12.8,100,0,NaN,,6,,190,0.25
11/1/2022 08:52,13.9,13.9,100,0,NaN,,0,,0,4
11/1/2022 09:52,15,14.4,96.21,0,NaN,,6,,250,1
11/1/2022 10:52,16.7,14.99,89.71,0,NaN,,0,,0,10
11/1/2022 11:52,21.1,14.98,68.19,0,NaN,,6,,0,10
11/1/2022 12:52,21.7,13.27,58.88,0,NaN,,7,,0,10
11/1/2022 13:52,23.9,12.79,49.89,0,NaN,,19,35,290,10
11/1/2022 14:52,23.3,12.78,51.72,0,NaN,,26,35,350,10
11/1/2022 15:52,22.2,11.67,51.43,0,NaN,,20,,310,10
11/1/2022 16:52,22.8,11.68,49.59,0,NaN,,24,41,310,10
11/1/2022 17:52,20.6,10.56,52.73,0,NaN,,24,,310,10
11/1/2022 18:52,18.9,9.96,56.28,0,NaN,,17,,310,10
11/1/2022 19:52,17.2,9.96,62.62,0,NaN,,11,,310,10
11/1/2022 20:52,16.1,9.96,67.15,0,NaN,,0,,0,10
11/1/2022 21:52,15.6,10.56,72.16,0,NaN,,15,,300,10
11/1/2022 22:52,15,10.57,74.99,0,NaN,,7,,310,10
11/1/2022 23:52,14.4,10.57,77.94,0,NaN,,7,,310,10
11/2/2022 00:52,14.4,10.57,77.94,0,NaN,,7,,340,10
11/2/2022 01:52,13.9,10.57,80.51,0,NaN,,6,,320,10
11/2/2022 02:52,12.2,10.58,89.96,0,NaN,,7,,340,10
11/2/2022 03:52,13.3,10.57,83.71,0,NaN,,7,,360,10
11/2/2022 04:52,13.9,11.08,83.23,0,NaN,,13,,350,10
11/2/2022 05:52,10.6,8.88,89.23,0,NaN,,0,,0,10
11/2/2022 06:52,9.4,8.29,92.84,0,NaN,9,6,,290,10
11/2/2022 07:52,12.2,9.98,86.42,0,NaN,,7,,340,10
11/2/2022 08:52,14.4,11.07,80.58,0,NaN,,11,,340,10
11/2/2022 09:52,16.1,11.06,72.25,0,NaN,,11,,340,10
11/2/2022 10:52,18.3,9.95,58.43,0,NaN,,19,,10,10
11/2/2022 11:52,18.9,9.35,54.06,0,NaN,,15,,360,10
11/2/2022 12:52,20,9.36,50.49,0,NaN,,13,,360,10
11/2/2022 13:52,20.6,8.86,47.05,0,NaN,,15,,10,10
11/2/2022 14:52,20,7.75,45.31,0,NaN,,15,,30,10
11/2/2022 15:52,20,8.25,46.88,0,NaN,,13,,30,10
11/2/2022 16:52,19.4,8.25,48.65,0,NaN,,7,,40,10
11/2/2022 17:52,17.2,8.85,58.16,0,NaN,,6,,40,10
11/2/2022 18:52,13.9,8.86,71.83,0,NaN,,0,,0,9
11/2/2022 19:52,13.9,8.86,71.83,0,NaN,,6,,140,10
11/2/2022 20:52,12.2,8.87,80.27,0,NaN,,0,,0,10
11/2/2022 21:52,11.1,8.88,86.31,0,NaN,,0,,0,10
11/2/2022 22:52,10.6,8.27,85.68,0,NaN,,0,,0,10
11/2/2022 23:52,10.6,8.88,89.23,0,NaN,,6,,30,10
11/3/2022 00:52,9.4,7.78,89.74,0,NaN,,0,,0,10
11/3/2022 01:52,10,8.28,89.18,0,NaN,,0,,0,10
11/3/2022 02:52,10.6,8.88,89.23,0,NaN,,6,,60,10
11/3/2022 03:52,10,8.28,89.18,0,NaN,9,7,,30,10
11/3/2022 04:52,9.4,7.78,89.74,0,NaN,,0,,0,10
11/3/2022 05:52,9.4,7.78,89.74,0,NaN,8,9,,20,10
11/3/2022 06:52,8.9,6.67,86.08,0,NaN,8,7,,340,10
11/3/2022 07:52,7.8,6.69,92.75,0,NaN,,0,,0,6
11/3/2022 08:52,10,8.89,92.87,0,NaN,,0,,0,7
11/3/2022 09:52,13.9,8.86,71.83,0,NaN,,0,,0,9
11/3/2022 10:52,16.7,9.35,62.08,0,NaN,,6,,0,10
11/3/2022 11:52,17.8,8.85,56,0,NaN,,13,,110,10
11/3/2022 12:52,18.9,8.85,52.27,0,NaN,,7,,0,10
11/3/2022 13:52,20,8.25,46.88,0,NaN,,9,,210,10
11/3/2022 14:52,20.6,8.26,45.18,0,NaN,,6,,180,10
11/3/2022 15:52,21.1,8.26,43.81,0,NaN,,6,,0,10
11/3/2022 16:52,20.6,8.26,45.18,0,NaN,,7,,160,10
11/3/2022 17:52,18.3,8.25,52.11,0,NaN,,9,,130,10
11/3/2022 18:52,15.6,8.25,61.82,0,NaN,,7,,130,10
11/3/2022 19:52,11.7,7.76,76.99,0,NaN,,6,,140,10
11/3/2022 20:52,12.2,8.26,77.07,0,NaN,,0,,0,10
11/3/2022 21:52,11.1,8.88,86.31,0,NaN,,7,,150,10
11/3/2022 22:52,10,8.28,89.18,0,NaN,,0,,0,10
11/3/2022 23:52,10,7.77,86.2,0,NaN,,0,,0,10
11/4/2022 00:52,8.9,7.18,89.09,0,NaN,,0,,0,10
11/4/2022 01:52,8.3,7.19,92.78,0,NaN,,0,,0,10
11/4/2022 02:52,7.8,6.69,92.75,0,NaN,,0,,0,10
11/4/2022 03:52,7.8,6.69,92.75,0,NaN,,0,,0,8
11/4/2022 04:52,7.2,6.09,92.72,0,NaN,,0,,0,10
11/4/2022 05:52,6.7,5.59,92.69,0,NaN,6,6,,100,10
11/4/2022 06:52,7.2,6.69,96.63,0,NaN,,0,,0,10
11/4/2022 07:52,7.2,6.69,96.63,0,NaN,,0,,0,10
11/4/2022 09:52,14.4,11.07,80.58,0,NaN,,0,,0,10
11/4/2022 10:52,18.3,12.77,70.32,0,NaN,,0,,0,10
11/4/2022 11:52,20.6,12.17,58.61,0,NaN,,11,,210,10
11/4/2022 12:52,22.2,12.77,55.28,0,NaN,,11,,150,10
11/4/2022 13:52,23.3,12.18,49.73,0,NaN,,0,,0,10
11/4/2022 14:52,24.4,12.19,46.55,0,NaN,,13,26,210,10
11/4/2022 15:52,23.3,11.68,48.12,0,NaN,,15,28,150,10
11/4/2022 16:52,22.8,11.68,49.59,0,NaN,,15,,160,10
11/4/2022 17:52,21.1,12.17,56.84,0,NaN,,15,,150,10
11/4/2022 18:52,19.4,12.17,63.13,0,NaN,,7,,140,10
11/4/2022 19:52,18.9,12.77,67.74,0,NaN,,11,,150,10
11/4/2022 20:52,19.4,13.87,70.54,0,NaN,,13,,150,10
11/4/2022 21:52,18.3,14.38,78.03,0,NaN,,13,,160,10
11/4/2022 22:52,19.4,15.58,78.7,0,NaN,,11,,160,10
11/4/2022 23:52,19.4,15.58,78.7,0,NaN,,13,,160,10
11/5/2022 00:52,19.4,16.08,81.25,0,NaN,,9,,160,10
11/5/2022 01:52,18.9,16.08,83.82,0,NaN,,11,,170,10
11/5/2022 02:52,18.9,16.69,87.08,0,NaN,,13,,190,10
11/5/2022 03:52,18.9,16.69,87.08,0,NaN,,13,,170,10
11/5/2022 04:52,18.9,16.69,87.08,0,NaN,,13,,160,10
11/5/2022 05:52,18.3,16.69,90.41,0,NaN,,13,,160,10
11/5/2022 06:52,18.3,16.69,90.41,0,NaN,,13,,160,10
11/5/2022 07:52,18.3,16.69,90.41,0,NaN,,15,,160,10
11/5/2022 08:52,18.9,16.69,87.08,0,NaN,,15,30,170,10
11/5/2022 09:52,21.1,17.19,78.45,0,NaN,,11,,180,10
11/5/2022 10:52,23.3,17.19,68.63,0,NaN,,17,,170,10
11/5/2022 11:52,24.4,16.69,62.25,0,NaN,,22,39,190,10
11/5/2022 12:52,25.6,16.1,55.79,0,NaN,,28,,180,10
11/5/2022 13:52,26.1,15.6,52.46,0,NaN,,20,37,170,10
11/5/2022 14:52,26.7,15.61,50.64,0,27.18,,17,37,170,10
11/5/2022 15:52,26.7,13.91,45.39,0,26.61,,22,,180,10
11/5/2022 16:52,26.1,13.3,45.22,0,NaN,,20,37,180,10
11/5/2022 17:52,25,13.3,48.27,0,NaN,,15,30,160,10
11/5/2022 18:52,23.3,13.88,55.57,0,NaN,,17,,150,10
11/5/2022 19:52,22.2,16.08,68.41,0,NaN,,17,,140,10
11/5/2022 20:52,21.7,16.68,73.27,0,NaN,,17,,150,10
11/5/2022 21:52,21.1,16.68,76.01,0,NaN,,15,,160,10
11/5/2022 22:52,21.1,17.19,78.45,0,NaN,,22,39,160,10
11/5/2022 23:52,21.1,16.68,76.01,0,NaN,,17,33,160,10
11/6/2022 00:52,21.1,16.68,76.01,0,NaN,,17,,160,10
11/6/2022 01:52,20.6,16.68,78.38,0,NaN,,17,,160,10
11/6/2022 01:52,20.6,16.68,78.38,0,NaN,,19,37,170,10
11/6/2022 02:52,20.6,17.19,80.9,0,NaN,,15,39,180,10
11/6/2022 03:52,20,16.68,81.33,2.54,NaN,,17,,180,10
11/6/2022 04:52,18.9,17.19,89.88,50.8,NaN,,15,,150,9
11/6/2022 05:52,18.9,17.19,89.88,2.54,NaN,,11,,180,10
11/6/2022 06:52,18.9,17.79,93.34,25.4,NaN,,11,,170,10
11/6/2022 07:52,19.4,17.79,90.49,2.54,NaN,,15,,170,7
11/6/2022 08:52,20,18.29,89.96,2.54,NaN,,13,,180,10
11/6/2022 09:52,21.7,18.89,84.14,0,NaN,,22,37,190,10
11/6/2022 10:52,22.8,18.89,78.7,0,NaN,,19,35,200,10
11/6/2022 11:52,22.8,18.89,78.7,0,NaN,,24,31,200,10
11/6/2022 12:52,23.9,18.89,73.66,0,NaN,,22,35,190,10
11/6/2022 13:52,25,18.9,68.97,0,NaN,,17,,180,10
11/6/2022 14:52,21.1,19.39,90.04,609.6,NaN,,9,,260,1.5
11/6/2022 15:52,21.7,20.6,93.48,101.6,NaN,,6,,120,10
11/6/2022 16:52,21.1,20.6,96.98,2.54,NaN,,0,,0,10
11/6/2022 17:52,21.7,20,90.09,0,NaN,,9,,170,10
11/6/2022 18:52,21.1,19.39,90.04,0,NaN,,9,,190,10
11/6/2022 19:52,21.1,19.39,90.04,0,NaN,,6,,170,10
11/6/2022 20:52,20.6,18.89,90.01,0,NaN,,9,,180,10
11/6/2022 21:52,20,18.9,93.4,0,NaN,,7,,180,9
11/6/2022 22:52,20,18.9,93.4,0,NaN,,9,,200,10
11/6/2022 23:52,20.6,18.89,90.01,0,NaN,,13,,170,10
11/7/2022 00:52,20,18.9,93.4,0,NaN,,13,,190,10
11/7/2022 01:52,20,18.9,93.4,0,NaN,,7,,230,10
11/7/2022 02:52,18.3,17.8,96.91,0,NaN,,6,,180,6
11/7/2022 03:52,19.4,18.9,96.94,0,NaN,,7,,180,6
11/7/2022 04:52,19.4,18.9,96.94,0,NaN,,6,,200,6
11/7/2022 05:52,18.9,18.3,96.32,0,NaN,,7,,310,3
11/7/2022 06:52,18.3,17.8,96.91,0,NaN,,6,,310,5
11/7/2022 07:52,21.7,16.08,70.53,0,NaN,,9,,320,10
11/7/2022 08:52,21.7,14.98,65.73,0,NaN,,7,,350,10
11/7/2022 09:52,22.8,10.57,46.1,0,NaN,,17,,320,10
11/7/2022 10:52,23.9,7.78,35.73,0,NaN,,13,,300,10
11/7/2022 11:52,25,5.6,28.77,0,NaN,,15,,330,10
11/7/2022 12:52,25.6,5.61,27.76,0,NaN,,20,,340,10
11/7/2022 13:52,25.6,5.01,26.63,0,NaN,,17,,320,10
11/7/2022 14:52,25.6,4.41,25.53,0,NaN,,22,,310,10
11/7/2022 15:52,25,5,27.59,0,NaN,,15,,310,10
11/7/2022 16:52,22.8,4.97,31.48,0,NaN,,13,,320,10
11/7/2022 17:52,22.2,5.57,34.04,0,NaN,,13,,340,10
11/7/2022 18:52,18.9,4.94,40,0,NaN,,6,,310,10
11/7/2022 19:52,18.3,4.34,39.83,0,NaN,,11,,310,10
11/7/2022 20:52,16.7,2.72,39.35,0,NaN,,19,,310,10
11/7/2022 21:52,17.2,-2.88,25.38,0,NaN,,15,,350,10
11/7/2022 22:52,16.1,-3.39,26.22,0,NaN,,7,,340,10
11/7/2022 23:52,15.6,-4.49,24.93,0,NaN,,20,,340,10
11/8/2022 00:52,14.4,-5.1,25.73,0,NaN,,19,,340,10
11/8/2022 01:52,13.3,-5.71,26.4,0,NaN,,17,,350,10
11/8/2022 02:52,12.2,-5.72,28.37,0,NaN,,22,,340,10
11/8/2022 03:52,11.1,-4.02,34.7,0,NaN,,22,,350,10
11/8/2022 04:52,10,-2.92,40.53,0,NaN,8,19,,350,10
11/8/2022 05:52,9.4,-1.81,45.78,0,NaN,7,20,,360,10
11/8/2022 06:52,8.3,-1.2,51.53,0,NaN,5,26,43,10,10
11/8/2022 07:52,8.9,-0.7,51.33,0,NaN,6,22,35,10,10
11/8/2022 08:52,9.4,-0.7,49.63,0,NaN,6,24,,360,10
11/8/2022 09:52,11.1,-0.1,46.28,0,NaN,,20,,350,10
11/8/2022 10:52,12.2,-0.1,43.04,0,NaN,,19,,10,10
11/8/2022 11:52,13.3,0.5,41.83,0,NaN,,19,,10,10
11/8/2022 12:52,14.4,-0.1,37.29,0,NaN,,17,,10,10
11/8/2022 13:52,15.6,-0.69,33.05,0,NaN,,20,,10,10
11/8/2022 14:52,15.6,-1.19,31.86,0,NaN,,20,,10,10
11/8/2022 15:52,15,-0.7,34.34,0,NaN,,17,,360,10
11/8/2022 16:52,13.9,-0.7,36.87,0,NaN,,19,,20,10
11/8/2022 17:52,12.2,-1.21,39.72,0,NaN,,15,,30,10
11/8/2022 18:52,11.7,-0.7,42.58,0,NaN,,15,,30,10
11/8/2022 19:52,11.1,-0.7,44.3,0,NaN,,13,,20,10
11/8/2022 20:52,10.6,-1.21,44.15,0,NaN,,13,,360,10
11/8/2022 21:52,8.3,-0.7,53.45,0,NaN,8,6,,330,10
11/8/2022 22:52,9.4,-1.21,47.84,0,NaN,8,11,,20,10
11/8/2022 23:52,7.8,-1.2,53.31,0,NaN,7,6,,350,10
11/9/2022 00:52,8.3,-1.81,49.31,0,NaN,6,13,,20,10
11/9/2022 01:52,7.2,-1.8,53.15,0,NaN,5,11,,10,10
11/9/2022 02:52,6.7,-1.8,55,0,NaN,5,7,,10,10
11/9/2022 03:52,2.8,-1.77,72.22,0,NaN,1,6,,290,10
11/9/2022 04:52,3.3,-1.16,72.85,0,NaN,1,7,,330,10
11/9/2022 05:52,1.1,-2.25,78.59,0,NaN,,0,,0,10
11/9/2022 06:52,1.7,-2.26,75.28,0,NaN,,6,,10,10
11/9/2022 07:52,6.7,-2.3,53.01,0,NaN,5,7,,20,10
11/9/2022 08:52,8.9,-2.92,43.64,0,NaN,8,7,,10,10
11/9/2022 09:52,10.6,-1.81,42.25,0,NaN,,9,,50,10
11/9/2022 10:52,11.7,-0.7,42.58,0,NaN,,7,,0,10
11/9/2022 11:52,13.9,-0.7,36.87,0,NaN,,0,,0,10
11/9/2022 12:52,15,-0.09,35.88,0,NaN,,13,,260,10
11/9/2022 13:52,15,-0.09,35.88,0,NaN,,0,,0,10
11/9/2022 14:52,15,-0.7,34.34,0,NaN,,7,,120,10
11/9/2022 15:52,14.4,0.51,38.95,0,NaN,,7,,100,10
11/9/2022 16:52,12.8,1.61,46.78,0,NaN,,11,,100,10
11/9/2022 17:52,10.6,2.12,56.05,0,NaN,,6,,120,10
11/9/2022 18:52,9.4,2.73,63.39,0,NaN,8,9,,110,10
11/9/2022 19:52,8.9,3.23,67.92,0,NaN,8,7,,120,10
11/9/2022 20:52,8.9,3.84,70.86,0,NaN,8,6,,110,10
11/9/2022 21:52,8.3,3.85,73.79,0,NaN,7,9,,100,10
11/9/2022 22:52,6.1,2.76,79.37,0,NaN,,0,,0,10
11/9/2022 23:52,5,2.77,85.67,0,NaN,,0,,0,10
11/10/2022 00:52,4.4,2.17,85.6,0,NaN,,0,,0,10
11/10/2022 01:52,3.3,1.68,89.24,0,NaN,,0,,0,10
11/10/2022 02:52,2.8,1.07,88.56,0,NaN,,0,,0,10
11/10/2022 03:52,5.6,3.27,85.13,0,NaN,,0,,0,10
11/10/2022 04:52,5,2.77,85.67,0,NaN,,0,,0,10
11/10/2022 05:52,6.1,3.87,85.79,0,NaN,5,6,,320,10
11/10/2022 06:52,6.1,3.87,85.79,0,NaN,,0,,0,10
11/10/2022 07:52,8.3,4.96,79.7,0,NaN,,0,,0,10
11/10/2022 08:52,11.7,5.54,66.19,0,NaN,,0,,0,10
11/10/2022 09:52,13.3,6.64,64.3,0,NaN,,0,,0,10
11/10/2022 10:52,15.6,7.74,59.76,0,NaN,,7,,340,10
11/10/2022 11:52,17.2,8.25,55.84,0,NaN,,0,,0,10
11/10/2022 12:52,18.9,9.35,54.06,0,NaN,,7,,240,10
11/10/2022 13:52,20.6,11.06,54.51,0,NaN,,11,,160,10
11/10/2022 14:52,20,10.56,54.71,0,NaN,,13,,160,10
11/10/2022 15:52,19.4,11.06,58.71,0,NaN,,7,,170,10
11/10/2022 16:52,18.3,11.06,62.87,0,NaN,,6,,170,10
11/10/2022 17:52,16.7,10.56,67.27,0,NaN,,0,,0,10
11/10/2022 18:52,16.1,11.06,72.25,0,NaN,,0,,0,10
11/10/2022 19:52,16.7,11.06,69.55,0,NaN,,6,,140,10
11/10/2022 20:52,16.1,11.06,72.25,0,NaN,,0,,0,10
11/10/2022 21:52,16.7,11.67,72.36,0,NaN,,0,,0,10
11/10/2022 22:52,15.6,11.67,77.61,0,NaN,,0,,0,10
11/10/2022 23:52,15.6,12.17,80.21,0,NaN,,0,,0,10
11/11/2022 00:52,16.1,12.17,77.69,0,NaN,,0,,0,10
11/11/2022 01:52,16.1,12.17,77.69,0,NaN,,0,,0,10
11/11/2022 02:52,15.6,12.17,80.21,0,NaN,,7,,0,10
11/11/2022 03:52,16.1,12.78,80.81,0,NaN,,0,,0,10
11/11/2022 04:52,16.1,13.88,86.81,2.54,NaN,,6,,80,9
11/11/2022 05:52,15.6,14.39,92.58,76.2,NaN,,6,,70,9
11/11/2022 06:52,16.1,14.99,93.2,76.2,NaN,,7,,100,6
11/11/2022 07:52,16.7,16.1,96.26,406.4,NaN,,15,,110,6
11/11/2022 08:52,17.8,17.2,96.29,558.8,NaN,,20,,110,2.5
11/11/2022 09:52,18.9,18.3,96.32,177.8,NaN,,15,,130,4
11/11/2022 10:52,19.4,18.9,96.94,330.2,NaN,,13,,140,1.5
11/11/2022 11:52,21.1,20,93.45,25.4,NaN,,24,37,150,6
11/11/2022 12:52,21.7,20.6,93.48,2.54,NaN,,19,35,140,7
11/11/2022 13:52,22.2,20.6,90.68,0,NaN,,22,37,140,7
11/11/2022 14:52,22.2,20.6,90.68,0,NaN,,19,,150,10
11/11/2022 15:52,22.8,20.6,87.44,0,NaN,,20,35,140,10
11/11/2022 16:52,22.8,20.6,87.44,0,NaN,,26,39,160,10
11/11/2022 17:52,22.2,20.6,90.68,2.54,NaN,,30,41,150,10
11/11/2022 18:52,22.8,20.6,87.44,0,NaN,,26,48,150,10
11/11/2022 19:52,22.8,20.6,87.44,0,NaN,,28,43,160,10
11/11/2022 20:52,22.8,20.6,87.44,0,NaN,,28,46,160,10
11/11/2022 21:52,22.8,19.99,84.26,0,NaN,,19,35,160,10
11/11/2022 22:52,21.7,20,90.09,406.4,NaN,,22,41,160,5
11/11/2022 23:52,21.1,19.39,90.04,25.4,NaN,,26,46,200,10
11/12/2022 00:52,20.6,18.89,90.01,2.54,NaN,,26,39,190,8
11/12/2022 01:52,19.4,17.19,87.13,50.8,NaN,,26,,280,10
11/12/2022 02:52,18.3,15.58,84.29,0,NaN,,19,37,280,10
11/12/2022 03:52,17.2,14.38,83.62,0,NaN,,7,,230,10
11/12/2022 04:52,18.3,14.98,81.11,0,NaN,,13,,270,10
11/12/2022 05:52,18.3,12.77,70.32,0,NaN,,31,54,300,10
11/12/2022 06:52,17.2,12.17,72.45,0,NaN,,15,,280,10
11/12/2022 07:52,17.2,9.96,62.62,0,NaN,,7,,0,10
11/12/2022 08:52,17.8,9.95,60.29,0,NaN,,15,,280,10
11/12/2022 09:52,18.9,10.56,58.58,0,NaN,,17,30,310,10
11/12/2022 10:52,20.6,10.56,52.73,0,NaN,,19,26,310,10
11/12/2022 11:52,20.6,10.56,52.73,0,NaN,,13,,330,10
11/12/2022 12:52,20.6,10.56,52.73,0,NaN,,6,,110,10
11/12/2022 13:52,22.8,10.57,46.1,0,NaN,,0,,0,10
11/12/2022 14:52,21.7,11.07,50.96,0,NaN,,11,,200,10
11/12/2022 15:52,21.7,11.07,50.96,0,NaN,,6,,170,10
11/12/2022 16:52,20,11.66,58.85,0,NaN,,0,,0,10
11/12/2022 17:52,18.3,11.66,65.42,0,NaN,,0,,0,10
11/12/2022 18:52,17.8,11.66,67.51,0,NaN,,7,,300,10
11/12/2022 19:52,16.1,11.06,72.25,0,NaN,,9,,300,10
11/12/2022 20:52,16.1,10.56,69.89,0,NaN,,26,44,320,10
11/12/2022 21:52,12.8,3.82,54.68,0,NaN,,43,59,330,10
11/12/2022 22:52,11.7,3.22,56.34,0,NaN,,33,52,320,10
11/12/2022 23:52,10.6,1.01,51.8,0,NaN,,37,54,310,10
11/13/2022 00:52,8.9,1.01,58.06,0,NaN,5,28,39,320,10
11/13/2022 01:52,8.9,1.01,58.06,0,NaN,5,28,43,330,10
11/13/2022 02:52,8.3,0.51,58.32,0,NaN,5,20,35,340,10
11/13/2022 03:52,7.2,-0.08,60.19,0,NaN,3,26,43,330,10
11/13/2022 04:52,7.2,-0.69,57.61,0,NaN,4,20,39,320,10
11/13/2022 05:52,6.7,-1.19,57.48,0,NaN,3,20,35,320,10
11/13/2022 06:52,6.7,-1.19,57.48,0,NaN,2,30,43,320,10
11/13/2022 07:52,6.1,-1.19,59.91,0,NaN,3,19,,310,10
11/13/2022 08:52,7.8,-1.81,51.01,0,NaN,4,28,46,320,10
11/13/2022 09:52,7.8,-2.91,47.02,0,NaN,3,35,50,320,10
11/13/2022 10:52,8.3,-2.31,47.52,0,NaN,4,31,43,310,10
11/13/2022 11:52,7.8,-2.31,49.16,0,NaN,4,22,43,310,10
11/13/2022 12:52,7.8,-3.42,45.3,0,NaN,3,35,48,300,10
11/13/2022 13:52,7.8,-4.02,43.31,0,NaN,4,28,43,300,10
11/13/2022 14:52,7.8,-4.52,41.71,0,NaN,3,35,50,300,10
11/13/2022 15:52,7.2,-4.52,43.46,0,NaN,4,22,43,320,10
11/13/2022 16:52,6.7,-5.12,42.98,0,NaN,2,30,48,310,10
11/13/2022 17:52,6.1,-4.52,46.87,0,NaN,3,15,,290,10
11/13/2022 18:52,6.1,-5.12,44.79,0,NaN,2,22,31,320,10
11/13/2022 19:52,4.4,-5.12,50.41,0,NaN,3,7,,280,10
11/13/2022 20:52,3.9,-5.11,52.21,0,NaN,1,13,,300,10
11/13/2022 21:52,5,-5.72,46.19,0,NaN,1,24,,300,10
11/13/2022 22:52,5.6,-5.12,46.37,0,NaN,2,19,35,310,10
11/13/2022 23:52,5,-4.51,50.59,0,NaN,1,19,,310,10
11/14/2022 00:52,4.4,-4,54.78,0,NaN,2,11,,300,10
11/14/2022 01:52,3.9,-4.51,54.64,0,NaN,2,9,,330,10
11/14/2022 02:52,2.8,-5.1,56.43,0,NaN,,11,,310,10
11/14/2022 03:52,2.2,-4.49,61.63,0,NaN,-1,11,,320,10
11/14/2022 04:52,1.7,-5.09,61.04,0,NaN,,0,,0,10
11/14/2022 05:52,-1.1,-5.67,71.44,0,NaN,,0,,0,10
11/14/2022 06:52,-1.7,-5.66,74.66,0,NaN,,0,,0,10
11/14/2022 07:52,2.8,-3.99,61.32,0,NaN,1,7,,320,10
11/14/2022 08:52,5.6,-4.01,50.38,0,NaN,4,9,,320,10
11/14/2022 09:52,6.7,-4.52,44.97,0,NaN,4,17,28,340,10
11/14/2022 10:52,7.8,-5.13,39.86,0,NaN,6,13,,340,10
11/14/2022 11:52,8.3,-4.02,41.86,0,NaN,6,13,,310,10
11/14/2022 12:52,9.4,-4.02,38.87,0,NaN,7,17,,10,10
11/14/2022 13:52,9.4,-4.52,37.43,0,NaN,8,9,,300,10
11/14/2022 14:52,9.4,-4.52,37.43,0,NaN,8,11,,330,10
11/14/2022 15:52,8.3,-4.52,40.32,0,NaN,,0,,0,10
11/14/2022 16:52,6.7,-4.52,44.97,0,NaN,6,6,,310,10
11/14/2022 17:52,3.9,-4,56.73,0,NaN,3,6,,70,10
11/14/2022 18:52,2.8,-3.99,61.32,0,NaN,1,7,,50,10
11/14/2022 19:52,2.8,-3.99,61.32,0,NaN,1,6,,40,10
11/14/2022 20:52,2.8,-3.99,61.32,0,NaN,-1,13,,60,10
11/14/2022 21:52,2.8,-3.39,64.13,0,NaN,-1,13,,50,10
11/14/2022 22:52,1.7,-3.98,66.32,0,NaN,-1,9,,80,10
11/14/2022 23:52,2.2,-3.99,63.99,0,NaN,,0,,0,10
11/15/2022 00:52,-0.6,-3.95,78.32,0,NaN,-3,7,,300,10
11/15/2022 01:52,-1.7,-4.44,81.77,0,NaN,,0,,0,10
11/15/2022 02:52,-0.6,-3.34,81.92,0,NaN,-3,7,,340,10
11/15/2022 03:52,-1.7,-3.94,84.9,0,NaN,,0,,0,10
11/15/2022 04:52,-1.7,-4.44,81.77,0,NaN,,0,,0,10
11/15/2022 05:52,-1.7,-3.94,84.9,0,NaN,,0,,0,10
11/15/2022 06:52,-1.1,-3.95,81.24,0,NaN,,0,,0,10
11/15/2022 07:52,1.1,-2.25,78.59,0,NaN,-1,6,,30,10
11/15/2022 08:52,2.8,-1.16,75.48,0,NaN,,0,,0,10
11/15/2022 09:52,3.9,-0.66,72.44,0,NaN,,0,,0,10
11/15/2022 10:52,3.9,-0.66,72.44,0,NaN,1,11,,30,10
11/15/2022 11:52,3.9,-0.06,75.67,25.4,NaN,2,9,,40,6
11/15/2022 12:52,3.9,0.55,79.03,76.2,NaN,3,6,,10,6
11/15/2022 13:52,3.9,1.67,85.54,50.8,NaN,1,13,,40,5
11/15/2022 14:52,3.9,2.18,88.66,25.4,NaN,2,9,,50,10
11/15/2022 15:52,4.4,2.17,85.6,25.4,NaN,3,7,,340,10
11/15/2022 16:52,3.3,2.18,92.49,431.8,NaN,-1,19,,20,1.75
11/15/2022 17:52,3.3,2.18,92.49,381,NaN,-1,20,31,10,1.75
11/15/2022 18:52,3.3,1.68,89.24,381,NaN,-2,24,,350,2
11/15/2022 19:52,2.8,1.68,92.46,558.8,NaN,-2,24,,350,2.5
11/15/2022 20:52,2.8,1.68,92.46,838.2,NaN,-2,24,,350,2.5
11/15/2022 21:52,3.3,2.18,92.49,228.6,NaN,,13,,20,3
11/15/2022 22:52,3.9,2.18,88.66,25.4,NaN,2,9,,50,7
11/15/2022 23:52,3.3,2.18,92.49,0,NaN,-1,17,,330,5
11/16/2022 00:52,3.9,2.78,92.52,0,NaN,,15,,330,7
11/16/2022 01:52,3.3,2.18,92.49,0,NaN,,13,,320,3
11/16/2022 02:52,3.3,2.18,92.49,0,NaN,,15,,310,3
11/16/2022 03:52,2.8,1.68,92.46,0,NaN,,9,,330,10
11/16/2022 04:52,3.3,1.68,89.24,0,NaN,,13,,340,10
11/16/2022 05:52,3.3,2.18,92.49,0,NaN,1,7,,330,10
11/16/2022 06:52,2.8,1.68,92.46,0,NaN,,0,,0,10
11/16/2022 07:52,3.3,2.18,92.49,0,NaN,,0,,0,10
11/16/2022 08:52,6.7,3.25,78.9,0,NaN,5,9,,300,10
11/16/2022 09:52,7.8,3.24,73.18,0,NaN,5,17,,300,10
11/16/2022 10:52,10,3.83,65.81,0,NaN,8,11,26,320,10
11/16/2022 11:52,10,2.72,60.89,0,NaN,7,20,,340,10
11/16/2022 12:52,8.9,1.01,58.06,0,NaN,6,24,,300,10
11/16/2022 13:52,10,-0.1,49.8,0,NaN,7,24,35,310,10
11/16/2022 14:52,8.9,-0.7,51.33,0,NaN,6,24,37,320,10
11/16/2022 15:52,7.8,-1.2,53.31,0,NaN,4,24,,300,10
11/16/2022 16:52,6.7,-1.19,57.48,0,NaN,4,11,,330,10
11/16/2022 17:52,6.1,-1.8,57.32,0,NaN,3,17,,330,10
11/16/2022 18:52,6.1,-2.3,55.24,0,NaN,2,24,33,310,10
11/16/2022 19:52,5.6,-4.01,50.38,0,NaN,1,26,41,320,10
11/16/2022 20:52,5.6,-4.01,50.38,0,NaN,2,19,,320,10
11/16/2022 21:52,5,-4.01,52.53,0,NaN,2,15,,300,10
11/16/2022 22:52,5,-4.01,52.53,0,NaN,3,9,,300,10
11/16/2022 23:52,5,-4.01,52.53,0,NaN,3,9,,270,10
11/17/2022 00:52,2.8,-4.5,59.05,0,NaN,,9,,290,10
11/17/2022 01:52,1.7,-3.98,66.32,0,NaN,,0,,0,10
11/17/2022 02:52,3.9,-4.51,54.64,0,NaN,,17,31,280,10
11/17/2022 03:52,3.9,-5.72,49.89,0,NaN,,19,30,260,10
11/17/2022 04:52,2.2,-6.82,51.72,0,NaN,-1,13,,260,10
11/17/2022 05:52,2.2,-7.32,49.77,0,NaN,-1,13,,260,10
11/17/2022 06:52,2.2,-8.43,45.69,0,NaN,-2,19,33,260,10
11/17/2022 07:52,3.3,-8.44,42.26,0,NaN,,13,,260,10
11/17/2022 08:52,4.4,-7.93,40.67,0,NaN,,22,,290,10
11/17/2022 09:52,5,-6.83,42.46,0,NaN,1,24,39,300,10
11/17/2022 10:52,5.6,-6.23,42.64,0,NaN,,35,52,310,10
11/17/2022 11:52,4.4,-6.22,46.36,0,NaN,,24,41,320,10
11/17/2022 12:52,6.1,-5.73,42.79,0,NaN,1,39,54,300,10
11/17/2022 13:52,5.6,-5.73,44.3,0,NaN,1,28,50,310,10
11/17/2022 14:52,4.4,-6.22,46.36,0,NaN,,24,41,300,10
11/17/2022 15:52,4.4,-6.22,46.36,0,NaN,,22,,290,10
11/17/2022 16:52,3.3,-6.22,50.09,0,NaN,-1,20,,300,10
11/17/2022 17:52,3.3,-6.22,50.09,0,NaN,-1,17,,290,10
11/17/2022 18:52,3.3,-6.22,50.09,0,NaN,-1,19,,290,10
11/17/2022 19:52,2.8,-5.71,53.92,0,NaN,-1,13,,280,10
11/17/2022 20:52,2.8,-5.71,53.92,0,NaN,-1,15,,290,10
11/17/2022 21:52,2.2,-6.21,54.16,0,NaN,-1,13,,280,10
11/17/2022 22:52,1.7,-6.81,53.61,0,NaN,-1,9,,270,10
11/17/2022 23:52,-1.1,-6.78,65.67,0,NaN,,0,,0,10
11/18/2022 00:52,-1.7,-6.17,71.86,0,NaN,-4,6,,260,10
11/18/2022 01:52,-2.8,-6.76,74.45,0,NaN,-5,6,,210,10
11/18/2022 02:52,-2.8,-6.76,74.45,0,NaN,,0,,0,10
11/18/2022 03:52,-1.7,-6.17,71.86,0,NaN,-4,6,,190,10
11/18/2022 04:52,-1.1,-6.18,68.76,0,NaN,-3,6,,220,10
11/18/2022 05:52,-0.6,-5.68,68.87,0,NaN,-3,7,,190,10
11/18/2022 06:52,-2.2,-6.77,71.21,0,NaN,-6,9,,210,10
11/18/2022 07:52,-1.1,-5.67,71.44,0,NaN,-5,11,,190,10
11/18/2022 08:52,1.7,-5.7,58.32,0,NaN,-2,15,,190,10
11/18/2022 09:52,3.9,-5.72,49.89,0,NaN,,19,,200,10
11/18/2022 10:52,5.6,-6.83,40.72,0,NaN,2,20,,210,10
11/18/2022 11:52,6.7,-6.23,39.52,0,NaN,4,17,31,240,10
11/18/2022 12:52,7.8,-6.23,36.66,0,NaN,5,17,30,220,10
11/18/2022 13:52,8.3,-5.73,36.81,0,NaN,5,20,,180,10
11/18/2022 14:52,7.8,-5.73,38.09,0,NaN,5,19,35,220,10
11/18/2022 15:52,7.2,-5.73,39.68,0,NaN,5,13,,220,10
11/18/2022 16:52,7.2,-4.52,43.46,0,NaN,5,9,,270,10
11/18/2022 17:52,7.2,-5.13,41.53,2.54,NaN,5,15,,210,10
11/18/2022 18:52,6.7,-5.73,41.06,0,NaN,4,11,,300,10
11/18/2022 19:52,3.9,-5.72,49.89,0,NaN,-1,26,41,300,10
11/18/2022 20:52,2.8,-6.21,51.9,0,NaN,-2,20,,290,10
11/18/2022 21:52,2.2,-7.32,49.77,0,NaN,-1,11,,310,10
11/18/2022 22:52,1.1,-7.92,51.4,0,NaN,-2,11,,310,10
11/18/2022 23:52,-0.6,-7.3,60.91,0,NaN,-5,13,,310,10
11/19/2022 00:52,0.6,-7.31,55.83,0,NaN,-3,13,,320,10
11/19/2022 01:52,-0.6,-7.9,58.15,0,NaN,-3,7,,330,10
11/19/2022 02:52,0,-8.41,53.54,0,NaN,-4,13,,330,10
11/19/2022 03:52,-0.6,-9.02,53.36,0,NaN,,0,,0,10
11/19/2022 04:52,-2.2,-9,60.02,0,NaN,,0,,0,10
11/19/2022 05:52,-2.2,-7.28,68.52,0,NaN,,0,,0,10
11/19/2022 06:52,-2.2,-7.28,68.52,0,NaN,,0,,0,10
11/19/2022 07:52,-1.7,-6.78,68.63,0,NaN,-4,6,,200,10
11/19/2022 08:52,0,-5.68,65.92,0,NaN,,0,,0,10
11/19/2022 09:52,2.2,-6.21,54.16,0,NaN,1,6,,200,10
11/19/2022 10:52,4.4,-6.22,46.36,0,NaN,3,7,,190,10
11/19/2022 11:52,6.1,-7.34,37.85,0,NaN,3,17,31,240,10
11/19/2022 12:52,6.1,-8.44,34.75,0,NaN,3,19,33,240,10
11/19/2022 13:52,7.2,-9.54,29.56,0,NaN,5,11,33,260,10
11/19/2022 14:52,7.8,-10.14,27.06,0,NaN,5,19,,200,10
11/19/2022 15:52,7.2,-10.74,26.88,0,NaN,5,13,,220,10
11/19/2022 16:52,5.6,-8.44,35.98,0,NaN,3,15,,190,10
11/19/2022 17:52,4.4,-8.44,39.11,0,NaN,3,7,,160,10
11/19/2022 18:52,0.6,-7.31,55.83,0,NaN,-2,7,,180,10
11/19/2022 19:52,1.7,-7.92,49.24,0,NaN,-1,7,,210,10
11/19/2022 20:52,1.1,-7.92,51.4,0,NaN,-1,6,,220,10
11/19/2022 21:52,-1.1,-7.29,63.18,0,NaN,-3,6,,150,10
11/19/2022 22:52,-2.2,-7.89,65.4,0,NaN,,0,,0,10
11/19/2022 23:52,-1.7,-7.89,63.03,0,NaN,,0,,0,10
11/20/2022 00:52,-2.8,-7.88,68.38,0,NaN,-6,9,,330,10
11/20/2022 01:52,1.7,-10.14,41.43,0,NaN,-3,22,,300,10
11/20/2022 02:52,1.1,-11.24,39.63,0,NaN,-4,19,,280,10
11/20/2022 03:52,1.1,-11.85,37.77,0,NaN,-4,19,,290,10
11/20/2022 04:52,1.1,-12.35,36.28,0,NaN,-3,15,35,280,10
11/20/2022 05:52,1.1,-12.35,36.28,0,NaN,-3,17,33,290,10
11/20/2022 06:52,-0.6,-10.73,46.66,0,NaN,-6,22,37,310,10
11/20/2022 07:52,-0.6,-12.94,39.1,0,NaN,-7,24,41,320,10
11/20/2022 08:52,0,-14.05,34.21,0,NaN,-7,35,48,320,10
11/20/2022 09:52,0.6,-14.55,31.44,0,NaN,-6,30,46,320,10
11/20/2022 10:52,1.1,-15.16,28.86,0,NaN,-6,37,65,310,10
11/20/2022 11:52,2.2,-15.16,26.67,0,NaN,-4,31,50,310,10
11/20/2022 12:52,2.8,-15.75,24.32,0,NaN,-2,26,50,310,10
11/20/2022 13:52,3.3,-16.25,22.51,0,NaN,-2,30,46,310,10
11/20/2022 14:52,3.3,-16.85,21.41,0,NaN,-2,24,,320,10
11/20/2022 15:52,2.8,-17.95,20.21,0,NaN,-2,24,,320,10
11/20/2022 16:52,1.1,-17.36,24.01,0,NaN,-2,11,,310,10
11/20/2022 17:52,0.6,-16.86,25.96,0,NaN,-2,9,,320,10
11/20/2022 18:52,0.6,-16.26,27.3,0,NaN,-4,15,,320,10
11/20/2022 19:52,-1.1,-15.15,33.86,0,NaN,-4,9,,330,10
11/20/2022 20:52,0.6,-15.76,28.47,0,NaN,-3,11,,320,10
11/20/2022 21:52,-1.7,-15.15,35.39,0,NaN,-4,6,,330,10
11/20/2022 22:52,-0.6,-15.76,31.06,0,NaN,-4,9,,360,10
11/20/2022 23:52,-2.8,-15.15,38.39,0,NaN,-6,9,,20,10
11/21/2022 00:52,-3.9,-14.04,45.63,0,NaN,,0,,0,10
11/21/2022 01:52,-4.4,-13.42,49.77,0,NaN,,0,,0,10
11/21/2022 02:52,-6.1,-12.9,58.98,0,NaN,-9,6,,150,10
11/21/2022 03:52,-7.2,-12.28,67.38,0,NaN,,0,,0,10
11/21/2022 04:52,-5,-12.91,54.24,0,NaN,-8,6,,180,10
11/21/2022 05:52,-7.2,-12.28,67.38,0,NaN,,0,,0,10
11/21/2022 06:52,-5.6,-12.3,59.59,0,NaN,-8,6,,160,10
11/21/2022 07:52,-3.9,-10.09,62.48,0,NaN,,0,,0,10
11/21/2022 08:52,0,-11.24,42.92,0,NaN,-4,11,,190,10
11/21/2022 09:52,1.7,-12.35,34.75,0,NaN,-3,17,,180,10
11/21/2022 10:52,3.9,-12.35,29.73,0,NaN,1,13,,170,10
11/21/2022 11:52,6.1,-12.35,25.5,0,NaN,3,17,,190,10
11/21/2022 12:52,7.8,-11.84,23.63,0,NaN,5,19,33,180,10
11/21/2022 13:52,8.3,-10.74,24.94,0,NaN,5,20,,200,10
11/21/2022 14:52,8.9,-9.54,26.33,0,NaN,6,19,37,200,10
11/21/2022 15:52,8.9,-9.54,26.33,0,NaN,6,17,35,180,10
11/21/2022 16:52,6.7,-9.04,31.82,0,NaN,4,13,,200,10
11/21/2022 17:52,5,-9.04,35.79,0,NaN,2,11,,190,10
11/21/2022 18:52,5,-9.04,35.79,0,NaN,3,7,,190,10
11/21/2022 19:52,3.9,-9.04,38.65,0,NaN,,17,,200,10
11/21/2022 20:52,4.4,-9.04,37.32,0,NaN,,20,,200,10
11/21/2022 21:52,3.9,-9.04,38.65,0,NaN,,15,,200,10
11/21/2022 22:52,2.2,-8.43,45.69,0,NaN,-1,13,,190,10
11/21/2022 23:52,1.7,-9.03,45.19,0,NaN,-1,9,,160,10
11/22/2022 00:52,0,-8.41,53.54,0,NaN,,0,,0,10
11/22/2022 01:52,-1.7,-8.4,60.63,0,NaN,,0,,0,10
11/22/2022 02:52,-2.8,-8.39,65.77,0,NaN,,0,,0,10
11/22/2022 03:52,-3.3,-8.38,68.27,0,NaN,,0,,0,10
11/22/2022 04:52,-3.3,-8.38,68.27,0,NaN,,0,,0,10
11/22/2022 05:52,-3.9,-8.37,71.41,0,NaN,-6,6,,170,10
11/22/2022 06:52,-4.4,-8.36,74.15,0,NaN,,0,,0,10
11/22/2022 07:52,-1.1,-6.18,68.76,0,NaN,,0,,0,10
11/22/2022 08:52,3.9,-4.51,54.64,0,NaN,,0,,0,10
11/22/2022 09:52,9.4,-5.73,34.18,0,NaN,,0,,0,10
11/22/2022 10:52,11.7,-7.92,24.76,0,NaN,,6,,20,10
11/22/2022 11:52,12.2,-10.11,20.16,0,NaN,,6,,100,10
11/22/2022 12:52,13.9,-9.49,18.92,0,NaN,,17,31,190,10
11/22/2022 13:52,14.4,-8.99,19.05,0,NaN,,20,,190,10
11/22/2022 14:52,14.4,-8.99,19.05,0,NaN,,20,37,200,10
11/22/2022 15:52,13.9,-9,19.67,0,NaN,,17,,200,10
11/22/2022 16:52,11.1,-8.42,24.78,0,NaN,,9,,180,10
11/22/2022 17:52,8.9,-8.43,28.71,0,NaN,7,9,,160,10
11/22/2022 18:52,7.8,-8.44,30.93,0,NaN,7,7,,160,10
11/22/2022 19:52,4.4,-7.33,42.6,0,NaN,3,6,,160,10
11/22/2022 20:52,2.2,-6.21,54.16,0,NaN,,0,,0,10
11/22/2022 21:52,0.6,-6.2,60.75,0,NaN,-1,6,,170,10
11/22/2022 22:52,1.7,-6.21,56.13,0,NaN,,0,,0,10
11/22/2022 23:52,0.6,-6.8,58.02,0,NaN,,0,,0,10
11/23/2022 00:52,-1.7,-6.78,68.63,0,NaN,-4,6,,320,10
11/23/2022 01:52,-1.7,-6.78,68.63,0,NaN,,0,,0,10
11/23/2022 02:52,-2.2,-6.77,71.21,0,NaN,,0,,0,10
11/23/2022 03:52,-3.3,-6.76,77.28,0,NaN,,0,,0,10
11/23/2022 04:52,-3.3,-6.76,77.28,0,NaN,,0,,0,10
11/23/2022 05:52,-2.8,-6.76,74.45,0,NaN,,0,,0,10
11/23/2022 06:52,-3.9,-7.26,77.77,0,NaN,,0,,0,10
11/23/2022 07:52,-2.2,-5.05,81.08,0,NaN,,0,,0,10
11/23/2022 08:52,4.4,-2.89,59.47,0,NaN,,0,,0,10
11/23/2022 09:52,10.6,-4.02,35.87,0,NaN,,0,,0,10
11/23/2022 10:52,14.4,-6.2,23.66,0,NaN,,17,,310,10
11/23/2022 11:52,15,-5.1,24.75,0,NaN,,19,,310,10
11/23/2022 12:52,16.1,-5.09,23.07,0,NaN,,9,,300,10
11/23/2022 13:52,16.7,-5.08,22.21,0,NaN,,11,,330,10
11/23/2022 14:52,16.7,-5.08,22.21,0,NaN,,13,,310,10
11/23/2022 15:52,16.1,-3.99,25.07,0,NaN,,0,,0,10
11/23/2022 16:52,11.7,-2.92,36.2,0,NaN,,0,,0,10
11/23/2022 17:52,9.4,-3.42,40.65,0,NaN,9,6,,100,10
11/23/2022 18:52,7.8,-3.42,45.3,0,NaN,7,6,,20,10
11/23/2022 19:52,3.9,-3.39,59.34,0,NaN,,0,,0,10
11/23/2022 20:52,2.2,-3.38,66.93,0,NaN,,0,,0,10
11/23/2022 21:52,1.7,-3.37,69.37,0,NaN,,0,,0,10
11/23/2022 22:52,0.6,-3.97,71.78,0,NaN,,0,,0,10
11/23/2022 23:52,-0.6,-4.46,75.43,0,NaN,,0,,0,10
11/24/2022 00:52,-1.1,-4.45,78.24,0,NaN,,0,,0,10
11/24/2022 01:52,-1.1,-3.95,81.24,0,NaN,-3,6,,70,10
11/24/2022 02:52,-2.2,-4.44,84.84,0,NaN,,0,,0,10
11/24/2022 03:52,-2.2,-4.44,84.84,0,NaN,,0,,0,10
11/24/2022 04:52,-2.8,-5.65,80.99,0,NaN,,0,,0,10
11/24/2022 05:52,-2.2,-5.05,81.08,0,NaN,,0,,0,10
11/24/2022 06:52,-2.2,-4.44,84.84,0,NaN,,0,,0,10
11/24/2022 07:52,-1.7,-3.94,84.9,0,NaN,,0,,0,10
11/24/2022 08:52,3.9,-1.78,66.82,0,NaN,,0,,0,10
11/24/2022 09:52,6.7,-0.69,59.62,0,NaN,,0,,0,10
11/24/2022 10:52,11.1,-0.1,46.28,0,NaN,,0,,0,10
11/24/2022 11:52,12.8,-1.81,36.54,0,NaN,,19,,190,10
11/24/2022 12:52,15,-1.8,31.68,0,NaN,,15,,180,10
11/24/2022 13:52,15.6,-2.29,29.38,0,NaN,,15,,190,10
11/24/2022 14:52,15.6,-2.89,28.1,0,NaN,,13,,200,10
11/24/2022 15:52,15,-2.9,29.2,0,NaN,,11,,150,10
11/24/2022 16:52,11.7,-2.92,36.2,0,NaN,,9,,150,10
11/24/2022 17:52,10,-2.31,42.38,0,NaN,9,9,,140,10
11/24/2022 18:52,9.4,-1.81,45.78,0,NaN,8,9,,150,10
11/24/2022 19:52,9.4,-0.7,49.63,0,NaN,8,9,,170,10
11/24/2022 20:52,7.2,0.52,62.86,0,NaN,6,7,,150,10
11/24/2022 21:52,3.9,-0.66,72.44,0,NaN,,0,,0,10
11/24/2022 22:52,6.7,1.03,67.44,0,NaN,5,9,,190,10
11/24/2022 23:52,5,1.05,75.86,0,NaN,,0,,0,10
11/25/2022 00:52,7.2,2.74,73.59,0,NaN,6,7,,180,10
11/25/2022 01:52,8.9,3.84,70.86,0,NaN,7,15,,190,10
11/25/2022 02:52,8.9,4.35,73.39,0,NaN,7,13,,190,10
11/25/2022 03:52,8.9,3.84,70.86,0,NaN,7,9,,210,10
11/25/2022 04:52,8.9,3.84,70.86,2.54,NaN,,0,,0,10
11/25/2022 05:52,7.8,4.36,79.07,101.6,NaN,7,7,,180,9
11/25/2022 06:52,7.2,4.97,85.9,76.2,NaN,6,7,,170,7
11/25/2022 07:52,7.8,5.57,85.97,25.4,NaN,7,6,,180,9
11/25/2022 08:52,7.8,6.08,88.99,76.2,NaN,6,11,,190,10
11/25/2022 09:52,8.3,6.68,89.65,2.54,NaN,8,6,,320,10
11/25/2022 10:52,8.9,5.56,79.79,0,NaN,8,7,,170,10
11/25/2022 11:52,12.8,6.64,66.43,0,NaN,,6,,290,10
11/25/2022 12:52,15.6,6.64,55.42,0,NaN,,31,50,310,10
11/25/2022 13:52,16.1,4.33,45.77,2.54,NaN,,35,57,310,10
11/25/2022 14:52,16.1,4.33,45.77,0,NaN,,28,,290,10
11/25/2022 15:52,14.4,1.61,42.16,0,NaN,,30,52,320,10
11/25/2022 16:52,12.8,-0.1,41.38,0,NaN,,28,44,290,10
11/25/2022 17:52,10,-0.1,49.8,0,NaN,8,15,,300,10
11/25/2022 18:52,10,-0.7,47.67,0,NaN,8,17,,310,10
11/25/2022 19:52,10,-1.2,45.96,0,NaN,8,19,30,330,10
11/25/2022 20:52,9.4,-1.21,47.84,0,NaN,7,13,,320,10
11/25/2022 21:52,8.3,-0.7,53.45,0,NaN,5,20,,310,10
11/25/2022 22:52,7.8,-0.69,55.3,0,NaN,5,15,,290,10
11/25/2022 23:52,6.7,-1.19,57.48,0,NaN,4,13,,330,10
11/26/2022 00:52,3.3,-1.77,69.71,0,NaN,,0,,0,10
11/26/2022 01:52,3.9,-1.17,69.83,0,NaN,2,9,,330,10
11/26/2022 02:52,6.7,-1.8,55,0,NaN,5,7,,340,10
11/26/2022 03:52,1.7,-2.26,75.28,0,NaN,,0,,0,10
11/26/2022 04:52,0.6,-2.85,77.93,0,NaN,-2,7,,150,10
11/26/2022 05:52,-1.1,-2.83,88.2,0,NaN,,0,,0,10
11/26/2022 06:52,-0.6,-3.34,81.92,0,NaN,-3,6,,240,10
11/26/2022 07:52,1.7,-1.75,78.11,0,NaN,,6,,100,10
11/26/2022 08:52,8.9,-0.09,53.62,0,NaN,7,9,,290,10
11/26/2022 09:52,10.6,-0.7,45.8,0,NaN,,7,,270,10
11/26/2022 10:52,12.8,-1.81,36.54,0,NaN,,9,,270,10
11/26/2022 11:52,14.4,-2.3,31.73,0,NaN,,11,,0,10
11/26/2022 12:52,15,-1.8,31.68,0,NaN,,6,,260,10
11/26/2022 13:52,16.1,-2.89,27.22,0,NaN,,15,,290,10
11/26/2022 14:52,16.7,-2.88,26.2,0,NaN,,11,,0,10
11/26/2022 15:52,15,-2.3,30.53,0,NaN,,9,,190,10
11/26/2022 16:52,10,-0.7,47.67,0,NaN,10,6,,180,10
11/26/2022 17:52,7.2,-1.8,53.15,0,NaN,6,7,,140,10
11/26/2022 18:52,5.6,-1.79,59.34,0,NaN,5,6,,150,10
11/26/2022 19:52,4.4,-1.78,64.52,0,NaN,3,7,,190,10
11/26/2022 20:52,6.1,-1.19,59.91,0,NaN,4,9,,160,10
11/26/2022 21:52,4.4,-0.67,69.94,0,NaN,2,9,,190,10
11/26/2022 22:52,5.6,-1.18,62.02,0,NaN,,0,,0,10
11/26/2022 23:52,6.1,-0.68,62.14,0,NaN,5,7,,190,10
11/27/2022 00:52,7.8,-0.69,55.3,0,NaN,6,9,,190,10
11/27/2022 01:52,5.6,-0.68,64.33,0,NaN,5,6,,190,10
11/27/2022 02:52,8.3,0.51,58.32,0,NaN,7,7,,180,10
11/27/2022 03:52,6.1,1.03,70.29,0,NaN,,0,,0,10
11/27/2022 04:52,6.1,1.64,73.38,0,NaN,,0,,0,10
11/27/2022 05:52,6.7,1.03,67.44,0,NaN,6,6,,130,10
11/27/2022 06:52,7.2,2.14,70.51,0,NaN,6,7,,170,10
11/27/2022 07:52,10,2.72,60.89,0,NaN,8,15,,180,10
11/27/2022 08:52,10.6,3.23,60.61,0,NaN,,17,,190,10
11/27/2022 09:52,11.1,4.94,66.05,0,NaN,,24,35,190,10
11/27/2022 10:52,10.6,6.05,73.7,0,NaN,,13,,170,10
11/27/2022 11:52,9.4,7.78,89.74,76.2,NaN,7,15,,170,3
11/27/2022 12:52,8.9,8.29,96.02,101.6,NaN,8,6,,220,4
11/27/2022 13:52,9.4,8.89,96.69,25.4,NaN,8,7,,180,4
11/27/2022 14:52,10,8.89,92.87,25.4,NaN,9,7,,180,6
11/27/2022 15:52,10,9.39,96.06,0,NaN,9,9,,160,6
11/27/2022 16:52,10,9.39,96.06,0,NaN,8,17,,200,0.25
11/27/2022 17:52,11.1,10.59,96.73,0,NaN,,20,,210,1.5
11/27/2022 18:52,11.7,11.09,96.11,0,NaN,,6,,250,3
11/27/2022 19:52,11.7,10.59,92.97,0,NaN,,7,,170,10
11/27/2022 20:52,11.1,10.59,96.73,0,NaN,,0,,0,10
11/27/2022 21:52,9.4,8.89,96.69,0,NaN,,0,,0,5
11/27/2022 22:52,8.3,7.79,96.66,0,NaN,8,6,,320,4
11/27/2022 23:52,8.9,8.9,100,0,NaN,,0,,0,2
11/28/2022 00:52,9.4,8.29,92.84,0,NaN,,0,,0,5
11/28/2022 01:52,9.4,8.89,96.69,0,NaN,9,6,,200,5
11/28/2022 02:52,9.4,8.89,96.69,0,NaN,9,6,,110,4
11/28/2022 03:52,10,9.39,96.06,0,NaN,10,6,,100,10
11/28/2022 04:52,10,9.39,96.06,0,NaN,9,9,,270,10
11/28/2022 05:52,12.8,6.64,66.43,0,NaN,,13,,290,10
11/28/2022 06:52,12.2,6.65,69.1,0,NaN,,35,48,310,10
11/28/2022 07:52,10.6,5.55,71.19,0,NaN,,26,37,300,10
11/28/2022 08:52,10.6,2.72,58.5,0,NaN,,28,44,320,10
11/28/2022 09:52,10,2.12,58.34,0,NaN,7,30,48,320,10
11/28/2022 10:52,11.7,2.11,52.11,0,NaN,,31,52,330,10
11/28/2022 11:52,11.1,1.61,52.32,0,NaN,,24,,310,10
11/28/2022 12:52,11.1,1.61,52.32,0,NaN,,24,37,310,10
11/28/2022 13:52,11.1,2.11,54.22,0,NaN,,20,31,310,10
11/28/2022 14:52,10.6,2.12,56.05,0,NaN,,22,33,310,10
11/28/2022 15:52,10.6,2.12,56.05,0,NaN,,20,,300,10
11/28/2022 16:52,10,2.12,58.34,0,NaN,7,22,,300,10
11/28/2022 17:52,9.4,1.62,58.61,0,NaN,7,15,,300,10
11/28/2022 18:52,8.9,1.62,60.61,0,NaN,7,15,,300,10
11/28/2022 19:52,7.2,1.03,65.17,0,NaN,5,15,,300,10
11/28/2022 20:52,6.7,0.52,65.05,0,NaN,4,13,,300,10
11/28/2022 21:52,3.3,-0.66,75.57,0,NaN,,0,,0,10
11/28/2022 22:52,6.7,-0.08,62.29,0,NaN,4,11,,330,10
11/28/2022 23:52,2.2,-1.15,78.77,0,NaN,,0,,0,10
11/29/2022 00:52,1.1,-1.74,81.55,0,NaN,,0,,0,10
11/29/2022 01:52,0.6,-1.13,88.36,0,NaN,,0,,0,10
11/29/2022 02:52,-0.6,-1.72,92.25,0,NaN,,0,,0,10
11/29/2022 03:52,0,-1.73,88.3,0,NaN,,0,,0,10
11/29/2022 04:52,0.6,-1.13,88.36,0,NaN,,0,,0,10
11/29/2022 05:52,2.2,0.58,89.15,0,NaN,,0,,0,10
11/29/2022 06:52,2.8,1.07,88.56,0,NaN,,0,,0,10
11/29/2022 07:52,3.9,2.18,88.66,0,NaN,,0,,0,10
11/29/2022 08:52,6.1,2.15,76.05,0,NaN,,0,,0,10
11/29/2022 09:52,8.3,2.13,65.42,0,NaN,8,6,,170,10
11/29/2022 10:52,8.9,1.01,58.06,0,NaN,7,11,,170,10
11/29/2022 11:52,9.4,0.51,54.15,0,NaN,7,17,,150,10
11/29/2022 12:52,10,1.01,53.92,0,NaN,8,17,,150,10
11/29/2022 13:52,10.6,1.01,51.8,0,NaN,,15,,140,10
11/29/2022 14:52,11.1,1.61,52.32,0,NaN,,19,,140,10
11/29/2022 15:52,10.6,2.12,56.05,0,NaN,,15,,140,10
11/29/2022 16:52,9.4,1.62,58.61,0,NaN,8,11,,140,10
11/29/2022 17:52,7.8,1.63,65.31,0,NaN,6,9,,140,10
11/29/2022 18:52,7.8,2.13,67.68,0,NaN,7,7,,140,10
11/29/2022 19:52,8.3,2.13,65.42,0,NaN,6,15,,140,10
11/29/2022 20:52,7.8,1.63,65.31,0,NaN,6,11,,140,10
11/29/2022 21:52,7.2,1.63,68.04,0,NaN,6,6,,130,10
11/29/2022 22:52,7.2,1.63,68.04,0,NaN,6,7,,160,10
11/29/2022 23:52,7.8,2.74,70.64,0,NaN,7,7,,170,10
11/30/2022 00:52,7.2,2.74,73.59,0,NaN,5,9,,150,10
11/30/2022 01:52,8.3,3.85,73.79,0,NaN,6,13,,170,10
11/30/2022 02:52,8.3,4.35,76.43,0,NaN,7,7,,170,10
11/30/2022 03:52,8.3,4.96,79.7,2.54,NaN,6,11,,150,10
11/30/2022 04:52,8.9,5.56,79.79,2.54,NaN,7,15,,170,10
11/30/2022 05:52,8.3,6.68,89.65,127,NaN,6,13,,170,5
11/30/2022 06:52,8.3,7.19,92.78,228.6,NaN,6,15,,170,4
11/30/2022 07:52,9.4,8.29,92.84,152.4,NaN,7,19,35,180,3
11/30/2022 08:52,10.6,8.88,89.23,50.8,NaN,,24,41,190,4
11/30/2022 09:52,11.1,9.38,89.27,50.8,NaN,,26,59,180,6
11/30/2022 10:52,12.2,9.98,86.42,2.54,NaN,,26,37,190,10
11/30/2022 11:52,12.8,10.58,86.49,0,NaN,,24,44,200,10
11/30/2022 12:52,12.8,11.08,89.41,0,NaN,,33,54,200,10
11/30/2022 13:52,13.9,11.68,86.6,0,NaN,,24,39,200,10
11/30/2022 14:52,14.4,11.68,83.84,0,NaN,,22,43,220,10
11/30/2022 15:52,13.3,3.22,50.73,2.54,NaN,,28,48,310,10
11/30/2022 16:52,12.2,-3.41,33.75,0,NaN,,26,39,290,10
11/30/2022 17:52,10.6,-5.12,33.01,2.54,NaN,,30,43,300,10
11/30/2022 18:52,8.9,-6.83,32.49,0,NaN,6,20,39,280,10
11/30/2022 19:52,7.8,-6.83,35.01,0,NaN,3,33,,290,10
11/30/2022 20:52,5,-6.23,44.46,0,NaN,1,22,,300,10
11/30/2022 21:52,5.6,-5.73,44.3,0,NaN,2,22,,310,10
11/30/2022 22:52,4.4,-6.83,44.28,0,NaN,,22,,310,10
11/30/2022 23:52,3.9,-7.33,44.12,0,NaN,-1,28,,300,10
12/1/2022 00:52,3.3,-8.44,42.26,0,NaN,1,7,,270,10
12/1/2022 01:52,3.9,-8.44,40.51,0,NaN,-1,26,46,280,10
12/1/2022 02:52,2.2,-7.93,47.51,0,NaN,-2,17,,310,10
12/1/2022 03:52,2.2,-8.43,45.69,0,NaN,-2,15,,300,10
12/1/2022 04:52,2.2,-9.03,43.6,0,NaN,-2,19,33,300,10
12/1/2022 05:52,0.6,-9.02,48.91,0,NaN,-4,19,,290,10
12/1/2022 06:52,1.1,-8.42,49.44,0,NaN,-5,30,43,300,10
12/1/2022 07:52,1.7,-9.03,45.19,0,NaN,-4,30,52,300,10
12/1/2022 08:52,2.8,-8.43,43.78,0,NaN,-1,17,,300,10
12/1/2022 09:52,3.3,-8.44,42.26,0,NaN,-1,20,,310,10
12/1/2022 10:52,4.4,-8.44,39.11,0,NaN,2,11,31,290,10
12/1/2022 11:52,5,-8.44,37.51,0,NaN,1,24,35,280,10
12/1/2022 12:52,6.7,-7.94,34.67,0,NaN,3,20,,310,10
12/1/2022 13:52,7.2,-9.54,29.56,0,NaN,4,20,,310,10
12/1/2022 14:52,7.2,-10.14,28.19,0,NaN,4,19,37,320,10
12/1/2022 15:52,6.7,-9.54,30.59,0,NaN,4,15,,310,10
12/1/2022 16:52,4.4,-9.54,35.88,0,NaN,3,7,,330,10
12/1/2022 17:52,5.6,-9.55,33,0,NaN,4,7,,340,10
12/1/2022 18:52,3.3,-9.04,40.32,0,NaN,1,9,,310,10
12/1/2022 19:52,3.3,-8.44,42.26,0,NaN,,0,,0,10
12/1/2022 20:52,2.2,-7.93,47.51,0,NaN,,7,,320,10
12/1/2022 21:52,0.6,-7.92,53.29,0,NaN,-1,6,,10,10
12/1/2022 22:52,-0.6,-7.3,60.91,0,NaN,-3,6,,110,10
12/1/2022 23:52,-2.2,-6.77,71.21,0,NaN,,0,,0,10
12/2/2022 00:52,-2.8,-7.27,71.64,0,NaN,,0,,0,10
12/2/2022 01:52,-3.9,-7.87,74.24,0,NaN,,0,,0,10
12/2/2022 02:52,-3.9,-7.87,74.24,0,NaN,,0,,0,10
12/2/2022 03:52,-5,-8.36,77.59,0,NaN,,0,,0,10
12/2/2022 04:52,-5,-7.85,80.67,0,NaN,,0,,0,10
12/2/2022 05:52,-5.6,-8.35,81.21,0,NaN,,0,,0,10
12/2/2022 06:52,-5.6,-7.84,84.43,0,NaN,,0,,0,10
12/2/2022 07:52,-2.8,-5.65,80.99,0,NaN,,0,,0,10
12/2/2022 08:52,0,-4.47,72.2,0,NaN,,0,,0,10
12/2/2022 09:52,4.4,-3.4,57.29,0,NaN,2,11,,160,10
12/2/2022 10:52,6.7,-3.41,48.84,0,NaN,3,19,28,180,10
12/2/2022 11:52,8.9,-4.53,38.71,0,NaN,6,17,,200,10
12/2/2022 12:52,10,-6.23,31.6,0,NaN,8,17,33,180,10
12/2/2022 13:52,10,-7.33,29.04,0,NaN,8,19,31,180,10
12/2/2022 14:52,9.4,-6.83,31.42,0,NaN,7,13,,180,10
12/2/2022 15:52,10,-5.73,32.83,0,NaN,8,15,,140,10
12/2/2022 16:52,8.9,-5.73,35.35,0,NaN,7,11,,150,10
12/2/2022 17:52,8.3,-5.73,36.81,0,NaN,7,9,,160,10
12/2/2022 18:52,6.7,-5.73,41.06,0,NaN,4,11,,150,10
12/2/2022 19:52,7.2,-5.13,41.53,0,NaN,5,11,,150,10
12/2/2022 20:52,8.9,-4.53,38.71,0,NaN,7,13,,170,10
12/2/2022 21:52,8.3,-4.02,41.86,0,NaN,6,13,,170,10
12/2/2022 22:52,8.9,-3.42,42.05,0,NaN,7,13,,170,10
12/2/2022 23:52,9.4,-2.31,44.12,0,NaN,6,22,,190,10
12/3/2022 00:52,9.4,-1.21,47.84,0,NaN,6,26,39,190,10
12/3/2022 01:52,8.9,2.12,62.82,25.4,NaN,6,20,39,170,10
12/3/2022 02:52,9.4,3.23,65.67,0,NaN,6,24,44,180,10
12/3/2022 03:52,10,4.95,71.08,2.54,NaN,7,24,37,180,10
12/3/2022 04:52,10.6,5.55,71.19,0,NaN,,26,43,190,10
12/3/2022 05:52,11.1,6.65,74.3,2.54,NaN,,28,43,200,10
12/3/2022 06:52,10,8.28,89.18,406.4,NaN,8,19,31,180,7
12/3/2022 07:52,10.6,8.88,89.23,152.4,NaN,,22,37,190,7
12/3/2022 08:52,10.6,9.39,92.29,228.6,NaN,,24,41,190,8
12/3/2022 09:52,11.7,9.98,89.32,25.4,NaN,,33,44,190,10
12/3/2022 10:52,12.2,10.58,89.96,2.54,NaN,,28,44,200,10
12/3/2022 11:52,13.9,11.08,83.23,0,NaN,,31,46,200,10
12/3/2022 12:52,16.1,11.67,75.18,0,NaN,,30,46,210,10
12/3/2022 13:52,15.6,11.06,74.59,0,NaN,,22,44,210,10
12/3/2022 14:52,16.1,11.06,72.25,0,NaN,,24,37,210,10
12/3/2022 15:52,16.1,11.06,72.25,0,NaN,,20,,200,10
12/3/2022 16:52,15.6,11.06,74.59,0,NaN,,9,,250,10
12/3/2022 17:52,15.6,6.64,55.42,0,NaN,,15,31,280,10
12/3/2022 18:52,13.9,2.11,45.13,0,NaN,,28,41,320,10
12/3/2022 19:52,12.2,-2.91,35.03,0,NaN,,24,,320,10
12/3/2022 20:52,10.6,-2.31,40.72,0,NaN,,15,,330,10
12/3/2022 21:52,8.9,-1.81,47.35,0,NaN,7,15,,310,10
12/3/2022 22:52,6.7,-2.91,50.7,0,NaN,6,6,,330,10
12/3/2022 23:52,7.2,-3.41,47.2,0,NaN,6,7,,280,10
12/4/2022 00:52,5,-3.4,54.94,0,NaN,,0,,0,10
12/4/2022 01:52,4.4,-2.89,59.47,0,NaN,1,13,,360,10
12/4/2022 02:52,2.8,-2.88,66.57,0,NaN,,11,,360,10
12/4/2022 03:52,3.3,-3.39,61.9,0,NaN,1,7,,350,10
12/4/2022 04:52,3.3,-4,59.18,0,NaN,-1,17,,340,10
12/4/2022 05:52,1.7,-3.98,66.32,0,NaN,-2,13,,330,10
12/4/2022 06:52,1.1,-3.97,69.24,0,NaN,-3,15,,320,10
12/4/2022 07:52,1.7,-3.98,66.32,0,NaN,-1,9,,320,10
12/4/2022 08:52,3.3,-4,59.18,0,NaN,,11,,310,10
12/4/2022 09:52,3.9,-4.51,54.64,0,NaN,,15,,330,10
12/4/2022 10:52,5.6,-4.52,48.52,0,NaN,3,13,,330,10
12/4/2022 11:52,6.7,-5.73,41.06,0,NaN,6,6,,0,10
12/4/2022 12:52,6.1,-6.23,41.19,0,NaN,3,15,,350,10
12/4/2022 13:52,7.8,-8.44,30.93,0,NaN,6,11,,320,10
12/4/2022 14:52,7.8,-8.44,30.93,0,NaN,7,6,,270,10
12/4/2022 15:52,8.3,-8.44,29.89,0,NaN,,0,,0,10
12/4/2022 16:52,3.9,-6.83,45.86,0,NaN,2,7,,170,10
12/4/2022 17:52,0.6,-6.8,58.02,0,NaN,-1,6,,150,10
12/4/2022 18:52,0.6,-6.2,60.75,0,NaN,-2,7,,130,10
12/4/2022 19:52,-1.1,-6.18,68.76,0,NaN,,0,,0,10
12/4/2022 20:52,-1.7,-6.17,71.86,0,NaN,-4,6,,130,10
12/4/2022 21:52,-2.8,-6.15,77.96,0,NaN,,0,,0,10
12/4/2022 22:52,-3.3,-6.76,77.28,0,NaN,-6,6,,250,10
12/4/2022 23:52,-3.3,-6.76,77.28,0,NaN,,0,,0,10
12/5/2022 00:52,-3.9,-6.75,80.83,0,NaN,,0,,0,10
12/5/2022 01:52,-3.9,-6.75,80.83,0,NaN,,0,,0,10
12/5/2022 02:52,-5,-7.24,84.5,0,NaN,,0,,0,10
12/5/2022 03:52,-3.9,-6.75,80.83,0,NaN,-6,6,,140,10
12/5/2022 04:52,-5,-7.24,84.5,0,NaN,,0,,0,10
12/5/2022 05:52,-5.6,-7.23,88.45,0,NaN,,0,,0,10
12/5/2022 06:52,-5.6,-7.23,88.45,0,NaN,,0,,0,10
12/5/2022 07:52,-3.9,-6.14,84.64,0,NaN,,0,,0,10
12/5/2022 08:52,-0.6,-2.84,85.03,0,NaN,,0,,0,10
12/5/2022 09:52,2.8,-1.77,72.22,0,NaN,1,6,,210,10
12/5/2022 10:52,6.1,-0.08,64.92,0,NaN,3,13,,200,10
12/5/2022 11:52,7.8,-0.09,57.77,0,NaN,5,15,,200,10
12/5/2022 12:52,8.9,-1.81,47.35,0,NaN,7,15,,160,10
12/5/2022 13:52,10,-1.81,43.97,0,NaN,8,13,,170,10
12/5/2022 14:52,10,-2.31,42.38,0,NaN,8,15,,150,10
12/5/2022 15:52,8.9,-2.92,43.64,0,NaN,6,17,,150,10
12/5/2022 16:52,6.7,-5.12,42.98,0,NaN,5,9,,140,10
12/5/2022 17:52,5.6,-3.41,52.7,0,NaN,4,9,,130,10
12/5/2022 18:52,5,-3.4,54.94,0,NaN,2,11,,150,10
12/5/2022 19:52,2.8,-3.39,64.13,0,NaN,,0,,0,10
12/5/2022 20:52,0,-3.35,78.42,0,NaN,-2,6,,120,10
12/5/2022 21:52,-0.6,-3.95,78.32,0,NaN,,0,,0,10
12/5/2022 22:52,2.2,-0.64,81.7,0,NaN,1,6,,130,10
12/5/2022 23:52,1.7,-0.64,84.68,0,NaN,,0,,0,10
12/6/2022 00:52,-0.6,-2.84,85.03,0,NaN,,0,,0,10
12/6/2022 01:52,0,-1.12,92.28,0,NaN,,0,,0,10
12/6/2022 02:52,2.2,-0.03,85.35,0,NaN,,9,,140,10
12/6/2022 03:52,3.9,1.06,81.94,0,NaN,,0,,0,10
12/6/2022 04:52,3.9,1.67,85.54,2.54,NaN,,0,,0,10
12/6/2022 05:52,5,2.77,85.67,0,NaN,,0,,0,10
12/6/2022 06:52,5,2.16,82.09,0,NaN,4,6,,330,10
12/6/2022 07:52,5.6,2.76,82.17,0,NaN,,0,,0,10
12/6/2022 08:52,5.6,3.88,88.81,76.2,NaN,4,9,,130,4
12/6/2022 09:52,6.7,5.59,92.69,2.54,NaN,5,7,,170,5
12/6/2022 10:52,7.2,4.97,85.9,0,NaN,6,6,,170,10
12/6/2022 11:52,7.2,5.58,89.56,0,NaN,,0,,0,2.5
12/6/2022 12:52,8.3,6.68,89.65,0,NaN,7,9,,170,6
12/6/2022 13:52,8.9,7.18,89.09,0,NaN,7,13,,190,6
12/6/2022 14:52,8.9,7.79,92.81,0,NaN,7,11,,170,5
12/6/2022 15:52,8.9,7.79,92.81,2.54,NaN,7,11,,180,10
12/6/2022 16:52,8.9,7.79,92.81,25.4,NaN,7,9,,180,7
12/6/2022 17:52,8.3,7.19,92.78,2.54,NaN,7,9,,160,6
12/6/2022 18:52,8.9,7.18,89.09,0,NaN,7,15,,190,9
12/6/2022 19:52,8.9,7.18,89.09,2.54,NaN,7,15,,170,8
12/6/2022 20:52,8.9,7.79,92.81,0,NaN,7,9,,170,8
12/6/2022 21:52,8.9,7.79,92.81,0,NaN,7,9,,180,7
12/6/2022 22:52,9.4,8.29,92.84,0,NaN,7,13,,180,10
12/6/2022 23:52,10,8.28,89.18,0,NaN,8,11,,180,10
12/7/2022 00:52,10,8.89,92.87,0,NaN,9,7,,170,10
12/7/2022 01:52,10,8.89,92.87,0,NaN,,0,,0,10
12/7/2022 02:52,10,8.89,92.87,0,NaN,,0,,0,10
12/7/2022 03:52,10.6,9.39,92.29,0,NaN,,0,,0,9
12/7/2022 04:52,10.6,9.39,92.29,0,NaN,,0,,0,7
12/7/2022 05:52,10.6,9.39,92.29,0,NaN,,0,,0,6
12/7/2022 06:52,10.6,9.39,92.29,0,NaN,,6,,140,7
12/7/2022 07:52,10.6,9.39,92.29,2.54,NaN,,7,,230,7
12/7/2022 08:52,10.6,9.39,92.29,2.54,NaN,,0,,0,3
12/7/2022 09:52,11.1,9.99,92.94,76.2,NaN,,11,,180,3
12/7/2022 10:52,11.7,10.59,92.97,0,NaN,,9,,200,5
12/7/2022 11:52,11.7,10.59,92.97,0,NaN,,7,,210,7
12/7/2022 12:52,12.2,10.58,89.96,0,NaN,,6,,200,5
12/7/2022 13:52,12.2,10.58,89.96,0,NaN,,6,,210,7
12/7/2022 14:52,12.8,11.08,89.41,0,NaN,,7,,190,7
12/7/2022 15:52,12.8,11.08,89.41,0,NaN,,6,,170,10
12/7/2022 16:52,11.7,10.59,92.97,0,NaN,,7,,180,10
12/7/2022 17:52,12.2,11.09,93,0,NaN,,7,,190,8
12/7/2022 18:52,12.2,11.09,93,0,NaN,,0,,0,1.5
12/7/2022 19:52,11.7,11.7,100,0,NaN,,0,,0,0.5
12/7/2022 20:52,11.1,10.59,96.73,0,NaN,,11,,330,0.25
12/7/2022 21:52,11.1,11.1,100,0,NaN,,6,,340,0.25
12/7/2022 22:52,11.1,10.59,96.73,0,NaN,,7,,350,0.12
12/7/2022 23:52,10,9.39,96.06,0,NaN,10,6,,320,0.12
12/8/2022 00:52,8.9,8.29,96.02,0,NaN,8,6,,330,0.25
12/8/2022 01:52,6.7,6.09,95.95,0,NaN,5,7,,320,1.5
12/8/2022 02:52,6.1,5.59,96.6,0,NaN,,0,,0,2
12/8/2022 03:52,6.7,6.09,95.95,0,NaN,,0,,0,3
12/8/2022 04:52,9.4,7.78,89.74,0,NaN,7,13,,360,7
12/8/2022 05:52,10,6.66,79.95,0,NaN,8,11,,360,10
12/8/2022 06:52,10,6.06,76.71,0,NaN,9,9,,340,10
12/8/2022 07:52,10.6,6.05,73.7,0,NaN,,9,,340,10
12/8/2022 08:52,12.2,6.04,66.3,0,NaN,,9,,340,10
12/8/2022 09:52,13.3,5.53,59.6,0,NaN,,15,,340,10
12/8/2022 10:52,12.8,4.93,59.06,0,NaN,,19,,330,10
12/8/2022 11:52,13.9,4.32,52.72,0,NaN,,19,,340,10
12/8/2022 12:52,13.3,3.22,50.73,0,NaN,,19,,330,10
12/8/2022 13:52,12.8,3.22,52.42,0,NaN,,13,,350,10
12/8/2022 14:52,12.8,3.22,52.42,0,NaN,,9,,340,10
12/8/2022 15:52,12.2,3.22,54.52,0,NaN,,11,,340,10
12/8/2022 16:52,11.7,2.72,54.38,0,NaN,,15,,350,10
12/8/2022 17:52,11.1,2.72,56.59,0,NaN,,19,,10,10
12/8/2022 18:52,11.1,2.72,56.59,0,NaN,,13,,10,10
12/8/2022 19:52,10,2.72,60.89,0,NaN,8,11,,30,10
12/8/2022 20:52,9.4,3.23,65.67,0,NaN,8,7,,40,10
12/8/2022 21:52,9.4,2.73,63.39,0,NaN,8,11,,20,10
12/8/2022 22:52,8.9,2.12,62.82,0,NaN,7,13,,20,10
12/8/2022 23:52,8.3,1.62,63.13,0,NaN,6,15,,30,10
12/9/2022 00:52,7.8,1.02,62.55,0,NaN,6,13,,30,10
12/9/2022 01:52,6.7,0.52,65.05,0,NaN,4,11,,20,10
12/9/2022 02:52,5.6,0.53,70.19,0,NaN,3,11,,20,10
12/9/2022 03:52,5.6,0.53,70.19,0,NaN,4,9,,10,10
12/9/2022 04:52,4.4,-0.67,69.94,0,NaN,1,13,,10,10
12/9/2022 05:52,3.9,-1.78,66.82,0,NaN,2,9,,20,10
12/9/2022 06:52,3.3,-2.28,67.18,0,NaN,,11,,10,10
12/9/2022 07:52,3.9,-2.89,61.59,0,NaN,1,11,,10,10
12/9/2022 08:52,5,-2.9,57.03,0,NaN,2,11,,20,10
12/9/2022 09:52,6.7,-2.3,53.01,0,NaN,4,11,,20,10
12/9/2022 10:52,7.8,-2.31,49.16,0,NaN,6,11,,360,10
12/9/2022 11:52,8.9,-2.31,45.63,0,NaN,7,11,,0,10
12/9/2022 12:52,9.4,-2.31,44.12,0,NaN,8,9,,340,10
12/9/2022 13:52,9.4,-2.31,44.12,0,NaN,8,9,,30,10
12/9/2022 14:52,9.4,-2.91,42.2,0,NaN,8,11,,40,10
12/9/2022 15:52,9.4,-2.91,42.2,0,NaN,,0,,0,10
12/9/2022 16:52,5.6,-3.41,52.7,0,NaN,,0,,0,10
12/9/2022 17:52,3.9,-3.39,59.34,0,NaN,,0,,0,10
12/9/2022 18:52,5.6,-2.9,54.7,0,NaN,3,11,,20,10
12/9/2022 19:52,2.8,-3.39,64.13,0,NaN,1,7,,30,10
12/9/2022 20:52,2.2,-3.38,66.93,0,NaN,1,6,,20,10
12/9/2022 21:52,0,-3.96,74.97,0,NaN,,0,,0,10
12/9/2022 22:52,-0.6,-4.46,75.43,0,NaN,,0,,0,10
12/9/2022 23:52,-1.1,-5.06,74.77,0,NaN,-4,7,,330,10
12/10/2022 00:52,-1.1,-4.45,78.24,0,NaN,-4,7,,300,10
12/10/2022 01:52,-1.1,-4.45,78.24,0,NaN,-3,6,,330,10
12/10/2022 02:52,-2.2,-5.05,81.08,0,NaN,-6,9,,50,10
12/10/2022 03:52,-0.6,-3.34,81.92,0,NaN,-3,7,,350,10
12/10/2022 04:52,0.6,-2.85,77.93,0,NaN,-2,9,,340,10
12/10/2022 05:52,0.6,-2.85,77.93,0,NaN,-1,6,,330,10
12/10/2022 06:52,1.7,-2.26,75.28,0,NaN,,0,,0,10
12/10/2022 07:52,1.7,-3.98,66.32,0,NaN,-1,7,,30,10
12/10/2022 08:52,2.2,-4.49,61.63,0,NaN,,9,,40,10
12/10/2022 09:52,2.8,-5.1,56.43,0,NaN,1,7,,40,10
12/10/2022 10:52,3.3,-5.71,52.04,0,NaN,2,6,,20,10
12/10/2022 11:52,4.4,-5.12,50.41,0,NaN,3,6,,140,10
12/10/2022 12:52,5,-4.51,50.59,0,NaN,4,6,,330,10
12/10/2022 13:52,5,-4.51,50.59,0,NaN,,0,,0,10
12/10/2022 14:52,5.6,-4.01,50.38,2.54,NaN,,0,,0,10
12/10/2022 15:52,5.6,-3.41,52.7,0,NaN,,0,,0,10
12/10/2022 16:52,5.6,-2.9,54.7,0,NaN,,0,,0,10
12/10/2022 17:52,5,-2.29,59.62,0,NaN,,0,,0,10
12/10/2022 18:52,5,-1.79,61.87,0,NaN,,0,,0,10
12/10/2022 19:52,5,-1.79,61.87,0,NaN,,0,,0,10
12/10/2022 20:52,5,-1.79,61.87,0,NaN,4,6,,50,10
12/10/2022 21:52,4.4,-1.17,67.43,0,NaN,,0,,0,10
12/10/2022 22:52,5,-0.67,67.07,0,NaN,4,6,,110,10
12/10/2022 23:52,5.6,0.53,70.19,0,NaN,5,6,,120,10
12/11/2022 00:52,5,1.05,75.86,0,NaN,3,9,,120,10
12/11/2022 01:52,5.6,1.04,72.76,0,NaN,4,7,,130,10
12/11/2022 02:52,5.6,1.65,75.97,0,NaN,,0,,0,10
12/11/2022 03:52,5,1.65,79.2,0,NaN,4,6,,120,10
12/11/2022 04:52,5,2.16,82.09,0,NaN,4,6,,120,10
12/11/2022 05:52,5,2.77,85.67,0,NaN,,0,,0,10
12/11/2022 06:52,5,2.77,85.67,0,NaN,3,7,,130,10
12/11/2022 07:52,5,3.27,88.75,2.54,NaN,3,7,,150,6
12/11/2022 08:52,5,3.88,92.59,2.54,NaN,4,6,,190,6
12/11/2022 09:52,5.6,3.88,88.81,0,NaN,4,7,,180,6
12/11/2022 10:52,5.6,4.38,91.98,2.54,NaN,4,9,,190,8
12/11/2022 11:52,6.1,4.38,88.85,0,NaN,4,9,,190,8
12/11/2022 12:52,7.2,3.86,79.54,0,NaN,5,11,,190,10
12/11/2022 13:52,7.8,4.36,79.07,2.54,NaN,,0,,0,10
12/11/2022 14:52,7.8,4.36,79.07,0,NaN,6,9,,160,10
12/11/2022 15:52,8.3,3.85,73.79,0,NaN,,0,,0,10
12/11/2022 16:52,6.7,3.25,78.9,0,NaN,,0,,0,10
12/11/2022 17:52,5.6,2.76,82.17,0,NaN,5,6,,290,10
12/11/2022 18:52,6.1,2.76,79.37,0,NaN,5,7,,350,10
12/11/2022 19:52,5.6,3.27,85.13,0,NaN,3,13,,350,10
12/11/2022 20:52,5,2.77,85.67,0,NaN,3,9,,350,10
12/11/2022 21:52,1.1,0.59,96.46,0,NaN,,0,,0,8
12/11/2022 22:52,2.8,1.07,88.56,0,NaN,1,7,,300,10
12/11/2022 23:52,3.9,1.06,81.94,0,NaN,1,11,,330,10
12/12/2022 00:52,4.4,1.05,79.11,0,NaN,2,9,,330,10
12/12/2022 01:52,5.6,0.53,70.19,0,NaN,3,11,,330,10
12/12/2022 02:52,6.1,-1.19,59.91,0,NaN,2,20,31,340,10
12/12/2022 03:52,6.1,-2.3,55.24,0,NaN,3,17,,330,10
12/12/2022 04:52,5.6,-2.3,57.19,0,NaN,2,22,37,330,10
12/12/2022 05:52,5.6,-3.41,52.7,0,NaN,2,19,,330,10
12/12/2022 06:52,5,-4.01,52.53,0,NaN,1,20,,340,10
12/12/2022 07:52,5,-3.4,54.94,0,NaN,2,17,,340,10
12/12/2022 08:52,5.6,-3.41,52.7,0,NaN,2,20,,340,10
12/12/2022 09:52,5.6,-2.9,54.7,0,NaN,2,22,,350,10
12/12/2022 10:52,5,-2.9,57.03,0,NaN,1,20,37,340,10
12/12/2022 11:52,5,-2.9,57.03,0,NaN,1,22,,340,10
12/12/2022 12:52,5,-3.4,54.94,0,NaN,1,22,,340,10
12/12/2022 13:52,5.6,-2.9,54.7,0,NaN,2,17,,340,10
12/12/2022 14:52,5,-3.4,54.94,0,NaN,1,19,,330,10
12/12/2022 15:52,5,-3.4,54.94,0,NaN,1,19,,320,10
12/12/2022 16:52,4.4,-3.4,57.29,0,NaN,1,15,,320,10
12/12/2022 17:52,4.4,-3.4,57.29,0,NaN,1,13,,320,10
12/12/2022 18:52,4.4,-3.4,57.29,0,NaN,2,9,,320,10
12/12/2022 19:52,3.9,-3.39,59.34,0,NaN,1,11,,320,10
12/12/2022 20:52,4.4,-3.4,57.29,0,NaN,1,13,,330,10
12/12/2022 21:52,4.4,-3.4,57.29,0,NaN,2,11,,340,10
12/12/2022 22:52,4.4,-4,54.78,0,NaN,1,13,,360,10
12/12/2022 23:52,4.4,-5.12,50.41,0,NaN,1,17,30,360,10
12/13/2022 00:52,3.3,-2.28,67.18,0,NaN,,11,,10,10
12/13/2022 01:52,2.8,-3.99,61.32,0,NaN,-1,13,,30,10
12/13/2022 02:52,2.2,-4.49,61.63,0,NaN,-2,19,,30,10
12/13/2022 03:52,1.7,-3.98,66.32,0,NaN,-2,13,,30,10
12/13/2022 04:52,1.1,-4.48,66.68,0,NaN,-3,17,,20,10
12/13/2022 05:52,0,-5.08,69,0,NaN,-5,17,,20,10
12/13/2022 06:52,-0.6,-5.68,68.87,0,NaN,-4,11,,20,10
12/13/2022 07:52,-0.6,-5.68,68.87,0,NaN,-5,13,,10,10
12/13/2022 08:52,0.6,-6.2,60.75,0,NaN,-3,13,,20,10
12/13/2022 09:52,2.2,-5.7,56.27,0,NaN,-1,11,,10,10
12/13/2022 10:52,2.8,-6.21,51.9,0,NaN,-1,17,,330,10
12/13/2022 11:52,3.9,-5.72,49.89,0,NaN,1,11,,350,10
12/13/2022 12:52,5,-5.72,46.19,0,NaN,3,9,,330,10
12/13/2022 13:52,6.1,-7.94,36.13,0,NaN,4,9,,320,10
12/13/2022 14:52,6.1,-7.94,36.13,0,NaN,5,7,,290,10
12/13/2022 15:52,6.1,-6.83,39.34,0,NaN,4,9,,310,10
12/13/2022 16:52,3.3,-7.93,43.94,0,NaN,2,6,,270,10
12/13/2022 17:52,0,-7.3,58.31,0,NaN,,0,,0,10
12/13/2022 18:52,1.7,-7.92,49.24,0,NaN,,6,,340,10
12/13/2022 19:52,-2.2,-7.89,65.4,0,NaN,,0,,0,10
12/13/2022 20:52,-2.8,-7.88,68.38,0,NaN,,0,,0,10
12/13/2022 21:52,-3.3,-7.87,70.98,0,NaN,-6,6,,280,10
12/13/2022 22:52,-4.4,-8.36,74.15,0,NaN,,0,,0,10
12/13/2022 23:52,-5,-7.85,80.67,0,NaN,,0,,0,10
12/14/2022 00:52,-5.6,-8.35,81.21,0,NaN,,0,,0,10
12/14/2022 01:52,-5.6,-8.96,77.48,0,NaN,,0,,0,10
12/14/2022 02:52,-6.1,-9.46,77.4,0,NaN,,0,,0,10
12/14/2022 03:52,-6.1,-8.95,80.5,0,NaN,,0,,0,10
12/14/2022 04:52,-6.1,-8.34,84.37,0,NaN,,0,,0,10
12/14/2022 05:52,-5.6,-8.35,81.21,0,NaN,,0,,0,10
12/14/2022 06:52,-5.6,-7.84,84.43,0,NaN,,0,,0,10
12/14/2022 07:52,-5,-7.85,80.67,0,NaN,,0,,0,10
12/14/2022 08:52,-1.1,-5.67,71.44,0,NaN,-5,13,,300,10
12/14/2022 09:52,0,-5.68,65.92,0,NaN,-3,7,,320,10
12/14/2022 10:52,2.2,-5.1,58.89,0,NaN,,0,,0,10
12/14/2022 11:52,3.9,-7.93,42.12,0,NaN,2,9,,360,10
12/14/2022 12:52,4.4,-8.44,39.11,0,NaN,1,15,,350,10
12/14/2022 13:52,5,-8.44,37.51,0,NaN,2,13,,340,10
12/14/2022 14:52,5,-9.04,35.79,0,NaN,3,7,,330,10
12/14/2022 15:52,3.9,-9.04,38.65,0,NaN,2,7,,320,10
12/14/2022 16:52,3.9,-7.93,42.12,0,NaN,2,7,,330,10
12/14/2022 17:52,3.9,-6.83,45.86,0,NaN,1,11,,40,10
12/14/2022 18:52,3.3,-6.82,47.84,0,NaN,,11,,40,10
12/14/2022 19:52,3.3,-7.33,46.03,0,NaN,1,9,,30,10
12/14/2022 20:52,3.3,-6.82,47.84,0,NaN,1,9,,40,10
12/14/2022 21:52,3.3,-6.82,47.84,0,NaN,1,7,,40,10
12/14/2022 22:52,3.3,-6.22,50.09,0,NaN,1,7,,50,10
12/14/2022 23:52,2.8,-5.1,56.43,2.54,NaN,1,7,,40,10
12/15/2022 00:52,2.8,-3.99,61.32,2.54,NaN,1,6,,90,10
12/15/2022 01:52,1.7,-1.14,81.63,50.8,NaN,,0,,0,10
12/15/2022 02:52,1.7,-0.64,84.68,50.8,NaN,,0,,0,8
12/15/2022 03:52,1.1,-0.63,88.4,279.4,NaN,,0,,0,5
12/15/2022 04:52,1.1,-0.63,88.4,203.2,NaN,,0,,0,6
12/15/2022 05:52,0.6,-0.62,91.65,177.8,NaN,-1,6,,90,4
12/15/2022 06:52,0.6,-0.62,91.65,228.6,NaN,-2,7,,90,4
12/15/2022 07:52,1.1,-0.02,92.35,228.6,NaN,-3,17,,70,5
12/15/2022 08:52,1.1,-0.02,92.35,228.6,NaN,-1,7,,60,2
12/15/2022 09:52,1.7,-0.03,88.46,279.4,NaN,-2,13,,40,4
12/15/2022 10:52,1.7,0.58,92.39,304.8,NaN,-2,13,,50,1.75
12/15/2022 11:52,2.2,0.58,89.15,279.4,NaN,-2,15,,40,3
12/15/2022 12:52,2.2,1.08,92.42,355.6,NaN,-1,13,,20,2
12/15/2022 13:52,2.8,1.68,92.46,254,NaN,-1,17,,30,3
12/15/2022 14:52,3.9,2.78,92.52,152.4,NaN,1,13,,40,1.25
12/15/2022 15:52,3.9,2.78,92.52,558.8,NaN,,20,,330,1
12/15/2022 16:52,2.8,2.19,95.82,609.6,NaN,-1,19,,350,3
12/15/2022 17:52,3.3,2.18,92.49,152.4,NaN,-1,22,28,360,9
12/15/2022 18:52,3.3,2.18,92.49,76.2,NaN,-1,20,,10,5
12/15/2022 19:52,3.3,2.18,92.49,50.8,NaN,-1,19,,340,4
12/15/2022 20:52,3.3,2.18,92.49,76.2,NaN,-1,20,,340,4
12/15/2022 21:52,4.4,3.28,92.55,76.2,NaN,,20,,340,3
12/15/2022 22:52,3.9,3.29,95.86,25.4,NaN,,20,,330,1.75
12/15/2022 23:52,3.3,2.79,96.52,76.2,NaN,-1,22,,320,1.75
12/16/2022 00:52,3.3,2.18,92.49,50.8,NaN,-1,20,,320,2
12/16/2022 01:52,3.3,2.18,92.49,50.8,NaN,-2,24,,320,2
12/16/2022 02:52,3.9,2.18,88.66,50.8,NaN,,19,37,330,7
12/16/2022 03:52,3.9,2.78,92.52,0,NaN,,19,,330,10
12/16/2022 04:52,3.9,2.18,88.66,0,NaN,,20,41,330,10
12/16/2022 05:52,3.9,2.78,92.52,0,NaN,,20,,320,10
12/16/2022 06:52,3.3,1.68,89.24,0,NaN,1,7,,320,10
12/16/2022 07:52,3.9,1.67,85.54,0,NaN,2,9,,320,10
12/16/2022 08:52,5.6,1.65,75.97,0,NaN,4,7,,330,10
12/16/2022 09:52,7.8,2.13,67.68,0,NaN,5,20,,310,10
12/16/2022 10:52,8.9,2.12,62.82,0,NaN,6,24,37,320,10
12/16/2022 11:52,10,1.01,53.92,0,NaN,7,20,,310,10
12/16/2022 12:52,10,0.51,52.01,0,NaN,6,33,48,300,10
12/16/2022 13:52,8.9,-0.7,51.33,0,NaN,6,22,43,290,10
12/16/2022 14:52,8.3,-0.7,53.45,0,NaN,5,22,,310,10
12/16/2022 15:52,8.3,-0.09,55.84,0,NaN,5,19,,290,10
12/16/2022 16:52,7.2,-1.2,55.54,0,NaN,5,11,,280,10
12/16/2022 17:52,6.1,-2.3,55.24,0,NaN,4,9,,260,10
12/16/2022 18:52,4.4,-2.29,62.18,0,NaN,2,9,,270,10
12/16/2022 19:52,3.3,-2.28,67.18,0,NaN,2,6,,270,10
12/16/2022 20:52,1.1,-1.74,81.55,0,NaN,,0,,0,10
12/16/2022 21:52,2.2,-1.15,78.77,0,NaN,,0,,0,10
12/16/2022 22:52,3.3,-1.16,72.85,0,NaN,,0,,0,10
12/16/2022 23:52,1.7,-1.75,78.11,0,NaN,-1,7,,200,10
12/17/2022 00:52,1.7,-2.26,75.28,0,NaN,,6,,210,10
12/17/2022 01:52,1.1,-1.74,81.55,0,NaN,-2,11,,190,10
12/17/2022 02:52,1.1,-2.25,78.59,0,NaN,-1,6,,130,10
12/17/2022 03:52,1.7,-2.26,75.28,0,NaN,-1,9,,230,10
12/17/2022 04:52,1.7,-3.37,69.37,0,NaN,-1,9,,230,10
12/17/2022 05:52,1.1,-4.48,66.68,0,NaN,-2,9,,210,10
12/17/2022 06:52,1.7,-4.49,63.87,0,NaN,-1,7,,260,10
12/17/2022 07:52,2.2,-3.38,66.93,0,NaN,,7,,280,10
12/17/2022 08:52,5,-2.9,57.03,0,NaN,2,11,,300,10
12/17/2022 09:52,5.6,-4.52,48.52,0,NaN,3,11,,260,10
12/17/2022 10:52,7.8,-5.13,39.86,0,NaN,5,17,,280,10
12/17/2022 11:52,6.7,-5.12,42.98,0,NaN,4,15,,260,10
12/17/2022 12:52,7.2,-5.73,39.68,0,NaN,5,15,,290,10
12/17/2022 13:52,7.8,-6.23,36.66,0,NaN,5,17,,240,10
12/17/2022 14:52,7.2,-5.73,39.68,0,NaN,4,17,,280,10
12/17/2022 15:52,7.2,-5.73,39.68,0,NaN,6,7,,270,10
12/17/2022 16:52,5.6,-5.73,44.3,0,NaN,4,7,,280,10
12/17/2022 17:52,5,-5.72,46.19,0,NaN,3,7,,320,10
12/17/2022 18:52,5,-5.12,48.34,0,NaN,3,9,,310,10
12/17/2022 19:52,5,-5.12,48.34,0,NaN,3,7,,330,10
12/17/2022 20:52,5,-5.12,48.34,0,NaN,3,7,,340,10
12/17/2022 21:52,4.4,-5.12,50.41,0,NaN,3,7,,360,10
12/17/2022 22:52,2.8,-3.99,61.32,0,NaN,1,6,,70,10
12/17/2022 23:52,3.3,-4,59.18,0,NaN,1,9,,10,10
12/18/2022 00:52,3.3,-4,59.18,0,NaN,1,7,,10,10
12/18/2022 01:52,2.8,-3.39,64.13,0,NaN,,0,,0,10
12/18/2022 02:52,1.7,-2.87,72,0,NaN,,6,,190,10
12/18/2022 03:52,1.7,-2.87,72,0,NaN,,6,,180,10
12/18/2022 04:52,1.1,-2.25,78.59,0,NaN,,0,,0,10
12/18/2022 05:52,1.1,-4.48,66.68,0,NaN,-2,9,,290,10
12/18/2022 06:52,2.2,-5.1,58.89,0,NaN,-1,11,,310,10
12/18/2022 07:52,1.7,-5.7,58.32,0,NaN,-1,9,,300,10
12/18/2022 08:52,2.8,-5.71,53.92,0,NaN,1,7,,280,10
12/18/2022 09:52,5,-5.72,46.19,0,NaN,1,20,37,280,10
12/18/2022 10:52,4.4,-5.72,48.17,0,NaN,,20,,310,10
12/18/2022 11:52,5,-6.23,44.46,0,NaN,,26,44,280,10
12/18/2022 12:52,5,-7.33,40.85,0,NaN,,26,41,290,10
12/18/2022 13:52,4.4,-6.83,44.28,0,NaN,,22,41,280,10
12/18/2022 14:52,4.4,-6.83,44.28,0,NaN,-1,28,43,310,10
12/18/2022 15:52,3.3,-7.93,43.94,0,NaN,-2,31,50,300,10
12/18/2022 16:52,2.2,-8.43,45.69,0,NaN,-3,26,41,320,10
12/18/2022 17:52,1.1,-8.42,49.44,0,NaN,-4,22,,290,10
12/18/2022 18:52,1.1,-8.42,49.44,0,NaN,-3,17,,300,10
12/18/2022 19:52,1.1,-8.42,49.44,0,NaN,-5,35,,300,10
12/18/2022 20:52,-0.6,-9.02,53.36,0,NaN,-3,7,,310,10
12/18/2022 21:52,-1.1,-9.52,53.22,0,NaN,-4,7,,290,10
12/18/2022 22:52,-0.6,-8.41,55.93,0,NaN,-6,19,,320,10
12/18/2022 23:52,-1.7,-7.89,63.03,0,NaN,-6,11,,300,10
12/19/2022 00:52,-1.7,-8.4,60.63,0,NaN,-5,7,,270,10
12/19/2022 01:52,-3.3,-8.38,68.27,0,NaN,,0,,0,10
12/19/2022 02:52,-3.3,-8.99,65.14,0,NaN,-6,6,,250,10
12/19/2022 03:52,-1.7,-8.4,60.63,0,NaN,-5,9,,330,10
12/19/2022 04:52,-1.1,-7.9,60.31,0,NaN,-6,15,,290,10
12/19/2022 05:52,-1.1,-8.4,58.01,0,NaN,-4,7,,290,10
12/19/2022 06:52,-2.2,-8.39,62.91,0,NaN,-4,6,,0,10
12/19/2022 07:52,-0.6,-7.9,58.15,0,NaN,-5,13,,280,10
12/19/2022 08:52,1.1,-7.92,51.4,0,NaN,-2,11,,250,10
12/19/2022 09:52,2.2,-7.93,47.51,0,NaN,-2,19,31,270,10
12/19/2022 10:52,3.3,-7.33,46.03,0,NaN,-1,17,33,290,10
12/19/2022 11:52,4.4,-7.33,42.6,0,NaN,,20,,290,10
12/19/2022 12:52,5,-7.33,40.85,0,NaN,1,20,,280,10
12/19/2022 13:52,6.1,-7.34,37.85,0,NaN,2,20,33,290,10
12/19/2022 14:52,5,-7.94,39,0,NaN,1,22,31,300,10
12/19/2022 15:52,4.4,-7.93,40.67,0,NaN,,22,,320,10
12/19/2022 16:52,3.3,-7.93,43.94,0,NaN,,11,,320,10
12/19/2022 17:52,2.2,-7.93,47.51,0,NaN,-2,20,37,330,10
12/19/2022 18:52,1.1,-7.31,53.85,0,NaN,-4,22,,360,10
12/19/2022 19:52,-0.6,-8.41,55.93,0,NaN,-5,13,,330,10
12/19/2022 20:52,-1.1,-8.4,58.01,0,NaN,-6,19,,340,10
12/19/2022 21:52,-1.1,-8.4,58.01,0,NaN,-6,15,,350,10
12/19/2022 22:52,-1.1,-8.4,58.01,0,NaN,-7,20,,340,10
12/19/2022 23:52,-1.1,-8.4,58.01,0,NaN,-6,17,,330,10
12/20/2022 00:52,-1.7,-8.4,60.63,0,NaN,-7,17,,310,10
12/20/2022 01:52,-1.7,-8.4,60.63,0,NaN,-7,17,,340,10
12/20/2022 02:52,-2.8,-8.39,65.77,0,NaN,-7,11,,320,10
12/20/2022 03:52,-4.4,-8.36,74.15,0,NaN,-8,9,,300,10
12/20/2022 04:52,-4.4,-8.36,74.15,0,NaN,-7,6,,290,10
12/20/2022 05:52,-4.4,-8.36,74.15,0,NaN,-8,9,,310,10
12/20/2022 06:52,-3.9,-8.37,71.41,0,NaN,-7,7,,320,10
12/20/2022 07:52,-4.4,-8.36,74.15,0,NaN,-8,9,,300,10
12/20/2022 08:52,-1.7,-6.78,68.63,0,NaN,-4,6,,280,10
12/20/2022 09:52,0.6,-6.8,58.02,0,NaN,-3,11,,330,10
12/20/2022 10:52,2.2,-6.82,51.72,0,NaN,-1,11,,320,10
12/20/2022 11:52,2.8,-6.82,49.56,0,NaN,,9,,290,10
12/20/2022 12:52,3.3,-6.82,47.84,0,NaN,1,7,,280,10
12/20/2022 13:52,3.9,-6.83,45.86,0,NaN,2,9,,0,10
12/20/2022 14:52,4.4,-6.83,44.28,0,NaN,2,9,,320,10
12/20/2022 15:52,3.9,-6.83,45.86,0,NaN,2,7,,300,10
12/20/2022 16:52,2.2,-6.21,54.16,0,NaN,-1,11,,300,10
12/20/2022 17:52,1.1,-6.81,55.97,0,NaN,-2,11,,310,10
12/20/2022 18:52,1.1,-6.81,55.97,0,NaN,-1,7,,320,10
12/20/2022 19:52,-1.7,-7.29,66.03,0,NaN,,0,,0,10
12/20/2022 20:52,-2.8,-7.27,71.64,0,NaN,,0,,0,10
12/20/2022 21:52,-3.3,-7.26,74.36,0,NaN,,0,,0,10
12/20/2022 22:52,-3.9,-7.26,77.77,0,NaN,,0,,0,10
12/20/2022 23:52,-5,-7.85,80.67,0,NaN,,0,,0,10
12/21/2022 00:52,-5,-7.85,80.67,0,NaN,,0,,0,10
12/21/2022 01:52,-5.6,-7.84,84.43,0,NaN,,0,,0,10
12/21/2022 02:52,-5.6,-8.35,81.21,0,NaN,,0,,0,10
12/21/2022 03:52,-6.1,-8.34,84.37,0,NaN,,0,,0,10
12/21/2022 04:52,-6.7,-8.33,88.34,0,NaN,,0,,0,10
12/21/2022 05:52,-6.7,-8.94,84.29,0,NaN,,0,,0,10
12/21/2022 06:52,-6.7,-8.94,84.29,0,NaN,,0,,0,10
12/21/2022 07:52,-5.6,-8.35,81.21,0,NaN,-8,6,,310,10
12/21/2022 08:52,-1.1,-5.06,74.77,0,NaN,,0,,0,10
12/21/2022 09:52,1.7,-4.49,63.87,0,NaN,,0,,0,10
12/21/2022 10:52,3.9,-4.51,54.64,0,NaN,,0,,0,10
12/21/2022 11:52,5.6,-5.12,46.37,0,NaN,4,7,,320,10
12/21/2022 12:52,6.1,-5.12,44.79,0,NaN,5,6,,0,10
12/21/2022 13:52,7.2,-5.73,39.68,0,NaN,,0,,0,10
12/21/2022 14:52,7.2,-5.73,39.68,0,NaN,6,6,,0,10
12/21/2022 15:52,7.2,-5.73,39.68,0,NaN,,0,,0,10
12/21/2022 16:52,3.3,-5.11,54.47,0,NaN,,0,,0,10
12/21/2022 17:52,2.8,-5.71,53.92,0,NaN,,9,,110,10
12/21/2022 18:52,0,-5.68,65.92,0,NaN,-2,6,,180,10
12/21/2022 19:52,2.2,-4.49,61.63,0,NaN,,7,,130,10
12/21/2022 20:52,1.1,-5.09,63.72,0,NaN,-2,9,,100,10
12/21/2022 21:52,-0.6,-5.07,72.08,0,NaN,-3,6,,180,10
12/21/2022 22:52,-0.6,-5.07,72.08,0,NaN,,0,,0,10
12/21/2022 23:52,0,-4.47,72.2,0,NaN,,0,,0,10
12/22/2022 00:52,-1.7,-5.05,78.14,0,NaN,,0,,0,10
12/22/2022 01:52,-0.6,-3.95,78.32,0,NaN,,0,,0,10
12/22/2022 02:52,0,-3.35,78.42,0,NaN,-2,6,,300,10
12/22/2022 03:52,0.6,-2.24,81.48,0,NaN,,0,,0,10
12/22/2022 04:52,1.1,-2.25,78.59,0,NaN,,0,,0,10
12/22/2022 05:52,1.7,-1.75,78.11,0,NaN,-2,11,,30,10
12/22/2022 06:52,2.2,-1.15,78.77,2.54,NaN,-1,11,,70,10
12/22/2022 07:52,2.2,-0.03,85.35,2.54,NaN,-1,13,,40,9
12/22/2022 08:52,2.2,-0.03,85.35,101.6,NaN,-2,19,,320,4
12/22/2022 09:52,1.1,-0.02,92.35,381,NaN,-3,15,,360,2
12/22/2022 10:52,2.2,1.08,92.42,177.8,NaN,-1,13,,30,4
12/22/2022 11:52,2.8,1.68,92.46,127,NaN,1,7,,20,2.5
12/22/2022 12:52,3.9,2.18,88.66,304.8,NaN,,19,,40,4
12/22/2022 13:52,5,3.88,92.59,203.2,NaN,2,11,,60,5
12/22/2022 14:52,6.1,4.98,92.65,152.4,NaN,4,9,,70,3
12/22/2022 15:52,7.2,6.09,92.72,355.6,NaN,6,7,,0,3
12/22/2022 16:52,8.3,7.19,92.78,330.2,NaN,6,17,26,80,4
12/22/2022 17:52,10,8.89,92.87,660.4,NaN,8,13,,100,1.75
12/22/2022 18:52,10.6,9.99,96.07,431.8,NaN,,19,,50,2.5
12/22/2022 19:52,11.1,10.59,96.73,558.8,NaN,,0,,0,3
12/22/2022 20:52,6.1,5.59,96.6,812.8,NaN,3,15,,320,3
12/22/2022 21:52,6.7,6.09,95.95,406.4,NaN,5,9,,280,2.5
12/22/2022 22:52,6.7,6.09,95.95,330.2,NaN,5,7,,300,2
12/22/2022 23:52,6.1,4.98,92.65,101.6,NaN,4,9,,290,1.75
12/23/2022 00:52,5,3.88,92.59,25.4,NaN,2,17,,290,7
12/23/2022 01:52,5,4.39,95.89,25.4,NaN,3,7,,180,2
12/23/2022 02:52,6.7,6.09,95.95,2.54,NaN,3,20,,190,1.75
12/23/2022 03:52,6.7,5.59,92.69,2.54,NaN,3,24,41,200,7
12/23/2022 04:52,6.1,4.98,92.65,0,NaN,2,26,41,190,6
12/23/2022 05:52,6.1,4.98,92.65,25.4,NaN,2,24,37,190,8
12/23/2022 06:52,6.7,5.59,92.69,50.8,NaN,3,20,33,190,7
12/23/2022 07:52,6.7,5.59,92.69,152.4,NaN,4,11,,230,3
12/23/2022 08:52,5,2.77,85.67,203.2,NaN,1,20,44,270,8
12/23/2022 09:52,0.6,-5.08,66.06,76.2,NaN,-8,56,74,300,9
12/23/2022 10:52,-1.1,-10.12,50.76,0,NaN,-9,46,74,300,10
12/23/2022 11:52,-3.3,-14.54,41.87,0,NaN,-13,61,87,290,10
12/23/2022 12:52,-4.4,-15.74,41.18,0,NaN,-13,35,67,290,10
12/23/2022 13:52,-5.6,-18.45,35.92,0,NaN,-15,43,72,280,10
12/23/2022 14:52,-6.1,-18.45,37.32,0,NaN,-14,28,54,280,10
12/23/2022 15:52,-7.2,-19.54,36.96,0,NaN,-16,28,56,280,10
12/23/2022 16:52,-8.9,-19.53,42.19,0,NaN,-17,24,39,250,10
12/23/2022 17:52,-9.4,-21.24,37.86,0,NaN,-19,35,54,260,10
12/23/2022 18:52,-10,-21.23,39.7,0,NaN,-19,28,56,260,10
12/23/2022 19:52,-10.6,-21.83,39.5,0,NaN,-19,20,37,250,10
12/23/2022 20:52,-11.1,-21.83,41.11,0,NaN,-18,17,33,280,10
12/23/2022 21:52,-11.1,-21.83,41.11,0,NaN,-19,20,,280,10
12/23/2022 22:52,-11.7,-20.72,47.49,0,NaN,-19,15,,290,10
12/23/2022 23:52,-12.2,-20.71,49.44,0,NaN,-18,11,,280,10
12/24/2022 00:52,-12.2,-21.82,44.9,0,NaN,-19,15,,290,10
12/24/2022 01:52,-12.8,-21.21,49.69,0,NaN,-19,11,,290,10
12/24/2022 02:52,-12.8,-21.82,47.14,0,NaN,-20,13,,310,10
12/24/2022 03:52,-13.3,-21.81,49.1,0,NaN,-22,19,,310,10
12/24/2022 04:52,-13.3,-21.21,51.75,0,NaN,-20,11,,300,10
12/24/2022 05:52,-13.9,-21.81,51.56,0,NaN,-21,13,,290,10
12/24/2022 06:52,-13.9,-21.81,51.56,0,NaN,-20,11,,290,10
12/24/2022 07:52,-13.3,-23.42,42.6,0,NaN,-21,15,,260,10
12/24/2022 08:52,-12.2,-23.43,38.97,0,NaN,-20,17,,250,10
12/24/2022 09:52,-11.1,-22.33,39.33,0,NaN,-18,13,,210,10
12/24/2022 10:52,-10,-21.84,37.66,0,NaN,-17,15,,280,10
12/24/2022 11:52,-8.9,-20.74,38.03,0,NaN,-14,9,28,0,10
12/24/2022 12:52,-7.8,-19.54,38.72,0,NaN,-13,11,28,270,10
12/24/2022 13:52,-7.2,-19.54,36.96,0,NaN,-14,17,,240,10
12/24/2022 14:52,-6.1,-19.05,35.46,0,NaN,-11,11,,0,10
12/24/2022 15:52,-6.1,-17.94,38.94,0,NaN,-12,15,,250,10
12/24/2022 16:52,-7.2,-17.33,44.59,0,NaN,-12,9,,320,10
12/24/2022 17:52,-7.8,-17.33,46.71,0,NaN,-13,11,,330,10
12/24/2022 18:52,-8.9,-17.32,50.9,0,NaN,-13,7,,330,10
12/24/2022 19:52,-8.9,-17.32,50.9,0,NaN,-13,7,,350,10
12/24/2022 20:52,-10.6,-15.68,66.57,0,NaN,-14,6,,70,10
12/24/2022 21:52,-10.6,-15.68,66.57,0,NaN,-14,6,,60,10
12/24/2022 22:52,-11.1,-15.07,72.82,0,NaN,,0,,0,10
12/24/2022 23:52,-12.2,-15.05,79.54,0,NaN,,0,,0,10
12/25/2022 00:52,-12.2,-15.05,79.54,0,NaN,-16,6,,280,10
12/25/2022 01:52,-12.2,-15.05,79.54,0,NaN,,0,,0,10
12/25/2022 02:52,-12.2,-15.66,75.68,0,NaN,,0,,0,10
12/25/2022 03:52,-12.8,-15.04,83.5,0,NaN,,0,,0,10
12/25/2022 04:52,-12.8,-15.65,79.45,0,NaN,,0,,0,10
12/25/2022 05:52,-12.8,-16.16,76.2,0,NaN,,0,,0,10
12/25/2022 06:52,-12.8,-16.16,76.2,0,NaN,,0,,0,10
12/25/2022 07:52,-12.2,-15.66,75.68,0,NaN,-16,6,,290,10
12/25/2022 08:52,-9.4,-13.98,69.66,0,NaN,,0,,0,10
12/25/2022 09:52,-5,-12.31,56.94,0,NaN,-8,6,,280,10
12/25/2022 10:52,-3.3,-13.43,45.82,0,NaN,-6,7,,310,10
12/25/2022 11:52,-2.2,-14.05,40.2,0,NaN,-7,17,,270,10
12/25/2022 12:52,-1.7,-13.44,40.69,0,NaN,-6,11,,0,10
12/25/2022 13:52,0.6,-12.95,35.83,0,NaN,-2,7,,0,10
12/25/2022 14:52,0.6,-12.35,37.61,0,NaN,-4,15,,240,10
12/25/2022 15:52,0,-12.34,39.29,0,NaN,-4,13,,210,10
12/25/2022 16:52,-1.7,-12.34,44.49,0,NaN,-5,9,,200,10
12/25/2022 17:52,-2.2,-11.83,48.06,0,NaN,-6,9,,330,10
12/25/2022 18:52,-2.2,-12.33,46.16,0,NaN,-6,11,,340,10
12/25/2022 19:52,-3.3,-12.32,50.1,0,NaN,-6,7,,340,10
12/25/2022 20:52,-3.3,-12.93,47.72,0,NaN,-8,15,,340,10
12/25/2022 21:52,-4.4,-12.92,51.83,0,NaN,-8,9,,20,10
12/25/2022 22:52,-6.1,-12.3,61.91,0,NaN,-10,9,,50,10
12/25/2022 23:52,-7.2,-12.89,64.18,0,NaN,-10,6,,80,10
12/26/2022 00:52,-8.9,-12.87,73.26,0,NaN,,0,,0,10
12/26/2022 01:52,-10,-13.36,76.71,0,NaN,,0,,0,10
12/26/2022 02:52,-9.4,-13.37,73.16,0,NaN,,0,,0,10
12/26/2022 03:52,-10.6,-13.35,80.45,0,NaN,,0,,0,10
12/26/2022 04:52,-10,-13.36,76.71,0,NaN,-16,11,,290,10
12/26/2022 05:52,-10.6,-13.35,80.45,0,NaN,-16,9,,130,10
12/26/2022 06:52,-7.2,-14,58.68,0,NaN,-13,13,,310,10
12/26/2022 07:52,-8.9,-13.98,66.98,0,NaN,,0,,0,10
12/26/2022 08:52,-5,-12.91,54.24,0,NaN,,0,,0,10
12/26/2022 09:52,-3.9,-13.43,47.93,0,NaN,-6,6,,0,10
12/26/2022 10:52,-2.2,-12.33,46.16,0,NaN,-4,6,,0,10
12/26/2022 11:52,-1.1,-12.34,42.57,0,NaN,-5,11,,200,10
12/26/2022 12:52,-0.6,-11.84,42.73,0,NaN,-4,9,,160,10
12/26/2022 13:52,-0.6,-12.94,39.1,0,NaN,-4,9,,160,10
12/26/2022 14:52,0,-12.34,39.29,0,NaN,-3,7,,200,10
12/26/2022 15:52,0,-12.95,37.42,0,NaN,-3,9,,160,10
12/26/2022 16:52,-0.6,-12.34,41.04,0,NaN,-3,6,,170,10
12/26/2022 17:52,-1.7,-11.83,46.32,0,NaN,-4,6,,150,10
12/26/2022 18:52,-2.8,-11.22,52.72,0,NaN,-5,6,,160,10
12/26/2022 19:52,-2.2,-10.72,52.48,0,NaN,-4,6,,150,10
12/26/2022 20:52,-1.1,-10.12,50.76,0,NaN,-4,9,,150,10
12/26/2022 21:52,-0.6,-10.13,48.93,0,NaN,-3,7,,160,10
12/26/2022 22:52,-1.1,-9.52,53.22,0,NaN,,0,,0,10
12/26/2022 23:52,-1.7,-8.4,60.63,0,NaN,,0,,0,10
12/27/2022 00:52,-2.8,-8.39,65.77,0,NaN,,0,,0,10
12/27/2022 01:52,-2.8,-8.39,65.77,0,NaN,,0,,0,10
12/27/2022 02:52,-2.8,-7.27,71.64,0,NaN,,0,,0,10
12/27/2022 03:52,-2.8,-6.76,74.45,0,NaN,-5,6,,300,10
12/27/2022 04:52,-2.2,-7.89,65.4,0,NaN,,0,,0,10
12/27/2022 05:52,-2.2,-7.28,68.52,0,NaN,,0,,0,10
12/27/2022 06:52,-3.9,-8.37,71.41,0,NaN,,0,,0,10
12/27/2022 07:52,-4.4,-8.97,70.75,0,NaN,-8,9,,300,10
12/27/2022 08:52,0,-9.02,51.08,0,NaN,,0,,0,10
12/27/2022 09:52,1.7,-10.14,41.43,0,NaN,,0,,0,10
12/27/2022 10:52,3.3,-10.75,35.26,0,NaN,,0,,0,10
12/27/2022 11:52,4.4,-9.54,35.88,0,NaN,3,7,,270,10
12/27/2022 12:52,5.6,-9.55,33,0,NaN,4,7,,350,10
12/27/2022 13:52,6.1,-9.54,31.88,0,NaN,,0,,0,10
12/27/2022 14:52,6.7,-10.14,29.18,0,NaN,5,7,,30,10
12/27/2022 15:52,5.6,-10.14,31.48,0,NaN,4,7,,180,10
12/27/2022 16:52,3.9,-10.15,35.44,0,NaN,2,7,,160,10
12/27/2022 17:52,0,-9.02,51.08,0,NaN,-3,7,,0,10
12/27/2022 18:52,1.1,-9.53,45.36,0,NaN,-2,9,,150,10
12/27/2022 19:52,-1.7,-8.4,60.63,0,NaN,,0,,0,10
12/27/2022 20:52,-2.8,-8.99,62.76,0,NaN,-6,7,,150,10
12/27/2022 21:52,-2.8,-8.39,65.77,0,NaN,,0,,0,10
12/27/2022 22:52,-3.9,-8.98,68.13,0,NaN,-6,6,,190,10
12/27/2022 23:52,-4.4,-8.97,70.75,0,NaN,-7,6,,170,10
12/28/2022 00:52,-5,-8.97,74.03,0,NaN,,0,,0,10
12/28/2022 01:52,-5.6,-8.96,77.48,0,NaN,-8,6,,140,10
12/28/2022 02:52,-3.3,-8.38,68.27,0,NaN,,0,,0,10
12/28/2022 03:52,-2.2,-9,60.02,0,NaN,-6,11,,170,10
12/28/2022 04:52,-3.9,-8.98,68.13,0,NaN,,0,,0,10
12/28/2022 05:52,-4.4,-8.97,70.75,0,NaN,,0,,0,10
12/28/2022 06:52,-5.6,-8.96,77.48,0,NaN,,0,,0,10
12/28/2022 07:52,-3.9,-7.87,74.24,0,NaN,,0,,0,10
12/28/2022 08:52,-1.1,-6.78,65.67,0,NaN,-5,13,,180,10
12/28/2022 09:52,1.1,-6.81,55.97,0,NaN,-2,11,,190,10
12/28/2022 10:52,3.9,-6.22,48.02,0,NaN,1,13,,180,10
12/28/2022 11:52,6.1,-5.12,44.79,0,NaN,4,11,,180,10
12/28/2022 12:52,8.3,-4.52,40.32,0,NaN,6,13,,170,10
12/28/2022 13:52,10,-3.42,39.05,0,NaN,8,15,,220,10
12/28/2022 14:52,10,-3.42,39.05,0,NaN,8,11,,210,10
12/28/2022 15:52,10.6,-3.42,37.52,0,NaN,,7,,200,10
12/28/2022 16:52,8.3,-4.02,41.86,0,NaN,8,6,,210,10
12/28/2022 17:52,2.2,-4.49,61.63,0,NaN,,7,,140,10
12/28/2022 18:52,1.1,-4.48,66.68,0,NaN,-1,6,,150,10
12/28/2022 19:52,0.6,-4.48,69.13,0,NaN,-2,7,,150,10
12/28/2022 20:52,1.1,-4.48,66.68,0,NaN,-1,6,,160,10
12/28/2022 21:52,2.2,-3.99,63.99,0,NaN,,9,,170,10
12/28/2022 22:52,2.8,-3.39,64.13,0,NaN,,11,,190,10
12/28/2022 23:52,3.3,-4,59.18,0,NaN,1,7,,180,10
12/29/2022 00:52,2.8,-3.99,61.32,0,NaN,1,7,,190,10
12/29/2022 01:52,2.2,-3.99,63.99,0,NaN,,9,,180,10
12/29/2022 02:52,2.2,-4.49,61.63,0,NaN,,7,,180,10
12/29/2022 03:52,-3.3,-6.15,80.92,0,NaN,,0,,0,10
12/29/2022 04:52,-3.3,-6.15,80.92,0,NaN,,0,,0,10
12/29/2022 05:52,-3.3,-6.15,80.92,0,NaN,,0,,0,10
12/29/2022 06:52,-3.9,-6.75,80.83,0,NaN,,0,,0,10
12/29/2022 07:52,-3.9,-6.75,80.83,0,NaN,-6,6,,300,10
12/29/2022 08:52,1.1,-2.86,75.17,0,NaN,,0,,0,10
12/29/2022 09:52,4.4,-2.29,62.18,0,NaN,,0,,0,10
12/29/2022 10:52,6.7,-2.3,53.01,0,NaN,6,6,,220,10
12/29/2022 11:52,9.4,-1.81,45.78,0,NaN,9,6,,0,10
12/29/2022 12:52,11.7,-1.81,39.28,0,NaN,,6,,0,10
12/29/2022 13:52,12.8,-1.81,36.54,0,NaN,,11,,180,10
12/29/2022 14:52,13.3,-1.81,35.36,0,NaN,,9,,200,10
12/29/2022 15:52,12.8,-1.81,36.54,0,NaN,,11,,210,10
12/29/2022 16:52,11.1,-1.81,40.87,0,NaN,,6,,180,10
12/29/2022 17:52,5.6,-2.3,57.19,0,NaN,3,11,,140,10
12/29/2022 18:52,6.7,-1.8,55,0,NaN,,0,,0,10
12/29/2022 19:52,3.9,-2.28,64.4,0,NaN,2,9,,170,10
12/29/2022 20:52,2.8,-2.27,69.6,0,NaN,,0,,0,10
12/29/2022 21:52,1.1,-2.86,75.17,0,NaN,,0,,0,10
12/29/2022 22:52,1.1,-2.86,75.17,0,NaN,-1,6,,240,10
12/29/2022 23:52,0.6,-2.85,77.93,0,NaN,-1,6,,140,10
12/30/2022 00:52,0,-2.84,81.4,0,NaN,,0,,0,10
12/30/2022 01:52,-0.6,-3.34,81.92,0,NaN,,0,,0,10
12/30/2022 02:52,-0.6,-3.34,81.92,0,NaN,,0,,0,10
12/30/2022 03:52,-1.7,-3.94,84.9,0,NaN,-4,6,,300,10
12/30/2022 04:52,-1.1,-3.34,84.97,0,NaN,,0,,0,10
12/30/2022 05:52,-1.1,-3.34,84.97,0,NaN,,0,,0,10
12/30/2022 06:52,-1.7,-3.94,84.9,0,NaN,,0,,0,10
12/30/2022 07:52,-1.1,-3.34,84.97,0,NaN,,0,,0,10
12/30/2022 08:52,2.8,-1.16,75.48,0,NaN,,0,,0,10
12/30/2022 09:52,7.2,1.03,65.17,0,NaN,6,7,,200,10
12/30/2022 10:52,10.6,1.61,54.09,0,NaN,,11,,180,10
12/30/2022 11:52,12.8,1.61,46.78,0,NaN,,13,,160,10
12/30/2022 12:52,15,2.72,43.87,0,NaN,,17,,200,10
12/30/2022 13:52,17.2,3.23,39.5,0,NaN,,11,,190,10
12/30/2022 14:52,18.9,4.94,40,0,NaN,,20,,200,10
12/30/2022 15:52,18.3,6.04,44.83,0,NaN,,17,,200,10
12/30/2022 16:52,15.6,4.93,49.27,0,NaN,,11,,200,10
12/30/2022 17:52,15.6,6.64,55.42,0,NaN,,11,,180,10
12/30/2022 18:52,13.9,7.14,64,0,NaN,,9,,160,10
12/30/2022 19:52,15,8.85,66.91,0,NaN,,17,,180,10
12/30/2022 20:52,13.9,8.86,71.83,0,NaN,,9,,170,10
12/30/2022 21:52,12.2,8.26,77.07,0,NaN,,7,,170,10
12/30/2022 22:52,11.1,7.76,80.11,0,NaN,,11,,180,10
12/30/2022 23:52,11.7,8.87,82.95,0,NaN,,17,,180,10
12/31/2022 00:52,10.6,8.88,89.23,0,NaN,,6,,230,10
12/31/2022 01:52,11.1,9.38,89.27,0,NaN,,11,,170,10
12/31/2022 02:52,11.7,9.98,89.32,0,NaN,,7,,170,10
12/31/2022 03:52,11.1,9.99,92.94,0,NaN,,7,,160,10
12/31/2022 04:52,11.7,9.98,89.32,0,NaN,,6,,170,10
12/31/2022 05:52,11.1,9.99,92.94,2.54,NaN,,13,,150,9
12/31/2022 06:52,11.7,11.09,96.11,0,NaN,,15,,190,10
12/31/2022 07:52,12.2,11.09,93,0,NaN,,9,,190,3
12/31/2022 08:52,11.7,11.09,96.11,0,NaN,,7,,200,3
12/31/2022 09:52,12.2,11.09,93,0,NaN,,9,,180,3
12/31/2022 10:52,12.8,11.08,89.41,0,NaN,,11,,190,3
12/31/2022 11:52,13.3,11.68,90.04,0,NaN,,11,,190,10
12/31/2022 12:52,13.9,11.68,86.6,0,NaN,,15,,190,10
12/31/2022 13:52,13.9,11.68,86.6,0,NaN,,7,,190,10
12/31/2022 14:52,13.9,12.18,89.49,2.54,NaN,,0,,0,9
12/31/2022 15:52,13.3,12.8,96.79,101.6,NaN,,9,,180,8
12/31/2022 16:52,13.3,12.8,96.79,101.6,NaN,,9,,180,7
12/31/2022 17:52,13.3,12.8,96.79,50.8,NaN,,11,,170,8
12/31/2022 18:52,13.9,13.29,96.17,76.2,NaN,,17,,220,5
12/31/2022 19:52,13.3,12.8,96.79,127,NaN,,11,,190,9
12/31/2022 20:52,13.3,12.8,96.79,152.4,NaN,,6,,150,6
12/31/2022 21:52,12.2,11.69,96.76,25.4,NaN,,7,,320,3
12/31/2022 22:52,12.8,12.19,96.14,0,NaN,,0,,0,0.75
12/31/2022 23:52,12.2,11.69,96.76,0,NaN,,9,,210,0.25
1/1/2023 00:52,11.1,10.59,96.73,0,NaN,,0,,0,0.25
1/1/2023 01:52,10,9.39,96.06,0,NaN,9,7,,200,0.25
1/1/2023 02:52,8.9,8.29,96.02,0,NaN,8,6,,240,0.25
1/1/2023 03:52,8.3,7.19,92.78,0,NaN,6,13,,290,10
1/1/2023 04:52,8.3,7.19,92.78,0,NaN,7,9,,270,10
1/1/2023 05:52,5.6,4.99,95.91,0,NaN,,0,,0,10
1/1/2023 06:52,7.2,5.58,89.56,0,NaN,6,6,,260,10
1/1/2023 07:52,5,3.27,88.75,0,NaN,3,7,,0,10
1/1/2023 08:52,8.3,7.79,96.66,0,NaN,,0,,0,10
1/1/2023 09:52,12.8,7.15,68.75,0,NaN,,6,,100,10
1/1/2023 10:52,14.4,6.04,57.45,0,NaN,,7,,0,10
1/1/2023 11:52,15.6,7.14,57.36,0,NaN,,7,,230,10
1/1/2023 12:52,16.7,5.53,47.9,0,NaN,,9,,320,10
1/1/2023 13:52,17.2,4.93,44.51,0,NaN,,6,,280,10
1/1/2023 14:52,17.2,4.33,42.68,0,NaN,,0,,0,10
1/1/2023 15:52,17.2,4.33,42.68,0,NaN,,11,,200,10
1/1/2023 16:52,13.3,3.82,52.92,0,NaN,,9,,200,10
1/1/2023 17:52,8.3,4.35,76.43,0,NaN,8,6,,180,10
1/1/2023 18:52,8.3,3.85,73.79,0,NaN,,0,,0,10
1/1/2023 19:52,7.8,3.85,76.34,0,NaN,,0,,0,10
1/1/2023 20:52,7.2,3.86,79.54,0,NaN,,0,,0,10
1/1/2023 21:52,6.7,3.86,82.31,0,NaN,,0,,0,10
1/1/2023 22:52,5.6,3.88,88.81,0,NaN,,0,,0,10
1/1/2023 23:52,5.6,3.88,88.81,0,NaN,,0,,0,10
1/2/2023 00:52,3.9,2.78,92.52,0,NaN,,0,,0,10
1/2/2023 01:52,3.9,2.78,92.52,0,NaN,,0,,0,10
1/2/2023 02:52,3.3,2.18,92.49,0,NaN,,0,,0,10
1/2/2023 03:52,4.4,2.78,89.33,0,NaN,,0,,0,10
1/2/2023 04:52,4.4,2.78,89.33,0,NaN,3,6,,350,10
1/2/2023 05:52,4.4,2.78,89.33,0,NaN,,0,,0,10
1/2/2023 06:52,3.3,2.18,92.49,0,NaN,2,6,,200,10
1/2/2023 07:52,3.9,2.78,92.52,0,NaN,3,6,,180,10
1/2/2023 08:52,7.8,5.57,85.97,0,NaN,6,9,,180,10
1/2/2023 09:52,11.7,6.65,71.41,0,NaN,,11,,180,10
1/2/2023 10:52,15,7.14,59.61,0,NaN,,11,,200,10
1/2/2023 11:52,16.1,7.14,55.56,0,NaN,,11,,220,10
1/2/2023 12:52,16.7,8.25,57.64,0,NaN,,7,,200,10
1/2/2023 13:52,17.8,8.25,53.77,0,NaN,,9,,180,10
1/2/2023 14:52,17.8,7.74,51.97,0,NaN,,15,,180,10
1/2/2023 15:52,17.2,7.74,53.98,0,NaN,,11,,170,10
1/2/2023 16:52,16.7,7.74,55.71,0,NaN,,9,,170,10
1/2/2023 17:52,15.6,7.74,59.76,0,NaN,,9,,170,10
1/2/2023 18:52,15.6,7.74,59.76,0,NaN,,9,,170,10
1/2/2023 19:52,15,7.74,62.1,0,NaN,,6,,160,10
1/2/2023 20:52,12.2,7.76,74.5,0,NaN,,6,,130,10
1/2/2023 21:52,11.1,7.76,80.11,0,NaN,,0,,0,10
1/2/2023 22:52,11.1,7.76,80.11,0,NaN,,6,,180,10
1/2/2023 23:52,12.2,8.87,80.27,0,NaN,,6,,190,10
1/3/2023 00:52,13.3,9.36,77.25,0,NaN,,7,,180,10
1/3/2023 01:52,13.3,9.97,80.42,0,NaN,,9,,200,10
1/3/2023 02:52,12.2,9.37,83.02,0,NaN,,0,,0,10
1/3/2023 03:52,12.2,9.98,86.42,0,NaN,,7,,180,10
1/3/2023 04:52,10.6,8.88,89.23,0,NaN,,0,,0,10
1/3/2023 05:52,11.1,9.38,89.27,0,NaN,,0,,0,10
1/3/2023 06:52,12.2,10.58,89.96,0,NaN,,9,,190,10
1/3/2023 07:52,12.2,11.09,93,0,NaN,,11,,190,10
1/3/2023 08:52,12.8,11.08,89.41,0,NaN,,15,,190,10
1/3/2023 09:52,13.9,12.18,89.49,2.54,NaN,,15,,210,10
1/3/2023 10:52,14.4,12.79,90.12,2.54,NaN,,7,,280,10
1/3/2023 11:52,14.4,12.79,90.12,2.54,NaN,,13,,180,10
1/3/2023 12:52,17.2,13.27,77.86,0,NaN,,17,,190,10
1/3/2023 13:52,18.3,13.27,72.66,0,NaN,,20,,200,10
1/3/2023 14:52,20,13.27,65.36,0,NaN,,26,39,210,10
1/3/2023 15:52,20,13.27,65.36,0,NaN,,24,35,210,10
1/3/2023 16:52,20,13.27,65.36,0,NaN,,31,46,210,10
1/3/2023 17:52,19.4,13.87,70.54,0,NaN,,26,,200,10
1/3/2023 18:52,19.4,13.87,70.54,0,NaN,,24,41,200,10
1/3/2023 19:52,19.4,13.87,70.54,0,NaN,,28,43,200,10
1/3/2023 20:52,19.4,14.38,72.86,0,NaN,,22,39,200,10
1/3/2023 21:52,18.9,13.27,69.98,0,NaN,,24,43,180,10
1/3/2023 22:52,18.9,12.77,67.74,0,NaN,,28,41,200,10
1/3/2023 23:52,18.3,13.27,72.66,0,NaN,,17,39,210,10
1/4/2023 00:52,17.8,13.27,74.97,0,NaN,,24,33,210,10
1/4/2023 01:52,17.8,13.27,74.97,0,NaN,,9,,220,10
1/4/2023 02:52,17.2,13.27,77.86,0,NaN,,6,,230,10
1/4/2023 03:52,13.3,11.68,90.04,0,NaN,,0,,0,10
1/4/2023 04:52,13.9,11.68,86.6,0,NaN,,7,,190,10
1/4/2023 05:52,14.4,12.18,86.65,0,NaN,,9,,180,10
1/4/2023 06:52,15,12.78,86.7,0,NaN,,11,,170,10
1/4/2023 07:52,12.8,11.69,93.03,0,NaN,,0,,0,10
1/4/2023 08:52,13.9,12.79,93.09,0,NaN,,6,,130,10
1/4/2023 09:52,16.1,12.78,80.81,0,NaN,,11,,190,10
1/4/2023 10:52,17.2,13.27,77.86,0,NaN,,17,,190,10
1/4/2023 11:52,17.2,13.27,77.86,0,NaN,,17,,190,10
1/4/2023 12:52,17.8,13.88,77.95,2.54,NaN,,13,,180,10
1/4/2023 13:52,18.3,13.88,75.55,2.54,NaN,,19,31,180,10
1/4/2023 14:52,17.8,14.38,80.52,0,NaN,,15,,180,10
1/4/2023 15:52,17.8,14.38,80.52,0,NaN,,13,,190,10
1/4/2023 16:52,17.2,14.38,83.62,0,NaN,,15,,170,10
1/4/2023 17:52,17.2,14.38,83.62,0,NaN,,13,,180,10
1/4/2023 18:52,17.2,14.38,83.62,0,NaN,,17,,180,10
1/4/2023 19:52,17.2,14.38,83.62,0,NaN,,19,31,190,10
1/4/2023 20:52,16.1,14.39,89.67,0,NaN,,19,,200,10
1/4/2023 21:52,15.6,13.89,89.63,0,NaN,,19,,200,10
1/4/2023 22:52,15,13.89,93.14,0,NaN,,15,,280,10
1/4/2023 23:52,15,13.89,93.14,0,NaN,,6,,170,10
1/5/2023 00:52,13.9,12.79,93.09,0,NaN,,6,,120,10
1/5/2023 01:52,13.3,12.8,96.79,0,NaN,,0,,0,6
1/5/2023 02:52,13.3,9.36,77.25,0,NaN,,0,,0,7
1/5/2023 03:52,10.6,8.27,85.68,0,NaN,,11,,330,10
1/5/2023 04:52,8.9,6.07,82.6,0,NaN,,0,,0,10
1/5/2023 05:52,8.3,5.57,83.1,0,NaN,,0,,0,10
1/5/2023 06:52,7.8,5.57,85.97,0,NaN,7,6,,270,10
1/5/2023 07:52,6.7,4.37,85.25,0,NaN,,0,,0,10
1/5/2023 08:52,8.3,6.07,86.02,0,NaN,8,6,,180,10
1/5/2023 09:52,12.2,7.76,74.5,0,NaN,,0,,0,10
1/5/2023 10:52,15,4.93,51.21,0,NaN,,6,,350,10
1/5/2023 11:52,16.7,4.33,44.05,0,NaN,,0,,0,10
1/5/2023 12:52,15.6,3.82,45.62,0,NaN,,7,,130,10
1/5/2023 13:52,17.2,4.93,44.51,0,NaN,,13,,150,10
1/5/2023 14:52,17.2,5.53,46.4,0,NaN,,15,,180,10
1/5/2023 15:52,16.1,4.93,47.72,0,NaN,,11,,150,10
1/5/2023 16:52,14.4,4.93,53.22,2.54,NaN,,7,,150,10
1/5/2023 17:52,14.4,4.93,53.22,0,NaN,,7,,170,10
1/5/2023 18:52,12.2,6.04,66.3,0,NaN,,9,,10,10
1/5/2023 19:52,10,6.06,76.71,0,NaN,9,7,,30,10
1/5/2023 20:52,10,6.66,79.95,0,NaN,8,11,,330,10
1/5/2023 21:52,10.6,3.83,63.23,0,NaN,,19,,340,10
1/5/2023 22:52,10,2.72,60.89,0,NaN,8,15,,360,10
1/5/2023 23:52,8.3,2.13,65.42,0,NaN,6,11,,30,10
1/6/2023 00:52,7.2,1.63,68.04,0,NaN,5,9,,40,10
1/6/2023 01:52,6.7,1.64,70.41,0,NaN,5,9,,40,10
1/6/2023 02:52,5.6,2.15,78.73,0,NaN,,0,,0,10
1/6/2023 03:52,6.1,2.15,76.05,0,NaN,,0,,0,10
1/6/2023 04:52,5,2.77,85.67,0,NaN,,0,,0,10
1/6/2023 05:52,6.1,2.76,79.37,0,NaN,4,9,,310,10
1/6/2023 06:52,7.8,0.52,60.34,0,NaN,6,13,,320,10
1/6/2023 07:52,7.8,-0.09,57.77,0,NaN,5,15,,320,10
1/6/2023 08:52,7.8,-0.69,55.3,0,NaN,5,19,,310,10
1/6/2023 09:52,7.8,-1.81,51.01,0,NaN,5,19,39,310,10
1/6/2023 10:52,8.3,-1.81,49.31,0,NaN,5,19,33,310,10
1/6/2023 11:52,8.9,-2.31,45.63,0,NaN,6,24,37,300,10
1/6/2023 12:52,9.4,-2.31,44.12,0,NaN,6,28,,300,10
1/6/2023 13:52,9.4,-2.31,44.12,0,NaN,6,33,43,310,10
1/6/2023 14:52,9.4,-2.31,44.12,0,NaN,6,33,52,300,10
1/6/2023 15:52,7.8,-2.91,47.02,0,NaN,4,31,,300,10
1/6/2023 16:52,7.2,-2.31,51.22,0,NaN,5,11,,280,10
1/6/2023 17:52,6.7,-2.3,53.01,0,NaN,4,15,,290,10
1/6/2023 18:52,6.1,-2.9,52.84,0,NaN,2,20,,310,10
1/6/2023 19:52,5.6,-2.3,57.19,0,NaN,2,17,,310,10
1/6/2023 20:52,5,-2.29,59.62,0,NaN,2,15,,310,10
1/6/2023 21:52,5.6,-1.79,59.34,0,NaN,2,17,,310,10
1/6/2023 22:52,5.6,-1.79,59.34,0,NaN,2,17,,310,10
1/6/2023 23:52,5.6,-1.79,59.34,0,NaN,4,7,,290,10
1/7/2023 00:52,5,-1.79,61.87,0,NaN,4,6,,260,10
1/7/2023 01:52,5,-1.79,61.87,0,NaN,4,6,,260,10
1/7/2023 02:52,4.4,-1.78,64.52,0,NaN,3,6,,210,10
1/7/2023 03:52,3.9,-2.28,64.4,0,NaN,3,6,,280,10
1/7/2023 04:52,2.2,-2.26,72.64,0,NaN,1,6,,220,10
1/7/2023 05:52,1.1,-2.25,78.59,0,NaN,-1,6,,240,10
1/7/2023 06:52,2.2,-3.38,66.93,0,NaN,1,6,,250,10
1/7/2023 07:52,2.2,-4.49,61.63,0,NaN,,0,,0,10
1/7/2023 08:52,4.4,-4,54.78,0,NaN,3,7,,270,10
1/7/2023 09:52,6.7,-3.41,48.84,0,NaN,4,11,,280,10
1/7/2023 10:52,7.8,-4.02,43.31,0,NaN,6,11,,300,10
1/7/2023 11:52,9.4,-3.42,40.65,0,NaN,7,17,,340,10
1/7/2023 12:52,7.8,-4.02,43.31,0,NaN,6,13,,290,10
1/7/2023 13:52,8.9,-4.53,38.71,0,NaN,7,11,,310,10
1/7/2023 14:52,9.4,-5.13,35.77,0,NaN,7,20,,300,10
1/7/2023 15:52,8.9,-5.73,35.35,0,NaN,6,17,,310,10
1/7/2023 16:52,7.2,-4.52,43.46,0,NaN,4,20,,340,10
1/7/2023 17:52,5.6,-5.12,46.37,0,NaN,2,19,39,340,10
1/7/2023 18:52,4.4,-5.12,50.41,0,NaN,1,17,,330,10
1/7/2023 19:52,3.3,-5.71,52.04,0,NaN,,15,,320,10
1/7/2023 20:52,2.2,-5.7,56.27,0,NaN,-1,13,,320,10
1/7/2023 21:52,1.1,-5.7,60.88,0,NaN,-1,6,,280,10
1/7/2023 22:52,1.1,-6.2,58.6,0,NaN,-1,7,,320,10
1/7/2023 23:52,-1.7,-6.78,68.63,0,NaN,-4,6,,210,10
1/8/2023 00:52,-2.2,-6.77,71.21,0,NaN,-4,6,,310,10
1/8/2023 01:52,-2.2,-6.77,71.21,0,NaN,,0,,0,10
1/8/2023 02:52,0,-5.68,65.92,0,NaN,-3,9,,360,10
1/8/2023 03:52,-0.6,-5.68,68.87,0,NaN,-3,6,,20,10
1/8/2023 04:52,-3.3,-6.76,77.28,0,NaN,,0,,0,10
1/8/2023 05:52,-3.9,-6.75,80.83,0,NaN,,0,,0,10
1/8/2023 06:52,-4.4,-6.74,83.93,0,NaN,,0,,0,10
1/8/2023 07:52,-4.4,-6.13,87.88,0,NaN,,0,,0,10
1/8/2023 08:52,-1.7,-4.44,81.77,0,NaN,,0,,0,10
1/8/2023 09:52,1.1,-3.37,72.42,0,NaN,,0,,0,10
1/8/2023 10:52,3.3,-3.39,61.9,0,NaN,,0,,0,10
1/8/2023 11:52,4.4,-4,54.78,0,NaN,,0,,0,10
1/8/2023 12:52,5,-3.4,54.94,0,NaN,3,7,,190,10
1/8/2023 13:52,5,-4.01,52.53,0,NaN,2,17,,180,10
1/8/2023 14:52,4.4,-4,54.78,0,NaN,2,11,,180,10
1/8/2023 15:52,4.4,-4,54.78,0,NaN,2,9,,170,10
1/8/2023 16:52,4.4,-4,54.78,0,NaN,2,11,,170,10
1/8/2023 17:52,3.9,-3.39,59.34,0,NaN,2,9,,170,10
1/8/2023 18:52,3.9,-3.39,59.34,0,NaN,1,11,,160,10
1/8/2023 19:52,3.9,-2.89,61.59,0,NaN,1,13,,190,10
1/8/2023 20:52,2.8,-1.16,75.48,0,NaN,-1,15,,190,10
1/8/2023 21:52,2.2,-0.64,81.7,0,NaN,-1,13,,170,10
1/8/2023 22:52,2.2,-0.03,85.35,2.54,NaN,-1,13,,190,10
1/8/2023 23:52,2.2,-0.03,85.35,0,NaN,-1,13,,200,10
1/9/2023 00:52,2.2,-0.03,85.35,0,NaN,-1,11,,190,10
1/9/2023 01:52,2.2,0.58,89.15,0,NaN,,7,,200,10
1/9/2023 02:52,2.2,0.58,89.15,0,NaN,1,6,,260,10
1/9/2023 03:52,2.2,0.58,89.15,0,NaN,,7,,310,10
1/9/2023 04:52,1.1,-0.63,88.4,0,NaN,-2,9,,300,10
1/9/2023 05:52,1.7,-0.64,84.68,0,NaN,-2,13,,330,10
1/9/2023 06:52,1.1,-1.13,85.23,0,NaN,-3,13,,310,10
1/9/2023 07:52,1.1,-1.74,81.55,0,NaN,-1,6,,300,10
1/9/2023 08:52,4.4,-1.17,67.43,0,NaN,2,11,,340,10
1/9/2023 09:52,6.7,-1.8,55,0,NaN,3,19,31,320,10
1/9/2023 10:52,7.8,-2.91,47.02,0,NaN,3,33,44,310,10
1/9/2023 11:52,8.3,-3.42,43.79,0,NaN,5,24,,320,10
1/9/2023 12:52,8.9,-4.53,38.71,0,NaN,6,22,41,320,10
1/9/2023 13:52,9.4,-5.13,35.77,0,NaN,6,22,,320,10
1/9/2023 14:52,10,-4.52,35.96,0,NaN,7,20,33,310,10
1/9/2023 15:52,8.9,-4.53,38.71,0,NaN,6,24,37,290,10
1/9/2023 16:52,7.2,-5.13,41.53,0,NaN,3,24,,300,10
1/9/2023 17:52,5.6,-6.23,42.64,0,NaN,3,13,,310,10
1/9/2023 18:52,4.4,-5.72,48.17,0,NaN,,20,,300,10
1/9/2023 19:52,3.3,-6.22,50.09,0,NaN,,11,,330,10
1/9/2023 20:52,0.6,-6.2,60.75,0,NaN,-1,6,,340,10
1/9/2023 21:52,0.6,-5.69,63.12,0,NaN,-1,6,,50,10
1/9/2023 22:52,-1.7,-6.17,71.86,0,NaN,,0,,0,10
1/9/2023 23:52,-1.1,-5.67,71.44,0,NaN,-3,6,,350,10
1/10/2023 00:52,-2.2,-6.77,71.21,0,NaN,,0,,0,10
1/10/2023 01:52,-2.8,-6.76,74.45,0,NaN,,0,,0,10
1/10/2023 02:52,-2.2,-6.77,71.21,0,NaN,,0,,0,10
1/10/2023 03:52,-3.3,-6.76,77.28,0,NaN,,0,,0,10
1/10/2023 04:52,-2.2,-6.16,74.56,0,NaN,,0,,0,10
1/10/2023 05:52,-2.2,-6.16,74.56,0,NaN,-5,7,,330,10
1/10/2023 06:52,-0.6,-6.18,66.29,0,NaN,-3,7,,330,10
1/10/2023 07:52,-1.7,-5.66,74.66,0,NaN,,0,,0,10
1/10/2023 08:52,0,-3.96,74.97,0,NaN,-2,6,,220,10
1/10/2023 09:52,1.1,-3.97,69.24,0,NaN,-2,9,,220,10
1/10/2023 10:52,4.4,-4,54.78,0,NaN,3,7,,200,10
1/10/2023 11:52,5.6,-4.52,48.52,0,NaN,4,7,,220,10
1/10/2023 12:52,5.6,-5.73,44.3,0,NaN,4,7,,0,10
1/10/2023 13:52,6.7,-5.73,41.06,0,NaN,,0,,0,10
1/10/2023 14:52,7.2,-5.73,39.68,0,NaN,,0,,0,10
1/10/2023 15:52,7.8,-6.23,36.66,0,NaN,7,7,,210,10
1/10/2023 16:52,6.1,-6.23,41.19,0,NaN,,0,,0,10
1/10/2023 17:52,3.3,-4.5,57,0,NaN,,0,,0,10
1/10/2023 18:52,2.8,-5.1,56.43,0,NaN,,0,,0,10
1/10/2023 19:52,2.2,-3.99,63.99,0,NaN,1,6,,130,10
1/10/2023 20:52,2.8,-3.99,61.32,0,NaN,1,6,,200,10
1/10/2023 21:52,0,-4.47,72.2,0,NaN,,0,,0,10
1/10/2023 22:52,-0.6,-5.07,72.08,0,NaN,,0,,0,10
1/10/2023 23:52,-1.1,-5.06,74.77,0,NaN,,0,,0,10
1/11/2023 00:52,-1.1,-4.45,78.24,0,NaN,,0,,0,10
1/11/2023 01:52,-2.2,-4.44,84.84,0,NaN,,0,,0,10
1/11/2023 02:52,-3.3,-5.64,84.07,0,NaN,,0,,0,10
1/11/2023 03:52,-3.3,-5.64,84.07,0,NaN,,0,,0,10
1/11/2023 04:52,-3.3,-6.15,80.92,0,NaN,-6,6,,290,10
1/11/2023 05:52,-4.4,-6.74,83.93,0,NaN,-7,6,,280,10
1/11/2023 06:52,-4.4,-6.74,83.93,0,NaN,,0,,0,10
1/11/2023 07:52,-3.9,-5.63,87.93,0,NaN,,0,,0,10
1/11/2023 08:52,-0.6,-3.34,81.92,0,NaN,-3,6,,270,10
1/11/2023 09:52,1.7,-1.75,78.11,0,NaN,,0,,0,10
1/11/2023 10:52,5,-0.67,67.07,0,NaN,2,13,,190,10
1/11/2023 11:52,6.1,-0.08,64.92,0,NaN,3,13,,150,10
1/11/2023 12:52,6.7,-0.69,59.62,0,NaN,4,15,,180,10
1/11/2023 13:52,7.2,-1.8,53.15,0,NaN,5,13,,170,10
1/11/2023 14:52,6.7,-1.8,55,0,NaN,4,11,,160,10
1/11/2023 15:52,6.7,-2.3,53.01,0,NaN,4,15,,150,10
1/11/2023 16:52,6.7,-1.19,57.48,0,NaN,4,13,,160,10
1/11/2023 17:52,5.6,-1.79,59.34,0,NaN,4,7,,160,10
1/11/2023 18:52,5,-1.18,64.66,0,NaN,4,6,,150,10
1/11/2023 19:52,3.9,-1.17,69.83,0,NaN,2,7,,140,10
1/11/2023 20:52,5.6,-0.07,67.2,0,NaN,,0,,0,10
1/11/2023 21:52,5,1.65,79.2,25.4,NaN,3,9,,160,7
1/11/2023 22:52,4.4,2.78,89.33,25.4,NaN,3,6,,140,8
1/11/2023 23:52,4.4,2.78,89.33,25.4,NaN,3,7,,150,9
1/12/2023 00:52,4.4,2.78,89.33,2.54,NaN,3,6,,160,8
1/12/2023 01:52,4.4,3.28,92.55,25.4,NaN,3,6,,160,6
1/12/2023 02:52,4.4,3.28,92.55,2.54,NaN,,0,,0,8
1/12/2023 03:52,4.4,3.28,92.55,0,NaN,3,6,,190,7
1/12/2023 04:52,4.4,3.28,92.55,0,NaN,3,6,,150,8
1/12/2023 05:52,4.4,3.28,92.55,0,NaN,3,6,,150,8
1/12/2023 06:52,5,3.27,88.75,0,NaN,,0,,0,7
1/12/2023 07:52,5,3.88,92.59,0,NaN,,0,,0,6
1/12/2023 08:52,6.1,4.38,88.85,0,NaN,,0,,0,7
1/12/2023 09:52,6.7,4.98,88.9,0,NaN,5,9,,170,8
1/12/2023 10:52,8.3,4.96,79.7,0,NaN,6,11,,170,10
1/12/2023 11:52,8.3,4.96,79.7,0,NaN,7,7,,170,10
1/12/2023 12:52,9.4,4.95,73.99,0,NaN,8,9,,150,10
1/12/2023 13:52,10,5.55,74.1,0,NaN,8,11,,180,10
1/12/2023 14:52,10,5.55,74.1,0,NaN,8,13,,160,10
1/12/2023 15:52,10,5.55,74.1,0,NaN,8,15,,170,10
1/12/2023 16:52,10,6.06,76.71,0,NaN,8,11,,180,10
1/12/2023 17:52,9.4,6.06,79.86,0,NaN,8,7,,150,10
1/12/2023 18:52,9.4,6.06,79.86,0,NaN,8,7,,210,10
1/12/2023 19:52,9.4,6.06,79.86,0,NaN,8,7,,200,10
1/12/2023 20:52,8.9,7.18,89.09,76.2,NaN,6,19,,290,10
1/12/2023 21:52,8.3,7.19,92.78,177.8,NaN,6,11,,170,4
1/12/2023 22:52,10,8.89,92.87,127,NaN,8,17,,180,7
1/12/2023 23:52,10,8.89,92.87,50.8,NaN,8,13,,200,5
1/13/2023 00:52,11.1,9.99,92.94,127,NaN,,20,,200,9
1/13/2023 01:52,11.7,10.59,92.97,50.8,NaN,,17,,200,10
1/13/2023 02:52,11.7,10.59,92.97,2.54,NaN,,17,,200,10
1/13/2023 03:52,11.7,10.59,92.97,2.54,NaN,,19,,200,10
1/13/2023 04:52,11.7,10.59,92.97,2.54,NaN,,15,,210,10
1/13/2023 05:52,8.9,6.67,86.08,254,NaN,6,17,33,310,5
1/13/2023 06:52,7.8,2.74,70.64,2.54,NaN,4,31,61,310,10
1/13/2023 07:52,7.2,1.63,68.04,2.54,NaN,4,22,41,310,10
1/13/2023 08:52,7.2,0.52,62.86,0,NaN,3,30,52,310,10
1/13/2023 09:52,7.8,-0.09,57.77,0,NaN,4,31,43,310,10
1/13/2023 10:52,8.3,-0.09,55.84,0,NaN,4,35,52,310,10
1/13/2023 11:52,9.4,0.51,54.15,0,NaN,6,33,48,320,10
1/13/2023 12:52,9.4,-0.1,51.84,0,NaN,5,37,50,320,10
1/13/2023 13:52,9.4,-0.7,49.63,0,NaN,6,28,46,340,10
1/13/2023 14:52,7.8,-1.2,53.31,0,NaN,3,37,52,310,10
1/13/2023 15:52,6.7,-1.8,55,0,NaN,2,35,46,350,10
1/13/2023 16:52,5.6,-1.79,59.34,0,NaN,1,24,41,330,10
1/13/2023 17:52,5,-2.29,59.62,0,NaN,1,22,41,330,10
1/13/2023 18:52,4.4,-2.89,59.47,0,NaN,-1,30,46,330,10
1/13/2023 19:52,3.9,-2.89,61.59,0,NaN,-2,35,52,330,10
1/13/2023 20:52,3.9,-2.89,61.59,0,NaN,-1,24,39,330,10
1/13/2023 21:52,3.3,-2.89,64.25,0,NaN,-2,26,46,320,10
1/13/2023 22:52,3.3,-3.39,61.9,0,NaN,-2,26,,330,10
1/13/2023 23:52,2.8,-3.39,64.13,0,NaN,-3,28,48,340,10
1/14/2023 00:52,2.8,-3.99,61.32,0,NaN,-3,30,48,340,10
1/14/2023 01:52,2.8,-3.99,61.32,0,NaN,-3,33,56,340,10
1/14/2023 02:52,2.2,-3.99,63.99,0,NaN,-3,22,41,330,10
1/14/2023 03:52,2.2,-3.99,63.99,0,NaN,-3,28,46,330,10
1/14/2023 04:52,1.7,-4.49,63.87,0,NaN,-4,31,46,330,10
1/14/2023 05:52,1.7,-5.09,61.04,0,NaN,-4,30,44,350,10
1/14/2023 06:52,1.1,-5.09,63.72,0,NaN,-5,26,46,340,10
1/14/2023 07:52,1.1,-5.09,63.72,0,NaN,-5,30,44,340,10
1/14/2023 08:52,1.1,-5.09,63.72,0,NaN,-5,28,39,340,10
1/14/2023 09:52,1.1,-5.7,60.88,0,NaN,-5,31,48,340,10
1/14/2023 10:52,1.1,-5.7,60.88,0,NaN,-5,30,50,340,10
1/14/2023 11:52,1.1,-5.7,60.88,0,NaN,-5,33,50,330,10
1/14/2023 12:52,1.1,-6.2,58.6,0,NaN,-5,26,50,330,10
1/14/2023 13:52,1.7,-6.81,53.61,0,NaN,-4,30,50,340,10
1/14/2023 14:52,2.2,-6.82,51.72,0,NaN,-4,33,46,330,10
1/14/2023 15:52,1.7,-6.81,53.61,0,NaN,-5,39,56,320,10
1/14/2023 16:52,1.1,-7.31,53.85,0,NaN,-5,35,57,330,10
1/14/2023 17:52,0.6,-7.31,55.83,0,NaN,-6,37,54,320,10
1/14/2023 18:52,0,-7.91,55.66,0,NaN,-7,31,46,330,10
1/14/2023 19:52,-0.6,-8.41,55.93,0,NaN,-7,31,56,330,10
1/14/2023 20:52,-1.1,-9.01,55.35,0,NaN,-8,35,52,330,10
1/14/2023 21:52,-1.7,-9.01,57.85,0,NaN,-9,30,54,330,10
1/14/2023 22:52,-1.7,-9.01,57.85,0,NaN,-8,24,41,340,10
1/14/2023 23:52,-1.7,-9.01,57.85,0,NaN,-7,20,,340,10
1/15/2023 00:52,-2.2,-9,60.02,0,NaN,-9,30,52,320,10
1/15/2023 01:52,-2.2,-8.39,62.91,0,NaN,-9,28,50,330,10
1/15/2023 02:52,-2.2,-8.39,62.91,0,NaN,-9,30,41,320,10
1/15/2023 03:52,-2.2,-8.39,62.91,0,NaN,-9,26,43,330,10
1/15/2023 04:52,-2.2,-8.39,62.91,0,NaN,-9,28,41,330,10
1/15/2023 05:52,-2.2,-8.39,62.91,0,NaN,-9,24,41,330,10
1/15/2023 06:52,-2.2,-7.89,65.4,0,NaN,-9,24,37,320,10
1/15/2023 07:52,-2.2,-7.89,65.4,0,NaN,-9,24,43,330,10
1/15/2023 08:52,-0.6,-7.9,58.15,0,NaN,-7,26,37,330,10
1/15/2023 09:52,0.6,-7.92,53.29,0,NaN,-5,26,41,340,10
1/15/2023 10:52,2.8,-7.93,45.52,0,NaN,-3,28,46,340,10
1/15/2023 11:52,3.9,-7.33,44.12,0,NaN,-1,31,46,330,10
1/15/2023 12:52,4.4,-7.33,42.6,0,NaN,-1,31,44,330,10
1/15/2023 13:52,5.6,-7.34,39.18,0,NaN,1,31,43,320,10
1/15/2023 14:52,6.7,-7.34,36.32,0,NaN,3,26,46,330,10
1/15/2023 15:52,6.1,-7.94,36.13,0,NaN,2,22,39,340,10
1/15/2023 16:52,5,-8.44,37.51,0,NaN,1,19,,330,10
1/15/2023 17:52,3.3,-8.44,42.26,0,NaN,,15,,330,10
1/15/2023 18:52,2.2,-8.43,45.69,0,NaN,-2,17,,320,10
1/15/2023 19:52,1.7,-9.03,45.19,0,NaN,-2,15,,330,10
1/15/2023 20:52,1.7,-9.03,45.19,0,NaN,-2,15,,320,10
1/15/2023 21:52,1.1,-9.03,47.18,0,NaN,-3,15,,330,10
1/15/2023 22:52,-0.6,-9.02,53.36,0,NaN,-3,7,,320,10
1/15/2023 23:52,0.6,-9.02,48.91,0,NaN,-4,15,,330,10
1/16/2023 00:52,0,-9.53,49.11,0,NaN,-4,11,,330,10
1/16/2023 01:52,0.6,-9.53,47.02,0,NaN,-4,15,,330,10
1/16/2023 02:52,-0.6,-9.52,51.31,0,NaN,-4,9,,330,10
1/16/2023 03:52,-0.6,-9.52,51.31,0,NaN,-4,9,,320,10
1/16/2023 04:52,0,-10.13,46.84,0,NaN,-4,13,,330,10
1/16/2023 05:52,-1.1,-10.12,50.76,0,NaN,-4,9,,330,10
1/16/2023 06:52,-0.6,-10.13,48.93,0,NaN,-3,7,,340,10
1/16/2023 07:52,0,-10.13,46.84,0,NaN,-3,9,,340,10
1/16/2023 08:52,2.8,-9.54,40.17,0,NaN,,11,,320,10
1/16/2023 09:52,5,-10.15,32.82,0,NaN,2,17,,320,10
1/16/2023 10:52,7.8,-10.14,27.06,0,NaN,5,19,,330,10
1/16/2023 11:52,9.4,-10.13,24.28,0,NaN,6,22,,310,10
1/16/2023 12:52,11.1,-10.72,20.67,0,NaN,,15,,330,10
1/16/2023 13:52,11.1,-11.81,18.93,0,NaN,,19,,320,10
1/16/2023 14:52,12.2,-10.11,20.16,0,NaN,,19,,300,10
1/16/2023 15:52,12.2,-11.81,17.6,0,NaN,,20,,300,10
1/16/2023 16:52,8.9,-12.33,21.06,0,NaN,7,9,,300,10
1/16/2023 17:52,6.7,-11.25,26.73,0,NaN,,0,,0,10
1/16/2023 18:52,6.1,-11.85,26.55,0,NaN,5,6,,170,10
1/16/2023 19:52,3.3,-10.14,36.98,0,NaN,,0,,0,10
1/16/2023 20:52,2.8,-7.93,45.52,0,NaN,1,7,,280,10
1/16/2023 21:52,0.6,-8.42,51.26,0,NaN,-1,6,,140,10
1/16/2023 22:52,1.7,-6.81,53.61,0,NaN,,0,,0,10
1/16/2023 23:52,2.8,-6.82,49.56,0,NaN,,0,,0,10
1/17/2023 00:52,1.1,-5.09,63.72,0,NaN,,0,,0,10
1/17/2023 01:52,3.3,-6.82,47.84,0,NaN,,0,,0,10
1/17/2023 02:52,2.2,-6.21,54.16,0,NaN,,0,,0,10
1/17/2023 03:52,2.8,-5.1,56.43,0,NaN,,0,,0,10
1/17/2023 04:52,3.3,-4,59.18,2.54,NaN,,0,,0,10
1/17/2023 05:52,3.9,-1.78,66.82,2.54,NaN,,0,,0,10
1/17/2023 06:52,2.8,-0.04,81.79,2.54,NaN,,0,,0,10
1/17/2023 07:52,2.8,-0.04,81.79,50.8,NaN,1,6,,190,10
1/17/2023 08:52,3.3,1.68,89.24,25.4,NaN,,0,,0,7
1/17/2023 09:52,3.9,2.18,88.66,2.54,NaN,3,6,,170,10
1/17/2023 10:52,5,2.77,85.67,76.2,NaN,3,7,,190,6
1/17/2023 11:52,5,3.27,88.75,50.8,NaN,3,9,,190,10
1/17/2023 12:52,6.1,4.38,88.85,2.54,NaN,4,11,,200,7
1/17/2023 13:52,6.7,4.98,88.9,2.54,NaN,5,7,,210,10
1/17/2023 14:52,7.8,6.08,88.99,0,NaN,6,11,,180,10
1/17/2023 15:52,7.8,6.08,88.99,0,NaN,6,11,,200,10
1/17/2023 16:52,7.8,6.69,92.75,0,NaN,7,6,,160,10
1/17/2023 17:52,7.8,6.69,92.75,0,NaN,,0,,0,8
1/17/2023 18:52,5.6,4.99,95.91,0,NaN,,0,,0,3
1/17/2023 19:52,4.4,3.89,96.55,0,NaN,3,6,,140,1.5
1/17/2023 20:52,5,4.39,95.89,0,NaN,2,11,,190,1
1/17/2023 21:52,7.2,6.69,96.63,0,NaN,5,9,,200,5
1/17/2023 22:52,6.7,5.59,92.69,0,NaN,4,11,,200,10
1/17/2023 23:52,6.1,5.59,96.6,0,NaN,3,15,,190,10
1/18/2023 00:52,5.6,4.38,91.98,0,NaN,,0,,0,8
1/18/2023 01:52,5,4.39,95.89,0,NaN,2,11,,190,10
1/18/2023 02:52,5,3.88,92.59,0,NaN,2,11,,210,9
1/18/2023 03:52,5.6,4.38,91.98,0,NaN,3,15,,200,10
1/18/2023 04:52,5.6,4.38,91.98,0,NaN,4,9,,190,10
1/18/2023 05:52,5,3.88,92.59,0,NaN,2,13,,200,10
1/18/2023 06:52,6.7,3.86,82.31,0,NaN,4,11,,270,10
1/18/2023 07:52,7.8,2.74,70.64,0,NaN,6,11,,330,10
1/18/2023 08:52,10.6,4.33,65.48,0,NaN,,7,,320,10
1/18/2023 09:52,11.7,3.83,58.78,0,NaN,,30,48,310,10
1/18/2023 10:52,12.8,3.22,52.42,0,NaN,,26,41,320,10
1/18/2023 11:52,13.9,3.22,48.79,0,NaN,,20,37,330,10
1/18/2023 12:52,14.4,2.71,45.59,0,NaN,,22,,340,10
1/18/2023 13:52,13.9,2.71,47.09,0,NaN,,19,33,350,10
1/18/2023 14:52,12.8,2.11,48.48,0,NaN,,19,37,330,10
1/18/2023 15:52,12.8,2.11,48.48,0,NaN,,17,,320,10
1/18/2023 16:52,11.7,1.61,50.28,0,NaN,,11,,320,10
1/18/2023 17:52,10,1.62,56.3,0,NaN,7,20,,350,10
1/18/2023 18:52,8.9,1.62,60.61,0,NaN,7,15,,340,10
1/18/2023 19:52,7.8,1.02,62.55,0,NaN,7,7,,20,10
1/18/2023 20:52,7.8,1.02,62.55,0,NaN,6,13,,360,10
1/18/2023 21:52,7.2,1.03,65.17,0,NaN,5,11,,360,10
1/18/2023 22:52,6.1,1.03,70.29,0,NaN,5,6,,320,10
1/18/2023 23:52,7.2,1.03,65.17,2.54,NaN,6,6,,0,10
1/19/2023 00:52,6.1,1.03,70.29,2.54,NaN,5,6,,40,10
1/19/2023 01:52,5.6,1.65,75.97,2.54,NaN,,0,,0,10
1/19/2023 02:52,5,1.05,75.86,0,NaN,4,6,,130,10
1/19/2023 03:52,5,1.65,79.2,0,NaN,,0,,0,10
1/19/2023 04:52,5,2.16,82.09,0,NaN,,0,,0,10
1/19/2023 05:52,5,1.65,79.2,0,NaN,4,6,,120,10
1/19/2023 06:52,6.1,1.64,73.38,0,NaN,4,9,,120,10
1/19/2023 07:52,5.6,2.76,82.17,2.54,NaN,5,6,,160,10
1/19/2023 08:52,6.1,2.76,79.37,2.54,NaN,3,13,,150,10
1/19/2023 09:52,6.1,2.76,79.37,0,NaN,5,7,,0,10
1/19/2023 10:52,6.7,2.75,76.16,0,NaN,4,15,,120,10
1/19/2023 11:52,6.7,3.25,78.9,2.54,NaN,4,17,,150,10
1/19/2023 12:52,6.7,3.86,82.31,2.54,NaN,4,11,,170,10
1/19/2023 13:52,6.7,3.86,82.31,2.54,NaN,5,9,,160,10
1/19/2023 14:52,6.7,4.37,85.25,2.54,NaN,4,11,,140,8
1/19/2023 15:52,6.7,4.98,88.9,25.4,NaN,5,7,,150,2.5
1/19/2023 16:52,6.7,5.59,92.69,2.54,NaN,6,6,,160,3
1/19/2023 17:52,6.7,6.09,95.95,2.54,NaN,,0,,0,1.75
1/19/2023 18:52,6.7,5.59,92.69,2.54,NaN,5,7,,310,3
1/19/2023 19:52,6.7,5.59,92.69,50.8,NaN,6,6,,300,3
1/19/2023 20:52,6.7,5.59,92.69,0,NaN,,0,,0,7
1/19/2023 21:52,6.1,4.98,92.65,0,NaN,5,7,,310,4
1/19/2023 22:52,6.1,5.59,96.6,0,NaN,,0,,0,3
1/19/2023 23:52,6.1,4.98,92.65,0,NaN,3,13,,340,1
1/20/2023 00:52,6.7,5.59,92.69,0,NaN,5,7,,330,7
1/20/2023 01:52,6.1,5.59,96.6,0,NaN,,0,,0,1.75
1/20/2023 02:52,6.1,4.98,92.65,0,NaN,4,9,,340,0.25
1/20/2023 03:52,5.6,3.88,88.81,0,NaN,2,17,,300,10
1/20/2023 04:52,5,3.27,88.75,0,NaN,4,6,,0,10
1/20/2023 05:52,5.6,2.76,82.17,0,NaN,3,13,,310,10
1/20/2023 06:52,6.7,0.52,65.05,0,NaN,3,22,39,310,10
1/20/2023 07:52,7.2,-0.69,57.61,0,NaN,5,13,,260,10
1/20/2023 08:52,8.9,-1.2,49.48,0,NaN,6,19,,300,10
1/20/2023 09:52,7.8,-1.2,53.31,0,NaN,3,33,44,310,10
1/20/2023 10:52,10,-2.92,40.53,0,NaN,6,43,70,290,10
1/20/2023 11:52,8.9,-2.92,43.64,0,NaN,5,31,50,300,10
1/20/2023 12:52,10,-2.92,40.53,0,NaN,6,37,50,300,10
1/20/2023 13:52,9.4,-2.91,42.2,0,NaN,5,41,61,310,10
1/20/2023 14:52,8.3,-2.91,45.45,0,NaN,4,31,50,300,10
1/20/2023 15:52,7.8,-3.42,45.3,0,NaN,4,26,48,310,10
1/20/2023 16:52,6.7,-4.02,46.7,0,NaN,3,26,43,300,10
1/20/2023 17:52,6.1,-4.01,48.67,0,NaN,1,31,46,300,10
1/20/2023 18:52,5,-4.01,52.53,0,NaN,2,11,,280,10
1/20/2023 19:52,5,-4.01,52.53,0,NaN,1,22,37,300,10
1/20/2023 20:52,4.4,-4,54.78,0,NaN,,26,44,300,10
1/20/2023 21:52,4.4,-4.51,52.75,0,NaN,,24,43,310,10
1/20/2023 22:52,4.4,-4,54.78,0,NaN,1,17,,300,10
1/20/2023 23:52,4.4,-4.51,52.75,0,NaN,1,17,,290,10
1/21/2023 00:52,3.9,-4.51,54.64,0,NaN,-1,24,,290,10
1/21/2023 01:52,2.8,-4.5,59.05,0,NaN,-1,17,,290,10
1/21/2023 02:52,3.9,-3.39,59.34,0,NaN,,19,,290,10
1/21/2023 03:52,3.9,-3.39,59.34,0,NaN,,15,,300,10
1/21/2023 04:52,4.4,-3.4,57.29,0,NaN,1,19,,290,10
1/21/2023 05:52,4.4,-3.4,57.29,0,NaN,1,19,,280,10
1/21/2023 06:52,4.4,-3.4,57.29,0,NaN,,22,,290,10
1/21/2023 07:52,4.4,-2.89,59.47,0,NaN,1,13,,290,10
1/21/2023 08:52,4.4,-2.89,59.47,0,NaN,1,13,,310,10
1/21/2023 09:52,5,-2.9,57.03,0,NaN,2,17,,300,10
1/21/2023 10:52,5.6,-2.9,54.7,0,NaN,3,15,,310,10
1/21/2023 11:52,5,-4.01,52.53,0,NaN,1,19,,310,10
1/21/2023 12:52,5.6,-4.01,50.38,0,NaN,2,19,,320,10
1/21/2023 13:52,5.6,-4.52,48.52,0,NaN,3,15,,320,10
1/21/2023 14:52,5.6,-4.52,48.52,0,NaN,3,13,,340,10
1/21/2023 15:52,5.6,-4.52,48.52,0,NaN,3,11,,330,10
1/21/2023 16:52,5,-4.51,50.59,0,NaN,2,11,,340,10
1/21/2023 17:52,4.4,-5.12,50.41,0,NaN,3,7,,330,10
1/21/2023 18:52,3.3,-5.11,54.47,0,NaN,1,7,,350,10
1/21/2023 19:52,-0.6,-5.07,72.08,0,NaN,,0,,0,10
1/21/2023 20:52,-1.1,-5.67,71.44,0,NaN,-4,7,,130,10
1/21/2023 21:52,-2.2,-5.66,77.47,0,NaN,-4,6,,130,10
1/21/2023 22:52,-2.2,-5.66,77.47,0,NaN,,0,,0,10
1/21/2023 23:52,-2.8,-5.65,80.99,0,NaN,-5,6,,210,10
1/22/2023 00:52,-2.8,-5.65,80.99,0,NaN,,0,,0,10
1/22/2023 01:52,-2.8,-5.65,80.99,0,NaN,,0,,0,10
1/22/2023 02:52,-3.3,-5.64,84.07,0,NaN,,0,,0,10
1/22/2023 03:52,-3.3,-5.64,84.07,0,NaN,,0,,0,10
1/22/2023 04:52,-3.3,-5.03,87.99,0,NaN,,0,,0,10
1/22/2023 05:52,-2.8,-5.04,84.77,0,NaN,-5,6,,140,10
1/22/2023 06:52,-2.8,-4.43,88.71,0,NaN,-6,7,,140,10
1/22/2023 07:52,-2.2,-4.44,84.84,0,NaN,-6,9,,200,10
1/22/2023 08:52,-0.6,-2.23,88.9,0,NaN,,0,,0,10
1/22/2023 09:52,0.6,-1.74,84.55,0,NaN,-2,7,,230,10
1/22/2023 10:52,1.7,-1.14,81.63,2.54,NaN,,6,,210,8
1/22/2023 11:52,2.2,0.58,89.15,25.4,NaN,,0,,0,10
1/22/2023 12:52,2.8,0.57,85.42,2.54,NaN,1,7,,180,10
1/22/2023 13:52,3.9,1.06,81.94,25.4,NaN,1,11,,160,10
1/22/2023 14:52,4.4,1.66,82.59,0,NaN,2,9,,150,10
1/22/2023 15:52,4.4,2.17,85.6,2.54,NaN,3,6,,150,5
1/22/2023 16:52,3.9,2.78,92.52,50.8,NaN,3,6,,100,2.5
1/22/2023 17:52,4.4,3.28,92.55,50.8,NaN,,0,,0,2
1/22/2023 18:52,3.9,2.78,92.52,127,NaN,2,9,,40,1.75
1/22/2023 19:52,3.9,2.78,92.52,50.8,NaN,1,11,,20,2
1/22/2023 20:52,3.9,2.78,92.52,50.8,NaN,,15,,350,2
1/22/2023 21:52,3.9,2.18,88.66,50.8,NaN,1,11,,340,3
1/22/2023 22:52,3.3,2.18,92.49,2.54,NaN,,13,,350,10
1/22/2023 23:52,3.3,2.18,92.49,2.54,NaN,1,9,,30,10
1/23/2023 00:52,3.3,2.18,92.49,25.4,NaN,1,9,,10,10
1/23/2023 01:52,2.8,1.68,92.46,2.54,NaN,-1,13,,330,2.5
1/23/2023 02:52,2.8,2.19,95.82,2.54,NaN,-1,13,,350,3
1/23/2023 03:52,2.8,2.19,95.82,50.8,NaN,,11,,330,5
1/23/2023 04:52,2.8,1.68,92.46,76.2,NaN,-1,13,,300,6
1/23/2023 05:52,2.8,1.68,92.46,76.2,NaN,,9,,290,5
1/23/2023 06:52,3.3,1.68,89.24,50.8,NaN,,13,,290,7
1/23/2023 07:52,3.3,1.68,89.24,25.4,NaN,1,7,,310,10
1/23/2023 08:52,5,2.16,82.09,0,NaN,1,20,,290,10
1/23/2023 09:52,6.1,1.03,70.29,0,NaN,2,28,41,290,10
1/23/2023 10:52,6.7,0.52,65.05,0,NaN,2,33,,290,10
1/23/2023 11:52,6.1,-0.68,62.14,0,NaN,1,31,52,300,10
1/23/2023 12:52,7.8,-1.2,53.31,0,NaN,3,41,59,290,10
1/23/2023 13:52,7.2,-2.31,51.22,0,NaN,2,39,50,300,10
1/23/2023 14:52,7.2,-2.31,51.22,0,NaN,3,35,50,300,10
1/23/2023 15:52,6.1,-2.3,55.24,0,NaN,1,41,57,300,10
1/23/2023 16:52,5,-3.4,54.94,0,NaN,,33,54,300,10
1/23/2023 17:52,4.4,-3.4,57.29,0,NaN,-2,41,56,290,10
1/23/2023 18:52,4.4,-3.4,57.29,0,NaN,-1,37,52,290,10
1/23/2023 19:52,3.9,-3.39,59.34,0,NaN,-1,22,39,300,10
1/23/2023 20:52,3.9,-3.39,59.34,0,NaN,,17,,310,10
1/23/2023 21:52,3.9,-2.89,61.59,0,NaN,1,13,,300,10
1/23/2023 22:52,3.9,-3.39,59.34,0,NaN,-1,22,,290,10
1/23/2023 23:52,3.3,-4,59.18,0,NaN,-1,19,,280,10
1/24/2023 00:52,2.2,-4.49,61.63,0,NaN,,9,,280,10
1/24/2023 01:52,0,-5.08,69,0,NaN,-3,7,,180,10
1/24/2023 02:52,0,-4.47,72.2,0,NaN,-3,9,,260,10
1/24/2023 03:52,-0.6,-5.07,72.08,0,NaN,-3,7,,240,10
1/24/2023 04:52,-1.1,-5.06,74.77,0,NaN,,0,,0,10
1/24/2023 05:52,-1.7,-4.44,81.77,0,NaN,-4,6,,210,10
1/24/2023 06:52,-1.1,-5.06,74.77,0,NaN,-3,6,,190,10
1/24/2023 07:52,-1.7,-4.44,81.77,0,NaN,,0,,0,10
1/24/2023 08:52,1.1,-3.37,72.42,0,NaN,-1,6,,190,10
1/24/2023 09:52,3.9,-2.89,61.59,0,NaN,2,9,,190,10
1/24/2023 10:52,6.7,-4.52,44.97,0,NaN,4,11,,230,10
1/24/2023 11:52,8.3,-5.13,38.53,0,NaN,5,19,,280,10
1/24/2023 12:52,8.3,-6.23,35.43,0,NaN,7,9,28,250,10
1/24/2023 13:52,10,-6.23,31.6,0,NaN,10,6,,290,10
1/24/2023 14:52,10,-5.73,32.83,0,NaN,8,13,,280,10
1/24/2023 15:52,10,-6.23,31.6,0,NaN,9,7,,0,10
1/24/2023 16:52,9.4,-6.23,32.9,0,NaN,,0,,0,10
1/24/2023 17:52,5.6,-5.12,46.37,0,NaN,5,6,,190,10
1/24/2023 18:52,2.2,-4.49,61.63,0,NaN,,0,,0,10
1/24/2023 19:52,1.1,-5.09,63.72,0,NaN,,0,,0,10
1/24/2023 20:52,-0.6,-4.46,75.43,0,NaN,,0,,0,10
1/24/2023 21:52,-0.6,-5.07,72.08,0,NaN,-4,9,,10,10
1/24/2023 22:52,-1.1,-5.06,74.77,0,NaN,-3,6,,20,10
1/24/2023 23:52,0.6,-3.97,71.78,0,NaN,-2,7,,80,10
1/25/2023 00:52,-1.1,-4.45,78.24,0,NaN,,0,,0,10
1/25/2023 01:52,0.6,-3.36,75.08,0,NaN,-1,6,,90,10
1/25/2023 02:52,2.2,-2.87,69.47,0,NaN,,0,,0,10
1/25/2023 03:52,1.1,-2.25,78.59,0,NaN,,0,,0,10
1/25/2023 04:52,2.2,-2.26,72.64,0,NaN,,9,,90,10
1/25/2023 05:52,2.8,-2.88,66.57,0,NaN,-1,17,,110,10
1/25/2023 06:52,2.8,-2.88,66.57,0,NaN,-1,15,30,110,10
1/25/2023 07:52,3.3,-2.28,67.18,0,NaN,,13,,100,10
1/25/2023 08:52,3.9,-2.28,64.4,0,NaN,1,11,,90,10
1/25/2023 09:52,3.9,-1.78,66.82,0,NaN,,15,,80,10
1/25/2023 10:52,3.9,-0.66,72.44,2.54,NaN,,17,,90,10
1/25/2023 11:52,3.9,0.55,79.03,25.4,NaN,1,11,,90,8
1/25/2023 12:52,3.3,1.07,85.48,101.6,NaN,,13,,80,4
1/25/2023 13:52,3.3,2.18,92.49,330.2,NaN,,11,,70,3
1/25/2023 14:52,3.9,2.78,92.52,406.4,NaN,-1,26,43,110,2
1/25/2023 15:52,5.6,4.38,91.98,25.4,NaN,3,11,,170,4
1/25/2023 16:52,5.6,4.38,91.98,127,NaN,3,11,,280,2.5
1/25/2023 17:52,5,4.39,95.89,76.2,NaN,,0,,0,1.25
1/25/2023 18:52,5,3.88,92.59,25.4,NaN,4,6,,290,4
1/25/2023 19:52,4.4,3.89,96.55,25.4,NaN,3,7,,310,5
1/25/2023 20:52,4.4,3.28,92.55,25.4,NaN,3,6,,130,4
1/25/2023 21:52,4.4,3.89,96.55,0,NaN,,0,,0,6
1/25/2023 22:52,4.4,3.89,96.55,0,NaN,,0,,0,3
1/25/2023 23:52,4.4,3.89,96.55,0,NaN,2,9,,290,9
1/26/2023 00:52,4.4,3.89,96.55,0,NaN,,0,,0,6
1/26/2023 01:52,3.3,2.79,96.52,0,NaN,,0,,0,0.5
1/26/2023 02:52,2.8,2.19,95.82,0,NaN,,0,,0,0.12
1/26/2023 03:52,2.2,1.69,96.49,0,NaN,1,6,,310,0.25
1/26/2023 04:52,1.7,0.58,92.39,0,NaN,,0,,0,0.25
1/26/2023 05:52,3.3,-0.66,75.57,0,NaN,2,6,,270,9
1/26/2023 06:52,3.3,-1.16,72.85,0,NaN,1,9,,250,10
1/26/2023 07:52,5,-1.79,61.87,0,NaN,3,9,28,250,10
1/26/2023 08:52,6.7,-0.69,59.62,0,NaN,3,24,33,290,10
1/26/2023 09:52,7.2,-1.2,55.54,0,NaN,3,30,44,290,10
1/26/2023 10:52,7.8,-1.81,51.01,0,NaN,3,39,48,290,10
1/26/2023 11:52,7.8,-2.31,49.16,0,NaN,5,20,33,260,10
1/26/2023 12:52,7.8,-3.42,45.3,0,NaN,5,17,,270,10
1/26/2023 13:52,8.3,-2.31,47.52,0,NaN,6,11,,300,10
1/26/2023 14:52,8.3,-2.91,45.45,0,NaN,6,15,30,320,10
1/26/2023 15:52,8.3,-2.91,45.45,0,NaN,5,22,31,290,10
1/26/2023 16:52,7.8,-4.02,43.31,0,NaN,5,19,,290,10
1/26/2023 17:52,6.7,-4.52,44.97,0,NaN,3,19,,280,10
1/26/2023 18:52,6.1,-5.12,44.79,0,NaN,4,9,,270,10
1/26/2023 19:52,5.6,-5.12,46.37,0,NaN,4,9,,270,10
1/26/2023 20:52,4.4,-5.72,48.17,0,NaN,1,13,,290,10
1/26/2023 21:52,2.2,-5.7,56.27,0,NaN,,0,,0,10
1/26/2023 22:52,1.1,-5.7,60.88,0,NaN,,0,,0,10
1/26/2023 23:52,1.7,-5.7,58.32,0,NaN,-2,15,,300,10
1/27/2023 00:52,2.2,-5.7,56.27,0,NaN,1,6,,270,10
1/27/2023 01:52,1.7,-5.7,58.32,0,NaN,-1,9,,300,10
1/27/2023 02:52,-0.6,-6.18,66.29,0,NaN,,0,,0,10
1/27/2023 03:52,-1.7,-5.66,74.66,0,NaN,,0,,0,10
1/27/2023 04:52,-1.1,-5.67,71.44,0,NaN,-3,6,,270,10
1/27/2023 05:52,-1.7,-5.66,74.66,0,NaN,-6,11,,320,10
1/27/2023 06:52,0,-5.68,65.92,0,NaN,-4,13,,280,10
1/27/2023 07:52,0.6,-5.08,66.06,0,NaN,-3,13,,310,10
1/27/2023 08:52,3.3,-6.22,50.09,0,NaN,-1,17,,320,10
1/27/2023 09:52,4.4,-6.22,46.36,0,NaN,1,17,,300,10
1/27/2023 10:52,5.6,-7.34,39.18,0,NaN,2,17,31,310,10
1/27/2023 11:52,3.9,-7.33,44.12,0,NaN,-1,24,,290,10
1/27/2023 12:52,5.6,-7.34,39.18,0,NaN,3,13,,310,10
1/27/2023 13:52,6.1,-7.34,37.85,0,NaN,3,13,26,250,10
1/27/2023 14:52,6.7,-8.44,33.35,0,NaN,4,11,26,240,10
1/27/2023 15:52,6.1,-8.44,34.75,0,NaN,4,11,,230,10
1/27/2023 16:52,5.6,-9.04,34.33,0,NaN,3,11,,220,10
1/27/2023 17:52,2.8,-8.43,43.78,0,NaN,,9,,190,10
1/27/2023 18:52,1.1,-7.92,51.4,0,NaN,-1,6,,180,10
1/27/2023 19:52,1.7,-7.92,49.24,0,NaN,-1,7,,160,10
1/27/2023 20:52,0.6,-7.92,53.29,0,NaN,-3,13,,150,10
1/27/2023 21:52,1.7,-7.92,49.24,0,NaN,-2,11,,180,10
1/27/2023 22:52,0,-7.91,55.66,0,NaN,-3,7,,200,10
1/27/2023 23:52,1.1,-7.92,51.4,0,NaN,-2,9,,180,10
1/28/2023 00:52,0.6,-7.92,53.29,0,NaN,-3,13,,180,10
1/28/2023 01:52,1.7,-7.32,51.58,0,NaN,-2,13,,190,10
1/28/2023 02:52,2.2,-7.32,49.77,0,NaN,-2,17,,190,10
1/28/2023 03:52,0.6,-7.31,55.83,0,NaN,-3,13,,190,10
1/28/2023 04:52,0,-6.8,60.6,0,NaN,-4,15,,190,10
1/28/2023 05:52,0,-6.8,60.6,0,NaN,-4,15,,190,10
1/28/2023 06:52,0,-6.8,60.6,0,NaN,-5,17,,200,10
1/28/2023 07:52,0.6,-6.2,60.75,0,NaN,-4,15,,200,10
1/28/2023 08:52,3.3,-5.71,52.04,0,NaN,,15,,200,10
1/28/2023 09:52,6.7,-4.52,44.97,0,NaN,4,17,,200,10
1/28/2023 10:52,8.9,-3.42,42.05,0,NaN,6,22,33,220,10
1/28/2023 11:52,10.6,-2.92,38.94,0,NaN,,19,,200,10
1/28/2023 12:52,11.7,-1.81,39.28,0,NaN,,11,31,210,10
1/28/2023 13:52,11.1,-2.31,39.38,0,NaN,,15,,240,10
1/28/2023 14:52,12.2,-1.81,38,0,NaN,,20,,190,10
1/28/2023 15:52,12.8,-2.31,35.21,0,NaN,,15,28,210,10
1/28/2023 16:52,12.2,-2.31,36.63,0,NaN,,13,,200,10
1/28/2023 17:52,6.7,-1.19,57.48,0,NaN,5,7,,150,10
1/28/2023 18:52,8.3,-2.31,47.52,0,NaN,7,9,,150,10
1/28/2023 19:52,7.2,-2.91,48.99,0,NaN,5,9,,160,10
1/28/2023 20:52,3.9,-2.28,64.4,0,NaN,,0,,0,10
1/28/2023 21:52,2.2,-2.87,69.47,0,NaN,,0,,0,10
1/28/2023 22:52,0.6,-3.36,75.08,0,NaN,-2,9,,170,10
1/28/2023 23:52,6.1,-1.8,57.32,0,NaN,3,13,,180,10
1/29/2023 00:52,5.6,-1.79,59.34,0,NaN,3,15,,180,10
1/29/2023 01:52,6.7,-1.8,55,0,NaN,4,15,,180,10
1/29/2023 02:52,6.7,-2.3,53.01,0,NaN,4,11,,170,10
1/29/2023 03:52,5.6,-2.3,57.19,0,NaN,3,15,,180,10
1/29/2023 04:52,6.7,-2.3,53.01,0,NaN,4,13,,200,10
1/29/2023 05:52,5.6,-2.9,54.7,0,NaN,,0,,0,10
1/29/2023 06:52,5.6,-2.3,57.19,0,NaN,4,7,,170,10
1/29/2023 07:52,5,-1.79,61.87,0,NaN,4,6,,300,10
1/29/2023 08:52,6.7,-1.8,55,0,NaN,5,7,,170,10
1/29/2023 09:52,7.8,-1.81,51.01,0,NaN,5,17,,200,10
1/29/2023 10:52,8.3,-1.2,51.53,0,NaN,5,19,,200,10
1/29/2023 11:52,7.2,1.63,68.04,25.4,NaN,4,19,,190,10
1/29/2023 12:52,6.7,2.75,76.16,50.8,NaN,3,19,,210,10
1/29/2023 13:52,6.7,3.25,78.9,50.8,NaN,3,19,,180,10
1/29/2023 14:52,7.2,3.86,79.54,2.54,NaN,5,13,,190,10
1/29/2023 15:52,7.2,3.86,79.54,0,NaN,4,19,39,200,10
1/29/2023 16:52,7.8,3.85,76.34,0,NaN,5,17,,210,10
1/29/2023 17:52,7.2,4.36,82.38,0,NaN,5,9,,230,10
1/29/2023 18:52,7.2,4.36,82.38,0,NaN,,0,,0,10
1/29/2023 19:52,6.7,4.37,85.25,0,NaN,5,9,,170,10
1/29/2023 20:52,6.7,4.98,88.9,0,NaN,6,6,,180,10
1/29/2023 21:52,6.1,4.38,88.85,0,NaN,4,9,,180,10
1/29/2023 22:52,6.1,4.38,88.85,0,NaN,,0,,0,10
1/29/2023 23:52,5.6,3.88,88.81,0,NaN,5,6,,330,10
1/30/2023 00:52,3.9,2.78,92.52,0,NaN,,0,,0,10
1/30/2023 01:52,3.9,2.78,92.52,0,NaN,,0,,0,9
1/30/2023 02:52,3.3,2.79,96.52,0,NaN,,0,,0,5
1/30/2023 03:52,3.3,2.18,92.49,0,NaN,,0,,0,6
1/30/2023 04:52,3.3,2.79,96.52,0,NaN,,0,,0,6
1/30/2023 05:52,3.3,2.18,92.49,0,NaN,,0,,0,7
1/30/2023 06:52,3.9,2.78,92.52,0,NaN,,0,,0,10
1/30/2023 07:52,3.3,2.18,92.49,0,NaN,,0,,0,5
1/30/2023 08:52,6.7,5.59,92.69,0,NaN,,0,,0,8
1/30/2023 09:52,8.9,6.07,82.6,0,NaN,,0,,0,10
1/30/2023 10:52,10.6,5.55,71.19,0,NaN,,0,,0,10
1/30/2023 11:52,12.2,5.54,64.04,0,NaN,,9,,0,10
1/30/2023 12:52,13.3,4.93,57.16,0,NaN,,9,,180,10
1/30/2023 13:52,14.4,4.93,53.22,0,NaN,,17,,210,10
1/30/2023 14:52,15,4.32,49.1,0,NaN,,11,,170,10
1/30/2023 15:52,15.6,4.93,49.27,0,NaN,,9,,210,10
1/30/2023 16:52,13.9,4.93,54.97,0,NaN,,6,,190,10
1/30/2023 17:52,12.2,4.93,61.43,0,NaN,,7,,190,10
1/30/2023 18:52,10.6,4.33,65.48,0,NaN,,7,,170,10
1/30/2023 19:52,10,4.95,71.08,0,NaN,9,9,,180,10
1/30/2023 20:52,8.3,4.35,76.43,0,NaN,8,6,,180,10
1/30/2023 21:52,5,2.77,85.67,0,NaN,4,6,,170,10
1/30/2023 22:52,6.1,3.87,85.79,0,NaN,5,7,,200,10
1/30/2023 23:52,6.7,4.37,85.25,0,NaN,,0,,0,10
1/31/2023 00:52,6.1,4.98,92.65,0,NaN,,0,,0,10
1/31/2023 01:52,7.8,5.57,85.97,0,NaN,6,13,,200,10
1/31/2023 02:52,7.2,5.58,89.56,0,NaN,6,7,,310,10
1/31/2023 03:52,7.8,5.57,85.97,0,NaN,6,9,,360,10
1/31/2023 04:52,8.3,4.35,76.43,0,NaN,5,20,,350,10
1/31/2023 05:52,7.8,2.74,70.64,0,NaN,5,20,31,10,10
1/31/2023 06:52,6.7,-0.08,62.29,0,NaN,3,24,,360,10
1/31/2023 07:52,6.1,-1.19,59.91,0,NaN,3,19,,360,10
1/31/2023 08:52,4.4,-0.06,73.06,50.8,NaN,,22,,360,10
1/31/2023 09:52,3.9,-0.66,72.44,25.4,NaN,,19,,360,10
1/31/2023 10:52,3.9,-0.06,75.67,25.4,NaN,2,9,,360,7
1/31/2023 11:52,3.9,0.55,79.03,2.54,NaN,2,7,,10,7
1/31/2023 12:52,3.3,0.56,82.45,2.54,NaN,1,7,,10,7
1/31/2023 13:52,2.8,1.07,88.56,50.8,NaN,-1,13,,320,2
1/31/2023 14:52,2.8,1.07,88.56,2.54,NaN,1,7,,340,3
1/31/2023 15:52,2.8,1.07,88.56,25.4,NaN,1,7,,50,3
1/31/2023 16:52,2.8,1.07,88.56,2.54,NaN,1,7,,60,4
1/31/2023 17:52,2.2,0.58,89.15,2.54,NaN,,9,,70,4
1/31/2023 18:52,2.2,0.58,89.15,2.54,NaN,,7,,70,7
1/31/2023 19:52,2.2,-0.03,85.35,2.54,NaN,-1,11,,30,7
1/31/2023 20:52,1.7,-0.03,88.46,2.54,NaN,-2,13,,40,3
1/31/2023 21:52,1.7,-0.03,88.46,2.54,NaN,-1,9,,40,3
1/31/2023 22:52,1.7,-0.03,88.46,2.54,NaN,-1,9,,40,10
1/31/2023 23:52,1.7,-0.03,88.46,0,NaN,,6,,40,10
2/1/2023 00:52,1.7,-0.64,84.68,0,NaN,-1,9,,20,10
2/1/2023 01:52,0.6,-0.62,91.65,2.54,NaN,-3,13,,20,3
2/1/2023 02:52,0.6,-0.62,91.65,50.8,NaN,-2,9,,360,1.75
2/1/2023 03:52,0,-1.12,92.28,101.6,NaN,-5,17,,360,1
2/1/2023 04:52,0,-1.73,88.3,2.54,NaN,-3,9,,20,1
2/1/2023 05:52,0.6,-2.24,81.48,2.54,NaN,-3,13,,350,2.5
2/1/2023 06:52,0.6,-2.85,77.93,0,NaN,-4,15,,350,6
2/1/2023 07:52,0,-5.08,69,0,NaN,-5,20,31,360,10
2/1/2023 08:52,-0.6,-7.3,60.91,0,NaN,-6,19,,350,10
2/1/2023 09:52,0.6,-8.42,51.26,0,NaN,-5,22,,340,10
2/1/2023 10:52,1.1,-7.92,51.4,0,NaN,-4,20,,330,10
2/1/2023 11:52,1.7,-7.92,49.24,0,NaN,-3,20,33,330,10
2/1/2023 12:52,2.2,-8.43,45.69,0,NaN,-2,17,,350,10
2/1/2023 13:52,2.8,-9.04,41.78,0,NaN,-2,20,30,360,10
2/1/2023 14:52,3.9,-9.04,38.65,0,NaN,1,13,30,340,10
2/1/2023 15:52,3.3,-9.54,38.77,0,NaN,,11,,320,10
2/1/2023 16:52,2.8,-10.14,38.31,0,NaN,1,6,,300,10
2/1/2023 17:52,1.7,-10.74,39.51,0,NaN,,6,,360,10
2/1/2023 18:52,-0.6,-10.13,48.93,0,NaN,,0,,0,10
2/1/2023 19:52,-1.7,-7.89,63.03,0,NaN,,0,,0,10
2/1/2023 20:52,-2.8,-7.27,71.64,0,NaN,-6,7,,210,10
2/1/2023 21:52,-2.2,-7.28,68.52,0,NaN,,0,,0,10
2/1/2023 22:52,-1.7,-7.89,63.03,0,NaN,-4,6,,190,10
2/1/2023 23:52,-2.8,-7.88,68.38,0,NaN,,0,,0,10
2/2/2023 00:52,-2.2,-6.77,71.21,0,NaN,,0,,0,10
2/2/2023 01:52,-2.2,-6.77,71.21,0,NaN,,0,,0,10
2/2/2023 02:52,-2.8,-6.76,74.45,0,NaN,,0,,0,10
2/2/2023 03:52,-2.2,-6.16,74.56,0,NaN,,0,,0,10
2/2/2023 04:52,-1.1,-6.18,68.76,0,NaN,,0,,0,10
2/2/2023 05:52,-1.7,-5.05,78.14,0,NaN,-4,6,,210,10
2/2/2023 06:52,-1.1,-5.67,71.44,0,NaN,,0,,0,10
2/2/2023 07:52,0,-5.68,65.92,0,NaN,-3,7,,30,10
2/2/2023 08:52,0,-4.47,72.2,0,NaN,,0,,0,10
2/2/2023 09:52,1.1,-6.81,55.97,0,NaN,,0,,0,10
2/2/2023 10:52,2.2,-6.82,51.72,0,NaN,,0,,0,10
2/2/2023 11:52,3.3,-7.93,43.94,0,NaN,-1,17,,180,10
2/2/2023 12:52,3.9,-6.22,48.02,0,NaN,2,9,,180,10
2/2/2023 13:52,4.4,-4.51,52.75,0,NaN,2,9,,170,10
2/2/2023 14:52,3.9,-4,56.73,0,NaN,,15,,200,10
2/2/2023 15:52,3.9,-2.89,61.59,0,NaN,1,13,,200,10
2/2/2023 16:52,2.8,-1.77,72.22,0,NaN,-1,13,,210,10
2/2/2023 17:52,2.2,-1.15,78.77,0,NaN,-2,17,,200,10
2/2/2023 18:52,2.2,-0.64,81.7,0,NaN,-1,11,,210,10
2/2/2023 19:52,2.8,-0.65,78.29,0,NaN,-1,19,,200,10
2/2/2023 20:52,2.8,-0.04,81.79,0,NaN,-1,17,,210,10
2/2/2023 21:52,2.8,0.57,85.42,0,NaN,,9,,220,10
2/2/2023 22:52,2.2,-0.03,85.35,0,NaN,-1,13,,200,10
2/2/2023 23:52,1.7,-0.03,88.46,0,NaN,,0,,0,10
2/3/2023 00:52,1.1,-0.63,88.4,0,NaN,,0,,0,8
2/3/2023 01:52,2.2,-2.87,69.47,0,NaN,,9,,310,10
2/3/2023 02:52,3.3,-6.22,50.09,0,NaN,2,6,,250,10
2/3/2023 03:52,3.3,-5.71,52.04,0,NaN,-1,19,,300,10
2/3/2023 04:52,3.3,-5.71,52.04,0,NaN,-3,37,61,300,10
2/3/2023 05:52,2.8,-7.32,47.69,0,NaN,-3,31,48,290,10
2/3/2023 06:52,1.7,-5.7,58.32,0,NaN,-4,26,48,340,10
2/3/2023 07:52,-0.6,-9.52,51.31,0,NaN,-7,28,54,340,10
2/3/2023 08:52,-0.6,-11.84,42.73,0,NaN,-8,43,63,310,10
2/3/2023 09:52,-1.1,-13.45,38.94,0,NaN,-8,33,54,330,10
2/3/2023 10:52,-1.7,-16.26,32.29,0,NaN,-9,35,56,300,10
2/3/2023 11:52,-1.7,-17.36,29.44,0,NaN,-9,37,56,320,10
2/3/2023 12:52,-1.7,-18.46,26.82,0,NaN,-9,37,59,320,10
2/3/2023 13:52,-1.7,-17.36,29.44,0,NaN,-10,50,70,300,10
2/3/2023 14:52,-1.7,-18.46,26.82,0,NaN,-10,41,67,310,10
2/3/2023 15:52,-2.2,-18.46,27.83,0,NaN,-11,43,69,320,10
2/3/2023 16:52,-3.3,-19.06,28.69,0,NaN,-11,35,72,310,10
2/3/2023 17:52,-4.4,-19.05,31.16,0,NaN,-13,37,54,310,10
2/3/2023 18:52,-5,-19.55,31.23,0,NaN,-13,31,52,330,10
2/3/2023 19:52,-6.1,-19.05,35.46,0,NaN,-13,22,39,320,10
2/3/2023 20:52,-6.7,-20.15,33.77,0,NaN,-15,30,54,310,10
2/3/2023 21:52,-7.2,-20.14,35.1,0,NaN,-15,24,43,320,10
2/3/2023 22:52,-7.8,-19.54,38.72,0,NaN,-15,22,33,330,10
2/3/2023 23:52,-8.3,-19.54,40.26,0,NaN,-16,22,37,320,10
2/4/2023 00:52,-8.3,-19.54,40.26,0,NaN,-15,15,,340,10
2/4/2023 01:52,-8.9,-19.03,44.04,0,NaN,-15,15,,330,10
2/4/2023 02:52,-9.4,-18.42,48.22,0,NaN,-17,20,,310,10
2/4/2023 03:52,-10,-17.91,52.76,0,NaN,-15,9,,310,10
2/4/2023 04:52,-10,-17.91,52.76,0,NaN,-14,7,,290,10
2/4/2023 05:52,-9.4,-18.42,48.22,0,NaN,-15,11,,290,10
2/4/2023 06:52,-10.6,-17.91,55.33,0,NaN,-14,6,,170,10
2/4/2023 07:52,-8.9,-17.32,50.9,0,NaN,-13,7,,250,10
2/4/2023 08:52,-7.2,-19.04,38.59,0,NaN,-13,13,,310,10
2/4/2023 09:52,-6.1,-19.05,35.46,0,NaN,-10,7,,20,10
2/4/2023 10:52,-4.4,-19.55,29.85,0,NaN,-8,9,,140,10
2/4/2023 11:52,-3.3,-19.56,27.48,0,NaN,-7,9,,150,10
2/4/2023 12:52,-1.7,-18.46,26.82,0,NaN,-7,17,33,180,10
2/4/2023 13:52,-0.6,-17.95,25.82,0,NaN,-6,19,33,190,10
2/4/2023 14:52,0,-17.36,26,0,NaN,-6,22,33,190,10
2/4/2023 15:52,0,-16.86,27.12,0,NaN,-5,17,,170,10
2/4/2023 16:52,0,-16.86,27.12,0,NaN,-6,22,,190,10
2/4/2023 17:52,-1.1,-16.86,29.39,0,NaN,-7,22,,200,10
2/4/2023 18:52,-1.1,-16.86,29.39,0,NaN,-5,13,,170,10
2/4/2023 19:52,-1.7,-16.26,32.29,0,NaN,-6,13,,170,10
2/4/2023 20:52,-1.1,-15.75,32.22,0,NaN,-6,15,,170,10
2/4/2023 21:52,-0.6,-15.16,32.64,0,NaN,-5,13,,180,10
2/4/2023 22:52,-0.6,-14.55,34.3,0,NaN,-5,13,,180,10
2/4/2023 23:52,-0.6,-14.05,35.74,0,NaN,-4,11,,170,10
2/5/2023 00:52,-0.6,-13.45,37.54,0,NaN,-5,15,,180,10
2/5/2023 01:52,0,-12.34,39.29,0,NaN,-4,15,,190,10
2/5/2023 02:52,0.6,-11.24,41.09,0,NaN,-4,17,,190,10
2/5/2023 03:52,0.6,-10.74,42.76,0,NaN,-4,15,,190,10
2/5/2023 04:52,0.6,-10.13,44.85,0,NaN,-4,15,,190,10
2/5/2023 05:52,1.1,-10.14,43.26,0,NaN,-3,13,,190,10
2/5/2023 06:52,0,-9.53,49.11,0,NaN,-4,13,,190,10
2/5/2023 07:52,1.1,-9.03,47.18,0,NaN,-3,15,,180,10
2/5/2023 08:52,1.7,-8.43,47.36,0,NaN,-3,17,,190,10
2/5/2023 09:52,2.8,-8.43,43.78,0,NaN,-1,19,,200,10
2/5/2023 10:52,5,-7.33,40.85,0,NaN,2,17,,180,10
2/5/2023 11:52,9.4,-6.23,32.9,0,NaN,6,22,35,190,10
2/5/2023 12:52,10,-6.23,31.6,0,NaN,7,22,,190,10
2/5/2023 13:52,12.8,-6.21,26.26,0,NaN,,20,,190,10
2/5/2023 14:52,12.8,-6.21,26.26,0,NaN,,24,35,180,10
2/5/2023 15:52,13.3,-5.71,26.4,0,NaN,,26,35,200,10
2/5/2023 16:52,12.8,-3.41,32.45,0,NaN,,22,35,210,10
2/5/2023 17:52,11.1,-2.91,37.67,0,NaN,,13,,190,10
2/5/2023 18:52,11.7,-1.81,39.28,0,NaN,,20,37,200,10
2/5/2023 19:52,10.6,-1.21,44.15,0,NaN,,22,35,200,10
2/5/2023 20:52,10.6,-1.21,44.15,0,NaN,,22,,210,10
2/5/2023 21:52,10,-0.7,47.67,0,NaN,7,20,37,200,10
2/5/2023 22:52,8.9,-0.09,53.62,0,NaN,7,15,,200,10
2/5/2023 23:52,8.3,0.51,58.32,0,NaN,6,15,,200,10
2/6/2023 00:52,8.3,0.51,58.32,0,NaN,6,15,,200,10
2/6/2023 01:52,8.3,0.51,58.32,0,NaN,6,15,,210,10
2/6/2023 02:52,7.2,0.52,62.86,0,NaN,6,6,,250,10
2/6/2023 03:52,3.9,-0.66,72.44,0,NaN,3,6,,320,10
2/6/2023 04:52,7.2,-0.69,57.61,0,NaN,3,26,,300,10
2/6/2023 05:52,6.7,-1.19,57.48,0,NaN,4,17,,290,10
2/6/2023 06:52,5.6,-1.79,59.34,0,NaN,3,11,,300,10
2/6/2023 07:52,5.6,-1.18,62.02,0,NaN,4,9,,310,10
2/6/2023 08:52,10,-0.1,49.8,0,NaN,8,17,,320,10
2/6/2023 09:52,10.6,-0.1,47.84,0,NaN,,31,44,320,10
2/6/2023 10:52,10.6,-0.1,47.84,0,NaN,,24,48,340,10
2/6/2023 11:52,9.4,-0.1,51.84,0,NaN,6,28,48,330,10
2/6/2023 12:52,10,-0.7,47.67,0,NaN,7,28,50,330,10
2/6/2023 13:52,9.4,-0.7,49.63,0,NaN,6,28,43,320,10
2/6/2023 14:52,8.9,-1.81,47.35,0,NaN,5,30,43,330,10
2/6/2023 15:52,8.9,-1.81,47.35,0,NaN,6,24,39,340,10
2/6/2023 16:52,8.3,-1.81,49.31,0,NaN,5,24,37,350,10
2/6/2023 17:52,7.2,-1.8,53.15,0,NaN,4,22,,320,10
2/6/2023 18:52,6.7,-1.8,55,0,NaN,3,19,,330,10
2/6/2023 19:52,5.6,-1.79,59.34,0,NaN,2,20,,320,10
2/6/2023 20:52,3.9,-2.89,61.59,0,NaN,1,11,,320,10
2/6/2023 21:52,3.3,-2.89,64.25,0,NaN,,11,,340,10
2/6/2023 22:52,2.2,-3.38,66.93,0,NaN,1,6,,340,10
2/6/2023 23:52,0.6,-3.97,71.78,0,NaN,-2,9,,320,10
2/7/2023 00:52,-1.1,-4.45,78.24,0,NaN,-3,6,,290,10
2/7/2023 01:52,-1.7,-4.44,81.77,0,NaN,-4,6,,290,10
2/7/2023 02:52,-2.8,-5.04,84.77,0,NaN,,0,,0,10
2/7/2023 03:52,-2.8,-5.65,80.99,0,NaN,,0,,0,10
2/7/2023 04:52,-3.9,-5.63,87.93,0,NaN,,0,,0,8
2/7/2023 05:52,-4.4,-6.13,87.88,0,NaN,,0,,0,8
2/7/2023 06:52,-3.9,-5.63,87.93,0,NaN,-7,7,,190,8
2/7/2023 07:52,-1.7,-3.94,84.9,0,NaN,,0,,0,7
2/7/2023 08:52,1.1,-2.25,78.59,0,NaN,-1,6,,190,9
2/7/2023 09:52,3.9,-1.78,66.82,0,NaN,1,11,,190,10
2/7/2023 10:52,5,-2.29,59.62,0,NaN,2,11,,150,10
2/7/2023 11:52,7.2,-1.2,55.54,0,NaN,5,15,,170,10
2/7/2023 12:52,8.3,-1.2,51.53,0,NaN,5,19,,170,10
2/7/2023 13:52,10,-1.2,45.96,0,NaN,7,22,37,190,10
2/7/2023 14:52,11.1,-0.7,44.3,0,NaN,,22,33,200,10
2/7/2023 15:52,10.6,-0.7,45.8,0,NaN,,17,33,180,10
2/7/2023 16:52,10.6,-0.7,45.8,0,NaN,,9,,190,10
2/7/2023 17:52,10,-0.1,49.8,0,NaN,9,9,,180,10
2/7/2023 18:52,10,-0.1,49.8,0,NaN,9,7,,180,10
2/7/2023 19:52,9.4,-0.1,51.84,0,NaN,8,7,,170,10
2/7/2023 20:52,9.4,-0.1,51.84,0,NaN,8,11,,190,10
2/7/2023 21:52,8.3,0.51,58.32,0,NaN,8,6,,200,10
2/7/2023 22:52,8.9,1.01,58.06,0,NaN,,0,,0,10
2/7/2023 23:52,8.9,0.51,56,0,NaN,,0,,0,10
2/8/2023 00:52,7.8,1.63,65.31,0,NaN,7,7,,340,10
2/8/2023 01:52,6.7,1.03,67.44,0,NaN,,0,,0,10
2/8/2023 02:52,6.7,1.64,70.41,0,NaN,,0,,0,10
2/8/2023 03:52,7.2,1.63,68.04,0,NaN,,0,,0,10
2/8/2023 04:52,6.7,1.64,70.41,0,NaN,,0,,0,10
2/8/2023 05:52,5,0.54,73.18,0,NaN,,0,,0,10
2/8/2023 06:52,5,1.05,75.86,0,NaN,,0,,0,10
2/8/2023 07:52,6.1,2.15,76.05,0,NaN,,0,,0,10
2/8/2023 08:52,10.6,3.23,60.61,0,NaN,,6,,140,10
2/8/2023 09:52,15.6,5.53,51.37,0,NaN,,17,,310,10
2/8/2023 10:52,16.1,3.82,44.19,0,NaN,,17,,320,10
2/8/2023 11:52,16.1,2.72,40.88,0,NaN,,15,,290,10
2/8/2023 12:52,17.8,2.73,36.71,0,NaN,,15,,330,10
2/8/2023 13:52,18.3,1.63,32.89,0,NaN,,11,,330,10
2/8/2023 14:52,18.3,-0.67,27.85,0,NaN,,11,,320,10
2/8/2023 15:52,18.9,-1.16,25.87,0,NaN,,13,,350,10
2/8/2023 16:52,17.2,-2.28,26.54,0,NaN,,11,,20,10
2/8/2023 17:52,13.9,-2.91,31.35,0,NaN,,9,,20,10
2/8/2023 18:52,9.4,-0.7,49.63,0,NaN,9,6,,130,10
2/8/2023 19:52,7.8,-0.69,55.3,0,NaN,7,7,,100,10
2/8/2023 20:52,6.7,-0.08,62.29,0,NaN,,0,,0,10
2/8/2023 21:52,6.1,-0.08,64.92,0,NaN,,0,,0,10
2/8/2023 22:52,6.1,-0.68,62.14,0,NaN,,0,,0,10
2/8/2023 23:52,5.6,-0.07,67.2,0,NaN,,0,,0,10
2/9/2023 00:52,5,-0.07,70.06,0,NaN,,0,,0,10
2/9/2023 01:52,5.6,1.04,72.76,0,NaN,,0,,0,10
2/9/2023 02:52,6.1,1.03,70.29,0,NaN,,0,,0,10
2/9/2023 03:52,6.7,1.64,70.41,0,NaN,6,6,,100,10
2/9/2023 04:52,8.3,2.13,65.42,0,NaN,,0,,0,10
2/9/2023 05:52,8.9,3.23,67.92,0,NaN,8,7,,120,10
2/9/2023 06:52,8.3,3.85,73.79,0,NaN,8,6,,150,10
2/9/2023 07:52,10,3.83,65.81,0,NaN,9,9,,170,10
2/9/2023 08:52,11.1,4.33,63.34,0,NaN,,13,,190,10
2/9/2023 09:52,12.2,4.93,61.43,0,NaN,,15,,170,10
2/9/2023 10:52,14.4,5.53,55.49,0,NaN,,13,,170,10
2/9/2023 11:52,16.7,7.14,53.48,0,NaN,,15,,170,10
2/9/2023 12:52,17.2,7.74,53.98,0,NaN,,22,41,190,10
2/9/2023 13:52,19.4,8.25,48.65,0,NaN,,22,37,170,10
2/9/2023 14:52,18.9,8.85,52.27,0,NaN,,19,39,170,10
2/9/2023 15:52,20.6,8.86,47.05,0,NaN,,13,31,170,10
2/9/2023 16:52,20.6,9.36,48.66,0,NaN,,19,41,200,10
2/9/2023 17:52,20,9.96,52.57,0,NaN,,19,35,190,10
2/9/2023 18:52,20.6,11.06,54.51,0,NaN,,20,37,190,10
2/9/2023 19:52,20,11.06,56.56,0,NaN,,24,37,200,10
2/9/2023 20:52,19.4,11.66,61.08,0,NaN,,26,44,190,10
2/9/2023 21:52,18.9,11.66,63.01,0,NaN,,24,41,200,10
2/9/2023 22:52,18.3,12.17,67.61,0,NaN,,26,,190,10
2/9/2023 23:52,18.3,12.17,67.61,0,NaN,,28,41,210,10
2/10/2023 00:52,18.3,12.17,67.61,0,NaN,,26,,210,10
2/10/2023 01:52,17.8,11.66,67.51,0,NaN,,20,,200,10
2/10/2023 02:52,17.2,11.06,67.38,0,NaN,,22,,210,10
2/10/2023 03:52,16.1,10.56,69.89,0,NaN,,19,,210,10
2/10/2023 04:52,15.6,9.35,66.59,0,NaN,,13,,220,10
2/10/2023 05:52,14.4,7.75,64.55,0,NaN,,19,,300,10
2/10/2023 06:52,12.2,2.72,52.62,0,NaN,,24,48,330,10
2/10/2023 07:52,11.7,2.11,52.11,0,NaN,,30,46,320,10
2/10/2023 08:52,13.3,1.61,45.27,0,NaN,,15,,310,10
2/10/2023 09:52,13.9,1.61,43.54,0,NaN,,24,,320,10
2/10/2023 10:52,13.3,1,43.36,0,NaN,,26,43,300,10
2/10/2023 11:52,14.4,-0.1,37.29,0,NaN,,30,48,320,10
2/10/2023 12:52,14.4,-0.7,35.7,0,NaN,,33,46,320,10
2/10/2023 13:52,14.4,-0.7,35.7,0,NaN,,28,41,320,10
2/10/2023 14:52,14.4,-1.2,34.41,0,NaN,,26,48,330,10
2/10/2023 15:52,13.9,-1.8,34.01,0,NaN,,31,46,310,10
2/10/2023 16:52,12.8,-1.2,38.19,0,NaN,,24,43,330,10
2/10/2023 17:52,10.6,-1.21,44.15,0,NaN,,22,44,330,10
2/10/2023 18:52,9.4,-1.81,45.78,0,NaN,5,35,57,330,10
2/10/2023 19:52,8.3,-1.2,51.53,0,NaN,4,31,44,330,10
2/10/2023 20:52,7.8,-1.81,51.01,0,NaN,6,13,,320,10
2/10/2023 21:52,6.1,-1.19,59.91,0,NaN,,0,,0,10
2/10/2023 22:52,7.2,-1.8,53.15,0,NaN,5,9,,290,10
2/10/2023 23:52,7.8,-2.31,49.16,0,NaN,4,24,,300,10
2/11/2023 00:52,7.8,-2.91,47.02,0,NaN,4,22,,300,10
2/11/2023 01:52,7.2,-3.41,47.2,0,NaN,4,22,,320,10
2/11/2023 02:52,6.7,-4.02,46.7,0,NaN,2,30,46,310,10
2/11/2023 03:52,5.6,-5.12,46.37,0,NaN,2,19,,330,10
2/11/2023 04:52,4.4,-6.22,46.36,0,NaN,1,19,41,310,10
2/11/2023 05:52,3.9,-6.22,48.02,0,NaN,,20,,310,10
2/11/2023 06:52,3.3,-6.82,47.84,0,NaN,-1,19,,320,10
2/11/2023 07:52,3.3,-6.82,47.84,0,NaN,,13,30,320,10
2/11/2023 08:52,4.4,-6.83,44.28,0,NaN,,24,37,310,10
2/11/2023 09:52,6.1,-6.83,39.34,0,NaN,3,19,46,330,10
2/11/2023 10:52,6.1,-7.94,36.13,0,NaN,3,15,,340,10
2/11/2023 11:52,7.8,-7.33,33.69,0,NaN,6,13,,340,10
2/11/2023 12:52,8.3,-7.33,32.56,0,NaN,6,15,,350,10
2/11/2023 13:52,8.9,-7.94,29.84,0,NaN,6,17,,340,10
2/11/2023 14:52,8.9,-7.94,29.84,0,NaN,7,11,,10,10
2/11/2023 15:52,8.9,-7.94,29.84,0,NaN,7,13,,310,10
2/11/2023 16:52,8.3,-7.33,32.56,0,NaN,7,9,,300,10
2/11/2023 17:52,5.6,-6.23,42.64,0,NaN,5,6,,260,10
2/11/2023 18:52,3.3,-5.11,54.47,0,NaN,,0,,0,10
2/11/2023 19:52,2.8,-4.5,59.05,0,NaN,,0,,0,10
2/11/2023 20:52,2.8,-5.1,56.43,0,NaN,,0,,0,10
2/11/2023 21:52,2.8,-4.5,59.05,0,NaN,1,6,,220,10
2/11/2023 22:52,4.4,-5.72,48.17,0,NaN,3,6,,160,10
2/11/2023 23:52,3.3,-4.5,57,0,NaN,2,6,,160,10
2/12/2023 00:52,2.2,-3.99,63.99,0,NaN,,0,,0,10
2/12/2023 01:52,2.2,-3.38,66.93,0,NaN,,0,,0,10
2/12/2023 02:52,1.7,-2.26,75.28,0,NaN,,0,,0,10
2/12/2023 03:52,2.8,-2.27,69.6,0,NaN,,0,,0,10
2/12/2023 04:52,2.8,-1.77,72.22,0,NaN,,0,,0,10
2/12/2023 05:52,2.8,-1.16,75.48,0,NaN,,0,,0,10
2/12/2023 06:52,3.3,-2.28,67.18,0,NaN,,0,,0,10
2/12/2023 07:52,3.9,-1.78,66.82,0,NaN,3,6,,100,10
2/12/2023 08:52,5,-1.79,61.87,0,NaN,3,7,,20,10
2/12/2023 09:52,5,-1.79,61.87,2.54,NaN,3,7,,30,10
2/12/2023 10:52,5,-1.79,61.87,2.54,NaN,2,15,,30,10
2/12/2023 11:52,5.6,-0.68,64.33,2.54,NaN,3,13,,60,10
2/12/2023 12:52,5,-0.07,70.06,50.8,NaN,3,9,,70,10
2/12/2023 13:52,4.4,-0.06,73.06,127,NaN,1,13,,30,6
2/12/2023 14:52,3.3,1.07,85.48,381,NaN,,13,,30,5
2/12/2023 15:52,3.3,0.56,82.45,355.6,NaN,-1,17,,30,6
2/12/2023 16:52,2.8,0.57,85.42,304.8,NaN,-1,17,,10,4
2/12/2023 17:52,3.3,0.56,82.45,101.6,NaN,-1,20,,360,10
2/12/2023 18:52,3.3,1.07,85.48,254,NaN,-1,19,,360,7
2/12/2023 19:52,2.8,0.57,85.42,279.4,NaN,-2,26,39,360,7
2/12/2023 20:52,3.3,0.56,82.45,177.8,NaN,-1,22,35,350,8
2/12/2023 21:52,3.3,0.56,82.45,127,NaN,-2,26,39,350,8
2/12/2023 22:52,2.8,0.57,85.42,127,NaN,-2,24,37,360,8
2/12/2023 23:52,2.8,0.57,85.42,101.6,NaN,-2,22,,340,9
2/13/2023 00:52,3.3,-0.66,75.57,101.6,NaN,-2,26,41,360,10
2/13/2023 01:52,3.3,0.56,82.45,76.2,NaN,,13,,330,10
2/13/2023 02:52,2.8,-1.16,75.48,2.54,NaN,,11,,330,10
2/13/2023 03:52,3.3,-2.89,64.25,0,NaN,,13,,330,10
2/13/2023 04:52,2.8,-3.99,61.32,0,NaN,-1,15,,330,10
2/13/2023 05:52,3.3,-5.11,54.47,0,NaN,-1,17,,320,10
2/13/2023 06:52,3.3,-5.71,52.04,0,NaN,1,9,,340,10
2/13/2023 07:52,4.4,-6.22,46.36,0,NaN,3,7,,330,10
2/13/2023 08:52,6.7,-5.12,42.98,0,NaN,5,9,,310,10
2/13/2023 09:52,9.4,-4.52,37.43,0,NaN,6,24,33,320,10
2/13/2023 10:52,11.7,-5.72,29.32,0,NaN,,17,28,320,10
2/13/2023 11:52,11.7,-5.72,29.32,0,NaN,,15,,340,10
2/13/2023 12:52,12.2,-7.32,25.09,0,NaN,,19,,290,10
2/13/2023 13:52,11.1,-6.82,28.05,0,NaN,,9,,280,10
2/13/2023 14:52,11.1,-8.42,24.78,0,NaN,,9,,230,10
2/13/2023 15:52,11.7,-7.32,25.93,0,NaN,,19,,210,10
2/13/2023 16:52,11.7,-5.12,30.69,0,NaN,,26,37,210,10
2/13/2023 17:52,8.9,-4.53,38.71,0,NaN,7,15,,210,10
2/13/2023 18:52,7.2,-4.52,43.46,0,NaN,5,13,,210,10
2/13/2023 19:52,6.7,-4.52,44.97,0,NaN,4,13,,220,10
2/13/2023 20:52,6.7,-4.52,44.97,0,NaN,5,9,,230,10
2/13/2023 21:52,7.2,-4.52,43.46,0,NaN,5,9,,250,10
2/13/2023 22:52,7.8,-5.13,39.86,0,NaN,7,7,,280,10
2/13/2023 23:52,9.4,-4.52,37.43,0,NaN,6,24,,310,10
2/14/2023 00:52,8.9,-5.13,37,0,NaN,7,9,,330,10
2/14/2023 01:52,6.1,-4.52,46.87,0,NaN,5,6,,110,10
2/14/2023 02:52,3.3,-4,59.18,0,NaN,2,6,,280,10
2/14/2023 03:52,1.7,-4.49,63.87,0,NaN,,0,,0,10
2/14/2023 04:52,0.6,-4.48,69.13,0,NaN,,0,,0,10
2/14/2023 05:52,0,-4.47,72.2,0,NaN,,0,,0,10
2/14/2023 06:52,-1.1,-4.45,78.24,0,NaN,-4,7,,110,10
2/14/2023 07:52,0,-3.35,78.42,0,NaN,-2,6,,250,10
2/14/2023 08:52,6.7,-1.19,57.48,0,NaN,,0,,0,10
2/14/2023 09:52,10.6,-2.92,38.94,0,NaN,,6,,40,10
2/14/2023 11:52,13.3,-3.41,31.41,0,NaN,,6,,0,10
2/14/2023 12:52,13.9,-5.1,26.58,0,NaN,,0,,0,10
2/14/2023 13:52,15,-4.5,25.9,0,NaN,,9,,0,10
2/14/2023 14:52,16.1,-5.69,22.04,0,NaN,,17,,220,10
2/14/2023 15:52,16.1,-4.49,24.14,0,NaN,,11,,190,10
2/14/2023 16:52,15,-4,26.9,0,NaN,,9,,170,10
2/14/2023 17:52,12.8,-2.31,35.21,0,NaN,,9,,120,10
2/14/2023 18:52,11.7,-2.31,37.85,0,NaN,,9,,140,10
2/14/2023 19:52,11.7,-1.81,39.28,0,NaN,,13,,140,10
2/14/2023 20:52,11.7,-1.81,39.28,0,NaN,,13,,160,10
2/14/2023 21:52,10.6,-0.7,45.8,0,NaN,,9,,150,10
2/14/2023 22:52,10,-0.1,49.8,0,NaN,8,15,,150,10
2/14/2023 23:52,10,-0.7,47.67,0,NaN,8,11,,150,10
2/15/2023 00:52,10,-0.1,49.8,0,NaN,8,11,,160,10
2/15/2023 01:52,10,0.51,52.01,0,NaN,8,11,,160,10
2/15/2023 02:52,10,0.51,52.01,0,NaN,9,7,,0,10
2/15/2023 03:52,10,1.01,53.92,0,NaN,9,9,,170,10
2/15/2023 04:52,10,1.01,53.92,0,NaN,8,13,,200,10
2/15/2023 05:52,10,1.62,56.3,0,NaN,8,15,,160,10
2/15/2023 06:52,10,2.12,58.34,2.54,NaN,8,15,30,180,10
2/15/2023 07:52,10,3.23,63.08,2.54,NaN,8,15,,180,10
2/15/2023 08:52,11.1,3.83,61.16,0,NaN,,19,,190,10
2/15/2023 09:52,11.7,4.93,63.48,0,NaN,,22,,200,10
2/15/2023 10:52,13.9,5.53,57.32,0,NaN,,20,37,190,10
2/15/2023 11:52,16.1,6.03,51.51,0,NaN,,20,,180,10
2/15/2023 12:52,17.2,6.04,48.04,0,NaN,,26,37,190,10
2/15/2023 13:52,18.9,6.04,43.18,0,NaN,,22,44,190,10
2/15/2023 14:52,19.4,5.54,40.43,0,NaN,,28,46,210,10
2/15/2023 15:52,21.1,6.06,37.69,0,NaN,,22,35,200,10
2/15/2023 16:52,20,4.95,37.36,0,NaN,,20,35,200,10
2/15/2023 17:52,19.4,4.94,38.78,0,NaN,,17,,200,10
2/15/2023 18:52,18.9,4.34,38.36,0,NaN,,20,,200,10
2/15/2023 19:52,18.9,4.34,38.36,0,NaN,,24,43,210,10
2/15/2023 20:52,17.8,5.54,44.68,0,NaN,,22,,210,10
2/15/2023 21:52,16.7,6.03,49.58,0,NaN,,20,,210,10
2/15/2023 22:52,15.6,6.03,53.18,0,NaN,,19,,200,10
2/15/2023 23:52,13.3,6.64,64.3,0,NaN,,15,,190,10
2/16/2023 00:52,12.8,6.64,66.43,0,NaN,,15,,190,10
2/16/2023 01:52,12.2,6.65,69.1,0,NaN,,17,,190,10
2/16/2023 02:52,11.7,6.65,71.41,0,NaN,,13,,200,10
2/16/2023 03:52,11.7,6.65,71.41,0,NaN,,9,,180,10
2/16/2023 04:52,11.1,7.16,76.89,0,NaN,,11,,180,10
2/16/2023 05:52,11.1,7.16,76.89,0,NaN,,0,,0,10
2/16/2023 06:52,8.9,6.67,86.08,0,NaN,,0,,0,10
2/16/2023 07:52,8.9,6.67,86.08,0,NaN,,0,,0,10
2/16/2023 08:52,12.2,8.87,80.27,0,NaN,,0,,0,10
2/16/2023 09:52,13.9,9.36,74.3,0,NaN,,7,,160,10
2/16/2023 10:52,15.6,9.96,69.32,0,NaN,,11,,150,10
2/16/2023 11:52,14.4,11.07,80.58,25.4,NaN,,13,31,220,5
2/16/2023 12:52,13.3,12.19,93.05,635,NaN,,0,,0,5
2/16/2023 13:52,13.3,12.19,93.05,355.6,NaN,,11,,140,4
2/16/2023 14:52,13.9,12.79,93.09,101.6,NaN,,0,,0,10
2/16/2023 15:52,13.9,12.79,93.09,2.54,NaN,,9,,150,10
2/16/2023 16:52,13.9,12.79,93.09,2.54,NaN,,6,,150,10
2/16/2023 17:52,13.3,12.8,96.79,0,NaN,,0,,0,10
2/16/2023 18:52,12.8,11.69,93.03,0,NaN,,0,,0,6
2/16/2023 19:52,13.3,12.8,96.79,0,NaN,,0,,0,5
2/16/2023 20:52,12.8,12.19,96.14,0,NaN,,9,,310,3
2/16/2023 21:52,12.2,12.2,100,25.4,NaN,,9,,310,2
2/16/2023 22:52,12.8,12.19,96.14,25.4,NaN,,17,,140,2
2/16/2023 23:52,13.9,12.18,89.49,0,NaN,,15,,180,10
2/17/2023 00:52,13.3,12.8,96.79,0,NaN,,11,,180,10
2/17/2023 01:52,13.9,12.18,89.49,0,NaN,,7,,200,10
2/17/2023 02:52,15,12.78,86.7,25.4,NaN,,9,28,0,10
2/17/2023 03:52,14.4,12.79,90.12,2.54,NaN,,17,28,190,10
2/17/2023 04:52,14.4,12.79,90.12,177.8,NaN,,15,,210,7
2/17/2023 05:52,15,13.29,89.58,330.2,NaN,,11,,210,6
2/17/2023 06:52,15,13.89,93.14,279.4,NaN,,11,,180,5
2/17/2023 07:52,15,14.4,96.21,431.8,NaN,,15,,180,2.5
2/17/2023 08:52,15.6,14.39,92.58,25.4,NaN,,17,37,190,6
2/17/2023 09:52,16.1,14.99,93.2,2.54,NaN,,17,,240,7
2/17/2023 10:52,11.7,7.76,76.99,2.54,NaN,,31,61,310,10
2/17/2023 11:52,11.1,6.05,71.29,2.54,NaN,,26,44,320,10
2/17/2023 12:52,10.6,3.23,60.61,2.54,NaN,,31,50,320,10
2/17/2023 13:52,10.6,3.83,63.23,0,NaN,,30,44,340,10
2/17/2023 14:52,9.4,1.62,58.61,0,NaN,5,35,54,330,10
2/17/2023 15:52,6.7,-1.8,55,0,NaN,1,44,63,320,10
2/17/2023 16:52,6.1,-2.9,52.84,0,NaN,,54,93,310,10
2/17/2023 17:52,4.4,-4.51,52.75,0,NaN,-2,41,61,310,10
2/17/2023 18:52,3.3,-5.71,52.04,0,NaN,-3,44,61,310,10
2/17/2023 19:52,2.8,-6.82,49.56,0,NaN,-3,35,52,320,10
2/17/2023 20:52,2.8,-6.82,49.56,0,NaN,-2,24,39,330,10
2/17/2023 21:52,1.7,-6.81,53.61,0,NaN,-5,39,56,300,10
2/17/2023 22:52,1.1,-7.31,53.85,0,NaN,-5,35,61,320,10
2/17/2023 23:52,0,-9.02,51.08,0,NaN,-7,33,52,330,10
2/18/2023 00:52,-0.6,-9.02,53.36,0,NaN,-8,33,46,320,10
2/18/2023 01:52,-1.1,-10.12,50.76,0,NaN,-7,24,39,320,10
2/18/2023 02:52,-1.7,-10.12,53.05,0,NaN,-7,19,33,330,10
2/18/2023 03:52,-1.7,-10.72,50.58,0,NaN,-8,22,39,330,10
2/18/2023 04:52,-2.2,-10.11,55.04,0,NaN,-7,17,,330,10
2/18/2023 05:52,-2.2,-10.72,52.48,0,NaN,-7,17,,330,10
2/18/2023 06:52,-3.3,-10.71,56.95,0,NaN,-7,9,,330,10
2/18/2023 07:52,-1.7,-10.12,53.05,0,NaN,-4,6,,320,10
2/18/2023 08:52,-0.6,-10.13,48.93,0,NaN,-5,15,,310,10
2/18/2023 09:52,1.1,-9.53,45.36,0,NaN,-3,17,33,310,10
2/18/2023 10:52,2.2,-9.03,43.6,0,NaN,-2,17,,310,10
2/18/2023 11:52,4.4,-8.44,39.11,0,NaN,1,17,,310,10
2/18/2023 12:52,5,-8.44,37.51,0,NaN,2,13,,300,10
2/18/2023 13:52,6.7,-8.44,33.35,0,NaN,4,17,28,250,10
2/18/2023 14:52,7.8,-9.54,28.37,0,NaN,6,13,,290,10
2/18/2023 15:52,8.9,-9.54,26.33,0,NaN,7,9,,0,10
2/18/2023 16:52,7.8,-6.83,35.01,0,NaN,5,19,,200,10
2/18/2023 17:52,5.6,-6.23,42.64,0,NaN,3,11,,190,10
2/18/2023 18:52,5,-6.83,42.46,0,NaN,3,9,,180,10
2/18/2023 19:52,2.8,-6.21,51.9,0,NaN,1,7,,170,10
2/18/2023 20:52,0.6,-5.08,66.06,0,NaN,-2,7,,180,10
2/18/2023 21:52,0,-5.08,69,0,NaN,-2,6,,210,10
2/18/2023 22:52,0.6,-5.69,63.12,0,NaN,,0,,0,10
2/18/2023 23:52,0,-4.47,72.2,0,NaN,,0,,0,10
2/19/2023 00:52,0,-3.96,74.97,0,NaN,,0,,0,10
2/19/2023 01:52,2.2,-5.1,58.89,0,NaN,1,6,,160,10
2/19/2023 02:52,1.1,-4.48,66.68,0,NaN,-1,6,,180,10
2/19/2023 03:52,0,-3.96,74.97,0,NaN,-3,7,,180,10
2/19/2023 04:52,0,-3.96,74.97,0,NaN,,0,,0,10
2/19/2023 05:52,2.2,-4.49,61.63,0,NaN,,7,,150,10
2/19/2023 06:52,1.7,-4.49,63.87,0,NaN,-1,9,,180,10
2/19/2023 07:52,2.8,-3.39,64.13,0,NaN,-1,15,,180,10
2/19/2023 08:52,4.4,-3.4,57.29,0,NaN,1,15,,180,10
2/19/2023 09:52,7.2,-2.91,48.99,0,NaN,4,22,37,190,10
2/19/2023 10:52,8.9,-2.92,43.64,0,NaN,6,22,33,180,10
2/19/2023 11:52,11.7,-2.92,36.2,0,NaN,,30,46,190,10
2/19/2023 12:52,15.6,-4.49,24.93,0,NaN,,33,52,190,10
2/19/2023 13:52,15.6,-6.19,21.91,0,NaN,,28,46,180,10
2/19/2023 14:52,17.2,-6.77,18.9,0,NaN,,26,39,180,10
2/19/2023 15:52,16.7,-5.68,21.22,0,NaN,,22,43,180,10
2/19/2023 16:52,16.7,-0.08,32.19,0,NaN,,33,52,190,10
2/19/2023 17:52,15.6,1.62,39.03,0,NaN,,22,41,180,10
2/19/2023 18:52,15,3.22,45.45,0,NaN,,22,37,180,10
2/19/2023 19:52,13.9,3.82,50.9,0,NaN,,26,43,190,10
2/19/2023 20:52,13.3,4.93,57.16,0,NaN,,30,46,200,10
2/19/2023 21:52,12.8,6.04,63.74,0,NaN,,26,,190,10
2/19/2023 22:52,12.2,6.04,66.3,0,NaN,,19,,180,10
2/19/2023 23:52,11.1,6.05,71.29,0,NaN,,15,,200,10
2/20/2023 00:52,10.6,5.55,71.19,0,NaN,,13,,200,10
2/20/2023 01:52,10,4.95,71.08,0,NaN,8,11,,200,10
2/20/2023 02:52,9.4,4.95,73.99,0,NaN,8,11,,200,10
2/20/2023 03:52,8.9,4.95,76.53,0,NaN,7,9,,200,10
2/20/2023 04:52,8.9,4.95,76.53,0,NaN,7,9,,190,10
2/20/2023 05:52,8.3,4.35,76.43,0,NaN,6,13,,190,10
2/20/2023 06:52,8.9,4.35,73.39,0,NaN,6,17,,200,10
2/20/2023 07:52,8.3,4.35,76.43,0,NaN,6,17,,180,10
2/20/2023 08:52,9.4,4.34,70.96,0,NaN,7,13,,190,10
2/20/2023 09:52,11.1,4.33,63.34,0,NaN,,13,,200,10
2/20/2023 10:52,13.3,4.32,54.81,0,NaN,,15,,200,10
2/20/2023 11:52,15.6,3.22,43.73,0,NaN,,13,,220,10
2/20/2023 12:52,15.6,2.72,42.21,0,NaN,,13,,210,10
2/20/2023 13:52,15,2.72,43.87,0,NaN,,17,,220,10
2/20/2023 14:52,15,3.22,45.45,0,NaN,,15,,190,10
2/20/2023 15:52,15,3.82,47.41,0,NaN,,11,,180,10
2/20/2023 16:52,14.4,4.32,51.04,0,NaN,,11,,200,10
2/20/2023 17:52,14.4,3.82,49.28,0,NaN,,11,,220,10
2/20/2023 18:52,12.8,3.82,54.68,0,NaN,,6,,230,10
2/20/2023 19:52,10,3.23,63.08,0,NaN,9,9,,150,10
2/20/2023 20:52,7.8,3.24,73.18,0,NaN,,0,,0,10
2/20/2023 21:52,9.4,3.23,65.67,0,NaN,8,9,,180,10
2/20/2023 22:52,11.1,4.94,66.05,2.54,NaN,,17,,180,10
2/20/2023 23:52,11.1,4.94,66.05,2.54,NaN,,11,,200,10
2/21/2023 00:52,10.6,5.55,71.19,0,NaN,,11,,200,10
2/21/2023 01:52,10.6,5.55,71.19,0,NaN,,13,,200,10
2/21/2023 02:52,8.3,5.57,83.1,25.4,NaN,5,20,41,360,6
2/21/2023 03:52,7.8,6.08,88.99,25.4,NaN,6,11,,320,10
2/21/2023 04:52,6.1,4.38,88.85,0,NaN,,0,,0,10
2/21/2023 05:52,5,3.88,92.59,0,NaN,3,7,,150,10
2/21/2023 06:52,3.3,2.79,96.52,0,NaN,,0,,0,5
2/21/2023 07:52,4.4,3.89,96.55,0,NaN,,0,,0,5
2/21/2023 08:52,8.3,6.07,86.02,0,NaN,,0,,0,10
2/21/2023 09:52,10,7.17,82.74,0,NaN,8,15,,200,10
2/21/2023 10:52,12.2,6.65,69.1,0,NaN,,13,,180,10
2/21/2023 11:52,15,6.03,55.27,0,NaN,,19,,180,10
2/21/2023 12:52,15.6,4.32,47.25,0,NaN,,22,35,220,10
2/21/2023 13:52,16.1,0.51,34.92,0,NaN,,30,43,300,10
2/21/2023 14:52,16.7,1.62,36.39,0,NaN,,28,44,310,10
2/21/2023 15:52,16.7,2.12,37.71,0,NaN,,28,41,290,10
2/21/2023 16:52,15,1.01,38.85,0,NaN,,19,35,310,10
2/21/2023 17:52,14.4,-1.8,32.93,0,NaN,,24,39,300,10
2/21/2023 18:52,12.8,-2.31,35.21,0,NaN,,13,,300,10
2/21/2023 19:52,12.2,-2.91,35.03,0,NaN,,13,,330,10
2/21/2023 20:52,11.7,-2.92,36.2,0,NaN,,22,39,310,10
2/21/2023 21:52,11.1,-4.52,33.42,0,NaN,,6,,350,10
2/21/2023 22:52,10,-7.93,27.72,0,NaN,9,9,,340,10
2/21/2023 23:52,7.2,-6.84,36.47,0,NaN,5,9,,300,10
2/22/2023 00:52,7.8,-7.33,33.69,0,NaN,6,11,,330,10
2/22/2023 01:52,3.9,-5.11,52.21,0,NaN,,0,,0,10
2/22/2023 02:52,3.9,-5.72,49.89,0,NaN,2,7,,60,10
2/22/2023 03:52,1.7,-4.49,63.87,0,NaN,,0,,0,10
2/22/2023 04:52,2.8,-3.39,64.13,0,NaN,1,6,,130,10
2/22/2023 05:52,4.4,-2.89,59.47,0,NaN,,0,,0,10
2/22/2023 06:52,4.4,-2.29,62.18,0,NaN,3,7,,270,10
2/22/2023 07:52,5.6,-2.3,57.19,0,NaN,5,6,,120,10
2/22/2023 08:52,6.1,-0.08,64.92,2.54,NaN,5,6,,150,7
2/22/2023 09:52,7.2,0.52,62.86,25.4,NaN,6,6,,150,10
2/22/2023 10:52,8.3,-0.7,53.45,2.54,NaN,7,7,,90,10
2/22/2023 11:52,10,-0.7,47.67,0,NaN,8,13,,130,10
2/22/2023 12:52,11.7,-0.7,42.58,0,NaN,,17,35,130,10
2/22/2023 13:52,11.7,-0.7,42.58,0,NaN,,19,,150,10
2/22/2023 14:52,11.7,-0.1,44.48,0,NaN,,11,,120,10
2/22/2023 15:52,12.2,0.5,44.95,0,NaN,,9,,130,10
2/22/2023 16:52,11.7,-0.7,42.58,0,NaN,,15,,100,10
2/22/2023 17:52,10.6,-0.7,45.8,0,NaN,,11,,130,10
2/22/2023 18:52,10.6,-0.7,45.8,0,NaN,,9,,140,10
2/22/2023 19:52,10,-0.1,49.8,0,NaN,10,6,,150,10
2/22/2023 20:52,10,1.62,56.3,0,NaN,,0,,0,10
2/22/2023 21:52,6.1,1.03,70.29,0,NaN,5,7,,180,10
2/22/2023 22:52,7.2,1.03,65.17,0,NaN,6,7,,140,10
2/22/2023 23:52,8.3,1.62,63.13,0,NaN,7,9,,160,10
2/23/2023 00:52,8.9,1.62,60.61,2.54,NaN,8,6,,110,10
2/23/2023 01:52,8.3,1.62,63.13,2.54,NaN,,0,,0,10
2/23/2023 02:52,7.2,2.74,73.59,0,NaN,,0,,0,10
2/23/2023 03:52,6.1,2.15,76.05,0,NaN,,0,,0,10
2/23/2023 04:52,6.7,2.75,76.16,0,NaN,5,9,,350,10
2/23/2023 05:52,7.8,3.85,76.34,0,NaN,5,15,,350,10
2/23/2023 06:52,7.8,3.85,76.34,2.54,NaN,6,9,,160,10
2/23/2023 07:52,8.9,4.35,73.39,2.54,NaN,7,9,,320,10
2/23/2023 08:52,8.9,4.95,76.53,0,NaN,8,6,,300,10
2/23/2023 09:52,11.1,4.94,66.05,0,NaN,,0,,0,10
2/23/2023 10:52,13.9,6.64,61.84,0,NaN,,6,,0,10
2/23/2023 11:52,20,9.36,50.49,0,NaN,,6,,200,10
2/23/2023 12:52,23.9,9.99,41.46,0,NaN,,7,,0,10
2/23/2023 13:52,26.1,8.91,33.78,0,NaN,,13,,250,10
2/23/2023 14:52,26.7,7.82,30.26,0,26.22,,19,,290,10
2/23/2023 15:52,26.1,7.81,31.35,0,NaN,,20,31,290,10
2/23/2023 16:52,25.6,7.21,31,0,NaN,,9,,280,10
2/23/2023 17:52,21.1,8.26,43.81,0,NaN,,9,,170,10
2/23/2023 18:52,20.6,8.26,45.18,0,NaN,,7,,180,10
2/23/2023 19:52,16.7,8.25,57.64,0,NaN,,6,,240,10
2/23/2023 20:52,15.6,7.14,57.36,0,NaN,,0,,0,10
2/23/2023 21:52,16.7,7.14,53.48,0,NaN,,11,,180,8
2/23/2023 22:52,15.6,6.03,53.18,0,NaN,,15,,200,10
2/23/2023 23:52,16.7,5.53,47.9,0,NaN,,15,,200,10
2/24/2023 00:52,15,5.53,53.39,0,NaN,,13,,200,10
2/24/2023 01:52,14.4,6.04,57.45,0,NaN,,9,,210,10
2/24/2023 02:52,17.8,6.04,46.25,0,NaN,,13,,220,10
2/24/2023 03:52,18.9,8.85,52.27,0,NaN,,13,26,280,10
2/24/2023 04:52,16.7,2.72,39.35,0,NaN,,19,39,320,10
2/24/2023 05:52,15,-5.7,23.65,0,NaN,,35,59,300,10
2/24/2023 06:52,12.8,-10.7,18.48,0,NaN,,46,63,300,10
2/24/2023 07:52,11.1,-6.22,29.37,0,NaN,,39,63,300,10
2/24/2023 08:52,10.6,-4.02,35.87,0,NaN,,33,52,300,10
2/24/2023 09:52,10.6,-3.42,37.52,0,NaN,,30,46,320,10
2/24/2023 10:52,11.7,-2.92,36.2,0,NaN,,30,43,310,10
2/24/2023 11:52,11.1,-5.72,30.51,0,NaN,,26,48,300,10
2/24/2023 12:52,11.1,-6.22,29.37,0,NaN,,31,44,300,10
2/24/2023 13:52,12.2,-6.82,26.08,0,NaN,,26,41,330,10
2/24/2023 14:52,11.1,-6.82,28.05,0,NaN,,24,43,310,10
2/24/2023 15:52,10,-7.33,29.04,0,NaN,7,30,43,320,10
2/24/2023 16:52,9.4,-7.93,28.86,0,NaN,6,22,,310,10
2/24/2023 17:52,8.9,-7.34,31.26,0,NaN,6,17,,350,10
2/24/2023 18:52,7.8,-8.44,30.93,0,NaN,5,20,,340,10
2/24/2023 19:52,6.7,-9.04,31.82,0,NaN,4,17,,350,10
2/24/2023 20:52,6.1,-8.44,34.75,0,NaN,2,24,37,360,10
2/24/2023 21:52,5,-8.44,37.51,0,NaN,1,24,35,10,10
2/24/2023 22:52,3.9,-7.93,42.12,0,NaN,,17,,50,10
2/24/2023 23:52,2.8,-8.43,43.78,0,NaN,1,7,,40,10
2/25/2023 00:52,1.7,-8.43,47.36,0,NaN,-1,9,,40,10
2/25/2023 01:52,1.1,-8.42,49.44,0,NaN,-2,11,,40,10
2/25/2023 02:52,1.1,-9.03,47.18,0,NaN,-2,11,,50,10
2/25/2023 03:52,0.6,-9.53,47.02,0,NaN,-1,6,,80,10
2/25/2023 04:52,-2.2,-9,60.02,0,NaN,,0,,0,10
2/25/2023 05:52,-2.2,-9,60.02,0,NaN,,0,,0,10
2/25/2023 06:52,-2.8,-8.39,65.77,0,NaN,,0,,0,10
2/25/2023 07:52,0.6,-6.8,58.02,0,NaN,-1,6,,60,10
2/25/2023 08:52,2.2,-7.32,49.77,0,NaN,,9,,110,10
2/25/2023 09:52,3.9,-5.11,52.21,0,NaN,,19,,150,10
2/25/2023 10:52,3.3,-4.5,57,0,NaN,,13,,130,10
2/25/2023 11:52,2.2,-2.26,72.64,2.54,NaN,,9,,120,6
2/25/2023 12:52,1.7,-1.14,81.63,25.4,NaN,-1,9,,100,4
2/25/2023 13:52,2.2,-0.64,81.7,2.54,NaN,,9,,100,8
2/25/2023 14:52,2.2,-0.64,81.7,2.54,NaN,,9,,110,6
2/25/2023 15:52,2.2,-0.03,85.35,0,NaN,,9,,100,4
2/25/2023 16:52,2.2,0.58,89.15,0,NaN,,7,,120,8
2/25/2023 17:52,2.2,-0.03,85.35,0,NaN,1,6,,120,10
2/25/2023 18:52,2.2,-0.03,85.35,0,NaN,1,6,,90,10
2/25/2023 19:52,2.2,-0.03,85.35,0,NaN,,7,,70,9
2/25/2023 20:52,2.2,-0.03,85.35,0,NaN,1,6,,70,10
2/25/2023 21:52,2.2,-0.03,85.35,0,NaN,1,6,,100,6
2/25/2023 22:52,2.2,0.58,89.15,0,NaN,,0,,0,7
2/25/2023 23:52,2.8,0.57,85.42,0,NaN,,0,,0,8
2/26/2023 00:52,2.8,0.57,85.42,0,NaN,1,7,,200,9
2/26/2023 01:52,2.8,0.57,85.42,0,NaN,1,6,,210,9
2/26/2023 02:52,2.8,0.57,85.42,0,NaN,1,6,,200,8
2/26/2023 03:52,2.8,1.07,88.56,0,NaN,1,7,,200,8
2/26/2023 04:52,2.8,0.57,85.42,0,NaN,-1,15,,210,10
2/26/2023 05:52,2.2,0.58,89.15,0,NaN,-1,11,,210,10
2/26/2023 06:52,2.2,1.08,92.42,0,NaN,-1,11,,200,9
2/26/2023 07:52,2.2,1.08,92.42,0,NaN,-2,15,,200,5
2/26/2023 08:52,2.8,1.07,88.56,0,NaN,-1,15,,230,0.5
2/26/2023 09:52,3.3,1.68,89.24,0,NaN,,15,,200,0.5
2/26/2023 10:52,5,2.16,82.09,0,NaN,2,17,,210,10
2/26/2023 11:52,6.7,2.75,76.16,0,NaN,4,15,,190,10
2/26/2023 12:52,10,2.72,60.89,0,NaN,8,19,,210,10
2/26/2023 13:52,11.1,2.72,56.59,0,NaN,,17,,190,10
2/26/2023 14:52,12.8,2.71,50.59,0,NaN,,19,30,210,10
2/26/2023 15:52,13.9,2.71,47.09,0,NaN,,13,,220,10
2/26/2023 16:52,14.4,2.71,45.59,0,NaN,,7,,240,10
2/26/2023 17:52,13.9,-1.2,35.55,0,NaN,,22,37,300,10
2/26/2023 18:52,12.2,-2.31,36.63,0,NaN,,22,,310,10
2/26/2023 19:52,11.1,-1.81,40.87,0,NaN,,11,31,270,10
2/26/2023 20:52,10,-1.81,43.97,0,NaN,9,9,,0,10
2/26/2023 21:52,10,-2.92,40.53,0,NaN,8,15,,310,10
2/26/2023 22:52,8.9,-2.31,45.63,0,NaN,7,11,,300,10
2/26/2023 23:52,8.9,-1.2,49.48,0,NaN,7,15,,310,10
2/27/2023 00:52,6.1,-1.19,59.91,0,NaN,5,7,,250,10
2/27/2023 01:52,7.8,-0.09,57.77,0,NaN,6,11,,280,10
2/27/2023 02:52,6.7,-0.08,62.29,0,NaN,6,6,,270,10
2/27/2023 03:52,1.7,-1.75,78.11,0,NaN,,0,,0,10
2/27/2023 04:52,1.7,-1.14,81.63,0,NaN,,0,,0,10
2/27/2023 05:52,1.7,-1.14,81.63,0,NaN,,0,,0,10
2/27/2023 06:52,0,-1.73,88.3,0,NaN,,0,,0,10
2/27/2023 07:52,3.9,1.06,81.94,0,NaN,3,6,,40,10
2/27/2023 08:52,8.3,-1.2,51.53,0,NaN,6,11,,80,10
2/27/2023 09:52,10,-1.81,43.97,0,NaN,8,17,,130,10
2/27/2023 10:52,12.2,-1.21,39.72,0,NaN,,13,,130,10
2/27/2023 11:52,11.1,-1.21,42.71,0,NaN,,11,,120,10
2/27/2023 12:52,9.4,2.12,60.74,2.54,NaN,7,13,,170,10
2/27/2023 13:52,8.9,3.23,67.92,50.8,NaN,7,13,,100,10
2/27/2023 14:52,9.4,1.01,56.14,2.54,NaN,7,20,41,160,10
2/27/2023 15:52,10,-0.7,47.67,0,NaN,7,28,46,130,10
2/27/2023 16:52,9.4,-0.7,49.63,2.54,NaN,6,22,35,140,10
2/27/2023 17:52,7.8,2.74,70.64,50.8,NaN,5,19,,140,10
2/27/2023 18:52,7.2,1.63,68.04,2.54,NaN,3,30,43,140,10
2/27/2023 19:52,5.6,2.76,82.17,76.2,NaN,2,20,,120,8
2/27/2023 20:52,5.6,3.27,85.13,25.4,NaN,2,19,33,120,10
2/27/2023 21:52,5.6,3.27,85.13,0,NaN,3,13,,120,10
2/27/2023 22:52,5.6,3.88,88.81,101.6,NaN,4,7,35,0,5
2/27/2023 23:52,5,3.88,92.59,177.8,NaN,3,9,,90,7
2/28/2023 00:52,5,3.27,88.75,25.4,NaN,,0,,0,10
2/28/2023 01:52,5,3.27,88.75,2.54,NaN,4,6,,310,8
2/28/2023 02:52,5,3.88,92.59,0,NaN,3,9,,20,9
2/28/2023 03:52,5,3.88,92.59,2.54,NaN,2,11,,40,8
2/28/2023 04:52,5,3.88,92.59,0,NaN,3,9,,20,7
2/28/2023 05:52,5,3.88,92.59,0,NaN,3,9,,40,7
2/28/2023 06:52,5,3.88,92.59,0,NaN,,0,,0,6
2/28/2023 07:52,5.6,3.88,88.81,0,NaN,4,7,,40,5
2/28/2023 08:52,6.1,4.38,88.85,0,NaN,,0,,0,4
2/28/2023 09:52,7.8,4.97,82.46,0,NaN,6,11,,40,7
2/28/2023 10:52,8.3,5.57,83.1,0,NaN,,0,,0,7
2/28/2023 11:52,11.1,6.05,71.29,0,NaN,,7,,300,10
2/28/2023 12:52,13.3,6.64,64.3,0,NaN,,7,,0,10
2/28/2023 13:52,15.6,6.64,55.42,0,NaN,,9,,350,10
2/28/2023 14:52,16.7,6.03,49.58,0,NaN,,17,,330,10
2/28/2023 15:52,17.2,5.53,46.4,0,NaN,,17,,10,10
2/28/2023 16:52,16.1,3.82,44.19,0,NaN,,20,,340,10
2/28/2023 17:52,13.9,3.22,48.79,0,NaN,,19,,350,10
2/28/2023 18:52,11.7,3.22,56.34,0,NaN,,15,,20,10
2/28/2023 19:52,10,2.12,58.34,0,NaN,9,9,,340,10
2/28/2023 20:52,9.4,1.62,58.61,0,NaN,8,11,,30,10
2/28/2023 21:52,9.4,1.62,58.61,0,NaN,7,19,,360,10
2/28/2023 22:52,7.2,1.03,65.17,0,NaN,5,11,,20,10
2/28/2023 23:52,5,1.05,75.86,0,NaN,2,17,,40,10
3/1/2023 00:52,5,0.54,73.18,0,NaN,,0,,0,10
3/1/2023 01:52,2.2,-0.03,85.35,0,NaN,,0,,0,10
3/1/2023 02:52,0.6,-1.13,88.36,0,NaN,-1,6,,220,10
3/1/2023 03:52,0.6,-1.13,88.36,0,NaN,,0,,0,10
3/1/2023 04:52,0,-1.73,88.3,0,NaN,-2,6,,120,10
3/1/2023 05:52,-0.6,-2.23,88.9,0,NaN,,0,,0,10
3/1/2023 06:52,-0.6,-2.23,88.9,0,NaN,,0,,0,10
3/1/2023 07:52,3.9,2.18,88.66,0,NaN,,0,,0,9
3/1/2023 08:52,7.8,3.85,76.34,0,NaN,6,11,,160,10
3/1/2023 09:52,9.4,2.73,63.39,0,NaN,7,15,,160,10
3/1/2023 10:52,11.1,1.61,52.32,0,NaN,,20,33,160,10
3/1/2023 11:52,12.8,2.11,48.48,0,NaN,,19,35,160,10
3/1/2023 12:52,13.9,2.71,47.09,0,NaN,,22,35,190,10
3/1/2023 13:52,15,3.22,45.45,0,NaN,,19,39,170,10
3/1/2023 14:52,16.1,3.82,44.19,0,NaN,,28,37,190,10
3/1/2023 15:52,15.6,3.82,45.62,0,NaN,,30,48,200,10
3/1/2023 16:52,14.4,3.82,49.28,0,NaN,,17,,180,10
3/1/2023 17:52,13.9,4.32,52.72,0,NaN,,13,,170,10
3/1/2023 18:52,11.7,4.33,60.88,0,NaN,,9,,160,10
3/1/2023 19:52,11.1,4.94,66.05,0,NaN,,11,,150,10
3/1/2023 20:52,10.6,5.55,71.19,0,NaN,,11,,160,10
3/1/2023 21:52,11.1,6.05,71.29,0,NaN,,15,,160,10
3/1/2023 22:52,11.1,6.65,74.3,0,NaN,,15,,180,10
3/1/2023 23:52,11.1,6.65,74.3,0,NaN,,9,,170,10
3/2/2023 00:52,11.1,7.16,76.89,0,NaN,,6,,180,10
3/2/2023 01:52,10,6.66,79.95,0,NaN,9,7,,120,10
3/2/2023 02:52,8.9,6.67,86.08,0,NaN,,0,,0,10
3/2/2023 03:52,10,7.77,86.2,2.54,NaN,10,6,,120,10
3/2/2023 04:52,9.4,7.78,89.74,2.54,NaN,9,6,,340,10
3/2/2023 05:52,9.4,7.78,89.74,2.54,NaN,,0,,0,10
3/2/2023 06:52,8.9,7.79,92.81,25.4,NaN,7,11,,150,10
3/2/2023 07:52,10,8.28,89.18,0,NaN,,0,,0,10
3/2/2023 08:52,11.1,8.88,86.31,0,NaN,,6,,200,10
3/2/2023 09:52,13.3,9.36,77.25,0,NaN,,6,,180,10
3/2/2023 10:52,17.2,10.56,65.18,0,NaN,,0,,0,10
3/2/2023 11:52,18.3,9.95,58.43,0,NaN,,13,,320,10
3/2/2023 12:52,18.3,8.25,52.11,0,NaN,,19,31,290,10
3/2/2023 13:52,17.8,7.14,49.89,0,NaN,,20,,320,10
3/2/2023 14:52,17.2,4.93,44.51,0,NaN,,17,,330,10
3/2/2023 15:52,17.2,4.33,42.68,0,NaN,,22,,330,10
3/2/2023 16:52,17.2,3.23,39.5,0,NaN,,20,,320,10
3/2/2023 17:52,16.1,1.62,37.8,0,NaN,,22,37,330,10
3/2/2023 18:52,15,-0.09,35.88,0,NaN,,20,,330,10
3/2/2023 19:52,13.9,-1.2,35.55,0,NaN,,13,,330,10
3/2/2023 20:52,13.3,-1.81,35.36,0,NaN,,13,,360,10
3/2/2023 21:52,12.8,-2.91,33.68,0,NaN,,15,,340,10
3/2/2023 22:52,10,-1.81,43.97,0,NaN,9,7,,330,10
3/2/2023 23:52,6.1,-0.68,62.14,0,NaN,5,6,,210,10
3/3/2023 00:52,5.6,-0.68,64.33,0,NaN,,0,,0,10
3/3/2023 01:52,6.1,0.53,67.8,0,NaN,,0,,0,10
3/3/2023 02:52,8.9,-0.7,51.33,0,NaN,7,11,,10,10
3/3/2023 03:52,7.2,-0.69,57.61,0,NaN,6,7,,30,10
3/3/2023 04:52,6.7,-1.19,57.48,0,NaN,5,7,,40,10
3/3/2023 05:52,6.1,-1.19,59.91,0,NaN,3,15,,40,10
3/3/2023 06:52,6.1,-1.19,59.91,0,NaN,4,11,,70,10
3/3/2023 07:52,7.2,-0.08,60.19,0,NaN,5,11,,80,10
3/3/2023 08:52,6.7,-0.08,62.29,0,NaN,5,9,,80,10
3/3/2023 09:52,6.7,-0.08,62.29,0,NaN,4,13,,70,10
3/3/2023 10:52,5.6,1.04,72.76,25.4,NaN,3,13,,70,9
3/3/2023 11:52,5,1.05,75.86,25.4,NaN,2,13,30,90,9
3/3/2023 12:52,5,1.65,79.2,50.8,NaN,3,9,,70,7
3/3/2023 13:52,4.4,1.66,82.59,25.4,NaN,2,11,,70,8
3/3/2023 14:52,4.4,2.17,85.6,25.4,NaN,2,9,,100,3
3/3/2023 15:52,3.9,2.18,88.66,25.4,NaN,,17,,70,4
3/3/2023 16:52,4.4,2.78,89.33,76.2,NaN,2,11,,100,2
3/3/2023 17:52,4.4,3.28,92.55,76.2,NaN,1,17,30,110,2
3/3/2023 18:52,4.4,3.28,92.55,127,NaN,1,19,35,110,2.5
3/3/2023 19:52,5,3.88,92.59,76.2,NaN,2,17,,100,2.5
3/3/2023 20:52,6.7,4.98,88.9,228.6,NaN,4,17,28,110,4
3/3/2023 21:52,7.2,6.69,96.63,152.4,NaN,,0,,0,2.5
3/3/2023 22:52,5.6,4.38,91.98,355.6,NaN,1,28,52,310,2
3/3/2023 23:52,5.6,3.88,88.81,152.4,NaN,3,11,,20,10
3/4/2023 00:52,5,3.88,92.59,0,NaN,,0,,0,10
3/4/2023 01:52,5,3.88,92.59,0,NaN,3,9,,270,10
3/4/2023 02:52,4.4,3.28,92.55,0,NaN,1,13,,310,10
3/4/2023 03:52,3.9,2.78,92.52,0,NaN,2,9,,320,10
3/4/2023 04:52,3.3,2.18,92.49,0,NaN,2,6,,320,10
3/4/2023 05:52,3.3,2.79,96.52,0,NaN,1,9,,290,10
3/4/2023 06:52,8.3,2.13,65.42,0,NaN,5,24,41,260,10
3/4/2023 07:52,9.4,2.12,60.74,0,NaN,7,15,,280,10
3/4/2023 08:52,10,-0.1,49.8,0,NaN,7,28,44,290,10
3/4/2023 09:52,10.6,0.5,49.97,0,NaN,,20,,290,10
3/4/2023 10:52,10.6,-0.1,47.84,0,NaN,,22,37,300,10
3/4/2023 11:52,11.7,0.5,46.46,0,NaN,,33,57,300,10
3/4/2023 12:52,12.8,0.5,43.22,0,NaN,,33,54,310,10
3/4/2023 13:52,12.2,-0.1,43.04,0,NaN,,37,59,320,10
3/4/2023 14:52,12.8,0.5,43.22,0,NaN,,43,59,310,10
3/4/2023 15:52,12.2,-0.7,41.2,0,NaN,,48,63,310,10
3/4/2023 16:52,12.2,-0.7,41.2,0,NaN,,20,43,330,10
3/4/2023 17:52,10.6,-1.21,44.15,0,NaN,,30,48,310,10
3/4/2023 18:52,8.9,-1.2,49.48,0,NaN,5,28,43,300,10
3/4/2023 19:52,8.3,-1.81,49.31,0,NaN,7,9,,330,10
3/4/2023 20:52,7.8,-1.2,53.31,0,NaN,6,11,,340,10
3/4/2023 21:52,7.8,-1.81,51.01,0,NaN,7,7,,350,10
3/4/2023 22:52,2.8,-1.77,72.22,0,NaN,1,7,,170,10
3/4/2023 23:52,1.7,-1.75,78.11,0,NaN,,6,,190,10
3/5/2023 00:52,1.7,-1.75,78.11,0,NaN,,0,,0,10
3/5/2023 01:52,0.6,-2.24,81.48,0,NaN,,0,,0,10
3/5/2023 02:52,-0.6,-2.23,88.9,0,NaN,-3,6,,150,10
3/5/2023 03:52,-0.6,-2.23,88.9,0,NaN,,0,,0,10
3/5/2023 04:52,-1.7,-2.82,92.18,0,NaN,,0,,0,10
3/5/2023 05:52,-1.7,-3.33,88.8,0,NaN,,0,,0,10
3/5/2023 06:52,-1.7,-3.33,88.8,0,NaN,,0,,0,10
3/5/2023 07:52,2.8,-0.04,81.79,0,NaN,1,6,,180,10
3/5/2023 08:52,6.7,1.03,67.44,0,NaN,6,6,,200,10
3/5/2023 09:52,11.7,1.01,48.16,0,NaN,,9,,220,10
3/5/2023 10:52,15,-0.7,34.34,0,NaN,,22,39,300,10
3/5/2023 11:52,15.6,0.51,36.06,0,NaN,,28,43,320,10
3/5/2023 12:52,16.1,-0.09,33.44,0,NaN,,28,48,330,10
3/5/2023 13:52,17.2,-0.68,29.85,0,NaN,,26,44,310,10
3/5/2023 14:52,17.8,-3.37,23.55,0,NaN,,20,39,330,10
3/5/2023 15:52,17.2,-3.98,23.38,0,NaN,,26,,300,10
3/5/2023 16:52,16.7,-4.48,23.24,0,NaN,,20,,320,10
3/5/2023 17:52,14.4,-4.51,26.92,0,NaN,,15,,320,10
3/5/2023 18:52,13.3,-4.01,30.02,0,NaN,,15,,340,10
3/5/2023 19:52,11.1,-4.02,34.7,0,NaN,,11,,20,10
3/5/2023 20:52,12.2,-3.41,33.75,0,NaN,,20,,360,10
3/5/2023 21:52,11.1,-3.42,36.29,0,NaN,,15,,350,10
3/5/2023 22:52,10,-3.42,39.05,0,NaN,8,15,,350,10
3/5/2023 23:52,5.6,-2.9,54.7,0,NaN,4,9,,170,10
3/6/2023 00:52,2.8,-2.88,66.57,0,NaN,,0,,0,10
3/6/2023 01:52,2.2,-2.87,69.47,0,NaN,,7,,20,10
3/6/2023 02:52,2.2,-3.38,66.93,0,NaN,,0,,0,10
3/6/2023 03:52,0,-3.35,78.42,0,NaN,-2,6,,40,10
3/6/2023 04:52,0,-3.35,78.42,0,NaN,,0,,0,10
3/6/2023 05:52,-0.6,-3.95,78.32,0,NaN,,0,,0,10
3/6/2023 06:52,-0.6,-3.34,81.92,0,NaN,,0,,0,10
3/6/2023 07:52,5.6,-1.79,59.34,0,NaN,4,9,,30,10
3/6/2023 08:52,7.2,-2.31,51.22,0,NaN,5,11,,40,10
3/6/2023 09:52,8.3,-2.91,45.45,0,NaN,,0,,0,10
3/6/2023 10:52,10,-2.31,42.38,0,NaN,9,9,,10,10
3/6/2023 11:52,11.7,-1.81,39.28,0,NaN,,0,,0,10
3/6/2023 12:52,12.2,-1.81,38,0,NaN,,9,,0,10
3/6/2023 13:52,13.9,-1.8,34.01,0,NaN,,9,,0,10
3/6/2023 14:52,14.4,-0.7,35.7,0,NaN,,9,,0,10
3/6/2023 15:52,15,-0.7,34.34,0,NaN,,7,,0,10
3/6/2023 16:52,15.6,-0.69,33.05,0,NaN,,11,,160,10
3/6/2023 17:52,13.3,-0.7,38.34,0,NaN,,11,,150,10
3/6/2023 18:52,11.1,-0.7,44.3,0,NaN,,9,,120,10
3/6/2023 19:52,10.6,-0.1,47.84,0,NaN,,9,,130,10
3/6/2023 20:52,9.4,-0.1,51.84,0,NaN,8,9,,110,10
3/6/2023 21:52,7.8,-0.09,57.77,0,NaN,7,7,,120,10
3/6/2023 22:52,7.2,-0.08,60.19,0,NaN,5,9,,140,10
3/6/2023 23:52,6.7,-0.69,59.62,0,NaN,5,7,,180,10
3/7/2023 00:52,7.2,-0.08,60.19,0,NaN,4,17,,340,10
3/7/2023 01:52,6.1,0.53,67.8,0,NaN,4,11,,350,10
3/7/2023 02:52,7.2,-0.08,60.19,0,NaN,3,24,35,360,10
3/7/2023 03:52,6.7,-0.69,59.62,0,NaN,4,13,,350,10
3/7/2023 04:52,5,-0.67,67.07,0,NaN,1,19,,330,10
3/7/2023 05:52,5.6,-0.07,67.2,0,NaN,3,15,,360,10
3/7/2023 06:52,5,-0.07,70.06,0,NaN,1,19,,360,10
3/7/2023 07:52,5.6,0.53,70.19,0,NaN,2,20,,350,10
3/7/2023 08:52,5,-0.07,70.06,0,NaN,1,24,39,350,10
3/7/2023 09:52,5.6,-0.07,67.2,0,NaN,1,24,,350,10
3/7/2023 10:52,6.7,-1.8,55,0,NaN,2,31,54,330,10
3/7/2023 11:52,7.8,-2.91,47.02,0,NaN,4,31,46,320,10
3/7/2023 12:52,10,-7.33,29.04,0,NaN,7,30,56,330,10
3/7/2023 13:52,11.1,-6.82,28.05,0,NaN,,33,61,300,10
3/7/2023 14:52,11.7,-9.02,22.72,0,NaN,,43,69,310,10
3/7/2023 15:52,11.7,-9.52,21.84,0,NaN,,26,57,330,10
3/7/2023 16:52,11.1,-10.72,20.67,0,NaN,,31,56,330,10
3/7/2023 17:52,9.4,-13.42,18.63,0,NaN,6,33,56,330,10
3/7/2023 18:52,8.3,-12.93,20.9,0,NaN,5,28,43,330,10
3/7/2023 19:52,7.8,-12.94,21.62,0,NaN,4,30,50,320,10
3/7/2023 20:52,6.7,-11.84,25.48,0,NaN,2,28,46,330,10
3/7/2023 21:52,5.6,-10.75,30.01,0,NaN,,37,57,330,10
3/7/2023 22:52,4.4,-9.54,35.88,0,NaN,-1,35,69,330,10
3/7/2023 23:52,2.8,-9.04,41.78,0,NaN,-2,24,41,320,10
3/8/2023 00:52,2.2,-10.14,39.98,0,NaN,-3,26,46,320,10
3/8/2023 01:52,1.7,-10.74,39.51,0,NaN,-3,20,33,330,10
3/8/2023 02:52,1.1,-10.74,41.25,0,NaN,-5,26,41,320,10
3/8/2023 03:52,1.1,-10.14,43.26,0,NaN,-5,28,44,320,10
3/8/2023 04:52,0.6,-9.53,47.02,0,NaN,-5,22,37,320,10
3/8/2023 05:52,0.6,-9.53,47.02,0,NaN,-5,20,,320,10
3/8/2023 06:52,0.6,-9.02,48.91,0,NaN,-4,17,,310,10
3/8/2023 07:52,2.2,-8.43,45.69,0,NaN,-3,22,41,320,10
3/8/2023 08:52,3.3,-7.93,43.94,0,NaN,-2,28,48,330,10
3/8/2023 09:52,4.4,-7.33,42.6,0,NaN,-1,33,46,330,10
3/8/2023 10:52,6.1,-6.83,39.34,0,NaN,2,26,44,340,10
3/8/2023 11:52,7.8,-5.73,38.09,0,NaN,4,30,,350,10
3/8/2023 12:52,8.9,-5.13,37,0,NaN,5,26,,320,10
3/8/2023 13:52,10,-4.52,35.96,0,NaN,7,22,41,330,10
3/8/2023 14:52,10.6,-5.12,33.01,0,NaN,,28,44,350,10
3/8/2023 15:52,11.1,-5.12,31.93,0,NaN,,19,41,350,10
3/8/2023 16:52,11.1,-5.12,31.93,0,NaN,,22,39,340,10
3/8/2023 17:52,10,-5.13,34.36,0,NaN,7,24,,360,10
3/8/2023 18:52,8.9,-5.13,37,0,NaN,6,19,,330,10
3/8/2023 19:52,6.7,-4.52,44.97,0,NaN,4,13,,320,10
3/8/2023 20:52,6.7,-4.52,44.97,0,NaN,4,13,,320,10
3/8/2023 21:52,7.2,-4.52,43.46,0,NaN,4,20,,320,10
3/8/2023 22:52,6.7,-4.52,44.97,0,NaN,4,17,,320,10
3/8/2023 23:52,4.4,-4.51,52.75,0,NaN,2,9,,320,10
3/9/2023 00:52,4.4,-4.51,52.75,0,NaN,2,9,,330,10
3/9/2023 01:52,5,-4.51,50.59,0,NaN,2,17,,350,10
3/9/2023 02:52,4.4,-4.51,52.75,0,NaN,1,15,,340,10
3/9/2023 03:52,3.3,-4.5,57,0,NaN,-1,17,,330,10
3/9/2023 04:52,2.8,-4.5,59.05,0,NaN,-1,15,,340,10
3/9/2023 05:52,2.2,-5.1,58.89,0,NaN,-1,11,,340,10
3/9/2023 06:52,1.7,-5.09,61.04,0,NaN,-2,13,,340,10
3/9/2023 07:52,3.3,-4.5,57,0,NaN,,13,,340,10
3/9/2023 08:52,4.4,-4.51,52.75,0,NaN,1,19,,330,10
3/9/2023 09:52,5.6,-4.52,48.52,0,NaN,2,17,,350,10
3/9/2023 10:52,7.2,-4.02,45.12,0,NaN,5,13,,320,10
3/9/2023 11:52,9.4,-3.42,40.65,0,NaN,7,20,,350,10
3/9/2023 12:52,11.1,-2.91,37.67,0,NaN,,17,37,350,10
3/9/2023 13:52,11.7,-2.92,36.2,0,NaN,,15,,330,10
3/9/2023 14:52,12.8,-2.91,33.68,0,NaN,,20,30,330,10
3/9/2023 15:52,12.8,-2.91,33.68,0,NaN,,15,,340,10
3/9/2023 16:52,12.2,-3.41,33.75,0,NaN,,11,31,330,10
3/9/2023 17:52,11.1,-3.42,36.29,0,NaN,,15,,360,10
3/9/2023 18:52,10,-3.42,39.05,0,NaN,9,9,,340,10
3/9/2023 19:52,7.2,-3.41,47.2,0,NaN,6,6,,20,10
3/9/2023 20:52,5.6,-2.9,54.7,0,NaN,4,9,,60,10
3/9/2023 21:52,5,-2.9,57.03,0,NaN,3,7,,70,10
3/9/2023 22:52,1.7,-2.87,72,0,NaN,-1,7,,100,10
3/9/2023 23:52,2.2,-2.87,69.47,0,NaN,1,6,,100,10
3/10/2023 00:52,1.7,-2.26,75.28,0,NaN,,6,,290,10
3/10/2023 01:52,1.7,-1.75,78.11,0,NaN,,0,,0,10
3/10/2023 02:52,2.8,-1.77,72.22,0,NaN,,0,,0,10
3/10/2023 03:52,3.3,-1.16,72.85,0,NaN,2,6,,70,10
3/10/2023 04:52,3.3,-0.66,75.57,0,NaN,1,7,,90,10
3/10/2023 05:52,3.9,-1.17,69.83,0,NaN,3,6,,110,10
3/10/2023 06:52,4.4,-1.17,67.43,0,NaN,2,9,,120,10
3/10/2023 07:52,5,-0.67,67.07,0,NaN,3,7,,120,10
3/10/2023 08:52,5,-0.07,70.06,2.54,NaN,3,9,,130,6
3/10/2023 09:52,4.4,1.05,79.11,50.8,NaN,1,15,,100,10
3/10/2023 10:52,5.6,2.76,82.17,25.4,NaN,3,13,,120,10
3/10/2023 11:52,7.2,2.14,70.51,2.54,NaN,4,19,33,140,10
3/10/2023 12:52,7.2,1.63,68.04,0,NaN,5,13,,160,10
3/10/2023 13:52,6.7,3.25,78.9,2.54,NaN,5,9,,170,6
3/10/2023 14:52,6.7,4.98,88.9,25.4,NaN,4,17,30,160,5
3/10/2023 15:52,6.7,4.98,88.9,2.54,NaN,4,11,,190,10
3/10/2023 16:52,6.7,5.59,92.69,2.54,NaN,5,7,,230,2.5
3/10/2023 17:52,6.7,5.59,92.69,76.2,NaN,4,13,,220,8
3/10/2023 18:52,6.1,4.98,92.65,2.54,NaN,,0,,0,8
3/10/2023 19:52,5,3.88,92.59,0,NaN,4,6,,250,8
3/10/2023 20:52,3.9,2.78,92.52,0,NaN,2,9,,280,10
3/10/2023 21:52,4.4,1.05,79.11,0,NaN,1,17,,310,10
3/10/2023 22:52,6.7,-1.19,57.48,0,NaN,2,31,52,290,10
3/10/2023 23:52,6.1,-1.19,59.91,0,NaN,1,33,46,310,10
3/11/2023 00:52,5,-2.29,59.62,0,NaN,,30,48,320,10
3/11/2023 01:52,4.4,-2.89,59.47,0,NaN,-1,28,44,310,10
3/11/2023 02:52,4.4,-3.4,57.29,0,NaN,,26,44,310,10
3/11/2023 03:52,4.4,-4,54.78,0,NaN,-1,31,54,310,10
3/11/2023 04:52,3.3,-4.5,57,0,NaN,-2,33,57,310,10
3/11/2023 05:52,2.8,-5.1,56.43,0,NaN,-2,26,39,320,10
3/11/2023 06:52,2.8,-5.1,56.43,0,NaN,-3,33,48,310,10
3/11/2023 07:52,3.9,-4.51,54.64,0,NaN,-1,31,52,320,10
3/11/2023 08:52,3.9,-5.11,52.21,0,NaN,-1,28,52,330,10
3/11/2023 09:52,4.4,-5.12,50.41,0,NaN,-1,31,57,320,10
3/11/2023 10:52,5.6,-4.52,48.52,0,NaN,,37,56,340,10
3/11/2023 11:52,6.1,-4.52,46.87,0,NaN,1,33,48,330,10
3/11/2023 12:52,6.7,-4.02,46.7,0,NaN,3,24,43,330,10
3/11/2023 13:52,7.2,-4.02,45.12,0,NaN,3,26,43,320,10
3/11/2023 14:52,7.2,-4.02,45.12,0,NaN,3,26,,340,10
3/11/2023 15:52,6.7,-4.02,46.7,0,NaN,2,31,41,320,10
3/11/2023 16:52,6.1,-4.52,46.87,0,NaN,3,19,35,330,10
3/11/2023 17:52,5.6,-5.12,46.37,0,NaN,1,24,,320,10
3/11/2023 18:52,5.6,-4.52,48.52,0,NaN,2,19,,310,10
3/11/2023 19:52,5,-4.51,50.59,0,NaN,1,22,,340,10
3/11/2023 20:52,4.4,-5.12,50.41,0,NaN,1,17,,320,10
3/11/2023 21:52,3.9,-5.11,52.21,0,NaN,-1,22,,330,10
3/11/2023 22:52,3.9,-5.11,52.21,0,NaN,,20,,340,10
3/11/2023 23:52,3.3,-5.11,54.47,0,NaN,,13,,330,10
3/12/2023 00:52,0.6,-5.69,63.12,0,NaN,-2,9,,300,10
3/12/2023 01:52,-0.6,-5.68,68.87,0,NaN,,0,,0,10
3/12/2023 03:52,-0.6,-5.68,68.87,0,NaN,-3,6,,310,10
3/12/2023 04:52,-1.1,-5.06,74.77,0,NaN,,0,,0,10
3/12/2023 05:52,0.6,-4.48,69.13,0,NaN,-3,11,,20,10
3/12/2023 06:52,1.1,-5.09,63.72,0,NaN,-2,9,,20,10
3/12/2023 07:52,0,-4.47,72.2,0,NaN,-4,11,,50,10
3/12/2023 08:52,1.1,-4.48,66.68,0,NaN,-1,6,,30,10
3/12/2023 09:52,1.7,-4.49,63.87,0,NaN,,6,,0,10
3/12/2023 10:52,2.8,-3.39,64.13,0,NaN,,0,,0,10
3/12/2023 11:52,3.3,-3.39,61.9,0,NaN,1,7,,140,10
3/12/2023 12:52,3.9,-3.39,59.34,0,NaN,3,6,,0,10
3/12/2023 13:52,4.4,-2.89,59.47,2.54,NaN,3,6,,150,10
3/12/2023 14:52,1.7,-0.03,88.46,25.4,NaN,-2,11,,210,2.5
3/12/2023 15:52,2.2,0.58,89.15,50.8,NaN,,9,,170,2.5
3/12/2023 16:52,2.2,0.58,89.15,25.4,NaN,-1,11,,150,3
3/12/2023 17:52,2.2,0.58,89.15,25.4,NaN,-1,11,,150,5
3/12/2023 18:52,2.2,0.58,89.15,25.4,NaN,,7,,150,6
3/12/2023 19:52,2.2,0.58,89.15,2.54,NaN,,9,,130,5
3/12/2023 20:52,2.2,1.08,92.42,2.54,NaN,1,6,,130,5
3/12/2023 21:52,2.8,1.07,88.56,2.54,NaN,,9,,150,6
3/12/2023 22:52,2.8,1.68,92.46,2.54,NaN,1,6,,160,6
3/12/2023 23:52,2.8,1.68,92.46,2.54,NaN,1,7,,170,6
3/13/2023 00:52,2.8,2.19,95.82,25.4,NaN,,0,,0,5
3/13/2023 01:52,2.8,1.68,92.46,25.4,NaN,,0,,0,5
3/13/2023 02:52,2.8,1.68,92.46,2.54,NaN,,0,,0,3
3/13/2023 03:52,3.3,2.18,92.49,25.4,NaN,,0,,0,3
3/13/2023 04:52,3.3,2.18,92.49,2.54,NaN,,0,,0,3
3/13/2023 05:52,2.8,2.19,95.82,2.54,NaN,,0,,0,3
3/13/2023 06:52,3.3,2.18,92.49,2.54,NaN,1,7,,300,3
3/13/2023 07:52,3.3,2.18,92.49,2.54,NaN,2,6,,320,2
3/13/2023 08:52,3.9,2.78,92.52,2.54,NaN,,0,,0,4
3/13/2023 09:52,4.4,2.78,89.33,0,NaN,,0,,0,6
3/13/2023 10:52,5,3.27,88.75,0,NaN,4,6,,330,6
3/13/2023 11:52,6.1,2.76,79.37,0,NaN,4,9,,310,7
3/13/2023 12:52,7.8,3.24,73.18,0,NaN,7,7,,350,7
3/13/2023 13:52,8.9,2.12,62.82,0,NaN,7,15,,350,7
3/13/2023 14:52,8.9,1.62,60.61,0,NaN,7,13,,360,10
3/13/2023 15:52,10,1.01,53.92,0,NaN,7,20,30,330,10
3/13/2023 16:52,9.4,1.01,56.14,0,NaN,8,11,,340,10
3/13/2023 17:52,8.3,1.02,60.46,0,NaN,6,17,,340,10
3/13/2023 18:52,7.8,0.52,60.34,0,NaN,4,22,,330,10
3/13/2023 19:52,7.2,0.52,62.86,0,NaN,5,13,,320,10
3/13/2023 20:52,6.1,-2.3,55.24,0,NaN,2,20,,310,10
3/13/2023 21:52,5,-2.9,57.03,0,NaN,,33,44,300,10
3/13/2023 22:52,5,-3.4,54.94,0,NaN,,33,57,300,10
3/13/2023 23:52,3.9,-4,56.73,0,NaN,-1,22,46,300,10
3/14/2023 00:52,2.8,-7.93,45.52,0,NaN,-4,39,59,310,10
3/14/2023 01:52,1.7,-7.92,49.24,0,NaN,-3,20,,290,10
3/14/2023 02:52,1.1,-7.92,51.4,0,NaN,-4,24,,290,10
3/14/2023 03:52,1.1,-8.42,49.44,0,NaN,-5,26,,290,10
3/14/2023 04:52,1.1,-7.92,51.4,0,NaN,-5,26,43,290,10
3/14/2023 05:52,1.1,-7.92,51.4,0,NaN,-5,30,50,290,10
3/14/2023 06:52,1.1,-6.81,55.97,0,NaN,-5,30,52,300,10
3/14/2023 07:52,1.1,-7.92,51.4,0,NaN,-6,39,57,310,10
3/14/2023 08:52,2.2,-8.43,45.69,0,NaN,-3,26,44,310,10
3/14/2023 09:52,2.8,-9.54,40.17,0,NaN,-4,46,69,310,10
3/14/2023 10:52,3.3,-9.54,38.77,0,NaN,-3,43,67,310,10
3/14/2023 11:52,4.4,-10.15,34.22,0,NaN,-2,50,81,300,10
3/14/2023 12:52,5,-9.54,34.41,0,NaN,-1,52,74,290,10
3/14/2023 13:52,5,-9.04,35.79,0,NaN,-1,39,63,300,10
3/14/2023 14:52,4.4,-9.04,37.32,0,NaN,-2,41,69,290,10
3/14/2023 15:52,4.4,-9.04,37.32,0,NaN,-2,50,76,310,10
3/14/2023 16:52,3.3,-9.04,40.32,0,NaN,-4,54,78,300,10
3/14/2023 17:52,2.8,-9.04,41.78,0,NaN,-4,39,74,300,10
3/14/2023 18:52,2.2,-9.54,41.92,0,NaN,-4,41,67,310,10
3/14/2023 19:52,1.1,-9.03,47.18,0,NaN,-5,33,69,300,10
3/14/2023 20:52,0.6,-9.53,47.02,0,NaN,-6,37,56,300,10
3/14/2023 21:52,0,-9.53,49.11,0,NaN,-7,39,57,300,10
3/14/2023 22:52,-0.6,-9.52,51.31,0,NaN,-7,28,69,310,10
3/14/2023 23:52,-0.6,-9.52,51.31,0,NaN,-8,33,54,310,10
3/15/2023 00:52,-0.6,-9.02,53.36,0,NaN,-8,37,57,310,10
3/15/2023 01:52,-0.6,-8.41,55.93,0,NaN,-8,37,52,310,10
3/15/2023 02:52,0,-8.41,53.54,0,NaN,-6,22,50,320,10
3/15/2023 03:52,0,-7.91,55.66,0,NaN,-7,37,52,310,10
3/15/2023 04:52,0,-7.91,55.66,0,NaN,-6,30,54,310,10
3/15/2023 05:52,-0.6,-8.41,55.93,0,NaN,-8,35,54,310,10
3/15/2023 06:52,-0.6,-8.41,55.93,0,NaN,-7,31,48,310,10
3/15/2023 07:52,-0.6,-9.02,53.36,0,NaN,-8,33,56,310,10
3/15/2023 08:52,0.6,-8.42,51.26,0,NaN,-6,37,54,300,10
3/15/2023 09:52,2.2,-9.03,43.6,0,NaN,-5,46,72,320,10
3/15/2023 10:52,3.9,-10.15,35.44,0,NaN,-2,41,72,320,10
3/15/2023 11:52,5.6,-11.85,27.49,0,NaN,,44,61,320,10
3/15/2023 12:52,7.2,-12.94,22.52,0,NaN,3,33,52,330,10
3/15/2023 13:52,8.9,-13.43,19.27,0,NaN,4,41,61,330,10
3/15/2023 14:52,9.4,-13.42,18.63,0,NaN,5,35,67,340,10
3/15/2023 15:52,10,-13.42,17.89,0,NaN,6,43,63,320,10
3/15/2023 16:52,10,-12.92,18.64,0,NaN,7,28,59,330,10
3/15/2023 17:52,10,-12.92,18.64,0,NaN,7,24,43,320,10
3/15/2023 18:52,8.9,-12.33,21.06,0,NaN,5,33,44,320,10
3/15/2023 19:52,7.2,-11.84,24.62,0,NaN,4,17,,310,10
3/15/2023 20:52,6.7,-11.84,25.48,0,NaN,4,17,,320,10
3/15/2023 21:52,5.6,-11.25,28.84,0,NaN,3,15,,320,10
3/15/2023 22:52,3.9,-11.25,32.47,0,NaN,1,11,,290,10
3/15/2023 23:52,5,-11.25,30.07,0,NaN,2,11,,320,10
3/16/2023 00:52,3.3,-11.25,33.88,0,NaN,1,9,,330,10
3/16/2023 01:52,1.1,-9.53,45.36,0,NaN,-2,11,,320,10
3/16/2023 02:52,1.1,-10.14,43.26,0,NaN,,0,,0,10
3/16/2023 03:52,2.8,-10.75,36.53,0,NaN,1,7,,20,10
3/16/2023 04:52,-1.1,-9.01,55.35,0,NaN,,0,,0,10
3/16/2023 05:52,-1.7,-9.01,57.85,0,NaN,,0,,0,10
3/16/2023 06:52,-1.1,-8.4,58.01,0,NaN,-3,6,,200,10
3/16/2023 07:52,1.1,-8.42,49.44,0,NaN,-3,13,,200,10
3/16/2023 08:52,2.8,-8.43,43.78,0,NaN,,9,,200,10
3/16/2023 09:52,7.8,-10.14,27.06,0,NaN,6,11,,220,10
3/16/2023 10:52,12.2,-12.3,16.91,0,NaN,,11,,250,10
3/16/2023 11:52,13.9,-12.88,14.41,0,NaN,,6,,270,10
3/16/2023 12:52,15.6,-10.67,15.42,0,NaN,,15,,180,10
3/16/2023 13:52,16.7,-13.92,11.01,0,NaN,,19,28,230,10
3/16/2023 14:52,17.2,-13.32,11.2,0,NaN,,9,28,210,10
3/16/2023 15:52,18.3,-12.8,10.89,0,NaN,,19,28,210,10
3/16/2023 16:52,18.3,-12.8,10.89,0,NaN,,22,,210,10
3/16/2023 17:52,18.3,-11.71,11.9,0,NaN,,17,,220,10
3/16/2023 18:52,16.1,-10.66,14.93,0,NaN,,11,,200,10
3/16/2023 19:52,14.4,-11.18,16,0,NaN,,11,,170,10
3/16/2023 20:52,13.9,-10.69,17.2,0,NaN,,11,,170,10
3/16/2023 21:52,14.4,-10.69,16.65,0,NaN,,17,,180,10
3/16/2023 22:52,13.9,-9,19.67,0,NaN,,19,,180,10
3/16/2023 23:52,13.3,-7.31,23.35,0,NaN,,15,,190,10
3/17/2023 00:52,13.3,-6.21,25.41,0,NaN,,15,,200,10
3/17/2023 01:52,12.8,-5.71,27.28,0,NaN,,15,,200,10
3/17/2023 02:52,12.8,-4.51,29.88,0,NaN,,15,,190,10
3/17/2023 03:52,12.8,-4.01,31.02,0,NaN,,17,,190,10
3/17/2023 04:52,11.7,-3.42,34.88,0,NaN,,9,,200,10
3/17/2023 05:52,10.6,-2.92,38.94,0,NaN,,9,,180,10
3/17/2023 06:52,9.4,-2.31,44.12,0,NaN,8,11,,190,10
3/17/2023 07:52,10.6,-2.31,40.72,0,NaN,,15,,190,10
3/17/2023 08:52,11.7,-1.81,39.28,0,NaN,,24,,200,10
3/17/2023 09:52,13.3,-1.2,36.96,0,NaN,,24,,200,10
3/17/2023 10:52,13.3,-1.2,36.96,2.54,NaN,,19,,200,10
3/17/2023 11:52,13.9,-0.1,38.52,2.54,NaN,,22,,200,10
3/17/2023 12:52,12.2,3.22,54.52,2.54,NaN,,11,,230,10
3/17/2023 13:52,12.8,4.93,59.06,2.54,NaN,,20,28,200,10
3/17/2023 14:52,12.2,5.54,64.04,25.4,NaN,,20,,200,10
3/17/2023 15:52,13.3,6.04,61.69,0,NaN,,13,,190,10
3/17/2023 16:52,15,6.03,55.27,0,NaN,,22,31,190,10
3/17/2023 17:52,15,7.14,59.61,0,NaN,,13,31,190,10
3/17/2023 18:52,15.6,7.74,59.76,0,NaN,,13,,200,10
3/17/2023 19:52,15.6,8.85,64.38,0,NaN,,17,,200,10
3/17/2023 20:52,15.6,9.35,66.59,0,NaN,,13,,190,10
3/17/2023 21:52,15.6,9.96,69.32,0,NaN,,17,,210,10
3/17/2023 22:52,12.2,8.26,77.07,2.54,NaN,,37,52,310,10
3/17/2023 23:52,11.1,4.94,66.05,2.54,NaN,,35,59,330,10
3/18/2023 00:52,9.4,2.73,63.39,0,NaN,7,20,,340,10
3/18/2023 01:52,8.3,-0.09,55.84,0,NaN,5,19,35,320,10
3/18/2023 02:52,7.2,-2.31,51.22,0,NaN,3,26,46,320,10
3/18/2023 03:52,6.1,-2.9,52.84,0,NaN,2,22,37,310,10
3/18/2023 04:52,5.6,-2.9,54.7,0,NaN,1,28,43,310,10
3/18/2023 05:52,5,-4.01,52.53,0,NaN,1,24,41,310,10
3/18/2023 06:52,4.4,-4.51,52.75,0,NaN,1,19,33,320,10
3/18/2023 07:52,4.4,-4,54.78,0,NaN,1,17,,310,10
3/18/2023 08:52,5.6,-5.12,46.37,0,NaN,2,17,,320,10
3/18/2023 09:52,6.7,-4.52,44.97,0,NaN,2,28,46,310,10
3/18/2023 10:52,6.7,-6.23,39.52,0,NaN,3,24,44,300,10
3/18/2023 11:52,7.2,-7.34,35.09,0,NaN,3,26,41,310,10
3/18/2023 12:52,7.8,-7.33,33.69,0,NaN,4,22,33,320,10
3/18/2023 13:52,10,-7.33,29.04,0,NaN,7,22,37,310,10
3/18/2023 14:52,11.1,-8.42,24.78,0,NaN,,20,39,280,10
3/18/2023 15:52,11.1,-9.02,23.64,0,NaN,,19,39,270,10
3/18/2023 16:52,11.1,-9.52,22.73,0,NaN,,22,37,290,10
3/18/2023 17:52,11.1,-10.72,20.67,0,NaN,,24,,290,10
3/18/2023 18:52,10,-9.53,24.46,0,NaN,8,15,,300,10
3/18/2023 19:52,7.8,-9.54,28.37,0,NaN,4,26,39,300,10
3/18/2023 20:52,7.2,-9.54,29.56,0,NaN,4,22,,300,10
3/18/2023 21:52,6.7,-9.54,30.59,0,NaN,2,31,41,300,10
3/18/2023 22:52,6.1,-8.44,34.75,0,NaN,1,31,56,300,10
3/18/2023 23:52,5,-6.83,42.46,0,NaN,,31,,310,10
3/19/2023 00:52,3.9,-6.83,45.86,0,NaN,-1,30,43,320,10
3/19/2023 01:52,3.3,-9.54,38.77,0,NaN,-2,30,,310,10
3/19/2023 02:52,1.7,-11.85,36.18,0,NaN,-5,33,46,320,10
3/19/2023 03:52,0,-11.84,40.9,0,NaN,-6,28,44,320,10
3/19/2023 04:52,-1.1,-12.94,40.55,0,NaN,-8,30,48,320,10
3/19/2023 05:52,-1.7,-13.44,40.69,0,NaN,-8,24,43,320,10
3/19/2023 06:52,-3.3,-16.25,36.37,0,NaN,-11,35,48,300,10
3/19/2023 07:52,-3.3,-17.35,33.16,0,NaN,-9,17,37,320,10
3/19/2023 08:52,-2.2,-16.85,31.87,0,NaN,-9,30,41,310,10
3/19/2023 09:52,-1.1,-15.75,32.22,0,NaN,-8,33,54,300,10
3/19/2023 10:52,0,-15.16,31.25,0,NaN,-6,28,52,300,10
3/19/2023 11:52,1.1,-14.05,31.6,0,NaN,-5,33,44,300,10
3/19/2023 12:52,2.2,-13.45,30.67,0,NaN,-3,24,41,320,10
3/19/2023 13:52,3.3,-13.45,28.37,0,NaN,-3,39,54,300,10
3/19/2023 14:52,3.9,-13.45,27.19,0,NaN,-2,39,54,290,10
3/19/2023 15:52,5,-13.45,25.18,0,NaN,,28,43,310,10
3/19/2023 16:52,5,-12.95,26.22,0,NaN,,28,43,320,10
3/19/2023 17:52,5,-13.45,25.18,0,NaN,,26,,310,10
3/19/2023 18:52,3.3,-13.45,28.37,0,NaN,-2,31,43,300,10
3/19/2023 19:52,1.7,-13.45,31.79,0,NaN,-2,13,,290,10
3/19/2023 20:52,0.6,-12.95,35.83,0,NaN,-3,13,,290,10
3/19/2023 21:52,0.6,-12.95,35.83,0,NaN,-2,7,,270,10
3/19/2023 22:52,0,-12.34,39.29,0,NaN,-3,9,,290,10
3/19/2023 23:52,0,-12.34,39.29,0,NaN,-4,15,,320,10
3/20/2023 00:52,-0.6,-11.84,42.73,0,NaN,-4,9,,330,10
3/20/2023 01:52,-1.1,-11.84,44.32,0,NaN,-5,11,,310,10
3/20/2023 02:52,-1.1,-11.84,44.32,0,NaN,-4,9,,320,10
3/20/2023 03:52,-1.1,-11.84,44.32,0,NaN,-5,13,,330,10
3/20/2023 04:52,-1.1,-12.34,42.57,0,NaN,-5,11,,340,10
3/20/2023 05:52,-1.1,-11.84,44.32,0,NaN,-4,7,,330,10
3/20/2023 06:52,-4.4,-11.2,59.44,0,NaN,-7,6,,220,10
3/20/2023 07:52,-3.9,-10.7,59.57,0,NaN,-8,9,,190,10
3/20/2023 08:52,0,-10.13,46.84,0,NaN,,0,,0,10
3/20/2023 09:52,3.3,-12.35,31.01,0,NaN,-1,17,,280,10
3/20/2023 10:52,5,-11.25,30.07,0,NaN,4,6,,0,10
3/20/2023 11:52,6.7,-10.74,27.82,0,NaN,5,9,,0,10
3/20/2023 12:52,7.8,-10.74,25.8,0,NaN,7,7,,0,10
3/20/2023 13:52,9.4,-10.73,23.15,0,NaN,7,15,,260,10
3/20/2023 14:52,10.6,-10.13,22.41,0,NaN,,15,,210,10
3/20/2023 15:52,11.1,-10.72,20.67,0,NaN,,15,,210,10
3/20/2023 16:52,11.1,-11.81,18.93,0,NaN,,0,,0,10
3/20/2023 17:52,11.1,-11.22,19.86,0,NaN,,13,,200,10
3/20/2023 18:52,10,-11.23,21.37,0,NaN,9,7,,170,10
3/20/2023 19:52,7.8,-10.74,25.8,0,NaN,6,9,,180,10
3/20/2023 20:52,3.9,-9.54,37.16,0,NaN,2,7,,180,10
3/20/2023 21:52,2.2,-7.93,47.51,0,NaN,1,6,,180,10
3/20/2023 22:52,2.2,-8.43,45.69,0,NaN,,7,,210,10
3/20/2023 23:52,1.7,-9.03,45.19,0,NaN,-1,7,,180,10
3/21/2023 00:52,1.1,-9.03,47.18,0,NaN,-2,9,,190,8
3/21/2023 01:52,2.2,-9.54,41.92,0,NaN,-1,13,,180,9
3/21/2023 02:52,1.1,-9.53,45.36,0,NaN,-2,11,,180,10
3/21/2023 03:52,1.1,-10.14,43.26,0,NaN,-2,9,,180,10
3/21/2023 04:52,0,-10.74,44.66,0,NaN,-2,6,,180,10
3/21/2023 05:52,-1.1,-10.73,48.4,0,NaN,,0,,0,10
3/21/2023 06:52,-3.3,-9.49,62.63,0,NaN,,0,,0,10
3/21/2023 07:52,-2.2,-9,60.02,0,NaN,,0,,0,6
3/21/2023 08:52,3.3,-9.54,38.77,0,NaN,,0,,0,3
3/21/2023 09:52,7.8,-7.33,33.69,0,NaN,,0,,0,10
3/21/2023 10:52,11.1,-9.02,23.64,0,NaN,,0,,0,10
3/21/2023 11:52,13.9,-10.69,17.2,0,NaN,,0,,0,10
3/21/2023 13:52,15.6,-14.43,11.34,0,NaN,,9,,0,10
3/21/2023 14:52,16.7,-12.82,12.05,0,NaN,,0,,0,10
3/21/2023 15:52,17.2,-12.23,12.25,0,NaN,,17,,200,10
3/21/2023 16:52,16.7,-12.82,12.05,0,NaN,,9,,220,10
3/21/2023 17:52,16.7,-11.15,13.81,0,NaN,,13,,200,10
3/21/2023 18:52,15.6,-9.48,16.95,0,NaN,,7,,150,10
3/21/2023 19:52,12.8,-8.41,22.15,0,NaN,,15,,150,10
3/21/2023 20:52,11.7,-6.82,26.95,0,NaN,,15,,150,10
3/21/2023 21:52,10.6,-5.12,33.01,0,NaN,,13,,150,10
3/21/2023 22:52,10.6,-4.52,34.54,0,NaN,,13,,170,10
3/21/2023 23:52,10,-4.52,35.96,0,NaN,8,13,,170,10
3/22/2023 00:52,10,-4.02,37.33,0,NaN,9,9,,170,10
3/22/2023 01:52,9.4,-4.02,38.87,0,NaN,8,11,,170,10
3/22/2023 02:52,9.4,-4.52,37.43,0,NaN,8,9,,170,10
3/22/2023 03:52,7.8,-4.02,43.31,0,NaN,7,6,,140,10
3/22/2023 04:52,10,-5.13,34.36,0,NaN,8,17,,190,10
3/22/2023 05:52,9.4,-5.13,35.77,0,NaN,8,9,,180,10
3/22/2023 06:52,9.4,-5.73,34.18,0,NaN,9,6,,160,10
3/22/2023 07:52,10,-5.73,32.83,0,NaN,8,13,,150,10
3/22/2023 08:52,11.1,-5.12,31.93,0,NaN,,19,,180,10
3/22/2023 09:52,12.2,-4.01,32.27,0,NaN,,11,,200,10
3/22/2023 10:52,15,-4,26.9,0,NaN,,13,,190,9
3/22/2023 11:52,17.2,-4.48,22.51,0,NaN,,19,,210,10
3/22/2023 12:52,18.3,-6.16,18.46,0,NaN,,20,41,210,10
3/22/2023 13:52,18.3,-5.06,20.08,0,NaN,,15,31,190,10
3/22/2023 14:52,19.4,-6.14,17.24,0,NaN,,22,33,180,10
3/22/2023 15:52,18.3,-5.06,20.08,0,NaN,,22,39,200,10
3/22/2023 16:52,18.3,-5.06,20.08,0,NaN,,20,,210,10
3/22/2023 17:52,17.8,-4.47,21.68,0,NaN,,19,,200,10
3/22/2023 18:52,17.2,-3.98,23.38,0,NaN,,13,,180,10
3/22/2023 19:52,15.6,-1.79,30.48,0,NaN,,19,,200,10
3/22/2023 20:52,13.3,-0.7,38.34,0,NaN,,13,,190,10
3/22/2023 21:52,13.9,0.51,40.23,0,NaN,,15,,200,10
3/22/2023 22:52,12.8,1.61,46.78,0,NaN,,15,,190,10
3/22/2023 23:52,11.7,3.22,56.34,0,NaN,,13,,200,10
3/23/2023 00:52,11.7,4.33,60.88,0,NaN,,13,,190,10
3/23/2023 01:52,11.1,5.54,68.87,0,NaN,,15,,200,10
3/23/2023 02:52,10.6,6.05,73.7,0,NaN,,17,,190,10
3/23/2023 03:52,10.6,6.66,76.81,2.54,NaN,,15,,210,10
3/23/2023 04:52,10.6,7.16,79.49,2.54,NaN,,17,,190,10
3/23/2023 05:52,10.6,7.77,82.82,2.54,NaN,,17,,190,10
3/23/2023 06:52,10,7.77,86.2,0,NaN,7,20,,190,10
3/23/2023 07:52,10.6,7.77,82.82,0,NaN,,17,,180,10
3/23/2023 08:52,11.1,8.27,82.88,0,NaN,,22,,190,10
3/23/2023 09:52,11.7,8.87,82.95,0,NaN,,17,,180,10
3/23/2023 10:52,13.3,9.36,77.25,0,NaN,,19,,200,10
3/23/2023 11:52,17.8,10.56,62.76,0,NaN,,26,39,190,10
3/23/2023 12:52,19.4,10.56,56.79,0,NaN,,22,,220,10
3/23/2023 13:52,22.8,11.68,49.59,0,NaN,,20,41,200,10
3/23/2023 14:52,25.6,11.7,41.94,0,NaN,,20,37,220,10
3/23/2023 15:52,26.1,12.21,42.08,0,NaN,,17,,220,10
3/23/2023 16:52,27.8,12.23,38.09,0,27.37,,22,31,220,10
3/23/2023 17:52,27.2,11.72,38.17,0,26.92,,15,,230,10
3/23/2023 18:52,26.1,11.71,40.72,0,NaN,,7,,230,10
3/23/2023 19:52,25,10.6,40.41,0,NaN,,9,,230,10
3/23/2023 20:52,22.8,11.08,47.66,0,NaN,,15,,210,10
3/23/2023 21:52,23.3,11.08,46.25,0,NaN,,13,,220,10
3/23/2023 22:52,21.1,11.07,52.86,0,NaN,,11,,200,10
3/23/2023 23:52,22.2,10.57,47.81,0,NaN,,11,,230,10
3/24/2023 00:52,20.6,11.06,54.51,0,NaN,,15,,360,10
3/24/2023 01:52,20.6,13.87,65.49,0,NaN,,17,,340,10
3/24/2023 02:52,18.9,14.38,75.16,0,NaN,,15,,10,10
3/24/2023 03:52,16.7,13.28,80.37,2.54,NaN,,11,,340,10
3/24/2023 04:52,15.6,12.17,80.21,2.54,NaN,,9,,10,10
3/24/2023 05:52,15.6,11.06,74.59,0,NaN,,17,,10,10
3/24/2023 06:52,14.4,9.96,74.88,2.54,NaN,,9,,360,10
3/24/2023 07:52,12.8,11.08,89.41,25.4,NaN,,11,,10,10
3/24/2023 08:52,12.2,10.58,89.96,431.8,NaN,,15,,350,1.5
3/24/2023 09:52,11.1,9.38,89.27,127,NaN,,9,,20,6
3/24/2023 10:52,10.6,8.27,85.68,50.8,NaN,,15,,30,7
3/24/2023 11:52,10.6,9.39,92.29,2.54,NaN,,7,,50,10
3/24/2023 12:52,10.6,8.27,85.68,25.4,NaN,,17,,20,10
3/24/2023 13:52,10,7.77,86.2,2.54,NaN,8,19,,10,10
3/24/2023 14:52,10,8.28,89.18,2.54,NaN,8,11,,20,10
3/24/2023 15:52,9.4,7.78,89.74,2.54,NaN,7,13,,10,2
3/24/2023 16:52,9.4,7.78,89.74,2.54,NaN,8,7,,40,2
3/24/2023 17:52,8.9,7.79,92.81,50.8,NaN,7,15,,30,2
3/24/2023 18:52,8.9,7.79,92.81,152.4,NaN,7,11,,40,4
3/24/2023 19:52,8.3,7.19,92.78,177.8,NaN,6,13,,10,10
3/24/2023 20:52,6.7,4.37,85.25,330.2,NaN,4,13,,70,5
3/24/2023 21:52,6.1,4.38,88.85,152.4,NaN,4,9,,130,10
3/24/2023 22:52,6.1,4.38,88.85,76.2,NaN,5,7,,80,10
3/24/2023 23:52,6.1,4.38,88.85,25.4,NaN,,0,,0,10
3/25/2023 00:52,6.1,4.38,88.85,0,NaN,,0,,0,10
3/25/2023 01:52,6.1,4.38,88.85,0,NaN,,0,,0,10
3/25/2023 02:52,6.7,4.98,88.9,50.8,NaN,6,6,,90,10
3/25/2023 03:52,6.7,4.98,88.9,0,NaN,,0,,0,10
3/25/2023 04:52,6.7,4.37,85.25,0,NaN,5,9,,80,10
3/25/2023 05:52,6.1,4.38,88.85,0,NaN,4,9,,120,10
3/25/2023 06:52,6.1,4.38,88.85,0,NaN,,0,,0,10
3/25/2023 07:52,6.1,3.87,85.79,0,NaN,5,7,,100,8
3/25/2023 08:52,5.6,4.38,91.98,25.4,NaN,5,6,,330,2
3/25/2023 09:52,6.1,4.98,92.65,381,NaN,3,13,,30,5
3/25/2023 10:52,6.1,4.98,92.65,2.54,NaN,5,7,,20,10
3/25/2023 11:52,6.7,4.98,88.9,2.54,NaN,5,7,,310,2
3/25/2023 12:52,7.2,6.09,92.72,25.4,NaN,6,6,,70,3
3/25/2023 13:52,7.8,6.08,88.99,2.54,NaN,,0,,0,10
3/25/2023 14:52,8.9,7.18,89.09,0,NaN,7,9,,180,2.5
3/25/2023 15:52,9.4,7.78,89.74,0,NaN,8,11,,180,3
3/25/2023 16:52,10,8.89,92.87,0,NaN,9,9,,180,7
3/25/2023 17:52,11.1,9.99,92.94,0,NaN,,13,,180,10
3/25/2023 18:52,12.8,11.08,89.41,0,NaN,,13,,200,10
3/25/2023 19:52,13.3,11.68,90.04,0,NaN,,13,,200,9
3/25/2023 20:52,12.8,11.69,93.03,0,NaN,,6,,170,8
3/25/2023 21:52,12.2,11.09,93,0,NaN,,7,,170,6
3/25/2023 22:52,12.2,11.69,96.76,0,NaN,,0,,0,0
3/25/2023 23:52,11.7,11.7,100,0,NaN,,0,,0,0
3/26/2023 00:52,11.1,9.99,92.94,0,NaN,,7,,330,0
3/26/2023 01:52,8.3,7.79,96.66,0,NaN,8,6,,290,0.25
3/26/2023 02:52,7.2,6.09,92.72,0,NaN,5,15,,310,10
3/26/2023 03:52,10.6,3.83,63.23,0,NaN,,20,,290,10
3/26/2023 04:52,10.6,2.12,56.05,0,NaN,,24,,290,10
3/26/2023 05:52,10.6,0.5,49.97,0,NaN,,13,37,280,10
3/26/2023 06:52,8.9,0.51,56,0,NaN,6,20,,320,10
3/26/2023 07:52,8.9,-0.09,53.62,0,NaN,7,15,,330,10
3/26/2023 08:52,10.6,-2.92,38.94,0,NaN,,20,37,310,10
3/26/2023 09:52,11.7,-3.42,34.88,0,NaN,,28,41,310,10
3/26/2023 10:52,13.3,-2.91,32.6,0,NaN,,19,,310,10
3/26/2023 11:52,15,-2.9,29.2,0,NaN,,17,37,300,10
3/26/2023 12:52,16.7,-2.88,26.2,0,NaN,,30,39,300,10
3/26/2023 13:52,17.8,-3.37,23.55,0,NaN,,26,39,280,10
3/26/2023 14:52,19.4,-3.35,21.31,0,NaN,,17,,300,10
3/26/2023 15:52,20,-3.34,20.53,0,NaN,,11,,270,10
3/26/2023 16:52,20.6,-3.34,19.78,0,NaN,,15,,310,10
3/26/2023 17:52,21.1,-4.42,17.66,0,NaN,,9,,300,10
3/26/2023 18:52,20,-3.34,20.53,0,NaN,,0,,0,10
3/26/2023 19:52,13.9,-0.7,36.87,0,NaN,,7,,20,10
3/26/2023 20:52,12.2,-1.21,39.72,0,NaN,,0,,0,10
3/26/2023 21:52,9.4,0.51,54.15,0,NaN,9,6,,60,10
3/26/2023 22:52,11.7,-1.81,39.28,0,NaN,,0,,0,10
3/26/2023 23:52,6.1,-0.08,64.92,0,NaN,,0,,0,10
3/27/2023 00:52,5.6,-0.07,67.2,0,NaN,,0,,0,10
3/27/2023 01:52,5,0.54,73.18,0,NaN,,0,,0,10
3/27/2023 02:52,5,1.05,75.86,0,NaN,,0,,0,10
3/27/2023 03:52,5,0.54,73.18,0,NaN,4,6,,310,10
3/27/2023 04:52,4.4,0.55,76.31,0,NaN,,0,,0,10
3/27/2023 05:52,5,1.05,75.86,0,NaN,,0,,0,10
3/27/2023 06:52,5,1.05,75.86,0,NaN,,0,,0,10
3/27/2023 07:52,7.8,2.74,70.64,0,NaN,7,6,,20,10
3/27/2023 08:52,11.7,7.76,76.99,0,NaN,,11,,60,10
3/27/2023 09:52,13.9,8.86,71.83,2.54,NaN,,11,,110,10
3/27/2023 10:52,14.4,9.36,71.93,0,NaN,,15,,120,10
3/27/2023 11:52,13.9,10.57,80.51,0,NaN,,17,,120,10
3/27/2023 12:52,14.4,9.96,74.88,0,NaN,,17,,170,7
3/27/2023 13:52,15,10.57,74.99,0,NaN,,11,,110,8
3/27/2023 14:52,15,10.57,74.99,0,NaN,,11,,170,8
3/27/2023 15:52,15,11.07,77.52,0,NaN,,11,,160,10
3/27/2023 16:52,15.6,11.06,74.59,0,NaN,,0,,0,10
3/27/2023 17:52,15.6,11.06,74.59,0,NaN,,0,,0,10
3/27/2023 18:52,15.6,11.06,74.59,0,NaN,,7,,270,10
3/27/2023 19:52,13.3,10.57,83.71,0,NaN,,9,,320,10
3/27/2023 20:52,10,8.89,92.87,0,NaN,10,6,,290,10
3/27/2023 21:52,13.9,9.97,77.35,0,NaN,,19,,340,10
3/27/2023 22:52,13.9,6.64,61.84,0,NaN,,17,,330,10
3/27/2023 23:52,12.2,4.33,58.91,0,NaN,,13,,340,10
3/28/2023 00:52,11.7,3.83,58.78,0,NaN,,19,,340,10
3/28/2023 01:52,10.6,3.83,63.23,0,NaN,,11,,350,10
3/28/2023 02:52,10.6,3.23,60.61,0,NaN,,22,,350,10
3/28/2023 03:52,9.4,2.73,63.39,0,NaN,7,13,,340,10
3/28/2023 04:52,7.2,2.74,73.59,0,NaN,5,9,,300,10
3/28/2023 05:52,4.4,1.66,82.59,0,NaN,,0,,0,10
3/28/2023 06:52,6.7,2.75,76.16,0,NaN,4,11,,300,10
3/28/2023 07:52,6.7,2.75,76.16,0,NaN,4,13,,320,10
3/28/2023 08:52,9.4,2.73,63.39,0,NaN,7,20,,310,10
3/28/2023 09:52,11.7,1.61,50.28,0,NaN,,24,,320,10
3/28/2023 10:52,12.8,-0.1,41.38,0,NaN,,24,39,300,10
3/28/2023 11:52,12.2,0.5,44.95,0,NaN,,26,,330,10
3/28/2023 12:52,12.2,-0.1,43.04,0,NaN,,17,37,310,10
3/28/2023 13:52,14.4,-0.7,35.7,0,NaN,,9,,0,10
3/28/2023 14:52,13.9,-1.2,35.55,0,NaN,,15,,320,10
3/28/2023 15:52,13.9,-1.2,35.55,0,NaN,,17,,330,10
3/28/2023 16:52,13.9,-1.2,35.55,0,NaN,,15,,50,10
3/28/2023 17:52,13.9,-0.7,36.87,0,NaN,,19,,30,10
3/28/2023 18:52,12.2,-0.7,41.2,0,NaN,,17,,30,10
3/28/2023 19:52,9.4,-0.7,49.63,0,NaN,7,13,,40,10
3/28/2023 20:52,10,-0.7,47.67,0,NaN,8,13,,40,10
3/28/2023 21:52,10,-1.2,45.96,0,NaN,8,11,,60,10
3/28/2023 22:52,9.4,-1.21,47.84,0,NaN,8,11,,30,10
3/28/2023 23:52,8.9,-0.7,51.33,0,NaN,7,11,,310,10
3/29/2023 00:52,8.9,-0.7,51.33,0,NaN,7,13,,330,10
3/29/2023 01:52,7.8,0.52,60.34,2.54,NaN,7,6,,210,10
3/29/2023 02:52,7.2,1.03,65.17,2.54,NaN,6,7,,230,10
3/29/2023 03:52,6.7,1.03,67.44,0,NaN,5,7,,270,10
3/29/2023 04:52,5,1.05,75.86,0,NaN,4,6,,270,10
3/29/2023 05:52,5.6,1.04,72.76,0,NaN,,0,,0,10
3/29/2023 06:52,3.3,-0.05,78.94,0,NaN,1,9,,300,10
3/29/2023 07:52,5,1.65,79.2,0,NaN,,0,,0,10
3/29/2023 08:52,8.3,1.62,63.13,0,NaN,8,6,,320,10
3/29/2023 10:52,11.1,1.01,50.11,0,NaN,,7,,300,10
3/29/2023 11:52,11.7,-1.21,41.05,0,NaN,,11,,0,10
3/29/2023 12:52,13.3,-1.2,36.96,0,NaN,,11,,0,10
3/29/2023 13:52,14.4,-2.3,31.73,0,NaN,,11,,0,9
3/29/2023 14:52,15,-5.1,24.75,0,NaN,,11,,0,10
3/29/2023 15:52,14.4,-4,27.96,0,NaN,,13,,250,10
3/29/2023 16:52,15,-4.5,25.9,0,NaN,,13,,250,10
3/29/2023 17:52,15,-3.4,28.13,0,NaN,,15,,190,10
3/29/2023 18:52,14.4,-2.9,30.35,0,NaN,,17,,200,10
3/29/2023 19:52,11.1,-2.31,39.38,0,NaN,,11,,190,10
3/29/2023 20:52,10,-2.31,42.38,0,NaN,9,7,,210,10
3/29/2023 21:52,10,-2.31,42.38,0,NaN,9,7,,270,10
3/29/2023 22:52,8.9,-2.31,45.63,0,NaN,8,7,,260,10
3/29/2023 23:52,10,-4.52,35.96,0,NaN,8,17,,280,10
3/30/2023 00:52,9.4,-0.7,49.63,0,NaN,6,24,44,350,10
3/30/2023 01:52,6.7,-1.8,55,0,NaN,2,31,46,330,10
3/30/2023 02:52,5.6,-1.79,59.34,0,NaN,2,17,,340,10
3/30/2023 03:52,5,-1.79,61.87,0,NaN,2,13,,10,10
3/30/2023 04:52,4.4,-3.4,57.29,0,NaN,,24,39,10,10
3/30/2023 05:52,3.3,-7.93,43.94,0,NaN,-2,26,41,10,10
3/30/2023 06:52,2.2,-7.93,47.51,0,NaN,-3,24,35,360,10
3/30/2023 07:52,2.8,-7.32,47.69,0,NaN,,11,,350,10
3/30/2023 08:52,3.9,-6.83,45.86,0,NaN,1,11,,330,10
3/30/2023 09:52,4.4,-7.33,42.6,0,NaN,1,13,,340,10
3/30/2023 10:52,5.6,-7.34,39.18,0,NaN,3,15,,350,10
3/30/2023 11:52,7.2,-6.23,38.19,0,NaN,5,11,,0,10
3/30/2023 12:52,8.3,-7.33,32.56,0,NaN,6,15,,310,10
3/30/2023 13:52,9.4,-6.23,32.9,0,NaN,8,9,,0,10
3/30/2023 14:52,11.1,-7.33,26.98,0,NaN,,11,,0,10
3/30/2023 15:52,11.1,-7.92,25.76,0,NaN,,11,,20,10
3/30/2023 16:52,11.1,-7.33,26.98,0,NaN,,7,,140,10
3/30/2023 17:52,11.7,-8.42,23.81,0,NaN,,0,,0,10
3/30/2023 18:52,11.1,-9.02,23.64,0,NaN,,0,,0,10
3/30/2023 19:52,8.9,-7.34,31.26,0,NaN,7,9,,40,10
3/30/2023 20:52,7.8,-7.33,33.69,0,NaN,6,9,,110,10
3/30/2023 21:52,7.2,-7.34,35.09,0,NaN,6,6,,140,10
3/30/2023 22:52,6.7,-6.83,37.75,0,NaN,5,7,,160,10
3/30/2023 23:52,6.1,-4.52,46.87,0,NaN,5,6,,160,10
3/31/2023 00:52,5,-3.4,54.94,0,NaN,4,6,,160,10
3/31/2023 01:52,2.2,-2.26,72.64,0,NaN,1,6,,160,10
3/31/2023 02:52,2.2,-2.26,72.64,0,NaN,,0,,0,10
3/31/2023 03:52,3.3,-1.77,69.71,0,NaN,1,9,,180,10
3/31/2023 04:52,5,-0.07,70.06,0,NaN,2,11,,170,10
3/31/2023 05:52,4.4,-0.06,73.06,0,NaN,3,6,,180,10
3/31/2023 06:52,3.3,-0.05,78.94,0,NaN,2,6,,0,10
3/31/2023 07:52,4.4,1.05,79.11,0,NaN,,0,,0,10
3/31/2023 08:52,6.1,2.15,76.05,0,NaN,4,9,,190,10
3/31/2023 09:52,7.2,2.74,73.59,0,NaN,5,9,,200,10
3/31/2023 10:52,8.9,4.35,73.39,0,NaN,6,17,,190,10
3/31/2023 11:52,10.6,5.55,71.19,0,NaN,,19,,190,10
3/31/2023 12:52,12.8,6.04,63.74,0,NaN,,19,,220,10
3/31/2023 13:52,14.4,6.64,59.87,0,NaN,,17,,210,10
3/31/2023 14:52,15.6,6.64,55.42,0,NaN,,22,41,220,10
3/31/2023 15:52,16.1,6.64,53.68,0,NaN,,20,31,200,10
3/31/2023 16:52,16.1,7.14,55.56,0,NaN,,15,,210,10
3/31/2023 17:52,17.2,7.14,51.81,0,NaN,,17,,200,10
3/31/2023 18:52,17.2,7.14,51.81,0,NaN,,35,70,210,10
3/31/2023 19:52,15.6,8.25,61.82,0,NaN,,24,50,200,10
3/31/2023 20:52,14.4,9.36,71.93,0,NaN,,30,44,210,10
3/31/2023 21:52,14.4,9.96,74.88,0,NaN,,22,,200,10
3/31/2023 22:52,15,11.07,77.52,0,NaN,,28,44,210,10
3/31/2023 23:52,15.6,11.67,77.61,0,NaN,,33,46,200,10
4/1/2023 00:52,15.6,12.17,80.21,2.54,NaN,,30,54,210,10
4/1/2023 01:52,15.6,13.28,86.2,25.4,NaN,,28,57,200,10
4/1/2023 02:52,15.6,13.89,89.63,25.4,NaN,,39,57,200,10
4/1/2023 03:52,16.1,14.39,89.67,0,NaN,,33,50,200,10
4/1/2023 04:52,16.7,13.88,83.56,0,NaN,,24,63,210,10
4/1/2023 05:52,17.2,13.88,80.96,0,NaN,,41,69,210,10
4/1/2023 06:52,17.8,14.38,80.52,2.54,NaN,,44,70,200,10
4/1/2023 07:52,17.8,14.98,83.69,2.54,NaN,,41,57,210,10
4/1/2023 08:52,17.2,14.99,86.92,50.8,NaN,,33,54,210,10
4/1/2023 09:52,15.6,13.89,89.63,330.2,NaN,,9,28,250,5
4/1/2023 10:52,15.6,12.78,83.43,25.4,NaN,,9,,250,10
4/1/2023 11:52,16.1,14.39,89.67,76.2,NaN,,7,,220,10
4/1/2023 12:52,20.6,13.87,65.49,0,NaN,,17,,230,10
4/1/2023 13:52,22.2,13.28,57.12,0,NaN,,20,35,200,10
4/1/2023 14:52,23.9,10.58,43.15,0,NaN,,26,50,190,10
4/1/2023 15:52,24.4,10.59,41.88,0,NaN,,26,48,220,10
4/1/2023 16:52,24.4,11.69,45.04,0,NaN,,30,57,200,10
4/1/2023 17:52,24.4,5.59,29.81,2.54,NaN,,17,35,250,10
4/1/2023 18:52,20.6,4.95,36.01,2.54,NaN,,30,41,300,10
4/1/2023 19:52,16.7,5.53,47.9,2.54,NaN,,43,74,310,10
4/1/2023 20:52,11.1,4.33,63.34,2.54,NaN,,48,93,300,10
4/1/2023 21:52,9.4,0.51,54.15,2.54,NaN,5,41,70,320,10
4/1/2023 22:52,8.9,-1.81,47.35,0,NaN,4,52,72,290,10
4/1/2023 23:52,8.9,-1.81,47.35,0,NaN,4,52,91,310,10
4/2/2023 00:52,8.9,-1.81,47.35,0,NaN,5,28,48,280,10
4/2/2023 01:52,8.9,-1.2,49.48,0,NaN,5,33,46,300,10
4/2/2023 02:52,8.9,-0.7,51.33,0,NaN,5,30,46,300,10
4/2/2023 03:52,8.3,-0.7,53.45,0,NaN,4,30,61,300,10
4/2/2023 04:52,7.2,-0.08,60.19,0,NaN,3,26,,290,10
4/2/2023 05:52,7.8,-0.69,55.3,0,NaN,4,24,44,300,10
4/2/2023 06:52,7.8,-0.69,55.3,0,NaN,5,20,46,300,10
4/2/2023 07:52,7.8,-0.69,55.3,0,NaN,4,30,50,340,10
4/2/2023 08:52,7.8,-1.81,51.01,0,NaN,3,33,52,330,10
4/2/2023 09:52,7.8,-1.81,51.01,0,NaN,3,33,48,340,10
4/2/2023 10:52,8.9,-2.31,45.63,0,NaN,5,31,46,330,10
4/2/2023 11:52,10,-2.31,42.38,0,NaN,7,20,43,340,10
4/2/2023 12:52,11.1,-2.31,39.38,0,NaN,,28,43,320,10
4/2/2023 13:52,11.7,-2.92,36.2,0,NaN,,15,33,310,10
4/2/2023 14:52,12.2,-3.41,33.75,0,NaN,,9,30,320,10
4/2/2023 15:52,12.8,-4.01,31.02,0,NaN,,17,37,280,10
4/2/2023 16:52,13.3,-4.01,30.02,0,NaN,,20,28,320,10
4/2/2023 17:52,13.3,-4.01,30.02,0,NaN,,13,,290,10
4/2/2023 18:52,12.8,-4.51,29.88,0,NaN,,15,,330,10
4/2/2023 19:52,11.1,-4.52,33.42,0,NaN,,13,,340,10
4/2/2023 20:52,7.8,-3.42,45.3,0,NaN,,0,,0,10
4/2/2023 21:52,5.6,-2.3,57.19,0,NaN,,0,,0,10
4/2/2023 22:52,3.3,-1.77,69.71,0,NaN,,0,,0,10
4/2/2023 23:52,3.9,-1.78,66.82,0,NaN,,0,,0,10
4/3/2023 00:52,2.2,-1.76,75.37,0,NaN,,0,,0,10
4/3/2023 01:52,3.9,-2.28,64.4,0,NaN,2,9,,160,10
4/3/2023 02:52,2.8,-1.77,72.22,0,NaN,,0,,0,10
4/3/2023 03:52,2.2,-1.76,75.37,0,NaN,1,6,,170,10
4/3/2023 04:52,1.1,-2.25,78.59,0,NaN,,0,,0,10
4/3/2023 05:52,1.1,-1.74,81.55,0,NaN,-1,6,,200,10
4/3/2023 06:52,0.6,-1.74,84.55,0,NaN,,0,,0,10
4/3/2023 07:52,3.3,-0.05,78.94,0,NaN,1,7,,150,10
4/3/2023 08:52,8.9,3.23,67.92,0,NaN,6,20,33,180,10
4/3/2023 09:52,11.1,4.33,63.34,0,NaN,,30,43,190,10
4/3/2023 10:52,13.3,5.53,59.6,0,NaN,,20,,190,10
4/3/2023 11:52,16.1,6.03,51.51,0,NaN,,20,33,190,10
4/3/2023 12:52,18.3,5.54,43.3,0,NaN,,26,43,190,10
4/3/2023 13:52,20,5.55,38.95,0,NaN,,30,44,180,10
4/3/2023 14:52,21.7,5.56,35.09,0,NaN,,28,44,200,10
4/3/2023 15:52,21.1,5.56,36.4,0,NaN,,24,46,220,10
4/3/2023 16:52,21.7,6.06,36.33,0,NaN,,24,39,200,10
4/3/2023 17:52,21.1,6.06,37.69,0,NaN,,28,,190,10
4/3/2023 18:52,20.6,7.15,41.91,0,NaN,,17,31,180,10
4/3/2023 19:52,19.4,7.15,45.14,0,NaN,,13,,160,10
4/3/2023 20:52,20,6.05,40.33,0,NaN,,26,,200,10
4/3/2023 21:52,18.9,7.15,46.57,0,NaN,,17,31,190,10
4/3/2023 22:52,17.8,6.64,48.21,0,NaN,,22,,190,10
4/3/2023 23:52,16.7,6.64,51.67,0,NaN,,15,,180,10
4/4/2023 00:52,16.1,6.64,53.68,0,NaN,,15,,200,10
4/4/2023 01:52,15,7.14,59.61,0,NaN,,15,,190,10
4/4/2023 02:52,13.9,7.14,64,0,NaN,,9,,200,10
4/4/2023 03:52,15,7.74,62.1,0,NaN,,13,,180,10
4/4/2023 04:52,13.9,8.25,68.98,0,NaN,,13,,190,10
4/4/2023 05:52,13.3,8.25,71.72,0,NaN,,11,,190,10
4/4/2023 06:52,12.8,8.26,74.1,0,NaN,,9,,200,10
4/4/2023 07:52,14.4,8.85,69.55,0,NaN,,9,,210,10
4/4/2023 08:52,16.7,9.35,62.08,0,NaN,,13,,210,10
4/4/2023 09:52,18.9,9.96,56.28,0,NaN,,17,,220,10
4/4/2023 10:52,20.6,10.56,52.73,0,NaN,,11,,0,10
4/4/2023 11:52,23.3,9.98,42.98,0,NaN,,6,,0,10
4/4/2023 12:52,23.3,7.78,37.05,0,NaN,,0,,0,10
4/4/2023 13:52,25,8.3,34.62,0,NaN,,15,,170,10
4/4/2023 14:52,26.1,8.91,33.78,0,NaN,,17,30,220,10
4/4/2023 15:52,27.2,10.62,35.49,0,26.79,,20,31,190,10
4/4/2023 16:52,27.2,10.62,35.49,0,26.79,,22,37,220,10
4/4/2023 17:52,27.2,11.12,36.69,0,26.84,,9,,180,10
4/4/2023 18:52,26.7,11.12,37.78,0,26.41,,15,,200,10
4/4/2023 19:52,25,10.6,40.41,0,NaN,,7,,170,10
4/4/2023 20:52,22.2,10.57,47.81,0,NaN,,9,,130,10
4/4/2023 21:52,21.7,11.07,50.96,0,NaN,,11,,150,10
4/4/2023 22:52,21.7,12.77,56.99,0,NaN,,11,,160,10
4/4/2023 23:52,20.6,13.27,62.99,0,NaN,,9,,150,10
4/5/2023 00:52,20,13.87,67.96,0,NaN,,7,,180,10
4/5/2023 01:52,18.3,13.88,75.55,0,NaN,,11,,150,10
4/5/2023 02:52,18.9,13.87,72.77,0,NaN,,6,,170,10
4/5/2023 03:52,17.2,13.27,77.86,0,NaN,,7,,150,10
4/5/2023 05:52,16.7,13.88,83.56,0,NaN,,6,,160,10
4/5/2023 06:52,14.4,12.79,90.12,0,NaN,,7,,0,10
4/5/2023 07:52,17.8,14.98,83.69,0,NaN,,9,,140,10
4/5/2023 08:52,20.6,15.58,73.07,0,NaN,,13,,180,10
4/5/2023 09:52,22.2,15.58,66.26,0,NaN,,17,,190,10
4/5/2023 10:52,25,16.1,57.81,0,NaN,,19,,190,10
4/5/2023 11:52,27.8,16.72,50.94,0,28.31,,26,35,190,10
4/5/2023 12:52,28.9,16.73,47.79,0,29.28,,20,,180,10
4/5/2023 13:52,30.6,15.06,38.89,0,30.26,,22,41,190,10
4/5/2023 14:52,30.6,15.06,38.89,0,30.26,,24,52,190,10
4/5/2023 15:52,30.6,15.66,40.41,0,30.46,,28,41,190,10
4/5/2023 16:52,30,15.65,41.82,0,29.91,,28,46,190,10
4/5/2023 17:52,29.4,15.04,41.65,0,29.19,,30,56,190,10
4/5/2023 18:52,28.9,15.63,44.55,0,28.93,,24,39,190,10
4/5/2023 19:52,27.8,15.02,45.7,0,27.89,,22,,180,10
4/5/2023 20:52,27.2,15.61,49.18,0,27.56,,22,,190,10
4/5/2023 21:52,27.2,15.61,49.18,0,27.56,,20,44,190,10
4/5/2023 22:52,26.1,16.11,54.17,0,NaN,,17,33,180,10
4/5/2023 23:52,26.1,16.11,54.17,0,NaN,,22,,190,10
4/6/2023 00:52,25.6,16.1,55.79,0,NaN,,20,,220,10
4/6/2023 01:52,23.9,14.99,57.54,0,NaN,,28,,300,10
4/6/2023 02:52,22.2,15.58,66.26,0,NaN,,13,,300,10
4/6/2023 03:52,21.7,15.58,68.31,0,NaN,,6,,340,10
4/6/2023 04:52,18.3,14.98,81.11,0,NaN,,0,,0,10
4/6/2023 05:52,17.2,14.99,86.92,0,NaN,,6,,180,10
4/6/2023 06:52,16.7,14.38,86.31,0,NaN,,0,,0,10
4/6/2023 07:52,17.8,15.59,86.98,0,NaN,,0,,0,10
4/6/2023 08:52,20.6,16.68,78.38,0,NaN,,0,,0,10
4/6/2023 09:52,22.8,15.59,63.9,0,NaN,,7,,200,10
4/6/2023 10:52,25,15.6,56,0,NaN,,11,,200,10
4/6/2023 11:52,25.6,15.6,54.04,0,NaN,,7,,190,10
4/6/2023 12:52,27.2,14.42,45.53,0,27.33,,9,,0,10
4/6/2023 13:52,29.4,15.04,41.65,0,29.19,,11,,0,10
4/6/2023 14:52,29.4,15.64,43.29,0,29.37,,9,,210,10
4/6/2023 15:52,28.9,15.63,44.55,0,28.93,,9,,300,10
4/6/2023 16:52,28.9,15.04,42.87,0,28.77,,13,,330,10
4/6/2023 17:52,26.1,14.41,48.57,2.54,NaN,,20,,360,10
4/6/2023 18:52,20,16.08,78.29,254,NaN,,22,,350,10
4/6/2023 19:52,17.8,13.88,77.95,76.2,NaN,,26,33,350,7
4/6/2023 20:52,17.2,9.96,62.62,2.54,NaN,,28,39,350,10
4/6/2023 21:52,16.7,7.74,55.71,0,NaN,,22,37,350,10
4/6/2023 22:52,16.1,4.33,45.77,0,NaN,,24,37,340,10
4/6/2023 23:52,15,1.01,38.85,0,NaN,,28,41,350,10
4/7/2023 00:52,13.9,-0.7,36.87,0,NaN,,26,41,340,10
4/7/2023 01:52,12.8,0.5,43.22,0,NaN,,20,33,340,10
4/7/2023 02:52,12.8,1,44.8,0,NaN,,15,,340,10
4/7/2023 03:52,12.8,0.5,43.22,0,NaN,,13,,330,10
4/7/2023 04:52,12.2,-0.1,43.04,0,NaN,,15,,340,10
4/7/2023 05:52,12.2,-1.21,39.72,0,NaN,,22,,340,10
4/7/2023 06:52,12.2,-1.81,38,0,NaN,,20,35,360,10
4/7/2023 07:52,12.2,-2.31,36.63,0,NaN,,20,,350,10
4/7/2023 08:52,11.7,-1.21,41.05,0,NaN,,17,,350,10
4/7/2023 09:52,11.7,-3.42,34.88,2.54,NaN,,22,37,340,10
4/7/2023 10:52,10.6,-1.21,44.15,2.54,NaN,,13,,330,10
4/7/2023 11:52,11.1,-2.91,37.67,2.54,NaN,,15,,320,10
4/7/2023 12:52,12.8,-3.41,32.45,0,NaN,,13,,350,10
4/7/2023 13:52,11.7,-3.42,34.88,0,NaN,,13,,300,10
4/7/2023 14:52,11.7,-3.42,34.88,0,NaN,,15,,300,10
4/7/2023 15:52,11.7,-5.12,30.69,0,NaN,,11,,320,10
4/7/2023 16:52,11.7,-5.72,29.32,0,NaN,,9,,310,10
4/7/2023 17:52,11.7,-5.12,30.69,0,NaN,,6,,260,10
4/7/2023 18:52,11.1,-2.91,37.67,0,NaN,,6,,250,10
4/7/2023 19:52,10.6,-2.92,38.94,0,NaN,,7,,250,10
4/7/2023 20:52,8.9,-0.09,53.62,0,NaN,,0,,0,10
4/7/2023 21:52,8.9,2.73,65.56,0,NaN,7,9,,190,10
4/7/2023 22:52,8.3,3.24,70.74,0,NaN,8,6,,200,10
4/7/2023 23:52,6.7,3.25,78.9,0,NaN,,0,,0,10
4/8/2023 00:52,6.7,2.14,72.97,0,NaN,,0,,0,10
4/8/2023 01:52,7.8,-1.2,53.31,0,NaN,6,9,,330,10
4/8/2023 02:52,8.9,-5.73,35.35,0,NaN,6,19,,340,10
4/8/2023 03:52,8.3,-5.73,36.81,0,NaN,5,19,,350,10
4/8/2023 04:52,8.3,-6.83,33.84,0,NaN,6,13,,10,10
4/8/2023 05:52,7.2,-6.84,36.47,0,NaN,4,17,,10,10
4/8/2023 06:52,6.7,-6.23,39.52,0,NaN,4,13,,20,10
4/8/2023 07:52,6.7,-5.12,42.98,0,NaN,3,19,,30,10
4/8/2023 08:52,7.8,-4.02,43.31,0,NaN,5,20,33,40,10
4/8/2023 09:52,8.3,-4.52,40.32,0,NaN,5,22,,30,10
4/8/2023 10:52,9.4,-4.02,38.87,0,NaN,7,19,,20,10
4/8/2023 11:52,11.1,-3.42,36.29,0,NaN,,17,,10,10
4/8/2023 12:52,11.1,-4.52,33.42,0,NaN,,7,,40,10
4/8/2023 13:52,11.1,-6.82,28.05,0,NaN,,15,,70,10
4/8/2023 14:52,11.1,-6.22,29.37,0,NaN,,7,,70,10
4/8/2023 15:52,11.7,-6.22,28.22,0,NaN,,7,,70,10
4/8/2023 16:52,11.1,-6.82,28.05,0,NaN,,11,,80,10
4/8/2023 17:52,10.6,-7.33,27.9,0,NaN,,6,,0,10
4/8/2023 18:52,10,-4.52,35.96,0,NaN,,0,,0,10
4/8/2023 19:52,8.9,-4.02,40.2,0,NaN,,0,,0,10
4/8/2023 20:52,7.8,-4.52,41.71,0,NaN,7,6,,160,10
4/8/2023 21:52,7.2,-5.73,39.68,0,NaN,,0,,0,10
4/8/2023 22:52,5.6,-3.41,52.7,0,NaN,,0,,0,10
4/8/2023 23:52,3.9,-2.89,61.59,0,NaN,,0,,0,10
4/9/2023 00:52,2.8,-2.27,69.6,0,NaN,,0,,0,10
4/9/2023 01:52,1.7,-2.26,75.28,0,NaN,,0,,0,10
4/9/2023 02:52,1.1,-2.86,75.17,0,NaN,,0,,0,10
4/9/2023 03:52,-0.6,-3.34,81.92,0,NaN,,0,,0,10
4/9/2023 04:52,-0.6,-2.84,85.03,0,NaN,,0,,0,10
4/9/2023 05:52,0,-2.84,81.4,0,NaN,-2,6,,300,10
4/9/2023 06:52,-0.6,-3.34,81.92,0,NaN,,0,,0,10
4/9/2023 07:52,2.2,-1.15,78.77,0,NaN,,7,,310,10
4/9/2023 08:52,7.8,-0.69,55.3,0,NaN,,0,,0,10
4/9/2023 09:52,10,-1.81,43.97,0,NaN,9,9,,340,10
4/9/2023 10:52,12.2,-5.12,29.7,0,NaN,,11,,60,10
4/9/2023 11:52,13.3,-4.51,28.92,0,NaN,,7,,0,10
4/9/2023 12:52,14.4,-4.51,26.92,0,NaN,,13,,90,10
4/9/2023 13:52,15,-4.5,25.9,0,NaN,,7,,0,10
4/9/2023 14:52,15.6,-5.69,22.76,0,NaN,,11,,100,10
4/9/2023 15:52,16.7,-5.68,21.22,0,NaN,,9,,70,10
4/9/2023 16:52,17.2,-5.07,21.52,0,NaN,,7,,0,10
4/9/2023 17:52,16.1,-5.69,22.04,0,NaN,,0,,0,10
4/9/2023 18:52,15.6,-5.09,23.82,0,NaN,,7,,60,10
4/9/2023 19:52,12.8,-5.11,28.55,0,NaN,,7,,0,10
4/9/2023 20:52,10.6,-5.73,31.54,0,NaN,,7,,0,10
4/9/2023 21:52,10,-4.52,35.96,0,NaN,9,7,,0,10
4/9/2023 22:52,6.7,-2.3,53.01,0,NaN,6,6,,0,10
4/9/2023 23:52,6.7,-2.3,53.01,0,NaN,6,6,,0,10
4/10/2023 00:52,7.8,-2.31,49.16,0,NaN,6,11,,190,10
4/10/2023 01:52,6.1,-1.8,57.32,0,NaN,4,9,,180,10
4/10/2023 02:52,3.9,-1.78,66.82,0,NaN,2,9,,190,10
4/10/2023 03:52,4.4,-2.29,62.18,0,NaN,2,11,,190,10
4/10/2023 04:52,4.4,-2.29,62.18,0,NaN,3,7,,0,10
4/10/2023 05:52,3.3,-2.28,67.18,0,NaN,1,7,,0,10
4/10/2023 06:52,3.3,-1.77,69.71,0,NaN,2,6,,160,10
4/10/2023 07:52,6.7,-0.69,59.62,0,NaN,5,7,,0,10
4/10/2023 08:52,8.9,-0.09,53.62,0,NaN,7,11,,200,10
4/10/2023 09:52,11.7,-0.1,44.48,0,NaN,,13,,230,10
4/10/2023 10:52,13.9,-1.2,35.55,0,NaN,,11,,210,10
4/10/2023 11:52,15.6,-0.69,33.05,0,NaN,,0,,0,10
4/10/2023 12:52,16.7,-3.38,25.24,0,NaN,,11,,230,10
4/10/2023 13:52,17.8,-3.97,22.51,0,NaN,,6,,0,10
4/10/2023 14:52,17.8,-4.47,21.68,0,NaN,,9,,0,10
4/10/2023 15:52,19.4,-4.45,19.62,0,NaN,,9,,0,10
4/10/2023 16:52,18.9,-6.75,16.98,0,NaN,,9,,260,10
4/10/2023 17:52,18.9,-4.45,20.24,0,NaN,,9,,0,10
4/10/2023 18:52,17.8,-3.97,22.51,0,NaN,,7,,240,10
4/10/2023 19:52,15,-4.5,25.9,0,NaN,,7,,160,10
4/10/2023 20:52,13.9,-2.91,31.35,0,NaN,,9,,170,10
4/10/2023 21:52,12.2,-1.21,39.72,0,NaN,,9,,170,10
4/10/2023 22:52,11.1,-0.7,44.3,0,NaN,,11,,180,10
4/10/2023 23:52,8.9,-0.09,53.62,0,NaN,7,13,,190,10
4/11/2023 00:52,8.3,-0.7,53.45,0,NaN,6,13,,190,10
4/11/2023 01:52,7.8,-1.2,53.31,0,NaN,6,9,,190,10
4/11/2023 02:52,7.2,-1.2,55.54,0,NaN,6,6,,190,10
4/11/2023 03:52,6.7,-1.8,55,0,NaN,6,6,,180,10
4/11/2023 04:52,6.1,-1.8,57.32,0,NaN,5,7,,180,10
4/11/2023 05:52,6.1,-1.8,57.32,0,NaN,5,7,,170,10
4/11/2023 06:52,6.1,-1.8,57.32,0,NaN,5,6,,180,10
4/11/2023 07:52,8.3,-0.09,55.84,0,NaN,7,7,,200,10
4/11/2023 08:52,10.6,-0.1,47.84,0,NaN,,0,,0,10
4/11/2023 09:52,13.9,1.01,41.71,0,NaN,,0,,0,10
4/11/2023 10:52,18.3,1.63,32.89,0,NaN,,7,,0,10
4/11/2023 11:52,21.1,1.06,26.49,0,NaN,,7,,0,10
4/11/2023 12:52,22.8,-2.8,17.95,0,NaN,,20,31,320,10
4/11/2023 13:52,23.3,-3.29,16.78,0,NaN,,9,31,300,10
4/11/2023 14:52,25,-1.67,17.07,0,NaN,,17,,300,10
4/11/2023 15:52,25.6,-2.75,15.18,0,NaN,,15,,290,10
4/11/2023 16:52,25,-3.25,15.16,0,NaN,,19,30,220,10
4/11/2023 17:52,25,-4.94,13.34,0,NaN,,17,,280,10
4/11/2023 18:52,23.9,-4.97,14.24,0,NaN,,11,,260,10
4/11/2023 19:52,17.2,0.52,32.57,0,NaN,,9,,0,10
4/11/2023 20:52,15.6,1.01,37.38,0,NaN,,7,,210,10
4/11/2023 21:52,12.2,1,46.6,0,NaN,,6,,230,10
4/11/2023 22:52,14.4,-1.2,34.41,0,NaN,,0,,0,10
4/11/2023 23:52,11.1,-0.7,44.3,0,NaN,,0,,0,10
4/12/2023 00:52,9.4,0.51,54.15,0,NaN,,0,,0,10
4/12/2023 01:52,10.6,-0.7,45.8,0,NaN,,6,,180,10
4/12/2023 02:52,12.2,1,46.6,0,NaN,,9,,240,10
4/12/2023 03:52,14.4,-0.1,37.29,0,NaN,,9,,260,10
4/12/2023 04:52,17.2,-2.28,26.54,0,NaN,,7,,240,10
4/12/2023 05:52,15.6,-2.29,29.38,0,NaN,,9,,260,10
4/12/2023 06:52,16.7,-1.79,28.42,0,NaN,,11,,270,10
4/12/2023 07:52,17.8,0.53,31.36,0,NaN,,15,,270,10
4/12/2023 08:52,21.1,0.56,25.55,0,NaN,,17,,270,10
4/12/2023 09:52,23.3,2.79,26.17,0,NaN,,20,,280,10
4/12/2023 10:52,25,4.41,26.46,0,NaN,,30,39,310,10
4/12/2023 11:52,25.6,4.41,25.53,0,NaN,,31,43,320,10
4/12/2023 12:52,26.7,5.03,24.95,0,26.08,,28,43,330,10
4/12/2023 13:52,27.8,5.65,24.4,0,26.73,,22,41,290,10
4/12/2023 14:52,28.3,5.66,23.7,0,27.06,,19,39,300,10
4/12/2023 15:52,28.9,5.07,21.95,0,27.44,,22,35,280,10
4/12/2023 16:52,28.9,3.98,20.33,0,27.39,,26,41,290,10
4/12/2023 17:52,28.9,3.38,19.48,0,27.37,,17,35,290,10
4/12/2023 18:52,27.8,4.45,22.44,0,26.67,,15,,280,10
4/12/2023 19:52,25,3.91,25.55,0,NaN,,7,,280,10
4/12/2023 20:52,18.3,6.04,44.83,0,NaN,,6,,280,10
4/12/2023 21:52,16.7,5.53,47.9,0,NaN,,6,,190,10
4/12/2023 22:52,18.9,4.94,40,0,NaN,,0,,0,10
4/12/2023 23:52,13.9,6.03,59.33,0,NaN,,7,,200,10
4/13/2023 00:52,16.1,5.53,49.76,0,NaN,,7,,210,10
4/13/2023 01:52,12.2,6.04,66.3,0,NaN,,9,,150,10
4/13/2023 02:52,12.2,5.54,64.04,0,NaN,,0,,0,10
4/13/2023 03:52,10.6,5.55,71.19,0,NaN,,7,,140,10
4/13/2023 04:52,9.4,5.56,77.15,0,NaN,9,6,,180,10
4/13/2023 05:52,9.4,4.95,73.99,0,NaN,,0,,0,10
4/13/2023 06:52,8.3,4.96,79.7,0,NaN,,0,,0,10
4/13/2023 07:52,13.3,8.86,74.69,0,NaN,,0,,0,10
4/13/2023 08:52,19.4,7.15,45.14,0,NaN,,0,,0,10
4/13/2023 09:52,24.4,7.19,33.29,0,NaN,,0,,0,10
4/13/2023 10:52,26.7,6.13,26.93,0,26.13,,11,,340,10
4/13/2023 11:52,27.2,5.64,25.27,0,26.64,,15,,320,10
4/13/2023 12:52,28.3,6.15,24.53,0,27.09,,0,,0,10
4/13/2023 13:52,29.4,5.08,21.33,0,27.8,,6,,0,10
4/13/2023 14:52,30.6,4.52,19.1,0,28.71,,11,,280,10
4/13/2023 15:52,30.6,5.11,19.91,0,28.73,,17,,190,10
4/13/2023 16:52,30,4,19.08,0,28.21,,17,31,220,10
4/13/2023 17:52,30,4.5,19.76,0,28.23,,7,,210,10
4/13/2023 18:52,28.3,4.47,21.8,0,27,,13,,200,10
4/13/2023 19:52,23.3,3.88,28.28,0,NaN,,9,,200,10
4/13/2023 20:52,21.1,3.86,32.33,0,NaN,,7,,160,10
4/13/2023 21:52,19.4,4.94,38.78,0,NaN,,6,,170,10
4/13/2023 22:52,19.4,4.94,38.78,0,NaN,,7,,180,10
4/13/2023 23:52,20,6.05,40.33,0,NaN,,11,,190,10
4/14/2023 00:52,18.9,6.04,43.18,0,NaN,,11,,180,10
4/14/2023 01:52,18.3,6.04,44.83,0,NaN,,9,,190,10
4/14/2023 02:52,17.2,6.64,50.06,0,NaN,,0,,0,10
4/14/2023 03:52,16.1,6.64,53.68,0,NaN,,11,,190,10
4/14/2023 04:52,16.7,6.03,49.58,0,NaN,,6,,190,10
4/14/2023 05:52,14.4,6.04,57.45,0,NaN,,6,,170,10
4/14/2023 06:52,14.4,6.04,57.45,0,NaN,,6,,180,10
4/14/2023 07:52,16.7,7.74,55.71,0,NaN,,13,,200,10
4/14/2023 08:52,18.3,7.75,50.37,0,NaN,,15,,190,10
4/14/2023 09:52,20.6,8.86,47.05,0,NaN,,11,,170,10
4/14/2023 10:52,22.8,8.87,41.14,0,NaN,,9,,150,10
4/14/2023 11:52,25.6,8.9,34.79,0,NaN,,9,,0,10
4/14/2023 12:52,26.1,8.91,33.78,0,NaN,,11,,210,10
4/14/2023 13:52,28.3,7.85,27.56,0,27.21,,15,,220,10
4/14/2023 14:52,26.1,7.81,31.35,0,NaN,,13,,210,10
4/14/2023 15:52,26.1,11.11,39.14,0,NaN,,9,,200,10
4/14/2023 16:52,25.6,13.3,46.58,0,NaN,,19,,150,10
4/14/2023 17:52,25,15.6,56,0,NaN,,24,35,180,10
4/14/2023 18:52,23.3,16.09,64.01,0,NaN,,17,,180,10
4/14/2023 19:52,21.1,17.19,78.45,2.54,NaN,,13,,160,10
4/14/2023 20:52,20,17.19,83.95,2.54,NaN,,11,,170,10
4/14/2023 21:52,18.9,17.19,89.88,0,NaN,,11,,170,10
4/14/2023 22:52,18.3,17.19,93.31,0,NaN,,9,,170,10
4/14/2023 23:52,18.9,17.19,89.88,0,NaN,,0,,0,10
4/15/2023 00:52,18.3,17.19,93.31,0,NaN,,6,,180,10
4/15/2023 01:52,18.9,17.19,89.88,0,NaN,,9,,150,10
4/15/2023 02:52,18.3,17.19,93.31,0,NaN,,0,,0,10
4/15/2023 03:52,18.9,17.19,89.88,0,NaN,,7,,150,10
4/15/2023 04:52,18.9,17.19,89.88,0,NaN,,9,,170,10
4/15/2023 05:52,18.9,17.19,89.88,0,NaN,,6,,200,10
4/15/2023 06:52,18.3,16.69,90.41,0,NaN,,0,,0,10
4/15/2023 07:52,18.3,16.69,90.41,0,NaN,,6,,180,10
4/15/2023 08:52,19.4,16.69,84.41,0,NaN,,7,,180,10
4/15/2023 09:52,20,16.68,81.33,25.4,NaN,,0,,0,7
4/15/2023 10:52,22.2,16.08,68.41,2.54,NaN,,7,,190,10
4/15/2023 11:52,23.9,16.09,61.74,0,NaN,,9,,170,10
4/15/2023 12:52,25,13.9,50.19,0,NaN,,0,,0,10
4/15/2023 13:52,25,13.3,48.27,0,NaN,,0,,0,10
4/15/2023 14:52,23.3,13.28,53.44,2.54,NaN,,19,,20,10
4/15/2023 15:52,21.1,16.08,73.16,25.4,NaN,,11,,320,10
4/15/2023 16:52,22.8,16.09,65.97,2.54,NaN,,7,,290,10
4/15/2023 17:52,22.2,13.88,59.39,0,NaN,,7,,330,10
4/15/2023 18:52,23.3,13.88,55.57,0,NaN,,0,,0,10
4/15/2023 19:52,20,14.98,72.97,0,NaN,,6,,220,10
4/15/2023 20:52,18.9,14.98,78.12,0,NaN,,0,,0,10
4/15/2023 21:52,17.2,14.38,83.62,2.54,NaN,,6,,160,10
4/15/2023 22:52,18.3,14.98,81.11,0,NaN,,9,,170,10
4/15/2023 23:52,17.8,14.98,83.69,0,NaN,,7,,200,10
4/16/2023 00:52,17.8,14.98,83.69,0,NaN,,11,,200,10
4/16/2023 01:52,16.7,14.99,89.71,0,NaN,,7,,200,10
4/16/2023 02:52,15.6,13.89,89.63,0,NaN,,7,,160,10
4/16/2023 03:52,15.6,13.89,89.63,0,NaN,,0,,0,10
4/16/2023 04:52,14.4,13.9,96.82,0,NaN,,0,,0,10
4/16/2023 05:52,13.3,12.8,96.79,0,NaN,,0,,0,10
4/16/2023 06:52,12.8,12.19,96.14,0,NaN,,0,,0,10
4/16/2023 07:52,16.1,14.99,93.2,0,NaN,,0,,0,10
4/16/2023 08:52,20,15.58,75.83,0,NaN,,6,,190,10
4/16/2023 09:52,22.2,14.38,61.34,0,NaN,,6,,200,10
4/16/2023 10:52,25.6,13.9,48.43,0,NaN,,9,,190,10
4/16/2023 11:52,26.1,13.9,47.02,0,NaN,,9,,150,10
4/16/2023 12:52,27.8,13.33,40.94,0,27.55,,17,28,190,10
4/16/2023 13:52,26.1,12.81,43.77,0,NaN,,15,,140,10
4/16/2023 14:52,26.7,13.31,43.66,0,26.57,,20,30,140,10
4/16/2023 15:52,26.1,13.9,47.02,0,NaN,,15,,150,10
4/16/2023 16:52,25.6,13.9,48.43,0,NaN,,22,,150,10
4/16/2023 17:52,24.4,14.39,53.73,0,NaN,,13,,160,10
4/16/2023 18:52,25,13.3,48.27,0,NaN,,17,30,170,10
4/16/2023 19:52,23.9,13.89,53.6,0,NaN,,17,,190,10
4/16/2023 20:52,23.3,13.88,55.57,0,NaN,,13,,160,10
4/16/2023 21:52,22.8,13.88,57.27,0,NaN,,13,,180,10
4/16/2023 22:52,22.2,14.38,61.34,0,NaN,,13,,190,10
4/16/2023 23:52,21.7,14.98,65.73,0,NaN,,15,,210,10
4/17/2023 00:52,17.2,9.96,62.62,2.54,NaN,,33,50,310,10
4/17/2023 01:52,15,10.57,74.99,0,NaN,,17,,320,10
4/17/2023 02:52,15,11.07,77.52,0,NaN,,13,,320,10
4/17/2023 03:52,13.9,11.08,83.23,0,NaN,,15,,330,10
4/17/2023 04:52,14.4,11.07,80.58,0,NaN,,22,,320,10
4/17/2023 05:52,13.9,11.08,83.23,0,NaN,,26,41,310,9
4/17/2023 06:52,12.8,8.86,77.17,0,NaN,,20,37,320,7
4/17/2023 07:52,12.2,1.61,48.65,0,NaN,,11,,300,7
4/17/2023 08:52,14.4,1.01,40.38,0,NaN,,11,,0,8
4/17/2023 09:52,15,-0.09,35.88,0,NaN,,11,31,0,10
4/17/2023 10:52,16.7,0.52,33.62,0,NaN,,15,,260,10
4/17/2023 11:52,17.8,0.53,31.36,0,NaN,,20,31,220,10
4/17/2023 12:52,17.8,1.02,32.51,0,NaN,,11,,0,10
4/17/2023 13:52,17.8,0.53,31.36,0,NaN,,20,41,210,10
4/17/2023 14:52,18.9,1.04,30.35,0,NaN,,22,33,260,10
4/17/2023 15:52,18.3,0.53,30.39,0,NaN,,22,46,280,10
4/17/2023 16:52,17.8,0.53,31.36,0,NaN,,19,33,260,10
4/17/2023 17:52,17.2,-0.08,31.18,0,NaN,,19,35,270,10
4/17/2023 18:52,15.6,0.51,36.06,0,NaN,,20,,310,10
4/17/2023 19:52,14.4,-0.1,37.29,0,NaN,,17,,340,10
4/17/2023 20:52,13.9,-0.1,38.52,0,NaN,,15,,330,10
4/17/2023 21:52,13.3,-0.1,40.05,0,NaN,,11,,340,10
4/17/2023 22:52,12.8,-0.1,41.38,0,NaN,,13,,320,10
4/17/2023 23:52,12.8,0.5,43.22,0,NaN,,15,,330,10
4/18/2023 00:52,11.7,1.01,48.16,0,NaN,,13,,340,10
4/18/2023 01:52,11.1,1.01,50.11,0,NaN,,11,,300,10
4/18/2023 02:52,9.4,1.62,58.61,0,NaN,8,7,,190,10
4/18/2023 03:52,7.8,1.63,65.31,0,NaN,7,7,,190,10
4/18/2023 04:52,9.4,0.51,54.15,0,NaN,7,13,,250,10
4/18/2023 05:52,7.2,1.03,65.17,0,NaN,5,11,,200,10
4/18/2023 06:52,6.1,1.03,70.29,0,NaN,5,7,,210,10
4/18/2023 07:52,9.4,1.01,56.14,0,NaN,7,13,,210,10
4/18/2023 08:52,13.3,-0.1,40.05,0,NaN,,9,,200,10
4/18/2023 09:52,15.6,-3.99,25.88,0,NaN,,22,35,230,10
4/18/2023 10:52,16.7,-4.48,23.24,0,NaN,,24,39,240,10
4/18/2023 11:52,18.3,-5.66,19.18,0,NaN,,28,39,250,10
4/18/2023 13:52,21.7,-6.7,14.29,0,NaN,,26,46,280,10
4/18/2023 14:52,22.2,-5.59,15.08,0,NaN,,33,48,300,10
4/18/2023 15:52,22.2,-7.18,13.34,0,NaN,,33,48,290,10
4/18/2023 16:52,22.2,-7.78,12.73,0,NaN,,20,43,270,10
4/18/2023 17:52,21.7,-7.78,13.13,0,NaN,,31,41,300,10
4/18/2023 18:52,20,-6.73,15.86,0,NaN,,19,,330,10
4/18/2023 19:52,17.2,-6.17,19.79,0,NaN,,13,,330,10
4/18/2023 20:52,15.6,-5.09,23.82,0,NaN,,13,,330,10
4/18/2023 21:52,13.3,-0.1,40.05,0,NaN,,20,,30,10
4/18/2023 22:52,11.7,-0.1,44.48,0,NaN,,20,,30,10
4/18/2023 23:52,10,-0.7,47.67,0,NaN,8,15,,40,10
4/19/2023 00:52,7.8,-1.2,53.31,0,NaN,6,11,,40,10
4/19/2023 01:52,7.2,-0.69,57.61,0,NaN,5,9,,40,10
4/19/2023 02:52,4.4,-1.17,67.43,0,NaN,,0,,0,10
4/19/2023 03:52,2.8,-1.16,75.48,0,NaN,,0,,0,10
4/19/2023 04:52,2.2,-1.15,78.77,0,NaN,,0,,0,10
4/19/2023 05:52,1.7,-1.14,81.63,0,NaN,,0,,0,10
4/19/2023 06:52,1.7,-1.14,81.63,0,NaN,,0,,0,10
4/19/2023 07:52,7.2,1.63,68.04,0,NaN,,0,,0,10
4/19/2023 08:52,11.1,2.11,54.22,0,NaN,,11,,210,10
4/19/2023 09:52,13.9,2.71,47.09,0,NaN,,15,,230,10
4/19/2023 10:52,16.1,0.51,34.92,0,NaN,,13,,290,10
4/19/2023 11:52,17.8,2.73,36.71,0,NaN,,13,,230,10
4/19/2023 12:52,19.4,-0.66,26.01,0,NaN,,6,33,280,10
4/19/2023 13:52,21.7,-1.13,21.76,0,NaN,,17,33,290,10
4/19/2023 14:52,22.8,-1.71,19.48,0,NaN,,17,28,320,10
4/19/2023 15:52,23.3,-3.29,16.78,0,NaN,,9,26,310,10
4/19/2023 16:52,24.4,-3.27,15.71,0,NaN,,0,,0,10
4/19/2023 17:52,23.9,-1.09,19.05,0,NaN,,9,,180,10
4/19/2023 18:52,22.8,1.08,23.88,0,NaN,,15,,210,10
4/19/2023 19:52,21.1,1.66,27.66,0,NaN,,7,,190,10
4/19/2023 20:52,16.1,3.22,42.36,0,NaN,,9,,110,10
4/19/2023 21:52,15.6,3.22,43.73,0,NaN,,9,,140,10
4/19/2023 22:52,15.6,3.22,43.73,0,NaN,,0,,0,10
4/19/2023 23:52,12.2,4.33,58.91,0,NaN,,0,,0,10
4/20/2023 00:52,10.6,4.33,65.48,0,NaN,,0,,0,10
4/20/2023 01:52,10,4.95,71.08,0,NaN,,0,,0,10
4/20/2023 02:52,8.9,4.95,76.53,0,NaN,8,7,,130,10
4/20/2023 03:52,9.4,5.56,77.15,0,NaN,,0,,0,10
4/20/2023 04:52,8.9,5.56,79.79,0,NaN,,0,,0,10
4/20/2023 05:52,10,6.06,76.71,0,NaN,10,6,,320,10
4/20/2023 06:52,10,6.66,79.95,0,NaN,9,7,,340,10
4/20/2023 07:52,13.3,8.25,71.72,0,NaN,,0,,0,10
4/20/2023 08:52,16.7,9.95,64.63,0,NaN,,7,,10,10
4/20/2023 09:52,18.9,10.56,58.58,0,NaN,,9,,20,10
4/20/2023 10:52,21.7,10.57,49.29,0,NaN,,11,,350,10
4/20/2023 11:52,23.9,10.58,43.15,0,NaN,,6,,0,10
4/20/2023 12:52,26.7,10.02,35.11,0,26.34,,7,,20,10
4/20/2023 13:52,28.3,10.04,31.98,0,27.42,,7,,80,10
4/20/2023 14:52,30,7.88,24.99,0,28.44,,6,,0,10
4/20/2023 15:52,31.1,5.72,20.18,0,29.17,,6,,0,10
4/20/2023 16:52,31.1,6.81,21.77,0,29.25,,6,,0,10
4/20/2023 17:52,29.4,7.87,25.87,0,27.98,,17,,160,10
4/20/2023 18:52,28.3,9.44,30.72,0,27.35,,20,,150,10
4/20/2023 19:52,26.1,8.91,33.78,0,NaN,,11,,150,10
4/20/2023 20:52,23.9,9.99,41.46,0,NaN,,11,,140,10
4/20/2023 21:52,23.9,11.09,44.61,0,NaN,,15,,140,10
4/20/2023 22:52,22.2,12.17,53.15,0,NaN,,13,,160,10
4/20/2023 23:52,21.1,12.17,56.84,0,NaN,,9,,160,10
4/21/2023 00:52,20,12.17,60.82,0,NaN,,7,,180,10
4/21/2023 01:52,18.9,11.66,63.01,0,NaN,,7,,180,10
4/21/2023 02:52,17.8,11.06,64.88,0,NaN,,0,,0,10
4/21/2023 03:52,14.4,10.57,77.94,0,NaN,,6,,110,10
4/21/2023 04:52,15,10.57,74.99,0,NaN,,9,,120,10
4/21/2023 05:52,14.4,11.07,80.58,0,NaN,,9,,120,10
4/21/2023 06:52,11.7,9.38,85.8,0,NaN,,9,,0,10
4/21/2023 07:52,16.7,13.28,80.37,0,NaN,,7,,0,10
4/21/2023 08:52,19.4,13.87,70.54,0,NaN,,0,,0,10
4/21/2023 09:52,21.7,13.88,61.23,0,NaN,,0,,0,10
4/21/2023 10:52,23.9,13.89,53.6,0,NaN,,7,,0,10
4/21/2023 11:52,26.7,13.91,45.39,0,26.61,,11,,130,10
4/21/2023 12:52,28.9,10.05,30.89,0,27.84,,7,,0,10
4/21/2023 13:52,30,11.17,31.2,0,28.84,,9,,150,10
4/21/2023 14:52,30.6,7.3,23.18,0,28.87,,19,,140,10
4/21/2023 15:52,30.6,9.48,26.91,0,29.09,,13,,150,10
4/21/2023 16:52,31.1,7.9,23.47,0,29.34,,20,39,190,10
4/21/2023 17:52,30,6.19,22.24,0,28.32,,19,35,170,10
4/21/2023 18:52,28.9,6.76,24.69,0,27.54,,24,37,180,10
4/21/2023 19:52,27.2,7.23,28.21,0,26.48,,19,,180,10
4/21/2023 20:52,26.1,8.91,33.78,0,NaN,,15,,170,10
4/21/2023 21:52,25,8.9,36.05,0,NaN,,15,31,170,10
4/21/2023 22:52,24.4,8.29,35.88,0,NaN,,19,,180,10
4/21/2023 23:52,23.3,8.28,38.33,0,NaN,,17,31,170,10
4/22/2023 00:52,22.2,8.27,40.97,0,NaN,,17,33,180,10
4/22/2023 01:52,21.1,8.26,43.81,0,NaN,,13,,170,10
4/22/2023 02:52,20.6,7.76,43.67,0,NaN,,17,,180,10
4/22/2023 03:52,19.4,7.75,47.03,0,NaN,,11,,170,10
4/22/2023 04:52,18.3,7.75,50.37,0,NaN,,15,,170,10
4/22/2023 05:52,17.2,8.25,55.84,0,NaN,,13,,160,10
4/22/2023 06:52,17.2,9.35,60.15,0,NaN,,17,30,160,10
4/22/2023 07:52,18.3,11.06,62.87,0,NaN,,22,33,170,10
4/22/2023 08:52,19.4,12.17,63.13,0,NaN,,22,41,170,10
4/22/2023 09:52,20.6,12.17,58.61,0,NaN,,17,35,180,10
4/22/2023 10:52,21.7,12.77,56.99,0,NaN,,28,46,190,10
4/22/2023 11:52,21.7,12.77,56.99,0,NaN,,30,44,180,10
4/22/2023 12:52,20,14.98,72.97,50.8,NaN,,17,30,160,10
4/22/2023 13:52,15,13.29,89.58,558.8,NaN,,26,43,190,5
4/22/2023 14:52,15,12.78,86.7,457.2,NaN,,0,,0,7
4/22/2023 15:52,16.7,12.77,77.79,25.4,NaN,,0,,0,10
4/22/2023 16:52,16.1,13.88,86.81,2.54,NaN,,7,,190,10
4/22/2023 17:52,16.1,13.88,86.81,2.54,NaN,,0,,0,10
4/22/2023 18:52,16.1,13.88,86.81,0,NaN,,0,,0,10
4/22/2023 19:52,14.4,9.96,74.88,25.4,NaN,,7,,340,10
4/22/2023 20:52,14.4,11.07,80.58,2.54,NaN,,7,,320,8
4/22/2023 21:52,13.9,9.97,77.35,25.4,NaN,,13,,320,10
4/22/2023 22:52,13.9,9.36,74.3,0,NaN,,9,,310,10
4/22/2023 23:52,12.8,9.37,79.81,0,NaN,,13,,320,10
4/23/2023 00:52,11.7,9.38,85.8,0,NaN,,7,,310,10
4/23/2023 01:52,11.7,8.26,79.65,0,NaN,,7,,340,10
4/23/2023 02:52,8.3,7.19,92.78,0,NaN,,0,,0,10
4/23/2023 03:52,8.3,7.19,92.78,0,NaN,8,6,,330,10
4/23/2023 04:52,7.2,6.09,92.72,0,NaN,6,6,,280,10
4/23/2023 05:52,6.1,5.59,96.6,0,NaN,,0,,0,10
4/23/2023 06:52,6.7,5.59,92.69,0,NaN,5,9,,290,10
4/23/2023 07:52,11.1,6.65,74.3,0,NaN,,9,,330,10
4/23/2023 08:52,13.3,6.04,61.69,0,NaN,,11,,310,10
4/23/2023 09:52,14.4,5.53,55.49,0,NaN,,19,,320,10
4/23/2023 10:52,16.1,3.82,44.19,0,NaN,,19,,320,10
4/23/2023 11:52,17.2,4.33,42.68,0,NaN,,9,,0,10
4/23/2023 12:52,16.7,3.22,40.77,0,NaN,,17,,300,10
4/23/2023 13:52,17.2,4.33,42.68,0,NaN,,20,28,310,10
4/23/2023 14:52,15,3.22,45.45,2.54,NaN,,17,,290,10
4/23/2023 15:52,15.6,3.22,43.73,2.54,NaN,,19,,320,10
4/23/2023 16:52,14.4,2.11,43.69,0,NaN,,20,,320,10
4/23/2023 17:52,14.4,1.01,40.38,0,NaN,,19,39,340,10
4/23/2023 18:52,13.3,-0.1,40.05,2.54,NaN,,24,,320,10
4/23/2023 19:52,12.2,-2.31,36.63,0,NaN,,28,,320,10
4/23/2023 20:52,11.1,-2.91,37.67,0,NaN,,17,,340,10
4/23/2023 21:52,9.4,-3.42,40.65,0,NaN,7,17,,330,10
4/23/2023 22:52,9.4,-2.91,42.2,0,NaN,7,15,,350,10
4/23/2023 23:52,8.3,-2.91,45.45,0,NaN,6,13,,340,10
4/24/2023 00:52,8.3,-2.91,45.45,0,NaN,5,20,,350,10
4/24/2023 01:52,7.8,-2.31,49.16,0,NaN,5,17,,360,10
4/24/2023 02:52,6.7,-1.8,55,0,NaN,5,9,,330,10
4/24/2023 03:52,7.8,-1.81,51.01,0,NaN,6,13,,360,10
4/24/2023 04:52,7.2,-1.2,55.54,0,NaN,5,9,,320,10
4/24/2023 05:52,5.6,-0.68,64.33,0,NaN,5,6,,300,10
4/24/2023 06:52,6.1,-0.68,62.14,0,NaN,4,9,,300,10
4/24/2023 07:52,8.3,-0.7,53.45,0,NaN,7,7,,310,10
4/24/2023 08:52,8.9,-1.2,49.48,0,NaN,6,17,,300,10
4/24/2023 09:52,11.1,-0.7,44.3,0,NaN,,13,,10,10
4/24/2023 10:52,12.2,-2.31,36.63,0,NaN,,15,35,330,10
4/24/2023 11:52,13.3,-1.81,35.36,0,NaN,,13,28,330,10
4/24/2023 12:52,12.2,-3.41,33.75,0,NaN,,9,31,310,10
4/24/2023 13:52,13.9,-2.91,31.35,0,NaN,,15,33,320,10
4/24/2023 14:52,14.4,-2.9,30.35,0,NaN,,17,35,270,10
4/24/2023 15:52,13.9,-2.91,31.35,0,NaN,,15,,280,10
4/24/2023 16:52,15,-3.4,28.13,0,NaN,,7,,0,10
4/24/2023 17:52,15.6,-3.99,25.88,0,NaN,,9,,0,10
4/24/2023 18:52,14.4,-4,27.96,0,NaN,,9,,330,10
4/24/2023 19:52,12.8,-4.01,31.02,0,NaN,,20,,360,10
4/24/2023 20:52,12.2,-5.12,29.7,0,NaN,,28,39,360,10
4/24/2023 21:52,11.1,-5.72,30.51,0,NaN,,22,,350,10
4/24/2023 22:52,10,-5.73,32.83,0,NaN,8,11,,340,10
4/24/2023 23:52,7.8,-4.02,43.31,0,NaN,7,7,,330,10
4/25/2023 00:52,8.9,-4.02,40.2,0,NaN,8,7,,340,10
4/25/2023 01:52,8.3,-3.42,43.79,0,NaN,6,11,,330,10
4/25/2023 02:52,7.2,-2.31,51.22,0,NaN,5,9,,320,10
4/25/2023 03:52,6.7,-1.8,55,0,NaN,5,9,,330,10
4/25/2023 04:52,5.6,-1.18,62.02,0,NaN,4,9,,320,10
4/25/2023 05:52,5,-1.79,61.87,0,NaN,2,11,,350,10
4/25/2023 06:52,5.6,-1.18,62.02,0,NaN,4,9,,330,10
4/25/2023 07:52,7.8,-0.69,55.3,0,NaN,6,11,,320,10
4/25/2023 08:52,9.4,0.51,54.15,0,NaN,8,9,,0,10
4/25/2023 09:52,10.6,-0.1,47.84,0,NaN,,15,,350,10
4/25/2023 10:52,12.2,-0.7,41.2,0,NaN,,11,,10,10
4/25/2023 11:52,12.8,-1.2,38.19,0,NaN,,13,28,320,10
4/25/2023 12:52,13.9,-0.7,36.87,0,NaN,,7,,320,10
4/25/2023 13:52,15.6,-0.69,33.05,0,NaN,,9,,0,10
4/25/2023 14:52,15.6,-1.19,31.86,0,NaN,,13,,20,10
4/25/2023 15:52,15,-1.8,31.68,0,NaN,,13,,30,10
4/25/2023 16:52,15,-2.3,30.53,0,NaN,,11,,310,10
4/25/2023 17:52,15,-2.3,30.53,0,NaN,,6,,310,10
4/25/2023 18:52,14.4,-1.8,32.93,0,NaN,,15,,40,10
4/25/2023 19:52,11.7,-1.81,39.28,0,NaN,,11,,90,10
4/25/2023 20:52,10.6,-1.21,44.15,0,NaN,,6,,90,10
4/25/2023 21:52,8.9,-0.7,51.33,0,NaN,7,9,,110,10
4/25/2023 22:52,8.9,-0.7,51.33,0,NaN,8,7,,120,10
4/25/2023 23:52,8.9,1.01,58.06,0,NaN,7,9,,130,10
4/26/2023 00:52,5.6,1.65,75.97,0,NaN,,0,,0,10
4/26/2023 01:52,3.9,1.06,81.94,0,NaN,3,6,,150,10
4/26/2023 02:52,3.9,1.06,81.94,0,NaN,,0,,0,10
4/26/2023 03:52,5,2.77,85.67,0,NaN,4,6,,150,10
4/26/2023 04:52,6.1,3.26,82.23,0,NaN,5,7,,130,10
4/26/2023 05:52,6.1,3.87,85.79,0,NaN,5,6,,100,10
4/26/2023 06:52,8.3,4.35,76.43,0,NaN,6,13,,150,10
4/26/2023 07:52,10,4.95,71.08,0,NaN,,0,,0,10
4/26/2023 08:52,11.7,4.93,63.48,0,NaN,,13,,200,10
4/26/2023 09:52,13.9,3.82,50.9,0,NaN,,15,,200,10
4/26/2023 10:52,15.6,4.32,47.25,0,NaN,,11,,160,10
4/26/2023 11:52,17.8,4.94,42.86,0,NaN,,11,,130,10
4/26/2023 12:52,18.3,4.94,41.53,0,NaN,,7,,0,10
4/26/2023 13:52,20,3.25,33.16,0,NaN,,9,,0,10
4/26/2023 14:52,17.8,4.94,42.86,0,NaN,,7,,170,10
4/26/2023 15:52,17.8,5.54,44.68,2.54,NaN,,6,,30,10
4/26/2023 16:52,18.3,8.85,54.27,50.8,NaN,,9,,140,10
4/26/2023 17:52,17.8,8.25,53.77,0,NaN,,13,,120,10
4/26/2023 18:52,17.2,6.64,50.06,0,NaN,,13,,140,10
4/26/2023 19:52,16.1,7.14,55.56,0,NaN,,13,,170,10
4/26/2023 20:52,14.4,8.25,66.78,0,NaN,,15,,150,10
4/26/2023 21:52,13.9,8.25,68.98,0,NaN,,13,,110,10
4/26/2023 22:52,12.8,8.26,74.1,0,NaN,,9,,100,10
4/26/2023 23:52,11.7,7.76,76.99,0,NaN,,9,,100,10
4/27/2023 00:52,10.6,7.16,79.49,0,NaN,,6,,120,10
4/27/2023 01:52,10,6.66,79.95,0,NaN,9,7,,70,10
4/27/2023 02:52,10,7.17,82.74,0,NaN,9,7,,110,10
4/27/2023 03:52,10,7.77,86.2,0,NaN,9,9,,110,10
4/27/2023 04:52,9.4,7.17,86.14,0,NaN,8,7,,120,10
4/27/2023 05:52,9.4,7.17,86.14,0,NaN,,0,,0,10
4/27/2023 06:52,8.3,6.68,89.65,0,NaN,,0,,0,10
4/27/2023 07:52,11.7,8.26,79.65,0,NaN,,6,,20,10
4/27/2023 08:52,13.3,8.86,74.69,0,NaN,,7,,350,10
4/27/2023 09:52,15,8.85,66.91,0,NaN,,6,,0,10
4/27/2023 10:52,16.1,9.35,64.5,0,NaN,,11,,340,10
4/27/2023 11:52,16.7,9.95,64.63,0,NaN,,7,,350,10
4/27/2023 12:52,18.3,9.95,58.43,0,NaN,,9,,0,10
4/27/2023 13:52,19.4,9.96,54.56,0,NaN,,7,,340,10
4/27/2023 14:52,20.6,9.96,50.66,0,NaN,,7,,0,10
4/27/2023 15:52,21.1,9.36,47.19,0,NaN,,0,,0,10
4/27/2023 16:52,21.1,8.86,45.63,0,NaN,,9,,150,10
4/27/2023 17:52,21.1,8.86,45.63,0,NaN,,13,,110,10
4/27/2023 18:52,19.4,11.06,58.71,0,NaN,,13,35,90,10
4/27/2023 19:52,17.8,11.06,64.88,0,NaN,,19,,100,10
4/27/2023 20:52,17.2,11.06,67.38,0,NaN,,15,,90,10
4/27/2023 21:52,16.1,11.67,75.18,0,NaN,,22,31,100,10
4/27/2023 22:52,15.6,11.67,77.61,0,NaN,,20,31,100,10
4/27/2023 23:52,15,11.07,77.52,0,NaN,,17,,110,10
4/28/2023 00:52,14.4,11.68,83.84,0,NaN,,17,,100,10
4/28/2023 01:52,14.4,11.68,83.84,0,NaN,,13,30,110,10
4/28/2023 02:52,14.4,11.07,80.58,0,NaN,,17,,110,10
4/28/2023 03:52,13.3,11.08,86.54,2.54,NaN,,13,,90,10
4/28/2023 04:52,12.8,11.08,89.41,101.6,NaN,,15,,80,7
4/28/2023 05:52,12.2,11.09,93,203.2,NaN,,17,,80,7
4/28/2023 06:52,12.8,11.69,93.03,279.4,NaN,,20,,80,5
4/28/2023 07:52,12.8,11.69,93.03,203.2,NaN,,17,,90,5
4/28/2023 08:52,12.8,11.69,93.03,76.2,NaN,,19,,90,6
4/28/2023 09:52,12.8,11.08,89.41,101.6,NaN,,19,37,80,7
4/28/2023 10:52,12.8,11.08,89.41,355.6,NaN,,24,35,80,7
4/28/2023 11:52,12.8,11.08,89.41,254,NaN,,20,39,80,5
4/28/2023 12:52,12.8,11.08,89.41,330.2,NaN,,28,43,80,3
4/28/2023 13:52,12.2,10.58,89.96,508,NaN,,30,44,60,3
4/28/2023 14:52,12.2,10.58,89.96,228.6,NaN,,30,50,60,3
4/28/2023 15:52,12.2,10.58,89.96,76.2,NaN,,28,37,60,2.5
4/28/2023 16:52,11.7,10.59,92.97,127,NaN,,19,41,40,2.5
4/28/2023 17:52,11.7,10.59,92.97,101.6,NaN,,20,,40,2
4/28/2023 18:52,11.7,10.59,92.97,152.4,NaN,,22,33,30,2
4/28/2023 19:52,11.7,9.98,89.32,76.2,NaN,,19,,30,2
4/28/2023 20:52,11.7,10.59,92.97,127,NaN,,17,,20,2
4/28/2023 21:52,11.7,10.59,92.97,127,NaN,,13,,360,2.5
4/28/2023 22:52,11.7,10.59,92.97,50.8,NaN,,13,,340,3
4/28/2023 23:52,11.1,10.59,96.73,50.8,NaN,,13,,350,4
4/29/2023 00:52,11.1,10.59,96.73,50.8,NaN,,13,,350,5
4/29/2023 01:52,11.1,9.99,92.94,25.4,NaN,,15,,350,3
4/29/2023 02:52,11.1,9.99,92.94,25.4,NaN,,11,,330,4
4/29/2023 03:52,11.1,10.59,96.73,2.54,NaN,,11,,330,4
4/29/2023 04:52,11.1,10.59,96.73,0,NaN,,11,,340,4
4/29/2023 05:52,11.1,10.59,96.73,2.54,NaN,,13,,340,2.5
4/29/2023 06:52,11.1,9.99,92.94,25.4,NaN,,13,,340,3
4/29/2023 07:52,11.1,10.59,96.73,0,NaN,,7,,330,2.5
4/29/2023 08:52,11.7,10.59,92.97,0,NaN,,11,,320,2.5
4/29/2023 09:52,12.2,11.09,93,2.54,NaN,,9,,320,9
4/29/2023 10:52,13.9,11.08,83.23,0,NaN,,6,,0,10
4/29/2023 11:52,15,11.07,77.52,0,NaN,,9,,320,10
4/29/2023 12:52,15.6,11.67,77.61,0,NaN,,7,,270,10
4/29/2023 13:52,16.7,11.67,72.36,0,NaN,,0,,0,10
4/29/2023 14:52,17.2,11.67,70.11,0,NaN,,0,,0,10
4/29/2023 15:52,17.8,11.66,67.51,0,NaN,,9,,220,10
4/29/2023 16:52,18.3,12.17,67.61,0,NaN,,7,,130,10
4/29/2023 17:52,18.9,12.17,65.12,0,NaN,,9,,130,10
4/29/2023 18:52,18.3,12.17,67.61,0,NaN,,9,,90,10
4/29/2023 19:52,17.2,12.17,72.45,0,NaN,,9,,90,10
4/29/2023 20:52,15,12.78,86.7,0,NaN,,6,,110,10
4/29/2023 21:52,16.1,13.28,83.49,0,NaN,,9,,120,10
4/29/2023 22:52,16.1,13.28,83.49,0,NaN,,11,,120,10
4/29/2023 23:52,15.6,12.78,83.43,0,NaN,,9,,130,10
4/30/2023 00:52,15,12.78,86.7,0,NaN,,6,,130,10
4/30/2023 01:52,15.6,13.28,86.2,0,NaN,,6,,180,10
4/30/2023 02:52,15.6,13.89,89.63,2.54,NaN,,0,,0,10
4/30/2023 03:52,15.6,14.39,92.58,0,NaN,,0,,0,10
4/30/2023 04:52,15.6,13.89,89.63,2.54,NaN,,7,,70,10
4/30/2023 05:52,15.6,14.39,92.58,0,NaN,,6,,90,10
4/30/2023 06:52,15.6,14.39,92.58,2.54,NaN,,6,,20,9
4/30/2023 07:52,15.6,15,96.23,914.4,NaN,,6,,170,1
4/30/2023 08:52,15.6,15,96.23,533.4,NaN,,11,,40,10
4/30/2023 09:52,16.1,14.99,93.2,177.8,NaN,,0,,0,10
4/30/2023 10:52,16.7,15.59,93.23,127,NaN,,15,,40,4
4/30/2023 11:52,16.1,15.6,96.86,177.8,NaN,,0,,0,2
4/30/2023 12:52,16.7,15.59,93.23,609.6,NaN,,9,,40,2
4/30/2023 13:52,16.7,15.59,93.23,50.8,NaN,,11,,30,3
4/30/2023 14:52,17.2,14.99,86.92,2.54,NaN,,11,,20,10
4/30/2023 15:52,17.2,14.38,83.62,0,NaN,,15,,20,10
4/30/2023 16:52,15.6,13.89,89.63,0,NaN,,20,,320,10
4/30/2023 17:52,16.1,13.88,86.81,0,NaN,,20,,330,10
4/30/2023 18:52,16.1,13.28,83.49,0,NaN,,19,,320,10
4/30/2023 19:52,15,12.78,86.7,25.4,NaN,,22,39,320,10
4/30/2023 20:52,14.4,9.36,71.93,2.54,NaN,,41,59,310,10
4/30/2023 21:52,13.9,6.64,61.84,0,NaN,,28,44,300,10
4/30/2023 22:52,13.3,6.64,64.3,2.54,NaN,,20,,300,10
4/30/2023 23:52,12.2,6.04,66.3,0,NaN,,11,,280,10
5/1/2023 00:52,11.7,5.54,66.19,0,NaN,,15,,310,10
5/1/2023 01:52,12.2,3.22,54.52,0,NaN,,22,33,280,10
5/1/2023 02:52,11.1,3.22,58.63,0,NaN,,11,,270,10
5/1/2023 03:52,10,2.72,60.89,0,NaN,9,9,,230,10
5/1/2023 04:52,9.4,3.23,65.67,0,NaN,8,11,,210,10
5/1/2023 05:52,8.3,3.24,70.74,0,NaN,7,7,,200,10
5/1/2023 06:52,10,2.12,58.34,0,NaN,9,7,,240,10
5/1/2023 07:52,10,2.72,60.89,0,NaN,8,17,,220,10
5/1/2023 08:52,11.7,3.22,56.34,0,NaN,,19,31,220,10
5/1/2023 09:52,12.8,2.11,48.48,0,NaN,,17,41,230,10
5/1/2023 10:52,14.4,2.71,45.59,0,NaN,,20,43,210,10
5/1/2023 11:52,12.8,1.61,46.78,0,NaN,,30,43,210,10
5/1/2023 12:52,13.9,2.71,47.09,0,NaN,,26,46,220,10
5/1/2023 13:52,13.9,3.22,48.79,0,NaN,,19,41,210,10
5/1/2023 14:52,14.4,2.71,45.59,0,NaN,,30,41,210,10
5/1/2023 15:52,13.9,3.22,48.79,0,NaN,,20,39,210,10
5/1/2023 16:52,15,3.82,47.41,0,NaN,,19,35,210,10
5/1/2023 17:52,16.1,2.72,40.88,0,NaN,,20,,210,10
5/1/2023 18:52,14.4,3.22,47.24,0,NaN,,28,41,210,10
5/1/2023 19:52,13.9,2.11,45.13,0,NaN,,13,,230,10
5/1/2023 20:52,13.3,2.72,48.97,0,NaN,,11,,250,10
5/1/2023 21:52,11.7,2.72,54.38,0,NaN,,11,,250,10
5/1/2023 22:52,10.6,2.72,58.5,0,NaN,,9,,230,10
5/1/2023 23:52,10.6,2.12,56.05,0,NaN,,11,,210,10
5/2/2023 00:52,11.1,2.11,54.22,0,NaN,,15,,220,10
5/2/2023 01:52,11.1,2.11,54.22,0,NaN,,15,31,250,10
5/2/2023 02:52,10,2.72,60.89,0,NaN,10,6,,250,10
5/2/2023 03:52,8.9,4.35,73.39,2.54,NaN,7,15,,300,10
5/2/2023 04:52,7.8,4.36,79.07,25.4,NaN,6,13,,250,10
5/2/2023 05:52,8.9,3.23,67.92,0,NaN,7,13,,260,10
5/2/2023 06:52,7.2,3.86,79.54,0,NaN,,0,,0,10
5/2/2023 07:52,8.9,4.35,73.39,0,NaN,7,9,,210,10
5/2/2023 08:52,10,3.83,65.81,0,NaN,9,9,,200,10
5/2/2023 09:52,11.1,5.54,68.87,0,NaN,,9,,190,10
5/2/2023 10:52,11.1,5.54,68.87,0,NaN,,9,,180,10
5/2/2023 11:52,11.7,6.04,68.52,0,NaN,,6,,140,10
5/2/2023 12:52,12.8,6.04,63.74,2.54,NaN,,15,,210,10
5/2/2023 13:52,10.6,7.16,79.49,76.2,NaN,,15,,350,7
5/2/2023 14:52,12.2,6.04,66.3,2.54,NaN,,13,,320,10
5/2/2023 15:52,12.8,5.53,61.57,0,NaN,,15,,320,10
5/2/2023 16:52,11.7,4.93,63.48,2.54,NaN,,15,,330,10
5/2/2023 17:52,10.6,5.55,71.19,2.54,NaN,,13,,340,10
5/2/2023 18:52,10.6,5.55,71.19,2.54,NaN,,15,,350,10
5/2/2023 19:52,9.4,6.06,79.86,2.54,NaN,8,9,,320,10
5/2/2023 20:52,9.4,5.56,77.15,0,NaN,9,6,,0,10
5/2/2023 21:52,9.4,4.95,73.99,0,NaN,8,11,,310,10
5/2/2023 22:52,9.4,4.34,70.96,0,NaN,8,9,,290,10
5/2/2023 23:52,9.4,4.34,70.96,0,NaN,7,15,,290,10
5/3/2023 00:52,8.9,3.84,70.86,0,NaN,8,7,,290,10
5/3/2023 01:52,7.8,3.24,73.18,0,NaN,7,6,,180,10
5/3/2023 02:52,7.2,3.25,76.24,0,NaN,6,7,,170,10
5/3/2023 03:52,7.8,3.85,76.34,0,NaN,7,7,,220,10
5/3/2023 04:52,8.3,4.35,76.43,0,NaN,8,6,,60,10
5/3/2023 05:52,8.3,4.96,79.7,0,NaN,,0,,0,10
5/3/2023 06:52,7.8,5.57,85.97,2.54,NaN,,0,,0,10
5/3/2023 07:52,8.3,4.35,76.43,0,NaN,5,22,,320,10
5/3/2023 08:52,9.4,1.62,58.61,0,NaN,6,24,41,300,10
5/3/2023 09:52,10,1.62,56.3,0,NaN,7,24,41,320,10
5/3/2023 10:52,10.6,1.01,51.8,0,NaN,,28,41,310,10
5/3/2023 11:52,11.1,0.5,48.34,0,NaN,,24,39,310,10
5/3/2023 12:52,11.7,0.5,46.46,0,NaN,,28,44,280,10
5/3/2023 13:52,12.2,-0.1,43.04,0,NaN,,20,37,290,10
5/3/2023 14:52,11.7,-0.1,44.48,0,NaN,,17,,310,10
5/3/2023 15:52,12.2,-0.1,43.04,0,NaN,,28,41,290,10
5/3/2023 16:52,12.8,2.11,48.48,2.54,NaN,,22,35,270,10
5/3/2023 17:52,12.8,0.5,43.22,0,NaN,,26,50,280,10
5/3/2023 18:52,11.7,1.01,48.16,0,NaN,,28,37,290,10
5/3/2023 19:52,10,2.72,60.89,0,NaN,8,11,,330,10
5/3/2023 20:52,9.4,2.73,63.39,0,NaN,8,9,,320,10
5/3/2023 21:52,9.4,2.12,60.74,0,NaN,7,20,,310,10
5/3/2023 22:52,8.3,2.13,65.42,0,NaN,6,17,,320,10
5/3/2023 23:52,8.9,2.12,62.82,0,NaN,8,6,,340,10
5/4/2023 00:52,8.9,3.23,67.92,0,NaN,8,7,,310,10
5/4/2023 01:52,8.3,4.35,76.43,2.54,NaN,5,24,,310,10
5/4/2023 02:52,8.3,4.35,76.43,2.54,NaN,5,22,,320,10
5/4/2023 03:52,8.3,4.35,76.43,2.54,NaN,5,19,,320,10
5/4/2023 04:52,7.8,4.36,79.07,2.54,NaN,6,11,,330,10
5/4/2023 05:52,6.7,4.37,85.25,0,NaN,5,7,,310,10
5/4/2023 06:52,8.3,5.57,83.1,0,NaN,,0,,0,10
5/4/2023 07:52,8.9,5.56,79.79,0,NaN,7,11,,320,10
5/4/2023 08:52,10,5.55,74.1,2.54,NaN,8,13,,320,10
5/4/2023 09:52,11.7,5.54,66.19,0,NaN,,19,,350,10
5/4/2023 10:52,12.8,5.53,61.57,2.54,NaN,,19,31,340,10
5/4/2023 11:52,13.3,5.53,59.6,0,NaN,,20,33,320,10
5/4/2023 12:52,15,5.53,53.39,0,NaN,,26,39,340,10
5/4/2023 13:52,14.4,6.64,59.87,0,NaN,,13,,270,10
5/4/2023 14:52,16.1,6.03,51.51,0,NaN,,19,,300,10
5/4/2023 15:52,12.2,7.15,71.51,76.2,NaN,,22,30,310,5
5/4/2023 16:52,13.9,7.75,66.67,50.8,NaN,,11,,270,10
5/4/2023 17:52,14.4,7.75,64.55,2.54,NaN,,9,,290,10
5/4/2023 18:52,13.9,7.75,66.67,0,NaN,,9,,310,10
5/4/2023 19:52,11.7,6.04,68.52,0,NaN,,17,,290,10
5/4/2023 20:52,10.6,4.94,68.29,0,NaN,,11,,290,10
5/4/2023 21:52,9.4,3.84,68.51,0,NaN,7,13,,290,10
5/4/2023 22:52,9.4,4.95,73.99,0,NaN,,0,,0,10
5/4/2023 23:52,7.8,4.97,82.46,0,NaN,,0,,0,10
5/5/2023 00:52,7.2,6.09,92.72,0,NaN,,0,,0,10
5/5/2023 01:52,6.7,6.09,95.95,0,NaN,6,6,,170,10
5/5/2023 02:52,5.6,4.99,95.91,0,NaN,,0,,0,10
5/5/2023 03:52,5,5,100,0,NaN,,0,,0,7
5/5/2023 04:52,4.4,3.89,96.55,0,NaN,3,6,,120,10
5/5/2023 05:52,3.9,3.29,95.86,0,NaN,3,6,,300,10
5/5/2023 06:52,5,4.39,95.89,0,NaN,,0,,0,10
5/5/2023 07:52,10,6.66,79.95,0,NaN,10,6,,310,10
5/5/2023 08:52,13.3,7.75,69.32,0,NaN,,11,,300,10
5/5/2023 09:52,15,7.74,62.1,0,NaN,,9,,330,10
5/5/2023 10:52,16.7,6.64,51.67,0,NaN,,15,,340,10
5/5/2023 11:52,17.2,6.64,50.06,0,NaN,,13,,300,10
5/5/2023 12:52,18.9,5.54,41.71,0,NaN,,11,28,320,10
5/5/2023 13:52,18.9,4.34,38.36,0,NaN,,15,,300,10
5/5/2023 14:52,20.6,4.35,34.53,0,NaN,,17,,310,10
5/5/2023 15:52,20.6,2.75,30.84,0,NaN,,11,,330,10
5/5/2023 16:52,20,2.75,32.01,0,NaN,,7,,0,10
5/5/2023 17:52,18.9,3.84,37.04,0,NaN,,11,,350,10
5/5/2023 18:52,19.4,3.84,35.9,0,NaN,,7,,60,10
5/5/2023 19:52,16.7,4.93,45.94,0,NaN,,9,,40,10
5/5/2023 20:52,14.4,4.93,53.22,0,NaN,,7,,90,10
5/5/2023 21:52,13.3,5.53,59.6,0,NaN,,9,,60,10
5/5/2023 22:52,11.1,6.05,71.29,0,NaN,,0,,0,10
5/5/2023 23:52,12.2,6.65,69.1,0,NaN,,6,,310,10
5/6/2023 00:52,11.7,7.76,76.99,0,NaN,,0,,0,10
5/6/2023 01:52,10.6,7.16,79.49,0,NaN,,0,,0,10
5/6/2023 02:52,10,6.66,79.95,0,NaN,,0,,0,10
5/6/2023 03:52,8.9,6.07,82.6,0,NaN,,0,,0,10
5/6/2023 04:52,6.7,4.98,88.9,0,NaN,,0,,0,10
5/6/2023 05:52,7.2,4.97,85.9,0,NaN,6,6,,330,10
5/6/2023 06:52,8.9,5.56,79.79,0,NaN,,0,,0,10
5/6/2023 07:52,11.7,7.15,73.9,0,NaN,,7,,300,10
5/6/2023 08:52,15.6,7.14,57.36,0,NaN,,6,,10,10
5/6/2023 09:52,17.2,7.14,51.81,0,NaN,,0,,0,10
5/6/2023 10:52,18.9,4.94,40,0,NaN,,0,,0,10
5/6/2023 11:52,20,6.05,40.33,0,NaN,,7,,0,10
5/6/2023 12:52,21.1,5.56,36.4,0,NaN,,7,,0,10
5/6/2023 13:52,22.2,7.17,38.01,0,NaN,,9,,230,10
5/6/2023 14:52,22.8,7.17,36.65,0,NaN,,13,,210,10
5/6/2023 15:52,22.2,6.67,36.73,0,NaN,,7,,160,10
5/6/2023 16:52,22.8,6.07,33.98,0,NaN,,7,,340,10
5/6/2023 17:52,23.3,6.08,32.97,0,NaN,,7,,0,10
5/6/2023 18:52,22.2,4.97,32.65,0,NaN,,0,,0,10
5/6/2023 19:52,19.4,7.15,45.14,0,NaN,,6,,80,10
5/6/2023 20:52,17.2,7.14,51.81,0,NaN,,0,,0,10
5/6/2023 21:52,15,7.14,59.61,0,NaN,,0,,0,10
5/6/2023 22:52,13.3,8.25,71.72,0,NaN,,0,,0,10
5/6/2023 23:52,11.1,8.27,82.88,0,NaN,,6,,190,10
5/7/2023 00:52,12.8,8.26,74.1,0,NaN,,6,,190,10
5/7/2023 01:52,10.6,8.27,85.68,0,NaN,,6,,180,10
5/7/2023 02:52,10,8.28,89.18,0,NaN,,0,,0,10
5/7/2023 03:52,10.6,8.88,89.23,0,NaN,,7,,150,10
5/7/2023 04:52,11.1,9.38,89.27,0,NaN,,7,,150,10
5/7/2023 05:52,12.2,9.98,86.42,0,NaN,,6,,180,10
5/7/2023 06:52,12.8,9.97,83.09,0,NaN,,0,,0,10
5/7/2023 07:52,13.9,10.57,80.51,0,NaN,,6,,0,10
5/7/2023 08:52,15,11.07,77.52,0,NaN,,7,,210,10
5/7/2023 09:52,17.2,11.67,70.11,0,NaN,,6,,200,10
5/7/2023 10:52,20.6,12.77,60.97,0,NaN,,6,,190,10
5/7/2023 11:52,21.1,12.77,59.12,0,NaN,,7,,210,10
5/7/2023 12:52,22.8,12.78,53.31,0,NaN,,9,,240,10
5/7/2023 13:52,23.3,13.28,53.44,0,NaN,,9,,210,10
5/7/2023 14:52,23.3,13.88,55.57,0,NaN,,7,,190,10
5/7/2023 15:52,22.8,13.88,57.27,0,NaN,,11,,210,10
5/7/2023 16:52,22.2,14.38,61.34,2.54,NaN,,7,,270,10
5/7/2023 17:52,17.8,16.69,93.29,939.8,NaN,,7,,180,2.5
5/7/2023 18:52,18.3,17.19,93.31,152.4,NaN,,0,,0,10
5/7/2023 19:52,18.3,17.19,93.31,2.54,NaN,,6,,230,10
5/7/2023 20:52,17.2,16.7,96.88,0,NaN,,0,,0,3
5/7/2023 21:52,16.7,16.1,96.26,0,NaN,,7,,290,3
5/7/2023 22:52,16.1,15.6,96.86,0,NaN,,0,,0,7
5/7/2023 23:52,15,14.4,96.21,0,NaN,,6,,150,5
5/8/2023 00:52,14.4,13.9,96.82,0,NaN,,0,,0,5
5/8/2023 01:52,14.4,13.9,96.82,0,NaN,,6,,200,7
5/8/2023 02:52,13.9,13.29,96.17,0,NaN,,0,,0,5
5/8/2023 03:52,13.9,13.29,96.17,0,NaN,,6,,100,6
5/8/2023 04:52,13.9,13.29,96.17,0,NaN,,0,,0,7
5/8/2023 05:52,15,14.4,96.21,0,NaN,,0,,0,7
5/8/2023 06:52,15,13.89,93.14,0,NaN,,0,,0,3
5/8/2023 07:52,16.1,14.99,93.2,2.54,NaN,,7,,210,5
5/8/2023 08:52,20.6,18.29,86.69,0,NaN,,0,,0,10
5/8/2023 09:52,22.8,17.79,73.46,0,NaN,,13,,290,10
5/8/2023 10:52,24.4,16.69,62.25,0,NaN,,22,,290,10
5/8/2023 11:52,25.6,15.6,54.04,0,NaN,,26,43,320,10
5/8/2023 12:52,26.1,15,50.48,0,NaN,,20,31,310,10
5/8/2023 13:52,26.1,15,50.48,0,NaN,,13,,310,10
5/8/2023 14:52,27.8,14.42,43.96,0,27.76,,17,,310,10
5/8/2023 15:52,28.3,14.43,42.7,0,28.14,,19,31,310,10
5/8/2023 16:52,27.8,14.42,43.96,0,27.76,,15,,310,10
5/8/2023 17:52,28.3,12.83,38.49,0,27.82,,17,30,10,10
5/8/2023 18:52,27.2,11.72,38.17,0,26.92,,15,,20,10
5/8/2023 19:52,25,11.1,41.77,0,NaN,,9,,10,10
5/8/2023 20:52,22.2,12.17,53.15,0,NaN,,15,,30,10
5/8/2023 21:52,21.7,12.77,56.99,0,NaN,,11,,60,10
5/8/2023 22:52,20.6,12.77,60.97,0,NaN,,0,,0,10
5/8/2023 23:52,19.4,13.87,70.54,0,NaN,,0,,0,10
5/9/2023 00:52,18.3,15.58,84.29,2.54,NaN,,0,,0,10
5/9/2023 01:52,18.9,14.98,78.12,25.4,NaN,,11,,340,10
5/9/2023 02:52,17.2,15.59,90.33,101.6,NaN,,9,,320,10
5/9/2023 03:52,17.8,14.98,83.69,25.4,NaN,,9,,350,10
5/9/2023 04:52,16.1,14.99,93.2,0,NaN,,0,,0,10
5/9/2023 05:52,16.1,14.99,93.2,0,NaN,,0,,0,10
5/9/2023 06:52,17.2,14.99,86.92,0,NaN,,17,,40,10
5/9/2023 07:52,17.2,12.17,72.45,2.54,NaN,,11,,50,10
5/9/2023 08:52,16.1,12.17,77.69,50.8,NaN,,9,,20,7
5/9/2023 09:52,15,12.78,86.7,152.4,NaN,,15,,10,8
5/9/2023 10:52,15.6,10.56,72.16,2.54,NaN,,13,,20,10
5/9/2023 11:52,16.7,9.35,62.08,2.54,NaN,,15,,20,10
5/9/2023 12:52,16.7,8.85,60.03,2.54,NaN,,11,,30,7
5/9/2023 13:52,17.8,8.85,56,2.54,NaN,,13,,30,10
5/9/2023 14:52,18.3,9.95,58.43,0,NaN,,15,,40,10
5/9/2023 15:52,17.2,9.35,60.15,2.54,NaN,,17,,320,10
5/9/2023 16:52,18.3,7.75,50.37,0,NaN,,7,,0,10
5/9/2023 17:52,18.9,7.15,46.57,0,NaN,,15,,350,10
5/9/2023 18:52,18.9,6.64,45,0,NaN,,7,,360,10
5/9/2023 19:52,15,8.85,66.91,0,NaN,,6,,180,10
5/9/2023 20:52,11.7,8.87,82.95,0,NaN,,0,,0,10
5/9/2023 21:52,10,8.28,89.18,0,NaN,10,6,,160,10
5/9/2023 22:52,10,8.28,89.18,0,NaN,,0,,0,10
5/9/2023 23:52,10,8.28,89.18,0,NaN,,0,,0,10
5/10/2023 00:52,12.2,9.98,86.42,0,NaN,,6,,10,10
5/10/2023 01:52,9.4,8.29,92.84,0,NaN,,0,,0,10
5/10/2023 02:52,8.9,7.18,89.09,0,NaN,8,7,,320,10
5/10/2023 03:52,8.3,6.07,86.02,0,NaN,8,6,,310,10
5/10/2023 04:52,7.2,5.58,89.56,0,NaN,,0,,0,10
5/10/2023 05:52,7.2,4.97,85.9,0,NaN,6,6,,280,10
5/10/2023 06:52,8.9,4.35,73.39,0,NaN,8,7,,330,10
5/10/2023 07:52,11.7,3.83,58.78,0,NaN,,11,,360,10
5/10/2023 08:52,13.3,3.22,50.73,0,NaN,,11,,20,10
5/10/2023 09:52,15.6,3.82,45.62,0,NaN,,11,,360,10
5/10/2023 10:52,17.2,4.33,42.68,0,NaN,,11,,0,10
5/10/2023 11:52,18.3,4.94,41.53,0,NaN,,7,,290,10
5/10/2023 12:52,19.4,4.34,37.19,0,NaN,,7,,30,10
5/10/2023 13:52,20.6,4.95,36.01,0,NaN,,7,,0,10
5/10/2023 14:52,20.6,5.55,37.54,0,NaN,,7,,0,10
5/10/2023 15:52,21.1,5.56,36.4,0,NaN,,6,,0,10
5/10/2023 16:52,21.7,7.76,40.82,0,NaN,,9,,0,10
5/10/2023 17:52,21.7,6.66,37.86,0,NaN,,6,,0,10
5/10/2023 18:52,21.1,5.56,36.4,0,NaN,,7,,280,10
5/10/2023 19:52,18.3,6.64,46.72,0,NaN,,7,,260,10
5/10/2023 20:52,13.9,8.25,68.98,0,NaN,,0,,0,10
5/10/2023 21:52,11.7,7.76,76.99,0,NaN,,6,,150,10
5/10/2023 22:52,11.1,7.76,80.11,0,NaN,,6,,230,10
5/10/2023 23:52,9.4,7.17,86.14,0,NaN,,0,,0,10
5/11/2023 00:52,9.4,7.17,86.14,0,NaN,,0,,0,10
5/11/2023 01:52,8.9,7.18,89.09,0,NaN,,0,,0,10
5/11/2023 02:52,7.8,6.08,88.99,0,NaN,,0,,0,10
5/11/2023 03:52,7.8,6.08,88.99,0,NaN,,0,,0,10
5/11/2023 04:52,7.8,6.69,92.75,0,NaN,,0,,0,10
5/11/2023 05:52,7.2,6.09,92.72,0,NaN,,0,,0,10
5/11/2023 06:52,8.3,7.19,92.78,0,NaN,,0,,0,9
5/11/2023 07:52,13.3,9.97,80.42,0,NaN,,0,,0,10
5/11/2023 08:52,16.1,11.67,75.18,0,NaN,,0,,0,10
5/11/2023 09:52,19.4,11.66,61.08,0,NaN,,6,,360,10
5/11/2023 10:52,22.2,11.07,49.43,0,NaN,,0,,0,10
5/11/2023 11:52,23.3,11.68,48.12,0,NaN,,6,,280,10
5/11/2023 12:52,23.9,12.19,47.97,0,NaN,,7,,170,10
5/11/2023 13:52,25,11.1,41.77,0,NaN,,6,,140,10
5/11/2023 14:52,26.7,12.21,40.62,0,26.49,,7,,0,10
5/11/2023 15:52,26.7,12.21,40.62,0,26.49,,9,,0,10
5/11/2023 16:52,25.6,11.7,41.94,0,NaN,,9,,160,10
5/11/2023 17:52,25.6,11.1,40.31,0,NaN,,13,,190,10
5/11/2023 18:52,24.4,11.09,43.29,0,NaN,,6,,180,10
5/11/2023 19:52,21.1,12.77,59.12,0,NaN,,0,,0,10
5/11/2023 20:52,17.2,12.17,72.45,0,NaN,,6,,130,10
5/11/2023 21:52,17.2,12.17,72.45,0,NaN,,7,,140,10
5/11/2023 22:52,18.9,12.17,65.12,0,NaN,,6,,150,10
5/11/2023 23:52,15.6,12.17,80.21,0,NaN,,0,,0,10
5/12/2023 00:52,15,12.78,86.7,0,NaN,,0,,0,10
5/12/2023 01:52,13.9,12.18,89.49,0,NaN,,0,,0,10
5/12/2023 02:52,13.3,11.68,90.04,0,NaN,,0,,0,10
5/12/2023 03:52,12.8,11.69,93.03,0,NaN,,0,,0,9
5/12/2023 04:52,12.8,11.69,93.03,0,NaN,,0,,0,8
5/12/2023 05:52,12.2,11.69,96.76,0,NaN,,0,,0,8
5/12/2023 06:52,12.8,11.69,93.03,0,NaN,,0,,0,10
5/12/2023 07:52,16.1,13.88,86.81,0,NaN,,0,,0,9
5/12/2023 08:52,19.4,14.98,75.73,0,NaN,,0,,0,10
5/12/2023 09:52,22.8,15.59,63.9,0,NaN,,0,,0,10
5/12/2023 10:52,25,15.6,56,0,NaN,,6,,0,10
5/12/2023 11:52,27.2,15.61,49.18,0,27.56,,0,,0,10
5/12/2023 12:52,28.3,16.13,47.63,0,28.57,,9,,290,10
5/12/2023 13:52,28.9,15.63,44.55,0,28.93,,7,,290,10
5/12/2023 14:52,30.6,15.06,38.89,0,30.26,,13,,290,10
5/12/2023 15:52,30,12.86,34.89,0,29.16,,7,,280,10
5/12/2023 16:52,30.6,13.37,34.84,0,29.79,,11,,260,10
5/12/2023 17:52,28.3,10.04,31.98,0,27.42,,11,,250,10
5/12/2023 18:52,29.4,7.27,24.83,0,27.94,,11,,270,10
5/12/2023 19:52,24.4,9.99,40.23,0,NaN,,0,,0,10
5/12/2023 20:52,21.1,11.07,52.86,0,NaN,,7,,180,10
5/12/2023 21:52,22.2,14.38,61.34,0,NaN,,7,,170,10
5/12/2023 22:52,20.6,14.98,70.32,0,NaN,,6,,190,10
5/12/2023 23:52,20,15.58,75.83,0,NaN,,7,,210,10
5/13/2023 00:52,19.4,16.08,81.25,0,NaN,,6,,150,10
5/13/2023 01:52,19.4,16.69,84.41,0,NaN,,0,,0,10
5/13/2023 02:52,20,17.79,87.18,0,NaN,,6,,150,10
5/13/2023 03:52,20,18.29,89.96,25.4,NaN,,0,,0,10
5/13/2023 04:52,19.4,18.29,93.37,0,NaN,,7,,180,10
5/13/2023 05:52,20,18.29,89.96,0,NaN,,6,,280,10
5/13/2023 06:52,20.6,18.29,86.69,0,NaN,,0,,0,10
5/13/2023 07:52,21.1,18.29,84.07,0,NaN,,0,,0,10
5/13/2023 08:52,21.7,18.89,84.14,2.54,NaN,,0,,0,10
5/13/2023 09:52,21.7,18.29,81.04,2.54,NaN,,9,,310,10
5/13/2023 10:52,22.8,15.59,63.9,0,NaN,,20,,10,10
5/13/2023 11:52,21.7,14.38,63.24,2.54,NaN,,20,,40,10
5/13/2023 12:52,20.6,14.98,70.32,25.4,NaN,,15,,30,10
5/13/2023 13:52,20.6,15.58,73.07,2.54,NaN,,15,,30,10
5/13/2023 14:52,20.6,14.98,70.32,2.54,NaN,,17,,10,10
5/13/2023 15:52,18.3,16.69,90.41,25.4,NaN,,19,,30,1.5
5/13/2023 16:52,18.3,16.69,90.41,76.2,NaN,,9,,60,3
5/13/2023 17:52,18.3,16.69,90.41,50.8,NaN,,13,,310,4
5/13/2023 18:52,18.9,17.19,89.88,25.4,NaN,,9,,320,10
5/13/2023 19:52,18.9,16.69,87.08,0,NaN,,9,,310,10
5/13/2023 20:52,18.3,16.69,90.41,0,NaN,,11,,330,10
5/13/2023 21:52,17.8,15.59,86.98,0,NaN,,9,,320,10
5/13/2023 22:52,17.8,16.09,89.8,0,NaN,,9,,320,10
5/13/2023 23:52,17.2,15.59,90.33,0,NaN,,0,,0,10
5/14/2023 00:52,16.1,14.39,89.67,0,NaN,,6,,320,10
5/14/2023 01:52,15.6,13.89,89.63,0,NaN,,6,,350,10
5/14/2023 02:52,15,13.89,93.14,0,NaN,,9,,330,10
5/14/2023 03:52,13.9,12.79,93.09,0,NaN,,7,,320,10
5/14/2023 04:52,13.3,12.19,93.05,0,NaN,,6,,320,10
5/14/2023 05:52,13.3,11.08,86.54,0,NaN,,9,,320,10
5/14/2023 06:52,14.4,11.68,83.84,0,NaN,,7,,320,10
5/14/2023 07:52,16.7,11.06,69.55,0,NaN,,6,,330,10
5/14/2023 08:52,18.9,8.85,52.27,0,NaN,,13,,40,10
5/14/2023 09:52,20.6,7.76,43.67,0,NaN,,15,,50,10
5/14/2023 10:52,21.7,5.56,35.09,0,NaN,,17,,80,10
5/14/2023 11:52,22.8,5.57,32.82,0,NaN,,17,,80,10
5/14/2023 12:52,23.9,5.59,30.72,0,NaN,,15,,90,10
5/14/2023 13:52,24.4,4.4,27.42,0,NaN,,13,,310,10
5/14/2023 14:52,24.4,5.59,29.81,0,NaN,,6,,0,10
5/14/2023 15:52,25,7.2,32.12,0,NaN,,9,,0,10
5/14/2023 16:52,25.6,8.9,34.79,0,NaN,,17,,310,10
5/14/2023 17:52,25.6,5.01,26.63,0,NaN,,15,28,330,10
5/14/2023 18:52,23.9,6.68,33.14,0,NaN,,17,,20,10
5/14/2023 19:52,23.3,4.98,30.55,0,NaN,,17,,30,10
5/14/2023 20:52,20,7.75,45.31,0,NaN,,11,,50,10
5/14/2023 21:52,16.7,8.25,57.64,0,NaN,,0,,0,10
5/14/2023 22:52,17.2,6.64,50.06,0,NaN,,13,,50,10
5/14/2023 23:52,17.8,6.64,48.21,0,NaN,,7,,40,10
5/15/2023 00:52,17.2,3.83,41.21,0,NaN,,13,,40,10
5/15/2023 01:52,16.1,2.72,40.88,0,NaN,,17,,30,10
5/15/2023 02:52,15.6,1.62,39.03,0,NaN,,13,,30,10
5/15/2023 03:52,14.4,0.51,38.95,0,NaN,,15,,10,10
5/15/2023 04:52,13.9,-0.1,38.52,0,NaN,,9,,360,10
5/15/2023 05:52,12.2,-0.1,43.04,0,NaN,,11,,10,10
5/15/2023 06:52,12.8,-0.7,39.61,0,NaN,,15,,10,10
5/15/2023 07:52,13.3,0.5,41.83,0,NaN,,13,,10,10
5/15/2023 08:52,14.4,2.11,43.69,0,NaN,,7,,20,10
5/15/2023 09:52,15,1.61,40.56,0,NaN,,6,,40,10
5/15/2023 10:52,16.7,2.12,37.71,0,NaN,,6,,50,10
5/15/2023 11:52,18.9,3.84,37.04,0,NaN,,6,,0,10
5/15/2023 12:52,20.6,3.85,33.34,0,NaN,,0,,0,10
5/15/2023 13:52,21.7,2.16,27.63,0,NaN,,9,,240,10
5/15/2023 14:52,22.8,7.17,36.65,0,NaN,,9,,0,10
5/15/2023 15:52,23.3,7.78,37.05,0,NaN,,7,,240,10
5/15/2023 16:52,23.3,8.28,38.33,0,NaN,,11,,0,10
5/15/2023 17:52,22.8,8.27,39.5,0,NaN,,15,,220,10
5/15/2023 18:52,22.2,7.77,39.6,0,NaN,,19,,210,10
5/15/2023 19:52,20.6,8.86,47.05,0,NaN,,13,,200,10
5/15/2023 20:52,18.9,9.96,56.28,0,NaN,,13,,200,10
5/15/2023 21:52,17.2,9.35,60.15,0,NaN,,13,,200,10
5/15/2023 22:52,16.1,9.35,64.5,0,NaN,,11,,190,10
5/15/2023 23:52,15,9.36,69.2,0,NaN,,11,,190,10
5/16/2023 00:52,14.4,9.36,71.93,0,NaN,,11,,180,10
5/16/2023 01:52,13.9,9.97,77.35,0,NaN,,9,,190,10
5/16/2023 02:52,13.9,9.97,77.35,0,NaN,,9,,190,10
5/16/2023 03:52,13.3,10.57,83.71,0,NaN,,7,,0,10
5/16/2023 04:52,12.8,10.58,86.49,0,NaN,,9,,180,10
5/16/2023 05:52,12.2,10.58,89.96,0,NaN,,0,,0,10
5/16/2023 06:52,14.4,12.18,86.65,0,NaN,,0,,0,10
5/16/2023 07:52,15.6,12.17,80.21,0,NaN,,0,,0,10
5/16/2023 08:52,17.8,13.27,74.97,0,NaN,,0,,0,10
5/16/2023 09:52,21.1,14.38,65.6,0,NaN,,0,,0,10
5/16/2023 10:52,23.9,13.89,53.6,0,NaN,,6,,0,10
5/16/2023 11:52,24.4,12.79,48.42,0,NaN,,6,,0,10
5/16/2023 12:52,26.1,12.21,42.08,0,NaN,,9,,0,10
5/16/2023 13:52,26.1,12.81,43.77,0,NaN,,9,,250,10
5/16/2023 14:52,25.6,13.3,46.58,0,NaN,,17,30,260,10
5/16/2023 15:52,23.9,13.89,53.6,2.54,NaN,,19,,250,10
5/16/2023 16:52,22.8,14.38,59.15,2.54,NaN,,15,,260,10
5/16/2023 17:52,22.2,14.38,61.34,2.54,NaN,,22,,300,10
5/16/2023 18:52,20.6,15.58,73.07,2.54,NaN,,11,,270,10
5/16/2023 19:52,20,16.08,78.29,2.54,NaN,,0,,0,10
5/16/2023 20:52,19.4,16.08,81.25,2.54,NaN,,0,,0,10
5/16/2023 21:52,18.9,16.08,83.82,0,NaN,,6,,300,10
5/16/2023 22:52,18.9,16.08,83.82,0,NaN,,7,,320,10
5/16/2023 23:52,18.9,14.98,78.12,0,NaN,,11,,310,10
5/17/2023 00:52,18.3,13.27,72.66,0,NaN,,15,,310,10
5/17/2023 01:52,17.8,12.77,72.57,0,NaN,,7,,320,10
5/17/2023 02:52,17.8,12.17,69.77,0,NaN,,13,,320,10
5/17/2023 03:52,17.2,11.67,70.11,0,NaN,,6,,320,10
5/17/2023 04:52,16.1,11.06,72.25,0,NaN,,7,,330,10
5/17/2023 05:52,15.6,10.56,72.16,0,NaN,,9,,340,10
5/17/2023 06:52,16.7,9.35,62.08,0,NaN,,22,,320,10
5/17/2023 07:52,17.2,9.96,62.62,0,NaN,,22,35,320,10
5/17/2023 08:52,18.3,10.56,60.82,0,NaN,,22,35,320,10
5/17/2023 09:52,19.4,9.96,54.56,0,NaN,,28,46,340,10
5/17/2023 10:52,21.1,10.56,51.13,0,NaN,,19,,330,10
5/17/2023 11:52,21.7,10.57,49.29,0,NaN,,20,37,10,10
5/17/2023 12:52,21.7,8.26,42.23,0,NaN,,13,33,20,10
5/17/2023 13:52,22.2,6.07,35.24,0,NaN,,20,33,350,10
5/17/2023 14:52,22.8,4.97,31.48,0,NaN,,20,35,20,10
5/17/2023 15:52,22.8,3.88,29.15,0,NaN,,15,33,320,10
5/17/2023 16:52,22.8,3.88,29.15,0,NaN,,15,33,20,10
5/17/2023 17:52,22.8,3.28,27.94,0,NaN,,17,31,30,10
5/17/2023 18:52,21.1,4.96,34.92,0,NaN,,13,,50,10
5/17/2023 19:52,18.9,4.94,40,0,NaN,,15,,50,10
5/17/2023 20:52,17.8,4.94,42.86,0,NaN,,13,,50,10
5/17/2023 21:52,16.1,3.82,44.19,0,NaN,,13,,60,10
5/17/2023 22:52,15,2.72,43.87,0,NaN,,9,,60,10
5/17/2023 23:52,13.3,1.61,45.27,0,NaN,,9,,40,10
5/18/2023 00:52,12.8,1,44.8,0,NaN,,11,,30,10
5/18/2023 01:52,11.1,-0.1,46.28,0,NaN,,11,,30,10
5/18/2023 02:52,10.6,-0.1,47.84,0,NaN,,13,,30,10
5/18/2023 03:52,10,-1.2,45.96,0,NaN,8,13,,30,10
5/18/2023 04:52,8.9,-1.2,49.48,0,NaN,7,11,,30,10
5/18/2023 05:52,8.3,-1.81,49.31,0,NaN,6,11,,40,10
5/18/2023 06:52,8.9,-1.2,49.48,0,NaN,7,9,,30,10
5/18/2023 07:52,10.6,-0.7,45.8,0,NaN,,11,,40,10
5/18/2023 08:52,12.8,-0.1,41.38,0,NaN,,9,,100,10
5/18/2023 09:52,14.4,0.51,38.95,0,NaN,,7,,0,10
5/18/2023 10:52,16.7,2.72,39.35,0,NaN,,11,,110,10
5/18/2023 11:52,18.3,4.34,39.83,0,NaN,,7,,0,10
5/18/2023 12:52,18.9,5.54,41.71,0,NaN,,7,,0,10
5/18/2023 13:52,20,6.05,40.33,0,NaN,,9,,190,10
5/18/2023 14:52,20.6,6.65,40.5,0,NaN,,9,,0,10
5/18/2023 15:52,20.6,6.65,40.5,0,NaN,,13,,180,10
5/18/2023 16:52,20.6,7.76,43.67,0,NaN,,15,,170,10
5/18/2023 17:52,20,8.25,46.88,0,NaN,,22,30,190,10
5/18/2023 18:52,18.9,6.04,43.18,0,NaN,,13,,160,10
5/18/2023 19:52,17.8,5.54,44.68,0,NaN,,15,,160,10
5/18/2023 20:52,16.7,6.64,51.67,0,NaN,,13,,140,10
5/18/2023 21:52,16.7,6.03,49.58,0,NaN,,13,,150,10
5/18/2023 22:52,15.6,4.93,49.27,0,NaN,,15,,160,10
5/18/2023 23:52,14.4,5.53,55.49,0,NaN,,9,,160,10
5/19/2023 00:52,13.3,6.64,64.3,0,NaN,,9,,160,10
5/19/2023 01:52,11.7,7.15,73.9,0,NaN,,0,,0,10
5/19/2023 02:52,10,7.77,86.2,0,NaN,,0,,0,10
5/19/2023 03:52,9.4,7.17,86.14,0,NaN,9,6,,120,10
5/19/2023 04:52,10,7.77,86.2,0,NaN,,0,,0,10
5/19/2023 05:52,10.6,8.88,89.23,0,NaN,,6,,130,10
5/19/2023 06:52,13.3,9.97,80.42,0,NaN,,0,,0,10
5/19/2023 07:52,14.4,11.07,80.58,0,NaN,,6,,110,10
5/19/2023 08:52,16.7,11.67,72.36,0,NaN,,0,,0,10
5/19/2023 09:52,17.8,12.77,72.57,0,NaN,,0,,0,10
5/19/2023 10:52,19.4,12.77,65.66,0,NaN,,15,,160,10
5/19/2023 11:52,22.2,13.28,57.12,0,NaN,,19,33,160,10
5/19/2023 12:52,22.8,12.18,51.25,0,NaN,,24,33,140,10
5/19/2023 13:52,23.9,10.58,43.15,0,NaN,,15,31,170,10
5/19/2023 14:52,23.3,9.98,42.98,0,NaN,,17,31,160,10
5/19/2023 15:52,23.9,10.58,43.15,0,NaN,,17,,180,10
5/19/2023 16:52,23.3,10.58,44.73,0,NaN,,9,,0,10
5/19/2023 17:52,21.7,9.97,47.36,0,NaN,,17,,170,10
5/19/2023 18:52,21.7,9.97,47.36,0,NaN,,15,,160,10
5/19/2023 19:52,20.6,9.96,50.66,0,NaN,,11,,170,10
5/19/2023 20:52,18.9,9.96,56.28,0,NaN,,15,,150,10
5/19/2023 21:52,17.8,11.06,64.88,0,NaN,,11,,150,10
5/19/2023 22:52,16.7,11.67,72.36,0,NaN,,9,,160,10
5/19/2023 23:52,16.1,11.67,75.18,0,NaN,,7,,170,10
5/20/2023 00:52,15,11.67,80.66,0,NaN,,0,,0,10
5/20/2023 01:52,12.8,11.08,89.41,0,NaN,,0,,0,10
5/20/2023 02:52,12.2,11.09,93,0,NaN,,0,,0,10
5/20/2023 03:52,11.7,10.59,92.97,0,NaN,,0,,0,10
5/20/2023 04:52,11.1,9.99,92.94,0,NaN,,7,,130,10
5/20/2023 05:52,11.7,9.98,89.32,0,NaN,,0,,0,10
5/20/2023 06:52,14.4,13.29,93.11,0,NaN,,0,,0,8
5/20/2023 07:52,15,13.29,89.58,0,NaN,,9,,120,10
5/20/2023 08:52,15.6,13.28,86.2,0,NaN,,0,,0,10
5/20/2023 09:52,18.9,13.87,72.77,0,NaN,,6,,0,10
5/20/2023 10:52,21.1,13.87,63.51,0,NaN,,0,,0,10
5/20/2023 11:52,22.2,13.88,59.39,0,NaN,,7,,280,10
5/20/2023 12:52,24.4,14.39,53.73,0,NaN,,11,,230,10
5/20/2023 13:52,25,14.4,51.84,0,NaN,,11,,190,10
5/20/2023 14:52,26.7,15.01,48.73,0,27.08,,13,,200,10
5/20/2023 15:52,27.2,15.61,49.18,0,27.56,,9,26,250,10
5/20/2023 16:52,26.1,15.6,52.46,0,NaN,,6,,0,10
5/20/2023 17:52,23.9,16.09,61.74,2.54,NaN,,9,,0,6
5/20/2023 18:52,20,18.9,93.4,330.2,NaN,,28,43,320,3
5/20/2023 19:52,18.9,17.79,93.34,406.4,NaN,,11,,340,10
5/20/2023 20:52,19.4,16.69,84.41,2.54,NaN,,7,,340,10
5/20/2023 21:52,18.9,17.19,89.88,0,NaN,,9,,320,10
5/20/2023 22:52,18.9,16.69,87.08,0,NaN,,13,,330,10
5/20/2023 23:52,18.3,15.58,84.29,0,NaN,,11,,330,10
5/21/2023 00:52,17.8,14.38,80.52,0,NaN,,20,,340,10
5/21/2023 01:52,16.7,11.67,72.36,0,NaN,,17,,340,10
5/21/2023 02:52,16.7,9.95,64.63,0,NaN,,20,31,340,10
5/21/2023 03:52,15.6,9.35,66.59,0,NaN,,20,,330,10
5/21/2023 04:52,13.9,8.25,68.98,0,NaN,,19,,330,10
5/21/2023 05:52,12.8,7.15,68.75,0,NaN,,6,,310,10
5/21/2023 06:52,12.2,8.87,80.27,0,NaN,,0,,0,10
5/21/2023 07:52,15,8.25,64.25,0,NaN,,13,,320,10
5/21/2023 08:52,16.1,8.25,59.88,0,NaN,,15,,320,10
5/21/2023 09:52,18.3,8.85,54.27,0,NaN,,15,30,320,10
5/21/2023 10:52,19.4,8.25,48.65,0,NaN,,28,39,310,10
5/21/2023 11:52,21.1,8.86,45.63,0,NaN,,19,37,330,10
5/21/2023 12:52,22.2,8.27,40.97,0,NaN,,20,37,310,10
5/21/2023 13:52,23.9,8.28,36.97,0,NaN,,24,37,320,10
5/21/2023 14:52,25,7.8,33.46,0,NaN,,19,33,330,10
5/21/2023 15:52,25,7.8,33.46,0,NaN,,20,35,320,10
5/21/2023 16:52,25.6,7.81,32.29,0,NaN,,26,37,360,10
5/21/2023 17:52,26.1,7.81,31.35,0,NaN,,15,31,340,10
5/21/2023 18:52,25,7.8,33.46,0,NaN,,19,,310,10
5/21/2023 19:52,23.3,8.28,38.33,0,NaN,,11,,320,10
5/21/2023 20:52,20.6,9.36,48.66,0,NaN,,7,,300,10
5/21/2023 21:52,20,9.36,50.49,0,NaN,,6,,310,10
5/21/2023 22:52,16.7,9.35,62.08,0,NaN,,6,,300,10
5/21/2023 23:52,15,9.36,69.2,0,NaN,,6,,280,10
5/22/2023 00:52,13.9,9.36,74.3,0,NaN,,6,,290,10
5/22/2023 01:52,12.8,9.37,79.81,0,NaN,,7,,300,10
5/22/2023 02:52,12.8,8.86,77.17,0,NaN,,0,,0,10
5/22/2023 03:52,11.7,8.87,82.95,0,NaN,,0,,0,10
5/22/2023 04:52,10.6,8.27,85.68,0,NaN,,0,,0,10
5/22/2023 05:52,11.1,8.27,82.88,0,NaN,,6,,290,8
5/22/2023 06:52,10.6,8.88,89.23,0,NaN,,0,,0,5
5/22/2023 07:52,16.1,10.56,69.89,0,NaN,,7,,320,7
5/22/2023 08:52,20.6,11.67,56.72,0,NaN,,6,,0,10
5/22/2023 09:52,22.8,10.57,46.1,0,NaN,,0,,0,10
5/22/2023 10:52,24.4,9.39,38.65,0,NaN,,11,,60,10
5/22/2023 11:52,25,8.9,36.05,0,NaN,,7,,0,10
5/22/2023 12:52,25.6,9.4,35.98,0,NaN,,6,,170,10
5/22/2023 13:52,26.1,9.41,34.94,0,NaN,,9,,0,10
5/22/2023 14:52,25.6,7.81,32.29,0,NaN,,7,,80,10
5/22/2023 15:52,25,8.9,36.05,0,NaN,,13,,60,10
5/22/2023 16:52,26.7,8.32,31.31,0,26.24,,7,,80,10
5/22/2023 17:52,25.6,7.21,31,0,NaN,,11,,120,10
5/22/2023 18:52,23.9,8.88,38.5,0,NaN,,9,,130,10
5/22/2023 19:52,22.2,8.27,40.97,0,NaN,,7,,140,10
5/22/2023 20:52,17.2,9.96,62.62,0,NaN,,7,,160,10
5/22/2023 21:52,15.6,9.96,69.32,0,NaN,,6,,150,10
5/22/2023 22:52,16.1,10.56,69.89,0,NaN,,6,,150,10
5/22/2023 23:52,17.8,10.56,62.76,0,NaN,,7,,160,10
5/23/2023 00:52,17.8,12.17,69.77,0,NaN,,9,,150,10
5/23/2023 01:52,16.1,12.17,77.69,0,NaN,,0,,0,10
5/23/2023 02:52,13.9,11.68,86.6,0,NaN,,0,,0,10
5/23/2023 03:52,13.3,11.68,90.04,0,NaN,,0,,0,10
5/23/2023 04:52,12.2,11.09,93,0,NaN,,0,,0,10
5/23/2023 05:52,11.7,10.59,92.97,0,NaN,,0,,0,10
5/23/2023 06:52,12.2,11.09,93,0,NaN,,0,,0,10
5/23/2023 07:52,16.1,12.78,80.81,0,NaN,,15,,80,10
5/23/2023 08:52,17.8,12.77,72.57,0,NaN,,11,,50,10
5/23/2023 09:52,20,12.17,60.82,0,NaN,,0,,0,10
5/23/2023 10:52,21.7,12.77,56.99,0,NaN,,9,,30,10
5/23/2023 11:52,22.2,11.67,51.43,0,NaN,,7,,0,10
5/23/2023 12:52,22.2,11.07,49.43,0,NaN,,11,,90,10
5/23/2023 13:52,23.3,11.68,48.12,0,NaN,,15,,50,10
5/23/2023 14:52,23.9,11.09,44.61,0,NaN,,7,,0,10
5/23/2023 15:52,23.9,9.38,39.82,0,NaN,,11,,70,10
5/23/2023 16:52,23.3,9.98,42.98,0,NaN,,9,,0,10
5/23/2023 17:52,22.8,10.57,46.1,0,NaN,,11,,140,10
5/23/2023 18:52,21.7,8.86,43.98,0,NaN,,17,,120,10
5/23/2023 19:52,20,8.86,48.82,0,NaN,,13,,120,10
5/23/2023 20:52,17.8,8.25,53.77,0,NaN,,7,,120,10
5/23/2023 21:52,16.7,8.25,57.64,0,NaN,,7,,130,10
5/23/2023 22:52,15.6,8.25,61.82,0,NaN,,7,,150,10
5/23/2023 23:52,13.9,8.25,68.98,0,NaN,,0,,0,10
5/24/2023 00:52,12.2,8.26,77.07,0,NaN,,0,,0,10
5/24/2023 01:52,10.6,7.77,82.82,0,NaN,,0,,0,10
5/24/2023 02:52,10.6,7.77,82.82,0,NaN,,6,,310,10
5/24/2023 03:52,9.4,7.78,89.74,0,NaN,,0,,0,10
5/24/2023 04:52,10,8.28,89.18,0,NaN,,0,,0,10
5/24/2023 05:52,10,8.28,89.18,0,NaN,10,6,,310,10
5/24/2023 06:52,11.1,8.88,86.31,0,NaN,,0,,0,10
5/24/2023 07:52,15,9.96,72.04,0,NaN,,0,,0,10
5/24/2023 08:52,17.8,9.95,60.29,0,NaN,,6,,290,10
5/24/2023 09:52,19.4,10.56,56.79,0,NaN,,6,,0,10
5/24/2023 10:52,21.7,10.57,49.29,0,NaN,,7,,20,10
5/24/2023 11:52,23.3,10.58,44.73,0,NaN,,7,,0,10
5/24/2023 12:52,24.4,10.59,41.88,0,NaN,,6,,0,10
5/24/2023 13:52,26.1,10.01,36.37,0,NaN,,7,,0,10
5/24/2023 14:52,27.2,9.43,32.75,0,26.66,,6,,0,10
5/24/2023 15:52,27.2,7.23,28.21,0,26.48,,6,,0,8
5/24/2023 16:52,27.8,7.84,28.38,0,26.88,,7,,270,10
5/24/2023 17:52,27.2,8.92,31.66,0,26.61,,9,,240,10
5/24/2023 18:52,26.1,6.12,27.9,0,NaN,,7,,250,10
5/24/2023 19:52,21.7,10.57,49.29,0,NaN,,9,,190,10
5/24/2023 20:52,20.6,9.36,48.66,0,NaN,,6,,190,10
5/24/2023 21:52,19.4,10.56,56.79,0,NaN,,6,,200,10
5/24/2023 22:52,18.3,11.66,65.42,0,NaN,,13,,200,10
5/24/2023 23:52,21.1,9.36,47.19,0,NaN,,19,,10,10
5/25/2023 00:52,18.9,9.96,56.28,0,NaN,,26,39,360,10
5/25/2023 01:52,17.2,8.85,58.16,0,NaN,,26,39,20,10
5/25/2023 02:52,16.1,8.25,59.88,0,NaN,,26,43,20,10
5/25/2023 03:52,15.6,7.14,57.36,0,NaN,,28,37,20,10
5/25/2023 04:52,13.9,5.53,57.32,0,NaN,,24,46,10,10
5/25/2023 05:52,12.2,4.33,58.91,0,NaN,,24,43,360,10
5/25/2023 06:52,11.7,3.83,58.78,0,NaN,,24,33,350,10
5/25/2023 07:52,11.7,3.83,58.78,0,NaN,,24,39,10,10
5/25/2023 08:52,13.3,4.32,54.81,0,NaN,,20,,360,10
5/25/2023 09:52,15,4.93,51.21,0,NaN,,15,,360,10
5/25/2023 10:52,16.7,5.53,47.9,0,NaN,,15,,330,10
5/25/2023 11:52,17.2,5.53,46.4,0,NaN,,6,,0,10
5/25/2023 12:52,18.9,5.54,41.71,0,NaN,,6,,0,10
5/25/2023 13:52,20.6,3.85,33.34,0,NaN,,15,,360,10
5/25/2023 14:52,21.1,2.76,29.91,0,NaN,,19,28,360,10
5/25/2023 15:52,22.2,1.67,25.86,0,NaN,,13,,30,10
5/25/2023 16:52,21.7,1.07,25.54,0,NaN,,19,28,360,10
5/25/2023 17:52,21.7,1.07,25.54,0,NaN,,6,,0,10
5/25/2023 18:52,21.1,1.06,26.49,0,NaN,,19,,30,10
5/25/2023 19:52,18.9,2.74,34.27,0,NaN,,15,,40,10
5/25/2023 20:52,17.2,1.62,35.25,0,NaN,,13,,30,10
5/25/2023 21:52,17.2,2.12,36.53,0,NaN,,17,,30,10
5/25/2023 22:52,13.9,3.82,50.9,0,NaN,,0,,0,10
5/25/2023 23:52,10.6,4.33,65.48,0,NaN,,0,,0,10
5/26/2023 00:52,8.9,4.35,73.39,0,NaN,,0,,0,10
5/26/2023 01:52,8.3,3.85,73.79,0,NaN,,0,,0,10
5/26/2023 02:52,10,4.34,68.16,0,NaN,,0,,0,10
5/26/2023 03:52,8.9,3.84,70.86,0,NaN,8,6,,320,10
5/26/2023 04:52,9.4,4.34,70.96,0,NaN,8,11,,30,10
5/26/2023 05:52,8.9,5.56,79.79,0,NaN,8,6,,20,10
5/26/2023 06:52,11.1,7.16,76.89,0,NaN,,6,,20,10
5/26/2023 07:52,13.9,8.25,68.98,0,NaN,,6,,350,10
5/26/2023 08:52,16.7,8.25,57.64,0,NaN,,9,,320,10
5/26/2023 09:52,18.3,8.25,52.11,0,NaN,,9,,330,10
5/26/2023 10:52,20,7.75,45.31,0,NaN,,7,,0,10
5/26/2023 11:52,21.7,7.76,40.82,0,NaN,,13,,20,10
5/26/2023 12:52,21.1,7.76,42.35,0,NaN,,9,,70,10
5/26/2023 13:52,22.2,5.57,34.04,0,NaN,,11,,0,10
5/26/2023 14:52,24.4,6.09,30.86,0,NaN,,9,,30,10
5/26/2023 15:52,23.9,4.99,29.46,0,NaN,,9,,0,10
5/26/2023 16:52,23.9,5.59,30.72,0,NaN,,11,,140,10
5/26/2023 17:52,23.3,5.58,31.85,0,NaN,,13,,70,10
5/26/2023 18:52,22.8,4.97,31.48,0,NaN,,11,,100,10
5/26/2023 19:52,21.1,4.35,33.48,0,NaN,,7,,60,10
5/26/2023 20:52,18.3,4.94,41.53,0,NaN,,9,,170,10
5/26/2023 21:52,16.1,5.53,49.76,0,NaN,,7,,160,10
5/26/2023 22:52,12.8,6.04,63.74,0,NaN,,0,,0,10
5/26/2023 23:52,10.6,6.05,73.7,0,NaN,,0,,0,10
5/27/2023 00:52,13.3,7.15,66.54,0,NaN,,7,,150,10
5/27/2023 01:52,11.1,7.16,76.89,0,NaN,,6,,110,10
5/27/2023 02:52,10,6.66,79.95,0,NaN,,0,,0,10
5/27/2023 03:52,8.9,6.67,86.08,0,NaN,,0,,0,10
5/27/2023 04:52,7.8,6.08,88.99,0,NaN,,0,,0,10
5/27/2023 05:52,8.3,6.07,86.02,0,NaN,8,6,,320,10
5/27/2023 06:52,11.7,8.87,82.95,0,NaN,,0,,0,10
5/27/2023 07:52,16.1,9.35,64.5,0,NaN,,7,,350,10
5/27/2023 08:52,17.8,8.25,53.77,0,NaN,,9,,360,10
5/27/2023 09:52,20,5.55,38.95,0,NaN,,11,,60,10
5/27/2023 10:52,21.7,4.96,33.66,0,NaN,,13,,100,10
5/27/2023 11:52,22.2,3.27,28.98,0,NaN,,15,,130,10
5/27/2023 12:52,23.3,3.28,27.11,0,NaN,,6,,0,10
5/27/2023 13:52,23.3,3.88,28.28,0,NaN,,0,,0,10
5/27/2023 14:52,24.4,3.9,26.48,0,NaN,,9,,40,10
5/27/2023 15:52,24.4,3.3,25.38,0,NaN,,9,31,110,10
5/27/2023 16:52,23.3,3.28,27.11,0,NaN,,15,26,80,10
5/27/2023 17:52,23.3,4.98,30.55,0,NaN,,11,,110,10
5/27/2023 18:52,22.2,4.97,32.65,0,NaN,,13,,100,10
5/27/2023 19:52,20.6,4.95,36.01,0,NaN,,7,,110,10
5/27/2023 20:52,16.7,6.03,49.58,0,NaN,,6,,120,10
5/27/2023 21:52,17.2,5.53,46.4,0,NaN,,7,,130,10
5/27/2023 22:52,16.1,5.53,49.76,0,NaN,,9,,120,10
5/27/2023 23:52,16.1,5.53,49.76,0,NaN,,6,,140,10
5/28/2023 00:52,15,5.53,53.39,0,NaN,,0,,0,10
5/28/2023 01:52,12.8,6.64,66.43,0,NaN,,0,,0,10
5/28/2023 02:52,12.2,6.65,69.1,0,NaN,,0,,0,10
5/28/2023 03:52,13.9,6.64,61.84,0,NaN,,6,,60,10
5/28/2023 04:52,14.4,5.53,55.49,0,NaN,,6,,60,10
5/28/2023 05:52,13.9,6.03,59.33,0,NaN,,13,,30,10
5/28/2023 06:52,14.4,6.64,59.87,0,NaN,,15,,30,10
5/28/2023 07:52,15,7.14,59.61,0,NaN,,7,,30,10
5/28/2023 08:52,18.3,8.85,54.27,0,NaN,,11,,90,10
5/28/2023 09:52,19.4,8.85,50.67,0,NaN,,19,,70,10
5/28/2023 10:52,20.6,9.36,48.66,0,NaN,,15,,70,10
5/28/2023 11:52,21.1,9.36,47.19,0,NaN,,19,,90,10
5/28/2023 12:52,21.7,9.97,47.36,0,NaN,,11,,100,10
5/28/2023 13:52,23.3,11.08,46.25,0,NaN,,19,28,70,10
5/28/2023 14:52,22.2,11.67,51.43,0,NaN,,17,,60,10
5/28/2023 15:52,22.8,12.18,51.25,0,NaN,,11,,0,10
5/28/2023 16:52,22.8,12.18,51.25,0,NaN,,17,,90,10
5/28/2023 17:52,23.3,12.78,51.72,0,NaN,,9,,110,10
5/28/2023 18:52,22.2,13.28,57.12,0,NaN,,22,,110,10
5/28/2023 19:52,20,14.38,70.2,2.54,NaN,,11,,40,10
5/28/2023 20:52,19.4,14.98,75.73,0,NaN,,13,,40,10
5/28/2023 21:52,19.4,14.38,72.86,0,NaN,,9,,50,10
5/28/2023 22:52,20,13.87,67.96,0,NaN,,9,,50,10
5/28/2023 23:52,19.4,13.87,70.54,2.54,NaN,,11,,50,10
5/29/2023 00:52,19.4,13.27,67.84,0,NaN,,6,,0,10
5/29/2023 01:52,19.4,13.27,67.84,0,NaN,,11,,60,10
5/29/2023 02:52,18.9,13.27,69.98,0,NaN,,7,,20,10
5/29/2023 03:52,18.9,13.27,69.98,0,NaN,,9,,30,10
5/29/2023 04:52,17.8,14.98,83.69,2.54,NaN,,7,,30,10
5/29/2023 05:52,17.2,14.99,86.92,279.4,NaN,,11,,30,7
5/29/2023 06:52,16.7,14.38,86.31,330.2,NaN,,13,,30,10
5/29/2023 07:52,17.2,14.99,86.92,2.54,NaN,,9,,30,10
5/29/2023 08:52,18.3,15.58,84.29,2.54,NaN,,9,,20,10
5/29/2023 09:52,19.4,16.08,81.25,0,NaN,,11,,50,10
5/29/2023 10:52,20.6,16.08,75.44,0,NaN,,11,,30,10
5/29/2023 11:52,21.7,14.38,63.24,0,NaN,,17,,70,10
5/29/2023 12:52,23.3,16.69,66.5,0,NaN,,13,,30,10
5/29/2023 13:52,25,16.7,60.06,0,NaN,,15,,10,10
5/29/2023 14:52,23.9,16.69,64.14,0,NaN,,22,33,70,10
5/29/2023 15:52,18.9,16.69,87.08,279.4,NaN,,9,,20,7
5/29/2023 16:52,20.6,17.79,84.02,76.2,NaN,,9,,40,10
5/29/2023 17:52,21.1,18.29,84.07,2.54,NaN,,6,,80,10
5/29/2023 18:52,21.7,18.29,81.04,2.54,NaN,,13,,90,10
5/29/2023 19:52,18.3,14.98,81.11,2.54,NaN,,13,,100,10
5/29/2023 20:52,17.8,14.98,83.69,0,NaN,,6,,60,10
5/29/2023 21:52,17.2,14.99,86.92,0,NaN,,0,,0,10
5/29/2023 22:52,17.8,16.09,89.8,0,NaN,,7,,50,10
5/29/2023 23:52,17.8,14.98,83.69,0,NaN,,15,,100,10
5/30/2023 00:52,16.7,13.88,83.56,2.54,NaN,,13,,60,10
5/30/2023 01:52,15,12.78,86.7,152.4,NaN,,0,,0,9
5/30/2023 02:52,15,12.78,86.7,2.54,NaN,,9,,40,8
5/30/2023 03:52,15,13.29,89.58,0,NaN,,6,,40,8
5/30/2023 04:52,15.6,11.06,74.59,0,NaN,,13,,20,10
5/30/2023 05:52,15.6,11.06,74.59,2.54,NaN,,13,,20,10
5/30/2023 06:52,15.6,9.96,69.32,0,NaN,,17,,20,10
5/30/2023 07:52,15.6,10.56,72.16,0,NaN,,15,,40,10
5/30/2023 08:52,16.7,12.17,74.78,0,NaN,,7,,40,10
5/30/2023 09:52,17.2,12.17,72.45,0,NaN,,15,,60,10
5/30/2023 10:52,19.4,12.77,65.66,0,NaN,,13,,40,10
5/30/2023 11:52,21.7,13.88,61.23,0,NaN,,15,,70,10
5/30/2023 12:52,22.8,13.88,57.27,0,NaN,,13,,100,10
5/30/2023 13:52,23.9,13.29,51.55,0,NaN,,7,,0,10
5/30/2023 14:52,24.4,12.79,48.42,0,NaN,,15,,100,10
5/30/2023 15:52,25,12.2,44.92,0,NaN,,15,,80,10
5/30/2023 16:52,24.4,12.19,46.55,0,NaN,,15,,90,10
5/30/2023 17:52,24.4,12.19,46.55,0,NaN,,13,,60,10
5/30/2023 18:52,22.8,11.08,47.66,0,NaN,,19,,90,10
5/30/2023 19:52,21.7,11.67,53.02,0,NaN,,9,,100,10
5/30/2023 20:52,19.4,11.66,61.08,0,NaN,,9,,110,10
5/30/2023 21:52,18.3,10.56,60.82,0,NaN,,9,,130,10
5/30/2023 22:52,17.2,9.96,62.62,0,NaN,,7,,130,10
5/30/2023 23:52,16.7,11.06,69.55,0,NaN,,9,,130,10
5/31/2023 00:52,15.6,11.06,74.59,0,NaN,,6,,90,10
5/31/2023 01:52,13.3,11.08,86.54,0,NaN,,0,,0,10
5/31/2023 02:52,11.7,9.98,89.32,0,NaN,,0,,0,10
5/31/2023 03:52,10.6,8.88,89.23,0,NaN,,0,,0,10
5/31/2023 04:52,9.4,8.29,92.84,0,NaN,,0,,0,10
5/31/2023 05:52,9.4,7.78,89.74,0,NaN,,0,,0,10
5/31/2023 06:52,10,9.39,96.06,0,NaN,,0,,0,10
5/31/2023 07:52,15.6,9.96,69.32,0,NaN,,11,,40,10
5/31/2023 08:52,17.2,7.74,53.98,0,NaN,,15,,60,10
5/31/2023 09:52,18.9,6.64,45,0,NaN,,9,,40,10
5/31/2023 10:52,21.1,6.06,37.69,0,NaN,,9,,50,10
5/31/2023 11:52,22.8,6.07,33.98,0,NaN,,6,,0,10
5/31/2023 12:52,23.9,4.99,29.46,0,NaN,,9,,0,10
5/31/2023 13:52,25,6.1,29.78,0,NaN,,0,,0,10
5/31/2023 14:52,26.1,3.92,23.93,0,NaN,,7,,0,10
5/31/2023 15:52,26.1,5.02,25.85,0,NaN,,6,,140,10
5/31/2023 16:52,26.1,5.02,25.85,0,NaN,,11,,70,10
5/31/2023 17:52,25.6,4.41,25.53,0,NaN,,11,,110,10
5/31/2023 18:52,25,4.41,26.46,0,NaN,,11,,100,10
5/31/2023 19:52,22.8,2.78,26.97,0,NaN,,9,,100,10
5/31/2023 20:52,19.4,5.54,40.43,0,NaN,,7,,110,10
5/31/2023 21:52,18.9,6.04,43.18,0,NaN,,7,,140,10
5/31/2023 23:52,13.3,9.36,77.25,0,NaN,,0,,0,10
6/1/2023 00:52,12.2,9.37,83.02,0,NaN,,0,,0,10
6/1/2023 01:52,11.7,8.87,82.95,0,NaN,,0,,0,10
6/1/2023 02:52,12.2,9.37,83.02,0,NaN,,0,,0,10
6/1/2023 03:52,11.7,8.87,82.95,0,NaN,,0,,0,10
6/1/2023 04:52,11.7,8.87,82.95,0,NaN,,6,,320,10
6/1/2023 05:52,11.1,8.88,86.31,0,NaN,,0,,0,10
6/1/2023 06:52,13.3,10.57,83.71,0,NaN,,0,,0,10
6/1/2023 07:52,16.7,11.06,69.55,0,NaN,,7,,320,10
6/1/2023 08:52,20,13.27,65.36,0,NaN,,7,,360,10
6/1/2023 09:52,22.8,13.28,55.08,0,NaN,,7,,30,10
6/1/2023 10:52,24.4,11.69,45.04,0,NaN,,9,,0,10
6/1/2023 11:52,25.6,12.8,45.08,0,NaN,,9,,0,10
6/1/2023 12:52,26.1,12.21,42.08,0,NaN,,9,,0,10
6/1/2023 13:52,27.8,10.03,32.92,0,27.09,,11,,80,10
6/1/2023 14:52,28.9,9.45,29.67,0,27.77,,6,,0,10
6/1/2023 15:52,28.9,7.86,26.62,0,27.62,,11,31,50,10
6/1/2023 16:52,29.4,8.36,26.76,0,28.03,,9,,30,10
6/1/2023 17:52,30,8.38,25.86,0,28.49,,7,,0,10
6/1/2023 18:52,28.3,7.25,26.46,0,27.16,,17,,100,10
6/1/2023 19:52,25.6,8.9,34.79,0,NaN,,7,,140,10
6/1/2023 20:52,23.3,12.78,51.72,0,NaN,,9,,160,8
6/1/2023 21:52,19.4,13.27,67.84,0,NaN,,9,,180,6
6/1/2023 22:52,18.3,13.27,72.66,0,NaN,,0,,0,6
6/1/2023 23:52,16.7,13.28,80.37,0,NaN,,0,,0,6
6/2/2023 00:52,16.1,13.28,83.49,0,NaN,,0,,0,6
6/2/2023 01:52,15,12.78,86.7,0,NaN,,0,,0,7
6/2/2023 02:52,14.4,12.79,90.12,0,NaN,,0,,0,8
6/2/2023 03:52,15,12.18,83.36,0,NaN,,0,,0,10
6/2/2023 04:52,13.9,12.18,89.49,0,NaN,,0,,0,10
6/2/2023 05:52,13.3,11.68,90.04,0,NaN,,0,,0,8
6/2/2023 06:52,16.1,12.78,80.81,0,NaN,,0,,0,8
6/2/2023 07:52,20.6,13.87,65.49,0,NaN,,7,,330,10
6/2/2023 08:52,24.4,12.19,46.55,0,NaN,,13,,350,10
6/2/2023 09:52,26.7,11.72,39.31,0,26.45,,13,,350,10
6/2/2023 10:52,28.3,11.73,35.8,0,27.64,,13,,350,10
6/2/2023 11:52,30.6,11.18,30.15,0,29.34,,7,,0,10
6/2/2023 12:52,31.7,11.8,29.47,0,30.42,,7,,0,10
6/2/2023 13:52,31.7,12.89,31.68,0,30.67,,0,,0,10
6/2/2023 14:52,32.8,13.41,30.76,0,31.86,,7,,0,10
6/2/2023 15:52,33.3,13.42,29.91,0,32.36,,17,26,350,10
6/2/2023 16:52,32.2,12.9,30.79,0,31.14,,11,26,20,10
6/2/2023 17:52,33.9,11.24,25.03,0,32.41,,9,,350,10
6/2/2023 18:52,31.7,12.29,30.45,0,30.53,,9,,60,10
6/2/2023 19:52,32.2,10.71,26.63,0,30.68,,13,,360,10
6/2/2023 20:52,30,11.76,32.46,0,28.94,,11,,330,10
6/2/2023 21:52,26.7,13.91,45.39,0,26.61,,0,,0,10
6/2/2023 22:52,24.4,13.29,50.03,0,NaN,,0,,0,10
6/2/2023 23:52,21.1,13.87,63.51,0,NaN,,0,,0,10
6/3/2023 00:52,25,14.4,51.84,0,NaN,,15,,40,10
6/3/2023 01:52,24.4,14.39,53.73,0,NaN,,9,,20,10
6/3/2023 02:52,23.9,14.99,57.54,0,NaN,,9,,20,10
6/3/2023 03:52,22.8,13.88,57.27,0,NaN,,9,,340,10
6/3/2023 04:52,22.8,13.28,55.08,0,NaN,,7,,10,10
6/3/2023 05:52,23.3,13.28,53.44,0,NaN,,11,,360,10
6/3/2023 06:52,22.8,13.88,57.27,0,NaN,,11,,360,10
6/3/2023 07:52,24.4,13.89,52.02,0,NaN,,13,,360,10
6/3/2023 08:52,26.1,15,50.48,0,NaN,,15,,40,10
6/3/2023 09:52,27.8,15.62,47.49,0,28.03,,20,28,50,10
6/3/2023 10:52,27.8,16.12,49.03,0,28.15,,13,,40,10
6/3/2023 11:52,29.4,16.74,46.43,0,29.73,,15,,40,10
6/3/2023 12:52,29.4,15.64,43.29,0,29.37,,20,,90,10
6/3/2023 13:52,29.4,15.04,41.65,0,29.19,,19,31,110,10
6/3/2023 14:52,28.9,15.63,44.55,0,28.93,,17,,60,10
6/3/2023 15:52,29.4,15.64,43.29,0,29.37,,15,,80,10
6/3/2023 16:52,29.4,15.64,43.29,0,29.37,,15,,60,10
6/3/2023 17:52,27.2,17.81,56.55,0,28.07,,19,,120,10
6/3/2023 18:52,26.1,16.7,56.27,0,NaN,,24,33,110,10
6/3/2023 19:52,24.4,16.09,59.92,0,NaN,,17,,110,10
6/3/2023 20:52,22.2,16.68,71.07,0,NaN,,24,35,100,10
6/3/2023 21:52,20,14.98,72.97,0,NaN,,17,35,140,10
6/3/2023 22:52,18.3,13.27,72.66,0,NaN,,24,35,100,10
6/3/2023 23:52,17.2,12.77,75.36,0,NaN,,19,,100,10
6/4/2023 00:52,16.7,12.77,77.79,2.54,NaN,,9,,130,10
6/4/2023 01:52,16.7,12.77,77.79,2.54,NaN,,15,,120,10
6/4/2023 02:52,16.1,12.17,77.69,0,NaN,,13,,140,10
6/4/2023 03:52,16.1,11.67,75.18,0,NaN,,7,,120,10
6/4/2023 04:52,16.1,11.06,72.25,0,NaN,,11,,90,10
6/4/2023 05:52,15.6,11.06,74.59,2.54,NaN,,6,,120,10
6/4/2023 06:52,16.1,11.06,72.25,2.54,NaN,,9,,90,10
6/4/2023 07:52,16.7,9.95,64.63,0,NaN,,13,,100,10
6/4/2023 08:52,17.2,10.56,65.18,0,NaN,,11,,70,10
6/4/2023 09:52,19.4,10.56,56.79,0,NaN,,9,,0,10
6/4/2023 10:52,18.9,9.96,56.28,0,NaN,,9,,50,10
6/4/2023 11:52,19.4,11.06,58.71,0,NaN,,11,,60,10
6/4/2023 12:52,20,10.56,54.71,0,NaN,,7,,0,10
6/4/2023 13:52,22.2,10.57,47.81,0,NaN,,7,,0,10
6/4/2023 14:52,21.7,10.57,49.29,0,NaN,,7,,140,10
6/4/2023 15:52,23.9,9.99,41.46,0,NaN,,7,,270,10
6/4/2023 16:52,24.4,10.59,41.88,0,NaN,,13,,280,10
6/4/2023 17:52,25,11.1,41.77,0,NaN,,13,,270,10
6/4/2023 18:52,23.9,11.09,44.61,0,NaN,,11,,280,10
6/4/2023 19:52,22.2,11.67,51.43,0,NaN,,13,,260,10
6/4/2023 20:52,20.6,12.17,58.61,0,NaN,,6,,260,10
6/4/2023 21:52,18.3,12.17,67.61,0,NaN,,9,,180,10
6/4/2023 22:52,16.7,12.17,74.78,0,NaN,,6,,210,10
6/4/2023 23:52,13.9,11.08,83.23,0,NaN,,6,,90,10
6/5/2023 00:52,13.3,11.08,86.54,0,NaN,,6,,40,10
6/5/2023 01:52,15.6,11.67,77.61,0,NaN,,13,,340,10
6/5/2023 02:52,14.4,9.96,74.88,0,NaN,,13,,20,10
6/5/2023 03:52,14.4,9.36,71.93,0,NaN,,11,,20,10
6/5/2023 04:52,12.8,9.37,79.81,0,NaN,,9,,30,10
6/5/2023 05:52,12.2,9.98,86.42,0,NaN,,9,,20,10
6/5/2023 06:52,13.3,9.36,77.25,0,NaN,,7,,330,10
6/5/2023 07:52,16.7,10.56,67.27,0,NaN,,11,,40,10
6/5/2023 08:52,18.3,9.95,58.43,0,NaN,,11,,10,10
6/5/2023 09:52,20,9.36,50.49,0,NaN,,9,,340,10
6/5/2023 10:52,21.7,8.86,43.98,0,NaN,,9,,340,10
6/5/2023 11:52,23.3,7.78,37.05,0,NaN,,15,,350,10
6/5/2023 12:52,23.9,8.28,36.97,0,NaN,,17,28,310,10
6/5/2023 14:52,25.6,7.21,31,0,NaN,,0,,0,10
6/5/2023 15:52,26.1,7.81,31.35,0,NaN,,9,,350,10
6/5/2023 16:52,26.1,7.21,30.09,0,NaN,,20,,300,10
6/5/2023 17:52,25.6,7.21,31,0,NaN,,15,33,320,10
6/5/2023 18:52,25,6.1,29.78,0,NaN,,19,,340,10
6/5/2023 19:52,23.3,6.68,34.36,0,NaN,,15,,330,10
6/5/2023 20:52,21.7,6.66,37.86,0,NaN,,11,,320,10
6/5/2023 21:52,19.4,7.75,47.03,0,NaN,,9,,330,10
6/5/2023 22:52,17.8,7.74,51.97,0,NaN,,6,,270,10
6/5/2023 23:52,15,7.74,62.1,0,NaN,,6,,270,10
6/6/2023 00:52,16.1,8.25,59.88,0,NaN,,7,,270,10
6/6/2023 01:52,14.4,7.75,64.55,0,NaN,,6,,280,10
6/6/2023 02:52,13.9,7.75,66.67,0,NaN,,0,,0,10
6/6/2023 03:52,11.7,7.76,76.99,0,NaN,,0,,0,10
6/6/2023 04:52,11.1,7.76,80.11,0,NaN,,0,,0,10
6/6/2023 05:52,10,7.77,86.2,0,NaN,,0,,0,10
6/6/2023 06:52,11.1,8.27,82.88,0,NaN,,0,,0,7
6/6/2023 07:52,15.6,8.25,61.82,0,NaN,,7,,300,10
6/6/2023 08:52,18.9,8.25,50.19,0,NaN,,7,,310,7
6/6/2023 09:52,21.7,7.76,40.82,0,NaN,,17,,320,7
6/6/2023 10:52,23.3,7.18,35.56,0,NaN,,17,,310,6
6/6/2023 11:52,25,7.2,32.12,0,NaN,,17,,300,6
6/6/2023 12:52,26.7,7.82,30.26,0,26.22,,24,37,300,6
6/6/2023 13:52,25.6,8.31,33.41,0,NaN,,13,33,270,6
6/6/2023 14:52,27.8,7.24,27.24,0,26.84,,26,39,290,6
6/6/2023 15:52,28.3,7.85,27.56,0,27.21,,22,37,290,7
6/6/2023 16:52,27.8,7.84,28.38,0,26.88,,31,41,280,7
6/6/2023 17:52,27.2,7.83,29.39,0,26.52,,19,30,250,7
6/6/2023 18:52,26.7,8.92,32.61,0,26.28,,17,,270,8
6/6/2023 19:52,25,9.4,37.29,0,NaN,,13,,270,6
6/6/2023 20:52,23.9,9.38,39.82,0,NaN,,13,,280,6
6/6/2023 21:52,23.3,9.38,41.28,0,NaN,,17,,280,8
6/6/2023 22:52,22.2,9.97,45.94,0,NaN,,15,,280,10
6/6/2023 23:52,22.2,9.97,45.94,0,NaN,,19,,300,10
6/7/2023 00:52,21.1,10.56,51.13,0,NaN,,17,,290,10
6/7/2023 01:52,21.1,11.07,52.86,0,NaN,,15,,350,10
6/7/2023 02:52,20,9.36,50.49,0,NaN,,13,,30,6
6/7/2023 03:52,17.8,8.25,53.77,0,NaN,,13,,30,4
6/7/2023 04:52,16.7,7.74,55.71,0,NaN,,6,,360,4
6/7/2023 05:52,13.3,7.75,69.32,0,NaN,,6,,270,3
6/7/2023 06:52,12.8,8.86,77.17,0,NaN,,0,,0,3
6/7/2023 07:52,17.8,9.35,57.92,0,NaN,,6,,320,2.5
6/7/2023 08:52,21.1,8.26,43.81,0,NaN,,0,,0,2.5
6/7/2023 09:52,22.2,6.67,36.73,0,NaN,,9,,300,2.5
6/7/2023 10:52,23.3,7.18,35.56,0,NaN,,13,,320,3
6/7/2023 11:52,23.9,7.19,34.3,0,NaN,,20,,340,3
6/7/2023 12:52,24.4,5,28.6,0,NaN,,17,28,350,5
6/7/2023 13:52,25.6,3.32,23.63,0,NaN,,7,,0,4
6/7/2023 14:52,25.6,6.11,28.74,0,NaN,,11,,340,4
6/7/2023 15:52,26.1,5.62,26.95,0,NaN,,15,,320,6
6/7/2023 16:52,26.1,5.62,26.95,0,NaN,,6,,330,6
6/7/2023 17:52,25.6,3.91,24.65,0,NaN,,13,,300,7
6/7/2023 18:52,24.4,3.9,26.48,0,NaN,,9,,300,6
6/7/2023 19:52,23.3,4.38,29.29,0,NaN,,0,,0,6
6/7/2023 20:52,19.4,7.15,45.14,0,NaN,,0,,0,7
6/7/2023 21:52,17.8,7.74,51.97,0,NaN,,0,,0,7
6/7/2023 22:52,19.4,7.75,47.03,0,NaN,,0,,0,5
6/7/2023 23:52,18.9,7.75,48.51,0,NaN,,7,,300,5
6/8/2023 00:52,17.8,7.74,51.97,0,NaN,,6,,280,6
6/8/2023 01:52,15.6,7.74,59.76,0,NaN,,7,,300,6
6/8/2023 02:52,15,7.14,59.61,0,NaN,,9,,330,6
6/8/2023 03:52,15.6,6.03,53.18,0,NaN,,13,,360,5
6/8/2023 04:52,15,6.03,55.27,0,NaN,,9,,350,4
6/8/2023 05:52,13.9,6.03,59.33,0,NaN,,11,,350,3
6/8/2023 06:52,14.4,5.53,55.49,0,NaN,,9,,10,1.5
6/8/2023 07:52,16.7,4.93,45.94,0,NaN,,15,,360,1.25
6/8/2023 08:52,18.3,4.34,39.83,0,NaN,,17,,360,1.5
6/8/2023 09:52,20,4.95,37.36,0,NaN,,11,,10,1.75
6/8/2023 10:52,21.7,4.36,32.28,0,NaN,,9,,30,2
6/8/2023 11:52,22.8,4.97,31.48,0,NaN,,6,,0,1.75
6/8/2023 12:52,23.9,2.79,25.24,0,NaN,,22,30,320,1.75
6/8/2023 13:52,25,0.02,19.33,0,NaN,,19,31,300,5
6/8/2023 14:52,25,2.21,22.65,0,NaN,,11,30,330,3
6/8/2023 15:52,25.6,1.73,21.09,0,NaN,,17,26,290,4
6/8/2023 16:52,26.1,1.14,19.61,0,NaN,,9,,350,5
6/8/2023 17:52,25,2.81,23.64,0,NaN,,11,,0,5
6/8/2023 18:52,23.9,2.79,25.24,0,NaN,,13,,350,5
6/8/2023 19:52,22.2,1.07,24.77,0,NaN,,17,33,330,6
6/8/2023 20:52,21.7,3.26,29.87,0,NaN,,19,,330,8
6/8/2023 21:52,20.6,5.55,37.54,0,NaN,,15,,340,10
6/8/2023 22:52,20.6,6.05,38.86,0,NaN,,13,,340,10
6/8/2023 23:52,19.4,6.65,43.62,0,NaN,,9,,310,10
6/9/2023 00:52,17.8,6.64,48.21,0,NaN,,13,,310,10
6/9/2023 01:52,16.1,6.64,53.68,0,NaN,,7,,310,10
6/9/2023 02:52,14.4,6.64,59.87,0,NaN,,9,,270,10
6/9/2023 03:52,12.8,6.64,66.43,0,NaN,,0,,0,10
6/9/2023 04:52,10.6,6.66,76.81,0,NaN,,6,,150,10
6/9/2023 05:52,10.6,7.16,79.49,0,NaN,,0,,0,10
6/9/2023 06:52,12.8,8.86,77.17,0,NaN,,0,,0,10
6/9/2023 07:52,17.2,7.74,53.98,0,NaN,,9,,320,10
6/9/2023 08:52,18.3,7.75,50.37,0,NaN,,11,,330,10
6/9/2023 09:52,20,7.75,45.31,0,NaN,,11,,310,10
6/9/2023 10:52,21.7,8.26,42.23,0,NaN,,7,,280,10
6/9/2023 11:52,22.2,7.77,39.6,0,NaN,,20,33,330,10
6/9/2023 12:52,22.2,7.77,39.6,0,NaN,,19,,290,10
6/9/2023 13:52,21.7,7.76,40.82,0,NaN,,17,,270,10
6/9/2023 14:52,21.7,7.16,39.18,0,NaN,,19,,290,10
6/9/2023 15:52,23.9,7.19,34.3,0,NaN,,17,33,320,10
6/9/2023 16:52,21.7,7.76,40.82,2.54,NaN,,15,,320,10
6/9/2023 17:52,22.2,7.77,39.6,0,NaN,,20,,300,10
6/9/2023 18:52,22.2,8.27,40.97,0,NaN,,17,,320,10
6/9/2023 19:52,21.7,7.76,40.82,0,NaN,,19,,340,10
6/9/2023 20:52,18.9,8.25,50.19,0,NaN,,9,,310,10
6/9/2023 21:52,18.3,8.25,52.11,0,NaN,,7,,320,10
6/9/2023 22:52,17.8,8.85,56,0,NaN,,9,,310,10
6/9/2023 23:52,16.1,8.85,62.36,0,NaN,,0,,0,10
6/10/2023 00:52,14.4,8.85,69.55,0,NaN,,0,,0,10
6/10/2023 01:52,11.7,8.26,79.65,0,NaN,,0,,0,10
6/10/2023 02:52,11.7,8.87,82.95,0,NaN,,0,,0,10
6/10/2023 03:52,11.7,8.87,82.95,0,NaN,,6,,180,10
6/10/2023 04:52,10.6,8.27,85.68,0,NaN,,0,,0,10
6/10/2023 05:52,12.2,8.87,80.27,0,NaN,,6,,230,10
6/10/2023 06:52,12.2,9.98,86.42,0,NaN,,0,,0,10
6/10/2023 07:52,18.9,11.06,60.56,0,NaN,,6,,200,10
6/10/2023 08:52,22.2,9.37,44.12,0,NaN,,11,,270,10
6/10/2023 09:52,23.9,8.28,36.97,0,NaN,,15,,300,10
6/10/2023 10:52,25.6,7.81,32.29,0,NaN,,17,30,310,10
6/10/2023 11:52,27.2,7.83,29.39,0,26.52,,17,33,290,10
6/10/2023 12:52,27.8,8.34,29.36,0,26.92,,15,,340,10
6/10/2023 13:52,28.9,7.26,25.56,0,27.57,,11,,320,10
6/10/2023 14:52,28.9,7.86,26.62,0,27.62,,11,30,300,10
6/10/2023 15:52,30,7.28,23.99,0,28.39,,17,,220,10
6/10/2023 16:52,29.4,7.27,24.83,0,27.94,,9,,0,10
6/10/2023 17:52,29.4,7.27,24.83,0,27.94,,15,,250,10
6/10/2023 18:52,28.3,7.85,27.56,0,27.21,,11,,210,10
6/10/2023 19:52,26.1,8.91,33.78,0,NaN,,7,,200,10
6/10/2023 20:52,24.4,8.89,37.37,0,NaN,,9,,170,10
6/10/2023 21:52,22.8,8.87,41.14,0,NaN,,7,,160,10
6/10/2023 22:52,22.2,9.97,45.94,0,NaN,,7,,160,10
6/10/2023 23:52,21.1,11.07,52.86,0,NaN,,9,,160,10
6/11/2023 00:52,21.1,11.67,55,0,NaN,,11,,170,10
6/11/2023 01:52,21.1,11.67,55,0,NaN,,9,,170,10
6/11/2023 02:52,17.8,11.66,67.51,0,NaN,,0,,0,10
6/11/2023 03:52,17.2,11.67,70.11,0,NaN,,0,,0,10
6/11/2023 04:52,15,11.07,77.52,0,NaN,,0,,0,10
6/11/2023 05:52,13.3,10.57,83.71,0,NaN,,0,,0,10
6/11/2023 06:52,16.1,12.17,77.69,0,NaN,,7,,0,10
6/11/2023 07:52,19.4,12.17,63.13,0,NaN,,9,,220,10
6/11/2023 08:52,22.2,12.77,55.28,0,NaN,,0,,0,10
6/11/2023 09:52,24.4,13.29,50.03,0,NaN,,7,,0,10
6/11/2023 10:52,27.8,12.83,39.62,0,27.47,,9,,0,10
6/11/2023 11:52,28.9,12.84,37.17,0,28.27,,9,,0,10
6/11/2023 12:52,30,12.26,33.55,0,29.04,,11,,0,10
6/11/2023 13:52,31.1,12.88,32.77,0,30.12,,20,31,170,10
6/11/2023 14:52,31.1,12.28,31.51,0,29.98,,13,33,180,10
6/11/2023 15:52,31.7,11.2,28.32,0,30.31,,20,,220,10
6/11/2023 16:52,30.6,11.78,31.37,0,29.45,,26,35,210,10
6/11/2023 17:52,30,12.26,33.55,0,29.04,,22,,190,10
6/11/2023 18:52,29.4,11.75,33.6,0,28.46,,20,35,170,10
6/11/2023 19:52,28.3,11.73,35.8,0,27.64,,17,,180,10
6/11/2023 20:52,27.2,11.72,38.17,0,26.92,,13,,170,10
6/11/2023 21:52,26.7,12.21,40.62,0,26.49,,13,,170,10
6/11/2023 22:52,26.1,12.81,43.77,0,NaN,,13,28,170,10
6/11/2023 23:52,26.1,13.3,45.22,0,NaN,,17,,160,10
6/12/2023 00:52,25.6,14.4,50.03,0,NaN,,19,37,170,10
6/12/2023 01:52,25,14.4,51.84,0,NaN,,15,30,160,10
6/12/2023 02:52,23.3,14.99,59.66,0,NaN,,11,,170,10
6/12/2023 03:52,22.8,15.59,63.9,0,NaN,,13,,170,10
6/12/2023 04:52,21.7,15.58,68.31,0,NaN,,13,,160,10
6/12/2023 05:52,22.2,16.08,68.41,0,NaN,,13,,170,10
6/12/2023 06:52,22.2,17.19,73.36,0,NaN,,13,,150,10
6/12/2023 07:52,22.8,17.79,73.46,0,NaN,,15,,170,10
6/12/2023 08:52,23.9,17.79,68.75,0,NaN,,20,,180,10
6/12/2023 09:52,23.3,17.79,71.28,0,NaN,,11,,170,10
6/12/2023 10:52,23.3,17.79,71.28,0,NaN,,15,,170,10
6/12/2023 11:52,23.3,17.79,71.28,2.54,NaN,,13,,170,10
6/12/2023 12:52,22.8,18.89,78.7,25.4,NaN,,13,,170,10
6/12/2023 13:52,22.2,19.99,87.39,101.6,NaN,,15,,200,1.5
6/12/2023 14:52,22.8,21.1,90.17,76.2,NaN,,17,,200,6
6/12/2023 15:52,23.3,21.1,87.49,25.4,NaN,,20,30,210,8
6/12/2023 16:52,25,20.6,76.63,2.54,NaN,,11,,240,10
6/12/2023 17:52,21.7,17.79,78.54,0,NaN,,19,,320,10
6/12/2023 18:52,22.2,15.58,66.26,0,NaN,,20,,320,10
6/12/2023 19:52,22.2,13.28,57.12,0,NaN,,28,54,320,10
6/12/2023 20:52,20.6,12.17,58.61,0,NaN,,17,,320,10
6/12/2023 21:52,19.4,12.77,65.66,0,NaN,,15,,320,10
6/12/2023 22:52,18.9,12.77,67.74,0,NaN,,9,,320,10
6/12/2023 23:52,17.8,12.77,72.57,0,NaN,,0,,0,10
6/13/2023 00:52,14.4,12.18,86.65,0,NaN,,6,,220,10
6/13/2023 01:52,13.9,11.68,86.6,0,NaN,,0,,0,10
6/13/2023 02:52,12.8,11.08,89.41,0,NaN,,0,,0,10
6/13/2023 03:52,12.8,10.58,86.49,0,NaN,,0,,0,10
6/13/2023 04:52,11.1,9.99,92.94,0,NaN,,6,,120,10
6/13/2023 05:52,12.2,10.58,89.96,0,NaN,,6,,120,10
6/13/2023 06:52,14.4,12.18,86.65,0,NaN,,0,,0,10
6/13/2023 07:52,17.2,12.77,75.36,0,NaN,,7,,200,10
6/13/2023 08:52,20,12.17,60.82,0,NaN,,7,,180,10
6/13/2023 09:52,21.7,9.37,45.49,0,NaN,,15,,280,10
6/13/2023 10:52,22.8,9.98,44.3,0,NaN,,15,,240,10
6/13/2023 11:52,23.9,9.99,41.46,0,NaN,,6,,0,10
6/13/2023 12:52,25,10,38.82,0,NaN,,7,,0,10
6/13/2023 13:52,26.1,9.41,34.94,0,NaN,,9,,0,10
6/13/2023 14:52,26.7,8.32,31.31,0,26.24,,9,,0,10
6/13/2023 15:52,26.1,7.21,30.09,0,NaN,,13,30,240,10
6/13/2023 16:52,27.2,6.13,26.15,0,26.66,,15,28,270,10
6/13/2023 17:52,27.2,7.23,28.21,0,26.48,,11,,240,10
6/13/2023 18:52,25.6,8.31,33.41,0,NaN,,13,,220,10
6/13/2023 19:52,25,8.3,34.62,0,NaN,,15,,170,10
6/13/2023 20:52,22.2,8.87,42.66,0,NaN,,7,,180,10
6/13/2023 21:52,20,9.36,50.49,0,NaN,,9,,150,10
6/13/2023 22:52,20,8.86,48.82,0,NaN,,11,,180,10
6/13/2023 23:52,17.8,9.35,57.92,0,NaN,,11,,190,10
6/14/2023 00:52,16.7,9.95,64.63,0,NaN,,11,,190,10
6/14/2023 01:52,16.1,9.96,67.15,0,NaN,,13,,190,10
6/14/2023 02:52,16.7,9.95,64.63,0,NaN,,9,,190,10
6/14/2023 03:52,17.2,9.96,62.62,0,NaN,,11,,190,10
6/14/2023 04:52,17.8,9.95,60.29,0,NaN,,17,,200,10
6/14/2023 05:52,17.2,9.96,62.62,0,NaN,,11,,190,10
6/14/2023 06:52,17.8,9.95,60.29,0,NaN,,11,,200,10
6/14/2023 07:52,17.2,11.67,70.11,2.54,NaN,,11,,200,10
6/14/2023 08:52,16.7,12.77,77.79,50.8,NaN,,7,,180,10
6/14/2023 09:52,17.2,12.17,72.45,25.4,NaN,,11,,170,10
6/14/2023 10:52,18.3,12.17,67.61,0,NaN,,15,,200,10
6/14/2023 11:52,21.7,12.77,56.99,0,NaN,,15,,200,10
6/14/2023 12:52,26.1,11.11,39.14,0,NaN,,26,44,240,10
6/14/2023 13:52,26.1,10.61,37.86,0,NaN,,20,39,270,10
6/14/2023 14:52,26.7,10.02,35.11,0,26.34,,30,59,260,10
6/14/2023 15:52,27.2,9.43,32.75,0,26.66,,24,46,260,10
6/14/2023 16:52,26.7,8.32,31.31,0,26.24,,22,39,250,10
6/14/2023 17:52,26.1,9.41,34.94,0,NaN,,22,43,250,10
6/14/2023 18:52,25.6,7.81,32.29,0,NaN,,22,43,290,10
6/14/2023 19:52,24.4,8.89,37.37,0,NaN,,11,,280,10
6/14/2023 20:52,22.2,9.37,44.12,0,NaN,,11,,270,10
6/14/2023 21:52,20.6,9.36,48.66,0,NaN,,9,,260,10
6/14/2023 22:52,19.4,9.96,54.56,0,NaN,,13,,300,10
6/14/2023 23:52,18.3,9.95,58.43,0,NaN,,13,,290,10
6/15/2023 00:52,17.2,9.96,62.62,0,NaN,,7,,180,10
6/15/2023 01:52,16.1,9.96,67.15,0,NaN,,6,,210,10
6/15/2023 02:52,12.8,9.37,79.81,0,NaN,,0,,0,10
6/15/2023 03:52,12.8,9.37,79.81,0,NaN,,0,,0,10
6/15/2023 04:52,11.7,9.38,85.8,0,NaN,,0,,0,10
6/15/2023 05:52,11.1,8.88,86.31,0,NaN,,0,,0,10
6/15/2023 06:52,15,9.96,72.04,0,NaN,,6,,280,10
6/15/2023 07:52,18.9,10.56,58.58,0,NaN,,11,,320,10
6/15/2023 08:52,21.1,9.36,47.19,0,NaN,,9,,0,10
6/15/2023 09:52,22.2,8.87,42.66,0,NaN,,19,,300,10
6/15/2023 10:52,23.9,7.78,35.73,0,NaN,,7,,0,10
6/15/2023 11:52,25,7.2,32.12,0,NaN,,9,,0,10
6/15/2023 12:52,26.7,8.32,31.31,0,26.24,,7,,0,10
6/15/2023 13:52,26.1,7.81,31.35,0,NaN,,6,,0,10
6/15/2023 14:52,27.8,7.24,27.24,0,26.84,,9,,0,10
6/15/2023 15:52,28.3,6.15,24.53,0,27.09,,7,,320,10
6/15/2023 16:52,28.3,6.15,24.53,0,27.09,,13,,320,10
6/15/2023 17:52,27.2,6.13,26.15,0,26.66,,11,,340,10
6/15/2023 18:52,26.7,6.13,26.93,0,26.13,,9,,310,10
6/15/2023 19:52,24.4,6.69,32.17,0,NaN,,0,,0,10
6/15/2023 20:52,20.6,7.76,43.67,0,NaN,,6,,90,10
6/15/2023 21:52,20,8.86,48.82,0,NaN,,0,,0,10
6/15/2023 22:52,16.7,9.35,62.08,0,NaN,,0,,0,10
6/15/2023 23:52,16.7,9.35,62.08,0,NaN,,0,,0,10
6/16/2023 00:52,16.1,9.35,64.5,0,NaN,,0,,0,10
6/16/2023 01:52,15,9.36,69.2,0,NaN,,6,,260,10
6/16/2023 02:52,15,10.57,74.99,0,NaN,,0,,0,10
6/16/2023 03:52,14.4,10.57,77.94,0,NaN,,0,,0,10
6/16/2023 04:52,13.9,10.57,80.51,0,NaN,,0,,0,10
6/16/2023 05:52,14.4,11.07,80.58,0,NaN,,7,,300,10
6/16/2023 06:52,15.6,12.78,83.43,0,NaN,,0,,0,10
6/16/2023 07:52,19.4,12.77,65.66,0,NaN,,0,,0,10
6/16/2023 08:52,20.6,15.58,73.07,0,NaN,,0,,0,10
6/16/2023 09:52,21.7,12.17,54.79,0,NaN,,30,44,340,10
6/16/2023 10:52,18.9,13.27,69.98,2.54,NaN,,17,,350,10
6/16/2023 11:52,18.9,16.08,83.82,203.2,NaN,,9,,330,10
6/16/2023 12:52,22.2,16.08,68.41,0,NaN,,13,,300,10
6/16/2023 13:52,23.9,16.09,61.74,0,NaN,,11,,280,10
6/16/2023 14:52,26.1,15.6,52.46,0,NaN,,15,,320,10
6/16/2023 15:52,26.7,16.11,52.29,0,27.27,,0,,0,10
6/16/2023 16:52,26.1,15,50.48,0,NaN,,17,,330,10
6/16/2023 17:52,23.9,17.79,68.75,127,NaN,,6,,60,7
6/16/2023 18:52,25.6,15,52,0,NaN,,19,,360,10
6/16/2023 19:52,23.3,13.28,53.44,0,NaN,,20,35,300,10
6/16/2023 20:52,20.6,13.87,65.49,0,NaN,,13,,320,10
6/16/2023 21:52,20,13.87,67.96,0,NaN,,15,,320,10
6/16/2023 22:52,20.6,13.27,62.99,0,NaN,,19,,320,10
6/16/2023 23:52,19.4,13.87,70.54,0,NaN,,13,,330,10
6/17/2023 00:52,18.3,13.88,75.55,0,NaN,,15,,310,10
6/17/2023 01:52,18.3,13.88,75.55,0,NaN,,13,,320,10
6/17/2023 02:52,17.8,13.88,77.95,0,NaN,,15,,320,10
6/17/2023 03:52,17.2,13.27,77.86,0,NaN,,15,,320,10
6/17/2023 04:52,16.1,13.28,83.49,0,NaN,,9,,310,10
6/17/2023 05:52,15,12.78,86.7,0,NaN,,6,,290,10
6/17/2023 06:52,16.7,13.28,80.37,0,NaN,,7,,280,10
6/17/2023 07:52,18.9,13.27,69.98,0,NaN,,17,,290,10
6/17/2023 08:52,21.1,13.87,63.51,0,NaN,,30,41,310,10
6/17/2023 09:52,22.2,12.77,55.28,0,NaN,,30,44,320,8
6/17/2023 10:52,23.3,12.78,51.72,0,NaN,,24,41,330,9
6/17/2023 11:52,23.9,13.29,51.55,0,NaN,,24,43,290,8
6/17/2023 12:52,26.1,12.21,42.08,0,NaN,,28,48,310,6
6/17/2023 13:52,26.1,10.01,36.37,0,NaN,,28,43,320,6
6/17/2023 14:52,27.2,9.43,32.75,0,26.66,,22,46,310,7
6/17/2023 15:52,27.8,7.24,27.24,0,26.84,,35,52,300,10
6/17/2023 16:52,27.8,7.24,27.24,0,26.84,,24,39,300,10
6/17/2023 17:52,27.8,8.34,29.36,0,26.92,,19,37,310,10
6/17/2023 18:52,26.7,8.92,32.61,0,26.28,,28,,290,10
6/17/2023 19:52,25.6,9.4,35.98,0,NaN,,17,,300,10
6/17/2023 20:52,23.9,9.99,41.46,0,NaN,,9,,270,10
6/17/2023 21:52,21.7,10.57,49.29,0,NaN,,9,,290,10
6/17/2023 22:52,21.1,9.97,49.13,0,NaN,,15,,280,10
6/17/2023 23:52,19.4,10.56,56.79,0,NaN,,11,,280,10
6/18/2023 00:52,17.2,10.56,65.18,0,NaN,,0,,0,10
6/18/2023 01:52,17.2,10.56,65.18,0,NaN,,11,,290,10
6/18/2023 02:52,17.2,10.56,65.18,0,NaN,,6,,320,10
6/18/2023 03:52,15,10.57,74.99,0,NaN,,9,,320,10
6/18/2023 04:52,15.6,9.96,69.32,0,NaN,,0,,0,10
6/18/2023 05:52,13.9,9.97,77.35,0,NaN,,0,,0,9
6/18/2023 06:52,16.1,11.06,72.25,0,NaN,,0,,0,8
6/18/2023 07:52,20,11.66,58.85,0,NaN,,9,,290,10
6/18/2023 08:52,22.8,11.08,47.66,0,NaN,,15,,330,10
6/18/2023 09:52,25,10.6,40.41,0,NaN,,11,,310,10
6/18/2023 10:52,26.1,8.31,32.43,0,NaN,,15,,320,10
6/18/2023 11:52,27.8,6.74,26.32,0,26.8,,13,,350,10
6/18/2023 12:52,28.3,6.15,24.53,0,27.09,,13,,330,10
6/18/2023 13:52,28.9,5.07,21.95,0,27.44,,9,,0,10
6/18/2023 14:52,29.4,6.18,23.02,0,27.86,,9,,0,10
6/18/2023 15:52,30,4.5,19.76,0,28.23,,11,,0,10
6/18/2023 16:52,30,7.28,23.99,0,28.39,,11,,0,10
6/18/2023 17:52,29.4,7.27,24.83,0,27.94,,13,,260,10
6/18/2023 18:52,28.9,7.86,26.62,0,27.62,,7,,0,10
6/18/2023 19:52,27.2,9.43,32.75,0,26.66,,6,,220,10
6/18/2023 20:52,22.8,9.38,42.55,0,NaN,,9,,100,10
6/18/2023 21:52,21.1,8.86,45.63,0,NaN,,6,,120,10
6/18/2023 22:52,19.4,8.25,48.65,0,NaN,,7,,130,10
6/18/2023 23:52,17.2,9.35,60.15,0,NaN,,6,,160,10
6/19/2023 00:52,16.7,9.35,62.08,0,NaN,,0,,0,10
6/19/2023 01:52,16.1,9.96,67.15,0,NaN,,0,,0,10
6/19/2023 02:52,15,10.57,74.99,0,NaN,,0,,0,10
6/19/2023 03:52,14.4,11.07,80.58,0,NaN,,0,,0,10
6/19/2023 04:52,13.9,11.68,86.6,0,NaN,,0,,0,10
6/19/2023 05:52,15,12.18,83.36,0,NaN,,0,,0,9
6/19/2023 06:52,16.1,13.28,83.49,0,NaN,,0,,0,10
6/19/2023 07:52,21.1,14.38,65.6,0,NaN,,0,,0,10
6/19/2023 08:52,23.9,14.99,57.54,0,NaN,,0,,0,6
6/19/2023 09:52,26.7,16.11,52.29,0,27.27,,0,,0,6
6/19/2023 10:52,28.9,15.63,44.55,0,28.93,,7,,0,6
6/19/2023 11:52,30,14.45,38.72,0,29.55,,17,,120,6
6/19/2023 12:52,31.1,15.07,37.8,0,30.73,,17,,160,6
6/19/2023 13:52,31.1,16.16,40.55,0,31.12,,19,30,150,6
6/19/2023 14:52,31.1,17.86,45.16,0,31.87,,19,30,110,6
6/19/2023 15:52,31.1,17.86,45.16,0,31.87,,22,33,180,6
6/19/2023 16:52,28.9,16.13,46,0,29.08,,9,,180,7
6/19/2023 17:52,29.4,18.34,51.36,0,30.38,,20,35,150,9
6/19/2023 18:52,27.2,19.41,62.49,0,28.54,,9,,90,7
6/19/2023 19:52,27.2,20.61,67.3,0,28.95,,13,,130,7
6/19/2023 20:52,23.9,17.19,66.2,0,NaN,,19,,220,7
6/19/2023 21:52,22.8,17.79,73.46,0,NaN,,0,,0,10
6/19/2023 22:52,21.7,19.39,86.8,76.2,NaN,,15,39,20,9
6/19/2023 23:52,21.1,19.39,90.04,2.54,NaN,,11,,320,10
6/20/2023 00:52,21.7,19.39,86.8,0,NaN,,9,,20,10
6/20/2023 01:52,21.1,19.39,90.04,0,NaN,,0,,0,10
6/20/2023 02:52,20.6,18.89,90.01,0,NaN,,0,,0,10
6/20/2023 03:52,21.1,17.79,81.48,0,NaN,,0,,0,10
6/20/2023 04:52,21.1,18.29,84.07,0,NaN,,6,,120,10
6/20/2023 05:52,21.7,18.89,84.14,0,NaN,,11,,80,10
6/20/2023 06:52,21.7,18.89,84.14,0,NaN,,13,,60,5
6/20/2023 07:52,21.7,18.89,84.14,2.54,NaN,,13,,70,5
6/20/2023 08:52,22.8,19.39,81.19,0,NaN,,15,,80,5
6/20/2023 09:52,25,19.4,71.15,0,NaN,,17,,70,10
6/20/2023 10:52,26.1,17.8,60.32,0,NaN,,20,30,80,10
6/20/2023 11:52,28.3,17.22,51.07,0,28.9,,24,41,100,10
6/20/2023 12:52,27.8,17.22,52.57,0,28.45,,26,37,80,7
6/20/2023 13:52,26.1,18.3,62.24,0,NaN,,19,37,100,10
6/20/2023 14:52,26.1,18.3,62.24,0,NaN,,26,39,70,10
6/20/2023 15:52,26.7,18.31,60.08,0,27.72,,24,39,80,10
6/20/2023 16:52,25.6,17.8,62.13,0,NaN,,20,39,60,10
6/20/2023 17:52,25,16.7,60.06,0,NaN,,22,,70,10
6/20/2023 18:52,24.4,16.09,59.92,0,NaN,,24,33,80,10
6/20/2023 19:52,23.9,16.69,64.14,0,NaN,,11,,70,10
6/20/2023 20:52,22.8,17.19,70.74,0,NaN,,17,,70,10
6/20/2023 21:52,22.8,16.09,65.97,0,NaN,,15,,80,10
6/20/2023 22:52,22.2,15.58,66.26,0,NaN,,11,,70,10
6/20/2023 23:52,21.7,15.58,68.31,0,NaN,,13,,60,10
6/21/2023 00:52,20.6,14.98,70.32,0,NaN,,15,,50,10
6/21/2023 01:52,20.6,15.58,73.07,0,NaN,,11,,50,10
6/21/2023 02:52,20,15.58,75.83,0,NaN,,15,,40,10
6/21/2023 03:52,20,16.08,78.29,0,NaN,,15,,50,10
6/21/2023 04:52,19.4,15.58,78.7,0,NaN,,17,,40,10
6/21/2023 05:52,19.4,14.98,75.73,0,NaN,,15,,40,10
6/21/2023 06:52,18.9,15.58,81.19,2.54,NaN,,17,,50,6
6/21/2023 07:52,18.3,15.58,84.29,25.4,NaN,,15,,40,7
6/21/2023 08:52,17.8,15.59,86.98,152.4,NaN,,15,,40,5
6/21/2023 09:52,17.8,16.09,89.8,101.6,NaN,,17,,30,6
6/21/2023 10:52,17.8,15.59,86.98,101.6,NaN,,15,,30,6
6/21/2023 11:52,17.2,15.59,90.33,279.4,NaN,,20,,40,5
6/21/2023 12:52,17.8,16.09,89.8,254,NaN,,22,33,30,2
6/21/2023 13:52,17.8,16.09,89.8,203.2,NaN,,22,,40,2.5
6/21/2023 14:52,17.8,16.09,89.8,76.2,NaN,,26,,30,2.5
6/21/2023 15:52,17.8,15.59,86.98,127,NaN,,20,35,30,2
6/21/2023 16:52,17.8,15.59,86.98,50.8,NaN,,22,,40,2.5
6/21/2023 17:52,17.2,14.99,86.92,76.2,NaN,,22,,60,3
6/21/2023 18:52,16.7,14.99,89.71,50.8,NaN,,22,44,50,4
6/21/2023 19:52,16.7,14.38,86.31,50.8,NaN,,20,37,40,9
6/21/2023 20:52,16.1,13.88,86.81,2.54,NaN,,24,33,40,8
6/21/2023 21:52,15.6,13.89,89.63,25.4,NaN,,22,,30,6
6/21/2023 22:52,15.6,13.89,89.63,25.4,NaN,,19,,40,6
6/21/2023 23:52,15,13.29,89.58,2.54,NaN,,15,,30,10
6/22/2023 00:52,15,13.89,93.14,25.4,NaN,,17,,20,4
6/22/2023 01:52,15,13.89,93.14,25.4,NaN,,13,,10,4
6/22/2023 02:52,15,13.89,93.14,50.8,NaN,,15,,20,3
6/22/2023 03:52,15,13.89,93.14,50.8,NaN,,11,,360,5
6/22/2023 04:52,15.6,14.39,92.58,2.54,NaN,,15,,360,6
6/22/2023 05:52,15.6,14.39,92.58,50.8,NaN,,17,,10,2.5
6/22/2023 06:52,15.6,14.39,92.58,25.4,NaN,,13,,350,1.5
6/22/2023 07:52,15.6,14.39,92.58,50.8,NaN,,15,,350,1.75
6/22/2023 08:52,16.1,14.99,93.2,25.4,NaN,,11,,360,1.5
6/22/2023 09:52,16.7,15.59,93.23,25.4,NaN,,9,,20,1.5
6/22/2023 10:52,17.2,16.09,93.26,0,NaN,,17,,60,4
6/22/2023 11:52,18.3,16.09,87.02,0,NaN,,19,,60,9
6/22/2023 12:52,18.3,16.09,87.02,0,NaN,,15,,50,5
6/22/2023 13:52,18.3,16.69,90.41,0,NaN,,17,,60,4
6/22/2023 14:52,18.9,16.69,87.08,0,NaN,,17,,50,6
6/22/2023 15:52,18.3,16.69,90.41,0,NaN,,17,,70,10
6/22/2023 16:52,18.3,16.69,90.41,0,NaN,,19,,70,9
6/22/2023 17:52,18.9,17.19,89.88,0,NaN,,11,,70,10
6/22/2023 18:52,18.9,17.19,89.88,0,NaN,,17,,80,6
6/22/2023 19:52,18.3,17.19,93.31,0,NaN,,13,,80,2
6/22/2023 20:52,18.3,17.19,93.31,101.6,NaN,,19,,70,2
6/22/2023 21:52,18.3,17.19,93.31,25.4,NaN,,13,,90,5
6/22/2023 22:52,18.3,17.19,93.31,50.8,NaN,,15,31,80,3
6/22/2023 23:52,18.3,17.19,93.31,2.54,NaN,,19,28,80,2.5
6/23/2023 00:52,18.3,17.19,93.31,2.54,NaN,,15,,90,4
6/23/2023 01:52,18.3,17.19,93.31,101.6,NaN,,6,,0,3
6/23/2023 02:52,18.3,17.19,93.31,2.54,NaN,,19,,90,4
6/23/2023 03:52,18.3,17.8,96.91,25.4,NaN,,0,,0,4
6/23/2023 04:52,18.3,17.8,96.91,76.2,NaN,,7,,20,3
6/23/2023 05:52,18.9,17.79,93.34,152.4,NaN,,7,,10,4
6/23/2023 06:52,18.9,17.79,93.34,50.8,NaN,,9,,30,4
6/23/2023 07:52,19.4,18.29,93.37,50.8,NaN,,11,,20,2
6/23/2023 08:52,19.4,18.9,96.94,50.8,NaN,,13,,50,2
6/23/2023 09:52,20.6,19.4,92.85,25.4,NaN,,7,,50,4
6/23/2023 10:52,20.6,20,96.37,76.2,NaN,,6,,50,3
6/23/2023 11:52,22.2,20.6,90.68,76.2,NaN,,0,,0,6
6/23/2023 12:52,23.3,21.1,87.49,0,NaN,,0,,0,5
6/23/2023 13:52,22.8,21.1,90.17,0,NaN,,9,,320,6
6/23/2023 14:52,22.8,21.1,90.17,0,NaN,,13,,320,9
6/23/2023 15:52,23.9,21.1,84.39,0,NaN,,9,,310,10
6/23/2023 16:52,26.1,21.7,76.8,0,NaN,,13,,330,10
6/23/2023 17:52,25,21.1,79.02,0,NaN,,13,,340,10
6/23/2023 18:52,23.3,21.1,87.49,0,NaN,,9,,70,10
6/23/2023 19:52,23.3,21.1,87.49,0,NaN,,9,,130,10
6/23/2023 20:52,22.2,21.1,93.51,0,NaN,,7,,120,10
6/23/2023 21:52,22.2,21.1,93.51,0,NaN,,0,,0,10
6/23/2023 22:52,22.2,21.1,93.51,0,NaN,,6,,130,10
6/23/2023 23:52,22.2,21.1,93.51,0,NaN,,0,,0,10
6/24/2023 00:52,22.2,21.1,93.51,0,NaN,,7,,120,10
6/24/2023 01:52,22.2,21.7,97,25.4,NaN,,9,,160,8
6/24/2023 02:52,22.2,21.7,97,304.8,NaN,,6,,170,10
6/24/2023 03:52,22.2,21.1,93.51,50.8,NaN,,0,,0,7
6/24/2023 04:52,21.7,21.1,96.4,2.54,NaN,,6,,150,6
6/24/2023 05:52,21.7,21.1,96.4,2.54,NaN,,0,,0,6
6/24/2023 06:52,22.2,21.1,93.51,25.4,NaN,,9,,310,2.5
6/24/2023 07:52,22.2,21.1,93.51,0,NaN,,9,,290,5
6/24/2023 08:52,23.3,21.1,87.49,0,NaN,,15,,310,10
6/24/2023 09:52,25.6,21.1,76.26,0,NaN,,6,,300,10
6/24/2023 10:52,26.1,20,69.19,0,NaN,,11,,300,10
6/24/2023 11:52,26.7,20.01,66.79,0,28.14,,9,,330,10
6/24/2023 12:52,27.8,19.42,60.34,0,29.19,,17,,300,10
6/24/2023 13:52,28.9,19.43,56.61,0,30.38,,9,,0,10
6/24/2023 14:52,28.9,19.43,56.61,0,30.38,,11,,240,10
6/24/2023 15:52,26.1,18.3,62.24,2.54,NaN,,20,,280,5
6/24/2023 16:52,27.2,20.61,67.3,177.8,28.95,,7,,210,10
6/24/2023 17:52,28.3,17.82,53.04,0,29.1,,7,,240,10
6/24/2023 18:52,29.4,18.34,51.36,0,30.38,,15,,280,10
6/24/2023 19:52,28.3,18.32,54.73,0,29.29,,11,,260,10
6/24/2023 20:52,25,18.9,68.97,0,NaN,,6,,210,10
6/24/2023 21:52,22.8,18.89,78.7,0,NaN,,6,,250,10
6/24/2023 22:52,24.4,18.29,68.85,0,NaN,,7,,280,10
6/24/2023 23:52,23.3,18.29,73.55,0,NaN,,7,,270,10
6/25/2023 00:52,21.7,18.29,81.04,0,NaN,,0,,0,10
6/25/2023 01:52,19.4,18.29,93.37,0,NaN,,0,,0,10
6/25/2023 02:52,19.4,18.29,93.37,0,NaN,,0,,0,10
6/25/2023 03:52,19.4,17.79,90.49,0,NaN,,0,,0,10
6/25/2023 04:52,20,17.79,87.18,0,NaN,,7,,300,10
6/25/2023 05:52,20,17.79,87.18,0,NaN,,6,,310,9
6/25/2023 06:52,20.6,17.79,84.02,0,NaN,,0,,0,10
6/25/2023 07:52,24.4,18.29,68.85,0,NaN,,6,,310,10
6/25/2023 08:52,26.1,18.9,64.62,0,NaN,,9,,320,10
6/25/2023 09:52,27.8,18.92,58.49,0,29.01,,17,,320,10
6/25/2023 10:52,28.3,18.32,54.73,0,29.29,,19,30,310,10
6/25/2023 11:52,30,18.34,49.62,0,30.99,,9,,320,10
6/25/2023 12:52,30,17.24,46.3,0,30.5,,15,,300,10
6/25/2023 13:52,31.1,17.86,45.16,0,31.87,,13,,270,10
6/25/2023 14:52,31.7,17.87,43.65,0,32.5,,11,,0,10
6/25/2023 15:52,30,18.34,49.62,0,30.99,,17,,270,10
6/25/2023 16:52,31.1,18.95,48.38,2.54,32.47,,11,,270,10
6/25/2023 17:52,31.1,18.36,46.6,0,32.13,,6,,0,10
6/25/2023 18:52,30.6,18.35,47.95,0,31.61,,11,,220,10
6/25/2023 19:52,28.9,18.93,54.88,0,30.14,,11,,200,10
6/25/2023 20:52,26.7,18.91,62.38,0,27.86,,6,,200,10
6/25/2023 21:52,26.1,19.4,66.66,0,NaN,,9,,160,10
6/25/2023 22:52,26.1,20,69.19,0,NaN,,11,,170,10
6/25/2023 23:52,25.6,21.1,76.26,0,NaN,,9,,170,10
6/26/2023 00:52,25,21.1,79.02,0,NaN,,11,,170,10
6/26/2023 01:52,25,21.1,79.02,0,NaN,,9,,200,10
6/26/2023 02:52,24.4,21.1,81.9,0,NaN,,9,,170,10
6/26/2023 03:52,23.9,21.1,84.39,0,NaN,,7,,160,10
6/26/2023 04:52,23.3,21.1,87.49,0,NaN,,9,,150,10
6/26/2023 05:52,23.3,21.1,87.49,0,NaN,,11,,170,10
6/26/2023 06:52,23.3,21.1,87.49,0,NaN,,9,,190,10
6/26/2023 07:52,24.4,20.6,79.42,0,NaN,,13,,190,10
6/26/2023 08:52,26.1,20.6,71.8,0,NaN,,13,,190,10
6/26/2023 09:52,28.3,20.62,63.13,0,30.3,,19,,230,10
6/26/2023 10:52,28.9,20.03,58.76,0,30.68,,11,,180,10
6/26/2023 11:52,30,18.94,51.51,0,31.29,,6,,0,10
6/26/2023 12:52,29.4,20.63,59.24,0,31.6,,9,,170,10
6/26/2023 13:52,28.9,20.03,58.76,0,30.68,,19,,190,10
6/26/2023 14:52,29.4,20.63,59.24,0,31.6,,9,,170,10
6/26/2023 15:52,31.1,19.45,49.91,0,32.77,,13,,190,10
6/26/2023 16:52,31.1,17.86,45.16,0,31.87,,26,39,200,10
6/26/2023 17:52,30.6,18.95,49.78,0,31.93,,15,,230,10
6/26/2023 18:52,29.4,19.43,55,0,30.92,,15,,220,10
6/26/2023 19:52,28.3,19.42,58.61,0,29.73,,13,,210,10
6/26/2023 20:52,27.8,18.92,58.49,0,29.01,,17,,230,10
6/26/2023 21:52,26.1,17.8,60.32,0,NaN,,17,33,220,10
6/26/2023 22:52,24.4,16.69,62.25,0,NaN,,20,,200,10
6/26/2023 23:52,23.9,16.69,64.14,0,NaN,,15,,210,10
6/27/2023 00:52,22.8,17.19,70.74,0,NaN,,15,,200,10
6/27/2023 01:52,21.7,17.19,75.63,0,NaN,,6,,180,10
6/27/2023 02:52,21.7,17.19,75.63,0,NaN,,9,,150,10
6/27/2023 03:52,20.6,17.79,84.02,0,NaN,,11,,180,10
6/27/2023 04:52,20,17.79,87.18,0,NaN,,7,,170,10
6/27/2023 05:52,20,17.79,87.18,0,NaN,,9,,180,10
6/27/2023 06:52,20.6,18.29,86.69,0,NaN,,9,,0,10
6/27/2023 07:52,21.7,18.29,81.04,0,NaN,,6,,190,10
6/27/2023 08:52,23.9,18.29,70.95,0,NaN,,7,,0,10
6/27/2023 09:52,25,18.9,68.97,0,NaN,,0,,0,10
6/27/2023 10:52,28.3,18.32,54.73,0,29.29,,0,,0,10
6/27/2023 11:52,29.4,18.34,51.36,0,30.38,,6,,0,10
6/27/2023 12:52,26.7,18.31,60.08,2.54,27.72,,9,,260,10
6/27/2023 13:52,22.2,17.19,73.36,609.6,NaN,,19,44,340,3
6/27/2023 14:52,23.3,19.99,81.76,254,NaN,,6,,0,10
6/27/2023 15:52,26.1,18.9,64.62,0,NaN,,13,,230,10
6/27/2023 16:52,27.2,18.31,58.35,0,28.21,,17,,290,10
6/27/2023 17:52,26.7,17.81,58.23,0,27.61,,26,,300,10
6/27/2023 18:52,27.2,16.71,52.75,25.4,27.8,,20,,300,10
6/27/2023 19:52,26.1,16.11,54.17,0,NaN,,24,39,310,10
6/27/2023 20:52,24.4,16.69,62.25,0,NaN,,9,,290,10
6/27/2023 21:52,23.9,16.69,64.14,0,NaN,,13,,280,10
6/27/2023 22:52,23.3,16.09,64.01,0,NaN,,15,,290,10
6/27/2023 23:52,22.2,16.08,68.41,0,NaN,,19,,290,10
6/28/2023 00:52,22.2,16.08,68.41,0,NaN,,20,,310,10
6/28/2023 01:52,21.7,16.08,70.53,0,NaN,,17,,290,10
6/28/2023 02:52,20.6,15.58,73.07,0,NaN,,9,,310,10
6/28/2023 03:52,20,15.58,75.83,0,NaN,,7,,250,10
6/28/2023 04:52,18.3,15.58,84.29,0,NaN,,6,,280,10
6/28/2023 05:52,19.4,15.58,78.7,0,NaN,,7,,270,9
6/28/2023 06:52,18.9,16.08,83.82,0,NaN,,6,,110,9
6/28/2023 07:52,22.8,16.09,65.97,0,NaN,,7,,230,9
6/28/2023 08:52,23.3,16.09,64.01,0,NaN,,17,,290,7
6/28/2023 09:52,23.9,16.69,64.14,0,NaN,,20,,320,6
6/28/2023 10:52,25,16.7,60.06,0,NaN,,11,31,330,6
6/28/2023 11:52,24.4,14.99,55.85,0,NaN,,22,39,310,5
6/28/2023 12:52,25.6,14.4,50.03,0,NaN,,24,41,320,6
6/28/2023 13:52,25.6,15,52,0,NaN,,26,39,310,5
6/28/2023 14:52,25,14.99,53.88,0,NaN,,22,,320,5
6/28/2023 15:52,25.6,15.6,54.04,0,NaN,,22,,310,4
6/28/2023 16:52,26.7,15.01,48.73,0,27.08,,26,37,300,4
6/28/2023 17:52,25.6,15,52,0,NaN,,24,,320,4
6/28/2023 18:52,25.6,15,52,0,NaN,,19,,330,4
6/28/2023 19:52,24.4,14.99,55.85,0,NaN,,13,,320,4
6/28/2023 20:52,22.8,14.98,61.48,0,NaN,,7,,320,4
6/28/2023 21:52,22.8,14.98,61.48,0,NaN,,11,,330,5
6/28/2023 22:52,22.2,14.38,61.34,0,NaN,,15,,330,5
6/28/2023 23:52,21.7,13.88,61.23,0,NaN,,11,,340,5
6/29/2023 00:52,18.3,14.38,78.03,0,NaN,,6,,280,5
6/29/2023 01:52,17.2,14.38,83.62,0,NaN,,6,,320,5
6/29/2023 02:52,16.7,13.88,83.56,0,NaN,,0,,0,5
6/29/2023 03:52,15,13.29,89.58,0,NaN,,0,,0,5
6/29/2023 04:52,15,13.29,89.58,0,NaN,,6,,280,4
6/29/2023 05:52,15.6,13.28,86.2,0,NaN,,6,,320,4
6/29/2023 06:52,16.1,14.39,89.67,0,NaN,,0,,0,3
6/29/2023 07:52,20,15.58,75.83,0,NaN,,9,,320,4
6/29/2023 08:52,22.2,15.58,66.26,0,NaN,,0,,0,3
6/29/2023 09:52,24.4,14.99,55.85,0,NaN,,0,,0,2.5
6/29/2023 10:52,25.6,14.4,50.03,0,NaN,,6,,270,2.5
6/29/2023 11:52,27.2,14.42,45.53,0,27.33,,6,,0,2
6/29/2023 12:52,28.3,12.83,38.49,0,27.82,,6,,0,2
6/29/2023 13:52,29.4,13.95,38.8,0,28.91,,15,,270,2
6/29/2023 14:52,29.4,13.35,37.31,0,28.77,,9,,0,2
6/29/2023 15:52,30,12.86,34.89,0,29.16,,9,,250,2.5
6/29/2023 16:52,30,12.86,34.89,0,29.16,,9,,0,2.5
6/29/2023 17:52,29.4,12.85,36.12,0,28.67,,9,,230,2.5
6/29/2023 18:52,28.3,13.33,39.76,0,27.91,,11,,220,3
6/29/2023 19:52,26.7,14.41,46.88,0,26.65,,6,,170,2
6/29/2023 20:52,24.4,15.59,58.04,0,NaN,,7,,170,2.5
6/29/2023 21:52,21.7,15.58,68.31,0,NaN,,6,,170,3
6/29/2023 22:52,22.2,16.08,68.41,0,NaN,,9,,160,4
6/29/2023 23:52,22.2,14.98,63.76,0,NaN,,7,,170,5
6/30/2023 00:52,20.6,15.58,73.07,0,NaN,,6,,220,5
6/30/2023 01:52,21.1,16.08,73.16,0,NaN,,9,,180,5
6/30/2023 02:52,21.1,17.19,78.45,0,NaN,,9,,180,5
6/30/2023 03:52,20.6,17.79,84.02,0,NaN,,7,,160,5
6/30/2023 04:52,20,17.79,87.18,0,NaN,,9,,200,5
6/30/2023 05:52,19.4,17.79,90.49,0,NaN,,6,,190,4
6/30/2023 06:52,20.6,18.29,86.69,0,NaN,,11,,160,4
6/30/2023 07:52,21.7,18.89,84.14,0,NaN,,13,,180,4
6/30/2023 08:52,24.4,19.39,73.74,0,NaN,,17,,180,4
6/30/2023 09:52,26.7,19.41,64.35,0,27.98,,15,,190,4
6/30/2023 10:52,28.3,19.42,58.61,0,29.73,,17,,210,5
6/30/2023 11:52,30,19.44,53.14,0,31.56,,17,,190,5
6/30/2023 12:52,29.4,18.93,53.32,0,30.66,,7,,0,5
6/30/2023 13:52,30.6,18.35,47.95,0,31.61,,11,,280,6
6/30/2023 14:52,29.4,18.93,53.32,0,30.66,,9,,270,8
6/30/2023 15:52,25.6,22.2,81.55,863.6,NaN,,6,,220,5
6/30/2023 16:52,27.2,21.71,72,0,29.39,,7,,260,10
6/30/2023 17:52,27.8,20.61,64.99,0,29.7,,0,,0,10
6/30/2023 18:52,24.4,21.1,81.9,2.54,NaN,,19,,90,10
6/30/2023 19:52,24.4,21.7,84.96,2.54,NaN,,11,,130,8
6/30/2023 20:52,23.9,20.6,81.83,0,NaN,,9,,140,10
6/30/2023 21:52,23.3,21.1,87.49,0,NaN,,7,,150,7
6/30/2023 22:52,23.3,20.6,84.84,0,NaN,,7,,180,8
6/30/2023 23:52,22.8,21.1,90.17,0,NaN,,6,,170,7
7/1/2023 00:52,23.3,21.1,87.49,0,NaN,,7,,180,7
7/1/2023 01:52,22.8,20.6,87.44,0,NaN,,7,,160,6
7/1/2023 02:52,22.2,19.39,84.2,0,NaN,,9,,160,6
7/1/2023 03:52,22.2,18.89,81.62,0,NaN,,9,,180,8
7/1/2023 04:52,21.7,18.89,84.14,0,NaN,,6,,130,8
7/1/2023 05:52,21.1,19.39,90.04,0,NaN,,6,,130,5
7/1/2023 06:52,22.2,19.39,84.2,0,NaN,,0,,0,6
7/1/2023 07:52,22.8,18.89,78.7,0,NaN,,9,,160,6
7/1/2023 08:52,23.9,19.39,75.98,0,NaN,,7,,170,6
7/1/2023 09:52,25,20,73.85,0,NaN,,0,,0,5
7/1/2023 10:52,26.1,21.1,74.03,0,NaN,,7,,0,5
7/1/2023 11:52,26.1,21.1,74.03,0,NaN,,7,,270,6
7/1/2023 12:52,28.3,21.72,67.53,0,30.9,,0,,0,6
7/1/2023 13:52,30,22.83,65.45,0,33.98,,0,,0,6
7/1/2023 14:52,30,22.23,63.12,0,33.47,,11,,190,6
7/1/2023 15:52,30.6,22.24,60.99,0,34.24,,13,,150,7
7/1/2023 16:52,30,22.23,63.12,0,33.47,,13,,150,7
7/1/2023 17:52,28.9,22.82,69.73,0,32.46,,13,,160,7
7/1/2023 18:52,23.3,22.2,93.56,558.8,NaN,,7,,170,8
7/1/2023 19:52,24.4,22.8,90.83,2.54,NaN,,6,,160,10
7/1/2023 20:52,23.9,22.2,90.25,0,NaN,,7,,190,10
7/1/2023 21:52,23.9,22.2,90.25,0,NaN,,19,,190,10
7/1/2023 22:52,23.3,22.2,93.56,2.54,NaN,,9,,250,9
7/1/2023 23:52,22.8,21.7,93.54,2.54,NaN,,6,,170,9
7/2/2023 00:52,22.8,21.7,93.54,0,NaN,,6,,130,9
7/2/2023 01:52,22.2,21.1,93.51,0,NaN,,7,,150,7
7/2/2023 02:52,22.8,21.7,93.54,0,NaN,,7,,190,7
7/2/2023 03:52,22.8,22.2,96.43,0,NaN,,7,,170,7
7/2/2023 04:52,23.3,22.2,93.56,0,NaN,,9,,180,8
7/2/2023 05:52,22.8,21.7,93.54,0,NaN,,7,,180,9
7/2/2023 06:52,22.8,22.2,96.43,0,NaN,,7,,170,8
7/2/2023 07:52,23.3,22.2,93.56,0,NaN,,6,,160,9
7/2/2023 08:52,24.4,22.2,87.58,0,NaN,,6,,200,10
7/2/2023 09:52,27.2,22.81,76.97,0,29.87,,7,,170,10
7/2/2023 10:52,27.8,22.21,71.67,0,30.49,,9,,0,10
7/2/2023 11:52,28.3,22.81,72.19,0,31.59,,6,,160,10
7/2/2023 12:52,29.4,22.82,67.75,0,33.16,,11,,220,10
7/2/2023 13:52,29.4,22.22,65.33,0,32.69,,9,,160,10
7/2/2023 14:52,31.7,23.34,61.24,2.54,36.74,,9,,200,10
7/2/2023 15:52,32.2,22.85,57.76,0,36.86,,11,,190,10
7/2/2023 16:52,32.2,23.35,59.53,0,37.4,,20,30,170,10
7/2/2023 17:52,33.3,23.37,55.97,0,38.84,,17,31,220,10
7/2/2023 18:52,31.7,20.65,51.95,0,34.27,,20,31,210,10
7/2/2023 19:52,31.1,21.74,57.5,0,34.44,,13,,210,10
7/2/2023 20:52,28.3,22.21,69.61,0,31.2,,7,,210,10
7/2/2023 21:52,27.8,21.71,69.52,0,30.23,,7,,200,10
7/2/2023 22:52,27.8,22.81,74.32,0,30.83,,11,,190,10
7/2/2023 23:52,27.2,23.31,79.33,0,30.12,,13,,210,10
7/3/2023 00:52,26.7,23.3,81.69,0,29.22,,13,,200,10
7/3/2023 01:52,26.7,22.8,79.26,0,29.03,,13,,220,10
7/3/2023 02:52,25.6,22.8,84.57,0,NaN,,7,,170,10
7/3/2023 03:52,23.9,22.2,90.25,0,NaN,,0,,0,10
7/3/2023 04:52,22.8,21.1,90.17,0,NaN,,0,,0,10
7/3/2023 05:52,22.8,21.1,90.17,0,NaN,,6,,210,10
7/3/2023 06:52,24.4,22.2,87.58,2.54,NaN,,0,,0,10
7/3/2023 07:52,26.1,22.2,79.18,2.54,NaN,,0,,0,10
7/3/2023 08:52,26.7,22.21,76.43,0,28.82,,0,,0,10
7/3/2023 09:52,27.2,22.81,76.97,2.54,29.87,,0,,0,10
7/3/2023 10:52,30,20.04,55.15,0,31.91,,11,,320,10
7/3/2023 11:52,31.1,19.45,49.91,0,32.77,,0,,0,10
7/3/2023 12:52,31.7,18.36,45.04,0,32.77,,9,,340,10
7/3/2023 13:52,32.2,19.47,46.9,0,33.99,,11,,0,10
7/3/2023 14:52,31.7,19.46,48.24,0,33.43,,11,,210,10
7/3/2023 15:52,32.8,20.67,48.83,2.54,35.57,,13,,220,10
7/3/2023 16:52,31.7,22.85,59.42,0,36.22,,17,,200,10
7/3/2023 17:52,30.6,21.14,57.03,2.54,33.36,,13,,170,10
7/3/2023 18:52,28.3,22.21,69.61,0,31.2,,9,,180,10
7/3/2023 19:52,27.8,22.81,74.32,0,30.83,,22,,190,10
7/3/2023 20:52,26.1,22.8,82.11,2.54,NaN,,9,,190,10
7/3/2023 21:52,26.7,22.8,79.26,0,29.03,,11,,0,10
7/3/2023 22:52,21.7,20.6,93.48,1701.8,NaN,,9,,100,7
7/3/2023 23:52,22.2,21.7,97,25.4,NaN,,7,,180,9
7/4/2023 00:52,22.8,21.7,93.54,228.6,NaN,,6,,150,10
7/4/2023 01:52,22.8,21.7,93.54,0,NaN,,0,,0,10
7/4/2023 02:52,22.2,21.1,93.51,0,NaN,,0,,0,10
7/4/2023 03:52,21.7,21.1,96.4,0,NaN,,6,,160,10
7/4/2023 04:52,21.7,21.1,96.4,0,NaN,,0,,0,10
7/4/2023 05:52,21.1,20.6,96.98,0,NaN,,0,,0,7
7/4/2023 06:52,22.8,21.7,93.54,0,NaN,,0,,0,7
7/4/2023 07:52,24.4,22.2,87.58,0,NaN,,0,,0,10
7/4/2023 08:52,27.8,21.11,67.01,0,29.93,,15,,290,10
7/4/2023 09:52,28.3,21.12,65.09,0,30.56,,11,,280,10
7/4/2023 10:52,29.4,21.13,61.09,0,31.92,,13,,290,10
7/4/2023 11:52,30.6,21.14,57.03,0,33.36,,17,28,300,10
7/4/2023 12:52,31.1,20.65,53.75,0,33.57,,15,,310,10
7/4/2023 13:52,31.7,20.06,50.07,0,33.84,,15,33,280,10
7/4/2023 14:52,31.7,20.65,51.95,0,34.27,,19,,280,10
7/4/2023 15:52,31.1,20.05,51.8,0,33.15,,24,30,300,10
7/4/2023 16:52,30,18.34,49.62,2.54,30.99,,20,,290,10
7/4/2023 17:52,31.1,19.45,49.91,0,32.77,,19,,290,10
7/4/2023 18:52,30.6,20.64,55.3,0,32.99,,15,,290,10
7/4/2023 19:52,30,20.04,55.15,0,31.91,,15,,320,10
7/4/2023 20:52,28.3,19.42,58.61,0,29.73,,9,,310,10
7/4/2023 21:52,27.2,20.01,64.86,0,28.74,,9,,310,10
7/4/2023 22:52,26.7,20.01,66.79,0,28.14,,6,,280,10
7/4/2023 23:52,25.6,20.6,73.95,0,NaN,,0,,0,10
7/5/2023 00:52,23.9,21.1,84.39,0,NaN,,0,,0,6
7/5/2023 01:52,22.8,20.6,87.44,0,NaN,,0,,0,6
7/5/2023 02:52,21.7,20,90.09,0,NaN,,0,,0,9
7/5/2023 03:52,22.2,20.6,90.68,0,NaN,,0,,0,10
7/5/2023 04:52,21.7,20,90.09,0,NaN,,0,,0,8
7/5/2023 05:52,23.3,19.99,81.76,0,NaN,,7,,350,10
7/5/2023 06:52,23.9,19.99,78.86,0,NaN,,7,,310,10
7/5/2023 07:52,25,20,73.85,0,NaN,,7,,310,10
7/5/2023 08:52,27.2,20.61,67.3,0,28.95,,9,,320,10
7/5/2023 09:52,30,21.13,59.02,0,32.64,,9,,310,10
7/5/2023 10:52,31.1,21.74,57.5,0,34.44,,13,,340,10
7/5/2023 11:52,31.7,21.15,53.57,0,34.67,,7,,300,10
7/5/2023 12:52,31.7,21.15,53.57,0,34.67,,0,,0,10
7/5/2023 13:52,31.7,20.65,51.95,0,34.27,,0,,0,10
7/5/2023 14:52,30.6,20.64,55.3,2.54,32.99,,15,,330,10
7/5/2023 15:52,30,21.13,59.02,0,32.64,,6,,310,10
7/5/2023 16:52,30.6,21.14,57.03,0,33.36,,9,,110,10
7/5/2023 17:52,31.7,20.06,50.07,0,33.84,,13,,110,10
7/5/2023 18:52,30.6,20.04,53.29,0,32.59,,9,,140,10
7/5/2023 19:52,30,20.63,57.23,0,32.3,,11,,130,10
7/5/2023 20:52,27.2,21.71,72,0,29.39,,7,,120,10
7/5/2023 21:52,26.1,21.7,76.8,0,NaN,,6,,130,10
7/5/2023 22:52,25.6,21.7,79.1,0,NaN,,0,,0,10
7/5/2023 23:52,24.4,21.7,84.96,0,NaN,,0,,0,10
7/6/2023 00:52,25,21.7,81.97,0,NaN,,0,,0,10
7/6/2023 01:52,23.3,21.1,87.49,0,NaN,,0,,0,10
7/6/2023 02:52,22.8,21.1,90.17,0,NaN,,0,,0,10
7/6/2023 03:52,22.8,21.1,90.17,0,NaN,,0,,0,10
7/6/2023 04:52,22.2,20.6,90.68,0,NaN,,0,,0,10
7/6/2023 05:52,22.2,20.6,90.68,0,NaN,,0,,0,10
7/6/2023 06:52,23.9,22.2,90.25,0,NaN,,6,,300,10
7/6/2023 07:52,26.1,22.8,82.11,0,NaN,,0,,0,10
7/6/2023 08:52,29.4,23.32,69.82,0,33.58,,0,,0,10
7/6/2023 09:52,30.6,22.24,60.99,0,34.24,,0,,0,10
7/6/2023 10:52,31.7,22.25,57.29,0,35.63,,0,,0,10
7/6/2023 11:52,31.1,20.65,53.75,0,33.57,,0,,0,10
7/6/2023 12:52,25.6,19.4,68.66,2.54,NaN,,28,39,100,10
7/6/2023 13:52,27.2,22.21,74.22,127,29.6,,0,,0,10
7/6/2023 14:52,29.4,23.92,72.39,0,34.13,,13,,70,10
7/6/2023 15:52,31.1,22.84,61.47,0,35.44,,20,,120,10
7/6/2023 16:52,31.7,21.15,53.57,0,34.67,,13,,140,10
7/6/2023 17:52,31.7,20.65,51.95,0,34.27,,9,,0,10
7/6/2023 18:52,30.6,21.74,59.16,0,33.82,,15,,160,10
7/6/2023 19:52,28.9,20.62,60.97,0,31.01,,7,,170,10
7/6/2023 20:52,26.1,21.1,74.03,0,NaN,,6,,150,10
7/6/2023 21:52,24.4,21.7,84.96,0,NaN,,6,,140,10
7/6/2023 22:52,24.4,21.7,84.96,0,NaN,,0,,0,10
7/6/2023 23:52,24.4,22.2,87.58,0,NaN,,0,,0,10
7/7/2023 00:52,24.4,22.2,87.58,0,NaN,,0,,0,10
7/7/2023 01:52,23.3,21.7,90.75,0,NaN,,6,,150,10
7/7/2023 02:52,22.8,21.7,93.54,0,NaN,,0,,0,10
7/7/2023 03:52,22.2,21.7,97,0,NaN,,6,,150,9
7/7/2023 04:52,22.8,21.7,93.54,0,NaN,,0,,0,9
7/7/2023 05:52,21.7,20.6,93.48,0,NaN,,0,,0,7
7/7/2023 06:52,23.9,22.2,90.25,0,NaN,,7,,290,7
7/7/2023 07:52,26.1,22.8,82.11,0,NaN,,0,,0,10
7/7/2023 08:52,28.9,22.82,69.73,0,32.46,,0,,0,10
7/7/2023 09:52,29.4,21.73,63.37,0,32.33,,0,,0,10
7/7/2023 10:52,30.6,22.24,60.99,0,34.24,,7,,0,10
7/7/2023 11:52,31.7,21.15,53.57,0,34.67,,0,,0,10
7/7/2023 12:52,32.8,21.17,50.36,0,35.99,,6,,0,10
7/7/2023 13:52,33.9,21.78,49.12,0,37.89,,7,,0,10
7/7/2023 14:52,32.8,21.17,50.36,0,35.99,,9,,50,10
7/7/2023 15:52,30,21.13,59.02,0,32.64,,19,39,110,10
7/7/2023 16:52,31.1,23.34,63.36,0,35.94,,13,,170,10
7/7/2023 17:52,30,22.23,63.12,0,33.47,,6,,170,10
7/7/2023 18:52,28.9,22.82,69.73,0,32.46,,6,,110,10
7/7/2023 19:52,28.3,22.81,72.19,0,31.59,,13,,170,10
7/7/2023 20:52,25.6,22.8,84.57,177.8,NaN,,9,,200,3
7/7/2023 21:52,25,23.3,90.32,25.4,NaN,,9,,0,10
7/7/2023 22:52,23.9,22.8,93.59,0,NaN,,0,,0,10
7/7/2023 23:52,24.4,22.8,90.83,0,NaN,,0,,0,10
7/8/2023 00:52,24.4,22.8,90.83,0,NaN,,9,,290,10
7/8/2023 01:52,23.9,22.8,93.59,0,NaN,,0,,0,10
7/8/2023 02:52,25,22.2,84.51,0,NaN,,9,,360,10
7/8/2023 03:52,25,22.2,84.51,0,NaN,,9,,10,10
7/8/2023 04:52,23.9,21.7,87.54,0,NaN,,6,,340,10
7/8/2023 05:52,23.3,21.7,90.75,0,NaN,,7,,310,10
7/8/2023 06:52,23.9,21.7,87.54,0,NaN,,13,,330,10
7/8/2023 07:52,25,21.1,79.02,0,NaN,,15,,360,10
7/8/2023 08:52,27.2,21.71,72,0,29.39,,15,,10,10
7/8/2023 09:52,28.9,21.72,65.22,0,31.69,,6,,0,10
7/8/2023 10:52,29.4,22.22,65.33,0,32.69,,0,,0,10
7/8/2023 11:52,30.6,21.74,59.16,0,33.82,,11,,10,10
7/8/2023 12:52,31.1,22.24,59.28,0,34.88,,7,,0,10
7/8/2023 13:52,31.7,21.15,53.57,0,34.67,,0,,0,10
7/8/2023 14:52,32.8,20.67,48.83,0,35.57,,9,,300,10
7/8/2023 15:52,33.9,19.5,42.64,0,35.95,,6,,0,10
7/8/2023 16:52,33.3,19.49,44.09,0,35.25,,0,,0,10
7/8/2023 17:52,28.9,21.12,62.87,0,31.31,,28,56,150,10
7/8/2023 18:52,27.8,22.21,71.67,2.54,30.49,,7,,220,10
7/8/2023 19:52,27.2,21.71,72,0,29.39,,7,,220,10
7/8/2023 20:52,25.6,21.7,79.1,0,NaN,,0,,0,10
7/8/2023 21:52,25.6,21.7,79.1,0,NaN,,6,,210,10
7/8/2023 22:52,23.9,21.1,84.39,0,NaN,,7,,150,10
7/8/2023 23:52,24.4,21.1,81.9,0,NaN,,9,,160,10
7/9/2023 00:52,23.9,21.1,84.39,0,NaN,,0,,0,10
7/9/2023 01:52,23.3,21.7,90.75,0,NaN,,0,,0,10
7/9/2023 02:52,23.3,21.7,90.75,0,NaN,,7,,160,10
7/9/2023 03:52,23.3,21.7,90.75,0,NaN,,0,,0,10
7/9/2023 04:52,23.3,21.7,90.75,0,NaN,,6,,180,10
7/9/2023 05:52,22.8,21.7,93.54,0,NaN,,6,,150,10
7/9/2023 06:52,23.9,22.8,93.59,0,NaN,,0,,0,7
7/9/2023 07:52,24.4,22.2,87.58,0,NaN,,7,,180,10
7/9/2023 08:52,25,22.2,84.51,0,NaN,,9,,220,10
7/9/2023 09:52,26.7,22.21,76.43,0,28.82,,9,,110,10
7/9/2023 10:52,27.8,22.21,71.67,0,30.49,,9,,130,10
7/9/2023 11:52,28.3,22.21,69.61,0,31.2,,9,,250,10
7/9/2023 12:52,28.9,21.72,65.22,0,31.69,,11,,0,10
7/9/2023 13:52,29.4,22.22,65.33,0,32.69,,15,,210,10
7/9/2023 14:52,21.7,20.6,93.48,1651,NaN,,13,37,320,3
7/9/2023 15:52,24.4,21.1,81.9,152.4,NaN,,0,,0,10
7/9/2023 16:52,26.1,20,69.19,0,NaN,,19,,330,10
7/9/2023 17:52,27.2,20.01,64.86,0,28.74,,19,,360,10
7/9/2023 18:52,26.1,18.9,64.62,0,NaN,,17,,360,10
7/9/2023 19:52,25,19.4,71.15,0,NaN,,17,,30,10
7/9/2023 20:52,23.9,19.99,78.86,0,NaN,,11,,60,10
7/9/2023 21:52,22.8,19.39,81.19,0,NaN,,7,,80,10
7/9/2023 22:52,22.2,19.39,84.2,0,NaN,,6,,60,10
7/9/2023 23:52,21.7,19.39,86.8,0,NaN,,7,,310,10
7/10/2023 00:52,21.7,19.39,86.8,0,NaN,,9,,310,10
7/10/2023 01:52,21.1,19.39,90.04,0,NaN,,7,,330,10
7/10/2023 02:52,22.2,19.39,84.2,0,NaN,,11,,10,10
7/10/2023 03:52,21.7,19.39,86.8,0,NaN,,7,,270,10
7/10/2023 04:52,20.6,18.89,90.01,0,NaN,,0,,0,10
7/10/2023 05:52,20.6,18.89,90.01,0,NaN,,6,,270,10
7/10/2023 06:52,21.1,18.89,87.29,0,NaN,,11,,290,10
7/10/2023 07:52,21.7,18.89,84.14,0,NaN,,11,,290,10
7/10/2023 08:52,23.3,18.89,76.36,0,NaN,,17,,320,10
7/10/2023 09:52,24.4,18.29,68.85,0,NaN,,19,33,320,10
7/10/2023 10:52,27.2,18.31,58.35,0,28.21,,17,,330,10
7/10/2023 11:52,27.8,17.82,54.6,0,28.63,,22,31,320,10
7/10/2023 12:52,28.9,17.83,51.23,0,29.68,,19,,330,10
7/10/2023 13:52,30,17.84,48.09,0,30.76,,13,28,350,10
7/10/2023 14:52,30.6,17.25,44.74,0,31.09,,15,28,300,10
7/10/2023 15:52,30.6,16.76,43.35,0,30.88,,9,,0,10
7/10/2023 16:52,31.1,16.16,40.55,0,31.12,,15,,260,10
7/10/2023 17:52,30.6,13.96,36.22,0,29.94,,15,,290,10
7/10/2023 18:52,30,15.65,41.82,0,29.91,,17,,280,10
7/10/2023 19:52,28.9,15.63,44.55,0,28.93,,13,,320,10
7/10/2023 20:52,26.7,16.11,52.29,0,27.27,,9,,310,10
7/10/2023 21:52,24.4,16.69,62.25,0,NaN,,0,,0,10
7/10/2023 22:52,23.9,16.09,61.74,0,NaN,,6,,290,10
7/10/2023 23:52,23.9,16.09,61.74,0,NaN,,0,,0,10
7/11/2023 00:52,22.2,16.08,68.41,0,NaN,,6,,310,10
7/11/2023 01:52,19.4,16.08,81.25,0,NaN,,0,,0,10
7/11/2023 02:52,20,15.58,75.83,0,NaN,,0,,0,10
7/11/2023 03:52,18.9,15.58,81.19,0,NaN,,6,,340,10
7/11/2023 04:52,20.6,14.98,70.32,0,NaN,,6,,320,10
7/11/2023 05:52,18.3,14.98,81.11,0,NaN,,6,,290,10
7/11/2023 06:52,21.1,15.58,70.86,0,NaN,,9,,310,10
7/11/2023 07:52,23.3,14.99,59.66,0,NaN,,9,,320,10
7/11/2023 08:52,25.6,15.6,54.04,0,NaN,,13,,320,10
7/11/2023 09:52,27.8,16.12,49.03,0,28.15,,9,,320,10
7/11/2023 10:52,29.4,16.14,44.69,0,29.53,,7,,350,10
7/11/2023 11:52,30.6,15.66,40.41,0,30.46,,9,,270,10
7/11/2023 12:52,31.1,15.07,37.8,0,30.73,,9,,0,10
7/11/2023 13:52,31.7,13.39,32.73,0,30.8,,11,,300,10
7/11/2023 14:52,32.2,13.4,31.82,0,31.27,,0,,0,10
7/11/2023 15:52,32.2,12.9,30.79,0,31.14,,11,,250,10
7/11/2023 16:52,31.7,12.89,31.68,0,30.67,,0,,0,10
7/11/2023 17:52,31.7,14.48,35.15,0,31.11,,11,,220,10
7/11/2023 18:52,31.7,14.48,35.15,0,31.11,,7,,0,10
7/11/2023 19:52,29.4,15.64,43.29,0,29.37,,7,,240,10
7/11/2023 20:52,27.2,15.61,49.18,0,27.56,,7,,230,10
7/11/2023 21:52,22.8,16.69,68.53,0,NaN,,6,,210,10
7/11/2023 22:52,23.9,16.69,64.14,0,NaN,,6,,180,10
7/11/2023 23:52,23.3,16.69,66.5,0,NaN,,0,,0,10
7/12/2023 00:52,22.2,16.68,71.07,0,NaN,,6,,180,10
7/12/2023 01:52,21.1,16.68,76.01,0,NaN,,0,,0,10
7/12/2023 02:52,19.4,16.69,84.41,0,NaN,,0,,0,10
7/12/2023 03:52,18.9,16.69,87.08,0,NaN,,0,,0,10
7/12/2023 04:52,18.9,16.69,87.08,0,NaN,,0,,0,10
7/12/2023 05:52,19.4,17.19,87.13,0,NaN,,0,,0,10
7/12/2023 06:52,20,17.79,87.18,0,NaN,,0,,0,10
7/12/2023 07:52,23.9,19.39,75.98,0,NaN,,0,,0,10
7/12/2023 08:52,27.8,17.82,54.6,0,28.63,,0,,0,10
7/12/2023 09:52,29.4,17.84,49.77,0,30.16,,0,,0,10
7/12/2023 10:52,31.1,17.26,43.48,0,31.59,,7,,0,10
7/12/2023 11:52,32.2,16.78,39.59,0,32.49,,11,,310,10
7/12/2023 12:52,32.2,15.69,36.91,0,32.03,,7,,0,10
7/12/2023 13:52,32.8,16.19,36.84,0,32.85,,7,,240,10
7/12/2023 14:52,32.8,15.1,34.34,0,32.41,,15,,250,10
7/12/2023 15:52,32.8,15.1,34.34,0,32.41,,11,,260,10
7/12/2023 16:52,33.3,14.51,32.12,0,32.71,,9,,0,10
7/12/2023 17:52,33.3,14.51,32.12,0,32.71,,11,,0,10
7/12/2023 18:52,32.2,15.09,35.52,0,31.81,,11,,220,10
7/12/2023 19:52,30,16.15,43.18,0,30.08,,9,,210,10
7/12/2023 20:52,28.3,16.73,49.48,0,28.74,,7,,180,10
7/12/2023 21:52,27.2,17.21,54.45,0,27.92,,9,,170,10
7/12/2023 22:52,26.1,17.2,58.08,0,NaN,,9,,180,10
7/12/2023 23:52,25.6,17.2,59.82,0,NaN,,9,,160,10
7/13/2023 00:52,25,17.2,61.99,0,NaN,,7,,190,10
7/13/2023 01:52,23.9,17.79,68.75,0,NaN,,6,,190,10
7/13/2023 02:52,23.3,17.79,71.28,0,NaN,,6,,170,10
7/13/2023 03:52,23.3,17.79,71.28,0,NaN,,9,,160,10
7/13/2023 04:52,22.8,18.29,75.81,0,NaN,,7,,170,10
7/13/2023 05:52,23.3,18.89,76.36,0,NaN,,11,,170,10
7/13/2023 06:52,23.9,19.39,75.98,0,NaN,,13,,200,10
7/13/2023 07:52,24.4,19.39,73.74,0,NaN,,13,,200,10
7/13/2023 08:52,27.2,20.61,67.3,0,28.95,,15,,200,10
7/13/2023 09:52,29.4,20.03,57.09,0,31.24,,20,,220,10
7/13/2023 10:52,31.7,18.96,46.76,0,33.12,,17,,210,10
7/13/2023 11:52,33.3,16.8,37.22,0,33.66,,11,,190,10
7/13/2023 12:52,33.9,18.4,39.81,0,35.21,,13,,210,10
7/13/2023 13:52,35,18.43,37.46,0,36.48,,19,28,240,10
7/13/2023 14:52,35,19.52,40.12,0,37.25,,20,,230,10
7/13/2023 15:52,35.6,19.53,38.81,0,37.97,,19,31,240,10
7/13/2023 16:52,35,20.71,43.21,0,38.23,,22,35,210,10
7/13/2023 17:52,33.3,21.18,48.97,0,36.59,,20,,210,10
7/13/2023 18:52,32.2,21.76,54.03,0,35.79,,22,33,200,10
7/13/2023 19:52,31.1,21.74,57.5,0,34.44,,17,,210,10
7/13/2023 20:52,30.6,22.24,60.99,0,34.24,,13,,210,10
7/13/2023 21:52,29.4,21.73,63.37,0,32.33,,17,,200,10
7/13/2023 22:52,28.3,20.62,63.13,2.54,30.3,,19,41,220,10
7/13/2023 23:52,26.1,21.1,74.03,2.54,NaN,,24,33,200,10
7/14/2023 00:52,25,20.6,76.63,0,NaN,,17,,210,10
7/14/2023 01:52,23.9,19.99,78.86,0,NaN,,7,,210,10
7/14/2023 02:52,22.8,18.89,78.7,0,NaN,,0,,0,10
7/14/2023 03:52,22.8,18.29,75.81,0,NaN,,6,,240,10
7/14/2023 04:52,22.2,18.29,78.61,0,NaN,,0,,0,10
7/14/2023 05:52,21.7,18.29,81.04,0,NaN,,7,,170,10
7/14/2023 06:52,22.2,18.89,81.62,0,NaN,,6,,170,10
7/14/2023 07:52,23.3,19.39,78.77,0,NaN,,15,,190,10
7/14/2023 08:52,25.6,19.4,68.66,0,NaN,,11,,200,10
7/14/2023 09:52,28.3,20.02,60.83,0,30.01,,9,,240,10
7/14/2023 10:52,30.6,20.04,53.29,0,32.59,,0,,0,10
7/14/2023 11:52,31.7,20.65,51.95,0,34.27,,6,,0,10
7/14/2023 12:52,31.7,20.65,51.95,0,34.27,,6,,0,10
7/14/2023 13:52,33.9,21.19,47.35,0,37.32,,0,,0,10
7/14/2023 14:52,33.3,20.68,47.48,0,36.17,,11,,160,10
7/14/2023 15:52,32.8,21.77,52.24,0,36.53,,11,,140,10
7/14/2023 16:52,31.7,21.15,53.57,0,34.67,,17,,190,10
7/14/2023 17:52,21.7,20,90.09,1397,NaN,,15,54,120,0.5
7/14/2023 18:52,23.9,21.7,87.54,304.8,NaN,,6,,140,7
7/14/2023 19:52,24.4,21.7,84.96,0,NaN,,7,,100,10
7/14/2023 20:52,23.3,21.7,90.75,0,NaN,,0,,0,10
7/14/2023 21:52,22.2,21.1,93.51,0,NaN,,6,,170,10
7/14/2023 22:52,22.8,21.7,93.54,0,NaN,,0,,0,10
7/14/2023 23:52,22.2,21.7,97,0,NaN,,0,,0,10
7/15/2023 00:52,22.2,21.1,93.51,0,NaN,,0,,0,10
7/15/2023 01:52,21.7,21.1,96.4,0,NaN,,6,,140,10
7/15/2023 02:52,21.7,20.6,93.48,0,NaN,,6,,90,10
7/15/2023 03:52,22.2,21.1,93.51,0,NaN,,0,,0,10
7/15/2023 04:52,21.1,20,93.45,0,NaN,,6,,80,10
7/15/2023 05:52,21.7,20.6,93.48,0,NaN,,7,,140,10
7/15/2023 06:52,22.8,21.1,90.17,0,NaN,,0,,0,10
7/15/2023 07:52,25.6,22.2,81.55,0,NaN,,6,,40,10
7/15/2023 08:52,27.2,23.31,79.33,0,30.12,,0,,0,10
7/15/2023 09:52,27.2,23.31,79.33,0,30.12,,7,,140,10
7/15/2023 10:52,28.9,24.41,76.77,0,33.8,,9,,170,10
7/15/2023 11:52,30,24.42,72.06,0,35.54,,15,,150,10
7/15/2023 12:52,30,23.33,67.46,0,34.44,,11,,0,10
7/15/2023 13:52,31.1,23.34,63.36,0,35.94,,9,,0,10
7/15/2023 14:52,31.1,22.84,61.47,0,35.44,,13,,140,10
7/15/2023 15:52,32.8,23.95,59.67,0,38.9,,19,,120,10
7/15/2023 16:52,31.1,23.34,63.36,0,35.94,,15,,150,10
7/15/2023 17:52,31.1,23.34,63.36,0,35.94,,19,,150,10
7/15/2023 18:52,30,23.33,67.46,0,34.44,,19,,150,10
7/15/2023 19:52,29.4,23.32,69.82,0,33.58,,11,,170,10
7/15/2023 20:52,28.3,23.91,77.14,2.54,32.38,,7,,160,10
7/15/2023 21:52,27.8,24.41,81.83,2.54,31.87,,15,,160,10
7/15/2023 22:52,22.8,21.1,90.17,2.54,NaN,,0,,0,10
7/15/2023 23:52,23.3,21.7,90.75,2.54,NaN,,6,,230,10
7/16/2023 00:52,22.8,22.2,96.43,2.54,NaN,,6,,160,10
7/16/2023 01:52,23.3,22.2,93.56,355.6,NaN,,9,,180,10
7/16/2023 02:52,23.3,22.2,93.56,2.54,NaN,,0,,0,10
7/16/2023 03:52,22.8,22.2,96.43,0,NaN,,0,,0,10
7/16/2023 04:52,22.8,22.2,96.43,0,NaN,,6,,150,10
7/16/2023 05:52,23.3,22.2,93.56,0,NaN,,0,,0,10
7/16/2023 06:52,23.3,22.2,93.56,0,NaN,,0,,0,7
7/16/2023 07:52,23.9,22.2,90.25,0,NaN,,0,,0,7
7/16/2023 08:52,23.9,22.2,90.25,2.54,NaN,,0,,0,10
7/16/2023 09:52,24.4,22.8,90.83,2.54,NaN,,0,,0,7
7/16/2023 10:52,26.1,22.8,82.11,0,NaN,,7,,220,10
7/16/2023 11:52,26.7,22.8,79.26,2.54,29.03,,9,,300,7
7/16/2023 12:52,28.3,22.81,72.19,0,31.59,,7,,10,7
7/16/2023 13:52,30.6,22.83,63.25,0,34.78,,7,,10,10
7/16/2023 14:52,30.6,21.14,57.03,0,33.36,,15,,350,10
7/16/2023 15:52,32.2,20.66,50.51,0,34.86,,15,,350,10
7/16/2023 16:52,31.7,20.06,50.07,0,33.84,,13,,350,10
7/16/2023 17:52,32.2,20.06,48.67,0,34.41,,15,,300,10
7/16/2023 18:52,31.7,20.06,50.07,0,33.84,,13,,290,10
7/16/2023 19:52,30,20.04,55.15,0,31.91,,15,,340,10
7/16/2023 20:52,27.8,20.61,64.99,0,29.7,,7,,310,10
7/16/2023 21:52,27.2,20.01,64.86,0,28.74,,6,,280,10
7/16/2023 22:52,24.4,20,76.54,0,NaN,,0,,0,10
7/16/2023 23:52,22.8,19.99,84.26,0,NaN,,0,,0,10
7/17/2023 00:52,22.2,19.99,87.39,0,NaN,,0,,0,10
7/17/2023 01:52,22.2,19.39,84.2,0,NaN,,0,,0,10
7/17/2023 02:52,21.1,18.89,87.29,0,NaN,,0,,0,10
7/17/2023 03:52,20.6,18.89,90.01,0,NaN,,0,,0,10
7/17/2023 04:52,20,18.9,93.4,0,NaN,,0,,0,10
7/17/2023 05:52,20.6,18.29,86.69,0,NaN,,0,,0,10
7/17/2023 06:52,20.6,18.89,90.01,0,NaN,,0,,0,10
7/17/2023 07:52,23.9,19.99,78.86,0,NaN,,0,,0,10
7/17/2023 08:52,26.7,20.01,66.79,0,28.14,,7,,290,9
7/17/2023 09:52,28.3,18.92,56.82,0,29.52,,6,,310,8
7/17/2023 10:52,29.4,18.93,53.32,0,30.66,,6,,270,7
7/17/2023 11:52,30,18.34,49.62,0,30.99,,9,,270,6
7/17/2023 12:52,31.1,18.36,46.6,0,32.13,,0,,0,6
7/17/2023 13:52,31.7,19.46,48.24,0,33.43,,9,,220,6
7/17/2023 14:52,32.2,18.97,45.46,0,33.67,,15,,180,6
7/17/2023 15:52,32.2,18.37,43.79,0,33.31,,11,,210,5
7/17/2023 16:52,32.2,18.37,43.79,0,33.31,,9,,210,5
7/17/2023 17:52,31.1,17.86,45.16,0,31.87,,15,30,190,6
7/17/2023 18:52,30.6,18.95,49.78,0,31.93,,15,,210,8
7/17/2023 19:52,28.9,18.93,54.88,0,30.14,,15,,200,8
7/17/2023 20:52,27.2,18.91,60.58,0,28.38,,9,,180,9
7/17/2023 21:52,26.1,20.6,71.8,0,NaN,,9,,160,8
7/17/2023 22:52,26.1,20,69.19,0,NaN,,6,,0,9
7/17/2023 23:52,25.6,19.4,68.66,0,NaN,,6,,350,9
7/18/2023 00:52,24.4,18.89,71.48,0,NaN,,6,,0,9
7/18/2023 01:52,23.3,18.89,76.36,0,NaN,,7,,320,10
7/18/2023 02:52,22.8,18.89,78.7,0,NaN,,7,,320,10
7/18/2023 03:52,21.7,18.89,84.14,0,NaN,,0,,0,9
7/18/2023 04:52,21.1,18.29,84.07,0,NaN,,11,,320,9
7/18/2023 05:52,20,18.29,89.96,0,NaN,,0,,0,8
7/18/2023 06:52,20.6,18.89,90.01,0,NaN,,0,,0,7
7/18/2023 07:52,24.4,18.89,71.48,0,NaN,,9,,350,6
7/18/2023 08:52,25.6,18.9,66.56,0,NaN,,9,,330,6
7/18/2023 09:52,27.8,18.92,58.49,0,29.01,,9,,330,7
7/18/2023 10:52,28.9,18.33,52.86,0,29.88,,6,,0,6
7/18/2023 11:52,29.4,17.84,49.77,0,30.16,,9,26,320,7
7/18/2023 12:52,30,17.84,48.09,0,30.76,,6,,0,10
7/18/2023 13:52,30,17.24,46.3,0,30.5,,17,,290,6
7/18/2023 14:52,30.6,16.16,41.72,0,30.64,,7,,0,10
7/18/2023 15:52,31.1,15.67,39.28,0,30.94,,17,28,290,9
7/18/2023 16:52,31.7,16.18,39.2,0,31.72,,15,,330,10
7/18/2023 17:52,31.1,17.26,43.48,0,31.59,,0,,0,10
7/18/2023 18:52,30.6,17.25,44.74,0,31.09,,11,,180,10
7/18/2023 19:52,28.3,17.82,53.04,0,29.1,,7,,200,10
7/18/2023 20:52,26.7,17.81,58.23,0,27.61,,7,,200,10
7/18/2023 21:52,25,18.9,68.97,0,NaN,,6,,170,10
7/18/2023 22:52,25.6,19.4,68.66,0,NaN,,7,,170,10
7/18/2023 23:52,25,19.4,71.15,0,NaN,,9,,160,10
7/19/2023 00:52,25.6,19.4,68.66,0,NaN,,7,,170,10
7/19/2023 01:52,23.3,21.1,87.49,177.8,NaN,,9,,130,7
7/19/2023 02:52,22.8,21.1,90.17,177.8,NaN,,7,,70,7
7/19/2023 03:52,22.8,21.1,90.17,0,NaN,,0,,0,10
7/19/2023 04:52,22.8,21.1,90.17,0,NaN,,0,,0,10
7/19/2023 05:52,21.7,20.6,93.48,609.6,NaN,,7,,240,7
7/19/2023 06:52,21.1,20,93.45,1447.8,NaN,,7,,120,4
7/19/2023 07:52,21.7,20.6,93.48,25.4,NaN,,0,,0,10
7/19/2023 08:52,22.8,21.1,90.17,0,NaN,,0,,0,10
7/19/2023 09:52,25,21.1,79.02,0,NaN,,7,,220,10
7/19/2023 10:52,25.6,22.2,81.55,0,NaN,,6,,200,10
7/19/2023 11:52,29.4,20.63,59.24,0,31.6,,6,,0,10
7/19/2023 12:52,30.6,20.04,53.29,0,32.59,,0,,0,10
7/19/2023 13:52,30.6,20.04,53.29,0,32.59,,0,,0,10
7/19/2023 14:52,31.1,20.05,51.8,0,33.15,,6,,150,10
7/19/2023 15:52,32.2,20.66,50.51,0,34.86,,9,,70,10
7/19/2023 16:52,31.7,20.06,50.07,0,33.84,,11,,310,10
7/19/2023 17:52,31.1,20.05,51.8,0,33.15,,0,,0,10
7/19/2023 18:52,31.1,18.95,48.38,0,32.47,,9,,270,10
7/19/2023 19:52,30,19.44,53.14,0,31.56,,7,,290,10
7/19/2023 20:52,26.7,21.71,74.14,0,28.65,,9,,190,10
7/19/2023 21:52,25.6,22.2,81.55,0,NaN,,6,,180,10
7/19/2023 22:52,25,22.2,84.51,0,NaN,,6,,230,10
7/19/2023 23:52,24.4,20.6,79.42,0,NaN,,6,,220,10
7/20/2023 00:52,23.3,19.39,78.77,0,NaN,,0,,0,10
7/20/2023 01:52,24.4,18.29,68.85,0,NaN,,11,,340,10
7/20/2023 02:52,22.2,18.29,78.61,0,NaN,,7,,270,10
7/20/2023 03:52,21.7,18.89,84.14,0,NaN,,0,,0,10
7/20/2023 04:52,22.8,18.29,75.81,0,NaN,,9,,330,10
7/20/2023 05:52,21.1,18.29,84.07,0,NaN,,0,,0,10
7/20/2023 06:52,21.7,18.89,84.14,0,NaN,,6,,270,10
7/20/2023 07:52,24.4,19.39,73.74,0,NaN,,7,,300,10
7/20/2023 08:52,26.1,18.9,64.62,0,NaN,,7,,310,10
7/20/2023 09:52,27.8,19.42,60.34,0,29.19,,7,,320,10
7/20/2023 10:52,29.4,19.43,55,0,30.92,,9,,320,10
7/20/2023 11:52,30.6,19.45,51.35,0,32.22,,9,,360,10
7/20/2023 12:52,30.6,19.45,51.35,0,32.22,,7,,80,10
7/20/2023 13:52,31.1,18.36,46.6,0,32.13,,6,,240,10
7/20/2023 14:52,31.7,17.87,43.65,0,32.5,,0,,0,10
7/20/2023 15:52,31.1,19.45,49.91,0,32.77,,6,,0,10
7/20/2023 16:52,31.1,19.45,49.91,0,32.77,,7,,180,10
7/20/2023 17:52,31.1,19.45,49.91,0,32.77,,9,,180,10
7/20/2023 18:52,30,19.44,53.14,0,31.56,,15,,160,10
7/20/2023 19:52,28.9,18.93,54.88,0,30.14,,13,,160,10
7/20/2023 20:52,27.2,18.91,60.58,0,28.38,,9,,160,10
7/20/2023 21:52,26.7,19.41,64.35,0,27.98,,9,,180,10
7/20/2023 22:52,25.6,19.4,68.66,0,NaN,,7,,160,10
7/20/2023 23:52,25.6,20.6,73.95,0,NaN,,9,,160,10
7/21/2023 00:52,25.6,21.7,79.1,0,NaN,,9,,170,10
7/21/2023 01:52,23.9,21.1,84.39,0,NaN,,6,,210,10
7/21/2023 02:52,24.4,21.7,84.96,0,NaN,,9,,220,10
7/21/2023 03:52,20,18.29,89.96,457.2,NaN,,19,,20,3
7/21/2023 04:52,20,17.79,87.18,152.4,NaN,,0,,0,10
7/21/2023 05:52,20,18.9,93.4,0,NaN,,0,,0,10
7/21/2023 06:52,20,18.29,89.96,0,NaN,,7,,310,10
7/21/2023 07:52,21.1,18.29,84.07,0,NaN,,13,,320,10
7/21/2023 08:52,22.8,18.89,78.7,0,NaN,,13,,310,10
7/21/2023 09:52,25,18.9,68.97,0,NaN,,9,,340,10
7/21/2023 10:52,27.2,18.31,58.35,0,28.21,,15,,310,10
7/21/2023 11:52,28.3,18.92,56.82,0,29.52,,28,37,300,10
7/21/2023 12:52,29.4,18.93,53.32,0,30.66,,17,35,310,10
7/21/2023 13:52,30,18.94,51.51,0,31.29,,15,31,290,10
7/21/2023 14:52,30.6,17.85,46.46,0,31.36,,15,,330,10
7/21/2023 15:52,30,17.84,48.09,0,30.76,,15,,360,10
7/21/2023 16:52,29.4,17.24,47.92,0,29.92,,17,,320,10
7/21/2023 17:52,29.4,17.84,49.77,0,30.16,,17,,320,10
7/21/2023 18:52,28.3,16.73,49.48,0,28.74,,13,,310,10
7/21/2023 19:52,27.8,16.72,50.94,0,28.31,,15,,320,10
7/21/2023 20:52,26.1,16.7,56.27,0,NaN,,13,,320,10
7/21/2023 21:52,25,16.7,60.06,0,NaN,,9,,310,10
7/21/2023 22:52,25,16.7,60.06,0,NaN,,7,,300,10
7/21/2023 23:52,22.8,17.19,70.74,0,NaN,,13,,300,10
7/22/2023 00:52,22.8,16.69,68.53,0,NaN,,11,,320,10
7/22/2023 01:52,22.2,16.08,68.41,0,NaN,,13,,330,10
7/22/2023 02:52,21.7,16.08,70.53,0,NaN,,11,,330,10
7/22/2023 03:52,21.1,16.08,73.16,0,NaN,,9,,330,10
7/22/2023 04:52,20,15.58,75.83,0,NaN,,7,,330,10
7/22/2023 05:52,20,15.58,75.83,0,NaN,,7,,300,10
7/22/2023 06:52,20.6,16.08,75.44,0,NaN,,9,,310,10
7/22/2023 07:52,21.7,16.08,70.53,0,NaN,,13,,310,10
7/22/2023 08:52,22.8,16.69,68.53,0,NaN,,13,,320,10
7/22/2023 09:52,25,16.7,60.06,0,NaN,,9,,360,10
7/22/2023 10:52,25.6,16.1,55.79,0,NaN,,7,,20,10
7/22/2023 11:52,26.1,16.11,54.17,0,NaN,,9,,0,10
7/22/2023 12:52,26.7,16.11,52.29,0,27.27,,11,,310,10
7/22/2023 13:52,28.3,15.63,46.13,0,28.43,,15,,320,10
7/22/2023 14:52,28.9,14.44,41.25,0,28.62,,11,,330,10
7/22/2023 15:52,28.9,14.44,41.25,0,28.62,,9,,340,10
7/22/2023 16:52,29.4,14.44,40.07,0,29.03,,7,,250,10
7/22/2023 17:52,29.4,13.95,38.8,0,28.91,,7,,0,10
7/22/2023 18:52,28.3,15.63,46.13,0,28.43,,6,,70,10
7/22/2023 19:52,26.1,15.6,52.46,0,NaN,,9,,100,10
7/22/2023 20:52,22.8,16.09,65.97,0,NaN,,0,,0,10
7/22/2023 21:52,21.1,16.68,76.01,0,NaN,,0,,0,10
7/22/2023 22:52,18.9,16.08,83.82,0,NaN,,7,,160,10
7/22/2023 23:52,20.6,16.08,75.44,0,NaN,,7,,140,10
7/23/2023 00:52,20,16.68,81.33,0,NaN,,6,,180,10
7/23/2023 01:52,17.8,16.09,89.8,0,NaN,,0,,0,10
7/23/2023 02:52,18.3,16.69,90.41,0,NaN,,0,,0,10
7/23/2023 03:52,17.8,16.09,89.8,0,NaN,,0,,0,10
7/23/2023 04:52,16.7,15.59,93.23,0,NaN,,0,,0,10
7/23/2023 05:52,17.2,15.59,90.33,0,NaN,,0,,0,10
7/23/2023 06:52,17.8,16.09,89.8,0,NaN,,0,,0,10
7/23/2023 07:52,21.1,17.79,81.48,0,NaN,,7,,210,10
7/23/2023 08:52,23.9,18.29,70.95,0,NaN,,9,,0,10
7/23/2023 09:52,26.7,18.31,60.08,0,27.72,,9,,0,10
7/23/2023 10:52,28.3,17.82,53.04,0,29.1,,6,,0,10
7/23/2023 11:52,30,17.84,48.09,0,30.76,,6,,0,10
7/23/2023 12:52,30,14.45,38.72,0,29.55,,9,,180,10
7/23/2023 13:52,30.6,16.76,43.35,0,30.88,,9,,0,10
7/23/2023 14:52,31.1,16.76,42.13,0,31.37,,13,37,160,10
7/23/2023 15:52,30.6,17.25,44.74,0,31.09,,15,,170,10
7/23/2023 16:52,30,16.75,44.86,0,30.3,,13,,170,10
7/23/2023 17:52,30.6,16.76,43.35,0,30.88,,15,,190,10
7/23/2023 18:52,29.4,17.24,47.92,0,29.92,,15,,170,10
7/23/2023 19:52,27.8,17.82,54.6,0,28.63,,11,,160,10
7/23/2023 20:52,26.7,17.81,58.23,0,27.61,,7,,160,10
7/23/2023 21:52,25.6,18.9,66.56,0,NaN,,7,,150,10
7/23/2023 22:52,24.4,19.39,73.74,0,NaN,,7,,160,10
7/23/2023 23:52,23.9,19.39,75.98,0,NaN,,6,,160,10
7/24/2023 00:52,23.3,19.39,78.77,0,NaN,,9,,170,10
7/24/2023 01:52,23.3,19.39,78.77,0,NaN,,9,,170,10
7/24/2023 02:52,23.9,19.39,75.98,0,NaN,,9,,160,10
7/24/2023 03:52,23.3,19.39,78.77,0,NaN,,9,,160,10
7/24/2023 04:52,23.3,19.99,81.76,0,NaN,,7,,190,10
7/24/2023 05:52,23.3,19.99,81.76,0,NaN,,9,,180,10
7/24/2023 06:52,22.8,19.99,84.26,0,NaN,,7,,170,10
7/24/2023 07:52,23.9,20.6,81.83,0,NaN,,11,,150,10
7/24/2023 08:52,25,20.6,76.63,0,NaN,,11,,130,10
7/24/2023 09:52,26.1,20,69.19,0,NaN,,13,,160,10
7/24/2023 10:52,27.2,21.71,72,0,29.39,,13,,130,10
7/24/2023 11:52,28.3,20.62,63.13,0,30.3,,13,,180,10
7/24/2023 12:52,29.4,20.63,59.24,0,31.6,,15,28,170,10
7/24/2023 13:52,29.4,20.03,57.09,0,31.24,,20,35,150,10
7/24/2023 14:52,30,19.44,53.14,0,31.56,,17,31,150,10
7/24/2023 15:52,30.6,20.64,55.3,0,32.99,,13,,160,10
7/24/2023 16:52,30.6,20.64,55.3,0,32.99,,13,,170,10
7/24/2023 17:52,30,20.63,57.23,0,32.3,,11,,150,10
7/24/2023 18:52,29.4,20.63,59.24,0,31.6,,13,,160,10
7/24/2023 19:52,28.3,20.62,63.13,0,30.3,,11,,160,10
7/24/2023 20:52,26.7,21.11,71.47,0,28.46,,11,,160,10
7/24/2023 21:52,26.1,21.7,76.8,0,NaN,,13,,170,10
7/24/2023 22:52,25,21.7,81.97,0,NaN,,9,,170,10
7/24/2023 23:52,25,22.2,84.51,0,NaN,,11,,170,10
7/25/2023 00:52,25,22.2,84.51,0,NaN,,7,,170,10
7/25/2023 01:52,23.9,22.2,90.25,2.54,NaN,,7,,160,10
7/25/2023 02:52,23.3,21.7,90.75,0,NaN,,6,,160,10
7/25/2023 03:52,22.8,21.7,93.54,0,NaN,,6,,160,10
7/25/2023 04:52,23.3,21.7,90.75,0,NaN,,6,,180,10
7/25/2023 05:52,23.3,22.2,93.56,0,NaN,,6,,220,10
7/25/2023 06:52,22.8,21.7,93.54,0,NaN,,7,,190,4
7/25/2023 07:52,23.3,21.7,90.75,0,NaN,,0,,0,6
7/25/2023 08:52,24.4,21.7,84.96,0,NaN,,7,,260,6
7/25/2023 09:52,26.1,21.7,76.8,0,NaN,,0,,0,7
7/25/2023 10:52,28.9,21.72,65.22,0,31.69,,0,,0,10
7/25/2023 11:52,30.6,20.64,55.3,0,32.99,,9,,0,10
7/25/2023 12:52,31.1,20.65,53.75,0,33.57,,0,,0,10
7/25/2023 13:52,30.6,18.35,47.95,0,31.61,,6,,0,10
7/25/2023 14:52,32.2,17.28,40.86,0,32.73,,13,28,320,10
7/25/2023 15:52,31.7,16.77,40.72,0,31.98,,13,,270,10
7/25/2023 16:52,33.3,17.89,39.89,0,34.24,,11,,0,10
7/25/2023 17:52,32.2,16.78,39.59,0,32.49,,11,,330,10
7/25/2023 18:52,29.4,17.24,47.92,2.54,29.92,,15,,40,10
7/25/2023 19:52,25.6,18.9,66.56,2.54,NaN,,15,,260,10
7/25/2023 20:52,22.8,19.39,81.19,2.54,NaN,,0,,0,10
7/25/2023 21:52,22.2,19.39,84.2,0,NaN,,0,,0,10
7/25/2023 22:52,22.2,18.89,81.62,0,NaN,,0,,0,10
7/25/2023 23:52,21.7,19.39,86.8,0,NaN,,0,,0,10
7/26/2023 00:52,21.1,19.39,90.04,0,NaN,,0,,0,10
7/26/2023 01:52,20,19.4,96.35,0,NaN,,0,,0,10
7/26/2023 02:52,19.4,18.29,93.37,0,NaN,,6,,300,10
7/26/2023 03:52,19.4,18.29,93.37,0,NaN,,0,,0,10
7/26/2023 04:52,18.9,18.3,96.32,0,NaN,,7,,190,10
7/26/2023 05:52,19.4,18.29,93.37,0,NaN,,0,,0,4
7/26/2023 06:52,19.4,18.9,96.94,0,NaN,,0,,0,7
7/26/2023 07:52,22.2,19.99,87.39,0,NaN,,0,,0,10
7/26/2023 08:52,24.4,21.1,81.9,0,NaN,,0,,0,10
7/26/2023 09:52,27.2,20.61,67.3,0,28.95,,0,,0,10
7/26/2023 10:52,28.9,21.12,62.87,0,31.31,,0,,0,10
7/26/2023 11:52,30,20.04,55.15,0,31.91,,7,,0,10
7/26/2023 12:52,31.1,20.05,51.8,0,33.15,,9,,180,10
7/26/2023 13:52,31.7,19.46,48.24,0,33.43,,7,,0,10
7/26/2023 14:52,32.2,20.06,48.67,0,34.41,,11,28,150,10
7/26/2023 15:52,32.8,20.08,47.06,0,35.11,,9,,200,10
7/26/2023 16:52,31.7,20.06,50.07,0,33.84,,13,31,150,10
7/26/2023 17:52,32.2,21.16,52.08,0,35.27,,17,,150,10
7/26/2023 18:52,31.1,21.15,55.43,0,33.95,,15,,170,10
7/26/2023 19:52,30,21.13,59.02,0,32.64,,15,,170,10
7/26/2023 20:52,27.8,23.31,76.6,0,31.13,,9,,160,10
7/26/2023 21:52,27.8,23.31,76.6,0,31.13,,13,,170,10
7/26/2023 22:52,27.2,23.9,82.24,0,30.43,,13,,170,10
7/26/2023 23:52,26.7,23.9,84.69,0,29.46,,11,,190,10
7/27/2023 00:52,25.6,23.9,90.36,0,NaN,,9,,170,10
7/27/2023 01:52,25,23.9,93.64,0,NaN,,9,,190,10
7/27/2023 02:52,25,23.9,93.64,0,NaN,,13,,180,10
7/27/2023 03:52,25,23.3,90.32,0,NaN,,11,,190,10
7/27/2023 04:52,24.4,22.8,90.83,0,NaN,,11,,190,10
7/27/2023 05:52,24.4,22.2,87.58,0,NaN,,13,,190,10
7/27/2023 06:52,25,21.7,81.97,0,NaN,,13,,200,10
7/27/2023 07:52,25.6,21.7,79.1,0,NaN,,13,,190,10
7/27/2023 08:52,27.8,22.21,71.67,0,30.49,,17,,190,10
7/27/2023 09:52,28.9,22.22,67.24,0,32.03,,22,,210,10
7/27/2023 10:52,29.4,22.82,67.75,0,33.16,,15,,210,10
7/27/2023 11:52,30.6,22.83,63.25,0,34.78,,15,,190,10
7/27/2023 12:52,31.1,22.84,61.47,0,35.44,,19,,210,10
7/27/2023 13:52,33.3,22.87,54.31,0,38.27,,15,,220,10
7/27/2023 14:52,35,21.8,46.22,0,39.26,,17,,200,10
7/27/2023 15:52,36.1,21.23,41.94,0,40.05,,22,33,210,10
7/27/2023 16:52,36.1,21.23,41.94,0,40.05,,22,39,230,10
7/27/2023 17:52,31.7,20.65,51.95,0,34.27,,17,30,10,10
7/27/2023 18:52,25,19.4,71.15,177.8,NaN,,9,31,360,6
7/27/2023 19:52,25,22.8,87.64,2.54,NaN,,11,,220,10
7/27/2023 20:52,24.4,22.2,87.58,0,NaN,,6,,210,10
7/27/2023 21:52,23.3,21.7,90.75,0,NaN,,7,,130,10
7/27/2023 22:52,23.3,21.7,90.75,0,NaN,,6,,180,10
7/27/2023 23:52,22.8,21.7,93.54,0,NaN,,0,,0,10
7/28/2023 00:52,23.3,21.7,90.75,0,NaN,,0,,0,10
7/28/2023 01:52,22.8,21.7,93.54,0,NaN,,0,,0,10
7/28/2023 02:52,22.8,21.7,93.54,0,NaN,,0,,0,10
7/28/2023 03:52,23.3,22.2,93.56,0,NaN,,0,,0,10
7/28/2023 04:52,22.8,21.7,93.54,0,NaN,,0,,0,10
7/28/2023 05:52,22.8,21.7,93.54,0,NaN,,0,,0,10
7/28/2023 06:52,23.3,22.2,93.56,0,NaN,,0,,0,10
7/28/2023 07:52,26.7,23.9,84.69,0,29.46,,0,,0,10
7/28/2023 08:52,30,23.33,67.46,0,34.44,,0,,0,10
7/28/2023 09:52,31.7,22.85,59.42,0,36.22,,0,,0,10
7/28/2023 10:52,32.8,22.86,55.85,0,37.63,,6,,320,10
7/28/2023 11:52,33.9,21.78,49.12,0,37.89,,6,,0,10
7/28/2023 12:52,35,22.3,47.65,0,39.78,,9,,0,10
7/28/2023 13:52,34.4,22.29,49.25,0,39.02,,7,,210,10
7/28/2023 14:52,36.7,22.33,43.4,0,41.95,,11,,220,10
7/28/2023 15:52,36.1,22.91,46.51,0,41.86,,6,,150,10
7/28/2023 16:52,35.6,23.4,49.27,0,41.82,,15,,150,10
7/28/2023 17:52,31.1,25.03,70.14,25.4,37.91,,15,,160,9
7/28/2023 18:52,28.3,21.72,67.53,0,30.9,,13,,340,10
7/28/2023 19:52,27.2,21.11,69.4,0,29.14,,15,,240,10
7/28/2023 20:52,24.4,22.8,90.83,76.2,NaN,,9,,160,7
7/28/2023 21:52,23.9,21.7,87.54,2.54,NaN,,0,,0,10
7/28/2023 22:52,24.4,21.7,84.96,0,NaN,,6,,250,10
7/28/2023 23:52,24.4,21.7,84.96,2.54,NaN,,6,,290,10
7/29/2023 00:52,23.9,22.2,90.25,2.54,NaN,,9,,200,10
7/29/2023 01:52,22.8,21.7,93.54,0,NaN,,7,,180,10
7/29/2023 02:52,22.8,21.7,93.54,0,NaN,,7,,180,10
7/29/2023 03:52,22.8,21.7,93.54,0,NaN,,15,,210,10
7/29/2023 04:52,22.8,21.7,93.54,0,NaN,,7,,180,10
7/29/2023 05:52,22.2,20.6,90.68,0,NaN,,7,,200,10
7/29/2023 06:52,22.8,20.6,87.44,0,NaN,,9,,200,10
7/29/2023 07:52,23.9,21.1,84.39,0,NaN,,11,,190,10
7/29/2023 08:52,25.6,21.7,79.1,0,NaN,,6,,210,10
7/29/2023 09:52,27.8,22.21,71.67,0,30.49,,6,,220,10
7/29/2023 10:52,31.1,22.24,59.28,0,34.88,,7,,190,10
7/29/2023 11:52,32.8,22.26,53.85,0,37.01,,15,,200,10
7/29/2023 12:52,33.9,22.28,50.64,0,38.39,,13,35,210,10
7/29/2023 13:52,35.6,22.31,46.1,0,40.54,,15,39,230,10
7/29/2023 14:52,36.1,22.32,44.85,0,41.18,,20,37,240,10
7/29/2023 15:52,35.6,23.4,49.27,0,41.82,,24,43,200,10
7/29/2023 16:52,26.1,23.3,84.63,635,NaN,,11,31,270,8
7/29/2023 17:52,29.4,24.42,74.59,2.54,34.61,,9,,180,10
7/29/2023 18:52,33.3,19.49,44.09,0,35.25,,30,41,300,10
7/29/2023 19:52,29.4,18.93,53.32,0,30.66,,26,52,330,10
7/29/2023 20:52,28.3,18.32,54.73,0,29.29,,19,35,320,10
7/29/2023 21:52,27.2,18.31,58.35,0,28.21,,19,,320,10
7/29/2023 22:52,26.1,17.8,60.32,0,NaN,,15,,300,10
7/29/2023 23:52,25.6,18.3,64.11,0,NaN,,9,,310,10
7/30/2023 00:52,25,18.3,66.43,0,NaN,,13,,300,10
7/30/2023 01:52,25,18.3,66.43,0,NaN,,15,,330,10
7/30/2023 02:52,24.4,18.89,71.48,0,NaN,,20,,350,10
7/30/2023 03:52,23.9,18.29,70.95,0,NaN,,20,,340,10
7/30/2023 04:52,23.3,18.29,73.55,0,NaN,,15,,10,10
7/30/2023 05:52,21.1,17.19,78.45,0,NaN,,6,,360,10
7/30/2023 06:52,22.2,17.19,73.36,0,NaN,,9,,310,10
7/30/2023 07:52,23.3,15.59,62,0,NaN,,19,,340,10
7/30/2023 08:52,24.4,15.59,58.04,0,NaN,,17,,360,10
7/30/2023 09:52,25.6,15,52,0,NaN,,11,,360,10
7/30/2023 10:52,26.7,14.41,46.88,0,26.65,,9,,40,10
7/30/2023 11:52,27.8,13.92,42.56,0,27.66,,13,,30,10
7/30/2023 12:52,28.3,13.33,39.76,0,27.91,,11,,360,10
7/30/2023 13:52,29.4,14.44,40.07,0,29.03,,11,,0,10
7/30/2023 14:52,28.9,13.94,39.93,0,28.5,,7,26,250,10
7/30/2023 15:52,31.1,15.07,37.8,0,30.73,,7,,0,10
7/30/2023 16:52,30.6,14.46,37.41,0,30.08,,9,,0,10
7/30/2023 17:52,30,12.86,34.89,0,29.16,,9,,20,10
7/30/2023 18:52,29.4,13.95,38.8,0,28.91,,11,,30,10
7/30/2023 19:52,27.8,12.83,39.62,0,27.47,,13,,60,10
7/30/2023 20:52,25,13.9,50.19,0,NaN,,7,,110,10
7/30/2023 21:52,23.9,14.39,55.36,0,NaN,,9,,110,10
7/30/2023 22:52,23.3,14.99,59.66,0,NaN,,6,,140,10
7/30/2023 23:52,22.2,16.68,71.07,0,NaN,,7,,130,10
7/31/2023 00:52,23.9,17.19,66.2,0,NaN,,13,,20,10
7/31/2023 01:52,22.8,15.59,63.9,2.54,NaN,,15,31,10,10
7/31/2023 02:52,20,17.79,87.18,228.6,NaN,,0,,0,10
7/31/2023 03:52,19.4,18.29,93.37,2.54,NaN,,0,,0,10
7/31/2023 04:52,19.4,18.29,93.37,2.54,NaN,,13,,320,10
7/31/2023 05:52,19.4,17.19,87.13,0,NaN,,11,,340,10
7/31/2023 06:52,20,17.79,87.18,0,NaN,,7,,270,10
7/31/2023 07:52,21.1,17.19,78.45,0,NaN,,7,,330,10
7/31/2023 08:52,23.3,17.19,68.63,0,NaN,,11,,330,10
7/31/2023 09:52,25,17.2,61.99,0,NaN,,11,,320,10
7/31/2023 10:52,26.1,16.11,54.17,0,NaN,,13,,350,10
7/31/2023 11:52,27.2,15.61,49.18,0,27.56,,11,28,350,10
7/31/2023 12:52,27.8,15.62,47.49,0,28.03,,17,33,340,10
7/31/2023 13:52,28.9,15.04,42.87,0,28.77,,17,,320,10
7/31/2023 14:52,28.9,14.44,41.25,0,28.62,,15,,320,10
7/31/2023 15:52,29.4,12.25,34.72,0,28.55,,15,33,350,10
7/31/2023 16:52,29.4,10.66,31.24,0,28.29,,19,,310,10
7/31/2023 17:52,28.9,11.14,33.23,0,27.99,,9,33,340,10
7/31/2023 18:52,28.3,11.14,34.41,0,27.56,,19,,350,10
7/31/2023 19:52,27.2,10.02,34.09,0,26.72,,15,,340,10
7/31/2023 20:52,26.1,11.11,39.14,0,NaN,,11,,10,10
7/31/2023 21:52,24.4,11.69,45.04,0,NaN,,9,,30,10
7/31/2023 22:52,20,13.27,65.36,0,NaN,,9,,320,10
7/31/2023 23:52,21.1,12.77,59.12,0,NaN,,9,,310,10
8/1/2023 00:52,17.8,13.27,74.97,0,NaN,,0,,0,10
8/1/2023 01:52,17.2,13.27,77.86,0,NaN,,0,,0,10
8/1/2023 02:52,17.8,13.27,74.97,0,NaN,,9,,310,10
8/1/2023 03:52,17.2,12.77,75.36,0,NaN,,6,,310,10
8/1/2023 04:52,16.7,12.77,77.79,0,NaN,,6,,280,10
8/1/2023 05:52,16.1,12.78,80.81,0,NaN,,6,,340,10
8/1/2023 06:52,17.8,13.27,74.97,0,NaN,,11,,320,8
8/1/2023 07:52,18.9,13.87,72.77,0,NaN,,7,,330,10
8/1/2023 08:52,21.7,14.38,63.24,0,NaN,,9,,310,10
8/1/2023 09:52,23.3,13.88,55.57,0,NaN,,15,,340,10
8/1/2023 10:52,23.9,13.89,53.6,0,NaN,,17,,340,10
8/1/2023 11:52,25,14.4,51.84,0,NaN,,13,,360,10
8/1/2023 12:52,26.1,13.3,45.22,0,NaN,,13,,360,10
8/1/2023 13:52,26.1,13.9,47.02,0,NaN,,7,,0,10
8/1/2023 14:52,26.1,13.3,45.22,0,NaN,,9,,50,10
8/1/2023 15:52,27.2,13.32,42.39,0,27.14,,9,,350,10
8/1/2023 16:52,27.2,12.82,41.03,0,27.07,,9,,0,10
8/1/2023 17:52,26.7,12.21,40.62,0,26.49,,15,,10,10
8/1/2023 18:52,26.1,11.71,40.72,0,NaN,,7,,10,10
8/1/2023 19:52,24.4,11.69,45.04,0,NaN,,9,,50,10
8/1/2023 20:52,20.6,13.87,65.49,0,NaN,,6,,140,10
8/1/2023 21:52,20.6,14.38,67.65,0,NaN,,6,,90,10
8/1/2023 22:52,19.4,14.38,72.86,0,NaN,,7,,150,10
8/1/2023 23:52,18.9,14.98,78.12,0,NaN,,0,,0,10
8/2/2023 00:52,17.8,15.59,86.98,0,NaN,,0,,0,10
8/2/2023 01:52,16.7,14.99,89.71,0,NaN,,0,,0,10
8/2/2023 02:52,16.1,14.39,89.67,0,NaN,,0,,0,10
8/2/2023 03:52,16.7,14.38,86.31,0,NaN,,6,,310,10
8/2/2023 04:52,15.6,13.89,89.63,0,NaN,,6,,300,10
8/2/2023 05:52,16.1,13.88,86.81,0,NaN,,6,,320,10
8/2/2023 06:52,16.1,13.88,86.81,0,NaN,,7,,320,10
8/2/2023 07:52,18.3,14.98,81.11,0,NaN,,7,,320,10
8/2/2023 08:52,21.1,13.87,63.51,0,NaN,,0,,0,10
8/2/2023 09:52,23.3,14.38,57.39,0,NaN,,0,,0,10
8/2/2023 10:52,25,14.4,51.84,0,NaN,,6,,0,10
8/2/2023 11:52,26.7,14.41,46.88,0,26.65,,0,,0,10
8/2/2023 12:52,26.1,13.9,47.02,0,NaN,,7,,90,10
8/2/2023 13:52,27.8,12.23,38.09,0,27.37,,6,,10,10
8/2/2023 14:52,27.8,12.23,38.09,0,27.37,,6,,0,10
8/2/2023 15:52,28.3,13.33,39.76,0,27.91,,7,,90,10
8/2/2023 16:52,27.8,12.83,39.62,0,27.47,,9,,220,8
8/2/2023 17:52,27.8,13.92,42.56,0,27.66,,6,,170,10
8/2/2023 18:52,26.7,14.41,46.88,0,26.65,,13,,160,10
8/2/2023 19:52,25.6,14.4,50.03,0,NaN,,9,,160,10
8/2/2023 20:52,24.4,15.59,58.04,0,NaN,,15,,130,10
8/2/2023 21:52,22.8,15.59,63.9,0,NaN,,11,,140,10
8/2/2023 22:52,22.8,16.09,65.97,0,NaN,,11,,160,10
8/2/2023 23:52,22.2,15.58,66.26,0,NaN,,9,,170,10
8/3/2023 00:52,22.2,14.98,63.76,0,NaN,,13,,170,10
8/3/2023 01:52,20.6,14.98,70.32,0,NaN,,6,,240,10
8/3/2023 02:52,18.9,14.98,78.12,0,NaN,,9,,160,10
8/3/2023 03:52,18.9,14.98,78.12,0,NaN,,7,,150,10
8/3/2023 04:52,18.3,15.58,84.29,0,NaN,,9,,150,10
8/3/2023 05:52,19.4,15.58,78.7,0,NaN,,11,,160,10
8/3/2023 06:52,19.4,15.58,78.7,0,NaN,,11,,160,10
8/3/2023 07:52,21.1,15.58,70.86,0,NaN,,15,,180,10
8/3/2023 08:52,21.7,16.08,70.53,0,NaN,,13,,180,10
8/3/2023 09:52,23.9,16.69,64.14,0,NaN,,13,,170,10
8/3/2023 10:52,24.4,17.19,64.25,0,NaN,,15,,190,10
8/3/2023 11:52,25.6,17.8,62.13,0,NaN,,15,,170,10
8/3/2023 12:52,25.6,17.8,62.13,0,NaN,,15,,170,10
8/3/2023 13:52,26.1,17.8,60.32,0,NaN,,15,35,160,10
8/3/2023 14:52,25,19.4,71.15,2.54,NaN,,24,,210,10
8/3/2023 15:52,23.3,19.99,81.76,2.54,NaN,,24,39,180,10
8/3/2023 16:52,21.7,19.39,86.8,2.54,NaN,,13,,160,7
8/3/2023 17:52,21.7,19.39,86.8,25.4,NaN,,24,37,180,7
8/3/2023 18:52,20.6,18.89,90.01,50.8,NaN,,13,,190,6
8/3/2023 19:52,20,18.9,93.4,2.54,NaN,,26,39,200,8
8/3/2023 20:52,20,17.79,87.18,2.54,NaN,,20,,190,10
8/3/2023 21:52,19.4,17.79,90.49,0,NaN,,15,,180,10
8/3/2023 22:52,19.4,17.19,87.13,0,NaN,,11,,170,10
8/3/2023 23:52,18.9,17.79,93.34,50.8,NaN,,11,,170,4
8/4/2023 00:52,19.4,17.79,90.49,25.4,NaN,,13,,170,5
8/4/2023 01:52,19.4,17.79,90.49,2.54,NaN,,13,,170,7
8/4/2023 02:52,19.4,17.79,90.49,0,NaN,,9,,170,7
8/4/2023 03:52,19.4,17.79,90.49,0,NaN,,13,,180,7
8/4/2023 04:52,19.4,18.29,93.37,0,NaN,,6,,170,6
8/4/2023 05:52,19.4,18.29,93.37,2.54,NaN,,7,,180,4
8/4/2023 06:52,19.4,18.29,93.37,2.54,NaN,,7,,210,4
8/4/2023 07:52,20,18.29,89.96,2.54,NaN,,11,,190,3
8/4/2023 08:52,20.6,18.29,86.69,0,NaN,,13,,200,5
8/4/2023 09:52,21.1,18.29,84.07,0,NaN,,7,,230,7
8/4/2023 10:52,22.2,18.29,78.61,0,NaN,,11,,200,10
8/4/2023 11:52,22.8,18.29,75.81,0,NaN,,11,,230,10
8/4/2023 12:52,23.3,18.29,73.55,0,NaN,,0,,0,10
8/4/2023 13:52,25.6,18.9,66.56,0,NaN,,7,,170,10
8/4/2023 14:52,27.2,19.41,62.49,0,28.54,,9,,0,10
8/4/2023 15:52,27.8,19.42,60.34,0,29.19,,9,,0,10
8/4/2023 16:52,27.8,19.42,60.34,0,29.19,,9,,0,10
8/4/2023 17:52,27.8,19.42,60.34,0,29.19,,7,,0,10
8/4/2023 18:52,27.2,19.41,62.49,0,28.54,,9,,140,10
8/4/2023 19:52,25.6,19.4,68.66,0,NaN,,9,,170,10
8/4/2023 20:52,23.9,19.39,75.98,0,NaN,,9,,170,10
8/4/2023 21:52,21.7,18.89,84.14,0,NaN,,6,,170,10
8/4/2023 22:52,22.8,19.99,84.26,2.54,NaN,,0,,0,6
8/4/2023 23:52,21.7,20.6,93.48,101.6,NaN,,7,,170,10
8/5/2023 00:52,21.7,20.6,93.48,0,NaN,,0,,0,10
8/5/2023 01:52,21.1,20,93.45,0,NaN,,0,,0,10
8/5/2023 02:52,21.7,20.6,93.48,0,NaN,,0,,0,10
8/5/2023 03:52,21.7,20.6,93.48,0,NaN,,9,,320,10
8/5/2023 04:52,21.7,20.6,93.48,0,NaN,,7,,340,10
8/5/2023 05:52,20.6,19.4,92.85,0,NaN,,9,,30,10
8/5/2023 06:52,20,18.9,93.4,0,NaN,,7,,20,8
8/5/2023 07:52,21.7,20,90.09,0,NaN,,7,,340,9
8/5/2023 08:52,23.9,19.99,78.86,0,NaN,,7,,350,10
8/5/2023 09:52,25,20,73.85,0,NaN,,13,,320,10
8/5/2023 10:52,25,20,73.85,0,NaN,,11,,30,10
8/5/2023 11:52,27.2,20.61,67.3,0,28.95,,9,,360,10
8/5/2023 12:52,28.3,20.62,63.13,0,30.3,,9,,40,10
8/5/2023 13:52,29.4,19.43,55,0,30.92,,9,,0,10
8/5/2023 14:52,30,18.34,49.62,0,30.99,,9,,40,10
8/5/2023 15:52,29.4,17.84,49.77,0,30.16,,9,,60,10
8/5/2023 16:52,30,16.15,43.18,0,30.08,,7,,0,10
8/5/2023 17:52,30,17.24,46.3,0,30.5,,9,,50,10
8/5/2023 18:52,28.3,17.82,53.04,0,29.1,,9,,110,10
8/5/2023 19:52,27.8,17.82,54.6,0,28.63,,6,,100,10
8/5/2023 20:52,23.9,18.29,70.95,0,NaN,,0,,0,10
8/5/2023 21:52,22.8,18.29,75.81,0,NaN,,9,,0,10
8/5/2023 22:52,23.3,18.89,76.36,0,NaN,,6,,150,10
8/5/2023 23:52,22.8,17.79,73.46,0,NaN,,7,,170,10
8/6/2023 00:52,22.8,18.29,75.81,0,NaN,,7,,180,10
8/6/2023 01:52,21.7,18.89,84.14,0,NaN,,0,,0,10
8/6/2023 02:52,21.1,19.39,90.04,0,NaN,,0,,0,10
8/6/2023 03:52,20.6,19.4,92.85,0,NaN,,0,,0,10
8/6/2023 04:52,20.6,18.89,90.01,0,NaN,,7,,150,10
8/6/2023 05:52,19.4,18.9,96.94,0,NaN,,0,,0,10
8/6/2023 06:52,20,18.9,93.4,0,NaN,,6,,130,8
8/6/2023 07:52,22.8,21.1,90.17,0,NaN,,0,,0,10
8/6/2023 08:52,25,21.1,79.02,0,NaN,,6,,150,10
8/6/2023 09:52,27.2,21.11,69.4,0,29.14,,11,,200,10
8/6/2023 10:52,28.3,20.62,63.13,0,30.3,,15,,150,10
8/6/2023 11:52,30,20.63,57.23,0,32.3,,19,,150,10
8/6/2023 12:52,31.7,20.65,51.95,0,34.27,,20,30,190,10
8/6/2023 13:52,32.2,22.26,55.7,0,36.26,,22,33,170,10
8/6/2023 14:52,32.2,22.85,57.76,0,36.86,,15,28,170,10
8/6/2023 15:52,31.7,22.25,57.29,0,35.63,,15,31,170,10
8/6/2023 16:52,30.6,22.83,63.25,2.54,34.78,,15,,150,10
8/6/2023 17:52,28.9,23.32,71.87,50.8,32.85,,13,,150,10
8/6/2023 18:52,23.3,22.2,93.56,330.2,NaN,,11,,150,7
8/6/2023 19:52,23.9,22.2,90.25,2.54,NaN,,11,,150,10
8/6/2023 20:52,23.9,22.8,93.59,0,NaN,,9,,170,10
8/6/2023 21:52,24.4,23.3,93.61,2.54,NaN,,9,,160,10
8/6/2023 22:52,24.4,22.8,90.83,25.4,NaN,,19,,190,10
8/6/2023 23:52,24.4,22.8,90.83,0,NaN,,13,,180,10
8/7/2023 00:52,23.9,22.2,90.25,0,NaN,,13,,170,10
8/7/2023 01:52,23.3,22.2,93.56,0,NaN,,11,,180,10
8/7/2023 02:52,23.3,21.7,90.75,0,NaN,,13,,170,10
8/7/2023 03:52,23.3,22.2,93.56,0,NaN,,13,,170,10
8/7/2023 04:52,23.9,21.7,87.54,0,NaN,,15,,190,10
8/7/2023 05:52,23.9,21.7,87.54,0,NaN,,17,,200,10
8/7/2023 06:52,23.3,21.7,90.75,0,NaN,,11,,210,10
8/7/2023 07:52,23.9,21.7,87.54,0,NaN,,17,,210,10
8/7/2023 08:52,23.9,21.7,87.54,0,NaN,,11,,210,10
8/7/2023 09:52,25,21.7,81.97,0,NaN,,13,,200,10
8/7/2023 10:52,27.2,22.81,76.97,0,29.87,,15,,210,10
8/7/2023 11:52,29.4,23.32,69.82,0,33.58,,17,,190,10
8/7/2023 12:52,30,22.83,65.45,0,33.98,,19,,200,10
8/7/2023 13:52,31.7,23.34,61.24,0,36.74,,26,33,190,10
8/7/2023 14:52,32.2,23.35,59.53,0,37.4,,19,,170,10
8/7/2023 15:52,32.8,22.86,55.85,0,37.63,,30,43,180,10
8/7/2023 16:52,31.1,22.24,59.28,0,34.88,,19,37,190,10
8/7/2023 17:52,21.1,20,93.45,1143,NaN,,11,,210,2
8/7/2023 18:52,21.7,19.39,86.8,25.4,NaN,,7,,280,10
8/7/2023 19:52,21.7,20,90.09,50.8,NaN,,6,,260,7
8/7/2023 20:52,21.1,20,93.45,127,NaN,,6,,200,7
8/7/2023 21:52,21.7,20.6,93.48,2.54,NaN,,6,,120,10
8/7/2023 22:52,21.7,20.6,93.48,990.6,NaN,,31,,130,3
8/7/2023 23:52,21.7,20.6,93.48,25.4,NaN,,15,,180,7
8/8/2023 00:52,21.1,20,93.45,0,NaN,,0,,0,10
8/8/2023 01:52,21.1,20.6,96.98,0,NaN,,6,,180,6
8/8/2023 02:52,21.7,21.1,96.4,0,NaN,,7,,210,10
8/8/2023 03:52,21.7,21.1,96.4,0,NaN,,9,,290,9
8/8/2023 04:52,21.1,20.6,96.98,0,NaN,,7,,300,10
8/8/2023 05:52,21.1,19.39,90.04,0,NaN,,0,,0,10
8/8/2023 06:52,21.7,18.29,81.04,0,NaN,,17,,300,10
8/8/2023 07:52,21.7,16.68,73.27,0,NaN,,20,,300,10
8/8/2023 08:52,22.8,16.09,65.97,0,NaN,,13,,280,10
8/8/2023 09:52,24.4,15.59,58.04,0,NaN,,20,41,290,10
8/8/2023 10:52,25.6,15,52,0,NaN,,35,46,300,10
8/8/2023 11:52,26.1,14.41,48.57,0,NaN,,28,54,300,10
8/8/2023 12:52,27.2,15.01,47.32,0,27.44,,35,46,300,10
8/8/2023 13:52,26.7,15.01,48.73,0,27.08,,20,35,280,10
8/8/2023 14:52,28.3,15.03,44.39,0,28.28,,43,57,300,10
8/8/2023 15:52,28.9,15.63,44.55,0,28.93,,20,41,290,10
8/8/2023 16:52,29.4,15.64,43.29,0,29.37,,26,48,290,10
8/8/2023 17:52,29.4,14.44,40.07,0,29.03,,24,,290,10
8/8/2023 18:52,28.9,14.44,41.25,0,28.62,,22,35,290,10
8/8/2023 19:52,27.2,13.92,44.08,0,27.24,,9,,270,10
8/8/2023 20:52,26.1,13.9,47.02,0,NaN,,15,,260,10
8/8/2023 21:52,24.4,14.39,53.73,0,NaN,,9,,250,10
8/8/2023 22:52,25,14.4,51.84,0,NaN,,15,,280,10
8/8/2023 23:52,23.9,14.39,55.36,0,NaN,,9,,270,10
8/9/2023 00:52,22.8,14.38,59.15,0,NaN,,7,,270,10
8/9/2023 01:52,22.2,14.98,63.76,0,NaN,,15,,290,10
8/9/2023 02:52,22.2,14.98,63.76,0,NaN,,15,,280,10
8/9/2023 03:52,20.6,14.98,70.32,0,NaN,,7,,260,10
8/9/2023 04:52,18.9,14.98,78.12,0,NaN,,0,,0,10
8/9/2023 05:52,18.3,14.38,78.03,0,NaN,,0,,0,10
8/9/2023 06:52,18.9,14.98,78.12,0,NaN,,6,,240,10
8/9/2023 07:52,22.2,16.68,71.07,0,NaN,,6,,180,10
8/9/2023 08:52,24.4,17.19,64.25,0,NaN,,7,,190,10
8/9/2023 09:52,27.2,16.71,52.75,0,27.8,,11,,0,10
8/9/2023 10:52,28.3,16.73,49.48,0,28.74,,19,,290,10
8/9/2023 11:52,28.9,16.73,47.79,0,29.28,,22,31,290,10
8/9/2023 12:52,28.9,16.73,47.79,0,29.28,,15,,310,10
8/9/2023 13:52,28.9,16.73,47.79,0,29.28,,6,,220,10
8/9/2023 14:52,31.1,16.16,40.55,0,31.12,,7,,0,10
8/9/2023 15:52,31.1,16.76,42.13,0,31.37,,9,,250,10
8/9/2023 16:52,31.1,17.26,43.48,0,31.59,,13,,220,10
8/9/2023 17:52,30,17.84,48.09,0,30.76,,17,,210,10
8/9/2023 18:52,28.9,18.33,52.86,0,29.88,,13,,210,10
8/9/2023 19:52,27.8,18.32,56.34,0,28.8,,13,,210,10
8/9/2023 20:52,26.1,18.9,64.62,0,NaN,,7,,210,10
8/9/2023 21:52,24.4,18.89,71.48,0,NaN,,6,,180,10
8/9/2023 22:52,22.2,18.89,81.62,0,NaN,,6,,160,10
8/9/2023 23:52,23.3,18.89,76.36,0,NaN,,6,,180,10
8/10/2023 00:52,22.2,18.89,81.62,0,NaN,,0,,0,10
8/10/2023 01:52,21.7,18.89,84.14,0,NaN,,6,,180,10
8/10/2023 02:52,22.2,19.39,84.2,0,NaN,,6,,170,10
8/10/2023 03:52,22.2,19.39,84.2,0,NaN,,0,,0,10
8/10/2023 04:52,21.7,19.39,86.8,0,NaN,,6,,180,10
8/10/2023 05:52,22.2,19.39,84.2,0,NaN,,11,,200,10
8/10/2023 06:52,21.7,19.39,86.8,0,NaN,,0,,0,10
8/10/2023 07:52,22.8,19.99,84.26,0,NaN,,6,,140,10
8/10/2023 08:52,23.9,19.39,75.98,2.54,NaN,,15,,190,7
8/10/2023 09:52,23.9,19.99,78.86,0,NaN,,11,,180,7
8/10/2023 10:52,24.4,20.6,79.42,2.54,NaN,,9,,220,7
8/10/2023 11:52,25,21.1,79.02,25.4,NaN,,7,,190,10
8/10/2023 12:52,25.6,21.1,76.26,0,NaN,,11,,210,10
8/10/2023 13:52,27.2,21.71,72,2.54,29.39,,17,,210,10
8/10/2023 14:52,27.2,21.11,69.4,2.54,29.14,,17,,220,10
8/10/2023 15:52,28.9,21.12,62.87,2.54,31.31,,20,31,210,10
8/10/2023 16:52,25.6,22.2,81.55,2.54,NaN,,22,33,330,5
8/10/2023 17:52,27.2,22.21,74.22,101.6,29.6,,13,,270,10
8/10/2023 18:52,27.8,21.11,67.01,0,29.93,,13,,290,10
8/10/2023 19:52,26.1,20,69.19,0,NaN,,9,,320,10
8/10/2023 20:52,25,19.4,71.15,0,NaN,,9,,310,10
8/10/2023 21:52,24.4,17.19,64.25,0,NaN,,19,,320,10
8/10/2023 22:52,23.9,17.19,66.2,0,NaN,,11,,300,10
8/10/2023 23:52,21.7,17.19,75.63,0,NaN,,0,,0,10
8/11/2023 00:52,22.8,17.19,70.74,0,NaN,,11,,270,10
8/11/2023 01:52,23.3,16.69,66.5,0,NaN,,0,,0,10
8/11/2023 02:52,22.8,16.69,68.53,0,NaN,,9,,260,10
8/11/2023 03:52,21.7,16.68,73.27,0,NaN,,7,,280,10
8/11/2023 04:52,19.4,16.69,84.41,0,NaN,,0,,0,10
8/11/2023 05:52,17.8,15.59,86.98,0,NaN,,0,,0,10
8/11/2023 06:52,20,16.68,81.33,0,NaN,,6,,210,10
8/11/2023 07:52,22.2,17.19,73.36,0,NaN,,6,,210,10
8/11/2023 08:52,25,17.8,64.38,0,NaN,,15,,190,10
8/11/2023 09:52,27.2,17.21,54.45,0,27.92,,7,,0,10
8/11/2023 10:52,28.3,17.22,51.07,0,28.9,,20,,300,10
8/11/2023 11:52,28.9,17.23,49.32,0,29.45,,20,,290,10
8/11/2023 12:52,29.4,17.24,47.92,0,29.92,,13,,250,10
8/11/2023 13:52,29.4,17.24,47.92,0,29.92,,9,,220,10
8/11/2023 14:52,30,17.84,48.09,0,30.76,,13,,210,10
8/11/2023 15:52,31.1,17.86,45.16,0,31.87,,13,,230,10
8/11/2023 16:52,30,17.84,48.09,0,30.76,,7,,0,10
8/11/2023 17:52,30,18.94,51.51,0,31.29,,9,,180,10
8/11/2023 18:52,29.4,18.93,53.32,0,30.66,,0,,0,10
8/11/2023 19:52,27.8,18.32,56.34,0,28.8,,0,,0,10
8/11/2023 20:52,27.2,18.91,60.58,2.54,28.38,,0,,0,10
8/11/2023 21:52,25,20,73.85,2.54,NaN,,9,,150,10
8/11/2023 22:52,25.6,20,71.26,2.54,NaN,,6,,150,10
8/11/2023 23:52,23.3,19.39,78.77,0,NaN,,7,,150,10
8/12/2023 00:52,22.8,19.39,81.19,0,NaN,,6,,150,10
8/12/2023 01:52,21.1,18.89,87.29,0,NaN,,0,,0,10
8/12/2023 02:52,20.6,18.89,90.01,0,NaN,,6,,160,10
8/12/2023 03:52,21.1,18.89,87.29,0,NaN,,0,,0,10
8/12/2023 04:52,20,18.9,93.4,0,NaN,,0,,0,10
8/12/2023 05:52,20,18.9,93.4,0,NaN,,0,,0,9
8/12/2023 06:52,19.4,18.29,93.37,0,NaN,,0,,0,10
8/12/2023 07:52,22.8,19.99,84.26,0,NaN,,0,,0,10
8/12/2023 08:52,26.1,20.6,71.8,0,NaN,,0,,0,10
8/12/2023 09:52,28.9,20.62,60.97,0,31.01,,0,,0,10
8/12/2023 10:52,29.4,20.63,59.24,0,31.6,,6,,130,10
8/12/2023 11:52,31.1,18.95,48.38,0,32.47,,7,,0,10
8/12/2023 12:52,32.8,18.98,43.95,0,34.34,,6,,0,10
8/12/2023 13:52,33.3,19.49,44.09,0,35.25,,15,28,220,10
8/12/2023 14:52,32.2,19.47,46.9,0,33.99,,9,,0,10
8/12/2023 15:52,33.3,18.99,42.74,0,34.91,,17,28,220,10
8/12/2023 16:52,33.9,18.4,39.81,0,35.21,,15,,200,10
8/12/2023 17:52,32.2,19.47,46.9,0,33.99,,15,,210,10
8/12/2023 18:52,31.7,20.06,50.07,0,33.84,,17,,160,10
8/12/2023 19:52,30,20.04,55.15,0,31.91,,13,,180,10
8/12/2023 20:52,28.9,20.03,58.76,0,30.68,,9,,180,10
8/12/2023 21:52,28.9,21.12,62.87,0,31.31,,15,,190,10
8/12/2023 22:52,27.8,21.11,67.01,0,29.93,,15,,210,10
8/12/2023 23:52,27.8,21.71,69.52,0,30.23,,15,,210,10
8/13/2023 00:52,26.7,21.71,74.14,0,28.65,,9,,180,10
8/13/2023 01:52,26.1,22.2,79.18,0,NaN,,11,,200,10
8/13/2023 02:52,26.1,22.2,79.18,0,NaN,,7,,240,10
8/13/2023 03:52,25.6,22.2,81.55,0,NaN,,9,,210,10
8/13/2023 04:52,25.6,21.7,79.1,0,NaN,,11,,20,10
8/13/2023 05:52,23.3,20.6,84.84,0,NaN,,0,,0,10
8/13/2023 06:52,22.2,20.6,90.68,0,NaN,,0,,0,10
8/13/2023 07:52,26.7,21.71,74.14,0,28.65,,7,,340,10
8/13/2023 08:52,29.4,20.63,59.24,0,31.6,,11,,290,10
8/13/2023 09:52,30.6,20.64,55.3,0,32.99,,15,,320,10
8/13/2023 10:52,31.1,20.65,53.75,0,33.57,,13,,310,10
8/13/2023 11:52,31.7,20.65,51.95,0,34.27,,26,33,320,10
8/13/2023 12:52,32.2,18.97,45.46,0,33.67,,13,31,300,10
8/13/2023 13:52,32.8,17.29,39.51,0,33.37,,24,37,350,10
8/13/2023 14:52,33.3,16.2,35.82,0,33.38,,20,39,310,10
8/13/2023 15:52,33.3,15.11,33.39,0,32.93,,19,33,330,10
8/13/2023 16:52,33.3,14.51,32.12,0,32.71,,22,33,350,10
8/13/2023 17:52,33.3,15.11,33.39,0,32.93,,13,,320,10
8/13/2023 18:52,32.2,14.49,34.17,0,31.6,,17,,340,10
8/13/2023 19:52,30.6,14.46,37.41,0,30.08,,13,,20,10
8/13/2023 20:52,27.8,15.62,47.49,0,28.03,,6,,50,10
8/13/2023 21:52,23.9,16.69,64.14,0,NaN,,6,,140,10
8/13/2023 22:52,22.8,16.69,68.53,0,NaN,,0,,0,10
8/13/2023 23:52,21.7,17.19,75.63,0,NaN,,0,,0,10
8/14/2023 00:52,21.1,17.19,78.45,0,NaN,,0,,0,10
8/14/2023 01:52,20,17.19,83.95,0,NaN,,0,,0,10
8/14/2023 02:52,20.6,17.19,80.9,0,NaN,,0,,0,10
8/14/2023 03:52,20.6,17.19,80.9,0,NaN,,0,,0,10
8/14/2023 04:52,20.6,17.19,80.9,0,NaN,,6,,330,10
8/14/2023 05:52,19.4,17.19,87.13,0,NaN,,0,,0,10
8/14/2023 06:52,19.4,17.19,87.13,0,NaN,,0,,0,10
8/14/2023 07:52,21.1,18.29,84.07,0,NaN,,0,,0,10
8/14/2023 08:52,27.2,18.91,60.58,0,28.38,,0,,0,10
8/14/2023 09:52,30,20.04,55.15,0,31.91,,9,,0,10
8/14/2023 10:52,30,20.04,55.15,0,31.91,,17,,190,10
8/14/2023 11:52,31.7,20.65,51.95,0,34.27,,19,,180,10
8/14/2023 12:52,32.2,21.16,52.08,0,35.27,,13,,100,10
8/14/2023 13:52,33.3,21.18,48.97,0,36.59,,19,30,150,10
8/14/2023 14:52,31.7,21.75,55.58,2.54,35.18,,11,,160,10
8/14/2023 15:52,28.9,23.32,71.87,330.2,32.85,,0,,0,10
8/14/2023 16:52,27.8,23.31,76.6,0,31.13,,22,35,140,10
8/14/2023 17:52,26.7,23.3,81.69,2.54,29.22,,11,,130,10
8/14/2023 18:52,26.7,23.3,81.69,0,29.22,,11,,160,10
8/14/2023 19:52,25.6,23.3,87.16,0,NaN,,11,,140,10
8/14/2023 20:52,25,23.9,93.64,0,NaN,,7,,160,10
8/14/2023 21:52,25.6,23.9,90.36,0,NaN,,13,,150,10
8/14/2023 22:52,25.6,24.4,93.11,0,NaN,,11,,170,10
8/14/2023 23:52,26.1,24.4,90.4,0,NaN,,13,,200,10
8/15/2023 00:52,26.1,23.9,87.73,0,NaN,,17,,210,10
8/15/2023 01:52,25.6,23.3,87.16,0,NaN,,9,,220,10
8/15/2023 02:52,25,22.8,87.64,0,NaN,,11,,190,10
8/15/2023 03:52,25,22.2,84.51,0,NaN,,13,,210,10
8/15/2023 04:52,25,22.2,84.51,0,NaN,,15,,210,10
8/15/2023 05:52,23.9,22.2,90.25,0,NaN,,6,,210,10
8/15/2023 06:52,23.3,21.7,90.75,0,NaN,,0,,0,10
8/15/2023 07:52,26.7,22.8,79.26,0,29.03,,9,,0,10
8/15/2023 08:52,28.3,23.31,74.41,0,31.94,,7,,160,10
8/15/2023 09:52,30.6,22.83,63.25,0,34.78,,9,,0,10
8/15/2023 10:52,32.2,21.16,52.08,0,35.27,,9,,320,10
8/15/2023 11:52,32.8,20.67,48.83,0,35.57,,0,,0,10
8/15/2023 12:52,31.7,20.06,50.07,0,33.84,,6,,0,10
8/15/2023 13:52,32.8,20.08,47.06,0,35.11,,11,,260,10
8/15/2023 14:52,31.7,20.65,51.95,0,34.27,,11,,210,10
8/15/2023 15:52,28.3,21.72,67.53,0,30.9,,7,,80,10
8/15/2023 16:52,31.7,21.15,53.57,0,34.67,,13,,140,10
8/15/2023 17:52,27.8,21.71,69.52,25.4,30.23,,15,,40,4
8/15/2023 18:52,26.7,23.9,84.69,431.8,29.46,,6,,70,10
8/15/2023 19:52,23.3,21.7,90.75,736.6,NaN,,11,,110,10
8/15/2023 20:52,22.8,21.7,93.54,0,NaN,,0,,0,10
8/15/2023 21:52,23.3,22.2,93.56,0,NaN,,0,,0,10
8/15/2023 22:52,22.8,21.7,93.54,0,NaN,,0,,0,10
8/15/2023 23:52,23.3,21.7,90.75,0,NaN,,0,,0,10
8/16/2023 00:52,23.3,17.79,71.28,0,NaN,,11,,320,10
8/16/2023 01:52,22.2,17.19,73.36,0,NaN,,13,,320,10
8/16/2023 02:52,22.8,16.09,65.97,0,NaN,,13,,330,10
8/16/2023 03:52,23.9,15.59,59.8,0,NaN,,13,,350,10
8/16/2023 04:52,22.8,15.59,63.9,0,NaN,,11,,340,10
8/16/2023 05:52,21.7,15.58,68.31,0,NaN,,9,,330,10
8/16/2023 06:52,21.7,15.58,68.31,0,NaN,,7,,330,10
8/16/2023 07:52,23.3,16.09,64.01,0,NaN,,9,,330,10
8/16/2023 08:52,25,16.7,60.06,0,NaN,,15,,310,10
8/16/2023 09:52,26.1,16.7,56.27,0,NaN,,19,,330,10
8/16/2023 10:52,27.2,16.12,50.78,0,27.66,,15,,330,10
8/16/2023 11:52,28.3,16.13,47.63,0,28.57,,11,,300,10
8/16/2023 12:52,28.9,15.63,44.55,0,28.93,,17,28,350,10
8/16/2023 13:52,29.4,16.14,44.69,0,29.53,,11,,320,10
8/16/2023 14:52,28.9,16.13,46,0,29.08,,9,,0,10
8/16/2023 15:52,30,17.24,46.3,0,30.5,,11,,350,10
8/16/2023 16:52,28.9,16.73,47.79,0,29.28,,7,,360,10
8/16/2023 17:52,28.9,17.23,49.32,0,29.45,,9,,300,10
8/16/2023 18:52,27.8,16.72,50.94,0,28.31,,9,,310,10
8/16/2023 19:52,25,18.3,66.43,0,NaN,,0,,0,10
8/16/2023 20:52,23.3,17.79,71.28,0,NaN,,0,,0,10
8/16/2023 21:52,23.9,17.79,68.75,0,NaN,,0,,0,10
8/16/2023 22:52,22.2,17.79,76.19,0,NaN,,7,,330,10
8/16/2023 23:52,20.6,17.79,84.02,0,NaN,,0,,0,10
8/17/2023 00:52,20.6,17.79,84.02,0,NaN,,0,,0,10
8/17/2023 01:52,18.9,17.19,89.88,0,NaN,,0,,0,10
8/17/2023 02:52,18.9,17.19,89.88,0,NaN,,0,,0,10
8/17/2023 03:52,18.9,17.19,89.88,0,NaN,,0,,0,10
8/17/2023 04:52,18.9,17.79,93.34,0,NaN,,0,,0,10
8/17/2023 05:52,20,18.29,89.96,0,NaN,,0,,0,10
8/17/2023 06:52,18.9,17.79,93.34,0,NaN,,0,,0,10
8/17/2023 07:52,23.9,18.89,73.66,0,NaN,,0,,0,10
8/17/2023 08:52,25.6,19.4,68.66,0,NaN,,0,,0,10
8/17/2023 09:52,27.8,21.11,67.01,0,29.93,,15,,180,10
8/17/2023 10:52,28.9,21.12,62.87,0,31.31,,20,,190,10
8/17/2023 11:52,30,20.63,57.23,0,32.3,,15,,190,10
8/17/2023 12:52,30.6,20.64,55.3,0,32.99,,15,,180,10
8/17/2023 13:52,32.2,20.06,48.67,0,34.41,,20,28,200,10
8/17/2023 14:52,32.2,20.66,50.51,0,34.86,,20,39,150,10
8/17/2023 15:52,32.2,19.47,46.9,0,33.99,,20,31,170,10
8/17/2023 16:52,30.6,19.45,51.35,0,32.22,,15,,150,10
8/17/2023 17:52,31.7,19.46,48.24,0,33.43,,11,,160,10
8/17/2023 18:52,31.1,18.95,48.38,0,32.47,,20,,160,10
8/17/2023 19:52,28.9,20.62,60.97,0,31.01,,13,,150,10
8/17/2023 20:52,27.8,21.11,67.01,0,29.93,,13,,160,10
8/17/2023 21:52,27.8,21.71,69.52,0,30.23,,13,,150,10
8/17/2023 22:52,26.7,22.21,76.43,0,28.82,,13,,160,10
8/17/2023 23:52,26.7,22.8,79.26,0,29.03,,15,,170,10
8/18/2023 00:52,26.1,21.1,74.03,0,NaN,,15,,180,10
8/18/2023 01:52,25,21.1,79.02,0,NaN,,13,,180,10
8/18/2023 02:52,24.4,21.1,81.9,0,NaN,,13,,200,10
8/18/2023 03:52,23.3,21.1,87.49,0,NaN,,11,,310,10
8/18/2023 04:52,21.7,20.6,93.48,0,NaN,,6,,140,10
8/18/2023 05:52,23.9,17.79,68.75,0,NaN,,15,,300,10
8/18/2023 06:52,23.3,13.88,55.57,0,NaN,,22,,290,10
8/18/2023 07:52,23.3,14.38,57.39,0,NaN,,19,,310,10
8/18/2023 08:52,24.4,15.59,58.04,0,NaN,,11,,0,10
8/18/2023 09:52,25.6,15,52,0,NaN,,22,,320,10
8/18/2023 10:52,27.2,15.01,47.32,0,27.44,,22,39,320,10
8/18/2023 11:52,27.8,15.02,45.7,0,27.89,,19,35,310,10
8/18/2023 12:52,28.3,13.93,41.34,0,28.03,,20,,320,10
8/18/2023 13:52,28.3,13.33,39.76,0,27.91,,24,39,330,10
8/18/2023 14:52,28.3,12.83,38.49,0,27.82,,19,35,330,10
8/18/2023 15:52,30,12.86,34.89,0,29.16,,26,43,300,10
8/18/2023 16:52,29.4,10.06,30.01,0,28.21,,28,43,310,10
8/18/2023 17:52,28.3,11.14,34.41,0,27.56,,22,43,340,10
8/18/2023 18:52,27.2,9.43,32.75,0,26.66,,28,39,320,10
8/18/2023 19:52,25,8.9,36.05,0,NaN,,22,41,320,10
8/18/2023 20:52,23.9,8.88,38.5,0,NaN,,20,,330,10
8/18/2023 21:52,22.8,8.27,39.5,0,NaN,,17,,310,10
8/18/2023 22:52,21.7,8.86,43.98,0,NaN,,15,,320,10
8/18/2023 23:52,21.1,9.36,47.19,0,NaN,,11,,320,10
8/19/2023 00:52,20,9.36,50.49,0,NaN,,7,,330,10
8/19/2023 01:52,19.4,9.96,54.56,0,NaN,,6,,340,10
8/19/2023 02:52,18.9,10.56,58.58,0,NaN,,9,,340,10
8/19/2023 03:52,17.8,10.56,62.76,0,NaN,,9,,330,10
8/19/2023 04:52,17.8,10.56,62.76,0,NaN,,9,,330,10
8/19/2023 05:52,13.3,9.97,80.42,0,NaN,,6,,230,10
8/19/2023 06:52,13.3,9.97,80.42,0,NaN,,6,,180,10
8/19/2023 07:52,20,11.66,58.85,0,NaN,,0,,0,10
8/19/2023 08:52,21.1,9.36,47.19,0,NaN,,7,,310,10
8/19/2023 09:52,22.8,9.98,44.3,0,NaN,,11,,0,10
8/19/2023 10:52,23.9,10.58,43.15,0,NaN,,11,,290,10
8/19/2023 11:52,25.6,8.9,34.79,0,NaN,,15,26,290,10
8/19/2023 12:52,26.7,9.42,33.72,0,26.31,,7,,0,10
8/19/2023 13:52,27.8,8.34,29.36,0,26.92,,9,,300,10
8/19/2023 14:52,28.9,8.35,27.54,0,27.66,,9,,0,10
8/19/2023 15:52,30,8.38,25.86,0,28.49,,7,,0,10
8/19/2023 16:52,29.4,10.06,30.01,0,28.21,,0,,0,10
8/19/2023 17:52,29.4,9.46,28.83,0,28.14,,7,,280,10
8/19/2023 18:52,27.8,11.73,36.86,0,27.3,,15,,220,10
8/19/2023 19:52,24.4,12.79,48.42,0,NaN,,9,,210,10
8/19/2023 20:52,20,12.77,63.26,0,NaN,,7,,110,10
8/19/2023 21:52,19.4,13.27,67.84,0,NaN,,6,,130,10
8/19/2023 22:52,18.3,13.88,75.55,0,NaN,,6,,150,10
8/19/2023 23:52,18.3,13.88,75.55,0,NaN,,0,,0,10
8/20/2023 00:52,17.8,13.88,77.95,0,NaN,,0,,0,10
8/20/2023 01:52,16.7,13.88,83.56,0,NaN,,0,,0,10
8/20/2023 02:52,15.6,13.28,86.2,0,NaN,,0,,0,10
8/20/2023 03:52,15.6,13.28,86.2,0,NaN,,0,,0,10
8/20/2023 04:52,15,13.29,89.58,0,NaN,,0,,0,10
8/20/2023 05:52,14.4,12.79,90.12,0,NaN,,0,,0,10
8/20/2023 06:52,13.3,12.19,93.05,0,NaN,,0,,0,10
8/20/2023 07:52,18.9,14.38,75.16,0,NaN,,0,,0,10
8/20/2023 08:52,22.2,14.98,63.76,0,NaN,,0,,0,10
8/20/2023 09:52,25,14.99,53.88,0,NaN,,7,,310,10
8/20/2023 10:52,27.2,15.01,47.32,0,27.44,,6,,350,10
8/20/2023 11:52,29.4,13.95,38.8,0,28.91,,6,,260,10
8/20/2023 12:52,30.6,15.06,38.89,0,30.26,,13,,190,10
8/20/2023 13:52,31.1,15.07,37.8,0,30.73,,9,,0,10
8/20/2023 14:52,32.2,15.69,36.91,0,32.03,,7,,0,10
8/20/2023 15:52,32.2,16.78,39.59,0,32.49,,11,,0,10
8/20/2023 16:52,32.2,17.28,40.86,0,32.73,,11,,130,10
8/20/2023 17:52,32.2,16.78,39.59,0,32.49,,19,30,140,10
8/20/2023 18:52,29.4,17.24,47.92,0,29.92,,11,,160,10
8/20/2023 19:52,28.3,17.22,51.07,0,28.9,,9,,160,10
8/20/2023 20:52,26.7,17.81,58.23,0,27.61,,9,,160,10
8/20/2023 21:52,25.6,17.8,62.13,0,NaN,,7,,170,10
8/20/2023 22:52,21.7,17.79,78.54,0,NaN,,0,,0,10
8/20/2023 23:52,22.2,17.79,76.19,0,NaN,,0,,0,10
8/21/2023 00:52,21.1,17.79,81.48,0,NaN,,6,,110,10
8/21/2023 01:52,21.7,18.29,81.04,0,NaN,,0,,0,10
8/21/2023 02:52,20,17.79,87.18,0,NaN,,0,,0,10
8/21/2023 03:52,20,17.79,87.18,0,NaN,,0,,0,10
8/21/2023 04:52,18.9,17.19,89.88,0,NaN,,0,,0,10
8/21/2023 05:52,18.3,16.69,90.41,0,NaN,,0,,0,10
8/21/2023 06:52,20,16.68,81.33,0,NaN,,0,,0,10
8/21/2023 07:52,20,17.79,87.18,0,NaN,,7,,310,10
8/21/2023 08:52,25,16.7,60.06,0,NaN,,7,,320,10
8/21/2023 09:52,26.1,17.2,58.08,0,NaN,,7,,310,10
8/21/2023 10:52,29.4,18.34,51.36,0,30.38,,9,,330,10
8/21/2023 11:52,30.6,17.85,46.46,0,31.36,,15,,360,10
8/21/2023 12:52,32.8,17.29,39.51,0,33.37,,11,,340,10
8/21/2023 13:52,32.8,17.89,41.03,0,33.69,,0,,0,10
8/21/2023 14:52,32.8,18.38,42.34,0,33.97,,7,,0,10
8/21/2023 15:52,33.9,18.4,39.81,0,35.21,,13,,300,10
8/21/2023 16:52,33.9,19,41.33,0,35.6,,9,,310,10
8/21/2023 17:52,33.9,19.5,42.64,0,35.95,,13,,340,10
8/21/2023 18:52,32.2,19.47,46.9,0,33.99,,17,,330,10
8/21/2023 19:52,30.6,19.45,51.35,0,32.22,,9,,330,10
8/21/2023 20:52,26.1,20,69.19,0,NaN,,9,,0,10
8/21/2023 21:52,24.4,20,76.54,0,NaN,,0,,0,10
8/21/2023 22:52,25,20,73.85,0,NaN,,0,,0,10
8/21/2023 23:52,25,20,73.85,0,NaN,,6,,290,10
8/22/2023 00:52,23.3,19.99,81.76,0,NaN,,0,,0,10
8/22/2023 01:52,25,20,73.85,0,NaN,,7,,280,10
8/22/2023 02:52,23.9,19.99,78.86,0,NaN,,6,,310,10
8/22/2023 03:52,25,20,73.85,0,NaN,,7,,330,10
8/22/2023 04:52,25.6,20.6,73.95,0,NaN,,17,,360,10
8/22/2023 05:52,24.4,20,76.54,0,NaN,,15,,10,10
8/22/2023 06:52,23.9,18.29,70.95,0,NaN,,26,35,20,10
8/22/2023 07:52,23.3,15.59,62,0,NaN,,19,41,20,10
8/22/2023 08:52,23.9,13.89,53.6,0,NaN,,22,,20,10
8/22/2023 09:52,24.4,14.39,53.73,0,NaN,,22,35,20,10
8/22/2023 10:52,25.6,11.7,41.94,0,NaN,,22,33,40,10
8/22/2023 11:52,26.7,11.12,37.78,0,26.41,,19,,360,10
8/22/2023 12:52,27.2,11.12,36.69,0,26.84,,17,30,330,7
8/22/2023 13:52,28.3,9.44,30.72,0,27.35,,15,31,20,10
8/22/2023 14:52,29.4,10.06,30.01,0,28.21,,19,33,360,10
8/22/2023 15:52,29.4,10.06,30.01,0,28.21,,19,37,10,10
8/22/2023 16:52,29.4,6.77,23.99,0,27.9,,26,39,360,10
8/23/2023 09:52,23.9,12.79,49.89,0,NaN,,7,,310,10
8/23/2023 10:52,26.1,10.61,37.86,0,NaN,,7,,0,10
8/23/2023 11:52,27.8,10.63,34.27,0,27.16,,13,,200,10
8/23/2023 12:52,27.8,8.94,30.58,0,26.98,,7,,330,10
8/23/2023 13:52,28.3,10.04,31.98,0,27.42,,7,,0,10
8/23/2023 14:52,28.3,10.04,31.98,0,27.42,,7,,0,10
8/23/2023 15:52,29.4,11.15,32.29,0,28.37,,11,,20,10
8/23/2023 16:52,28.3,11.14,34.41,0,27.56,,15,,150,10
8/23/2023 17:52,28.3,11.73,35.8,0,27.64,,17,,160,10
8/23/2023 18:52,26.1,11.71,40.72,0,NaN,,15,,160,10
8/23/2023 19:52,24.4,12.79,48.42,0,NaN,,13,,160,10
8/23/2023 20:52,24.4,12.79,48.42,0,NaN,,15,,160,10
8/23/2023 21:52,23.9,13.89,53.6,0,NaN,,13,,160,10
8/23/2023 22:52,23.3,14.38,57.39,0,NaN,,11,,160,10
8/23/2023 23:52,22.2,13.88,59.39,0,NaN,,9,,160,10
8/24/2023 00:52,21.7,13.88,61.23,0,NaN,,11,,180,10
8/24/2023 01:52,21.1,13.87,63.51,0,NaN,,11,,170,10
8/24/2023 02:52,21.7,14.38,63.24,0,NaN,,13,,190,10
8/24/2023 03:52,21.7,13.88,61.23,0,NaN,,15,,180,10
8/24/2023 04:52,21.1,13.87,63.51,0,NaN,,11,,170,10
8/24/2023 05:52,20.6,13.87,65.49,2.54,NaN,,9,,180,10
8/24/2023 06:52,20.6,13.27,62.99,0,NaN,,15,,160,10
8/24/2023 07:52,21.1,14.38,65.6,2.54,NaN,,7,,160,10
8/24/2023 08:52,21.1,14.98,68.19,0,NaN,,13,,160,10
8/24/2023 09:52,22.8,16.09,65.97,0,NaN,,15,,180,10
8/24/2023 10:52,23.9,16.69,64.14,0,NaN,,15,,170,10
8/24/2023 11:52,24.4,17.19,64.25,0,NaN,,15,,220,10
8/24/2023 12:52,23.9,17.19,66.2,2.54,NaN,,9,,130,10
8/24/2023 13:52,26.1,17.8,60.32,0,NaN,,11,,170,10
8/24/2023 14:52,28.3,18.92,56.82,0,29.52,,13,,170,10
8/24/2023 15:52,28.9,18.93,54.88,0,30.14,,15,,150,10
8/24/2023 16:52,27.8,18.92,58.49,0,29.01,,15,,160,10
8/24/2023 17:52,27.8,19.42,60.34,0,29.19,,13,,150,10
8/24/2023 18:52,27.2,20.01,64.86,0,28.74,,9,,120,10
8/24/2023 19:52,25.6,19.4,68.66,0,NaN,,7,,140,10
8/24/2023 20:52,25,19.4,71.15,0,NaN,,7,,110,10
8/24/2023 21:52,25,18.9,68.97,0,NaN,,9,,130,10
8/24/2023 22:52,24.4,19.39,73.74,0,NaN,,11,,170,10
8/24/2023 23:52,24.4,20,76.54,0,NaN,,9,,160,10
8/25/2023 00:52,24.4,20,76.54,0,NaN,,7,,170,10
8/25/2023 01:52,24.4,20,76.54,0,NaN,,9,,180,10
8/25/2023 02:52,23.3,19.99,81.76,0,NaN,,9,,180,10
8/25/2023 03:52,23.3,19.39,78.77,0,NaN,,9,,170,10
8/25/2023 04:52,22.8,19.39,81.19,0,NaN,,9,,200,10
8/25/2023 05:52,22.8,19.99,84.26,2.54,NaN,,7,,190,10
8/25/2023 06:52,23.3,20.6,84.84,2.54,NaN,,20,,190,10
8/25/2023 07:52,23.3,21.1,87.49,0,NaN,,6,,50,10
8/25/2023 08:52,25,20.6,76.63,0,NaN,,6,,130,10
8/25/2023 09:52,25.6,20,71.26,0,NaN,,6,,150,10
8/25/2023 10:52,27.8,20.02,62.63,0,29.44,,6,,0,10
8/25/2023 11:52,30,20.04,55.15,0,31.91,,0,,0,10
8/25/2023 12:52,33.3,20.08,45.76,0,35.69,,0,,0,10
8/25/2023 13:52,34.4,20.1,43.04,0,37,,13,,60,10
8/25/2023 14:52,35.6,20.12,40.28,0,38.45,,6,,0,10
8/25/2023 15:52,33.3,20.68,47.48,0,36.17,,17,,80,10
8/25/2023 16:52,31.7,23.34,61.24,2.54,36.74,,11,,80,10
8/25/2023 17:52,31.7,21.75,55.58,0,35.18,,13,,70,10
8/25/2023 18:52,31.7,21.75,55.58,0,35.18,,13,,120,10
8/25/2023 19:52,25,22.8,87.64,2.54,NaN,,13,,80,10
8/25/2023 20:52,25.6,22.8,84.57,2.54,NaN,,7,,20,10
8/25/2023 21:52,25.6,22.8,84.57,0,NaN,,0,,0,10
8/25/2023 22:52,25,22.2,84.51,0,NaN,,9,,40,10
8/25/2023 23:52,23.3,21.7,90.75,0,NaN,,0,,0,10
8/26/2023 00:52,25,22.8,87.64,0,NaN,,7,,310,10
8/26/2023 01:52,24.4,22.8,90.83,0,NaN,,9,,340,10
8/26/2023 02:52,24.4,21.7,84.96,0,NaN,,9,,320,10
8/26/2023 03:52,25,21.1,79.02,0,NaN,,9,,320,10
8/26/2023 04:52,24.4,21.1,81.9,0,NaN,,11,,330,10
8/26/2023 05:52,23.9,21.1,84.39,0,NaN,,13,,320,10
8/26/2023 06:52,23.9,21.1,84.39,0,NaN,,11,,320,10
8/26/2023 07:52,25.6,21.1,76.26,0,NaN,,11,,330,10
8/26/2023 08:52,27.2,20.61,67.3,0,28.95,,19,,350,10
8/26/2023 09:52,28.9,20.03,58.76,0,30.68,,22,,350,10
8/26/2023 10:52,30,18.94,51.51,0,31.29,,20,,350,10
8/26/2023 11:52,32.2,18.37,43.79,0,33.31,,17,28,20,10
8/26/2023 12:52,32.2,18.97,45.46,0,33.67,,11,,0,10
8/26/2023 13:52,32.8,18.38,42.34,0,33.97,,13,,350,10
8/26/2023 14:52,33.3,17.89,39.89,0,34.24,,9,,0,10
8/26/2023 15:52,33.9,16.22,34.65,0,34.03,,17,,20,10
8/26/2023 16:52,33.9,16.81,35.99,0,34.32,,9,,0,10
8/26/2023 17:52,32.8,16.79,38.27,0,33.12,,9,,0,10
8/26/2023 18:52,32.2,16.18,38.11,0,32.23,,15,,10,10
8/26/2023 19:52,30,16.75,44.86,0,30.3,,19,,30,10
8/26/2023 20:52,28.3,17.22,51.07,0,28.9,,17,,30,10
8/26/2023 21:52,26.7,17.81,58.23,0,27.61,,11,,30,10
8/26/2023 22:52,26.7,18.31,60.08,0,27.72,,11,,40,10
8/26/2023 23:52,26.1,18.3,62.24,0,NaN,,11,,60,10
8/27/2023 00:52,25.6,17.8,62.13,0,NaN,,7,,60,10
8/27/2023 01:52,25.6,17.2,59.82,0,NaN,,11,,30,10
8/27/2023 02:52,25,17.8,64.38,0,NaN,,9,,10,10
8/27/2023 03:52,23.9,17.79,68.75,0,NaN,,7,,40,10
8/27/2023 04:52,23.3,17.79,71.28,0,NaN,,6,,50,10
8/27/2023 05:52,22.8,17.79,73.46,0,NaN,,6,,10,10
8/27/2023 06:52,23.3,17.79,71.28,0,NaN,,7,,30,10
8/27/2023 07:52,23.3,17.79,71.28,0,NaN,,0,,0,10
8/27/2023 08:52,26.1,17.8,60.32,0,NaN,,9,,20,10
8/27/2023 09:52,28.3,17.22,51.07,0,28.9,,13,,10,10
8/27/2023 10:52,30,17.24,46.3,0,30.5,,13,,50,10
8/27/2023 11:52,30,17.24,46.3,0,30.5,,7,,0,10
8/27/2023 12:52,31.1,16.16,40.55,0,31.12,,7,,0,10
8/27/2023 13:52,30.6,16.76,43.35,0,30.88,,11,,70,10
8/27/2023 14:52,32.2,16.78,39.59,0,32.49,,9,,0,10
8/27/2023 15:52,32.2,16.18,38.11,0,32.23,,11,,0,10
8/27/2023 16:52,31.7,17.27,42.03,0,32.2,,11,,0,10
8/27/2023 17:52,28.9,20.03,58.76,0,30.68,,19,,150,10
8/27/2023 18:52,27.8,18.92,58.49,0,29.01,,13,,150,10
8/27/2023 19:52,26.7,17.81,58.23,0,27.61,,7,,160,10
8/27/2023 20:52,25.6,18.9,66.56,0,NaN,,9,,180,10
8/27/2023 21:52,24.4,20,76.54,0,NaN,,9,,150,10
8/27/2023 22:52,24.4,20.6,79.42,0,NaN,,9,,160,10
8/27/2023 23:52,24.4,21.1,81.9,0,NaN,,6,,150,10
8/28/2023 00:52,24.4,21.1,81.9,0,NaN,,9,,160,10
8/28/2023 01:52,23.9,21.1,84.39,0,NaN,,0,,0,10
8/28/2023 02:52,23.3,20.6,84.84,2.54,NaN,,0,,0,10
8/28/2023 03:52,23.3,20.6,84.84,0,NaN,,0,,0,10
8/28/2023 04:52,23.3,20.6,84.84,0,NaN,,9,,90,10
8/28/2023 05:52,22.8,20.6,87.44,0,NaN,,7,,90,10
8/28/2023 06:52,22.8,20.6,87.44,0,NaN,,7,,80,10
8/28/2023 07:52,23.3,19.99,81.76,0,NaN,,9,,80,10
8/28/2023 08:52,23.9,19.99,78.86,0,NaN,,11,,70,10
8/28/2023 09:52,24.4,19.39,73.74,0,NaN,,11,,70,10
8/28/2023 10:52,25.6,19.4,68.66,0,NaN,,11,,100,10
8/28/2023 11:52,25.6,17.2,59.82,0,NaN,,15,,100,10
8/28/2023 12:52,25.6,18.3,64.11,2.54,NaN,,11,,100,10
8/28/2023 13:52,25.6,18.9,66.56,0,NaN,,11,,110,10
8/28/2023 14:52,27.2,19.41,62.49,0,28.54,,13,,110,10
8/28/2023 15:52,26.7,19.41,64.35,0,27.98,,17,,130,10
8/28/2023 16:52,26.1,19.4,66.66,0,NaN,,17,,100,10
8/28/2023 17:52,25.6,19.4,68.66,0,NaN,,17,,100,10
8/28/2023 18:52,25,20,73.85,0,NaN,,11,,140,10
8/28/2023 19:52,24.4,20,76.54,0,NaN,,11,,120,10
8/28/2023 20:52,23.9,19.99,78.86,0,NaN,,9,,100,10
8/28/2023 21:52,23.9,19.99,78.86,0,NaN,,11,,100,10
8/28/2023 22:52,23.3,19.99,81.76,2.54,NaN,,11,,70,10
8/28/2023 23:52,23.3,19.99,81.76,0,NaN,,11,,80,10
8/29/2023 00:52,23.3,19.99,81.76,0,NaN,,7,,70,10
8/29/2023 01:52,23.3,19.99,81.76,0,NaN,,7,,50,10
8/29/2023 02:52,22.8,20.6,87.44,0,NaN,,9,,50,10
8/29/2023 03:52,22.8,20.6,87.44,0,NaN,,0,,0,10
8/29/2023 04:52,22.8,20.6,87.44,0,NaN,,7,,40,10
8/29/2023 05:52,22.8,20.6,87.44,2.54,NaN,,11,,20,8
8/29/2023 06:52,22.8,20.6,87.44,2.54,NaN,,11,,40,9
8/29/2023 07:52,22.8,20.6,87.44,0,NaN,,11,,50,10
8/29/2023 08:52,23.3,20.6,84.84,0,NaN,,13,,70,10
8/29/2023 09:52,23.9,20.6,81.83,0,NaN,,7,,80,5
8/29/2023 10:52,25,20.6,76.63,0,NaN,,7,,60,6
8/29/2023 11:52,25,21.1,79.02,0,NaN,,9,,330,10
8/29/2023 12:52,25,21.7,81.97,0,NaN,,9,,340,10
8/29/2023 13:52,26.1,21.1,74.03,0,NaN,,6,,0,10
8/29/2023 14:52,26.1,21.1,74.03,25.4,NaN,,0,,0,10
8/29/2023 15:52,26.7,21.11,71.47,0,28.46,,0,,0,10
8/29/2023 16:52,27.2,21.11,69.4,0,29.14,,0,,0,10
8/29/2023 17:52,26.7,21.11,71.47,0,28.46,,7,,100,10
8/29/2023 18:52,26.1,21.7,76.8,0,NaN,,6,,130,10
8/29/2023 19:52,25,21.7,81.97,0,NaN,,6,,120,10
8/29/2023 20:52,25,21.7,81.97,0,NaN,,9,,0,10
8/29/2023 21:52,24.4,21.7,84.96,0,NaN,,7,,160,10
8/29/2023 22:52,24.4,22.2,87.58,0,NaN,,6,,130,10
8/29/2023 23:52,23.9,22.2,90.25,0,NaN,,7,,160,10
8/30/2023 00:52,23.9,22.2,90.25,0,NaN,,0,,0,10
8/30/2023 01:52,24.4,22.2,87.58,0,NaN,,6,,150,10
8/30/2023 02:52,23.9,22.2,90.25,0,NaN,,7,,170,10
8/30/2023 03:52,23.9,22.2,90.25,0,NaN,,9,,190,10
8/30/2023 04:52,23.3,22.2,93.56,0,NaN,,9,,300,10
8/30/2023 05:52,23.3,22.2,93.56,0,NaN,,7,,300,10
8/30/2023 06:52,23.9,21.1,84.39,0,NaN,,19,,300,10
8/30/2023 07:52,23.9,20.6,81.83,0,NaN,,11,,320,10
8/30/2023 08:52,25,19.4,71.15,0,NaN,,19,,310,10
8/30/2023 09:52,27.2,16.12,50.78,0,27.66,,20,,330,10
8/30/2023 10:52,28.3,15.63,46.13,0,28.43,,17,,310,10
8/30/2023 11:52,29.4,15.04,41.65,0,29.19,,15,31,350,10
8/30/2023 12:52,30,15.05,40.24,0,29.72,,22,37,330,10
8/30/2023 13:52,31.7,14.48,35.15,0,31.11,,20,33,330,10
8/30/2023 14:52,31.1,13.97,35.2,0,30.4,,24,31,320,10
8/30/2023 15:52,31.1,13.97,35.2,0,30.4,,26,39,320,10
8/30/2023 16:52,30,12.26,33.55,0,29.04,,28,39,330,10
8/30/2023 17:52,28.9,12.84,37.17,0,28.27,,22,,320,10
8/30/2023 18:52,27.8,12.23,38.09,0,27.37,,22,37,350,10
8/30/2023 19:52,26.1,11.71,40.72,0,NaN,,17,,330,10
8/30/2023 20:52,25.6,12.2,43.35,0,NaN,,22,,350,10
8/30/2023 21:52,23.9,11.68,46.41,0,NaN,,26,,340,10
8/30/2023 22:52,23.3,12.18,49.73,0,NaN,,17,,350,10
8/30/2023 23:52,22.2,12.17,53.15,0,NaN,,24,37,360,10
8/31/2023 00:52,21.7,12.17,54.79,0,NaN,,28,39,340,10
8/31/2023 01:52,21.1,12.17,56.84,0,NaN,,19,,350,10
8/31/2023 02:52,20.6,12.17,58.61,0,NaN,,20,,360,10
8/31/2023 03:52,20,12.17,60.82,0,NaN,,20,,360,10
8/31/2023 04:52,19.4,11.66,61.08,0,NaN,,19,,10,10
8/31/2023 05:52,18.9,12.17,65.12,0,NaN,,22,33,360,10
8/31/2023 06:52,18.9,12.17,65.12,0,NaN,,22,39,360,10
8/31/2023 07:52,20,12.17,60.82,0,NaN,,28,43,20,10
8/31/2023 08:52,20.6,12.17,58.61,0,NaN,,26,41,10,10
8/31/2023 09:52,21.7,11.67,53.02,0,NaN,,30,43,10,10
8/31/2023 10:52,23.3,11.68,48.12,0,NaN,,26,41,360,10
8/31/2023 11:52,24.4,9.99,40.23,0,NaN,,30,43,30,10
8/31/2023 12:52,26.1,8.31,32.43,0,NaN,,22,35,10,10
8/31/2023 13:52,27.2,7.83,29.39,0,26.52,,20,35,30,10
8/31/2023 14:52,27.8,6.74,26.32,0,26.8,,19,43,10,10
8/31/2023 15:52,28.3,1.78,18,0,26.91,,17,43,30,10
8/31/2023 16:52,28.3,6.15,24.53,0,27.09,,24,35,350,10
8/31/2023 17:52,27.8,7.84,28.38,0,26.88,,22,33,350,10
8/31/2023 18:52,26.1,8.91,33.78,0,NaN,,17,,20,10
8/31/2023 19:52,24.4,8.89,37.37,0,NaN,,19,,30,10
8/31/2023 20:52,22.8,8.87,41.14,0,NaN,,22,,30,10
8/31/2023 21:52,21.7,8.86,43.98,0,NaN,,17,,30,10
8/31/2023 22:52,21.1,8.26,43.81,0,NaN,,11,,20,10
8/31/2023 23:52,20,8.25,46.88,0,NaN,,13,,10,10
9/1/2023 00:52,19.4,8.25,48.65,0,NaN,,9,,10,10
9/1/2023 01:52,18.9,8.25,50.19,0,NaN,,11,,10,10
9/1/2023 02:52,17.8,8.85,56,0,NaN,,9,,10,10
9/1/2023 03:52,14.4,8.85,69.55,0,NaN,,6,,300,10
9/1/2023 04:52,15,8.85,66.91,0,NaN,,9,,20,10
9/1/2023 05:52,16.1,8.85,62.36,0,NaN,,9,,20,10
9/1/2023 06:52,13.9,8.86,71.83,0,NaN,,6,,320,10
9/1/2023 07:52,17.8,9.35,57.92,0,NaN,,11,,20,10
9/1/2023 08:52,19.4,9.36,52.41,0,NaN,,13,,360,10
9/1/2023 09:52,21.7,9.97,47.36,0,NaN,,9,,40,10
9/1/2023 10:52,23.3,9.98,42.98,0,NaN,,6,,0,10
9/1/2023 11:52,25.6,10,37.46,0,NaN,,7,,0,10
9/1/2023 12:52,26.1,10.01,36.37,0,NaN,,6,,0,10
9/1/2023 13:52,26.7,8.92,32.61,0,26.28,,9,,0,10
9/1/2023 14:52,27.8,9.43,31.62,0,27.03,,7,,320,10
9/1/2023 15:52,27.8,10.03,32.92,0,27.09,,0,,0,10
9/1/2023 16:52,27.8,9.43,31.62,0,27.03,,11,,140,10
9/1/2023 17:52,27.2,10.02,34.09,0,26.72,,13,,80,10
9/1/2023 18:52,26.1,10.01,36.37,0,NaN,,7,,100,10
9/1/2023 19:52,23.3,10.58,44.73,0,NaN,,11,,130,10
9/1/2023 20:52,21.7,9.97,47.36,0,NaN,,11,,140,10
9/1/2023 21:52,20.6,9.96,50.66,0,NaN,,6,,160,10
9/1/2023 22:52,18.9,10.56,58.58,0,NaN,,7,,160,10
9/1/2023 23:52,17.2,10.56,65.18,0,NaN,,6,,210,10
9/2/2023 00:52,15,10.57,74.99,0,NaN,,0,,0,10
9/2/2023 01:52,12.8,9.97,83.09,0,NaN,,0,,0,10
9/2/2023 02:52,13.9,11.08,83.23,0,NaN,,7,,140,10
9/2/2023 03:52,13.9,11.08,83.23,0,NaN,,6,,150,10
9/2/2023 04:52,15,11.67,80.66,0,NaN,,9,,170,10
9/2/2023 05:52,16.1,12.17,77.69,0,NaN,,7,,170,10
9/2/2023 06:52,14.4,12.18,86.65,0,NaN,,0,,0,10
9/2/2023 07:52,17.8,13.27,74.97,0,NaN,,9,,0,10
9/2/2023 08:52,20,13.87,67.96,0,NaN,,9,,230,10
9/2/2023 09:52,23.3,13.88,55.57,0,NaN,,17,,200,10
9/2/2023 10:52,25.6,13.9,48.43,0,NaN,,15,,180,10
9/2/2023 11:52,26.7,13.91,45.39,0,26.61,,9,,0,10
9/2/2023 12:52,28.9,13.94,39.93,0,28.5,,15,,200,10
9/2/2023 13:52,30,14.45,38.72,0,29.55,,9,,0,10
9/2/2023 14:52,31.1,14.47,36.36,0,30.54,,11,,0,10
9/2/2023 15:52,31.1,15.07,37.8,0,30.73,,15,,130,10
9/2/2023 16:52,31.1,15.67,39.28,0,30.94,,19,30,150,10
9/2/2023 17:52,30,15.65,41.82,0,29.91,,17,,160,10
9/2/2023 18:52,28.3,16.13,47.63,0,28.57,,13,,150,10
9/2/2023 19:52,26.1,16.11,54.17,0,NaN,,11,,160,10
9/2/2023 20:52,25,16.1,57.81,0,NaN,,11,,170,10
9/2/2023 21:52,24.4,16.69,62.25,0,NaN,,13,,180,10
9/2/2023 22:52,23.3,16.69,66.5,0,NaN,,13,,180,10
9/2/2023 23:52,22.2,16.68,71.07,0,NaN,,15,,180,10
9/3/2023 00:52,22.8,17.19,70.74,0,NaN,,11,,190,10
9/3/2023 01:52,22.2,17.19,73.36,0,NaN,,9,,210,10
9/3/2023 02:52,21.7,17.19,75.63,0,NaN,,7,,180,10
9/3/2023 03:52,20.6,16.68,78.38,0,NaN,,0,,0,10
9/3/2023 04:52,20.6,16.68,78.38,0,NaN,,0,,0,10
9/3/2023 05:52,19.4,16.69,84.41,0,NaN,,0,,0,10
9/3/2023 06:52,18.3,16.09,87.02,0,NaN,,7,,0,10
9/3/2023 07:52,21.7,17.19,75.63,0,NaN,,7,,0,10
9/3/2023 08:52,24.4,17.79,66.73,0,NaN,,9,,0,10
9/3/2023 09:52,28.9,17.83,51.23,0,29.68,,7,,250,10
9/3/2023 10:52,32.2,17.88,42.44,0,33.04,,15,,330,10
9/3/2023 11:52,33.3,17.3,38.41,0,33.91,,19,,340,10
9/3/2023 12:52,34.4,16.23,33.7,0,34.58,,19,,320,10
9/3/2023 13:52,35.6,16.25,31.54,0,35.92,,13,,260,10
9/3/2023 14:52,36.7,15.19,27.68,0,36.65,,13,35,310,10
9/3/2023 15:52,36.7,15.78,28.76,0,36.93,,19,28,300,10
9/3/2023 16:52,35.6,15.76,30.55,0,35.68,,11,35,310,10
9/3/2023 17:52,35.6,16.25,31.54,0,35.92,,19,33,330,10
9/3/2023 18:52,34.4,15.73,32.64,0,34.35,,20,31,330,10
9/3/2023 19:52,32.2,16.18,38.11,0,32.23,,11,,320,10
9/3/2023 20:52,30,16.15,43.18,0,30.08,,9,,310,10
9/3/2023 21:52,28.3,17.22,51.07,0,28.9,,7,,290,10
9/3/2023 22:52,28.9,17.83,51.23,0,29.68,,13,,330,10
9/3/2023 23:52,27.8,18.32,56.34,0,28.8,,9,,320,10
9/4/2023 00:52,26.7,18.31,60.08,0,27.72,,7,,320,10
9/4/2023 01:52,24.4,18.29,68.85,0,NaN,,0,,0,10
9/4/2023 02:52,22.8,18.29,75.81,0,NaN,,0,,0,10
9/4/2023 03:52,21.7,17.79,78.54,0,NaN,,0,,0,10
9/4/2023 04:52,23.3,18.29,73.55,0,NaN,,6,,290,10
9/4/2023 05:52,21.7,18.29,81.04,0,NaN,,0,,0,10
9/4/2023 06:52,21.7,18.89,84.14,0,NaN,,0,,0,10
9/4/2023 07:52,22.8,19.39,81.19,0,NaN,,0,,0,10
9/4/2023 08:52,25,20,73.85,0,NaN,,0,,0,10
9/4/2023 09:52,30.6,20.04,53.29,0,32.59,,17,,310,10
9/4/2023 10:52,32.2,19.47,46.9,0,33.99,,22,37,310,10
9/4/2023 11:52,33.9,19,41.33,0,35.6,,19,33,340,10
9/4/2023 12:52,34.4,18.41,38.72,0,35.78,,20,37,300,10
9/4/2023 13:52,36.1,17.35,32.9,0,37.09,,22,35,300,10
9/4/2023 14:52,36.7,17.37,31.84,0,37.79,,24,35,270,10
9/4/2023 15:52,36.7,17.37,31.84,0,37.79,,17,,300,10
9/4/2023 16:52,35.6,17.35,33.82,0,36.51,,17,,320,10
9/4/2023 17:52,35.6,16.85,32.76,0,36.23,,15,,300,10
9/4/2023 18:52,35,16.83,33.86,0,35.55,,13,,320,10
9/4/2023 19:52,31.7,17.27,42.03,0,32.2,,7,,300,10
9/4/2023 20:52,30.6,17.25,44.74,0,31.09,,11,,320,10
9/4/2023 21:52,28.9,17.23,49.32,0,29.45,,11,,320,10
9/4/2023 22:52,28.3,17.82,53.04,0,29.1,,7,,320,10
9/4/2023 23:52,27.2,18.31,58.35,0,28.21,,9,,320,10
9/5/2023 00:52,26.7,18.91,62.38,0,27.86,,9,,320,10
9/5/2023 01:52,26.7,18.91,62.38,0,27.86,,9,,330,10
9/5/2023 02:52,24.4,18.89,71.48,0,NaN,,6,,310,10
9/5/2023 03:52,23.9,18.29,70.95,0,NaN,,6,,320,10
9/5/2023 04:52,24.4,18.89,71.48,0,NaN,,7,,320,10
9/5/2023 05:52,23.3,18.89,76.36,0,NaN,,9,,320,10
9/5/2023 06:52,23.9,18.89,73.66,0,NaN,,9,,320,10
9/5/2023 07:52,25.6,19.4,68.66,0,NaN,,13,,320,10
9/5/2023 08:52,28.3,20.02,60.83,0,30.01,,17,,330,10
9/5/2023 09:52,31.1,20.05,51.8,0,33.15,,15,,340,10
9/5/2023 10:52,32.2,19.47,46.9,0,33.99,,17,,20,10
9/5/2023 11:52,33.9,18.4,39.81,0,35.21,,17,28,30,10
9/5/2023 12:52,34.4,19.01,40.2,0,36.18,,20,33,330,10
9/5/2023 13:52,35.6,17.94,35.12,0,36.87,,20,30,360,10
9/5/2023 14:52,36.1,18.45,35.26,0,37.78,,7,,0,10
9/5/2023 15:52,36.7,17.97,33.07,0,38.17,,13,31,320,10
9/5/2023 16:52,36.7,16.87,30.85,0,37.5,,17,,340,10
9/5/2023 17:52,36.1,17.95,34.17,0,37.46,,9,,10,10
9/5/2023 18:52,35,16.83,33.86,0,35.55,,15,,10,10
9/5/2023 19:52,33.9,16.81,35.99,0,34.32,,13,,20,10
9/5/2023 20:52,31.1,16.16,40.55,0,31.12,,11,,30,10
9/5/2023 21:52,31.7,16.77,40.72,0,31.98,,13,,10,10
9/5/2023 22:52,30,17.84,48.09,0,30.76,,13,,20,10
9/5/2023 23:52,28.3,18.32,54.73,0,29.29,,0,,0,10
9/6/2023 00:52,25.6,18.3,64.11,0,NaN,,0,,0,10
9/6/2023 01:52,24.4,18.29,68.85,0,NaN,,0,,0,10
9/6/2023 02:52,22.8,18.29,75.81,0,NaN,,0,,0,10
9/6/2023 03:52,21.7,17.79,78.54,0,NaN,,0,,0,10
9/6/2023 04:52,21.7,18.29,81.04,0,NaN,,0,,0,10
9/6/2023 05:52,22.2,18.89,81.62,0,NaN,,6,,280,10
9/6/2023 06:52,20.6,18.29,86.69,0,NaN,,0,,0,10
9/6/2023 07:52,26.1,19.4,66.66,0,NaN,,6,,330,7
9/6/2023 08:52,28.3,19.42,58.61,0,29.73,,9,,0,10
9/6/2023 09:52,31.1,20.05,51.8,0,33.15,,9,,330,10
9/6/2023 10:52,33.3,19.49,44.09,0,35.25,,7,,0,10
9/6/2023 11:52,34.4,19.01,40.2,0,36.18,,7,,0,10
9/6/2023 12:52,34.4,18.41,38.72,0,35.78,,6,,0,10
9/6/2023 13:52,36.1,18.45,35.26,0,37.78,,13,,280,10
9/6/2023 14:52,37.2,17.98,32.18,0,38.76,,11,,0,10
9/6/2023 15:52,37.2,17.38,30.99,0,38.39,,9,,0,10
9/6/2023 16:52,37.2,17.98,32.18,0,38.76,,9,,300,10
9/6/2023 17:52,36.1,17.35,32.9,0,37.09,,13,,320,10
9/6/2023 18:52,34.4,18.41,38.72,0,35.78,,6,,100,10
9/6/2023 19:52,32.2,18.37,43.79,0,33.31,,7,,170,10
9/6/2023 20:52,30.6,19.45,51.35,0,32.22,,7,,180,10
9/6/2023 21:52,29.4,20.03,57.09,0,31.24,,9,,210,10
9/6/2023 22:52,28.9,20.62,60.97,0,31.01,,11,,200,10
9/6/2023 23:52,27.8,21.11,67.01,0,29.93,,7,,190,10
9/7/2023 00:52,27.2,21.71,72,0,29.39,,7,,190,10
9/7/2023 01:52,27.2,21.71,72,0,29.39,,9,,180,10
9/7/2023 02:52,26.1,21.7,76.8,0,NaN,,0,,0,10
9/7/2023 03:52,25.6,21.7,79.1,0,NaN,,6,,170,10
9/7/2023 04:52,24.4,21.7,84.96,0,NaN,,0,,0,10
9/7/2023 05:52,24.4,21.7,84.96,0,NaN,,7,,320,10
9/7/2023 06:52,23.3,21.1,87.49,0,NaN,,0,,0,7
9/7/2023 07:52,26.7,22.21,76.43,0,28.82,,6,,300,5
9/7/2023 08:52,28.3,22.21,69.61,0,31.2,,0,,0,7
9/7/2023 09:52,30.6,21.14,57.03,0,33.36,,11,,330,10
9/7/2023 10:52,33.3,19.49,44.09,0,35.25,,9,,0,10
9/7/2023 11:52,34.4,19.01,40.2,0,36.18,,9,,10,10
9/7/2023 12:52,33.3,21.78,50.8,0,37.15,,7,,0,10
9/7/2023 13:52,29.4,18.34,51.36,0,30.38,,11,,0,10
9/7/2023 14:52,28.9,18.33,52.86,2.54,29.88,,9,,0,10
9/7/2023 15:52,27.2,17.81,56.55,0,28.07,,6,,0,10
9/7/2023 16:52,26.1,21.1,74.03,0,NaN,,6,,310,10
9/7/2023 17:52,27.8,20.61,64.99,101.6,29.7,,19,,340,10
9/7/2023 18:52,26.7,20.01,66.79,0,28.14,,9,,30,10
9/7/2023 19:52,24.4,19.39,73.74,0,NaN,,7,,60,10
9/7/2023 20:52,24.4,20,76.54,0,NaN,,6,,20,10
9/7/2023 21:52,23.3,20.6,84.84,0,NaN,,7,,330,10
9/7/2023 22:52,22.2,19.99,87.39,0,NaN,,0,,0,10
9/7/2023 23:52,22.8,20.6,87.44,0,NaN,,9,,340,10
9/8/2023 00:52,21.7,19.39,86.8,0,NaN,,11,,310,10
9/8/2023 01:52,22.2,19.39,84.2,0,NaN,,7,,30,10
9/8/2023 02:52,21.7,18.89,84.14,0,NaN,,7,,30,10
9/8/2023 03:52,21.7,19.39,86.8,0,NaN,,7,,330,10
9/8/2023 04:52,20,18.29,89.96,0,NaN,,0,,0,10
9/8/2023 05:52,21.1,19.39,90.04,0,NaN,,9,,320,8
9/8/2023 06:52,22.2,19.39,84.2,0,NaN,,7,,20,10
9/8/2023 07:52,22.8,19.39,81.19,0,NaN,,9,,20,10
9/8/2023 08:52,25,19.4,71.15,0,NaN,,11,,350,10
9/8/2023 09:52,26.7,20.01,66.79,0,28.14,,11,,20,10
9/8/2023 10:52,28.9,20.03,58.76,0,30.68,,13,,360,10
9/8/2023 11:52,30,19.44,53.14,0,31.56,,7,,310,10
9/8/2023 12:52,32.2,20.06,48.67,0,34.41,,9,,0,10
9/8/2023 13:52,32.2,20.06,48.67,0,34.41,,9,,0,10
9/8/2023 14:52,32.8,19.48,45.34,0,34.67,,9,,310,10
9/8/2023 15:52,33.3,19.49,44.09,0,35.25,,15,28,10,10
9/8/2023 16:52,31.7,19.46,48.24,0,33.43,,13,,20,10
9/8/2023 18:52,22.2,18.89,81.62,127,NaN,,11,,350,7
9/8/2023 19:52,22.8,17.79,73.46,2.54,NaN,,0,,0,10
9/8/2023 20:52,22.2,18.89,81.62,0,NaN,,13,,320,10
9/8/2023 21:52,23.3,18.89,76.36,0,NaN,,9,,360,10
9/8/2023 22:52,21.1,18.89,87.29,0,NaN,,9,,100,10
9/8/2023 23:52,21.7,19.39,86.8,0,NaN,,17,37,260,10
9/9/2023 00:52,22.2,17.79,76.19,0,NaN,,11,,340,10
9/9/2023 01:52,21.7,18.29,81.04,0,NaN,,7,,40,10
9/9/2023 02:52,20.6,19.4,92.85,177.8,NaN,,11,,60,10
9/9/2023 03:52,21.1,19.39,90.04,0,NaN,,0,,0,10
9/9/2023 04:52,21.1,19.39,90.04,0,NaN,,7,,220,8
9/9/2023 05:52,20.6,19.4,92.85,0,NaN,,0,,0,8
9/9/2023 06:52,20,18.9,93.4,0,NaN,,7,,300,9
9/9/2023 07:52,22.2,19.39,84.2,0,NaN,,0,,0,10
9/9/2023 08:52,23.9,19.99,78.86,0,NaN,,0,,0,10
9/9/2023 09:52,25.6,20.6,73.95,0,NaN,,0,,0,10
9/9/2023 10:52,27.2,21.11,69.4,0,29.14,,7,,140,10
9/9/2023 11:52,30,21.13,59.02,0,32.64,,6,,0,10
9/9/2023 12:52,31.7,21.15,53.57,0,34.67,,9,,0,10
9/9/2023 13:52,31.7,20.06,50.07,0,33.84,,13,,150,10
9/9/2023 14:52,27.2,22.21,74.22,228.6,29.6,,20,31,130,8
9/9/2023 15:52,22.2,19.39,84.2,787.4,NaN,,7,,110,3
9/9/2023 16:52,22.2,19.99,87.39,50.8,NaN,,6,,270,4
9/9/2023 17:52,21.7,20,90.09,660.4,NaN,,11,,140,3
9/9/2023 18:52,21.7,20,90.09,152.4,NaN,,7,,160,8
9/9/2023 19:52,21.1,19.39,90.04,2.54,NaN,,9,,180,10
9/9/2023 20:52,20.6,19.4,92.85,0,NaN,,0,,0,10
9/9/2023 21:52,20.6,19.4,92.85,0,NaN,,0,,0,10
9/9/2023 22:52,20.6,19.4,92.85,0,NaN,,0,,0,10
9/9/2023 23:52,20.6,19.4,92.85,0,NaN,,6,,90,10
9/10/2023 00:52,21.1,19.39,90.04,0,NaN,,6,,140,10
9/10/2023 01:52,20.6,19.4,92.85,0,NaN,,0,,0,10
9/10/2023 02:52,20,18.9,93.4,0,NaN,,0,,0,10
9/10/2023 03:52,20.6,19.4,92.85,0,NaN,,0,,0,10
9/10/2023 04:52,20.6,19.4,92.85,0,NaN,,0,,0,10
9/10/2023 05:52,20.6,19.4,92.85,0,NaN,,0,,0,10
9/10/2023 06:52,20,18.9,93.4,0,NaN,,0,,0,6
9/10/2023 07:52,21.1,18.89,87.29,0,NaN,,0,,0,6
9/10/2023 08:52,21.7,19.39,86.8,0,NaN,,7,,320,10
9/10/2023 09:52,22.8,19.99,84.26,0,NaN,,6,,120,10
9/10/2023 10:52,22.8,20.6,87.44,2.54,NaN,,0,,0,10
9/10/2023 11:52,23.9,20.6,81.83,0,NaN,,6,,240,10
9/10/2023 12:52,25.6,20.6,73.95,0,NaN,,0,,0,10
9/10/2023 13:52,26.1,20,69.19,0,NaN,,6,,0,10
9/10/2023 14:52,27.2,19.41,62.49,0,28.54,,9,,160,10
9/10/2023 15:52,26.7,20.01,66.79,0,28.14,,9,,170,10
9/10/2023 16:52,26.1,21.1,74.03,2.54,NaN,,9,,330,10
9/10/2023 17:52,27.8,20.61,64.99,2.54,29.7,,7,,40,10
9/10/2023 18:52,26.7,20.61,69.31,0,28.31,,9,,40,10
9/10/2023 19:52,23.9,20.6,81.83,0,NaN,,7,,60,10
9/10/2023 20:52,23.9,20.6,81.83,0,NaN,,9,,30,10
9/10/2023 21:52,23.9,20.6,81.83,0,NaN,,9,,50,10
9/10/2023 22:52,23.3,20.6,84.84,0,NaN,,6,,40,10
9/10/2023 23:52,22.8,20.6,87.44,0,NaN,,0,,0,10
9/11/2023 00:52,22.8,20.6,87.44,2.54,NaN,,6,,270,10
9/11/2023 01:52,22.8,21.1,90.17,2.54,NaN,,11,,320,10
9/11/2023 02:52,22.2,20.6,90.68,2.54,NaN,,7,,340,10
9/11/2023 03:52,22.2,19.99,87.39,0,NaN,,13,,350,10
9/11/2023 04:52,21.7,20.6,93.48,3429,NaN,,0,,0,3
9/11/2023 05:52,21.7,20.6,93.48,254,NaN,,7,,20,5
9/11/2023 06:52,21.7,20.6,93.48,2.54,NaN,,9,,290,10
9/11/2023 07:52,21.7,20.6,93.48,0,NaN,,13,,320,10
9/11/2023 08:52,22.8,19.99,84.26,0,NaN,,15,,350,10
9/11/2023 09:52,23.9,20.6,81.83,0,NaN,,13,,350,10
9/11/2023 10:52,26.1,20,69.19,0,NaN,,7,,60,10
9/11/2023 11:52,27.8,20.02,62.63,0,29.44,,7,,0,10
9/11/2023 12:52,28.9,18.93,54.88,0,30.14,,7,,0,10
9/11/2023 13:52,28.3,17.82,53.04,0,29.1,,15,,310,10
9/11/2023 14:52,30,17.84,48.09,0,30.76,,20,,330,10
9/11/2023 15:52,30,16.75,44.86,0,30.3,,17,30,290,10
9/11/2023 16:52,29.4,16.14,44.69,0,29.53,,17,,310,10
9/11/2023 17:52,30,16.15,43.18,0,30.08,,17,,330,10
9/11/2023 18:52,28.9,15.04,42.87,0,28.77,,11,,330,10
9/11/2023 19:52,27.8,14.42,43.96,0,27.76,,7,,350,10
9/11/2023 20:52,25,14.99,53.88,0,NaN,,0,,0,10
9/11/2023 21:52,23.3,15.59,62,0,NaN,,7,,290,10
9/11/2023 22:52,24.4,13.89,52.02,0,NaN,,13,,350,10
9/11/2023 23:52,21.7,13.88,61.23,0,NaN,,0,,0,10
9/12/2023 00:52,21.1,14.98,68.19,0,NaN,,0,,0,10
9/12/2023 01:52,20,14.98,72.97,0,NaN,,0,,0,10
9/12/2023 02:52,20,14.98,72.97,0,NaN,,7,,290,10
9/12/2023 03:52,19.4,15.58,78.7,0,NaN,,0,,0,10
9/12/2023 04:52,20,14.98,72.97,0,NaN,,0,,0,10
9/12/2023 05:52,20,14.38,70.2,0,NaN,,0,,0,10
9/12/2023 06:52,18.3,14.38,78.03,0,NaN,,7,,300,10
9/12/2023 07:52,21.1,3.26,30.99,0,NaN,,7,,310,10
9/12/2023 08:52,23.9,16.09,61.74,0,NaN,,6,,10,10
9/12/2023 09:52,26.1,16.7,56.27,0,NaN,,7,,350,10
9/12/2023 10:52,27.8,17.22,52.57,0,28.45,,6,,0,10
9/12/2023 11:52,28.9,17.83,51.23,0,29.68,,6,,0,10
9/12/2023 12:52,30.6,15.66,40.41,0,30.46,,7,,0,10
9/12/2023 13:52,30,15.65,41.82,0,29.91,,9,,0,10
9/12/2023 14:52,31.1,15.67,39.28,0,30.94,,6,,0,10
9/12/2023 15:52,32.8,15.69,35.68,0,32.64,,11,,290,10
9/12/2023 16:52,31.7,15.68,37.97,0,31.53,,11,,140,10
9/12/2023 17:52,31.1,16.76,42.13,0,31.37,,9,,160,10
9/12/2023 18:52,28.9,17.83,51.23,0,29.68,,9,,120,10
9/12/2023 19:52,27.8,18.32,56.34,0,28.8,,11,,150,10
9/12/2023 20:52,25.6,19.4,68.66,0,NaN,,11,,70,10
9/12/2023 21:52,22.2,18.89,81.62,254,NaN,,19,46,280,2
9/12/2023 22:52,21.7,19.39,86.8,1803.4,NaN,,9,,90,7
9/12/2023 23:52,21.1,18.89,87.29,0,NaN,,6,,80,10
9/13/2023 00:52,21.1,18.89,87.29,0,NaN,,7,,290,10
9/13/2023 01:52,21.1,18.29,84.07,0,NaN,,0,,0,10
9/13/2023 02:52,21.1,18.29,84.07,0,NaN,,7,,270,10
9/13/2023 03:52,20.6,17.19,80.9,0,NaN,,11,,310,10
9/13/2023 04:52,20.6,16.68,78.38,0,NaN,,7,,330,10
9/13/2023 05:52,20.6,16.68,78.38,0,NaN,,9,,330,10
9/13/2023 06:52,20.6,16.68,78.38,0,NaN,,17,,320,10
9/13/2023 07:52,21.1,4.35,33.48,0,NaN,,9,,320,10
9/13/2023 08:52,22.2,15.58,66.26,0,NaN,,11,,340,10
9/13/2023 09:52,22.2,15.58,66.26,0,NaN,,13,,300,10
9/13/2023 10:52,25,15.6,56,0,NaN,,19,,320,10
9/13/2023 11:52,26.1,15.6,52.46,0,NaN,,11,,0,10
9/13/2023 12:52,27.2,14.42,45.53,0,27.33,,11,,340,10
9/13/2023 13:52,26.7,13.91,45.39,0,26.61,,7,,0,10
9/13/2023 14:52,27.2,13.92,44.08,0,27.24,,9,,350,10
9/13/2023 15:52,28.9,12.24,35.74,0,28.16,,7,,0,10
9/13/2023 16:52,28.9,13.34,38.41,0,28.37,,11,,40,10
9/13/2023 17:52,26.7,12.21,40.62,0,26.49,,9,,40,10
9/13/2023 18:52,26.7,11.72,39.31,0,26.45,,11,,340,10
9/13/2023 19:52,25.6,12.2,43.35,0,NaN,,11,,330,10
9/13/2023 20:52,25,12.2,44.92,0,NaN,,11,,330,10
9/13/2023 21:52,23.9,12.19,47.97,0,NaN,,9,,320,10
9/13/2023 22:52,23.9,11.68,46.41,0,NaN,,13,,330,10
9/13/2023 23:52,22.2,13.28,57.12,0,NaN,,0,,0,10
9/14/2023 00:52,21.7,14.38,63.24,0,NaN,,6,,280,10
9/14/2023 01:52,21.7,12.17,54.79,0,NaN,,11,,320,10
9/14/2023 02:52,20.6,11.06,54.51,0,NaN,,11,,330,10
9/14/2023 03:52,18.9,11.66,63.01,0,NaN,,11,,310,10
9/14/2023 04:52,18.3,11.66,65.42,0,NaN,,11,,320,10
9/14/2023 05:52,17.2,11.67,70.11,0,NaN,,0,,0,10
9/14/2023 06:52,16.7,11.67,72.36,0,NaN,,13,,330,10
9/14/2023 07:52,17.8,12.17,69.77,0,NaN,,15,,330,10
9/14/2023 08:52,20.6,11.67,56.72,0,NaN,,19,,350,10
9/14/2023 09:52,21.7,11.67,53.02,0,NaN,,22,,350,10
9/14/2023 10:52,23.3,11.68,48.12,0,NaN,,17,,350,10
9/14/2023 11:52,25,11.69,43.46,0,NaN,,15,31,330,10
9/14/2023 12:52,25.6,11.1,40.31,0,NaN,,17,30,340,10
9/14/2023 13:52,26.1,7.81,31.35,0,NaN,,17,35,330,10
9/14/2023 14:52,26.7,5.63,26.02,0,26.1,,20,30,340,10
9/14/2023 15:52,26.1,7.21,30.09,0,NaN,,22,31,330,10
9/14/2023 16:52,26.1,7.21,30.09,0,NaN,,22,,330,10
9/14/2023 17:52,25.6,6.71,29.95,0,NaN,,20,,340,10
9/14/2023 18:52,23.9,7.19,34.3,0,NaN,,19,,350,10
9/14/2023 19:52,22.8,7.77,38.18,0,NaN,,17,,350,10
9/14/2023 20:52,21.7,8.26,42.23,0,NaN,,9,,10,10
9/14/2023 21:52,20.6,8.86,47.05,0,NaN,,15,,10,10
9/14/2023 22:52,19.4,9.36,52.41,0,NaN,,20,,20,10
9/14/2023 23:52,17.8,9.95,60.29,0,NaN,,11,,30,10
9/15/2023 00:52,17.8,9.95,60.29,0,NaN,,11,,10,10
9/15/2023 01:52,17.2,9.96,62.62,0,NaN,,19,,20,10
9/15/2023 02:52,16.1,9.96,67.15,0,NaN,,15,,20,10
9/15/2023 03:52,15.6,9.35,66.59,0,NaN,,19,,10,10
9/15/2023 04:52,15,8.25,64.25,0,NaN,,15,,360,10
9/15/2023 05:52,15,8.25,64.25,0,NaN,,17,,350,10
9/15/2023 06:52,14.4,8.25,66.78,0,NaN,,17,,340,10
9/15/2023 07:52,15.6,7.14,57.36,0,NaN,,19,35,350,10
9/15/2023 08:52,17.2,7.74,53.98,0,NaN,,24,,360,10
9/15/2023 09:52,18.3,7.75,50.37,0,NaN,,22,,10,10
9/15/2023 10:52,20,8.25,46.88,0,NaN,,20,33,20,10
9/15/2023 11:52,21.1,8.26,43.81,0,NaN,,17,31,30,10
9/15/2023 12:52,22.8,8.27,39.5,0,NaN,,17,,360,10
9/15/2023 13:52,23.3,7.18,35.56,0,NaN,,22,35,10,10
9/15/2023 14:52,24.4,7.19,33.29,0,NaN,,19,30,340,10
9/15/2023 15:52,25,7.2,32.12,0,NaN,,20,,320,10
9/15/2023 16:52,25.6,6.71,29.95,0,NaN,,20,,360,10
9/15/2023 17:52,25,6.7,31.04,0,NaN,,22,,330,10
9/15/2023 18:52,23.9,6.68,33.14,0,NaN,,20,,360,10
9/15/2023 19:52,22.2,7.17,38.01,0,NaN,,17,,20,10
9/15/2023 20:52,19.4,8.85,50.67,0,NaN,,6,,330,10
9/15/2023 21:52,17.8,9.95,60.29,0,NaN,,7,,310,10
9/15/2023 22:52,15.6,9.96,69.32,0,NaN,,6,,310,10
9/15/2023 23:52,13.9,9.97,77.35,0,NaN,,6,,300,10
9/16/2023 00:52,12.8,9.97,83.09,0,NaN,,0,,0,10
9/16/2023 01:52,12.8,9.97,83.09,0,NaN,,0,,0,10
9/16/2023 02:52,13.3,9.97,80.42,0,NaN,,6,,320,10
9/16/2023 03:52,12.2,9.37,83.02,0,NaN,,6,,280,10
9/16/2023 04:52,11.7,9.38,85.8,0,NaN,,6,,320,10
9/16/2023 05:52,11.7,9.38,85.8,0,NaN,,0,,0,10
9/16/2023 06:52,10,8.89,92.87,0,NaN,,0,,0,10
9/16/2023 07:52,15,-0.09,35.88,0,NaN,,6,,310,10
9/16/2023 08:52,17.2,-0.08,31.18,0,NaN,,15,,310,10
9/16/2023 09:52,19.4,-0.66,26.01,0,NaN,,17,,320,10
9/16/2023 10:52,21.7,-0.63,22.57,0,NaN,,17,,290,10
9/16/2023 11:52,23.3,-1.1,19.75,0,NaN,,15,,290,10
9/16/2023 12:52,24.4,-1.08,18.49,0,NaN,,11,,330,10
9/16/2023 13:52,25.6,-1.06,17.22,0,NaN,,13,,320,10
9/16/2023 14:52,26.7,-1.04,16.13,0,25.85,,9,,0,10
9/16/2023 15:52,27.2,-1.02,15.67,0,26.38,,7,,300,10
9/16/2023 16:52,28.3,-1,14.7,0,26.86,,9,,270,10
9/16/2023 17:52,26.7,-1.04,16.13,0,25.85,,7,,0,10
9/16/2023 18:52,25.6,-1.06,17.22,0,NaN,,7,,230,10
9/16/2023 19:52,20.6,-1.74,22.28,0,NaN,,7,,120,10
9/16/2023 20:52,18.3,-1.77,25.69,0,NaN,,9,,120,10
9/16/2023 21:52,19.4,-0.66,26.01,0,NaN,,9,,160,10
9/16/2023 22:52,16.1,-1.19,30.86,0,NaN,,0,,0,10
9/16/2023 23:52,15,-1.8,31.68,0,NaN,,0,,0,10
9/17/2023 00:52,13.3,-1.81,35.36,0,NaN,,0,,0,10
9/17/2023 01:52,14.4,-1.8,32.93,0,NaN,,0,,0,10
9/17/2023 02:52,13.9,-3.41,30.2,0,NaN,,0,,0,10
9/17/2023 03:52,12.2,-1.21,39.72,0,NaN,,0,,0,10
9/17/2023 04:52,13.3,-1.2,36.96,0,NaN,,0,,0,10
9/17/2023 05:52,14.4,-2.3,31.73,0,NaN,,7,,300,10
9/17/2023 06:52,13.9,-1.2,35.55,0,NaN,,0,,0,10
9/17/2023 07:52,16.7,13.88,83.56,0,NaN,,0,,0,10
9/17/2023 08:52,17.2,13.88,80.96,2.54,NaN,,11,,320,10
9/17/2023 09:52,16.1,13.88,86.81,101.6,NaN,,9,,340,4
9/17/2023 10:52,17.2,14.99,86.92,50.8,NaN,,0,,0,4
9/17/2023 11:52,18.9,15.58,81.19,25.4,NaN,,0,,0,10
9/17/2023 12:52,20,16.68,81.33,0,NaN,,6,,0,10
9/17/2023 13:52,23.3,17.19,68.63,0,NaN,,13,,220,10
9/17/2023 14:52,22.8,17.19,70.74,0,NaN,,6,,230,10
9/17/2023 15:52,20.6,17.19,80.9,25.4,NaN,,11,30,190,10
9/17/2023 16:52,20.6,16.68,78.38,25.4,NaN,,13,,190,10
9/17/2023 17:52,19.4,9.96,54.56,2.54,NaN,,17,,180,10
9/17/2023 18:52,18.9,15.58,81.19,2.54,NaN,,15,,200,10
9/17/2023 19:52,18.3,15.58,84.29,25.4,NaN,,9,,170,10
9/17/2023 20:52,18.3,15.58,84.29,25.4,NaN,,13,,190,10
9/17/2023 21:52,17.8,15.59,86.98,2.54,NaN,,11,,190,10
9/17/2023 22:52,17.8,15.59,86.98,0,NaN,,0,,0,10
9/17/2023 23:52,17.8,14.98,83.69,0,NaN,,9,,180,10
9/18/2023 00:52,17.2,14.38,83.62,0,NaN,,7,,210,10
9/18/2023 01:52,16.7,14.38,86.31,0,NaN,,0,,0,10
9/18/2023 02:52,16.7,14.38,86.31,0,NaN,,13,,330,10
9/18/2023 03:52,16.1,14.39,89.67,0,NaN,,11,,330,10
9/18/2023 04:52,16.1,14.39,89.67,0,NaN,,11,,320,10
9/18/2023 05:52,16.1,14.39,89.67,0,NaN,,11,,330,10
9/18/2023 06:52,16.1,13.88,86.81,0,NaN,,11,,320,10
9/18/2023 07:52,16.7,4.93,45.94,0,NaN,,15,,320,10
9/18/2023 08:52,17.2,2.12,36.53,0,NaN,,19,,320,10
9/18/2023 09:52,20,4.95,37.36,0,NaN,,26,37,340,10
9/18/2023 10:52,21.1,4.35,33.48,0,NaN,,28,35,310,10
9/18/2023 11:52,21.7,3.86,31.16,0,NaN,,19,,320,10
9/18/2023 12:52,23.9,4.99,29.46,0,NaN,,24,41,340,10
9/18/2023 13:52,23.9,4.99,29.46,0,NaN,,24,41,330,10
9/18/2023 14:52,25,3.91,25.55,0,NaN,,26,41,320,10
9/18/2023 15:52,25,2.81,23.64,0,NaN,,26,39,330,10
9/18/2023 16:52,26.1,3.32,22.94,0,NaN,,19,37,340,10
9/18/2023 17:52,25,2.81,23.64,0,NaN,,24,,310,10
9/18/2023 18:52,23.3,1.09,23.17,0,NaN,,17,,320,10
9/18/2023 19:52,21.1,0.56,25.55,0,NaN,,15,33,280,10
9/18/2023 20:52,20,-0.05,26.18,0,NaN,,17,,290,10
9/18/2023 21:52,19.4,-1.16,25.07,0,NaN,,17,,310,10
9/18/2023 22:52,19.4,-1.16,25.07,0,NaN,,9,,280,10
9/18/2023 23:52,17.2,-2.28,26.54,0,NaN,,7,,270,10
9/19/2023 00:52,17.8,-2.28,25.55,0,NaN,,9,,280,10
9/19/2023 01:52,17.2,-2.28,26.54,0,NaN,,15,,290,10
9/19/2023 02:52,15.6,-3.99,25.88,0,NaN,,15,,310,10
9/19/2023 03:52,15,-4,26.9,0,NaN,,17,,310,10
9/19/2023 04:52,14.4,-4.51,26.92,0,NaN,,7,,300,10
9/19/2023 05:52,14.4,-0.1,37.29,0,NaN,,15,,300,10
9/19/2023 06:52,14.4,-0.1,37.29,0,NaN,,15,,300,10
9/19/2023 07:52,16.7,11.06,69.55,0,NaN,,0,,0,10
9/19/2023 08:52,18.3,11.66,65.42,0,NaN,,13,,310,10
9/19/2023 09:52,20,11.06,56.56,0,NaN,,20,31,300,10
9/19/2023 10:52,21.7,11.07,50.96,0,NaN,,20,,290,10
9/19/2023 11:52,22.8,10.57,46.1,0,NaN,,15,,290,10
9/19/2023 12:52,24.4,9.99,40.23,0,NaN,,20,33,310,10
9/19/2023 13:52,22.8,9.98,44.3,0,NaN,,20,,330,10
9/19/2023 14:52,24.4,9.39,38.65,0,NaN,,20,,300,10
9/19/2023 15:52,25,10,38.82,0,NaN,,13,,310,10
9/19/2023 16:52,25,9.4,37.29,0,NaN,,13,,320,10
9/19/2023 17:52,24.4,9.39,38.65,0,NaN,,17,,300,10
9/19/2023 18:52,22.8,8.87,41.14,0,NaN,,15,,340,10
9/19/2023 19:52,21.1,9.36,47.19,0,NaN,,9,,350,10
9/19/2023 20:52,20.6,8.86,47.05,0,NaN,,11,,360,10
9/19/2023 21:52,15,9.96,72.04,0,NaN,,0,,0,10
9/19/2023 22:52,13.9,9.97,77.35,0,NaN,,6,,190,10
9/19/2023 23:52,12.8,9.97,83.09,0,NaN,,0,,0,10
9/20/2023 00:52,12.2,9.98,86.42,0,NaN,,0,,0,10
9/20/2023 01:52,11.7,9.98,89.32,0,NaN,,0,,0,10
9/20/2023 02:52,12.2,9.98,86.42,0,NaN,,0,,0,10
9/20/2023 03:52,11.7,9.98,89.32,0,NaN,,0,,0,10
9/20/2023 04:52,10.6,8.88,89.23,0,NaN,,0,,0,10
9/20/2023 05:52,11.1,9.38,89.27,0,NaN,,0,,0,10
9/20/2023 06:52,11.1,9.38,89.27,0,NaN,,0,,0,10
9/20/2023 07:52,15.6,11.06,74.59,0,NaN,,0,,0,10
9/20/2023 08:52,18.3,12.17,67.61,0,NaN,,0,,0,10
9/20/2023 09:52,21.1,10.56,51.13,0,NaN,,0,,0,10
9/20/2023 10:52,23.9,9.99,41.46,0,NaN,,0,,0,10
9/20/2023 11:52,23.9,8.88,38.5,0,NaN,,6,,0,10
9/20/2023 12:52,24.4,9.99,40.23,0,NaN,,7,,0,10
9/20/2023 13:52,26.1,10.61,37.86,0,NaN,,6,,0,10
9/20/2023 14:52,26.1,10.01,36.37,0,NaN,,11,,360,10
9/20/2023 15:52,25.6,9.4,35.98,0,NaN,,9,,320,10
9/20/2023 16:52,25,10,38.82,0,NaN,,9,,0,10
9/20/2023 17:52,25.6,10,37.46,0,NaN,,7,,310,10
9/20/2023 18:52,23.9,9.99,41.46,0,NaN,,9,,300,10
9/20/2023 19:52,18.3,11.06,62.87,0,NaN,,7,,110,10
9/20/2023 20:52,17.2,11.67,70.11,0,NaN,,0,,0,10
9/20/2023 21:52,15.6,11.67,77.61,0,NaN,,0,,0,10
9/20/2023 22:52,15,12.18,83.36,0,NaN,,0,,0,10
9/20/2023 23:52,14.4,11.68,83.84,0,NaN,,0,,0,10
9/21/2023 00:52,13.9,11.68,86.6,0,NaN,,6,,330,10
9/21/2023 01:52,12.8,10.58,86.49,0,NaN,,0,,0,10
9/21/2023 02:52,12.8,11.08,89.41,0,NaN,,0,,0,10
9/21/2023 03:52,12.2,10.58,89.96,0,NaN,,0,,0,10
9/21/2023 04:52,12.2,10.58,89.96,0,NaN,,0,,0,10
9/21/2023 05:52,13.9,11.08,83.23,0,NaN,,6,,330,10
9/21/2023 06:52,12.8,10.58,86.49,0,NaN,,6,,320,10
9/21/2023 07:52,15,11.67,80.66,0,NaN,,7,,320,10
9/21/2023 08:52,17.8,12.17,69.77,0,NaN,,9,,350,10
9/21/2023 09:52,20,11.66,58.85,0,NaN,,11,,360,10
9/21/2023 10:52,22.2,13.28,57.12,0,NaN,,13,,340,10
9/21/2023 11:52,23.9,12.79,49.89,0,NaN,,13,,320,10
9/21/2023 12:52,25.6,12.2,43.35,0,NaN,,9,,330,10
9/21/2023 13:52,26.1,11.11,39.14,0,NaN,,7,,0,10
9/21/2023 14:52,26.7,10.61,36.54,0,26.38,,9,,0,10
9/21/2023 15:52,25.6,10,37.46,0,NaN,,13,,40,10
9/21/2023 16:52,25.6,10.6,38.99,0,NaN,,9,,0,10
9/21/2023 17:52,23.9,11.09,44.61,0,NaN,,11,,40,10
9/21/2023 18:52,22.2,10.57,47.81,0,NaN,,11,,30,10
9/21/2023 19:52,20,10.56,54.71,0,NaN,,9,,40,10
9/21/2023 20:52,17.2,11.67,70.11,0,NaN,,7,,40,10
9/21/2023 21:52,17.2,11.67,70.11,0,NaN,,7,,20,10
9/21/2023 22:52,18.3,11.66,65.42,0,NaN,,9,,30,10
9/21/2023 23:52,17.2,11.06,67.38,0,NaN,,9,,30,10
9/22/2023 00:52,17.2,9.96,62.62,0,NaN,,9,,10,10
9/22/2023 01:52,16.1,10.56,69.89,0,NaN,,7,,30,10
9/22/2023 02:52,16.1,10.56,69.89,0,NaN,,9,,20,10
9/22/2023 03:52,15.6,11.06,74.59,0,NaN,,9,,20,10
9/22/2023 04:52,14.4,10.57,77.94,0,NaN,,6,,10,10
9/22/2023 05:52,14.4,11.68,83.84,0,NaN,,11,,10,10
9/22/2023 06:52,13.9,11.08,83.23,0,NaN,,13,,10,10
9/22/2023 07:52,14.4,11.07,80.58,0,NaN,,11,,10,10
9/22/2023 08:52,16.1,10.56,69.89,0,NaN,,11,,20,10
9/22/2023 09:52,18.3,11.66,65.42,0,NaN,,15,,20,10
9/22/2023 10:52,20.6,11.67,56.72,0,NaN,,20,31,50,10
9/22/2023 11:52,21.1,12.17,56.84,0,NaN,,13,33,70,10
9/22/2023 12:52,22.2,12.77,55.28,0,NaN,,24,31,60,10
9/22/2023 13:52,22.8,11.68,49.59,0,NaN,,20,,70,10
9/22/2023 14:52,22.8,11.08,47.66,0,NaN,,20,35,50,10
9/22/2023 15:52,22.2,11.07,49.43,0,NaN,,22,,70,10
9/22/2023 16:52,21.7,11.67,53.02,0,NaN,,20,,50,10
9/22/2023 17:52,21.1,11.67,55,0,NaN,,22,,60,10
9/22/2023 18:52,20.6,12.17,58.61,0,NaN,,20,35,60,10
9/22/2023 19:52,19.4,11.06,58.71,0,NaN,,15,37,60,10
9/22/2023 20:52,18.9,11.06,60.56,0,NaN,,24,37,50,10
9/22/2023 21:52,18.3,11.06,62.87,0,NaN,,22,,50,10
9/22/2023 22:52,18.3,11.06,62.87,0,NaN,,20,37,50,10
9/22/2023 23:52,16.1,12.17,77.69,25.4,NaN,,19,,30,9
9/23/2023 00:52,15.6,12.78,83.43,152.4,NaN,,19,,20,10
9/23/2023 01:52,15,12.78,86.7,50.8,NaN,,22,37,10,10
9/23/2023 02:52,14.4,12.18,86.65,101.6,NaN,,19,35,10,9
9/23/2023 03:52,14.4,12.18,86.65,25.4,NaN,,22,37,10,10
9/23/2023 04:52,14.4,12.79,90.12,127,NaN,,19,,20,8
9/23/2023 05:52,14.4,12.79,90.12,203.2,NaN,,22,,10,5
9/23/2023 06:52,13.9,12.79,93.09,203.2,NaN,,26,,20,5
9/23/2023 07:52,13.9,12.18,89.49,279.4,NaN,,22,37,20,10
9/23/2023 08:52,13.9,12.79,93.09,584.2,NaN,,22,37,10,1.5
9/23/2023 09:52,14.4,13.29,93.11,177.8,NaN,,26,,10,2.5
9/23/2023 10:52,15,13.89,93.14,76.2,NaN,,20,,10,3
9/23/2023 11:52,15,13.89,93.14,25.4,NaN,,20,35,10,2.5
9/23/2023 12:52,15.6,13.89,89.63,50.8,NaN,,22,,20,2.5
9/23/2023 13:52,15.6,14.39,92.58,50.8,NaN,,20,41,10,2.5
9/23/2023 14:52,16.1,14.39,89.67,381,NaN,,22,37,20,3
9/23/2023 15:52,16.7,14.99,89.71,177.8,NaN,,28,44,30,3
9/23/2023 16:52,16.7,14.99,89.71,76.2,NaN,,31,48,30,7
9/23/2023 17:52,16.1,14.99,93.2,254,NaN,,30,48,30,2.5
9/23/2023 18:52,16.1,14.99,93.2,660.4,NaN,,28,,30,3
9/23/2023 19:52,16.7,14.99,89.71,50.8,NaN,,30,44,40,5
9/23/2023 20:52,16.7,14.99,89.71,25.4,NaN,,26,,30,4
9/23/2023 21:52,16.1,14.99,93.2,50.8,NaN,,33,48,40,4
9/23/2023 22:52,16.1,14.99,93.2,50.8,NaN,,24,,30,3
9/23/2023 23:52,16.7,15.59,93.23,76.2,NaN,,24,35,20,4
9/24/2023 00:52,16.7,15.59,93.23,76.2,NaN,,24,,30,6
9/24/2023 01:52,16.7,15.59,93.23,76.2,NaN,,22,,30,6
9/24/2023 02:52,17.2,15.59,90.33,228.6,NaN,,19,,20,6
9/24/2023 03:52,17.2,16.09,93.26,304.8,NaN,,13,,160,2.5
9/24/2023 04:52,17.2,16.7,96.88,736.6,NaN,,7,,320,3
9/24/2023 05:52,17.8,16.69,93.29,482.6,NaN,,11,,20,2.5
9/24/2023 06:52,17.2,16.09,93.26,482.6,NaN,,6,,310,2
9/24/2023 07:52,16.7,15.59,93.23,533.4,NaN,,9,,340,2
9/24/2023 08:52,17.2,16.09,93.26,127,NaN,,6,,10,2.5
9/24/2023 09:51,17.8,16.69,93.29,177.8,NaN,,7,,20,4
9/24/2023 10:52,18.3,17.19,93.31,50.8,NaN,,0,,0,8
9/24/2023 11:52,19.4,16.69,84.41,0,NaN,,0,,0,10
9/24/2023 12:52,18.9,17.19,89.88,2.54,NaN,,7,,310,10
9/24/2023 13:52,21.1,17.79,81.48,0,NaN,,9,,310,10
9/24/2023 14:52,20,17.19,83.95,0,NaN,,13,,310,10
9/24/2023 15:52,20.6,16.68,78.38,0,NaN,,13,,310,10
9/24/2023 16:52,18.9,17.79,93.34,50.8,NaN,,11,,290,4
9/24/2023 17:52,19.4,17.19,87.13,25.4,NaN,,15,,300,10
9/24/2023 18:52,18.9,16.69,87.08,0,NaN,,15,,290,10
9/24/2023 19:52,18.3,16.69,90.41,0,NaN,,17,,290,10
9/24/2023 20:52,17.8,16.09,89.8,0,NaN,,11,,300,10
9/24/2023 21:52,18.3,16.09,87.02,0,NaN,,13,,290,10
9/24/2023 22:52,17.8,16.09,89.8,0,NaN,,15,,310,10
9/24/2023 23:52,17.8,16.09,89.8,0,NaN,,11,,310,10
9/25/2023 00:52,17.8,16.09,89.8,0,NaN,,13,,310,10
9/25/2023 01:52,17.8,16.09,89.8,0,NaN,,11,,320,10
9/25/2023 02:52,17.2,15.59,90.33,0,NaN,,15,,310,10
9/25/2023 03:52,16.7,14.99,89.71,0,NaN,,13,,310,10
9/25/2023 04:52,16.7,14.99,89.71,0,NaN,,9,,310,10
9/25/2023 05:52,16.7,14.99,89.71,0,NaN,,9,,310,10
9/25/2023 06:52,16.1,14.39,89.67,0,NaN,,9,,320,7
9/25/2023 07:52,17.2,14.99,86.92,0,NaN,,7,,300,10
9/25/2023 08:52,18.9,15.58,81.19,0,NaN,,15,,340,10
9/25/2023 09:52,18.9,14.98,78.12,0,NaN,,17,,320,10
9/25/2023 10:52,19.4,14.38,72.86,0,NaN,,15,,340,10
9/25/2023 11:52,20.6,14.38,67.65,0,NaN,,17,,350,10
9/25/2023 12:52,21.1,14.98,68.19,0,NaN,,13,,350,10
9/25/2023 13:52,21.1,14.98,68.19,0,NaN,,9,,350,10
9/25/2023 14:52,21.1,14.38,65.6,0,NaN,,11,,10,10
9/25/2023 15:52,20.6,14.98,70.32,0,NaN,,15,,360,10
9/25/2023 16:52,20.6,15.58,73.07,0,NaN,,13,,20,10
9/25/2023 17:52,20,14.98,72.97,0,NaN,,19,,360,10
9/25/2023 18:52,18.9,15.58,81.19,0,NaN,,17,,40,10
9/25/2023 19:52,17.8,16.69,93.29,25.4,NaN,,15,,30,2
9/25/2023 20:52,17.8,16.09,89.8,2.54,NaN,,11,,40,7
9/25/2023 21:52,16.1,14.99,93.2,25.4,NaN,,20,,50,4
9/25/2023 22:52,16.1,13.88,86.81,0,NaN,,15,,50,10
9/25/2023 23:52,16.1,13.88,86.81,0,NaN,,11,,20,10
9/26/2023 00:52,15.6,13.89,89.63,0,NaN,,9,,50,7
9/26/2023 01:52,15.6,14.39,92.58,25.4,NaN,,9,,10,4
9/26/2023 02:52,15.6,14.39,92.58,25.4,NaN,,7,,360,5
9/26/2023 03:52,15.6,14.39,92.58,25.4,NaN,,13,,360,4
9/26/2023 04:52,15.6,14.39,92.58,25.4,NaN,,13,,20,4
9/26/2023 05:52,15.6,13.89,89.63,25.4,NaN,,11,,20,4
9/26/2023 06:52,15,13.89,93.14,25.4,NaN,,13,,20,4
9/26/2023 07:52,15,13.29,89.58,50.8,NaN,,17,,10,3
9/26/2023 08:52,15,13.29,89.58,25.4,NaN,,15,,20,3
9/26/2023 09:52,15,13.89,93.14,0,NaN,,17,,20,4
9/26/2023 10:52,15.6,13.89,89.63,0,NaN,,19,,30,5
9/26/2023 11:52,15.6,13.89,89.63,0,NaN,,15,,30,5
9/26/2023 12:52,15.6,14.39,92.58,2.54,NaN,,11,,20,3
9/26/2023 13:52,16.1,14.39,89.67,25.4,NaN,,13,,30,2.5
9/26/2023 14:52,16.1,13.88,86.81,2.54,NaN,,9,,30,6
9/26/2023 15:52,16.1,13.88,86.81,2.54,NaN,,13,,50,7
9/26/2023 16:52,15.6,14.39,92.58,2.54,NaN,,13,,30,2.5
9/26/2023 17:52,15.6,14.39,92.58,25.4,NaN,,9,,30,3
9/26/2023 18:52,15.6,13.89,89.63,2.54,NaN,,9,,70,2
9/26/2023 19:52,15.6,13.89,89.63,2.54,NaN,,13,,50,3
9/26/2023 20:52,15.6,13.89,89.63,2.54,NaN,,11,,60,10
9/26/2023 21:52,15.6,13.89,89.63,0,NaN,,9,,0,10
9/26/2023 22:52,15.6,13.28,86.2,0,NaN,,9,,80,10
9/26/2023 23:52,15.6,13.89,89.63,0,NaN,,9,,40,10
9/27/2023 00:52,15,13.29,89.58,0,NaN,,9,,30,10
9/27/2023 01:52,15,13.29,89.58,0,NaN,,7,,40,10
9/27/2023 02:52,14.4,12.79,90.12,0,NaN,,13,,40,10
9/27/2023 03:52,14.4,12.18,86.65,0,NaN,,11,,10,10
9/27/2023 04:52,14.4,12.18,86.65,0,NaN,,11,,20,10
9/27/2023 05:52,14.4,12.18,86.65,0,NaN,,13,,30,10
9/27/2023 06:52,14.4,11.68,83.84,0,NaN,,15,,30,10
9/27/2023 07:52,14.4,11.68,83.84,0,NaN,,11,,30,10
9/27/2023 08:52,15,11.67,80.66,0,NaN,,11,,50,10
9/27/2023 09:52,16.7,12.17,74.78,0,NaN,,9,,40,10
9/27/2023 10:52,17.8,11.66,67.51,0,NaN,,11,,20,10
9/27/2023 11:52,18.9,10.56,58.58,0,NaN,,9,,80,10
9/27/2023 12:52,20,10.56,54.71,0,NaN,,15,,20,10
9/27/2023 13:52,21.1,9.36,47.19,0,NaN,,7,,10,10
9/27/2023 14:52,21.1,9.36,47.19,0,NaN,,9,,0,10
9/27/2023 15:52,21.1,8.26,43.81,0,NaN,,11,,110,10
9/27/2023 16:52,21.7,6.66,37.86,0,NaN,,15,,90,10
9/27/2023 17:52,20,7.15,43.49,0,NaN,,15,,100,10
9/27/2023 18:52,18.3,8.25,52.11,0,NaN,,17,,120,10
9/27/2023 19:52,15.6,7.74,59.76,0,NaN,,9,,90,10
9/27/2023 20:52,15,8.25,64.25,0,NaN,,9,,90,10
9/27/2023 21:52,13.9,9.36,74.3,0,NaN,,0,,0,10
9/27/2023 22:52,13.9,9.97,77.35,0,NaN,,9,,50,10
9/27/2023 23:52,13.3,9.97,80.42,0,NaN,,6,,70,10
9/28/2023 00:52,13.3,9.97,80.42,0,NaN,,9,,30,10
9/28/2023 01:52,11.7,9.38,85.8,0,NaN,,6,,20,10
9/28/2023 02:52,11.1,9.38,89.27,0,NaN,,6,,10,10
9/28/2023 03:52,11.7,9.98,89.32,0,NaN,,6,,10,10
9/28/2023 04:52,11.1,9.38,89.27,0,NaN,,6,,10,10
9/28/2023 05:52,11.7,9.38,85.8,0,NaN,,6,,330,10
9/28/2023 06:52,12.2,9.37,83.02,0,NaN,,11,,20,10
9/28/2023 07:52,12.8,9.37,79.81,0,NaN,,13,,10,10
9/28/2023 08:52,13.9,10.57,80.51,0,NaN,,11,,20,10
9/28/2023 09:52,16.1,11.67,75.18,0,NaN,,9,,80,10
9/28/2023 10:52,17.8,12.77,72.57,0,NaN,,9,,0,10
9/28/2023 11:52,18.9,12.17,65.12,0,NaN,,6,,0,10
9/28/2023 12:52,21.1,12.77,59.12,0,NaN,,7,,320,10
9/28/2023 13:52,20.6,12.17,58.61,0,NaN,,9,,0,10
9/28/2023 14:52,21.1,12.77,59.12,0,NaN,,11,,50,10
9/28/2023 15:52,20.6,13.27,62.99,0,NaN,,13,,110,10
9/28/2023 16:52,20.6,13.87,65.49,0,NaN,,7,,70,10
9/28/2023 17:52,20.6,13.87,65.49,0,NaN,,9,,70,10
9/28/2023 18:52,20,13.87,67.96,0,NaN,,9,,70,10
9/28/2023 19:52,19.4,14.38,72.86,0,NaN,,7,,80,10
9/28/2023 20:52,17.8,15.59,86.98,25.4,NaN,,9,,90,10
9/28/2023 21:52,17.8,14.98,83.69,50.8,NaN,,15,,60,8
9/28/2023 22:52,17.2,14.99,86.92,0,NaN,,9,,40,10
9/28/2023 23:52,17.2,14.99,86.92,0,NaN,,9,,30,10
9/29/2023 00:52,16.7,14.99,89.71,2.54,NaN,,11,,40,10
9/29/2023 01:52,16.7,14.99,89.71,2.54,NaN,,11,,10,10
9/29/2023 02:52,16.7,14.99,89.71,2.54,NaN,,11,,20,10
9/29/2023 03:52,16.7,14.99,89.71,0,NaN,,13,,20,8
9/29/2023 04:52,16.1,14.99,93.2,2.54,NaN,,11,,360,5
9/29/2023 05:52,16.1,14.99,93.2,25.4,NaN,,11,,360,3
9/29/2023 06:52,16.1,14.99,93.2,0,NaN,,11,,350,4
9/29/2023 07:52,16.1,14.39,89.67,0,NaN,,19,,350,3
9/29/2023 08:52,16.1,14.99,93.2,0,NaN,,13,,350,2.5
9/29/2023 09:52,16.7,15.59,93.23,0,NaN,,13,,350,3
9/29/2023 10:52,17.2,15.59,90.33,0,NaN,,11,,330,3
9/29/2023 11:52,18.3,14.98,81.11,0,NaN,,15,,350,6
9/29/2023 12:52,19.4,15.58,78.7,0,NaN,,13,,340,7
9/29/2023 13:52,19.4,14.98,75.73,0,NaN,,15,,360,10
9/29/2023 14:52,20.6,15.58,73.07,0,NaN,,15,,10,10
9/29/2023 15:52,20.6,15.58,73.07,0,NaN,,17,,10,10
9/29/2023 16:52,20.6,15.58,73.07,0,NaN,,17,,360,10
9/29/2023 17:52,20.6,15.58,73.07,0,NaN,,17,,340,10
9/29/2023 18:52,20,14.98,72.97,0,NaN,,15,,350,10
9/29/2023 19:52,20,14.98,72.97,0,NaN,,13,,10,10
9/29/2023 20:52,19.4,14.98,75.73,0,NaN,,15,,20,10
9/29/2023 21:52,19.4,15.58,78.7,0,NaN,,15,,10,10
9/29/2023 22:52,18.9,15.58,81.19,0,NaN,,13,,20,10
9/29/2023 23:52,18.9,15.58,81.19,0,NaN,,13,,350,10
9/30/2023 00:52,18.3,15.58,84.29,0,NaN,,9,,320,10
9/30/2023 01:52,18.3,15.58,84.29,0,NaN,,7,,320,10
9/30/2023 02:52,18.3,15.58,84.29,0,NaN,,7,,320,10
9/30/2023 03:52,18.3,15.58,84.29,0,NaN,,9,,330,10
9/30/2023 04:52,18.3,15.58,84.29,2.54,NaN,,9,,320,10
9/30/2023 05:52,18.3,15.58,84.29,0,NaN,,9,,320,10
9/30/2023 06:52,18.3,15.58,84.29,2.54,NaN,,13,,350,10
9/30/2023 07:52,18.9,15.58,81.19,0,NaN,,17,,360,10
9/30/2023 08:52,18.9,15.58,81.19,0,NaN,,17,,20,10
9/30/2023 09:52,19.4,15.58,78.7,0,NaN,,11,,10,10
9/30/2023 10:52,20.6,15.58,73.07,0,NaN,,17,,350,10
9/30/2023 11:52,21.7,15.58,68.31,0,NaN,,15,,30,10
9/30/2023 12:52,23.9,15.59,59.8,0,NaN,,17,,10,10
9/30/2023 13:52,25.6,15.6,54.04,0,NaN,,13,,30,10
9/30/2023 14:52,26.1,15,50.48,0,NaN,,11,,40,10
9/30/2023 15:52,24.4,14.39,53.73,0,NaN,,11,,50,10
9/30/2023 16:52,25.6,14.4,50.03,0,NaN,,22,,20,10
9/30/2023 17:52,24.4,14.39,53.73,0,NaN,,17,,30,10
9/30/2023 18:52,22.8,14.98,61.48,0,NaN,,11,,40,10
9/30/2023 19:52,21.7,15.58,68.31,0,NaN,,9,,40,10
9/30/2023 20:52,20,14.98,72.97,0,NaN,,0,,0,10
9/30/2023 21:52,20,15.58,75.83,0,NaN,,7,,120,10
9/30/2023 22:52,17.2,14.99,86.92,0,NaN,,0,,0,10
9/30/2023 23:52,16.7,14.99,89.71,0,NaN,,0,,0,10
10/1/2023 00:52,15.6,14.39,92.58,0,NaN,,0,,0,10
10/1/2023 01:52,15,13.89,93.14,0,NaN,,0,,0,9
10/1/2023 02:52,13.9,12.79,93.09,0,NaN,,6,,280,10
10/1/2023 03:52,15.6,14.39,92.58,0,NaN,,7,,330,10
10/1/2023 04:52,15,13.29,89.58,0,NaN,,6,,320,10
10/1/2023 05:52,15,13.29,89.58,0,NaN,,7,,330,10
10/1/2023 06:52,15,13.29,89.58,0,NaN,,9,,320,10
10/1/2023 07:52,16.1,13.88,86.81,0,NaN,,9,,320,10
10/1/2023 08:52,19.4,15.58,78.7,0,NaN,,9,,340,10
10/1/2023 09:52,21.7,13.88,61.23,0,NaN,,19,,10,10
10/1/2023 10:52,23.3,14.38,57.39,0,NaN,,19,,10,10
10/1/2023 11:52,25,14.4,51.84,0,NaN,,17,,350,10
10/1/2023 12:52,26.1,14.41,48.57,0,NaN,,11,,20,10
10/1/2023 13:52,27.2,14.42,45.53,0,27.33,,13,,10,10
10/1/2023 14:52,27.2,13.92,44.08,0,27.24,,19,,350,10
10/1/2023 15:52,27.8,13.33,40.94,0,27.55,,11,,360,10
10/1/2023 16:52,27.8,14.42,43.96,0,27.76,,15,,350,10
10/1/2023 17:52,26.7,13.91,45.39,0,26.61,,13,,320,10
10/1/2023 18:52,25,13.3,48.27,0,NaN,,9,,350,10
10/1/2023 19:52,22.8,12.18,51.25,0,NaN,,9,,10,10
10/1/2023 20:52,22.8,12.78,53.31,0,NaN,,11,,10,10
10/1/2023 21:52,20,13.27,65.36,0,NaN,,9,,330,10
10/1/2023 22:52,16.1,13.28,83.49,0,NaN,,0,,0,10
10/1/2023 23:52,16.1,12.78,80.81,0,NaN,,0,,0,10
10/2/2023 00:52,16.1,13.28,83.49,0,NaN,,0,,0,10
10/2/2023 01:52,15,12.78,86.7,0,NaN,,6,,320,10
10/2/2023 02:52,17.2,13.88,80.96,0,NaN,,6,,330,10
10/2/2023 03:52,15,12.78,86.7,0,NaN,,7,,320,10
10/2/2023 04:52,14.4,12.79,90.12,0,NaN,,6,,330,10
10/2/2023 05:52,15,13.29,89.58,0,NaN,,6,,290,10
10/2/2023 06:52,15.6,13.28,86.2,0,NaN,,9,,310,10
10/2/2023 07:52,16.7,13.88,83.56,0,NaN,,7,,290,10
10/2/2023 08:52,20.6,14.98,70.32,0,NaN,,7,,360,10
10/2/2023 09:52,22.8,14.98,61.48,0,NaN,,17,,20,10
10/2/2023 10:52,24.4,15.59,58.04,0,NaN,,13,,360,10
10/2/2023 11:52,25.6,16.1,55.79,0,NaN,,9,,320,10
10/2/2023 12:52,26.7,16.11,52.29,0,27.27,,7,,0,10
10/2/2023 13:52,27.8,15.62,47.49,0,28.03,,13,,350,10
10/2/2023 14:52,28.9,13.94,39.93,0,28.5,,13,,360,10
10/2/2023 15:52,28.9,15.04,42.87,0,28.77,,6,,350,10
10/2/2023 16:52,28.3,14.43,42.7,0,28.14,,11,,20,10
10/2/2023 17:52,27.2,14.42,45.53,0,27.33,,9,,90,10
10/2/2023 18:52,25,14.4,51.84,0,NaN,,7,,70,10
10/2/2023 19:52,21.7,15.58,68.31,0,NaN,,0,,0,10
10/2/2023 20:52,20.6,16.08,75.44,0,NaN,,0,,0,10
10/2/2023 21:52,21.1,16.08,73.16,0,NaN,,6,,150,10
10/2/2023 22:52,18.3,15.58,84.29,0,NaN,,0,,0,10
10/2/2023 23:52,18.3,15.58,84.29,0,NaN,,0,,0,10
10/3/2023 00:52,17.2,15.59,90.33,0,NaN,,0,,0,10
10/3/2023 01:52,16.7,15.59,93.23,0,NaN,,0,,0,10
10/3/2023 02:52,16.1,14.99,93.2,0,NaN,,0,,0,10
10/3/2023 03:52,15,13.89,93.14,0,NaN,,0,,0,9
10/3/2023 04:52,16.1,14.99,93.2,0,NaN,,7,,330,10
10/3/2023 05:52,15.6,14.39,92.58,0,NaN,,0,,0,9
10/3/2023 06:52,15.6,14.39,92.58,0,NaN,,6,,310,9
10/3/2023 07:52,17.2,14.99,86.92,0,NaN,,6,,320,10
10/3/2023 08:52,20,16.08,78.29,0,NaN,,6,,320,10
10/3/2023 09:52,22.8,16.09,65.97,0,NaN,,0,,0,10
10/3/2023 10:52,25,16.7,60.06,0,NaN,,6,,0,10
10/3/2023 11:52,26.7,15.61,50.64,0,27.18,,6,,0,10
10/3/2023 12:52,27.8,15.02,45.7,0,27.89,,7,,0,10
10/3/2023 13:52,28.3,15.03,44.39,0,28.28,,6,,0,10
10/3/2023 14:52,27.8,13.33,40.94,0,27.55,,6,,150,10
10/3/2023 15:52,27.2,13.92,44.08,0,27.24,,0,,0,10
10/3/2023 16:52,28.9,13.94,39.93,0,28.5,,7,,40,10
10/3/2023 17:52,27.8,14.42,43.96,0,27.76,,6,,60,10
10/3/2023 18:52,22.8,15.59,63.9,0,NaN,,0,,0,10
10/3/2023 19:52,20.6,16.08,75.44,0,NaN,,6,,240,10
10/3/2023 20:52,19.4,6.65,43.62,0,NaN,,0,,0,10
10/3/2023 21:52,18.9,14.38,75.16,0,NaN,,6,,90,10
10/3/2023 22:52,17.8,13.27,74.97,0,NaN,,0,,0,10
10/3/2023 23:52,16.7,12.77,77.79,0,NaN,,0,,0,10
10/4/2023 00:52,15.6,12.17,80.21,0,NaN,,0,,0,10
10/4/2023 01:52,15.6,12.78,83.43,0,NaN,,0,,0,10
10/4/2023 02:52,14.4,11.68,83.84,0,NaN,,0,,0,10
10/4/2023 03:52,14.4,5.53,55.49,0,NaN,,0,,0,7
10/4/2023 04:52,13.9,9.97,77.35,0,NaN,,0,,0,7
10/4/2023 05:52,12.8,9.97,83.09,0,NaN,,0,,0,7
10/4/2023 06:52,12.8,9.97,83.09,0,NaN,,0,,0,3
10/4/2023 07:52,13.9,13.29,96.17,0,NaN,,0,,0,6
10/4/2023 08:52,18.9,11.06,60.56,0,NaN,,0,,0,10
10/4/2023 09:52,18.9,2.74,34.27,0,NaN,,0,,0,10
10/4/2023 10:52,24.4,4.4,27.42,0,NaN,,0,,0,10
10/4/2023 11:52,27.2,4.44,23.24,0,26.58,,6,,360,10
10/4/2023 12:52,27.8,16.72,50.94,0,28.31,,11,,160,10
10/4/2023 13:52,27.8,15.62,47.49,0,28.03,,0,,0,10
10/4/2023 14:52,28.3,14.43,42.7,0,28.14,,7,,0,10
10/4/2023 15:52,28.9,13.34,38.41,0,28.37,,13,,140,10
10/4/2023 16:52,27.8,13.92,42.56,0,27.66,,13,,150,10
10/4/2023 17:52,25.6,15.6,54.04,0,NaN,,7,,160,10
10/4/2023 18:52,23.3,13.28,53.44,0,NaN,,7,,170,10
10/4/2023 19:52,18.9,14.38,75.16,0,NaN,,7,,160,10
10/4/2023 20:52,20.6,14.38,67.65,0,NaN,,9,,160,10
10/4/2023 21:52,19.4,14.38,72.86,0,NaN,,7,,180,10
10/4/2023 22:52,16.7,14.38,86.31,0,NaN,,0,,0,10
10/4/2023 23:52,15.6,13.89,89.63,0,NaN,,6,,140,10
10/5/2023 00:52,14.4,13.9,96.82,0,NaN,,6,,150,10
10/5/2023 01:52,15,13.89,93.14,0,NaN,,6,,140,10
10/5/2023 02:52,14.4,13.9,96.82,0,NaN,,0,,0,10
10/5/2023 03:52,12.8,12.19,96.14,0,NaN,,0,,0,10
10/5/2023 04:52,11.7,11.09,96.11,0,NaN,,9,,140,10
10/5/2023 05:52,13.9,11.08,83.23,0,NaN,,7,,140,10
10/5/2023 06:52,14.4,11.68,83.84,0,NaN,,6,,150,10
10/5/2023 07:52,13.9,12.79,93.09,0,NaN,,0,,0,10
10/5/2023 08:52,17.2,13.27,77.86,0,NaN,,0,,0,10
10/5/2023 09:52,20,17.19,83.95,0,NaN,,0,,0,7
10/5/2023 10:52,21.7,17.19,75.63,0,NaN,,9,,120,10
10/5/2023 11:52,23.3,16.69,66.5,0,NaN,,7,,150,10
10/5/2023 12:52,24.4,17.19,64.25,0,NaN,,15,,190,10
10/5/2023 13:52,25.6,17.2,59.82,0,NaN,,17,,150,10
10/5/2023 14:52,25.6,17.2,59.82,0,NaN,,15,,160,10
10/5/2023 15:52,26.7,17.21,56.07,0,27.48,,13,26,150,10
10/5/2023 16:52,25,16.1,57.81,0,NaN,,9,,160,10
10/5/2023 17:52,24.4,16.09,59.92,0,NaN,,15,,170,10
10/5/2023 18:52,23.3,17.19,68.63,0,NaN,,9,,150,10
10/5/2023 19:52,21.1,17.19,78.45,0,NaN,,6,,170,10
10/5/2023 20:52,20.6,17.19,80.9,0,NaN,,0,,0,10
10/5/2023 21:52,20.6,17.79,84.02,0,NaN,,7,,110,10
10/5/2023 22:52,20,17.79,87.18,0,NaN,,7,,160,10
10/5/2023 23:52,20,17.79,87.18,0,NaN,,7,,170,10
10/6/2023 00:52,19.4,17.19,87.13,0,NaN,,0,,0,10
10/6/2023 01:52,18.3,17.19,93.31,0,NaN,,0,,0,10
10/6/2023 02:52,18.3,17.19,93.31,0,NaN,,7,,180,10
10/6/2023 03:52,20,18.9,93.4,0,NaN,,0,,0,1.5
10/6/2023 04:52,20,18.9,93.4,0,NaN,,6,,210,0.75
10/6/2023 05:52,19.4,18.9,96.94,0,NaN,,7,,210,0.5
10/6/2023 06:52,19.4,17.79,90.49,0,NaN,,6,,160,3
10/6/2023 07:52,20,19.4,96.35,0,NaN,,6,,190,4
10/6/2023 08:52,20,19.4,96.35,0,NaN,,0,,0,3
10/6/2023 09:52,21.7,18.89,84.14,0,NaN,,6,,180,6
10/6/2023 10:52,22.8,18.89,78.7,0,NaN,,0,,0,6
10/6/2023 11:52,22.8,18.89,78.7,0,NaN,,9,,150,10
10/6/2023 12:52,23.9,18.29,70.95,0,NaN,,9,,150,10
10/6/2023 13:52,25,17.8,64.38,0,NaN,,9,,0,10
10/6/2023 14:52,26.1,17.8,60.32,0,NaN,,7,,190,10
10/6/2023 15:52,25.6,16.7,57.96,0,NaN,,9,,0,10
10/6/2023 16:52,25,17.2,61.99,0,NaN,,7,,130,10
10/6/2023 17:52,24.4,17.79,66.73,0,NaN,,6,,150,10
10/6/2023 18:52,23.3,17.19,68.63,0,NaN,,6,,150,10
10/6/2023 19:52,22.2,17.79,76.19,0,NaN,,7,,150,10
10/6/2023 20:52,21.7,17.19,75.63,0,NaN,,7,,150,10
10/6/2023 21:52,21.7,17.19,75.63,0,NaN,,6,,170,10
10/6/2023 22:52,21.1,17.79,81.48,0,NaN,,6,,160,10
10/6/2023 23:52,20,17.79,87.18,0,NaN,,0,,0,10
10/7/2023 00:52,19.4,17.79,90.49,0,NaN,,0,,0,10
10/7/2023 01:52,18.9,17.79,93.34,0,NaN,,7,,340,10
10/7/2023 02:52,20,17.79,87.18,0,NaN,,0,,0,10
10/7/2023 03:52,20,16.68,81.33,2.54,NaN,,13,,320,10
10/7/2023 04:52,17.8,15.59,86.98,177.8,NaN,,15,,340,10
10/7/2023 05:52,18.3,16.09,87.02,101.6,NaN,,9,,10,10
10/7/2023 06:52,18.3,16.09,87.02,0,NaN,,11,,300,10
10/7/2023 07:52,17.2,14.99,86.92,25.4,NaN,,24,41,320,7
10/7/2023 08:52,17.2,14.38,83.62,25.4,NaN,,19,,330,7
10/7/2023 09:52,15,11.67,80.66,25.4,NaN,,24,41,330,10
10/7/2023 10:52,13.9,10.57,80.51,101.6,NaN,,20,35,320,10
10/7/2023 11:52,15,11.07,77.52,2.54,NaN,,13,,320,10
10/7/2023 12:52,17.2,9.35,60.15,0,NaN,,20,35,300,10
10/7/2023 13:52,18.9,6.64,45,0,NaN,,24,48,320,10
10/7/2023 14:52,18.9,4.34,38.36,0,NaN,,28,46,290,10
10/7/2023 15:52,18.3,2.73,35.58,0,NaN,,28,50,290,10
10/7/2023 16:52,18.3,2.13,34.09,0,NaN,,22,43,320,10
10/7/2023 17:52,16.7,2.72,39.35,0,NaN,,30,46,320,10
10/7/2023 18:52,14.4,2.11,43.69,0,NaN,,15,,320,10
10/7/2023 19:52,12.8,3.22,52.42,0,NaN,,15,,310,10
10/7/2023 20:52,13.3,2.72,48.97,0,NaN,,35,48,300,10
10/7/2023 21:52,12.2,2.72,52.62,0,NaN,,28,,290,10
10/7/2023 22:52,11.7,2.72,54.38,0,NaN,,11,,0,10
10/7/2023 23:52,11.1,3.22,58.63,0,NaN,,24,,290,10
10/8/2023 00:52,10.6,3.23,60.61,0,NaN,,11,,270,10
10/8/2023 01:52,10,2.72,60.89,0,NaN,10,6,,200,10
10/8/2023 02:52,9.4,2.73,63.39,0,NaN,8,11,,300,10
10/8/2023 03:52,8.9,2.73,65.56,0,NaN,,0,,0,10
10/8/2023 04:52,7.8,2.74,70.64,0,NaN,7,6,,240,10
10/8/2023 05:52,6.7,2.75,76.16,0,NaN,5,9,,190,10
10/8/2023 06:52,7.2,2.74,73.59,0,NaN,,0,,0,10
10/8/2023 07:52,7.2,3.25,76.24,0,NaN,6,7,,210,10
10/8/2023 08:52,11.7,4.33,60.88,0,NaN,,7,,220,10
10/8/2023 09:52,12.2,3.83,56.88,0,NaN,,15,33,290,10
10/8/2023 10:52,14.4,3.22,47.24,0,NaN,,20,33,290,10
10/8/2023 11:52,14.4,2.71,45.59,0,NaN,,22,43,270,10
10/8/2023 12:52,15,2.11,42.03,0,NaN,,26,43,280,10
10/8/2023 13:52,16.1,0.51,34.92,0,NaN,,35,46,290,10
10/8/2023 14:52,16.7,0.52,33.62,0,NaN,,30,52,280,10
10/8/2023 15:52,16.7,0.52,33.62,0,NaN,,37,50,290,10
10/8/2023 16:52,15.6,-0.09,34.52,0,NaN,,26,44,290,10
10/8/2023 17:52,15,0.51,37.47,0,NaN,,17,30,270,10
10/8/2023 18:52,12.8,1,44.8,0,NaN,,9,,270,10
10/8/2023 19:52,11.1,1.61,52.32,0,NaN,,9,,260,10
10/8/2023 20:52,11.7,0.5,46.46,0,NaN,,13,,250,10
10/8/2023 21:52,10.6,0.5,49.97,0,NaN,,9,,270,10
10/8/2023 22:52,10.6,0.5,49.97,0,NaN,,6,,250,10
10/8/2023 23:52,6.7,1.64,70.41,0,NaN,,0,,0,10
10/9/2023 00:52,5.6,1.65,75.97,0,NaN,,0,,0,10
10/9/2023 01:52,5.6,1.65,75.97,0,NaN,4,7,,160,10
10/9/2023 02:52,6.1,1.64,73.38,0,NaN,5,7,,180,10
10/9/2023 03:52,5,1.65,79.2,0,NaN,4,6,,150,10
10/9/2023 04:52,5.6,2.15,78.73,0,NaN,4,9,,190,10
10/9/2023 05:52,5.6,2.15,78.73,0,NaN,5,6,,190,10
10/9/2023 06:52,7.2,2.74,73.59,0,NaN,5,11,,180,10
10/9/2023 07:52,7.8,3.24,73.18,0,NaN,6,11,,180,10
10/9/2023 08:52,9.4,3.84,68.51,0,NaN,7,13,,200,10
10/9/2023 09:52,12.2,3.83,56.88,0,NaN,,17,,220,10
10/9/2023 10:52,13.3,4.32,54.81,0,NaN,,11,,170,10
10/9/2023 11:52,16.1,4.93,47.72,0,NaN,,11,,290,10
10/9/2023 12:52,15.6,4.93,49.27,0,NaN,,11,,210,10
10/9/2023 13:52,15.6,5.53,51.37,0,NaN,,13,,190,10
10/9/2023 14:52,17.8,6.04,46.25,0,NaN,,17,,190,10
10/9/2023 15:52,17.2,5.53,46.4,0,NaN,,13,,220,10
10/9/2023 16:52,16.7,5.53,47.9,0,NaN,,9,,210,10
10/9/2023 17:52,15.6,6.64,55.42,2.54,NaN,,13,,150,10
10/9/2023 18:52,13.9,8.86,71.83,2.54,NaN,,7,,210,10
10/9/2023 19:52,13.9,7.75,66.67,0,NaN,,17,,200,10
10/9/2023 20:52,12.8,7.15,68.75,0,NaN,,15,,230,10
10/9/2023 21:52,11.1,7.16,76.89,0,NaN,,6,,200,10
10/9/2023 22:52,11.1,7.76,80.11,0,NaN,,7,,190,10
10/9/2023 23:52,11.1,7.76,80.11,0,NaN,,7,,220,10
10/10/2023 00:52,10.6,7.77,82.82,0,NaN,,6,,230,10
10/10/2023 01:52,9.4,7.17,86.14,0,NaN,,0,,0,10
10/10/2023 02:52,10,7.77,86.2,0,NaN,10,6,,170,10
10/10/2023 03:52,8.9,7.18,89.09,0,NaN,8,6,,180,10
10/10/2023 04:52,8.3,6.68,89.65,0,NaN,8,6,,150,10
10/10/2023 05:52,8.3,6.68,89.65,0,NaN,,0,,0,10
10/10/2023 06:52,8.9,7.18,89.09,0,NaN,,0,,0,10
10/10/2023 07:52,7.8,6.08,88.99,0,NaN,,0,,0,10
10/10/2023 08:52,10,7.77,86.2,0,NaN,,0,,0,10
10/10/2023 09:52,13.3,7.75,69.32,0,NaN,,0,,0,10
10/10/2023 10:52,15,7.14,59.61,0,NaN,,0,,0,10
10/10/2023 11:52,18.3,8.85,54.27,0,NaN,,7,,320,10
10/10/2023 12:52,19.4,8.25,48.65,0,NaN,,0,,0,10
10/10/2023 13:52,20.6,4.95,36.01,0,NaN,,19,41,280,10
10/10/2023 14:52,19.4,4.34,37.19,0,NaN,,15,31,280,10
10/10/2023 15:52,20,4.35,35.83,0,NaN,,7,,290,10
10/10/2023 16:52,20,4.95,37.36,0,NaN,,7,,320,10
10/10/2023 17:52,20,4.95,37.36,0,NaN,,0,,0,10
10/10/2023 18:52,17.2,6.04,48.04,0,NaN,,7,,100,10
10/10/2023 19:52,16.1,7.14,55.56,0,NaN,,6,,100,10
10/10/2023 20:52,15,6.64,57.6,0,NaN,,0,,0,10
10/10/2023 21:52,13.3,7.75,69.32,0,NaN,,0,,0,10
10/10/2023 22:52,11.7,7.15,73.9,0,NaN,,6,,110,10
10/10/2023 23:52,12.2,7.15,71.51,0,NaN,,0,,0,10
10/11/2023 00:52,11.1,7.76,80.11,0,NaN,,6,,280,10
10/11/2023 01:52,9.4,6.67,83.23,0,NaN,,0,,0,10
10/11/2023 02:52,7.2,5.58,89.56,0,NaN,,0,,0,10
10/11/2023 03:52,8.3,6.07,86.02,0,NaN,8,6,,330,10
10/11/2023 04:52,6.7,4.98,88.9,0,NaN,,0,,0,10
10/11/2023 05:52,6.1,4.38,88.85,0,NaN,,0,,0,10
10/11/2023 06:52,4.4,3.28,92.55,0,NaN,,0,,0,10
10/11/2023 07:52,5.6,4.38,91.98,0,NaN,,0,,0,10
10/11/2023 08:52,11.7,7.15,73.9,0,NaN,,0,,0,10
10/11/2023 09:52,16.1,5.53,49.76,0,NaN,,6,,360,10
10/11/2023 10:52,18.9,2.74,34.27,0,NaN,,13,,320,10
10/11/2023 11:52,20,1.64,29.59,0,NaN,,13,,290,10
10/11/2023 12:52,20.6,2.15,29.56,0,NaN,,0,,0,10
10/11/2023 13:52,21.7,3.26,29.87,0,NaN,,13,,290,10
10/11/2023 14:52,21.7,2.76,28.83,0,NaN,,13,,230,10
10/11/2023 15:52,21.7,2.16,27.63,0,NaN,,9,,250,10
10/11/2023 16:52,21.1,2.76,29.91,0,NaN,,6,,240,10
10/11/2023 17:52,18.9,4.94,40,0,NaN,,0,,0,10
10/11/2023 18:52,15.6,6.03,53.18,0,NaN,,7,,160,10
10/11/2023 19:52,12.8,6.64,66.43,0,NaN,,0,,0,10
10/11/2023 20:52,12.2,7.15,71.51,0,NaN,,0,,0,10
10/11/2023 21:52,11.1,7.16,76.89,0,NaN,,0,,0,10
10/11/2023 22:52,12.2,6.65,69.1,0,NaN,,0,,0,10
10/11/2023 23:52,12.2,7.76,74.5,0,NaN,,9,,300,10
10/12/2023 00:52,11.1,7.76,80.11,0,NaN,,0,,0,10
10/12/2023 01:52,10,7.17,82.74,0,NaN,,0,,0,10
10/12/2023 02:52,9.4,6.67,83.23,0,NaN,,0,,0,10
10/12/2023 03:52,8.3,6.07,86.02,0,NaN,8,6,,340,10
10/12/2023 04:52,7.2,5.58,89.56,0,NaN,,0,,0,10
10/12/2023 05:52,8.9,6.67,86.08,0,NaN,,0,,0,10
10/12/2023 06:52,8.9,6.67,86.08,0,NaN,8,6,,310,10
10/12/2023 07:52,8.9,6.67,86.08,0,NaN,8,6,,290,10
10/12/2023 08:52,13.3,7.75,69.32,0,NaN,,0,,0,10
10/12/2023 09:52,16.1,8.25,59.88,0,NaN,,6,,340,10
10/12/2023 10:52,19.4,7.15,45.14,0,NaN,,7,,350,10
10/12/2023 11:52,21.1,6.06,37.69,0,NaN,,0,,0,10
10/12/2023 12:52,22.2,5.57,34.04,0,NaN,,6,,220,10
10/12/2023 13:52,23.9,6.68,33.14,0,NaN,,6,,360,10
10/12/2023 14:52,23.9,6.09,31.8,0,NaN,,7,,350,10
10/12/2023 15:52,24.4,5.59,29.81,0,NaN,,7,,0,10
10/12/2023 16:52,24.4,5.59,29.81,0,NaN,,9,,310,10
10/12/2023 17:52,22.2,6.67,36.73,0,NaN,,9,,60,10
10/12/2023 18:52,18.9,6.64,45,0,NaN,,7,,70,10
10/12/2023 19:52,14.4,8.25,66.78,0,NaN,,0,,0,10
10/12/2023 20:52,12.8,7.75,71.62,0,NaN,,0,,0,10
10/12/2023 21:52,12.8,8.26,74.1,0,NaN,,9,,60,10
10/12/2023 22:52,11.7,7.76,76.99,0,NaN,,0,,0,10
10/12/2023 23:52,11.1,7.76,80.11,0,NaN,,0,,0,10
10/13/2023 00:52,11.7,8.26,79.65,0,NaN,,9,,310,10
10/13/2023 01:52,11.7,8.87,82.95,0,NaN,,0,,0,10
10/13/2023 02:52,12.8,9.37,79.81,0,NaN,,0,,0,10
10/13/2023 03:52,11.1,8.27,82.88,0,NaN,,0,,0,10
10/13/2023 04:52,11.1,7.76,80.11,0,NaN,,9,,330,10
10/13/2023 05:52,11.7,7.76,76.99,0,NaN,,7,,350,10
10/13/2023 06:52,10.6,7.77,82.82,0,NaN,,13,,10,10
10/13/2023 07:52,12.8,7.75,71.62,0,NaN,,11,,20,10
10/13/2023 08:52,14.4,8.25,66.78,0,NaN,,9,,20,10
10/13/2023 09:52,16.7,8.25,57.64,0,NaN,,13,,40,10
10/13/2023 10:52,17.8,8.25,53.77,0,NaN,,15,,360,10
10/13/2023 11:52,19.4,7.75,47.03,0,NaN,,11,,20,10
10/13/2023 12:52,20,8.25,46.88,0,NaN,,6,,0,10
10/13/2023 13:52,20.6,8.26,45.18,0,NaN,,7,,30,10
10/13/2023 14:52,21.1,7.76,42.35,0,NaN,,11,,0,10
10/13/2023 15:52,21.7,7.76,40.82,0,NaN,,7,,0,10
10/13/2023 16:52,21.7,7.16,39.18,0,NaN,,7,,0,10
10/13/2023 17:52,20,7.75,45.31,0,NaN,,9,,60,10
10/13/2023 18:52,16.7,7.74,55.71,0,NaN,,6,,70,10
10/13/2023 19:52,15,8.25,64.25,0,NaN,,7,,80,10
10/13/2023 20:52,13.9,7.75,66.67,0,NaN,,9,,80,10
10/13/2023 21:52,14.4,8.25,66.78,0,NaN,,9,,120,10
10/13/2023 22:52,15,8.85,66.91,0,NaN,,6,,180,10
10/13/2023 23:52,13.9,9.97,77.35,0,NaN,,0,,0,10
10/14/2023 00:52,13.3,8.25,71.72,0,NaN,,0,,0,10
10/14/2023 01:52,11.1,7.76,80.11,0,NaN,,0,,0,10
10/14/2023 02:52,12.2,9.37,83.02,0,NaN,,0,,0,10
10/14/2023 03:52,12.8,9.37,79.81,0,NaN,,0,,0,10
10/14/2023 04:52,13.3,10.57,83.71,2.54,NaN,,0,,0,10
10/14/2023 05:52,13.3,10.57,83.71,2.54,NaN,,0,,0,10
10/14/2023 06:52,12.8,10.58,86.49,76.2,NaN,,7,,80,10
10/14/2023 07:52,13.3,11.08,86.54,2.54,NaN,,0,,0,10
10/14/2023 08:52,13.3,12.19,93.05,127,NaN,,0,,0,8
10/14/2023 09:52,15,13.29,89.58,2.54,NaN,,6,,150,8
10/14/2023 10:52,15,13.29,89.58,2.54,NaN,,13,,160,9
10/14/2023 11:52,16.1,13.28,83.49,0,NaN,,15,,170,10
10/14/2023 12:52,16.1,13.28,83.49,0,NaN,,17,,180,10
10/14/2023 13:52,15.6,13.28,86.2,25.4,NaN,,17,,180,8
10/14/2023 14:52,16.1,13.88,86.81,25.4,NaN,,13,,180,8
10/14/2023 15:52,15.6,13.89,89.63,0,NaN,,9,,150,10
10/14/2023 16:52,16.1,13.88,86.81,0,NaN,,9,,140,10
10/14/2023 17:52,15.6,13.89,89.63,0,NaN,,0,,0,10
10/14/2023 18:52,15.6,13.89,89.63,0,NaN,,0,,0,10
10/14/2023 19:52,13.3,11.68,90.04,2.54,NaN,,13,,330,6
10/14/2023 20:52,12.2,10.58,89.96,457.2,NaN,,19,,340,7
10/14/2023 21:52,12.2,10.58,89.96,25.4,NaN,,17,,340,10
10/14/2023 22:52,11.7,9.38,85.8,25.4,NaN,,26,,350,10
10/14/2023 23:52,11.1,8.88,86.31,25.4,NaN,,19,35,360,9
10/15/2023 00:52,11.1,8.88,86.31,25.4,NaN,,15,30,340,10
10/15/2023 01:52,10.6,8.27,85.68,2.54,NaN,,20,,350,7
10/15/2023 02:52,10.6,8.27,85.68,0,NaN,,19,33,350,10
10/15/2023 03:52,10,8.28,89.18,25.4,NaN,7,20,,350,4
10/15/2023 04:52,10,7.77,86.2,25.4,NaN,8,19,,350,10
10/15/2023 05:52,10,7.77,86.2,0,NaN,8,15,,320,10
10/15/2023 06:52,9.4,7.17,86.14,0,NaN,7,17,,320,10
10/15/2023 07:52,9.4,6.67,83.23,0,NaN,7,13,,320,10
10/15/2023 08:52,11.1,6.65,74.3,0,NaN,,17,,320,10
10/15/2023 09:52,12.8,7.15,68.75,0,NaN,,26,35,330,10
10/15/2023 10:52,13.9,7.14,64,0,NaN,,28,44,330,10
10/15/2023 11:52,12.2,6.04,66.3,0,NaN,,20,44,330,10
10/15/2023 12:52,15,4.93,51.21,0,NaN,,28,46,300,10
10/15/2023 13:52,14.4,4.32,51.04,0,NaN,,28,44,330,10
10/15/2023 14:52,15.6,2.72,42.21,0,NaN,,26,46,330,10
10/15/2023 15:52,15,3.22,45.45,0,NaN,,26,37,330,10
10/15/2023 16:52,15,3.22,45.45,0,NaN,,22,33,320,10
10/15/2023 17:52,15,3.82,47.41,0,NaN,,11,,310,10
10/15/2023 18:52,12.2,4.33,58.91,0,NaN,,13,,310,10
10/15/2023 19:52,12.2,3.83,56.88,0,NaN,,11,,320,10
10/15/2023 20:52,10.6,3.83,63.23,0,NaN,,7,,310,10
10/15/2023 21:52,10.6,3.83,63.23,0,NaN,,11,,290,10
10/15/2023 22:52,10.6,3.83,63.23,0,NaN,,9,,280,10
10/15/2023 23:52,8.3,3.85,73.79,0,NaN,,0,,0,10
10/16/2023 00:52,8.3,4.35,76.43,0,NaN,7,7,,200,10
10/16/2023 01:52,10.6,4.94,68.29,0,NaN,,0,,0,10
10/16/2023 02:52,10,4.95,71.08,0,NaN,10,6,,240,10
10/16/2023 03:52,9.4,4.95,73.99,0,NaN,8,9,,300,10
10/16/2023 04:52,7.8,4.36,79.07,0,NaN,6,11,,280,10
10/16/2023 05:52,7.2,4.36,82.38,0,NaN,5,9,,300,10
10/16/2023 06:52,7.8,4.97,82.46,0,NaN,6,9,,310,10
10/16/2023 07:52,6.7,4.98,88.9,0,NaN,5,7,,300,10
10/16/2023 08:52,10.6,5.55,71.19,0,NaN,,13,,310,10
10/16/2023 09:52,12.2,4.93,61.43,0,NaN,,24,,310,10
10/16/2023 10:52,14.4,4.93,53.22,0,NaN,,19,,330,10
10/16/2023 11:52,15.6,5.53,51.37,0,NaN,,13,31,320,10
10/16/2023 12:52,15.6,4.93,49.27,0,NaN,,19,,330,10
10/16/2023 13:52,15,4.93,51.21,0,NaN,,24,37,330,10
10/16/2023 14:52,16.1,6.03,51.51,0,NaN,,22,,300,10
10/16/2023 15:52,16.7,6.03,49.58,0,NaN,,22,,310,10
10/16/2023 16:52,15.6,5.53,51.37,0,NaN,,17,,320,10
10/16/2023 17:52,15.6,6.03,53.18,0,NaN,,20,,320,10
10/16/2023 18:52,13.9,6.03,59.33,0,NaN,,17,,320,10
10/16/2023 19:52,12.2,6.04,66.3,0,NaN,,11,,310,10
10/16/2023 20:52,11.7,6.04,68.52,0,NaN,,9,,300,10
10/16/2023 21:52,12.8,6.64,66.43,0,NaN,,15,,320,10
10/16/2023 22:52,12.2,6.65,69.1,2.54,NaN,,13,,300,10
10/16/2023 23:52,11.7,6.65,71.41,2.54,NaN,,15,,320,10
10/17/2023 00:52,11.1,6.65,74.3,2.54,NaN,,11,,320,10
10/17/2023 01:52,11.1,7.16,76.89,0,NaN,,9,,330,10
10/17/2023 02:52,10.6,7.16,79.49,0,NaN,,11,,330,10
10/17/2023 03:52,11.1,7.16,76.89,0,NaN,,13,,330,10
10/17/2023 04:52,11.7,7.76,76.99,0,NaN,,13,,310,10
10/17/2023 05:52,11.7,7.76,76.99,0,NaN,,13,,320,10
10/17/2023 06:52,11.7,7.76,76.99,0,NaN,,11,,310,10
10/17/2023 07:52,11.1,7.76,80.11,0,NaN,,7,,310,10
10/17/2023 08:52,12.8,8.26,74.1,0,NaN,,11,,310,10
10/17/2023 09:52,13.3,8.25,71.72,0,NaN,,11,,330,10
10/17/2023 10:52,14.4,7.14,61.96,0,NaN,,15,,320,10
10/17/2023 11:52,15,7.14,59.61,0,NaN,,17,,320,10
10/17/2023 12:52,16.7,7.14,53.48,0,NaN,,20,,310,10
10/17/2023 13:52,15.6,6.64,55.42,0,NaN,,24,,310,10
10/17/2023 14:52,15.6,6.64,55.42,0,NaN,,19,,320,10
10/17/2023 15:52,15,6.64,57.6,0,NaN,,19,,310,10
10/17/2023 16:52,14.4,6.04,57.45,0,NaN,,17,,320,10
10/17/2023 17:52,14.4,6.04,57.45,0,NaN,,13,,340,10
10/17/2023 18:52,13.9,6.03,59.33,0,NaN,,11,,340,10
10/17/2023 19:52,13.3,6.64,64.3,0,NaN,,7,,320,10
10/17/2023 20:52,13.3,6.64,64.3,0,NaN,,11,,330,10
10/17/2023 21:52,12.8,7.15,68.75,0,NaN,,9,,310,10
10/17/2023 22:52,12.2,7.15,71.51,0,NaN,,9,,320,10
10/17/2023 23:52,11.7,7.15,73.9,0,NaN,,7,,300,10
10/18/2023 00:52,10,6.06,76.71,0,NaN,9,7,,300,10
10/18/2023 01:52,7.2,4.97,85.9,0,NaN,,0,,0,10
10/18/2023 02:52,8.9,6.67,86.08,0,NaN,,0,,0,10
10/18/2023 03:52,10,6.66,79.95,0,NaN,9,7,,310,10
10/18/2023 04:52,8.3,6.07,86.02,0,NaN,,0,,0,10
10/18/2023 05:52,6.7,5.59,92.69,0,NaN,6,6,,190,10
10/18/2023 06:52,6.1,4.98,92.65,0,NaN,,0,,0,10
10/18/2023 07:52,7.8,6.08,88.99,0,NaN,,0,,0,10
10/18/2023 08:52,10.6,7.77,82.82,0,NaN,,0,,0,10
10/18/2023 09:52,13.9,7.14,64,0,NaN,,0,,0,10
10/18/2023 10:52,16.7,4.93,45.94,0,NaN,,11,,340,10
10/18/2023 11:52,16.7,4.33,44.05,0,NaN,,9,,0,10
10/18/2023 12:52,17.2,4.93,44.51,0,NaN,,9,,0,10
10/18/2023 13:52,16.7,4.93,45.94,0,NaN,,9,,0,10
10/18/2023 14:52,16.7,4.93,45.94,0,NaN,,7,,270,10
10/18/2023 15:52,16.1,4.93,47.72,0,NaN,,6,,320,10
10/18/2023 16:52,16.1,4.93,47.72,0,NaN,,0,,0,10
10/18/2023 17:52,15,6.03,55.27,0,NaN,,6,,100,10
10/18/2023 18:52,13.9,7.75,66.67,0,NaN,,6,,200,10
10/18/2023 19:52,13.3,7.15,66.54,0,NaN,,6,,110,10
10/18/2023 20:52,12.8,6.64,66.43,0,NaN,,6,,120,10
10/18/2023 21:52,9.4,6.06,79.86,0,NaN,,0,,0,10
10/18/2023 22:52,7.2,5.58,89.56,0,NaN,6,6,,130,10
10/18/2023 23:52,7.2,4.97,85.9,0,NaN,,0,,0,10
10/19/2023 00:52,6.7,4.98,88.9,0,NaN,,0,,0,10
10/19/2023 01:52,6.1,4.38,88.85,0,NaN,,0,,0,10
10/19/2023 02:52,6.1,4.38,88.85,0,NaN,,0,,0,9
10/19/2023 03:52,5.6,4.38,91.98,0,NaN,,0,,0,9
10/19/2023 04:52,5,3.88,92.59,0,NaN,,0,,0,9
10/19/2023 05:52,5,3.27,88.75,0,NaN,,0,,0,10
10/19/2023 06:52,5,3.27,88.75,0,NaN,,0,,0,6
10/19/2023 07:52,5,3.88,92.59,0,NaN,,0,,0,10
10/19/2023 08:52,10,7.17,82.74,0,NaN,,0,,0,10
10/19/2023 09:52,12.2,8.87,80.27,0,NaN,,9,,210,10
10/19/2023 10:52,15,9.36,69.2,0,NaN,,15,,200,10
10/19/2023 11:52,17.2,9.96,62.62,0,NaN,,15,,200,10
10/19/2023 12:52,19.4,9.96,54.56,0,NaN,,13,30,180,10
10/19/2023 13:52,21.7,9.97,47.36,0,NaN,,19,41,180,10
10/19/2023 14:52,22.2,9.37,44.12,0,NaN,,22,33,180,10
10/19/2023 15:52,21.1,8.86,45.63,0,NaN,,20,33,180,10
10/19/2023 16:52,20.6,8.86,47.05,0,NaN,,20,35,190,10
10/19/2023 17:52,20,8.86,48.82,0,NaN,,15,,170,10
10/19/2023 18:52,17.2,9.35,60.15,0,NaN,,11,,150,10
10/19/2023 19:52,17.2,9.35,60.15,0,NaN,,13,,160,10
10/19/2023 20:52,17.2,9.35,60.15,0,NaN,,13,,160,10
10/19/2023 21:52,17.2,9.35,60.15,0,NaN,,15,,170,10
10/19/2023 22:52,16.7,9.95,64.63,0,NaN,,13,30,170,10
10/19/2023 23:52,16.1,9.35,64.5,0,NaN,,13,,190,10
10/20/2023 00:52,15,9.36,69.2,0,NaN,,15,,180,10
10/20/2023 01:52,14.4,9.96,74.88,0,NaN,,9,,190,10
10/20/2023 02:52,14.4,9.96,74.88,0,NaN,,7,,170,10
10/20/2023 03:52,14.4,10.57,77.94,0,NaN,,17,,180,10
10/20/2023 04:52,14.4,11.07,80.58,0,NaN,,13,,180,10
10/20/2023 05:52,13.9,11.08,83.23,0,NaN,,15,,160,10
10/20/2023 06:52,13.3,11.08,86.54,0,NaN,,11,,180,7
10/20/2023 07:52,13.3,11.08,86.54,0,NaN,,17,,170,10
10/20/2023 08:52,14.4,11.07,80.58,0,NaN,,13,,180,10
10/20/2023 09:52,14.4,11.07,80.58,0,NaN,,15,,180,10
10/20/2023 10:52,16.1,11.67,75.18,0,NaN,,13,,180,10
10/20/2023 11:52,16.7,11.06,69.55,0,NaN,,19,31,200,10
10/20/2023 12:52,17.2,11.67,70.11,0,NaN,,19,,180,10
10/20/2023 13:52,17.2,11.67,70.11,0,NaN,,15,,190,10
10/20/2023 14:52,16.1,12.78,80.81,25.4,NaN,,11,,160,6
10/20/2023 15:52,16.1,13.28,83.49,2.54,NaN,,9,,190,10
10/20/2023 16:52,16.1,13.28,83.49,2.54,NaN,,6,,190,10
10/20/2023 17:52,15.6,13.28,86.2,0,NaN,,0,,0,10
10/20/2023 18:52,15,13.29,89.58,2.54,NaN,,0,,0,10
10/20/2023 19:52,14.4,12.79,90.12,2.54,NaN,,0,,0,8
10/20/2023 20:52,14.4,12.79,90.12,0,NaN,,0,,0,8
10/20/2023 21:52,13.3,10.57,83.71,2.54,NaN,,9,,330,10
10/20/2023 22:52,13.3,10.57,83.71,2.54,NaN,,13,,320,10
10/20/2023 23:52,12.2,10.58,89.96,0,NaN,,6,,320,10
10/21/2023 00:52,12.2,9.98,86.42,0,NaN,,15,,310,10
10/21/2023 01:52,12.2,9.37,83.02,0,NaN,,17,,320,10
10/21/2023 02:52,11.7,8.87,82.95,0,NaN,,13,,320,10
10/21/2023 03:52,11.7,8.87,82.95,0,NaN,,6,,330,10
10/21/2023 04:52,11.7,8.87,82.95,0,NaN,,9,,320,10
10/21/2023 05:52,11.7,8.87,82.95,0,NaN,,13,,280,10
10/21/2023 06:52,12.2,8.87,80.27,0,NaN,,11,,290,10
10/21/2023 07:52,11.7,8.26,79.65,0,NaN,,7,,330,10
10/21/2023 08:52,14.4,8.85,69.55,0,NaN,,13,,300,10
10/21/2023 09:52,16.1,8.85,62.36,0,NaN,,35,56,310,10
10/21/2023 10:52,17.2,8.85,58.16,0,NaN,,39,57,300,10
10/21/2023 11:52,17.2,7.74,53.98,0,NaN,,33,61,310,10
10/21/2023 12:52,18.9,7.75,48.51,0,NaN,,35,54,310,10
10/21/2023 13:52,17.8,7.14,49.89,0,NaN,,30,52,280,10
10/21/2023 14:52,17.8,5.54,44.68,0,NaN,,43,63,290,10
10/21/2023 15:52,16.7,6.03,49.58,0,NaN,,33,50,300,10
10/21/2023 16:52,16.1,4.33,45.77,0,NaN,,30,44,290,10
10/21/2023 17:52,16.7,3.82,42.53,0,NaN,,9,,290,10
10/21/2023 18:52,15,3.82,47.41,0,NaN,,11,,260,10
10/21/2023 19:52,13.3,3.82,52.92,0,NaN,,11,,270,10
10/21/2023 20:52,10,4.34,68.16,0,NaN,,0,,0,10
10/21/2023 21:52,12.2,3.83,56.88,0,NaN,,7,,290,10
10/21/2023 22:52,13.9,3.22,48.79,0,NaN,,15,,280,10
10/21/2023 23:52,10,3.83,65.81,0,NaN,,0,,0,10
10/22/2023 00:52,8.3,4.35,76.43,0,NaN,,0,,0,10
10/22/2023 01:52,8.3,4.96,79.7,0,NaN,,0,,0,10
10/22/2023 02:52,7.2,4.36,82.38,0,NaN,,0,,0,10
10/22/2023 03:52,8.3,5.57,83.1,0,NaN,,0,,0,10
10/22/2023 04:52,10,6.66,79.95,0,NaN,8,11,,20,10
10/22/2023 05:52,10,7.17,82.74,0,NaN,,0,,0,10
10/22/2023 06:52,10.6,7.77,82.82,76.2,NaN,,9,,340,5
10/22/2023 07:52,11.7,7.76,76.99,25.4,NaN,,11,,340,10
10/22/2023 08:52,13.9,7.14,64,2.54,NaN,,6,,340,10
10/22/2023 09:52,14.4,7.75,64.55,2.54,NaN,,19,,310,10
10/22/2023 10:52,15,4.93,51.21,0,NaN,,35,52,310,10
10/22/2023 11:52,15.6,2.72,42.21,0,NaN,,43,65,310,10
10/22/2023 12:52,16.1,3.22,42.36,0,NaN,,41,65,290,10
10/22/2023 13:52,16.7,2.72,39.35,0,NaN,,43,59,310,10
10/22/2023 14:52,16.7,1.62,36.39,0,NaN,,33,56,310,10
10/22/2023 15:52,16.7,2.12,37.71,0,NaN,,35,50,290,10
10/22/2023 16:52,15.6,1.62,39.03,0,NaN,,31,54,290,10
10/22/2023 17:52,14.4,1.61,42.16,0,NaN,,28,43,310,10
10/22/2023 18:52,12.8,1,44.8,0,NaN,,15,35,310,10
10/22/2023 19:52,11.7,1.61,50.28,0,NaN,,28,44,290,10
10/22/2023 20:52,11.1,1.61,52.32,0,NaN,,15,,310,10
10/22/2023 21:52,11.1,1.61,52.32,0,NaN,,13,31,310,10
10/22/2023 22:52,10.6,1.01,51.8,0,NaN,,9,,330,10
10/22/2023 23:52,10,1.62,56.3,0,NaN,8,13,,330,10
10/23/2023 00:52,10,0.51,52.01,0,NaN,8,17,,330,10
10/23/2023 01:52,8.3,1.02,60.46,0,NaN,6,11,,330,10
10/23/2023 02:52,8.3,1.02,60.46,0,NaN,6,13,,340,10
10/23/2023 03:52,6.7,0.52,65.05,0,NaN,5,9,,320,10
10/23/2023 04:52,6.7,-0.08,62.29,0,NaN,5,9,,320,10
10/23/2023 05:52,6.7,-0.08,62.29,0,NaN,4,11,,330,10
10/23/2023 06:52,6.7,-0.08,62.29,0,NaN,4,11,,340,10
10/23/2023 07:52,6.7,-0.08,62.29,0,NaN,4,17,,330,10
10/23/2023 08:52,8.9,1.01,58.06,0,NaN,6,19,,330,10
10/23/2023 09:52,10.6,0.5,49.97,0,NaN,,24,41,340,10
10/23/2023 10:52,12.2,0.5,44.95,0,NaN,,19,,340,10
10/23/2023 11:52,13.3,-0.1,40.05,0,NaN,,17,,350,10
10/23/2023 12:52,15.6,0.51,36.06,0,NaN,,11,30,0,10
10/23/2023 13:52,16.1,-0.09,33.44,0,NaN,,13,26,340,10
10/23/2023 14:52,17.2,-0.08,31.18,0,NaN,,13,,350,10
10/23/2023 15:52,17.8,-0.07,30.03,0,NaN,,11,,0,10
10/23/2023 16:52,18.3,-0.07,29.1,0,NaN,,11,,310,10
10/23/2023 17:52,16.1,0.51,34.92,0,NaN,,7,,310,10
10/23/2023 18:52,10,1.62,56.3,0,NaN,,0,,0,10
10/23/2023 19:52,7.8,1.63,65.31,0,NaN,,0,,0,10
10/23/2023 20:52,6.7,2.14,72.97,0,NaN,,0,,0,10
10/23/2023 21:52,5,1.05,75.86,0,NaN,,0,,0,10
10/23/2023 22:52,4.4,1.66,82.59,0,NaN,,0,,0,10
10/23/2023 23:52,4.4,1.66,82.59,0,NaN,,0,,0,10
10/24/2023 00:52,3.9,1.67,85.54,0,NaN,,0,,0,10
10/24/2023 01:52,2.8,1.07,88.56,0,NaN,,0,,0,10
10/24/2023 02:52,2.8,0.57,85.42,0,NaN,,0,,0,10
10/24/2023 03:52,2.2,0.58,89.15,0,NaN,,0,,0,10
10/24/2023 04:52,1.7,-0.03,88.46,0,NaN,,0,,0,10
10/24/2023 05:52,1.7,0.58,92.39,0,NaN,,0,,0,10
10/24/2023 06:52,2.2,0.58,89.15,0,NaN,,0,,0,10
10/24/2023 07:52,1.7,-0.03,88.46,0,NaN,,0,,0,10
10/24/2023 08:52,7.2,4.36,82.38,0,NaN,,0,,0,10
10/24/2023 09:52,10,4.34,68.16,0,NaN,10,6,,180,10
10/24/2023 10:52,15,3.82,47.41,0,NaN,,15,,210,10
10/24/2023 11:52,17.8,3.23,38.04,0,NaN,,15,,190,10
10/24/2023 12:52,20,4.35,35.83,0,NaN,,17,,200,10
10/24/2023 13:52,21.7,3.86,31.16,0,NaN,,9,30,200,10
10/24/2023 14:52,22.8,3.28,27.94,0,NaN,,11,,200,10
10/24/2023 15:52,23.3,3.28,27.11,0,NaN,,15,,210,10
10/24/2023 16:52,22.2,3.87,30.23,0,NaN,,19,,200,10
10/24/2023 17:52,19.4,4.94,38.78,0,NaN,,13,,150,10
10/24/2023 18:52,16.7,4.93,45.94,0,NaN,,9,,160,10
10/24/2023 19:52,14.4,4.93,53.22,0,NaN,,9,,150,10
10/24/2023 20:52,13.9,4.93,54.97,0,NaN,,6,,160,10
10/24/2023 21:52,13.3,4.93,57.16,0,NaN,,7,,180,10
10/24/2023 22:52,9.4,4.34,70.96,0,NaN,,0,,0,10
10/24/2023 23:52,7.8,4.36,79.07,0,NaN,7,6,,170,10
10/25/2023 00:52,10,4.95,71.08,0,NaN,9,7,,180,10
10/25/2023 01:52,10,4.95,71.08,0,NaN,9,9,,180,10
10/25/2023 02:52,8.3,4.35,76.43,0,NaN,8,6,,190,10
10/25/2023 03:52,7.2,3.86,79.54,0,NaN,,0,,0,10
10/25/2023 04:52,6.7,3.86,82.31,0,NaN,5,7,,150,10
10/25/2023 05:52,7.2,4.36,82.38,0,NaN,,0,,0,10
10/25/2023 06:52,4.4,2.78,89.33,0,NaN,,0,,0,10
10/25/2023 07:52,5.6,3.27,85.13,0,NaN,,0,,0,10
10/25/2023 08:52,10.6,6.05,73.7,0,NaN,,7,,160,10
10/25/2023 09:52,13.3,6.04,61.69,0,NaN,,13,,190,10
10/25/2023 10:52,16.7,6.64,51.67,0,NaN,,9,,180,10
10/25/2023 11:52,20,7.15,43.49,0,NaN,,9,,0,10
10/25/2023 12:52,22.2,6.67,36.73,0,NaN,,9,,0,10
10/25/2023 13:52,23.9,6.68,33.14,0,NaN,,9,,0,10
10/25/2023 14:52,24.4,6.09,30.86,0,NaN,,9,,180,10
10/25/2023 15:52,25.6,6.71,29.95,0,NaN,,7,,100,10
10/25/2023 16:52,25.6,7.21,31,0,NaN,,7,,150,10
10/25/2023 17:52,22.8,8.87,41.14,0,NaN,,9,,140,10
10/25/2023 18:52,20.6,6.05,38.86,0,NaN,,13,,150,10
10/25/2023 19:52,21.1,5.56,36.4,0,NaN,,11,,170,10
10/25/2023 20:52,19.4,6.65,43.62,0,NaN,,11,,180,10
10/25/2023 21:52,20,6.65,42.03,0,NaN,,9,,180,10
10/25/2023 22:52,18.9,6.64,45,0,NaN,,11,,190,10
10/25/2023 23:52,17.8,6.64,48.21,0,NaN,,7,,170,10
10/26/2023 00:52,16.7,7.14,53.48,0,NaN,,11,,180,10
10/26/2023 01:52,16.1,7.74,57.88,0,NaN,,13,,180,10
10/26/2023 02:52,15,8.25,64.25,0,NaN,,9,,200,10
10/26/2023 03:52,12.8,7.15,68.75,0,NaN,,0,,0,10
10/26/2023 04:52,11.7,7.15,73.9,0,NaN,,0,,0,10
10/26/2023 05:52,8.9,6.07,82.6,0,NaN,,0,,0,10
10/26/2023 06:52,7.2,4.97,85.9,0,NaN,,0,,0,10
10/26/2023 07:52,7.8,5.57,85.97,0,NaN,,0,,0,10
10/26/2023 08:52,12.2,8.26,77.07,0,NaN,,0,,0,10
10/26/2023 09:52,16.1,8.25,59.88,0,NaN,,0,,0,10
10/26/2023 10:52,20.6,8.86,47.05,0,NaN,,0,,0,10
10/26/2023 11:52,22.8,8.87,41.14,0,NaN,,0,,0,10
10/26/2023 12:52,26.1,7.21,30.09,0,NaN,,7,,330,10
10/26/2023 13:52,27.8,5.65,24.4,0,26.73,,0,,0,10
10/26/2023 14:52,27.2,3.95,22.44,0,26.56,,6,,180,10
10/26/2023 15:52,27.8,3.95,21.66,0,26.65,,7,,150,10
10/26/2023 16:52,26.7,6.13,26.93,0,26.13,,7,,150,10
10/26/2023 17:52,23.3,9.98,42.98,0,NaN,,9,,170,10
10/26/2023 18:52,20.6,9.36,48.66,0,NaN,,6,,160,10
10/26/2023 19:52,19.4,8.85,50.67,0,NaN,,9,,160,10
10/26/2023 20:52,17.2,9.35,60.15,0,NaN,,9,,160,10
10/26/2023 21:52,16.1,9.96,67.15,0,NaN,,6,,200,10
10/26/2023 22:52,15,9.96,72.04,0,NaN,,6,,230,10
10/26/2023 23:52,16.7,12.17,74.78,0,NaN,,11,,180,10
10/27/2023 00:52,17.8,13.27,74.97,0,NaN,,9,,200,10
10/27/2023 01:52,16.7,12.77,77.79,0,NaN,,9,,180,10
10/27/2023 02:52,17.2,13.27,77.86,0,NaN,,7,,180,10
10/27/2023 03:52,17.2,13.27,77.86,0,NaN,,9,,180,10
10/27/2023 04:52,16.7,13.28,80.37,0,NaN,,7,,200,10
10/27/2023 05:52,16.7,13.28,80.37,0,NaN,,7,,180,10
10/27/2023 06:52,16.7,13.28,80.37,0,NaN,,9,,180,10
10/27/2023 07:52,16.1,13.28,83.49,0,NaN,,0,,0,10
10/27/2023 08:52,18.3,13.88,75.55,0,NaN,,9,,210,10
10/27/2023 09:52,20.6,13.87,65.49,0,NaN,,6,,210,10
10/27/2023 10:52,25,14.99,53.88,0,NaN,,0,,0,10
10/27/2023 11:52,26.7,14.41,46.88,0,26.65,,0,,0,10
10/27/2023 12:52,26.1,12.81,43.77,0,NaN,,7,,270,10
10/27/2023 13:52,27.2,12.82,41.03,0,27.07,,0,,0,10
10/27/2023 14:52,26.7,13.31,43.66,0,26.57,,11,,280,10
10/27/2023 15:52,27.2,12.82,41.03,0,27.07,,0,,0,10
10/27/2023 16:52,26.1,13.3,45.22,0,NaN,,7,,230,10
10/27/2023 17:52,25,13.3,48.27,0,NaN,,7,,220,10
10/27/2023 18:52,21.7,13.27,58.88,0,NaN,,6,,200,10
10/27/2023 19:52,18.9,13.27,69.98,0,NaN,,6,,180,10
10/27/2023 20:52,18.9,13.27,69.98,0,NaN,,7,,190,10
10/27/2023 21:52,18.3,13.27,72.66,0,NaN,,7,,190,10
10/27/2023 22:52,18.3,13.88,75.55,0,NaN,,9,,190,10
10/27/2023 23:52,18.3,13.27,72.66,0,NaN,,7,,180,10
10/28/2023 00:52,15.6,12.78,83.43,0,NaN,,0,,0,10
10/28/2023 01:52,15.6,12.78,83.43,0,NaN,,0,,0,10
10/28/2023 02:52,15,12.78,86.7,0,NaN,,0,,0,10
10/28/2023 03:52,15,12.78,86.7,0,NaN,,0,,0,10
10/28/2023 04:52,12.8,11.69,93.03,0,NaN,,0,,0,10
10/28/2023 05:52,13.9,11.68,86.6,0,NaN,,0,,0,10
10/28/2023 06:52,12.2,11.09,93,0,NaN,,6,,210,10
10/28/2023 07:52,13.3,11.68,90.04,0,NaN,,0,,0,10
10/28/2023 08:52,16.7,13.88,83.56,0,NaN,,6,,190,10
10/28/2023 09:52,21.7,14.98,65.73,0,NaN,,9,,180,10
10/28/2023 10:52,22.2,14.38,61.34,0,NaN,,7,,200,10
10/28/2023 11:52,26.1,15,50.48,0,NaN,,7,,180,10
10/28/2023 12:52,28.3,15.63,46.13,0,28.43,,9,,270,10
10/28/2023 13:52,28.9,15.63,44.55,0,28.93,,7,,0,10
10/28/2023 14:52,30,15.65,41.82,0,29.91,,9,,0,10
10/28/2023 15:52,28.3,15.63,46.13,0,28.43,,6,,330,10
10/28/2023 16:52,30,16.15,43.18,0,30.08,,6,,220,10
10/28/2023 17:52,25.6,16.7,57.96,0,NaN,,0,,0,10
10/28/2023 18:52,23.3,16.09,64.01,0,NaN,,0,,0,10
10/28/2023 19:52,22.2,16.68,71.07,0,NaN,,9,,150,10
10/28/2023 20:52,23.9,15.59,59.8,0,NaN,,9,,310,10
10/28/2023 21:52,22.8,16.09,65.97,0,NaN,,0,,0,10
10/28/2023 22:52,21.1,16.08,73.16,0,NaN,,0,,0,10
10/28/2023 23:52,21.1,16.08,73.16,0,NaN,,0,,0,10
10/29/2023 00:52,21.1,16.08,73.16,0,NaN,,0,,0,10
10/29/2023 01:52,18.9,15.58,81.19,0,NaN,,6,,110,10
10/29/2023 02:52,21.1,16.08,73.16,0,NaN,,9,,320,10
10/29/2023 03:52,20.6,15.58,73.07,0,NaN,,9,,30,10
10/29/2023 04:52,20,16.08,78.29,0,NaN,,7,,30,10
10/29/2023 05:52,20,16.08,78.29,2.54,NaN,,9,,20,10
10/29/2023 06:52,19.4,16.08,81.25,2.54,NaN,,6,,30,10
10/29/2023 07:52,19.4,16.08,81.25,0,NaN,,7,,80,10
10/29/2023 08:52,19.4,16.08,81.25,0,NaN,,6,,80,10
10/29/2023 09:52,20,16.08,78.29,2.54,NaN,,9,,20,10
10/29/2023 10:52,20,16.08,78.29,2.54,NaN,,11,,20,10
10/29/2023 11:52,21.1,16.08,73.16,2.54,NaN,,6,,0,10
10/29/2023 12:52,23.9,16.69,64.14,0,NaN,,6,,0,10
10/29/2023 13:52,22.8,16.09,65.97,0,NaN,,13,,340,10
10/29/2023 14:52,22.2,16.08,68.41,0,NaN,,13,,340,10
10/29/2023 15:52,23.3,16.09,64.01,0,NaN,,13,,360,10
10/29/2023 16:52,22.8,16.09,65.97,0,NaN,,7,,40,10
10/29/2023 17:52,22.2,16.08,68.41,0,NaN,,7,,10,10
10/29/2023 18:52,20,14.38,70.2,0,NaN,,11,,360,10
10/29/2023 19:52,17.2,15.59,90.33,25.4,NaN,,11,,310,10
10/29/2023 20:52,17.2,14.38,83.62,0,NaN,,9,,360,10
10/29/2023 21:52,16.7,13.88,83.56,0,NaN,,9,,10,10
10/29/2023 22:52,17.2,13.88,80.96,0,NaN,,7,,10,10
10/29/2023 23:52,16.7,13.28,80.37,0,NaN,,9,,20,10
10/30/2023 00:52,16.1,13.28,83.49,0,NaN,,9,,320,10
10/30/2023 01:52,16.1,12.78,80.81,0,NaN,,6,,330,10
10/30/2023 02:52,15.6,12.78,83.43,0,NaN,,9,,360,10
10/30/2023 03:52,15,12.18,83.36,0,NaN,,7,,30,10
10/30/2023 04:52,13.3,11.68,90.04,0,NaN,,0,,0,10
10/30/2023 05:52,13.9,12.18,89.49,0,NaN,,0,,0,10
10/30/2023 06:52,12.2,11.09,93,0,NaN,,0,,0,9
10/30/2023 07:52,11.7,10.59,92.97,0,NaN,,0,,0,6
10/30/2023 08:52,15,12.78,86.7,0,NaN,,7,,220,10
10/30/2023 09:52,16.7,13.28,80.37,0,NaN,,9,,200,10
10/30/2023 10:52,18.3,14.38,78.03,0,NaN,,11,,200,10
10/30/2023 11:52,22.2,15.58,66.26,0,NaN,,15,,190,10
10/30/2023 12:52,26.1,15.6,52.46,0,NaN,,15,,220,10
10/30/2023 13:52,22.2,14.98,63.76,0,NaN,,30,48,350,10
10/30/2023 14:52,21.7,13.27,58.88,0,NaN,,28,43,350,10
10/30/2023 15:52,20,12.77,63.26,0,NaN,,26,,350,10
10/30/2023 16:52,17.2,11.06,67.38,2.54,NaN,,30,44,340,7
10/30/2023 17:52,14.4,10.57,77.94,101.6,NaN,,19,35,340,7
10/30/2023 18:52,12.2,8.87,80.27,127,NaN,,22,39,340,7
10/30/2023 19:52,12.2,6.65,69.1,2.54,NaN,,22,39,330,10
10/30/2023 20:52,12.2,3.83,56.88,2.54,NaN,,30,50,340,10
10/30/2023 21:52,11.7,3.83,58.78,0,NaN,,20,,340,10
10/30/2023 22:52,11.7,3.83,58.78,0,NaN,,15,,340,10
10/30/2023 23:52,11.7,3.83,58.78,2.54,NaN,,15,,330,10
10/31/2023 00:52,11.1,4.33,63.34,2.54,NaN,,13,,340,10
10/31/2023 01:52,10.6,2.72,58.5,2.54,NaN,,22,31,350,10
10/31/2023 02:52,10,2.12,58.34,2.54,NaN,8,17,,350,10
10/31/2023 03:52,10,-0.7,47.67,0,NaN,8,17,35,340,10
10/31/2023 04:52,8.9,-1.2,49.48,0,NaN,6,20,,330,10
10/31/2023 05:52,8.3,-1.2,51.53,0,NaN,5,19,,330,10
10/31/2023 06:52,7.2,-1.2,55.54,0,NaN,5,15,,330,10
10/31/2023 07:52,6.7,-0.69,59.62,0,NaN,4,13,,330,10
10/31/2023 08:52,7.8,-0.09,57.77,0,NaN,6,13,,330,10
10/31/2023 09:52,9.4,-0.1,51.84,0,NaN,7,15,,360,10
10/31/2023 10:52,9.4,-1.81,45.78,0,NaN,7,15,,10,10
10/31/2023 11:52,11.1,-1.81,40.87,0,NaN,,13,,350,10
10/31/2023 12:52,11.1,-1.81,40.87,0,NaN,,11,,300,10
10/31/2023 13:52,10.6,-1.81,42.25,0,NaN,,9,,340,10
10/31/2023 14:52,10.6,-1.81,42.25,0,NaN,,6,,320,10
10/31/2023 15:52,11.1,-2.31,39.38,0,NaN,,0,,0,10
10/31/2023 16:52,11.1,-1.81,40.87,0,NaN,,7,,270,10
10/31/2023 17:52,10,-1.2,45.96,0,NaN,10,6,,250,10
10/31/2023 18:52,6.1,-0.68,62.14,0,NaN,,0,,0,10
10/31/2023 19:52,3.3,-0.66,75.57,0,NaN,,0,,0,10
10/31/2023 20:52,2.8,-0.65,78.29,0,NaN,1,7,,120,10
10/31/2023 21:52,4.4,0.55,76.31,0,NaN,3,7,,300,10
10/31/2023 22:52,3.9,-0.06,75.67,0,NaN,3,6,,340,10
10/31/2023 23:52,5,0.54,73.18,0,NaN,3,9,,320,10
11/1/2023 00:52,7.2,-1.2,55.54,0,NaN,6,7,,10,10
11/1/2023 01:52,4.4,-1.17,67.43,0,NaN,3,6,,30,10
11/1/2023 02:52,3.3,-1.16,72.85,0,NaN,1,7,,330,10
11/1/2023 03:52,1.7,-1.75,78.11,0,NaN,,6,,310,10
11/1/2023 04:52,5.6,-0.07,67.2,2.54,NaN,1,30,,310,10
11/1/2023 05:52,6.1,-0.68,62.14,2.54,NaN,2,24,33,310,10
11/1/2023 06:52,4.4,-3.4,57.29,0,NaN,-1,37,48,310,10
11/1/2023 07:52,3.3,-6.22,50.09,0,NaN,-2,33,54,310,10
11/1/2023 08:52,3.3,-6.82,47.84,0,NaN,-3,37,54,310,10
11/1/2023 09:52,4.4,-6.83,44.28,0,NaN,-1,35,57,320,10
11/1/2023 10:52,5.6,-6.23,42.64,0,NaN,1,30,46,330,10
11/1/2023 11:52,7.2,-5.13,41.53,0,NaN,3,31,44,300,10
11/1/2023 12:52,7.8,-4.52,41.71,0,NaN,4,26,39,320,10
11/1/2023 13:52,8.3,-4.02,41.86,0,NaN,4,30,48,310,10
11/1/2023 14:52,7.8,-4.02,43.31,0,NaN,4,26,46,340,10
11/1/2023 15:52,8.3,-4.02,41.86,0,NaN,5,26,48,320,10
11/1/2023 16:52,8.9,-4.53,38.71,0,NaN,6,22,43,340,10
11/1/2023 17:52,7.2,-5.13,41.53,0,NaN,4,20,,330,10
11/1/2023 18:52,5.6,-6.23,42.64,0,NaN,2,20,,300,10
11/1/2023 19:52,4.4,-6.22,46.36,0,NaN,1,15,,290,10
11/1/2023 20:52,3.9,-6.22,48.02,0,NaN,1,13,,290,10
11/1/2023 21:52,2.2,-5.7,56.27,0,NaN,-1,13,,290,10
11/1/2023 22:52,2.8,-5.1,56.43,0,NaN,1,6,,280,10
11/1/2023 23:52,0,-5.68,65.92,0,NaN,,0,,0,10
11/2/2023 00:52,-2.2,-5.66,77.47,0,NaN,,0,,0,10
11/2/2023 01:52,-2.8,-6.15,77.96,0,NaN,,0,,0,10
11/2/2023 02:52,-3.3,-6.15,80.92,0,NaN,,0,,0,10
11/2/2023 03:52,-2.8,-5.65,80.99,0,NaN,,0,,0,10
11/2/2023 04:52,-3.3,-6.76,77.28,0,NaN,,0,,0,10
11/2/2023 05:52,-3.3,-6.15,80.92,0,NaN,,0,,0,10
11/2/2023 06:52,-3.3,-6.15,80.92,0,NaN,-6,6,,80,10
11/2/2023 07:52,-2.2,-6.16,74.56,0,NaN,,0,,0,10
11/2/2023 08:52,1.1,-2.86,75.17,0,NaN,,0,,0,10
11/2/2023 09:52,6.1,-4.01,48.67,0,NaN,,0,,0,10
11/2/2023 10:52,7.8,-6.23,36.66,0,NaN,6,9,,290,10
11/2/2023 11:52,8.3,-6.83,33.84,0,NaN,7,7,,330,10
11/2/2023 12:52,10,-6.23,31.6,0,NaN,9,7,,0,10
11/2/2023 13:52,10.6,-6.23,30.36,0,NaN,,7,,350,10
11/2/2023 14:52,11.1,-7.33,26.98,0,NaN,,7,,0,10
11/2/2023 15:52,11.1,-7.33,26.98,0,NaN,,7,,140,10
11/2/2023 16:52,11.1,-7.92,25.76,0,NaN,,7,,180,10
11/2/2023 17:52,8.9,-7.94,29.84,0,NaN,8,7,,220,10
11/2/2023 18:52,3.9,-5.72,49.89,0,NaN,3,6,,180,10
11/2/2023 19:52,5,-6.23,44.46,0,NaN,3,9,,150,10
11/2/2023 20:52,5.6,-5.73,44.3,0,NaN,4,9,,160,10
11/2/2023 21:52,5,-4.51,50.59,0,NaN,3,9,,160,10
11/2/2023 22:52,4.4,-4,54.78,0,NaN,3,7,,170,10
11/2/2023 23:52,1.1,-3.97,69.24,0,NaN,-1,6,,220,10
11/3/2023 00:52,-0.6,-4.46,75.43,0,NaN,,0,,0,10
11/3/2023 01:52,0.6,-4.48,69.13,0,NaN,-2,7,,170,10
11/3/2023 02:52,1.1,-4.48,66.68,0,NaN,,0,,0,10
11/3/2023 03:52,0,-4.47,72.2,0,NaN,,0,,0,10
11/3/2023 04:52,-1.1,-5.06,74.77,0,NaN,,0,,0,10
11/3/2023 05:52,-2.2,-5.05,81.08,0,NaN,,0,,0,10
11/3/2023 06:52,-2.2,-5.05,81.08,0,NaN,,0,,0,10
11/3/2023 07:52,-2.2,-5.05,81.08,0,NaN,,0,,0,10
11/3/2023 08:52,2.2,-1.76,75.37,0,NaN,,0,,0,10
11/3/2023 09:52,6.1,-2.3,55.24,0,NaN,4,9,,200,10
11/3/2023 10:52,8.3,-2.91,45.45,0,NaN,6,11,,170,10
11/3/2023 11:52,11.7,-2.31,37.85,0,NaN,,9,,170,10
11/3/2023 12:52,13.9,-2.91,31.35,0,NaN,,15,,190,10
11/3/2023 13:52,15,-2.9,29.2,0,NaN,,13,,160,10
11/3/2023 14:52,16.1,-3.39,26.22,0,NaN,,11,,210,10
11/3/2023 15:52,16.7,-3.38,25.24,0,NaN,,11,28,170,10
11/3/2023 16:52,16.1,-2.89,27.22,0,NaN,,13,,170,10
11/3/2023 17:52,13.9,-2.3,32.78,0,NaN,,13,,150,10
11/3/2023 18:52,11.1,-1.81,40.87,0,NaN,,9,,160,10
11/3/2023 19:52,10,-0.7,47.67,0,NaN,8,11,,160,10
11/3/2023 20:52,9.4,0.51,54.15,0,NaN,8,11,,160,10
11/3/2023 21:52,9.4,1.01,56.14,0,NaN,8,9,,180,10
11/3/2023 22:52,6.1,0.53,67.8,0,NaN,5,6,,220,10
11/3/2023 23:52,3.9,-0.06,75.67,0,NaN,2,7,,200,10
11/4/2023 00:52,5,0.54,73.18,0,NaN,4,6,,140,10
11/4/2023 01:52,2.8,-0.65,78.29,0,NaN,,0,,0,10
11/4/2023 02:52,5,-1.18,64.66,0,NaN,,0,,0,10
11/4/2023 03:52,3.3,-1.77,69.71,0,NaN,2,6,,170,10
11/4/2023 04:52,3.9,-1.78,66.82,0,NaN,3,6,,170,10
11/4/2023 05:52,2.2,-2.26,72.64,0,NaN,,0,,0,10
11/4/2023 06:52,-0.6,-2.84,85.03,0,NaN,,0,,0,10
11/4/2023 07:52,0,-2.84,81.4,0,NaN,-2,6,,310,10
11/4/2023 08:52,3.3,-0.05,78.94,0,NaN,,0,,0,10
11/4/2023 09:52,10,0.51,52.01,0,NaN,,0,,0,10
11/4/2023 10:52,12.8,0.5,43.22,0,NaN,,0,,0,10
11/4/2023 11:52,14.4,-0.1,37.29,0,NaN,,0,,0,10
11/4/2023 12:52,18.3,-1.17,26.85,0,NaN,,0,,0,10
11/4/2023 13:52,20.6,-5.02,17.41,0,NaN,,6,,80,10
11/4/2023 14:52,20.6,-3.93,18.91,0,NaN,,7,,0,10
11/4/2023 15:52,20,-4.44,18.9,0,NaN,,6,,130,10
11/4/2023 16:52,18.9,-1.76,24.75,0,NaN,,0,,0,10
11/4/2023 17:52,17.2,-0.68,29.85,0,NaN,,9,,160,10
11/4/2023 18:52,13.3,1.61,45.27,0,NaN,,7,,180,10
11/4/2023 19:52,13.9,0.51,40.23,0,NaN,,7,,150,10
11/4/2023 20:52,10.6,1.01,51.8,0,NaN,,0,,0,10
11/4/2023 21:52,8.3,1.02,60.46,0,NaN,,0,,0,10
11/4/2023 22:52,9.4,1.01,56.14,0,NaN,,0,,0,10
11/4/2023 23:52,8.9,2.12,62.82,0,NaN,,0,,0,10
11/5/2023 00:52,7.8,2.13,67.68,0,NaN,7,6,,140,10
11/5/2023 01:52,6.1,1.03,70.29,0,NaN,5,6,,150,10
11/5/2023 01:52,5,-0.07,70.06,0,NaN,,0,,0,10
11/5/2023 02:52,4.4,-0.06,73.06,0,NaN,,0,,0,10
11/5/2023 03:52,3.3,-0.66,75.57,0,NaN,,0,,0,10
11/5/2023 04:52,3.3,-0.05,78.94,0,NaN,,0,,0,10
11/5/2023 05:52,3.9,0.55,79.03,0,NaN,,0,,0,10
11/5/2023 06:52,3.3,-0.05,78.94,0,NaN,,0,,0,10
11/5/2023 07:52,8.3,2.74,68.28,0,NaN,,0,,0,10
11/5/2023 08:52,12.2,2.72,52.62,0,NaN,,0,,0,10
11/5/2023 09:52,16.7,3.82,42.53,0,NaN,,0,,0,10
11/5/2023 10:52,20.6,4.35,34.53,0,NaN,,17,,310,10
11/5/2023 11:52,21.7,4.96,33.66,0,NaN,,19,,280,10
11/5/2023 12:52,21.1,4.35,33.48,0,NaN,,17,,290,10
11/5/2023 13:52,22.2,4.37,31.31,0,NaN,,15,30,300,10
11/5/2023 14:52,21.1,3.86,32.33,0,NaN,,19,,270,10
11/5/2023 15:52,20.6,2.75,30.84,0,NaN,,19,,330,10
11/5/2023 16:52,18.9,2.14,32.84,0,NaN,,17,,320,10
11/5/2023 17:52,17.8,2.13,35.18,0,NaN,,13,,340,10
11/5/2023 18:52,16.7,2.72,39.35,0,NaN,,9,,20,10
11/5/2023 19:52,16.1,2.72,40.88,0,NaN,,15,,340,10
11/5/2023 20:52,15,2.11,42.03,0,NaN,,15,,340,10
11/5/2023 21:52,11.7,2.11,52.11,0,NaN,,0,,0,10
11/5/2023 22:52,10.6,2.12,56.05,0,NaN,,0,,0,10
11/5/2023 23:52,10,2.12,58.34,0,NaN,10,6,,20,10
11/6/2023 00:52,7.2,2.14,70.51,0,NaN,,0,,0,10
11/6/2023 01:52,6.1,1.64,73.38,0,NaN,,0,,0,10
11/6/2023 02:52,6.7,2.14,72.97,0,NaN,,0,,0,10
11/6/2023 03:52,7.8,2.13,67.68,0,NaN,7,7,,30,10
11/6/2023 04:52,5.6,2.15,78.73,0,NaN,4,7,,20,10
11/6/2023 05:52,5,1.65,79.2,0,NaN,3,7,,10,10
11/6/2023 06:52,4.4,1.05,79.11,0,NaN,,0,,0,10
11/6/2023 07:52,7.2,3.25,76.24,0,NaN,,0,,0,10
11/6/2023 08:52,10.6,2.12,56.05,0,NaN,,7,,50,10
11/6/2023 09:52,12.2,2.72,52.62,0,NaN,,6,,90,10
11/6/2023 10:52,13.9,3.82,50.9,0,NaN,,0,,0,10
11/6/2023 11:52,16.1,4.33,45.77,0,NaN,,9,,200,10
11/6/2023 12:52,17.2,4.33,42.68,0,NaN,,7,,200,10
11/6/2023 13:52,18.9,5.54,41.71,0,NaN,,9,,120,10
11/6/2023 14:52,18.3,5.54,43.3,0,NaN,,17,,150,10
11/6/2023 15:52,17.8,6.04,46.25,0,NaN,,13,30,160,10
11/6/2023 16:52,16.1,6.03,51.51,0,NaN,,13,,160,10
11/6/2023 17:52,15.6,7.14,57.36,0,NaN,,11,,160,10
11/6/2023 18:52,13.3,7.75,69.32,0,NaN,,9,,150,10
11/6/2023 19:52,14.4,8.25,66.78,0,NaN,,11,,160,10
11/6/2023 20:52,13.9,8.86,71.83,0,NaN,,9,,170,10
11/6/2023 21:52,12.2,8.26,77.07,0,NaN,,7,,200,10
11/6/2023 22:52,11.7,8.26,79.65,0,NaN,,9,,200,10
11/6/2023 23:52,13.9,8.25,68.98,0,NaN,,17,,190,10
11/7/2023 00:52,13.3,7.75,69.32,0,NaN,,15,,180,10
11/7/2023 01:52,13.3,7.75,69.32,0,NaN,,15,,190,10
11/7/2023 02:52,13.3,7.15,66.54,0,NaN,,15,,200,10
11/7/2023 03:52,13.3,6.64,64.3,0,NaN,,19,,180,10
11/7/2023 04:52,13.3,6.64,64.3,0,NaN,,17,,190,10
11/7/2023 05:52,13.3,6.64,64.3,0,NaN,,17,,190,10
11/7/2023 06:52,13.3,6.64,64.3,0,NaN,,17,,190,10
11/7/2023 07:52,13.9,6.64,61.84,0,NaN,,15,,190,10
11/7/2023 08:52,15,6.64,57.6,0,NaN,,15,,200,10
11/7/2023 09:52,15.6,7.14,57.36,0,NaN,,15,,190,10
11/7/2023 10:52,18.9,7.75,48.51,0,NaN,,17,,200,10
11/7/2023 11:52,20.6,8.26,45.18,0,NaN,,19,,210,10
11/7/2023 12:52,21.7,8.86,43.98,0,NaN,,20,33,210,10
11/7/2023 13:52,23.9,9.99,41.46,0,NaN,,13,,220,10
11/7/2023 14:52,25,10,38.82,0,NaN,,15,,210,10
11/7/2023 15:52,26.1,8.91,33.78,0,NaN,,15,,250,10
11/7/2023 16:52,22.2,7.17,38.01,0,NaN,,22,,300,10
11/7/2023 17:52,20.6,6.65,40.5,0,NaN,,11,,300,10
11/7/2023 18:52,20,4.35,35.83,0,NaN,,11,,300,10
11/7/2023 19:52,17.2,2.12,36.53,0,NaN,,13,,310,10
11/7/2023 20:52,15.6,1.62,39.03,0,NaN,,9,,90,10
11/7/2023 21:52,13.3,1,43.36,0,NaN,,0,,0,10
11/7/2023 22:52,11.1,1.61,52.32,0,NaN,,0,,0,10
11/7/2023 23:52,15.6,2.72,42.21,0,NaN,,17,,330,10
11/8/2023 00:52,14.4,4.32,51.04,0,NaN,,13,,340,10
11/8/2023 01:52,13.3,4.93,57.16,0,NaN,,13,,330,10
11/8/2023 02:52,12.8,4.33,56.63,0,NaN,,20,,340,10
11/8/2023 03:52,11.7,4.33,60.88,0,NaN,,17,,350,10
11/8/2023 04:52,10.6,3.83,63.23,0,NaN,,13,,330,10
11/8/2023 05:52,9.4,3.84,68.51,0,NaN,8,9,,330,10
11/8/2023 06:52,9.4,3.84,68.51,0,NaN,8,9,,330,10
11/8/2023 07:52,11.1,3.22,58.63,0,NaN,,22,,350,10
11/8/2023 08:52,12.2,3.22,54.52,0,NaN,,20,,340,10
11/8/2023 09:52,13.3,2.72,48.97,0,NaN,,17,,340,10
11/8/2023 10:52,15,2.72,43.87,0,NaN,,7,,300,10
11/8/2023 11:52,16.1,2.12,39.18,0,NaN,,6,,0,10
11/8/2023 12:52,16.7,1.02,34.85,0,NaN,,6,,30,10
11/8/2023 13:52,18.3,1.63,32.89,0,NaN,,7,,330,10
11/8/2023 14:52,18.9,1.63,31.68,0,NaN,,0,,0,10
11/8/2023 15:52,17.8,1.63,33.94,0,NaN,,7,,150,10
11/8/2023 16:52,15.6,1.62,39.03,0,NaN,,13,,150,10
11/8/2023 17:52,13.9,2.11,45.13,0,NaN,,7,,150,10
11/8/2023 18:52,12.8,2.11,48.48,0,NaN,,7,,110,10
11/8/2023 19:52,12.2,4.33,58.91,0,NaN,,13,,120,10
11/8/2023 20:52,11.7,2.72,54.38,0,NaN,,7,,0,10
11/8/2023 21:52,10.6,2.72,58.5,0,NaN,,0,,0,10
11/8/2023 22:52,8.9,2.12,62.82,0,NaN,8,6,,130,10
11/8/2023 23:52,7.2,2.74,73.59,0,NaN,6,6,,120,10
11/9/2023 00:52,7.8,3.24,73.18,0,NaN,6,9,,110,10
11/9/2023 01:52,8.9,5.56,79.79,0,NaN,,0,,0,10
11/9/2023 02:52,10.6,7.77,82.82,0,NaN,,9,,160,10
11/9/2023 03:52,10,7.77,86.2,0,NaN,10,6,,150,10
11/9/2023 04:52,7.8,5.57,85.97,0,NaN,,0,,0,10
11/9/2023 05:52,7.2,5.58,89.56,0,NaN,,0,,0,10
11/9/2023 06:52,6.7,4.98,88.9,0,NaN,,0,,0,4
11/9/2023 07:52,8.3,7.19,92.78,0,NaN,,0,,0,10
11/9/2023 08:52,12.8,8.86,77.17,0,NaN,,15,,180,10
11/9/2023 09:52,14.4,8.85,69.55,0,NaN,,6,,0,10
11/9/2023 10:52,18.9,9.96,56.28,0,NaN,,11,,200,10
11/9/2023 11:52,22.2,11.07,49.43,0,NaN,,11,,200,10
11/9/2023 12:52,24.4,11.69,45.04,0,NaN,,6,,0,10
11/9/2023 13:52,26.7,12.21,40.62,0,26.49,,24,31,350,10
11/9/2023 14:52,22.2,11.67,51.43,0,NaN,,11,,350,10
11/9/2023 15:52,21.1,13.87,63.51,0,NaN,,20,,330,10
11/9/2023 16:52,20,13.27,65.36,2.54,NaN,,11,,320,10
11/9/2023 17:52,18.9,11.06,60.56,0,NaN,,11,,330,10
11/9/2023 18:52,18.9,9.96,56.28,0,NaN,,17,,330,10
11/9/2023 19:52,17.8,7.74,51.97,0,NaN,,22,,320,10
11/9/2023 20:52,16.7,5.53,47.9,0,NaN,,20,,330,10
11/9/2023 21:52,15.6,4.32,47.25,0,NaN,,11,,340,10
11/9/2023 22:52,15,3.22,45.45,0,NaN,,22,39,340,10
11/9/2023 23:52,13.9,1.01,41.71,0,NaN,,19,,330,10
11/10/2023 00:52,13.3,-0.1,40.05,0,NaN,,22,33,340,10
11/10/2023 01:52,13.3,1,43.36,0,NaN,,11,,360,10
11/10/2023 02:52,12.8,2.11,48.48,2.54,NaN,,7,,30,10
11/10/2023 03:52,11.7,2.72,54.38,0,NaN,,0,,0,10
11/10/2023 04:52,10.6,4.33,65.48,2.54,NaN,,0,,0,10
11/10/2023 05:52,10,6.06,76.71,2.54,NaN,,0,,0,10
11/10/2023 06:52,10.6,4.94,68.29,2.54,NaN,,7,,330,10
11/10/2023 07:52,11.1,3.22,58.63,2.54,NaN,,7,,340,10
11/10/2023 08:52,10,3.83,65.81,101.6,NaN,8,15,33,350,7
11/10/2023 09:52,8.9,5.56,79.79,101.6,NaN,8,6,,70,9
11/10/2023 10:52,7.2,4.97,85.9,76.2,NaN,4,19,,330,4
11/10/2023 11:52,6.7,4.98,88.9,177.8,NaN,5,9,,340,5
11/10/2023 12:52,6.7,4.37,85.25,101.6,NaN,4,11,,310,5
11/10/2023 13:52,6.1,4.38,88.85,76.2,NaN,5,7,,240,9
11/10/2023 14:52,7.2,4.97,85.9,25.4,NaN,5,9,,210,10
11/10/2023 15:52,7.2,4.97,85.9,0,NaN,6,6,,0,10
11/10/2023 16:52,6.7,4.98,88.9,0,NaN,,0,,0,10
11/10/2023 17:52,4.4,3.28,92.55,0,NaN,,0,,0,8
11/10/2023 18:52,2.8,2.19,95.82,0,NaN,,0,,0,3
11/10/2023 19:52,2.8,1.68,92.46,0,NaN,,0,,0,6
11/10/2023 20:52,1.1,0.59,96.46,0,NaN,-1,6,,170,2
11/10/2023 21:52,2.2,1.08,92.42,0,NaN,1,6,,200,5
11/10/2023 22:52,2.2,1.08,92.42,0,NaN,,0,,0,0.25
11/10/2023 23:52,1.7,0.58,92.39,0,NaN,,0,,0,0.25
11/11/2023 00:52,0,-1.12,92.28,0,NaN,,0,,0,0.75
11/11/2023 01:52,0,-1.12,92.28,0,NaN,,0,,0,0.5
11/11/2023 02:52,0,-1.12,92.28,0,NaN,-2,6,,320,4
11/11/2023 03:52,0.6,-0.62,91.65,0,NaN,,0,,0,8
11/11/2023 04:52,0,-1.12,92.28,0,NaN,,0,,0,6
11/11/2023 05:52,0,-1.12,92.28,0,NaN,,0,,0,6
11/11/2023 06:52,0,-1.12,92.28,0,NaN,,0,,0,10
11/11/2023 07:52,0.6,-0.62,91.65,0,NaN,,0,,0,10
11/11/2023 08:52,2.8,1.07,88.56,0,NaN,,0,,0,10
11/11/2023 09:52,7.8,5.57,85.97,0,NaN,,0,,0,10
11/11/2023 10:52,11.7,5.54,66.19,0,NaN,,15,,330,10
11/11/2023 11:52,13.3,5.53,59.6,0,NaN,,7,,0,10
11/11/2023 12:52,15,4.32,49.1,0,NaN,,7,,0,10
11/11/2023 13:52,15,1.61,40.56,0,NaN,,11,,360,10
11/11/2023 14:52,14.4,1.01,40.38,0,NaN,,13,,330,10
11/11/2023 15:52,14.4,0.51,38.95,0,NaN,,9,,330,10
11/11/2023 16:52,12.2,0.5,44.95,0,NaN,,7,,10,10
11/11/2023 17:52,7.8,2.13,67.68,0,NaN,,0,,0,10
11/11/2023 18:52,5,1.65,79.2,0,NaN,4,6,,80,10
11/11/2023 19:52,5,1.05,75.86,0,NaN,,0,,0,10
11/11/2023 20:52,7.2,1.63,68.04,0,NaN,5,9,,10,10
11/11/2023 21:52,4.4,0.55,76.31,0,NaN,,0,,0,10
11/11/2023 22:52,3.9,0.55,79.03,0,NaN,3,6,,330,10
11/11/2023 23:52,2.8,0.57,85.42,0,NaN,,0,,0,10
11/12/2023 00:52,3.3,1.07,85.48,0,NaN,,0,,0,10
11/12/2023 01:52,2.8,-0.04,81.79,0,NaN,,0,,0,10
11/12/2023 02:52,2.2,-0.03,85.35,0,NaN,,7,,10,10
11/12/2023 03:52,5,1.05,75.86,0,NaN,3,7,,10,10
11/12/2023 04:52,5.6,1.04,72.76,0,NaN,4,7,,10,10
11/12/2023 05:52,5.6,0.53,70.19,0,NaN,3,13,,20,10
11/12/2023 06:52,5.6,-0.68,64.33,0,NaN,3,11,,30,10
11/12/2023 07:52,5.6,-0.68,64.33,0,NaN,3,11,,30,10
11/12/2023 08:52,6.1,-1.8,57.32,0,NaN,3,13,,40,10
11/12/2023 09:52,7.8,-1.81,51.01,0,NaN,6,11,,50,10
11/12/2023 10:52,7.8,-2.31,49.16,0,NaN,6,13,,30,10
11/12/2023 11:52,9.4,-1.81,45.78,0,NaN,7,13,,20,10
11/12/2023 12:52,10,-1.2,45.96,0,NaN,8,11,,0,10
11/12/2023 13:52,11.1,-1.21,42.71,0,NaN,,7,,0,10
11/12/2023 14:52,11.7,-1.21,41.05,0,NaN,,6,,0,10
11/12/2023 15:52,10.6,-0.7,45.8,0,NaN,,7,,50,10
11/12/2023 16:52,8.9,-1.2,49.48,0,NaN,7,11,,40,10
11/12/2023 17:52,7.2,-1.2,55.54,0,NaN,5,9,,40,10
11/12/2023 18:52,2.8,-1.16,75.48,0,NaN,1,6,,90,10
11/12/2023 19:52,2.2,-1.15,78.77,0,NaN,,0,,0,10
11/12/2023 20:52,1.7,-1.75,78.11,0,NaN,,0,,0,10
11/12/2023 21:52,0.6,-1.74,84.55,0,NaN,,0,,0,8
11/12/2023 22:52,0,-2.24,85.1,0,NaN,,0,,0,8
11/12/2023 23:52,-0.6,-2.23,88.9,0,NaN,,0,,0,8
11/13/2023 00:52,-1.7,-3.33,88.8,0,NaN,,0,,0,8
11/13/2023 01:52,-1.1,-3.34,84.97,0,NaN,,0,,0,7
11/13/2023 02:52,-1.7,-3.33,88.8,0,NaN,,0,,0,7
11/13/2023 03:52,-1.7,-3.33,88.8,0,NaN,-4,6,,330,7
11/13/2023 04:52,-1.7,-3.94,84.9,0,NaN,,0,,0,8
11/13/2023 05:52,-2.2,-4.44,84.84,0,NaN,,0,,0,8
11/13/2023 06:52,-2.2,-3.93,88.1,0,NaN,,0,,0,8
11/13/2023 07:52,0,-1.73,88.3,0,NaN,,0,,0,8
11/13/2023 08:52,3.9,-0.66,72.44,0,NaN,,0,,0,10
11/13/2023 09:52,6.7,0.52,65.05,0,NaN,5,9,,190,10
11/13/2023 10:52,8.9,1.01,58.06,0,NaN,7,13,,180,10
11/13/2023 11:52,10.6,1.01,51.8,0,NaN,,15,,190,10
11/13/2023 12:52,12.2,1.61,48.65,0,NaN,,17,,190,10
11/13/2023 13:52,13.3,2.11,46.92,0,NaN,,9,,180,10
11/13/2023 14:52,13.9,2.11,45.13,0,NaN,,17,,190,10
11/13/2023 15:52,13.9,2.11,45.13,0,NaN,,13,,210,10
11/13/2023 16:52,11.1,1.61,52.32,0,NaN,,7,,200,10
11/13/2023 17:52,8.3,1.62,63.13,0,NaN,,0,,0,10
11/13/2023 18:52,5,1.05,75.86,0,NaN,2,11,,200,10
11/13/2023 19:52,6.7,1.03,67.44,0,NaN,6,6,,200,10
11/13/2023 20:52,6.7,1.64,70.41,0,NaN,6,6,,180,10
11/13/2023 21:52,4.4,0.55,76.31,0,NaN,3,6,,150,10
11/13/2023 22:52,3.3,-0.05,78.94,0,NaN,2,6,,230,10
11/13/2023 23:52,2.8,-0.04,81.79,0,NaN,1,6,,150,10
11/14/2023 00:52,2.2,-0.64,81.7,0,NaN,1,6,,190,10
11/14/2023 01:52,1.1,-1.74,81.55,0,NaN,-1,7,,180,10
11/14/2023 02:52,2.2,-1.15,78.77,0,NaN,1,6,,170,10
11/14/2023 03:52,1.1,-1.74,81.55,0,NaN,-2,9,,280,10
11/14/2023 04:52,5.6,-2.3,57.19,0,NaN,3,11,,290,10
11/14/2023 05:52,5,-1.18,64.66,0,NaN,2,13,,290,10
11/14/2023 06:52,5,-1.79,61.87,0,NaN,2,15,,290,10
11/14/2023 07:52,7.8,-0.09,57.77,0,NaN,6,13,,320,10
11/14/2023 08:52,10.6,0.5,49.97,0,NaN,,19,,320,10
11/14/2023 09:52,12.2,0.5,44.95,0,NaN,,19,39,330,10
11/14/2023 10:52,12.8,0.5,43.22,0,NaN,,22,41,340,10
11/14/2023 11:52,13.9,0.51,40.23,0,NaN,,19,37,330,10
11/14/2023 12:52,14.4,0.51,38.95,0,NaN,,22,,320,10
11/14/2023 13:52,15,-0.7,34.34,0,NaN,,26,,340,10
11/14/2023 14:52,15.6,-0.69,33.05,0,NaN,,15,,330,10
11/14/2023 15:52,15,-1.2,33.11,0,NaN,,15,,330,10
11/14/2023 16:52,12.8,-1.81,36.54,0,NaN,,9,,330,10
11/14/2023 17:52,11.1,-1.21,42.71,0,NaN,,11,,30,10
11/14/2023 18:52,7.8,-1.2,53.31,0,NaN,,0,,0,10
11/14/2023 19:52,6.1,-0.68,62.14,0,NaN,5,6,,220,10
11/14/2023 20:52,3.9,-1.17,69.83,0,NaN,,0,,0,10
11/14/2023 21:52,2.8,-1.16,75.48,0,NaN,,0,,0,10
11/14/2023 22:52,1.7,-1.75,78.11,0,NaN,,0,,0,10
11/14/2023 23:52,1.1,-1.74,81.55,0,NaN,,0,,0,10
11/15/2023 00:52,0.6,-1.74,84.55,0,NaN,,0,,0,10
11/15/2023 01:52,0,-1.73,88.3,0,NaN,,0,,0,10
11/15/2023 02:52,0,-2.24,85.1,0,NaN,,0,,0,10
11/15/2023 03:52,0,-1.73,88.3,0,NaN,,0,,0,10
11/15/2023 04:52,0.6,-2.24,81.48,0,NaN,-1,6,,290,10
11/15/2023 05:52,-1.1,-2.83,88.2,0,NaN,,0,,0,10
11/15/2023 06:52,-0.6,-2.23,88.9,0,NaN,,0,,0,10
11/15/2023 07:52,0.6,-1.74,84.55,0,NaN,,0,,0,10
11/15/2023 08:52,5,1.05,75.86,0,NaN,,0,,0,10
11/15/2023 09:52,7.8,2.13,67.68,0,NaN,7,7,,190,10
11/15/2023 10:52,11.7,1.61,50.28,0,NaN,,11,,180,10
11/15/2023 11:52,13.3,1,43.36,0,NaN,,15,,190,10
11/15/2023 12:52,14.4,1.61,42.16,0,NaN,,15,,190,10
11/15/2023 13:52,15.6,0.51,36.06,0,NaN,,20,35,200,10
11/15/2023 14:52,16.1,0.51,34.92,0,NaN,,22,33,180,10
11/15/2023 15:52,15,1.01,38.85,0,NaN,,13,,190,10
11/15/2023 16:52,12.8,0.5,43.22,0,NaN,,9,,190,10
11/15/2023 17:52,12.8,0.5,43.22,0,NaN,,11,,170,10
11/15/2023 18:52,12.2,1,46.6,0,NaN,,11,,170,10
11/15/2023 19:52,11.7,1.01,48.16,0,NaN,,13,,170,10
11/15/2023 20:52,10.6,1.61,54.09,0,NaN,,7,,200,10
11/15/2023 21:52,7.8,1.02,62.55,0,NaN,7,7,,160,10
11/15/2023 22:52,10,1.62,56.3,0,NaN,9,9,,180,10
11/15/2023 23:52,8.3,2.13,65.42,0,NaN,6,11,,190,10
11/16/2023 00:52,8.3,1.62,63.13,0,NaN,7,7,,190,10
11/16/2023 01:52,6.1,1.03,70.29,0,NaN,,0,,0,10
11/16/2023 02:52,3.9,-0.06,75.67,0,NaN,,0,,0,10
11/16/2023 03:52,2.2,-0.64,81.7,0,NaN,,0,,0,10
11/16/2023 04:52,1.1,-1.13,85.23,0,NaN,,0,,0,10
11/16/2023 05:52,0.6,-1.74,84.55,0,NaN,,0,,0,10
11/16/2023 06:52,0,-1.73,88.3,0,NaN,,0,,0,10
11/16/2023 07:52,5,1.05,75.86,0,NaN,,0,,0,10
11/16/2023 08:52,9.4,2.12,60.74,0,NaN,,0,,0,10
11/16/2023 09:52,12.2,1.61,48.65,0,NaN,,0,,0,10
11/16/2023 10:52,16.7,2.12,37.71,0,NaN,,0,,0,10
11/16/2023 11:52,20.6,1.65,28.52,0,NaN,,0,,0,10
11/16/2023 12:52,21.1,-0.64,23.42,0,NaN,,6,,0,10
11/16/2023 13:52,22.2,0.57,23.89,0,NaN,,9,,200,10
11/16/2023 14:52,21.7,-0.03,23.58,0,NaN,,13,,190,10
11/16/2023 15:52,21.1,1.06,26.49,0,NaN,,13,,200,10
11/16/2023 16:52,17.8,-1.17,27.71,0,NaN,,9,,150,10
11/16/2023 17:52,15.6,-1.79,30.48,0,NaN,,9,,150,10
11/16/2023 18:52,14.4,-1.2,34.41,0,NaN,,9,,150,10
11/16/2023 19:52,11.7,0.5,46.46,0,NaN,,6,,170,10
11/16/2023 20:52,9.4,-1.21,47.84,0,NaN,,0,,0,8
11/16/2023 21:52,8.3,0.51,58.32,0,NaN,8,6,,210,10
11/16/2023 22:52,8.3,1.02,60.46,0,NaN,,0,,0,9
11/16/2023 23:52,6.7,1.03,67.44,0,NaN,6,6,,180,10
11/17/2023 00:52,9.4,1.01,56.14,0,NaN,8,9,,180,10
11/17/2023 01:52,8.3,1.02,60.46,0,NaN,7,9,,180,10
11/17/2023 02:52,8.9,3.84,70.86,0,NaN,7,11,,160,10
11/17/2023 03:52,8.9,7.18,89.09,0,NaN,7,9,,170,10
11/17/2023 04:52,10,7.17,82.74,0,NaN,10,6,,190,10
11/17/2023 05:52,7.8,7.19,95.99,0,NaN,6,11,,170,10
11/17/2023 06:52,8.3,4.96,79.7,0,NaN,7,9,,180,10
11/17/2023 07:52,12.2,8.26,77.07,0,NaN,,17,,180,10
11/17/2023 08:52,13.9,8.86,71.83,0,NaN,,11,,200,10
11/17/2023 09:52,16.7,9.95,64.63,0,NaN,,20,,200,10
11/17/2023 10:52,19.4,10.56,56.79,0,NaN,,22,,190,10
11/17/2023 11:52,20.6,11.06,54.51,0,NaN,,33,46,180,10
11/17/2023 12:52,21.1,11.67,55,0,NaN,,26,41,190,10
11/17/2023 13:52,21.7,11.07,50.96,0,NaN,,22,39,180,10
11/17/2023 14:52,22.2,10.57,47.81,0,NaN,,20,39,180,10
11/17/2023 15:52,21.1,10.56,51.13,0,NaN,,19,,180,10
11/17/2023 16:52,16.1,9.96,67.15,0,NaN,,19,,180,10
11/17/2023 17:52,18.9,10.56,58.58,0,NaN,,7,,180,10
11/17/2023 18:52,18.9,11.06,60.56,0,NaN,,13,,180,10
11/17/2023 19:52,17.8,11.66,67.51,2.54,NaN,,11,,200,10
11/17/2023 20:52,15,12.18,83.36,2.54,NaN,,11,,200,10
11/17/2023 21:52,16.7,12.17,74.78,2.54,NaN,,7,,210,10
11/17/2023 22:52,15,13.29,89.58,127,NaN,,6,,190,9
11/17/2023 23:52,14.4,12.79,90.12,2.54,NaN,,6,,180,10
11/18/2023 00:52,15,12.78,86.7,76.2,NaN,,13,,200,10
11/18/2023 01:52,13.9,12.18,89.49,2.54,NaN,,0,,0,10
11/18/2023 02:52,13.3,12.19,93.05,0,NaN,,0,,0,10
11/18/2023 03:52,11.1,10.59,96.73,0,NaN,,0,,0,4
11/18/2023 04:52,12.8,11.69,93.03,0,NaN,,6,,10,8
11/18/2023 05:52,12.8,11.69,93.03,0,NaN,,11,,330,10
11/18/2023 06:52,12.8,10.58,86.49,0,NaN,,15,,330,10
11/18/2023 07:52,12.8,7.75,71.62,0,NaN,,30,59,330,10
11/18/2023 08:52,11.7,6.65,71.41,0,NaN,,28,41,330,10
11/18/2023 09:52,12.2,5.54,64.04,0,NaN,,28,43,330,10
11/18/2023 10:52,12.2,3.22,54.52,0,NaN,,30,,310,10
11/18/2023 11:52,12.8,1.61,46.78,0,NaN,,35,50,320,10
11/18/2023 12:52,12.8,-2.31,35.21,0,NaN,,28,39,10,10
11/18/2023 13:52,13.3,-1.81,35.36,0,NaN,,24,35,360,10
11/18/2023 14:52,12.8,-1.81,36.54,0,NaN,,19,,320,10
11/18/2023 15:52,12.8,-2.91,33.68,0,NaN,,17,,330,10
11/18/2023 16:52,11.1,-2.91,37.67,0,NaN,,17,,340,10
11/18/2023 17:52,10,-3.42,39.05,0,NaN,8,15,,330,10
11/18/2023 18:52,8.3,-3.42,43.79,0,NaN,7,9,,320,10
11/18/2023 19:52,5,-3.4,54.94,0,NaN,,0,,0,10
11/18/2023 20:52,8.9,-3.42,42.05,0,NaN,7,15,,340,10
11/18/2023 21:52,6.1,-3.41,50.9,0,NaN,4,11,,330,10
11/18/2023 22:52,6.7,-3.41,48.84,0,NaN,,0,,0,10
11/18/2023 23:52,6.1,-2.9,52.84,0,NaN,,0,,0,10
11/19/2023 00:52,1.7,-2.87,72,0,NaN,,0,,0,10
11/19/2023 01:52,1.7,-3.37,69.37,0,NaN,,0,,0,10
11/19/2023 02:52,-1.1,-3.95,81.24,0,NaN,,0,,0,10
11/19/2023 03:52,0,-3.35,78.42,0,NaN,,0,,0,10
11/19/2023 04:52,-0.6,-3.34,81.92,0,NaN,,0,,0,10
11/19/2023 05:52,-1.1,-3.95,81.24,0,NaN,,0,,0,10
11/19/2023 06:52,0,-3.96,74.97,0,NaN,-2,6,,270,10
11/19/2023 07:52,1.1,-1.74,81.55,0,NaN,,0,,0,10
11/19/2023 08:52,9.4,-0.1,51.84,0,NaN,8,9,,300,10
11/19/2023 09:52,10.6,-2.31,40.72,0,NaN,,22,,290,10
11/19/2023 10:52,12.2,-2.31,36.63,0,NaN,,11,28,280,10
11/19/2023 11:52,13.3,-4.01,30.02,0,NaN,,19,30,280,10
11/19/2023 12:52,14.4,-3.4,29.24,0,NaN,,13,,280,10
11/19/2023 13:52,15.6,-2.89,28.1,0,NaN,,15,,300,10
11/19/2023 14:52,15,-2.9,29.2,0,NaN,,17,,300,10
11/19/2023 15:52,15,-2.3,30.53,0,NaN,,13,,300,10
11/19/2023 16:52,11.1,-1.81,40.87,0,NaN,,0,,0,10
11/19/2023 17:52,10,-1.81,43.97,0,NaN,9,7,,230,10
11/19/2023 18:52,6.1,-2.3,55.24,0,NaN,4,9,,210,10
11/19/2023 19:52,5,-2.29,59.62,0,NaN,3,7,,0,10
11/19/2023 20:52,3.3,-2.28,67.18,0,NaN,1,7,,210,10
11/19/2023 21:52,3.3,-2.89,64.25,0,NaN,,0,,0,10
11/19/2023 22:52,1.7,-2.87,72,0,NaN,-1,9,,110,10
11/19/2023 23:52,2.2,-2.26,72.64,0,NaN,,0,,0,10
11/20/2023 00:52,4.4,-2.29,62.18,0,NaN,,0,,0,10
11/20/2023 01:52,1.7,-2.87,72,0,NaN,,6,,90,10
11/20/2023 02:52,2.2,-2.26,72.64,0,NaN,,9,,20,10
11/20/2023 03:52,1.1,-2.86,75.17,0,NaN,-1,7,,30,10
11/20/2023 04:52,3.9,-2.28,64.4,0,NaN,2,9,,50,10
11/20/2023 05:52,3.9,-2.28,64.4,0,NaN,2,7,,20,10
11/20/2023 06:52,2.2,-2.26,72.64,0,NaN,1,6,,20,10
11/20/2023 07:52,3.3,-1.77,69.71,0,NaN,1,9,,50,10
11/20/2023 08:52,6.1,-1.19,59.91,0,NaN,3,13,,50,10
11/20/2023 09:52,6.7,-2.91,50.7,0,NaN,4,15,,40,10
11/20/2023 10:52,7.8,-2.91,47.02,0,NaN,6,9,,40,10
11/20/2023 11:52,8.9,-2.92,43.64,0,NaN,,0,,0,10
11/20/2023 12:52,9.4,-2.91,42.2,0,NaN,9,6,,350,10
11/20/2023 13:52,8.9,-3.42,42.05,0,NaN,,0,,0,10
11/20/2023 14:52,8.9,-2.92,43.64,0,NaN,8,7,,10,10
11/20/2023 15:52,8.3,-2.31,47.52,0,NaN,7,9,,80,10
11/20/2023 16:52,7.8,-2.31,49.16,0,NaN,7,7,,170,10
11/20/2023 17:52,6.1,-1.8,57.32,0,NaN,4,9,,0,10
11/20/2023 18:52,5.6,-2.3,57.19,0,NaN,,0,,0,10
11/20/2023 19:52,4.4,-2.29,62.18,0,NaN,3,7,,100,10
11/20/2023 20:52,3.9,-2.28,64.4,0,NaN,2,7,,80,10
11/20/2023 21:52,1.1,-2.86,75.17,0,NaN,-1,6,,110,10
11/20/2023 22:52,0,-3.35,78.42,0,NaN,,0,,0,10
11/20/2023 23:52,0,-3.96,74.97,0,NaN,,0,,0,10
11/21/2023 00:52,-0.6,-3.34,81.92,0,NaN,,0,,0,10
11/21/2023 01:52,0,-2.84,81.4,0,NaN,,0,,0,10
11/21/2023 02:52,2.8,-1.77,72.22,0,NaN,1,7,,70,10
11/21/2023 03:52,5,-0.67,67.07,0,NaN,3,7,,100,10
11/21/2023 04:52,5.6,-0.68,64.33,0,NaN,3,13,,100,10
11/21/2023 05:52,6.1,-1.19,59.91,0,NaN,4,11,,80,10
11/21/2023 06:52,6.1,-0.68,62.14,0,NaN,3,13,,80,10
11/21/2023 07:52,5.6,1.04,72.76,25.4,NaN,3,13,,90,10
11/21/2023 08:52,5.6,2.15,78.73,50.8,NaN,4,9,,90,6
11/21/2023 09:52,5.6,2.76,82.17,76.2,NaN,4,9,,70,7
11/21/2023 10:52,5.6,3.27,85.13,152.4,NaN,3,15,,60,3
11/21/2023 11:52,6.1,4.38,88.85,279.4,NaN,5,7,,80,3
11/21/2023 12:52,6.7,4.98,88.9,279.4,NaN,5,9,,70,3
11/21/2023 13:52,8.3,6.68,89.65,355.6,NaN,7,7,,100,4
11/21/2023 14:52,9.4,8.29,92.84,304.8,NaN,8,7,,100,4
11/21/2023 15:52,10.6,8.88,89.23,482.6,NaN,,17,,110,3
11/21/2023 16:52,11.7,10.59,92.97,482.6,NaN,,20,31,130,3
11/21/2023 17:52,13.3,11.08,86.54,482.6,NaN,,28,43,130,4
11/21/2023 18:52,13.9,11.68,86.6,101.6,NaN,,31,52,140,4
11/21/2023 19:52,13.9,11.68,86.6,381,NaN,,31,46,140,4
11/21/2023 20:52,14.4,12.18,86.65,279.4,NaN,,19,37,180,6
11/21/2023 21:52,10,8.28,89.18,1092.2,NaN,7,20,,340,5
11/21/2023 22:52,10,8.89,92.87,482.6,NaN,9,9,,30,10
11/21/2023 23:52,10.6,9.39,92.29,152.4,NaN,,9,,80,10
11/22/2023 00:52,11.1,9.38,89.27,2.54,NaN,,28,35,290,10
11/22/2023 01:52,10,8.89,92.87,0,NaN,8,15,,330,9
11/22/2023 02:52,10,8.28,89.18,2.54,NaN,,0,,0,10
11/22/2023 03:52,8.3,7.19,92.78,0,NaN,7,7,,310,6
11/22/2023 04:52,8.3,7.19,92.78,0,NaN,8,6,,340,9
11/22/2023 05:52,8.3,6.68,89.65,2.54,NaN,7,7,,350,10
11/22/2023 06:52,7.8,6.08,88.99,0,NaN,7,7,,330,10
11/22/2023 07:52,7.2,6.69,96.63,0,NaN,6,7,,310,0.5
11/22/2023 08:52,8.3,7.19,92.78,0,NaN,6,11,,330,7
11/22/2023 09:52,11.7,8.26,79.65,0,NaN,,9,,320,10
11/22/2023 10:52,12.8,7.75,71.62,0,NaN,,15,30,320,10
11/22/2023 11:52,13.9,7.14,64,0,NaN,,22,44,320,10
11/22/2023 12:52,13.9,4.93,54.97,0,NaN,,31,48,320,10
11/22/2023 13:52,12.8,4.33,56.63,0,NaN,,28,48,310,10
11/22/2023 14:52,11.7,3.83,58.78,0,NaN,,22,,300,10
11/22/2023 15:52,11.7,3.83,58.78,0,NaN,,24,,300,10
11/22/2023 16:52,11.1,3.83,61.16,0,NaN,,19,,310,10
11/22/2023 17:52,11.1,3.22,58.63,0,NaN,,17,,330,10
11/22/2023 18:52,10,3.23,63.08,0,NaN,8,19,,330,10
11/22/2023 19:52,10,3.23,63.08,0,NaN,7,20,31,320,10
11/22/2023 20:52,10,3.23,63.08,0,NaN,7,20,,300,10
11/22/2023 21:52,9.4,2.73,63.39,0,NaN,7,20,,310,10
11/22/2023 22:52,9.4,2.73,63.39,0,NaN,7,15,,310,10
11/22/2023 23:52,8.3,2.13,65.42,0,NaN,5,20,,310,10
11/23/2023 00:52,7.8,1.63,65.31,0,NaN,5,19,,320,10
11/23/2023 01:52,7.8,1.63,65.31,0,NaN,5,19,,330,10
11/23/2023 02:52,7.2,1.63,68.04,0,NaN,4,17,,310,10
11/23/2023 03:52,7.8,1.63,65.31,0,NaN,5,17,,310,10
11/23/2023 04:52,7.8,0.52,60.34,0,NaN,5,15,,310,10
11/23/2023 05:52,7.8,1.02,62.55,0,NaN,6,11,,320,10
11/23/2023 06:52,6.1,-1.8,57.32,0,NaN,3,17,,330,10
11/23/2023 07:52,6.7,-1.19,57.48,0,NaN,4,17,,330,10
11/23/2023 08:52,8.3,-0.7,53.45,0,NaN,6,17,,320,10
11/23/2023 09:52,9.4,-0.7,49.63,0,NaN,7,20,,320,10
11/23/2023 10:52,11.1,-0.1,46.28,0,NaN,,20,,320,10
11/23/2023 11:52,12.2,-0.1,43.04,0,NaN,,19,,310,10
11/23/2023 12:52,13.3,0.5,41.83,0,NaN,,15,,280,10
11/23/2023 13:52,13.9,0.51,40.23,0,NaN,,9,,270,10
11/23/2023 14:52,14.4,0.51,38.95,0,NaN,,15,,270,10
11/23/2023 15:52,14.4,0.51,38.95,0,NaN,,7,,290,10
11/23/2023 16:52,10.6,1.01,51.8,0,NaN,,6,,200,10
11/23/2023 17:52,6.7,1.64,70.41,0,NaN,,0,,0,10
11/23/2023 18:52,5.6,1.04,72.76,0,NaN,,0,,0,10
11/23/2023 19:52,4.4,0.55,76.31,0,NaN,3,6,,140,10
11/23/2023 20:52,4.4,0.55,76.31,0,NaN,,0,,0,10
11/23/2023 21:52,5,0.54,73.18,0,NaN,,0,,0,10
11/23/2023 22:52,7.2,-0.08,60.19,0,NaN,5,15,,310,10
11/23/2023 23:52,7.2,-0.69,57.61,0,NaN,6,7,,340,10
11/24/2023 00:52,6.7,-0.08,62.29,0,NaN,4,13,,340,10
11/24/2023 01:52,6.1,-0.08,64.92,0,NaN,5,7,,330,10
11/24/2023 02:52,6.1,-0.08,64.92,0,NaN,4,9,,330,10
11/24/2023 03:52,5.6,-0.07,67.2,0,NaN,4,7,,340,10
11/24/2023 04:52,5,-0.07,70.06,0,NaN,3,7,,340,10
11/24/2023 05:52,1.7,-1.14,81.63,0,NaN,,0,,0,10
11/24/2023 06:52,2.8,-0.65,78.29,0,NaN,,0,,0,10
11/24/2023 07:52,6.1,0.53,67.8,0,NaN,4,9,,340,10
11/24/2023 08:52,8.3,1.02,60.46,0,NaN,5,20,,340,10
11/24/2023 09:52,9.4,1.62,58.61,0,NaN,7,13,,320,10
11/24/2023 10:52,10.6,0.5,49.97,0,NaN,,20,,340,10
11/24/2023 11:52,12.2,0.5,44.95,0,NaN,,17,,350,10
11/24/2023 12:52,12.2,1,46.6,0,NaN,,13,,330,10
11/24/2023 13:52,11.1,0.5,48.34,0,NaN,,19,33,330,10
11/24/2023 14:52,10.6,0.5,49.97,0,NaN,,17,,320,10
11/24/2023 15:52,10.6,0.5,49.97,0,NaN,,17,,340,10
11/24/2023 16:52,9.4,-0.1,51.84,0,NaN,7,13,,340,10
11/24/2023 17:52,8.3,-0.09,55.84,0,NaN,6,15,,320,10
11/24/2023 18:52,7.2,-1.8,53.15,0,NaN,5,13,,330,10
11/24/2023 19:52,6.7,-3.41,48.84,0,NaN,4,17,,330,10
11/24/2023 20:52,5.6,-3.41,52.7,0,NaN,3,13,,330,10
11/24/2023 21:52,5.6,-4.52,48.52,0,NaN,1,26,35,350,10
11/24/2023 22:52,4.4,-5.72,48.17,0,NaN,,20,,340,10
11/24/2023 23:52,3.9,-6.83,45.86,0,NaN,-1,22,,350,10
11/25/2023 00:52,3.3,-6.82,47.84,0,NaN,-1,19,,350,10
11/25/2023 01:52,2.8,-6.82,49.56,0,NaN,-1,17,,360,10
11/25/2023 02:52,2.2,-7.32,49.77,0,NaN,-1,13,,20,10
11/25/2023 03:52,1.1,-6.81,55.97,0,NaN,-3,13,,20,10
11/25/2023 04:52,0.6,-6.8,58.02,0,NaN,-2,9,,20,10
11/25/2023 05:52,0,-6.8,60.6,0,NaN,-3,9,,20,10
11/25/2023 06:52,0,-6.8,60.6,0,NaN,-4,11,,10,10
11/25/2023 07:52,1.1,-6.81,55.97,0,NaN,-3,13,,20,10
11/25/2023 08:52,2.2,-7.32,49.77,0,NaN,-2,17,,20,10
11/25/2023 09:52,3.3,-7.93,43.94,0,NaN,,13,,30,10
11/25/2023 10:52,4.4,-6.83,44.28,0,NaN,2,11,,50,10
11/25/2023 11:52,5,-6.83,42.46,0,NaN,2,11,,310,10
11/25/2023 12:52,6.1,-6.83,39.34,0,NaN,5,7,,10,10
11/25/2023 13:52,6.7,-7.34,36.32,0,NaN,,0,,0,10
11/25/2023 14:52,7.2,-7.34,35.09,0,NaN,6,6,,0,10
11/25/2023 15:52,7.2,-7.94,33.5,0,NaN,,0,,0,10
11/25/2023 16:52,2.8,-6.82,49.56,0,NaN,,0,,0,10
11/25/2023 18:52,-0.6,-6.18,66.29,0,NaN,,0,,0,10
11/25/2023 19:52,0.6,-6.8,58.02,0,NaN,-2,7,,130,10
11/25/2023 20:52,1.1,-6.2,58.6,0,NaN,-1,6,,130,10
11/25/2023 21:52,0,-5.68,65.92,0,NaN,,0,,0,10
11/25/2023 22:52,-1.1,-5.06,74.77,0,NaN,,0,,0,10
11/25/2023 23:52,0,-3.96,74.97,0,NaN,,0,,0,10
11/26/2023 00:52,0.6,-3.36,75.08,0,NaN,,0,,0,10
11/26/2023 01:52,1.1,-2.86,75.17,0,NaN,,0,,0,10
11/26/2023 02:52,1.1,-2.86,75.17,0,NaN,,0,,0,10
11/26/2023 03:52,0.6,-2.85,77.93,0,NaN,-1,6,,140,10
11/26/2023 04:52,1.1,-2.86,75.17,0,NaN,,0,,0,10
11/26/2023 05:52,0,-2.84,81.4,0,NaN,,0,,0,10
11/26/2023 06:52,-1.1,-3.34,84.97,0,NaN,,0,,0,10
11/26/2023 07:52,0,-2.84,81.4,0,NaN,,0,,0,10
11/26/2023 08:52,2.8,-2.88,66.57,0,NaN,,0,,0,10
11/26/2023 09:52,4.4,-1.17,67.43,0,NaN,,0,,0,10
11/26/2023 10:52,6.7,-0.08,62.29,0,NaN,,0,,0,10
11/26/2023 11:52,8.3,1.02,60.46,0,NaN,7,9,,0,10
11/26/2023 12:52,8.3,0.51,58.32,0,NaN,6,11,,180,10
11/26/2023 13:52,8.9,2.12,62.82,0,NaN,7,9,,0,10
11/26/2023 14:52,8.3,2.74,68.28,0,NaN,6,13,,130,10
11/26/2023 15:52,7.2,3.25,76.24,0,NaN,6,6,,190,8
11/26/2023 16:52,6.7,4.37,85.25,0,NaN,,0,,0,8
11/26/2023 17:52,6.7,4.98,88.9,0,NaN,,0,,0,6
11/26/2023 18:52,6.1,4.38,88.85,0,NaN,4,9,,110,10
11/26/2023 19:52,6.7,4.37,85.25,0,NaN,5,7,,260,10
11/26/2023 20:52,5.6,3.88,88.81,0,NaN,4,9,,210,10
11/26/2023 21:52,5,2.77,85.67,0,NaN,3,7,,210,10
11/26/2023 22:52,5,2.16,82.09,0,NaN,2,17,,190,10
11/26/2023 23:52,4.4,1.66,82.59,0,NaN,2,11,,190,10
11/27/2023 00:52,2.8,1.07,88.56,0,NaN,,9,,190,10
11/27/2023 01:52,2.2,0.58,89.15,0,NaN,1,6,,140,10
11/27/2023 02:52,1.7,0.58,92.39,0,NaN,,0,,0,10
11/27/2023 03:52,1.1,-0.02,92.35,0,NaN,,0,,0,10
11/27/2023 04:52,1.1,-0.02,92.35,0,NaN,,0,,0,10
11/27/2023 05:52,0.6,-1.74,84.55,0,NaN,,0,,0,10
11/27/2023 06:52,0.6,-1.13,88.36,0,NaN,,0,,0,10
11/27/2023 07:52,1.1,-0.63,88.4,0,NaN,,0,,0,10
11/27/2023 08:52,8.3,1.62,63.13,0,NaN,5,22,35,310,10
11/27/2023 09:52,8.3,-1.81,49.31,0,NaN,4,39,61,310,10
11/27/2023 10:52,8.3,-3.42,43.79,0,NaN,4,31,52,300,10
11/27/2023 11:52,7.8,-4.52,41.71,0,NaN,3,33,57,310,10
11/27/2023 12:52,7.8,-4.02,43.31,0,NaN,3,33,46,320,10
11/27/2023 13:52,7.2,-4.52,43.46,0,NaN,3,24,43,310,10
11/27/2023 14:52,7.8,-4.02,43.31,0,NaN,4,24,,320,10
11/27/2023 15:52,6.7,-4.02,46.7,0,NaN,3,26,,320,10
11/27/2023 16:52,4.4,-5.72,48.17,0,NaN,-1,30,46,330,10
11/27/2023 17:52,3.3,-6.82,47.84,0,NaN,-1,22,43,330,10
11/27/2023 18:52,2.8,-7.32,47.69,0,NaN,-2,26,39,330,10
11/27/2023 19:52,1.7,-7.32,51.58,0,NaN,-2,13,,320,10
11/27/2023 20:52,1.7,-7.32,51.58,0,NaN,-1,9,,310,10
11/27/2023 21:52,0.6,-7.92,53.29,0,NaN,-1,6,,230,10
11/27/2023 22:52,-0.6,-7.9,58.15,0,NaN,-3,7,,200,10
11/27/2023 23:52,-1.7,-7.89,63.03,0,NaN,-5,9,,200,10
11/28/2023 00:52,-1.1,-7.29,63.18,0,NaN,-5,11,,190,10
11/28/2023 01:52,-0.6,-6.18,66.29,0,NaN,-4,11,,200,10
11/28/2023 02:52,0,-6.8,60.6,0,NaN,-4,11,,210,10
11/28/2023 03:52,0,-6.8,60.6,0,NaN,-3,9,,210,10
11/28/2023 04:52,2.8,-7.32,47.69,0,NaN,-1,13,,260,10
11/28/2023 05:52,2.8,-7.32,47.69,0,NaN,,9,,270,10
11/28/2023 06:52,2.2,-7.93,47.51,0,NaN,-2,19,,300,10
11/28/2023 07:52,2.8,-8.43,43.78,0,NaN,-1,17,,310,10
11/28/2023 08:52,3.3,-9.04,40.32,0,NaN,-2,26,,290,10
11/28/2023 09:52,4.4,-10.15,34.22,0,NaN,,24,43,270,10
11/28/2023 10:52,3.3,-8.44,42.26,0,NaN,-2,33,48,320,10
11/28/2023 11:52,4.4,-9.04,37.32,0,NaN,-1,31,50,310,10
11/28/2023 12:52,3.3,-9.04,40.32,0,NaN,-3,37,61,310,10
11/28/2023 13:52,2.8,-12.35,32.13,0,NaN,-3,33,56,290,10
11/28/2023 14:52,2.2,-12.95,31.94,0,NaN,-4,35,54,290,10
11/28/2023 15:52,1.1,-12.35,36.28,0,NaN,-6,37,54,290,10
11/28/2023 16:52,-0.6,-12.94,39.1,0,NaN,-7,28,52,310,10
11/28/2023 17:52,-1.1,-14.05,37.07,0,NaN,-7,20,,300,10
11/28/2023 18:52,-1.7,-13.44,40.69,0,NaN,-8,26,39,290,10
11/28/2023 19:52,-2.2,-13.44,42.22,0,NaN,-9,30,46,300,10
11/28/2023 20:52,-2.8,-12.93,45.98,0,NaN,-9,24,,300,10
11/28/2023 21:52,-3.3,-12.32,50.1,0,NaN,-8,11,,290,10
11/28/2023 22:52,-3.3,-12.93,47.72,0,NaN,-6,7,,260,10
11/28/2023 23:52,-3.3,-12.93,47.72,0,NaN,,0,,0,10
11/29/2023 00:52,-3.9,-12.92,49.92,0,NaN,-8,9,,250,10
11/29/2023 01:52,-3.9,-12.92,49.92,0,NaN,,0,,0,10
11/29/2023 02:52,-4.4,-12.92,51.83,0,NaN,-8,7,,300,10
11/29/2023 03:52,-5,-12.91,54.24,0,NaN,-8,7,,310,10
11/29/2023 04:52,-5,-12.91,54.24,0,NaN,-8,7,,310,10
11/29/2023 05:52,-5,-12.91,54.24,0,NaN,-8,7,,290,10
11/29/2023 06:52,-6.7,-12.9,61.76,0,NaN,,0,,0,10
11/29/2023 07:52,-5.6,-11.8,62.04,0,NaN,-9,7,,200,10
11/29/2023 08:52,-2.2,-11.83,48.06,0,NaN,-4,6,,170,10
11/29/2023 09:52,-0.6,-11.84,42.73,0,NaN,-5,15,,200,10
11/29/2023 10:52,1.7,-12.35,34.75,0,NaN,-3,19,,180,10
11/29/2023 11:52,2.8,-11.85,33.45,0,NaN,,11,,200,10
11/29/2023 12:52,3.9,-14.05,25.89,0,NaN,1,11,,230,10
11/29/2023 13:52,5,-13.45,25.18,0,NaN,2,17,,190,10
11/29/2023 14:52,5,-13.45,25.18,0,NaN,2,17,,220,10
11/29/2023 15:52,4.4,-13.45,26.25,0,NaN,1,15,,200,10
11/29/2023 16:52,4.4,-12.95,27.34,0,NaN,2,9,,200,10
11/29/2023 17:52,2.8,-13.45,29.39,0,NaN,1,7,,170,10
11/29/2023 18:52,3.3,-12.95,29.54,0,NaN,1,9,,180,10
11/29/2023 19:52,3.9,-11.85,30.95,0,NaN,1,11,,190,10
11/29/2023 20:52,3.9,-11.85,30.95,0,NaN,,15,,200,10
11/29/2023 21:52,2.8,-11.25,35.1,0,NaN,-1,13,,200,10
11/29/2023 22:52,0.6,-11.24,41.09,0,NaN,-2,9,,180,10
11/29/2023 23:52,0,-11.24,42.92,0,NaN,-2,6,,170,10
11/30/2023 00:52,-0.6,-10.73,46.66,0,NaN,-4,11,,190,10
11/30/2023 01:52,-0.6,-11.24,44.83,0,NaN,,0,,0,10
11/30/2023 02:52,-2.2,-10.72,52.48,0,NaN,,0,,0,10
11/30/2023 03:52,-2.2,-10.72,52.48,0,NaN,,0,,0,10
11/30/2023 04:52,-3.9,-10.09,62.48,0,NaN,,0,,0,10
11/30/2023 05:52,-3.9,-10.09,62.48,0,NaN,,0,,0,10
11/30/2023 06:52,-3.3,-8.38,68.27,0,NaN,,0,,0,10
11/30/2023 07:52,-2.2,-7.89,65.4,0,NaN,,0,,0,10
11/30/2023 08:52,0.6,-6.8,58.02,0,NaN,,0,,0,10
11/30/2023 09:52,5.6,-6.23,42.64,0,NaN,3,11,,190,10
11/30/2023 10:52,10,-4.52,35.96,0,NaN,8,13,,180,10
11/30/2023 11:52,12.8,-3.41,32.45,0,NaN,,13,,190,10
11/30/2023 12:52,14.4,-2.3,31.73,0,NaN,,19,33,190,10
11/30/2023 13:52,15.6,-2.89,28.1,0,NaN,,22,,190,10
11/30/2023 14:52,15,-2.9,29.2,0,NaN,,19,,160,10
11/30/2023 15:52,13.3,-2.31,34.08,0,NaN,,11,,160,10
11/30/2023 16:52,10.6,-2.31,40.72,0,NaN,,9,,150,10
11/30/2023 17:52,10.6,-2.31,40.72,0,NaN,,11,,170,10
11/30/2023 18:52,8.9,-2.31,45.63,0,NaN,7,11,,160,10
11/30/2023 19:52,9.4,-2.31,44.12,0,NaN,7,15,,170,10
11/30/2023 20:52,7.8,-2.31,49.16,0,NaN,7,7,,180,10
11/30/2023 21:52,6.7,-2.3,53.01,0,NaN,4,11,,190,10
11/30/2023 22:52,6.7,-2.3,53.01,0,NaN,5,9,,180,10
11/30/2023 23:52,6.7,-2.3,53.01,0,NaN,5,9,,170,10
12/1/2023 00:52,5.6,-2.3,57.19,0,NaN,4,9,,190,10
12/1/2023 01:52,5,-2.29,59.62,0,NaN,2,13,,190,10
12/1/2023 02:52,3.9,-2.89,61.59,0,NaN,2,7,,160,10
12/1/2023 03:52,3.9,-2.28,64.4,0,NaN,3,6,,140,10
12/1/2023 04:52,1.7,-2.87,72,0,NaN,,0,,0,10
12/1/2023 05:52,2.8,-2.88,66.57,0,NaN,,0,,0,10
12/1/2023 06:52,1.7,-2.26,75.28,0,NaN,-1,7,,160,10
12/1/2023 07:52,5,-1.18,64.66,0,NaN,,0,,0,10
12/1/2023 08:52,6.1,-0.68,62.14,0,NaN,,0,,0,10
12/1/2023 09:52,6.7,-1.19,57.48,0,NaN,5,7,,170,10
12/1/2023 10:52,7.8,-1.2,53.31,0,NaN,7,7,,180,10
12/1/2023 11:52,8.3,-0.7,53.45,2.54,NaN,7,9,,220,10
12/1/2023 12:52,9.4,0.51,54.15,2.54,NaN,8,9,,160,10
12/1/2023 13:52,10,1.01,53.92,0,NaN,9,7,,160,10
12/1/2023 14:52,7.8,4.97,82.46,127,NaN,,0,,0,4
12/1/2023 15:52,8.3,6.07,86.02,101.6,NaN,7,9,,170,4
12/1/2023 16:52,7.8,5.57,85.97,50.8,NaN,5,17,,180,3
12/1/2023 17:52,7.8,5.57,85.97,2.54,NaN,5,19,33,190,10
12/1/2023 18:52,7.8,6.08,88.99,0,NaN,6,11,,180,9
12/1/2023 19:52,8.3,6.07,86.02,0,NaN,6,11,,190,8
12/1/2023 20:52,8.3,6.68,89.65,25.4,NaN,6,13,,200,5
12/1/2023 21:52,8.3,6.68,89.65,0,NaN,6,11,,190,7
12/1/2023 22:52,8.9,6.67,86.08,0,NaN,7,9,,200,7
12/1/2023 23:52,8.9,7.18,89.09,0,NaN,7,9,,190,7
12/2/2023 00:52,8.9,7.18,89.09,0,NaN,7,9,,200,6
12/2/2023 01:52,8.3,6.68,89.65,0,NaN,,0,,0,6
12/2/2023 02:52,7.8,6.69,92.75,0,NaN,7,6,,160,5
12/2/2023 03:51,8.9,7.18,89.09,0,NaN,7,9,,190,0.5
12/2/2023 04:52,8.3,7.19,92.78,0,NaN,7,9,,210,0.25
12/2/2023 05:52,8.3,7.19,92.78,0,NaN,8,6,,200,0.25
12/2/2023 06:52,8.3,7.19,92.78,0,NaN,,0,,0,0.25
12/2/2023 07:52,7.8,6.69,92.75,0,NaN,,0,,0,-0.25
12/2/2023 08:52,8.3,7.79,96.66,0,NaN,,0,,0,0.25
12/2/2023 09:52,8.9,7.79,92.81,0,NaN,8,6,,190,0.5
12/2/2023 10:52,10.6,8.27,85.68,0,NaN,,0,,0,2.5
12/2/2023 11:52,11.7,8.87,82.95,0,NaN,,0,,0,7
12/2/2023 12:52,13.3,9.97,80.42,0,NaN,,0,,0,8
12/2/2023 13:52,14.4,10.57,77.94,0,NaN,,0,,0,10
12/2/2023 14:52,15.6,11.06,74.59,0,NaN,,7,,180,10
12/2/2023 15:52,14.4,10.57,77.94,0,NaN,,7,,200,10
12/2/2023 16:52,12.8,9.97,83.09,0,NaN,,9,,180,10
12/2/2023 17:52,11.7,9.38,85.8,0,NaN,,0,,0,9
12/2/2023 18:52,11.1,9.38,89.27,0,NaN,,7,,160,8
12/2/2023 19:52,11.1,9.99,92.94,0,NaN,,6,,150,0
12/2/2023 20:52,11.1,10.59,96.73,0,NaN,,0,,0,0
12/2/2023 21:52,11.1,10.59,96.73,0,NaN,,6,,90,-0.25
12/2/2023 22:52,11.1,10.59,96.73,2.54,NaN,,6,,80,-0.25
12/2/2023 23:52,11.1,9.99,92.94,2.54,NaN,,7,,40,-0.25
12/3/2023 00:52,11.1,9.99,92.94,203.2,NaN,,0,,0,2
12/3/2023 01:52,11.7,9.98,89.32,508,NaN,,6,,40,2
12/3/2023 02:52,11.7,10.59,92.97,203.2,NaN,,9,,100,2
12/3/2023 03:52,11.7,10.59,92.97,228.6,NaN,,9,,110,2
12/3/2023 04:52,11.7,9.98,89.32,25.4,NaN,,19,,120,10
12/3/2023 05:52,11.7,10.59,92.97,76.2,NaN,,7,,90,8
12/3/2023 06:52,11.7,9.98,89.32,177.8,NaN,,13,,120,7
12/3/2023 07:52,11.7,9.98,89.32,2.54,NaN,,0,,0,10
12/3/2023 08:52,11.7,10.59,92.97,0,NaN,,0,,0,1
12/3/2023 09:52,11.7,10.59,92.97,0,NaN,,0,,0,3
12/3/2023 10:52,12.2,11.09,93,0,NaN,,0,,0,7
12/3/2023 11:52,12.8,11.08,89.41,0,NaN,,0,,0,4
12/3/2023 12:52,12.8,11.08,89.41,0,NaN,,0,,0,4
12/3/2023 13:52,13.3,11.68,90.04,0,NaN,,0,,0,10
12/3/2023 14:52,13.3,11.68,90.04,0,NaN,,7,,230,10
12/3/2023 15:52,13.3,11.68,90.04,0,NaN,,0,,0,10
12/3/2023 16:52,13.3,11.68,90.04,0,NaN,,0,,0,3
12/3/2023 17:52,12.8,11.69,93.03,25.4,NaN,,0,,0,6
12/3/2023 18:52,11.7,10.59,92.97,0,NaN,,9,,330,10
12/3/2023 19:52,11.1,10.59,96.73,0,NaN,,0,,0,0.5
12/3/2023 20:52,9.4,8.29,92.84,2.54,NaN,9,6,,160,0.25
12/3/2023 21:52,9.4,8.29,92.84,2.54,NaN,,0,,0,10
12/3/2023 22:52,11.7,4.93,63.48,0,NaN,,20,,290,10
12/3/2023 23:52,11.1,3.22,58.63,0,NaN,,20,,300,10
12/4/2023 00:52,10,0.51,52.01,0,NaN,7,20,,330,10
12/4/2023 01:52,10,0.51,52.01,0,NaN,8,19,,300,10
12/4/2023 02:52,5.6,2.15,78.73,0,NaN,,0,,0,10
12/4/2023 03:52,5.6,1.04,72.76,0,NaN,4,7,,330,10
12/4/2023 04:52,3.3,1.07,85.48,0,NaN,,0,,0,10
12/4/2023 05:52,3.9,1.06,81.94,0,NaN,,0,,0,10
12/4/2023 06:52,4.4,1.05,79.11,0,NaN,3,7,,280,10
12/4/2023 07:52,5,2.16,82.09,0,NaN,3,7,,130,10
12/4/2023 08:52,8.9,3.84,70.86,0,NaN,,0,,0,10
12/4/2023 09:52,10,1.01,53.92,0,NaN,9,7,,320,10
12/4/2023 10:52,10.6,1.61,54.09,0,NaN,,9,,320,10
12/4/2023 11:52,12.2,1.61,48.65,0,NaN,,7,,360,10
12/4/2023 12:52,11.7,0.5,46.46,0,NaN,,15,,290,10
12/4/2023 13:52,11.7,0.5,46.46,0,NaN,,11,,270,10
12/4/2023 14:52,11.1,1.01,50.11,0,NaN,,9,,330,10
12/4/2023 15:52,10,0.51,52.01,0,NaN,9,9,,330,10
12/4/2023 16:52,10,0.51,52.01,0,NaN,8,11,,340,10
12/4/2023 17:52,9.4,1.01,56.14,0,NaN,8,7,,320,10
12/4/2023 18:52,7.8,0.52,60.34,0,NaN,7,7,,300,10
12/4/2023 19:52,5,-0.07,70.06,0,NaN,3,7,,290,10
12/4/2023 20:52,6.1,-0.08,64.92,0,NaN,4,9,,300,10
12/4/2023 21:52,6.7,-0.69,59.62,0,NaN,5,7,,300,10
12/4/2023 22:52,7.2,-1.2,55.54,0,NaN,4,19,,340,10
12/4/2023 23:52,6.7,-1.19,57.48,0,NaN,5,9,,330,10
12/5/2023 00:52,5.6,-1.18,62.02,0,NaN,2,19,,320,10
12/5/2023 01:52,5,-1.79,61.87,0,NaN,3,9,,340,10
12/5/2023 02:52,5,-2.29,59.62,0,NaN,3,9,,320,10
12/5/2023 03:52,3.9,-1.78,66.82,0,NaN,,0,,0,10
12/5/2023 04:52,3.3,-2.28,67.18,0,NaN,2,6,,160,10
12/5/2023 05:52,3.3,-1.77,69.71,0,NaN,-1,17,,300,10
12/5/2023 06:52,2.2,-2.26,72.64,0,NaN,,0,,0,10
12/5/2023 07:52,3.3,-1.16,72.85,0,NaN,,0,,0,10
12/5/2023 08:52,7.2,-1.8,53.15,0,NaN,5,9,,290,10
12/5/2023 09:52,7.8,-1.81,51.01,0,NaN,7,7,,320,10
12/5/2023 10:52,8.9,-1.2,49.48,0,NaN,7,15,,310,10
12/5/2023 11:52,10,-1.2,45.96,0,NaN,8,11,,280,10
12/5/2023 12:52,10.6,-1.21,44.15,0,NaN,,13,,340,10
12/5/2023 13:52,9.4,-1.81,45.78,0,NaN,8,11,,350,10
12/5/2023 14:52,9.4,-1.81,45.78,0,NaN,,0,,0,10
12/5/2023 15:52,8.9,-1.81,47.35,0,NaN,,0,,0,10
12/5/2023 16:52,7.8,-1.2,53.31,0,NaN,7,7,,50,10
12/5/2023 17:52,7.2,-1.2,55.54,0,NaN,6,7,,50,10
12/5/2023 18:52,7.8,-0.69,55.3,0,NaN,6,11,,50,10
12/5/2023 19:52,7.2,-0.69,57.61,0,NaN,5,9,,60,10
12/5/2023 20:52,6.7,-0.08,62.29,2.54,NaN,4,13,,40,10
12/5/2023 21:52,6.1,0.53,67.8,0,NaN,3,15,,10,10
12/5/2023 22:52,5,0.54,73.18,0,NaN,2,17,,20,10
12/5/2023 23:52,4.4,1.05,79.11,0,NaN,2,9,,20,10
12/6/2023 00:52,4.4,1.05,79.11,0,NaN,2,11,,20,10
12/6/2023 01:52,4.4,1.05,79.11,0,NaN,2,9,,20,10
12/6/2023 02:52,4.4,1.05,79.11,0,NaN,1,13,,360,10
12/6/2023 03:52,3.9,1.06,81.94,2.54,NaN,,15,,350,9
12/6/2023 04:52,3.3,1.07,85.48,2.54,NaN,,11,,330,8
12/6/2023 05:52,3.9,0.55,79.03,2.54,NaN,1,13,,330,10
12/6/2023 06:52,3.3,0.56,82.45,2.54,NaN,1,9,,320,9
12/6/2023 07:52,3.3,0.56,82.45,0,NaN,1,7,,330,10
12/6/2023 08:52,3.9,0.55,79.03,0,NaN,,15,,310,10
12/6/2023 09:52,5.6,-0.68,64.33,0,NaN,1,24,37,320,10
12/6/2023 10:52,6.7,-2.3,53.01,0,NaN,2,30,41,320,10
12/6/2023 11:52,6.1,-3.41,50.9,0,NaN,2,26,54,320,10
12/6/2023 12:52,6.7,-3.41,48.84,0,NaN,3,22,48,320,10
12/6/2023 13:52,6.7,-4.02,46.7,0,NaN,3,24,35,320,10
12/6/2023 14:52,6.1,-3.41,50.9,0,NaN,2,24,,320,10
12/6/2023 15:52,6.1,-5.73,42.79,0,NaN,2,26,,310,10
12/6/2023 16:52,5.6,-5.12,46.37,0,NaN,1,24,39,310,10
12/6/2023 17:52,5,-5.12,48.34,0,NaN,2,15,,310,10
12/6/2023 18:52,3.9,-4.51,54.64,0,NaN,-1,22,,310,10
12/6/2023 19:52,3.3,-5.11,54.47,0,NaN,-2,26,,310,10
12/6/2023 20:52,2.8,-5.1,56.43,0,NaN,-1,15,,310,10
12/6/2023 21:52,2.8,-5.71,53.92,0,NaN,-1,13,,320,10
12/6/2023 22:52,2.2,-5.7,56.27,0,NaN,-2,15,,310,10
12/6/2023 23:52,2.2,-5.7,56.27,0,NaN,-2,20,,300,10
12/7/2023 00:52,2.2,-5.7,56.27,0,NaN,-2,15,,290,10
12/7/2023 01:52,1.7,-5.7,58.32,0,NaN,-3,19,,300,10
12/7/2023 02:52,0.6,-6.2,60.75,0,NaN,,0,,0,10
12/7/2023 03:52,0,-6.19,63.45,0,NaN,,0,,0,10
12/7/2023 04:52,-2.2,-5.66,77.47,0,NaN,-5,7,,130,10
12/7/2023 05:52,0.6,-5.08,66.06,0,NaN,-1,6,,180,10
12/7/2023 06:52,1.7,-4.49,63.87,0,NaN,-2,11,,200,10
12/7/2023 07:52,2.8,-4.5,59.05,0,NaN,,11,,200,10
12/7/2023 08:52,2.8,-4.5,59.05,0,NaN,,11,,200,10
12/7/2023 09:52,3.9,-4.51,54.64,0,NaN,1,11,,200,10
12/7/2023 10:52,5,-4.01,52.53,0,NaN,2,15,,200,10
12/7/2023 11:52,6.7,-4.02,46.7,0,NaN,4,17,,190,10
12/7/2023 12:52,6.7,-3.41,48.84,0,NaN,3,22,,210,10
12/7/2023 13:52,7.8,-2.91,47.02,0,NaN,5,20,,190,10
12/7/2023 14:52,7.8,-2.91,47.02,0,NaN,4,22,35,200,10
12/7/2023 15:52,7.8,-2.91,47.02,0,NaN,5,20,,210,10
12/7/2023 16:52,7.8,-3.42,45.3,0,NaN,5,17,,210,10
12/7/2023 17:52,7.8,-2.91,47.02,0,NaN,5,19,,210,10
12/7/2023 18:52,6.7,-2.3,53.01,0,NaN,,0,,0,10
12/7/2023 19:52,6.1,-1.8,57.32,0,NaN,,0,,0,10
12/7/2023 20:52,5.6,-1.18,62.02,0,NaN,,0,,0,10
12/7/2023 21:52,5.6,-1.79,59.34,0,NaN,5,6,,160,10
12/7/2023 22:52,2.8,-2.27,69.6,0,NaN,1,7,,60,10
12/7/2023 23:52,1.7,-2.26,75.28,0,NaN,,0,,0,10
12/8/2023 00:52,0,-2.84,81.4,0,NaN,,0,,0,10
12/8/2023 01:52,-0.6,-2.84,85.03,0,NaN,,0,,0,10
12/8/2023 02:52,-0.6,-3.34,81.92,0,NaN,,0,,0,10
12/8/2023 03:52,-0.6,-3.34,81.92,0,NaN,,0,,0,10
12/8/2023 04:52,-0.6,-2.84,85.03,0,NaN,,0,,0,10
12/8/2023 05:52,-0.6,-2.84,85.03,0,NaN,,0,,0,10
12/8/2023 06:52,-0.6,-2.84,85.03,0,NaN,,0,,0,10
12/8/2023 07:52,0.6,-2.24,81.48,0,NaN,,0,,0,10
12/8/2023 08:52,3.9,-0.66,72.44,0,NaN,,0,,0,10
12/8/2023 09:52,6.7,-0.08,62.29,0,NaN,,0,,0,10
12/8/2023 10:52,10,0.51,52.01,0,NaN,9,7,,210,10
12/8/2023 11:52,12.8,-0.7,39.61,0,NaN,,19,,190,10
12/8/2023 12:52,14.4,-0.7,35.7,0,NaN,,9,31,0,10
12/8/2023 13:52,15,-0.7,34.34,0,NaN,,19,,140,10
12/8/2023 14:52,15,-0.09,35.88,0,NaN,,17,,140,10
12/8/2023 15:52,13.9,-0.1,38.52,0,NaN,,11,,140,10
12/8/2023 16:52,11.1,0.5,48.34,0,NaN,,11,,140,10
12/8/2023 17:52,11.1,0.5,48.34,0,NaN,,11,,130,10
12/8/2023 18:52,10,0.51,52.01,0,NaN,9,7,,160,10
12/8/2023 19:52,7.8,0.52,60.34,0,NaN,,0,,0,10
12/8/2023 20:52,6.1,0.53,67.8,0,NaN,4,9,,160,10
12/8/2023 21:52,8.9,1.62,60.61,0,NaN,8,6,,170,10
12/8/2023 22:52,7.2,1.63,68.04,0,NaN,6,7,,150,10
12/8/2023 23:52,3.3,0.56,82.45,0,NaN,,0,,0,10
12/9/2023 00:52,2.2,-0.64,81.7,0,NaN,,0,,0,10
12/9/2023 01:52,0.6,-1.74,84.55,0,NaN,,0,,0,10
12/9/2023 02:52,1.1,-1.13,85.23,0,NaN,,0,,0,10
12/9/2023 03:52,0,-1.73,88.3,0,NaN,,0,,0,10
12/9/2023 04:52,-0.6,-2.23,88.9,0,NaN,,0,,0,10
12/9/2023 05:52,-1.7,-3.33,88.8,0,NaN,,0,,0,10
12/9/2023 06:52,-1.7,-3.33,88.8,0,NaN,-6,11,,310,10
12/9/2023 07:52,-0.6,-1.72,92.25,0,NaN,,0,,0,7
12/9/2023 08:52,4.4,1.66,82.59,0,NaN,,0,,0,10
12/9/2023 09:52,7.8,2.74,70.64,0,NaN,,0,,0,10
12/9/2023 10:52,8.9,2.73,65.56,0,NaN,8,7,,330,10
12/9/2023 11:52,10.6,2.12,56.05,0,NaN,,6,,0,10
12/9/2023 12:52,12.8,2.71,50.59,0,NaN,,0,,0,10
12/9/2023 13:52,12.8,2.11,48.48,0,NaN,,9,,220,10
12/9/2023 14:52,12.8,2.11,48.48,0,NaN,,9,,0,10
12/9/2023 15:52,13.9,3.22,48.79,0,NaN,,6,,190,10
12/9/2023 16:52,11.1,2.72,56.59,0,NaN,,9,,140,10
12/9/2023 17:52,8.3,2.74,68.28,0,NaN,8,6,,140,10
12/9/2023 18:52,8.3,2.74,68.28,0,NaN,7,7,,170,10
12/9/2023 19:52,6.1,2.76,79.37,0,NaN,,0,,0,10
12/9/2023 20:52,5.6,2.15,78.73,0,NaN,,0,,0,10
12/9/2023 21:52,10,4.34,68.16,0,NaN,,0,,0,10
12/9/2023 22:52,12.2,6.65,69.1,0,NaN,,9,,170,10
12/9/2023 23:52,12.8,7.15,68.75,0,NaN,,15,,180,10
12/10/2023 00:52,13.3,8.25,71.72,0,NaN,,15,,180,10
12/10/2023 01:52,13.3,8.25,71.72,0,NaN,,17,,170,10
12/10/2023 02:52,12.2,8.26,77.07,0,NaN,,13,,180,10
12/10/2023 03:52,13.3,9.36,77.25,0,NaN,,17,,180,10
12/10/2023 04:52,13.9,9.97,77.35,0,NaN,,11,,150,10
12/10/2023 05:52,13.9,10.57,80.51,0,NaN,,7,,180,10
12/10/2023 06:52,14.4,11.07,80.58,0,NaN,,9,,170,10
12/10/2023 07:52,15,11.67,80.66,0,NaN,,9,,180,10
12/10/2023 08:52,14.4,12.79,90.12,431.8,NaN,,9,,190,3
12/10/2023 09:52,15,13.29,89.58,482.6,NaN,,13,,160,5
12/10/2023 10:52,15,13.89,93.14,203.2,NaN,,9,,160,5
12/10/2023 11:52,15.6,13.89,89.63,25.4,NaN,,13,,180,10
12/10/2023 12:52,16.1,13.88,86.81,2.54,NaN,,13,,180,10
12/10/2023 13:52,16.1,13.88,86.81,0,NaN,,11,,170,10
12/10/2023 14:52,15.6,14.39,92.58,101.6,NaN,,7,,180,1.5
12/10/2023 15:52,15.6,13.89,89.63,279.4,NaN,,6,,220,2.5
12/10/2023 16:52,15,13.89,93.14,127,NaN,,0,,0,5
12/10/2023 17:52,15,13.89,93.14,279.4,NaN,,9,,300,5
12/10/2023 18:52,10,7.77,86.2,228.6,NaN,7,28,50,320,6
12/10/2023 19:52,9.4,7.17,86.14,177.8,NaN,6,24,41,330,6
12/10/2023 20:52,8.3,6.07,86.02,228.6,NaN,5,26,50,340,5
12/10/2023 21:52,6.7,3.86,82.31,381,NaN,2,39,61,340,6
12/10/2023 22:52,3.9,1.67,85.54,330.2,NaN,-1,24,43,330,6
12/10/2023 23:52,3.3,1.07,85.48,330.2,NaN,-2,26,41,340,7
12/11/2023 00:52,2.8,1.07,88.56,177.8,NaN,-2,22,,330,9
12/11/2023 01:52,2.2,0.58,89.15,152.4,NaN,-2,19,,330,6
12/11/2023 02:52,1.1,-0.02,92.35,254,NaN,-3,13,,310,3
12/11/2023 03:52,0.6,-0.01,95.75,304.8,NaN,-3,11,,330,1.5
12/11/2023 04:52,1.1,-0.02,92.35,2.54,NaN,-2,9,,300,10
12/11/2023 05:52,2.2,-0.03,85.35,0,NaN,-2,15,,300,10
12/11/2023 06:52,2.8,-0.65,78.29,0,NaN,-2,22,,310,10
12/11/2023 07:52,2.8,-0.04,81.79,0,NaN,-1,19,,300,10
12/11/2023 08:52,3.9,-0.06,75.67,0,NaN,,20,,300,10
12/11/2023 09:52,6.1,-0.08,64.92,0,NaN,2,30,46,300,10
12/11/2023 10:52,6.1,-1.19,59.91,0,NaN,1,33,52,300,10
12/11/2023 11:52,6.7,-1.8,55,0,NaN,2,28,44,310,10
12/11/2023 12:52,7.2,-2.91,48.99,0,NaN,3,35,52,310,10
12/11/2023 13:52,7.8,-3.42,45.3,0,NaN,3,35,57,290,10
12/11/2023 14:52,7.8,-3.42,45.3,0,NaN,4,22,46,280,10
12/11/2023 15:52,6.7,-4.02,46.7,0,NaN,3,24,48,300,10
12/11/2023 16:52,4.4,-5.12,50.41,0,NaN,,24,,290,10
12/11/2023 17:52,3.9,-5.72,49.89,0,NaN,-1,30,48,310,10
12/11/2023 18:52,3.3,-6.22,50.09,0,NaN,,15,,320,10
12/11/2023 19:52,1.7,-5.7,58.32,0,NaN,,6,,230,10
12/11/2023 20:52,1.7,-5.09,61.04,0,NaN,-2,11,,310,10
12/11/2023 21:52,1.1,-5.7,60.88,0,NaN,-1,7,,290,10
12/11/2023 22:52,1.1,-5.7,60.88,0,NaN,-3,13,,290,10
12/11/2023 23:52,-0.6,-5.68,68.87,0,NaN,-4,9,,270,10
12/12/2023 00:52,0,-5.68,65.92,0,NaN,-3,7,,170,10
12/12/2023 01:52,-1.7,-5.66,74.66,0,NaN,,0,,0,10
12/12/2023 02:52,-2.2,-6.16,74.56,0,NaN,,0,,0,10
12/12/2023 03:52,-2.8,-6.15,77.96,0,NaN,,0,,0,10
12/12/2023 04:52,-3.3,-6.15,80.92,0,NaN,-6,6,,190,10
12/12/2023 05:52,-3.9,-6.14,84.64,0,NaN,,0,,0,10
12/12/2023 06:52,-4.4,-6.74,83.93,0,NaN,,0,,0,10
12/12/2023 07:52,-2.8,-5.65,80.99,0,NaN,,0,,0,10
12/12/2023 08:52,0,-3.96,74.97,0,NaN,-2,6,,190,10
12/12/2023 09:52,3.3,-3.39,61.9,0,NaN,1,9,,200,10
12/12/2023 10:52,5.6,-4.01,50.38,0,NaN,3,15,,180,10
12/12/2023 11:52,6.7,-4.02,46.7,0,NaN,4,13,,180,10
12/12/2023 12:52,7.8,-4.52,41.71,0,NaN,6,9,,190,10
12/12/2023 13:52,8.9,-4.53,38.71,0,NaN,7,13,,210,10
12/12/2023 14:52,8.9,-4.53,38.71,0,NaN,7,13,,180,10
12/12/2023 15:52,8.9,-4.53,38.71,0,NaN,7,15,,200,10
12/12/2023 16:52,6.7,-5.12,42.98,0,NaN,5,7,,190,10
12/12/2023 17:52,5,-5.12,48.34,0,NaN,3,9,,190,10
12/12/2023 18:52,3.9,-4.51,54.64,0,NaN,1,11,,190,10
12/12/2023 19:52,3.9,-4,56.73,0,NaN,1,13,,190,10
12/12/2023 20:52,2.8,-3.99,61.32,0,NaN,,11,,190,10
12/12/2023 21:52,1.7,-3.98,66.32,0,NaN,-2,11,,190,10
12/12/2023 22:52,2.8,-3.99,61.32,0,NaN,-1,13,,200,10
12/12/2023 23:52,1.7,-3.98,66.32,0,NaN,-1,7,,190,10
12/13/2023 00:52,1.7,-3.98,66.32,0,NaN,-1,7,,180,10
12/13/2023 01:52,0,-3.96,74.97,0,NaN,,0,,0,10
12/13/2023 02:52,1.7,-3.98,66.32,0,NaN,-1,9,,180,10
12/13/2023 03:52,-1.1,-4.45,78.24,0,NaN,,0,,0,10
12/13/2023 04:52,-1.7,-4.44,81.77,0,NaN,,0,,0,10
12/13/2023 05:52,-1.7,-4.44,81.77,0,NaN,-4,6,,160,10
12/13/2023 06:52,-0.6,-3.95,78.32,0,NaN,,0,,0,10
12/13/2023 07:52,0,-2.84,81.4,0,NaN,,0,,0,10
12/13/2023 08:52,2.8,-1.16,75.48,0,NaN,,0,,0,10
12/13/2023 09:52,8.3,-2.31,47.52,0,NaN,6,11,,320,10
12/13/2023 10:52,8.3,-4.52,40.32,0,NaN,5,19,,310,10
12/13/2023 11:52,9.4,-6.23,32.9,0,NaN,7,19,,290,10
12/13/2023 12:52,8.9,-7.34,31.26,0,NaN,6,17,,310,10
12/13/2023 13:52,8.3,-7.94,31.08,0,NaN,6,15,,320,10
12/13/2023 14:52,9.4,-7.33,30.23,0,NaN,7,13,,310,10
12/13/2023 15:52,8.9,-9.04,27.39,0,NaN,6,20,,310,10
12/13/2023 16:52,6.7,-10.14,29.18,0,NaN,6,6,,310,10
12/13/2023 17:52,5,-10.15,32.82,0,NaN,2,11,,310,10
12/13/2023 18:52,4.4,-10.75,32.63,0,NaN,2,11,,310,10
12/13/2023 19:52,2.8,-10.14,38.31,0,NaN,,0,,0,10
12/13/2023 20:52,0.6,-9.02,48.91,0,NaN,-2,7,,290,10
12/13/2023 21:52,0.6,-9.53,47.02,0,NaN,-2,9,,320,10
12/13/2023 22:52,0.6,-9.02,48.91,0,NaN,-1,6,,300,10
12/13/2023 23:52,-1.7,-7.89,63.03,0,NaN,-4,6,,300,10
12/14/2023 00:52,-2.8,-7.88,68.38,0,NaN,,0,,0,10
12/14/2023 01:52,-2.2,-8.39,62.91,0,NaN,-4,6,,290,10
12/14/2023 02:52,-3.3,-8.38,68.27,0,NaN,-6,6,,300,10
12/14/2023 03:52,-3.3,-8.38,68.27,0,NaN,-6,6,,270,10
12/14/2023 04:52,-3.9,-8.37,71.41,0,NaN,,0,,0,10
12/14/2023 05:52,-5,-8.36,77.59,0,NaN,-8,6,,50,10
12/14/2023 06:52,-5,-8.36,77.59,0,NaN,,0,,0,10
12/14/2023 07:52,-4.4,-8.36,74.15,0,NaN,,0,,0,10
12/14/2023 08:52,1.7,-3.98,66.32,0,NaN,,0,,0,10
12/14/2023 09:52,4.4,-6.22,46.36,0,NaN,,0,,0,10
12/14/2023 10:52,6.1,-8.44,34.75,0,NaN,3,13,,290,10
12/14/2023 11:52,7.2,-7.94,33.5,0,NaN,5,13,,290,10
12/14/2023 12:52,8.3,-8.44,29.89,0,NaN,7,9,,0,10
12/14/2023 13:52,8.9,-10.13,25.12,0,NaN,7,15,,290,10
12/14/2023 14:52,9.4,-9.53,25.46,0,NaN,8,11,,290,10
12/14/2023 15:52,9.4,-9.03,26.48,0,NaN,8,7,,280,10
12/14/2023 16:52,5,-7.33,40.85,0,NaN,4,6,,220,10
12/14/2023 17:52,3.3,-7.33,46.03,0,NaN,1,9,,200,10
12/14/2023 18:52,2.2,-7.32,49.77,0,NaN,,7,,210,10
12/14/2023 19:52,1.7,-7.32,51.58,0,NaN,-1,9,,210,10
12/14/2023 20:52,1.7,-7.92,49.24,0,NaN,-2,11,,200,10
12/14/2023 21:52,2.8,-8.43,43.78,0,NaN,1,6,,190,10
12/14/2023 22:52,1.7,-7.92,49.24,0,NaN,,6,,210,10
12/14/2023 23:52,0,-7.3,58.31,0,NaN,,0,,0,10
12/15/2023 00:52,-0.6,-7.3,60.91,0,NaN,,0,,0,10
12/15/2023 01:52,-1.7,-7.29,66.03,0,NaN,,0,,0,10
12/15/2023 02:52,-2.8,-6.76,74.45,0,NaN,,0,,0,10
12/15/2023 03:52,-2.8,-7.27,71.64,0,NaN,,0,,0,10
12/15/2023 04:52,-3.3,-7.26,74.36,0,NaN,,0,,0,10
12/15/2023 05:52,-3.3,-7.26,74.36,0,NaN,,0,,0,10
12/15/2023 06:52,-3.9,-6.75,80.83,0,NaN,,0,,0,10
12/15/2023 07:52,-2.2,-6.16,74.56,0,NaN,,0,,0,10
12/15/2023 08:52,2.2,-4.49,61.63,0,NaN,,0,,0,10
12/15/2023 09:52,6.1,-4.01,48.67,0,NaN,,0,,0,10
12/15/2023 10:52,11.1,-2.91,37.67,0,NaN,,0,,0,10
12/15/2023 11:52,13.9,-2.3,32.78,0,NaN,,6,,0,10
12/15/2023 12:52,14.4,-2.3,31.73,0,NaN,,24,33,290,10
12/15/2023 13:52,15.6,-1.79,30.48,0,NaN,,13,,270,10
12/15/2023 14:52,15.6,-2.89,28.1,0,NaN,,15,,310,10
12/15/2023 15:52,14.4,-2.3,31.73,0,NaN,,15,,300,10
12/15/2023 16:52,12.8,-4.01,31.02,0,NaN,,9,,320,10
12/15/2023 17:52,8.9,-3.42,42.05,0,NaN,7,11,,300,10
12/15/2023 18:52,6.7,-2.91,50.7,0,NaN,6,6,,300,10
12/15/2023 19:52,4.4,-3.4,57.29,0,NaN,3,6,,300,10
12/15/2023 20:52,4.4,-3.4,57.29,0,NaN,,0,,0,10
12/15/2023 21:52,3.9,-3.39,59.34,0,NaN,,0,,0,10
12/15/2023 22:52,2.8,-3.39,64.13,0,NaN,1,6,,260,10
12/15/2023 23:52,1.1,-3.37,72.42,0,NaN,,0,,0,10
12/16/2023 00:52,0,-3.96,74.97,0,NaN,,0,,0,10
12/16/2023 01:52,-0.6,-3.95,78.32,0,NaN,,0,,0,10
12/16/2023 02:52,-1.1,-4.45,78.24,0,NaN,,0,,0,10
12/16/2023 03:52,-1.7,-4.44,81.77,0,NaN,,0,,0,10
12/16/2023 04:52,-1.7,-4.44,81.77,0,NaN,,0,,0,10
12/16/2023 05:52,-1.7,-4.44,81.77,0,NaN,,0,,0,10
12/16/2023 06:52,-2.2,-4.44,84.84,0,NaN,,0,,0,10
12/16/2023 07:52,-1.7,-3.94,84.9,0,NaN,,0,,0,10
12/16/2023 08:52,3.9,-0.66,72.44,0,NaN,,0,,0,10
12/16/2023 09:52,8.9,-1.2,49.48,0,NaN,,0,,0,10
12/16/2023 10:52,11.7,-0.1,44.48,0,NaN,,6,,340,10
12/16/2023 11:52,13.9,-0.7,36.87,0,NaN,,11,,100,10
12/16/2023 12:52,14.4,-1.2,34.41,0,NaN,,11,,0,10
12/16/2023 13:52,14.4,-1.8,32.93,0,NaN,,7,,110,10
12/16/2023 14:52,14.4,-1.2,34.41,0,NaN,,9,,0,10
12/16/2023 15:52,12.8,-0.7,39.61,0,NaN,,9,,100,10
12/16/2023 16:52,8.9,-0.7,51.33,0,NaN,8,7,,120,10
12/16/2023 17:52,6.1,-0.08,64.92,0,NaN,4,9,,0,10
12/16/2023 18:52,7.8,-1.2,53.31,0,NaN,6,9,,120,10
12/16/2023 19:52,7.8,-1.2,53.31,0,NaN,6,9,,110,10
12/16/2023 20:52,7.2,-0.69,57.61,0,NaN,6,7,,110,10
12/16/2023 21:52,7.2,-0.08,60.19,0,NaN,5,9,,110,10
12/16/2023 22:52,7.2,1.03,65.17,0,NaN,5,9,,120,10
12/16/2023 23:52,6.1,1.03,70.29,0,NaN,5,6,,100,10
12/17/2023 00:52,5,1.05,75.86,0,NaN,3,9,,80,10
12/17/2023 01:52,3.3,0.56,82.45,0,NaN,,0,,0,10
12/17/2023 02:52,4.4,1.05,79.11,0,NaN,,0,,0,10
12/17/2023 03:52,6.7,4.37,85.25,0,NaN,,0,,0,5
12/17/2023 04:52,6.7,5.59,92.69,0,NaN,5,7,,70,4
12/17/2023 05:52,7.2,6.09,92.72,0,NaN,5,9,,80,0
12/17/2023 06:52,7.2,6.09,92.72,0,NaN,6,7,,60,1
12/17/2023 07:52,7.8,6.69,92.75,0,NaN,7,7,,70,1
12/17/2023 08:52,8.3,7.19,92.78,0,NaN,,0,,0,1
12/17/2023 09:52,8.9,7.18,89.09,0,NaN,8,6,,0,1
12/17/2023 10:52,10,7.77,86.2,0,NaN,9,7,,80,2.5
12/17/2023 11:52,10,8.28,89.18,0,NaN,,0,,0,2.5
12/17/2023 12:52,10.6,8.27,85.68,0,NaN,,7,,20,2
12/17/2023 13:52,10.6,8.88,89.23,2.54,NaN,,6,,40,2
12/17/2023 14:52,11.1,9.38,89.27,25.4,NaN,,6,,30,2
12/17/2023 15:52,10,8.89,92.87,2.54,NaN,9,9,,310,2
12/17/2023 16:52,10,8.89,92.87,203.2,NaN,9,9,,320,1.5
12/17/2023 17:52,10,8.89,92.87,203.2,NaN,9,9,,340,1.5
12/17/2023 18:52,10.6,8.88,89.23,381,NaN,,13,,360,2.5
12/17/2023 19:52,10.6,9.39,92.29,431.8,NaN,,17,,340,2.5
12/17/2023 20:52,11.1,9.99,92.94,863.6,NaN,,17,,10,3
12/17/2023 21:52,11.7,9.98,89.32,863.6,NaN,,30,44,360,3
12/17/2023 22:52,11.7,10.59,92.97,914.4,NaN,,28,37,350,2.5
12/17/2023 23:52,12.2,10.58,89.96,889,NaN,,19,,330,3
12/18/2023 00:52,11.7,9.98,89.32,762,NaN,,22,,340,4
12/18/2023 01:52,11.7,9.98,89.32,127,NaN,,28,41,330,3
12/18/2023 02:52,11.1,9.38,89.27,76.2,NaN,,26,43,320,3
12/18/2023 03:52,10.6,8.88,89.23,2.54,NaN,,30,50,320,6
12/18/2023 04:52,11.1,8.27,82.88,25.4,NaN,,30,44,320,10
12/18/2023 05:52,10.6,7.77,82.82,0,NaN,,26,39,310,10
12/18/2023 06:52,10.6,5.55,71.19,0,NaN,,39,54,310,10
12/18/2023 07:52,10.6,4.33,65.48,0,NaN,,33,52,320,10
12/18/2023 08:52,10,2.72,60.89,0,NaN,6,37,54,320,10
12/18/2023 09:52,10,2.12,58.34,0,NaN,6,41,63,310,10
12/18/2023 10:52,10.6,1.01,51.8,0,NaN,,41,61,310,10
12/18/2023 11:52,10,0.51,52.01,0,NaN,6,43,67,310,10
12/18/2023 12:52,11.1,0.5,48.34,0,NaN,,31,48,300,10
12/18/2023 13:52,11.1,-0.7,44.3,0,NaN,,35,59,290,10
12/18/2023 14:52,11.1,-1.21,42.71,0,NaN,,46,61,300,10
12/18/2023 15:52,8.3,-1.81,49.31,0,NaN,4,31,52,310,10
12/18/2023 16:52,6.1,-2.9,52.84,0,NaN,2,28,,310,10
12/18/2023 17:52,6.7,-4.02,46.7,0,NaN,3,19,,290,10
12/18/2023 18:52,6.7,-4.02,46.7,0,NaN,3,19,,270,10
12/18/2023 19:52,5.6,-4.52,48.52,0,NaN,1,28,48,290,10
12/18/2023 20:52,4.4,-6.22,46.36,0,NaN,,20,39,290,10
12/18/2023 21:52,3.9,-5.72,49.89,0,NaN,1,13,,280,10
12/18/2023 22:52,2.8,-5.1,56.43,0,NaN,,11,,290,10
12/18/2023 23:52,2.8,-6.21,51.9,0,NaN,,9,,270,10
12/19/2023 00:52,2.2,-6.21,54.16,0,NaN,,9,,260,10
12/19/2023 01:52,2.2,-5.7,56.27,0,NaN,-1,11,,250,10
12/19/2023 02:52,2.2,-5.7,56.27,0,NaN,-2,19,,290,10
12/19/2023 03:52,2.2,-6.21,54.16,0,NaN,-2,15,,260,10
12/19/2023 04:52,2.2,-6.82,51.72,0,NaN,-4,41,57,300,10
12/19/2023 05:52,2.2,-6.82,51.72,0,NaN,-4,35,48,300,10
12/19/2023 06:52,1.7,-6.81,53.61,0,NaN,-4,30,44,300,10
12/19/2023 07:52,2.2,-6.21,54.16,0,NaN,-3,28,39,310,10
12/19/2023 08:52,3.3,-6.22,50.09,0,NaN,-3,35,56,300,10
12/19/2023 09:52,3.9,-5.72,49.89,0,NaN,-2,37,50,310,10
12/19/2023 10:52,3.9,-5.11,52.21,0,NaN,-2,33,57,300,10
12/19/2023 11:52,3.9,-5.72,49.89,0,NaN,-2,44,59,310,10
12/19/2023 12:52,3.9,-5.72,49.89,0,NaN,-1,30,48,310,10
12/19/2023 13:52,5,-6.83,42.46,0,NaN,,30,56,300,10
12/19/2023 14:52,5,-7.33,40.85,0,NaN,1,24,44,330,10
12/19/2023 15:52,3.9,-7.33,44.12,0,NaN,-2,37,48,300,10
12/19/2023 16:52,2.8,-7.93,45.52,0,NaN,-1,17,,300,10
12/19/2023 17:52,2.2,-7.32,49.77,0,NaN,-3,22,,310,10
12/19/2023 18:52,1.1,-7.31,53.85,0,NaN,-3,17,31,310,10
12/19/2023 19:52,0,-7.3,58.31,0,NaN,-4,11,,300,10
12/19/2023 20:52,0,-7.91,55.66,0,NaN,-4,15,,310,10
12/19/2023 21:52,0,-8.41,53.54,0,NaN,-4,13,,320,10
12/19/2023 22:52,-0.6,-8.41,55.93,0,NaN,-4,11,,320,10
12/19/2023 23:52,-0.6,-8.41,55.93,0,NaN,-4,9,,340,10
12/20/2023 00:52,-1.1,-8.4,58.01,0,NaN,-5,11,,330,10
12/20/2023 01:52,-2.2,-8.39,62.91,0,NaN,-6,9,,340,10
12/20/2023 02:52,-2.8,-8.39,65.77,0,NaN,-5,6,,280,10
12/20/2023 03:52,-2.2,-8.39,62.91,0,NaN,-5,7,,320,10
12/20/2023 04:52,-5,-8.97,74.03,0,NaN,,0,,0,10
12/20/2023 05:52,-4.4,-8.36,74.15,0,NaN,,0,,0,10
12/20/2023 06:52,-5,-8.36,77.59,0,NaN,,0,,0,10
12/20/2023 07:52,-3.9,-7.87,74.24,0,NaN,,0,,0,10
12/20/2023 08:52,0.6,-7.31,55.83,0,NaN,-2,9,,310,10
12/20/2023 09:52,2.8,-7.32,47.69,0,NaN,,11,,300,10
12/20/2023 10:52,4.4,-7.33,42.6,0,NaN,1,15,,330,10
12/20/2023 11:52,6.1,-7.94,36.13,0,NaN,3,15,,330,10
12/20/2023 12:52,7.2,-7.94,33.5,0,NaN,5,15,,310,10
12/20/2023 13:52,8.3,-7.94,31.08,0,NaN,6,13,,330,10
12/20/2023 14:52,8.9,-7.94,29.84,0,NaN,7,13,,290,10
12/20/2023 15:52,8.3,-6.83,33.84,0,NaN,6,11,,290,10
12/20/2023 16:52,5.6,-7.34,39.18,0,NaN,,0,,0,10
12/20/2023 17:52,2.2,-6.21,54.16,0,NaN,,0,,0,10
12/20/2023 18:52,1.7,-6.21,56.13,0,NaN,,0,,0,10
12/20/2023 19:52,0.6,-6.8,58.02,0,NaN,,0,,0,10
12/20/2023 20:52,0,-5.68,65.92,0,NaN,,0,,0,10
12/20/2023 21:52,-0.6,-6.18,66.29,0,NaN,,0,,0,10
12/20/2023 22:52,-1.1,-6.18,68.76,0,NaN,-3,6,,260,10
12/20/2023 23:52,-2.2,-6.16,74.56,0,NaN,,0,,0,10
12/21/2023 00:52,-2.2,-6.16,74.56,0,NaN,,0,,0,10
12/21/2023 01:52,-1.7,-5.66,74.66,0,NaN,,0,,0,10
12/21/2023 02:52,-1.7,-5.66,74.66,0,NaN,,0,,0,10
12/21/2023 03:52,-2.8,-6.15,77.96,0,NaN,,0,,0,10
12/21/2023 04:52,-3.9,-6.75,80.83,0,NaN,,0,,0,10
12/21/2023 05:52,-3.9,-6.75,80.83,0,NaN,,0,,0,10
12/21/2023 06:52,-3.3,-6.76,77.28,0,NaN,,0,,0,10
12/21/2023 07:52,-2.2,-6.16,74.56,0,NaN,,0,,0,10
12/21/2023 08:52,1.1,-3.97,69.24,0,NaN,,0,,0,10
12/21/2023 09:52,6.1,-4.52,46.87,0,NaN,5,7,,350,10
12/21/2023 10:52,5.6,-6.23,42.64,0,NaN,3,11,,360,10
12/21/2023 11:52,6.1,-6.23,41.19,0,NaN,5,6,,350,10
12/21/2023 12:52,7.2,-6.23,38.19,0,NaN,6,7,,360,10
12/21/2023 13:52,6.7,-6.23,39.52,0,NaN,5,7,,320,10
12/21/2023 14:52,6.1,-6.23,41.19,0,NaN,5,6,,320,10
12/21/2023 15:52,5.6,-5.73,44.3,0,NaN,5,6,,310,10
12/21/2023 16:52,5.6,-5.73,44.3,0,NaN,4,7,,330,10
12/21/2023 17:52,5.6,-6.23,42.64,0,NaN,4,9,,340,10
12/21/2023 18:52,4.4,-5.72,48.17,0,NaN,3,6,,320,10
12/21/2023 19:52,3.3,-5.71,52.04,0,NaN,,0,,0,10
12/21/2023 20:52,3.9,-4.51,54.64,0,NaN,,0,,0,10
12/21/2023 21:52,3.3,-4.5,57,0,NaN,2,6,,290,10
12/21/2023 22:52,3.9,-2.89,61.59,0,NaN,3,6,,30,10
12/21/2023 23:52,3.9,-2.89,61.59,0,NaN,3,6,,10,10
12/22/2023 00:52,3.9,-2.28,64.4,0,NaN,2,7,,30,10
12/22/2023 01:52,3.9,-2.28,64.4,0,NaN,3,6,,30,10
12/22/2023 02:52,2.8,-2.88,66.57,0,NaN,,0,,0,10
12/22/2023 03:52,0,-3.35,78.42,0,NaN,,0,,0,10
12/22/2023 04:52,-1.1,-3.95,81.24,0,NaN,,0,,0,10
12/22/2023 05:52,-1.1,-3.34,84.97,0,NaN,,0,,0,10
12/22/2023 06:52,-1.7,-3.94,84.9,0,NaN,,0,,0,10
12/22/2023 07:52,-1.1,-3.95,81.24,0,NaN,,0,,0,10
12/22/2023 08:52,0,-2.84,81.4,0,NaN,,0,,0,10
12/22/2023 09:52,4.4,-1.78,64.52,0,NaN,,0,,0,10
12/22/2023 10:52,6.1,-1.19,59.91,0,NaN,5,7,,0,10
12/22/2023 11:52,7.8,-1.2,53.31,0,NaN,6,9,,0,10
12/22/2023 12:52,8.9,-1.81,47.35,0,NaN,7,9,,190,10
12/22/2023 13:52,10,-2.31,42.38,0,NaN,9,9,,0,10
12/22/2023 14:52,9.4,-2.91,42.2,0,NaN,,0,,0,10
12/22/2023 15:52,8.9,-1.81,47.35,0,NaN,,0,,0,10
12/22/2023 16:52,7.2,-1.2,55.54,0,NaN,6,6,,130,10
12/22/2023 17:52,7.2,-1.8,53.15,0,NaN,6,6,,170,10
12/22/2023 18:52,5.6,-0.68,64.33,0,NaN,,0,,0,10
12/22/2023 19:52,6.1,-0.68,62.14,0,NaN,5,7,,90,10
12/22/2023 20:52,6.7,-0.69,59.62,0,NaN,5,7,,130,10
12/22/2023 21:52,6.1,-0.08,64.92,0,NaN,,0,,0,10
12/22/2023 22:52,5,-0.07,70.06,0,NaN,,0,,0,10
12/22/2023 23:52,4.4,-0.67,69.94,0,NaN,3,6,,110,10
12/23/2023 00:52,2.8,-1.16,75.48,0,NaN,,0,,0,10
12/23/2023 01:52,1.1,-1.74,81.55,0,NaN,,0,,0,10
12/23/2023 02:52,0,-1.73,88.3,0,NaN,-3,7,,110,10
12/23/2023 03:52,0,-2.24,85.1,0,NaN,-2,6,,120,10
12/23/2023 04:52,-0.6,-2.23,88.9,0,NaN,-3,6,,120,9
12/23/2023 05:52,1.7,-0.64,84.68,0,NaN,-1,7,,120,10
12/23/2023 06:52,1.7,-0.64,84.68,0,NaN,,0,,0,9
12/23/2023 07:52,1.1,-0.63,88.4,0,NaN,,0,,0,7
12/23/2023 08:52,3.9,2.18,88.66,0,NaN,,0,,0,8
12/23/2023 09:52,6.1,2.76,79.37,0,NaN,4,11,,180,7
12/23/2023 10:52,7.2,3.25,76.24,0,NaN,4,17,,200,7
12/23/2023 11:52,7.8,3.24,73.18,0,NaN,5,17,,170,9
12/23/2023 12:52,8.3,2.74,68.28,0,NaN,6,11,,180,10
12/23/2023 13:52,8.3,2.74,68.28,0,NaN,7,9,,160,10
12/23/2023 14:52,8.9,2.73,65.56,0,NaN,7,13,,160,10
12/23/2023 15:52,8.9,2.73,65.56,0,NaN,7,9,,220,10
12/23/2023 16:52,8.3,2.74,68.28,0,NaN,6,11,,140,10
12/23/2023 17:52,7.2,2.74,73.59,0,NaN,6,7,,150,10
12/23/2023 18:52,6.7,2.75,76.16,0,NaN,6,6,,150,10
12/23/2023 19:52,6.7,2.75,76.16,0,NaN,6,6,,160,10
12/23/2023 20:52,3.9,1.67,85.54,0,NaN,3,6,,140,10
12/23/2023 21:52,3.3,1.68,89.24,0,NaN,,0,,0,10
12/23/2023 22:52,3.9,1.67,85.54,0,NaN,3,6,,110,10
12/23/2023 23:52,2.2,0.58,89.15,0,NaN,,0,,0,7
12/24/2023 00:52,3.3,1.68,89.24,0,NaN,,0,,0,10
12/24/2023 01:52,2.8,1.07,88.56,0,NaN,,0,,0,10
12/24/2023 02:52,2.8,1.07,88.56,0,NaN,,0,,0,10
12/24/2023 03:52,3.9,2.18,88.66,2.54,NaN,,0,,0,10
12/24/2023 04:52,5.6,3.27,85.13,25.4,NaN,,0,,0,10
12/24/2023 05:52,5.6,3.27,85.13,0,NaN,5,6,,90,10
12/24/2023 06:52,5,3.88,92.59,0,NaN,,0,,0,10
12/24/2023 07:52,5.6,3.88,88.81,50.8,NaN,,0,,0,6
12/24/2023 08:52,6.7,4.37,85.25,2.54,NaN,,0,,0,7
12/24/2023 09:52,6.7,4.98,88.9,0,NaN,,0,,0,10
12/24/2023 10:52,7.8,4.97,82.46,2.54,NaN,,0,,0,10
12/24/2023 11:52,8.9,4.95,76.53,0,NaN,,0,,0,10
12/24/2023 12:52,10,5.55,74.1,0,NaN,,0,,0,10
12/24/2023 13:52,11.1,6.05,71.29,0,NaN,,0,,0,10
12/24/2023 14:52,11.1,5.54,68.87,0,NaN,,0,,0,10
12/24/2023 15:52,10.6,5.55,71.19,0,NaN,,0,,0,10
12/24/2023 16:52,9.4,4.95,73.99,0,NaN,8,7,,100,10
12/24/2023 17:52,6.7,3.86,82.31,0,NaN,6,6,,100,10
12/24/2023 18:52,7.2,4.97,85.9,0,NaN,,0,,0,10
12/24/2023 19:52,6.7,4.37,85.25,0,NaN,,0,,0,10
12/24/2023 20:52,6.7,4.37,85.25,0,NaN,,0,,0,10
12/24/2023 21:52,7.2,4.97,85.9,0,NaN,6,6,,80,10
12/24/2023 22:52,7.8,4.97,82.46,0,NaN,7,6,,120,10
12/24/2023 23:52,6.7,4.37,85.25,0,NaN,,0,,0,8
12/25/2023 00:52,7.2,4.97,85.9,0,NaN,,0,,0,9
12/25/2023 01:52,6.1,3.87,85.79,0,NaN,5,6,,20,8
12/25/2023 02:52,5.6,3.88,88.81,0,NaN,,0,,0,7
12/25/2023 03:52,6.1,4.38,88.85,0,NaN,5,6,,20,7
12/25/2023 04:52,5,3.27,88.75,0,NaN,,0,,0,7
12/25/2023 05:52,3.3,1.68,89.24,0,NaN,,0,,0,5
12/25/2023 06:52,1.7,0.58,92.39,0,NaN,,0,,0,4
12/25/2023 07:52,2.8,1.68,92.46,0,NaN,,0,,0,3
12/25/2023 08:52,6.7,4.98,88.9,0,NaN,,0,,0,4
12/25/2023 09:52,7.2,5.58,89.56,0,NaN,6,6,,160,0.25
12/25/2023 10:52,8.3,5.57,83.1,0,NaN,,0,,0,6
12/25/2023 11:52,10.6,5.55,71.19,0,NaN,,0,,0,9
12/25/2023 12:52,12.2,5.54,64.04,0,NaN,,7,,0,10
12/25/2023 13:52,13.3,4.93,57.16,0,NaN,,0,,0,10
12/25/2023 14:52,14.4,1.01,40.38,0,NaN,,9,,140,10
12/25/2023 15:52,12.2,1.61,48.65,0,NaN,,7,,200,10
12/25/2023 16:52,8.9,3.23,67.92,0,NaN,,0,,0,10
12/25/2023 17:52,6.1,2.15,76.05,0,NaN,,0,,0,10
12/25/2023 18:52,6.1,2.15,76.05,0,NaN,5,6,,100,10
12/25/2023 19:52,5,1.65,79.2,0,NaN,,0,,0,10
12/25/2023 20:52,4.4,1.66,82.59,0,NaN,,0,,0,10
12/25/2023 21:52,5,2.16,82.09,0,NaN,4,6,,250,10
12/25/2023 22:52,5,2.16,82.09,0,NaN,,0,,0,10
12/25/2023 23:52,6.1,3.26,82.23,0,NaN,,0,,0,10
12/26/2023 00:52,5.6,3.27,85.13,0,NaN,,0,,0,10
12/26/2023 01:52,6.7,4.37,85.25,0,NaN,,0,,0,10
12/26/2023 02:52,7.2,5.58,89.56,0,NaN,,0,,0,9
12/26/2023 03:52,7.8,5.57,85.97,2.54,NaN,7,7,,110,8
12/26/2023 04:52,7.2,5.58,89.56,2.54,NaN,6,7,,80,5
12/26/2023 05:52,7.2,5.58,89.56,25.4,NaN,5,11,,70,5
12/26/2023 06:52,6.7,5.59,92.69,2.54,NaN,,0,,0,4
12/26/2023 07:52,7.2,5.58,89.56,25.4,NaN,,0,,0,3
12/26/2023 08:52,7.2,6.09,92.72,101.6,NaN,6,6,,50,2.5
12/26/2023 09:52,7.8,6.69,92.75,127,NaN,7,6,,100,3
12/26/2023 10:52,8.9,7.18,89.09,25.4,NaN,,0,,0,7
12/26/2023 11:52,8.9,7.18,89.09,0,NaN,8,6,,110,7
12/26/2023 12:52,9.4,7.78,89.74,2.54,NaN,8,7,,160,7
12/26/2023 13:52,10,8.28,89.18,2.54,NaN,9,7,,150,4
12/26/2023 14:52,10,8.28,89.18,2.54,NaN,9,7,,120,5
12/26/2023 15:52,10,7.77,86.2,0,NaN,9,7,,110,8
12/26/2023 16:52,9.4,7.78,89.74,0,NaN,8,7,,110,2.5
12/26/2023 17:52,9.4,8.29,92.84,2.54,NaN,,0,,0,0.5
12/26/2023 18:52,9.4,8.29,92.84,25.4,NaN,,0,,0,0.5
12/26/2023 19:52,9.4,8.29,92.84,76.2,NaN,8,7,,100,1
12/26/2023 20:52,8.9,7.79,92.81,76.2,NaN,8,6,,80,5
12/26/2023 21:52,8.9,7.79,92.81,50.8,NaN,,0,,0,4
12/26/2023 22:52,9.4,7.78,89.74,50.8,NaN,8,7,,110,5
12/26/2023 23:52,8.9,7.79,92.81,101.6,NaN,,0,,0,3
12/27/2023 00:52,8.9,7.79,92.81,76.2,NaN,7,9,,120,5
12/27/2023 01:52,9.4,7.78,89.74,76.2,NaN,,0,,0,7
12/27/2023 02:52,8.9,7.79,92.81,25.4,NaN,7,11,,290,9
12/27/2023 03:52,8.9,7.18,89.09,0,NaN,7,11,,70,6
12/27/2023 04:52,8.3,7.19,92.78,76.2,NaN,7,9,,60,3
12/27/2023 05:52,8.9,7.18,89.09,76.2,NaN,7,9,,90,3
12/27/2023 06:52,8.9,7.18,89.09,2.54,NaN,7,11,,60,7
12/27/2023 07:52,8.9,7.18,89.09,2.54,NaN,8,7,,100,9
12/27/2023 08:52,8.9,7.79,92.81,25.4,NaN,7,9,,60,3
12/27/2023 09:52,9.4,7.78,89.74,50.8,NaN,9,6,,100,4
12/27/2023 10:52,10,8.28,89.18,2.54,NaN,9,7,,90,3
12/27/2023 11:52,10,8.89,92.87,127,NaN,8,15,,110,2.5
12/27/2023 12:52,11.7,9.98,89.32,177.8,NaN,,17,,110,4
12/27/2023 13:52,12.2,10.58,89.96,76.2,NaN,,13,,120,2
12/27/2023 14:52,12.8,11.08,89.41,152.4,NaN,,15,,90,2.5
12/27/2023 15:52,12.8,11.69,93.03,152.4,NaN,,9,,90,2.5
12/27/2023 16:52,12.8,11.69,93.03,355.6,NaN,,6,,100,2
12/27/2023 17:52,12.8,11.08,89.41,152.4,NaN,,7,,20,2.5
12/27/2023 18:52,12.2,11.09,93,76.2,NaN,,9,,340,2.5
12/27/2023 19:52,11.7,10.59,92.97,76.2,NaN,,13,,340,1.5
12/27/2023 20:52,11.7,10.59,92.97,50.8,NaN,,9,,340,1
12/27/2023 21:52,11.7,10.59,92.97,2.54,NaN,,11,,350,1
12/27/2023 22:52,11.7,10.59,92.97,2.54,NaN,,9,,360,1
12/27/2023 23:52,11.1,9.99,92.94,2.54,NaN,,11,,330,1
12/28/2023 00:52,10.6,9.39,92.29,25.4,NaN,,13,,360,1
12/28/2023 01:52,10.6,9.39,92.29,2.54,NaN,,13,,340,9
12/28/2023 02:52,10.6,9.39,92.29,2.54,NaN,,13,,340,10
12/28/2023 03:52,10.6,9.39,92.29,0,NaN,,9,,330,3
12/28/2023 04:52,10,8.89,92.87,0,NaN,8,17,,310,10
12/28/2023 05:52,10,8.89,92.87,0,NaN,8,13,,320,10
12/28/2023 06:52,10,8.28,89.18,0,NaN,9,7,,350,10
12/28/2023 07:52,10,8.28,89.18,0,NaN,8,13,,320,10
12/28/2023 08:52,10.6,8.88,89.23,0,NaN,,11,,330,10
12/28/2023 09:52,12.2,9.37,83.02,0,NaN,,11,,320,10
12/28/2023 10:52,13.9,9.36,74.3,0,NaN,,13,,310,10
12/28/2023 11:52,13.9,8.86,71.83,0,NaN,,15,,320,10
12/28/2023 12:52,14.4,8.25,66.78,0,NaN,,13,,320,10
12/28/2023 13:52,14.4,8.25,66.78,0,NaN,,13,,310,10
12/28/2023 14:52,15,7.74,62.1,0,NaN,,9,,270,10
12/28/2023 15:52,15.6,7.74,59.76,0,NaN,,0,,0,10
12/28/2023 16:52,13.3,7.15,66.54,0,NaN,,6,,260,10
12/28/2023 17:52,11.7,7.76,76.99,0,NaN,,6,,270,10
12/28/2023 18:52,11.1,8.27,82.88,0,NaN,,6,,230,10
12/28/2023 19:52,11.7,7.15,73.9,0,NaN,,15,,310,10
12/28/2023 20:52,11.1,4.33,63.34,0,NaN,,0,,0,10
12/28/2023 21:52,10.6,4.33,65.48,0,NaN,,6,,290,10
12/28/2023 22:52,11.1,3.22,58.63,0,NaN,,9,,320,10
12/28/2023 23:52,10,3.23,63.08,0,NaN,9,7,,310,10
12/29/2023 00:52,9.4,2.73,63.39,0,NaN,8,7,,330,10
12/29/2023 01:52,8.3,2.74,68.28,0,NaN,8,6,,320,10
12/29/2023 02:52,8.3,2.74,68.28,0,NaN,7,9,,300,10
12/29/2023 03:52,7.8,2.74,70.64,0,NaN,7,7,,310,10
12/29/2023 04:52,7.8,2.13,67.68,0,NaN,7,6,,330,10
12/29/2023 05:52,5,1.65,79.2,0,NaN,4,6,,290,10
12/29/2023 06:52,6.1,1.03,70.29,0,NaN,5,7,,320,10
12/29/2023 07:52,3.3,0.56,82.45,0,NaN,,0,,0,10
12/29/2023 08:52,8.3,2.13,65.42,0,NaN,8,6,,310,10
12/29/2023 09:52,8.3,2.13,65.42,0,NaN,7,9,,320,10
12/29/2023 10:52,9.4,1.62,58.61,0,NaN,8,9,,300,10
12/29/2023 11:52,10.6,1.01,51.8,0,NaN,,11,,310,10
12/29/2023 12:52,10.6,0.5,49.97,0,NaN,,11,,300,10
12/29/2023 13:52,10.6,0.5,49.97,0,NaN,,11,,330,10
12/29/2023 14:52,10.6,0.5,49.97,0,NaN,,13,,300,10
12/29/2023 15:52,10,0.51,52.01,0,NaN,10,6,,270,10
12/29/2023 16:52,9.4,-0.1,51.84,0,NaN,8,11,,320,10
12/29/2023 17:52,8.9,-0.7,51.33,2.54,NaN,7,13,,320,10
12/29/2023 18:52,6.7,-0.69,59.62,2.54,NaN,3,19,,310,7
12/29/2023 19:52,6.7,-1.19,57.48,2.54,NaN,3,20,31,310,10
12/29/2023 20:52,6.7,-2.3,53.01,0,NaN,4,17,,320,10
12/29/2023 21:52,6.7,-2.91,50.7,0,NaN,4,15,,310,10
12/29/2023 22:52,6.1,-2.9,52.84,0,NaN,4,11,,310,10
12/29/2023 23:52,5.6,-2.9,54.7,0,NaN,3,15,,310,10
12/30/2023 00:52,5.6,-2.9,54.7,0,NaN,2,19,,300,10
12/30/2023 01:52,4.4,-2.89,59.47,0,NaN,2,9,,290,10
12/30/2023 02:52,3.9,-3.39,59.34,0,NaN,2,7,,270,10
12/30/2023 03:52,1.1,-3.37,72.42,0,NaN,-1,6,,220,10
12/30/2023 04:52,0,-3.35,78.42,0,NaN,,0,,0,10
12/30/2023 05:52,0,-3.96,74.97,0,NaN,-4,11,,210,10
12/30/2023 06:52,0,-3.96,74.97,0,NaN,-3,9,,180,10
12/30/2023 07:52,0.6,-3.36,75.08,0,NaN,-2,9,,210,10
12/30/2023 08:52,3.9,-2.28,64.4,0,NaN,1,11,,190,10
12/30/2023 09:52,5.6,-1.79,59.34,0,NaN,3,11,,200,10
12/30/2023 10:52,6.7,-1.19,57.48,0,NaN,4,11,,220,10
12/30/2023 11:52,7.8,-1.2,53.31,0,NaN,6,13,,210,10
12/30/2023 12:52,8.9,-1.2,49.48,0,NaN,7,13,,240,10
12/30/2023 13:52,9.4,-1.21,47.84,0,NaN,7,17,31,270,10
12/30/2023 14:52,9.4,-0.7,49.63,0,NaN,8,11,,290,10
12/30/2023 15:52,9.4,-1.21,47.84,0,NaN,7,20,31,280,10
12/30/2023 16:52,8.9,-0.7,51.33,0,NaN,7,11,,280,10
12/30/2023 17:52,7.2,-1.2,55.54,0,NaN,5,9,,290,10
12/30/2023 18:52,6.7,-1.19,57.48,2.54,NaN,5,9,,320,10
12/30/2023 19:52,7.2,-1.2,55.54,2.54,NaN,4,19,35,320,10
12/30/2023 20:52,6.7,-1.8,55,0,NaN,3,20,,320,10
12/30/2023 21:52,6.7,-1.8,55,0,NaN,5,9,,310,10
12/30/2023 22:52,6.7,-2.91,50.7,0,NaN,4,13,,310,10
12/30/2023 23:52,6.1,-2.3,55.24,0,NaN,3,13,,260,10
12/31/2023 00:52,5.6,-4.01,50.38,0,NaN,2,19,,310,10
12/31/2023 01:52,4.4,-4,54.78,0,NaN,3,7,,320,10
12/31/2023 02:52,4.4,-3.4,57.29,0,NaN,,0,,0,10
12/31/2023 03:52,4.4,-4,54.78,0,NaN,3,6,,320,10
12/31/2023 04:52,4.4,-4,54.78,0,NaN,2,9,,320,10
12/31/2023 05:52,2.8,-3.39,64.13,0,NaN,1,7,,300,10
12/31/2023 06:52,3.9,-3.39,59.34,0,NaN,2,9,,290,10
12/31/2023 07:52,3.3,-2.89,64.25,0,NaN,1,7,,200,10
12/31/2023 08:52,4.4,-2.29,62.18,0,NaN,3,6,,170,10
12/31/2023 09:52,5.6,-2.3,57.19,0,NaN,3,13,,190,10
12/31/2023 10:52,7.8,-1.81,51.01,0,NaN,5,15,,180,10
12/31/2023 11:52,8.3,-2.31,47.52,0,NaN,6,13,,220,10
12/31/2023 12:52,8.9,-2.31,45.63,0,NaN,7,13,28,220,10
12/31/2023 13:52,9.4,-2.31,44.12,0,NaN,8,11,,220,10
12/31/2023 14:52,9.4,-2.31,44.12,0,NaN,7,17,,220,10
12/31/2023 15:52,8.9,-2.31,45.63,0,NaN,7,11,,210,10
12/31/2023 16:52,8.3,-2.31,47.52,0,NaN,7,7,,220,10
12/31/2023 17:52,7.2,-1.8,53.15,0,NaN,6,7,,150,10
12/31/2023 18:52,6.7,-1.8,55,0,NaN,5,9,,160,10
12/31/2023 19:52,7.2,-1.2,55.54,0,NaN,6,6,,170,10
12/31/2023 20:52,7.2,-1.8,53.15,0,NaN,6,7,,170,10
12/31/2023 21:52,6.7,-1.19,57.48,0,NaN,5,7,,160,10
12/31/2023 22:52,6.1,-1.19,59.91,0,NaN,4,9,,150,10
12/31/2023 23:52,5,-1.18,64.66,0,NaN,,0,,0,10
1/1/2024 00:52,3.9,-0.66,72.44,0,NaN,,0,,0,10
1/1/2024 01:52,4.4,-0.06,73.06,2.54,NaN,3,7,,130,10
1/1/2024 02:52,5,1.05,75.86,2.54,NaN,4,6,,230,10
1/1/2024 03:52,3.9,1.67,85.54,2.54,NaN,2,7,,90,10
1/1/2024 04:52,3.9,1.67,85.54,0,NaN,2,7,,80,10
1/1/2024 05:52,3.9,1.67,85.54,0,NaN,1,11,,350,10
1/1/2024 06:52,4.4,1.66,82.59,0,NaN,,0,,0,10
1/1/2024 07:52,4.4,1.66,82.59,0,NaN,3,7,,320,10
1/1/2024 08:52,5,1.05,75.86,0,NaN,2,13,,330,10
1/1/2024 09:52,5.6,-1.18,62.02,0,NaN,2,19,,320,10
1/1/2024 10:52,5.6,-2.9,54.7,0,NaN,2,20,,310,10
1/1/2024 11:52,5,-3.4,54.94,2.54,NaN,1,19,,310,7
1/1/2024 12:52,4.4,-2.29,62.18,2.54,NaN,1,15,,320,5
1/1/2024 13:52,3.3,-1.16,72.85,2.54,NaN,,15,,310,5
1/1/2024 14:52,2.8,-0.65,78.29,2.54,NaN,-1,15,,330,6
1/1/2024 15:52,2.8,-0.04,81.79,2.54,NaN,-1,13,,320,7
1/1/2024 16:52,2.8,0.57,85.42,2.54,NaN,,9,,300,10
1/1/2024 17:52,2.8,-0.04,81.79,2.54,NaN,-1,13,,300,10
1/1/2024 18:52,2.8,-0.04,81.79,2.54,NaN,-1,13,,310,10
1/1/2024 19:52,2.8,-0.04,81.79,25.4,NaN,-1,15,,320,10
1/1/2024 20:52,3.3,-0.05,78.94,2.54,NaN,,13,,320,10
1/1/2024 21:52,3.3,-0.05,78.94,2.54,NaN,,15,,320,10
1/1/2024 22:52,3.3,-0.05,78.94,2.54,NaN,,13,,320,10
1/1/2024 23:52,3.9,-0.06,75.67,0,NaN,,15,,320,10
1/2/2024 00:52,3.3,-0.66,75.57,0,NaN,-1,17,,310,10
1/2/2024 01:52,3.3,-1.77,69.71,0,NaN,-1,17,,340,10
1/2/2024 02:52,2.2,-2.87,69.47,0,NaN,-2,15,,330,10
1/2/2024 03:52,2.2,-2.87,69.47,0,NaN,-2,17,,340,10
1/2/2024 04:52,2.2,-3.99,63.99,0,NaN,-2,20,37,330,10
1/2/2024 05:52,1.1,-4.48,66.68,0,NaN,-2,11,,340,10
1/2/2024 06:52,2.2,-3.99,63.99,0,NaN,-1,13,,330,10
1/2/2024 07:52,2.8,-3.99,61.32,0,NaN,-2,20,,330,10
1/2/2024 08:52,2.8,-4.5,59.05,0,NaN,-2,24,,320,10
1/2/2024 09:52,2.8,-5.1,56.43,0,NaN,-3,28,39,320,10
1/2/2024 10:52,5,-4.51,50.59,0,NaN,,26,41,320,10
1/2/2024 11:52,5.6,-4.01,50.38,0,NaN,1,26,,310,10
1/2/2024 12:52,6.1,-4.01,48.67,0,NaN,2,22,,330,10
1/2/2024 13:52,6.7,-4.02,46.7,0,NaN,3,24,43,310,10
1/2/2024 14:52,7.2,-4.02,45.12,0,NaN,4,19,,300,10
1/2/2024 15:52,6.7,-4.02,46.7,0,NaN,3,22,31,310,10
1/2/2024 16:52,5.6,-4.01,50.38,0,NaN,2,17,,320,10
1/2/2024 17:52,3.9,-4,56.73,0,NaN,2,9,,320,10
1/2/2024 18:52,3.3,-4,59.18,0,NaN,,11,,310,10
1/2/2024 19:52,3.3,-4,59.18,0,NaN,1,9,,330,10
1/2/2024 20:52,2.2,-4.49,61.63,0,NaN,,9,,310,10
1/2/2024 21:52,1.1,-5.09,63.72,0,NaN,-4,19,,320,10
1/2/2024 22:52,2.2,-5.1,58.89,0,NaN,-2,15,,320,10
1/2/2024 23:52,0.6,-5.08,66.06,0,NaN,-1,6,,310,10
1/3/2024 00:52,-0.6,-5.68,68.87,0,NaN,-3,6,,360,10
1/3/2024 01:52,-1.1,-5.67,71.44,0,NaN,,0,,0,10
1/3/2024 02:52,1.1,-5.7,60.88,0,NaN,-2,9,,330,10
1/3/2024 03:52,0.6,-5.69,63.12,0,NaN,-2,7,,310,10
1/3/2024 04:52,-1.1,-6.18,68.76,0,NaN,-5,13,,300,10
1/3/2024 05:52,-1.1,-6.18,68.76,0,NaN,,0,,0,10
1/3/2024 06:52,-2.2,-6.16,74.56,0,NaN,,0,,0,10
1/3/2024 07:52,-1.1,-5.67,71.44,0,NaN,,0,,0,10
1/3/2024 08:52,3.9,-4.51,54.64,0,NaN,,0,,0,10
1/3/2024 09:52,5,-4.51,50.59,0,NaN,3,9,,260,10
1/3/2024 10:52,6.7,-4.02,46.7,0,NaN,4,11,,290,10
1/3/2024 11:52,7.8,-4.02,43.31,0,NaN,7,6,,0,10
1/3/2024 12:52,8.3,-4.02,41.86,0,NaN,8,6,,0,10
1/3/2024 13:52,8.3,-4.02,41.86,0,NaN,7,9,,210,10
1/3/2024 14:52,8.9,-4.02,40.2,0,NaN,8,6,,250,10
1/3/2024 15:52,7.2,-4.02,45.12,0,NaN,5,9,,190,10
1/3/2024 16:52,6.1,-4.01,48.67,0,NaN,5,7,,200,10
1/3/2024 17:52,5,-3.4,54.94,0,NaN,,0,,0,10
1/3/2024 18:52,3.3,-3.39,61.9,0,NaN,2,6,,140,10
1/3/2024 19:52,2.8,-2.88,66.57,0,NaN,,0,,0,10
1/3/2024 20:52,4.4,-2.89,59.47,0,NaN,3,7,,160,10
1/3/2024 21:52,4.4,-2.89,59.47,0,NaN,3,7,,170,10
1/3/2024 22:52,4.4,-2.89,59.47,0,NaN,3,6,,180,10
1/3/2024 23:52,3.3,-1.77,69.71,0,NaN,,0,,0,10
1/4/2024 00:52,2.8,-1.77,72.22,0,NaN,,0,,0,10
1/4/2024 01:52,2.8,-1.77,72.22,0,NaN,,0,,0,10
1/4/2024 02:52,2.8,-1.77,72.22,0,NaN,,0,,0,10
1/4/2024 03:52,2.8,-1.77,72.22,0,NaN,,9,,330,10
1/4/2024 04:52,3.9,-2.89,61.59,0,NaN,2,9,,330,10
1/4/2024 05:52,1.7,-3.37,69.37,0,NaN,-1,9,,300,10
1/4/2024 06:52,1.7,-3.37,69.37,0,NaN,,6,,330,10
1/4/2024 07:52,3.3,-2.89,64.25,0,NaN,1,9,,330,10
1/4/2024 08:52,3.9,-2.28,64.4,0,NaN,,15,,330,10
1/4/2024 09:52,5.6,-2.3,57.19,0,NaN,1,24,,320,10
1/4/2024 10:52,5,-3.4,54.94,0,NaN,,30,46,320,10
1/4/2024 11:52,6.1,-4.01,48.67,0,NaN,2,30,46,320,10
1/4/2024 12:52,5.6,-5.12,46.37,0,NaN,2,22,,330,10
1/4/2024 13:52,5.6,-5.73,44.3,0,NaN,1,31,46,320,10
1/4/2024 14:52,6.1,-6.83,39.34,0,NaN,2,28,52,320,10
1/4/2024 15:52,4.4,-7.93,40.67,0,NaN,-1,28,46,340,10
1/4/2024 16:52,3.9,-7.33,44.12,0,NaN,,20,35,330,10
1/4/2024 17:52,2.2,-7.32,49.77,0,NaN,-1,13,,320,10
1/4/2024 18:52,2.2,-7.93,47.51,0,NaN,-2,17,,330,10
1/4/2024 19:52,0.6,-7.92,53.29,0,NaN,-3,11,,330,10
1/4/2024 20:52,0.6,-7.92,53.29,0,NaN,-4,15,,340,10
1/4/2024 21:52,0,-7.91,55.66,0,NaN,-4,15,,330,10
1/4/2024 22:52,-0.6,-8.41,55.93,0,NaN,-5,15,,340,10
1/4/2024 23:52,-0.6,-8.41,55.93,0,NaN,-6,19,,330,10
1/5/2024 00:52,-1.1,-9.01,55.35,0,NaN,-5,13,,340,10
1/5/2024 01:52,-1.1,-9.01,55.35,0,NaN,-6,17,,340,10
1/5/2024 02:52,-2.2,-9,60.02,0,NaN,-5,7,,340,10
1/5/2024 03:52,-2.8,-8.99,62.76,0,NaN,-7,13,,330,10
1/5/2024 04:52,-3.9,-9.49,65.51,0,NaN,-6,6,,320,10
1/5/2024 05:52,-5,-9.47,71.18,0,NaN,-9,9,,320,10
1/5/2024 06:52,-5,-9.47,71.18,0,NaN,,0,,0,10
1/5/2024 07:52,-5.6,-8.96,77.48,0,NaN,,0,,0,10
1/5/2024 08:52,-0.6,-8.41,55.93,0,NaN,-4,9,,20,10
1/5/2024 09:52,0.6,-8.42,51.26,0,NaN,-2,9,,10,10
1/5/2024 10:52,1.7,-7.92,49.24,0,NaN,-1,7,,290,10
1/5/2024 11:52,2.8,-7.32,47.69,0,NaN,,0,,0,10
1/5/2024 12:52,3.9,-7.93,42.12,0,NaN,,0,,0,10
1/5/2024 13:52,5,-7.94,39,0,NaN,3,9,,250,10
1/5/2024 14:52,5,-7.33,40.85,0,NaN,4,6,,0,10
1/5/2024 15:52,5,-7.94,39,0,NaN,2,13,,210,10
1/5/2024 16:52,2.8,-7.32,47.69,0,NaN,1,7,,200,10
1/5/2024 17:52,-1.7,-7.29,66.03,0,NaN,-5,7,,140,10
1/5/2024 18:52,-1.7,-6.78,68.63,0,NaN,-4,6,,120,10
1/5/2024 19:52,-1.1,-7.29,63.18,0,NaN,-3,6,,130,10
1/5/2024 20:52,0,-7.3,58.31,0,NaN,-2,6,,130,10
1/5/2024 21:52,-0.6,-6.79,63.31,0,NaN,,0,,0,10
1/5/2024 22:52,-1.1,-6.78,65.67,0,NaN,,0,,0,10
1/5/2024 23:52,-2.8,-6.76,74.45,0,NaN,,0,,0,10
1/6/2024 00:52,-2.8,-6.76,74.45,0,NaN,-5,6,,160,10
1/6/2024 01:52,-1.1,-7.29,63.18,0,NaN,-3,6,,170,10
1/6/2024 02:52,-2.2,-6.77,71.21,0,NaN,,0,,0,10
1/6/2024 03:52,0,-6.8,60.6,0,NaN,-4,11,,110,10
1/6/2024 04:52,0.6,-6.8,58.02,0,NaN,-2,7,,150,10
1/6/2024 05:52,0.6,-6.8,58.02,0,NaN,-2,9,,170,10
1/6/2024 06:52,1.1,-5.7,60.88,0,NaN,-2,9,,160,10
1/6/2024 07:52,1.7,-5.09,61.04,0,NaN,-1,9,,140,10
1/6/2024 08:52,1.7,-4.49,63.87,0,NaN,-2,15,,110,10
1/6/2024 09:52,2.2,-3.38,66.93,2.54,NaN,-1,11,,120,10
1/6/2024 10:52,2.8,-1.77,72.22,25.4,NaN,,9,,90,9
1/6/2024 11:52,2.2,-0.64,81.7,50.8,NaN,-2,15,,20,4
1/6/2024 12:52,1.7,-0.03,88.46,203.2,NaN,-2,13,,30,2.5
1/6/2024 13:52,2.2,0.58,89.15,330.2,NaN,,9,,360,2.5
1/6/2024 14:52,2.8,1.07,88.56,533.4,NaN,-1,13,,20,2
1/6/2024 15:52,2.8,1.07,88.56,558.8,NaN,-2,20,,50,2.5
1/6/2024 16:52,3.3,1.68,89.24,381,NaN,1,7,,350,2.5
1/6/2024 17:52,1.7,0.58,92.39,330.2,NaN,-3,19,,320,1.75
1/6/2024 18:52,1.7,0.58,92.39,50.8,NaN,-3,19,,320,2
1/6/2024 19:52,1.7,-0.03,88.46,2.54,NaN,-3,17,,330,7
1/6/2024 20:52,1.7,-0.03,88.46,0,NaN,-3,20,,340,10
1/6/2024 21:52,2.2,-0.03,85.35,0,NaN,-2,19,,350,10
1/6/2024 22:52,1.1,-0.63,88.4,0,NaN,-2,11,,310,10
1/6/2024 23:52,0.6,-0.62,91.65,0,NaN,-2,9,,320,8
1/7/2024 00:52,0.6,-0.62,91.65,0,NaN,-2,9,,310,10
1/7/2024 01:52,0.6,-1.13,88.36,0,NaN,-1,6,,0,10
1/7/2024 02:52,0.6,-0.62,91.65,0,NaN,,0,,0,10
1/7/2024 03:52,0.6,-1.13,88.36,0,NaN,,0,,0,10
1/7/2024 04:52,0,-1.73,88.3,0,NaN,-2,6,,220,10
1/7/2024 05:52,0.6,-0.62,91.65,0,NaN,-2,7,,210,8
1/7/2024 06:52,0,-1.12,92.28,0,NaN,,0,,0,9
1/7/2024 07:52,0.6,-0.62,91.65,0,NaN,,0,,0,9
1/7/2024 08:52,1.7,-0.03,88.46,0,NaN,-1,9,,190,10
1/7/2024 09:52,3.3,1.07,85.48,0,NaN,1,9,,190,10
1/7/2024 10:52,7.2,2.14,70.51,0,NaN,6,7,,240,10
1/7/2024 11:52,9.4,2.12,60.74,0,NaN,7,19,,280,10
1/7/2024 12:52,10,1.01,53.92,0,NaN,7,30,41,300,10
1/7/2024 13:52,10,1.01,53.92,0,NaN,7,28,50,310,10
1/7/2024 14:52,8.9,-0.7,51.33,0,NaN,6,24,43,310,10
1/7/2024 15:52,8.9,-0.7,51.33,0,NaN,5,26,43,290,10
1/7/2024 16:52,7.2,-1.8,53.15,0,NaN,4,20,41,310,10
1/7/2024 17:52,6.7,-1.19,57.48,0,NaN,3,20,,300,10
1/7/2024 18:52,6.1,-2.3,55.24,0,NaN,2,20,,310,10
1/7/2024 19:52,5,-2.29,59.62,0,NaN,2,17,,330,10
1/7/2024 20:52,5,-2.9,57.03,0,NaN,2,17,,310,10
1/7/2024 21:52,4.4,-2.29,62.18,0,NaN,,20,,310,10
1/7/2024 22:52,5,-2.29,59.62,0,NaN,2,17,,310,10
1/7/2024 23:52,4.4,-2.89,59.47,0,NaN,1,13,39,260,10
1/8/2024 00:52,4.4,-2.89,59.47,0,NaN,1,15,,300,10
1/8/2024 01:52,4.4,-2.89,59.47,0,NaN,1,17,31,320,10
1/8/2024 02:52,3.9,-2.89,61.59,0,NaN,,17,,290,10
1/8/2024 03:52,3.3,-2.28,67.18,0,NaN,-1,19,,310,10
1/8/2024 04:52,3.3,-2.28,67.18,0,NaN,-1,20,,300,10
1/8/2024 05:52,3.3,-2.28,67.18,0,NaN,,15,,330,10
1/8/2024 06:52,3.3,-2.28,67.18,0,NaN,-1,19,,310,10
1/8/2024 07:52,2.8,-2.88,66.57,0,NaN,1,6,,330,10
1/8/2024 08:52,5.6,-2.3,57.19,0,NaN,3,15,,330,10
1/8/2024 09:52,6.1,-2.9,52.84,0,NaN,3,15,,330,10
1/8/2024 10:52,6.7,-2.3,53.01,0,NaN,4,17,,330,10
1/8/2024 11:52,6.7,-2.3,53.01,0,NaN,5,9,,330,10
1/8/2024 12:52,7.8,-2.31,49.16,0,NaN,6,11,,310,10
1/8/2024 13:52,8.9,-2.92,43.64,0,NaN,8,6,,0,10
1/8/2024 14:52,8.9,-2.92,43.64,0,NaN,,0,,0,10
1/8/2024 15:52,7.8,-2.91,47.02,0,NaN,6,11,,300,10
1/8/2024 16:52,5,-2.29,59.62,0,NaN,,0,,0,10
1/8/2024 17:52,2.8,-2.88,66.57,0,NaN,,0,,0,10
1/8/2024 18:52,0,-3.35,78.42,0,NaN,,0,,0,10
1/8/2024 19:52,0,-3.35,78.42,0,NaN,-3,7,,120,10
1/8/2024 20:52,-0.6,-3.95,78.32,0,NaN,-3,6,,120,10
1/8/2024 21:52,2.2,-3.38,66.93,0,NaN,,7,,150,10
1/8/2024 22:52,3.3,-2.28,67.18,0,NaN,,15,,150,10
1/8/2024 23:52,3.9,-2.28,64.4,0,NaN,1,11,,160,10
1/9/2024 00:52,3.3,-1.77,69.71,0,NaN,,11,,160,10
1/9/2024 01:52,3.9,-1.78,66.82,0,NaN,2,9,,170,10
1/9/2024 02:52,3.9,-1.17,69.83,0,NaN,,15,,150,10
1/9/2024 03:52,3.3,-0.66,75.57,0,NaN,1,9,,120,10
1/9/2024 04:52,3.3,-0.66,75.57,0,NaN,1,7,,110,10
1/9/2024 05:52,3.9,-0.06,75.67,0,NaN,1,11,,110,10
1/9/2024 06:52,5,0.54,73.18,0,NaN,2,13,26,90,10
1/9/2024 08:52,5,2.16,82.09,177.8,NaN,2,17,28,130,5
1/9/2024 09:52,5.6,3.27,85.13,177.8,NaN,2,22,,120,4
1/9/2024 10:52,6.7,4.37,85.25,177.8,NaN,3,26,41,120,4
1/9/2024 11:52,7.8,5.57,85.97,228.6,NaN,4,26,41,110,3
1/9/2024 12:52,8.9,6.67,86.08,203.2,NaN,5,31,52,110,3
1/9/2024 13:52,10,7.77,86.2,330.2,NaN,7,28,43,120,2
1/9/2024 14:52,11.1,8.88,86.31,584.2,NaN,,28,52,120,3
1/9/2024 15:52,12.8,10.58,86.49,381,NaN,,28,52,140,2
1/9/2024 16:52,13.9,11.08,83.23,177.8,NaN,,37,59,150,2
1/9/2024 17:52,14.4,11.68,83.84,431.8,NaN,,31,59,160,2.5
1/9/2024 18:52,13.9,12.18,89.49,558.8,NaN,,15,39,170,2.5
1/9/2024 19:52,13.9,12.18,89.49,762,NaN,,15,,130,4
1/9/2024 20:52,13.9,12.79,93.09,254,NaN,,30,44,150,6
1/9/2024 21:52,15,12.78,86.7,2.54,NaN,,17,41,180,5
1/9/2024 22:52,14.4,11.68,83.84,2.54,NaN,,13,,200,10
1/9/2024 23:52,12.8,9.97,83.09,0,NaN,,19,33,230,10
1/10/2024 00:52,11.1,8.27,82.88,0,NaN,,19,,210,10
1/10/2024 01:52,10,7.77,86.2,0,NaN,8,15,,220,10
1/10/2024 02:52,10,7.77,86.2,0,NaN,9,7,,240,10
1/10/2024 03:52,8.9,2.73,65.56,2.54,NaN,6,17,35,290,10
1/10/2024 04:52,8.9,0.51,56,2.54,NaN,6,17,30,260,10
1/10/2024 05:52,7.8,-0.69,55.3,0,NaN,6,11,,240,10
1/10/2024 06:52,8.3,-1.81,49.31,0,NaN,6,13,,260,10
1/10/2024 07:52,7.8,-3.42,45.3,0,NaN,4,22,43,250,10
1/10/2024 08:52,8.3,-4.02,41.86,0,NaN,5,24,43,250,10
1/10/2024 09:52,8.3,-2.91,45.45,0,NaN,6,13,37,240,10
1/10/2024 10:52,10,-2.31,42.38,0,NaN,7,26,46,280,10
1/10/2024 11:52,9.4,-2.91,42.2,0,NaN,6,24,43,250,10
1/10/2024 12:52,10,-2.92,40.53,0,NaN,7,24,39,260,10
1/10/2024 13:52,9.4,-3.42,40.65,0,NaN,6,24,41,260,10
1/10/2024 14:52,9.4,-3.42,40.65,0,NaN,6,22,48,260,10
1/10/2024 15:52,8.9,-3.42,42.05,0,NaN,5,28,39,280,10
1/10/2024 16:52,7.8,-3.42,45.3,0,NaN,5,19,35,280,10
1/10/2024 17:52,7.2,-3.41,47.2,0,NaN,4,19,,280,10
1/10/2024 18:52,6.7,-2.91,50.7,0,NaN,4,15,,290,10
1/10/2024 19:52,5.6,-2.9,54.7,0,NaN,5,6,,280,10
1/10/2024 20:52,5.6,-3.41,52.7,0,NaN,4,7,,280,10
1/10/2024 21:52,4.4,-3.4,57.29,0,NaN,2,9,,270,10
1/10/2024 22:52,5,-2.9,57.03,0,NaN,2,13,,290,10
1/10/2024 23:52,4.4,-3.4,57.29,0,NaN,3,7,,270,10
1/11/2024 00:52,3.9,-3.39,59.34,0,NaN,2,7,,250,10
1/11/2024 01:52,3.9,-3.39,59.34,0,NaN,3,6,,250,10
1/11/2024 02:52,2.2,-3.38,66.93,0,NaN,,7,,240,10
1/11/2024 03:52,0.6,-2.85,77.93,0,NaN,,0,,0,10
1/11/2024 04:52,-0.6,-3.95,78.32,0,NaN,,0,,0,10
1/11/2024 05:52,-1.7,-4.44,81.77,0,NaN,-4,6,,140,10
1/11/2024 06:52,-1.7,-4.44,81.77,0,NaN,-6,11,,150,10
1/11/2024 07:52,-1.7,-3.94,84.9,0,NaN,-4,6,,190,10
1/11/2024 08:52,1.7,-2.87,72,0,NaN,-1,9,,190,10
1/11/2024 09:52,4.4,-2.29,62.18,0,NaN,2,11,,180,10
1/11/2024 10:52,7.2,-1.8,53.15,0,NaN,4,20,,190,10
1/11/2024 11:52,8.3,-1.81,49.31,0,NaN,5,22,37,190,10
1/11/2024 12:52,10,-1.81,43.97,0,NaN,8,17,31,190,10
1/11/2024 13:52,11.1,-2.31,39.38,0,NaN,,26,39,210,10
1/11/2024 14:52,11.7,-2.31,37.85,0,NaN,,19,30,200,10
1/11/2024 15:52,11.7,-1.81,39.28,0,NaN,,19,35,220,10
1/11/2024 16:52,10,-1.2,45.96,0,NaN,8,15,,210,10
1/11/2024 17:52,7.2,-1.8,53.15,0,NaN,5,9,,200,10
1/11/2024 18:52,6.7,-1.8,55,0,NaN,5,9,,200,10
1/11/2024 19:52,3.9,-1.78,66.82,0,NaN,2,9,,0,10
1/11/2024 20:52,1.1,-2.25,78.59,0,NaN,-1,6,,100,10
1/11/2024 21:52,0.6,-2.85,77.93,0,NaN,,0,,0,10
1/11/2024 22:52,0.6,-2.85,77.93,0,NaN,,0,,0,10
1/11/2024 23:52,0,-3.35,78.42,0,NaN,-3,9,,310,10
1/12/2024 00:52,1.7,-3.37,69.37,0,NaN,,0,,0,10
1/12/2024 01:52,1.7,-3.37,69.37,0,NaN,-2,11,,20,10
1/12/2024 02:52,0.6,-3.36,75.08,0,NaN,,0,,0,10
1/12/2024 03:52,-1.1,-3.95,81.24,0,NaN,-4,7,,30,10
1/12/2024 04:52,-1.7,-3.94,84.9,0,NaN,,0,,0,10
1/12/2024 05:52,-1.7,-4.44,81.77,0,NaN,-4,6,,360,10
1/12/2024 06:52,-2.2,-5.05,81.08,0,NaN,,0,,0,10
1/12/2024 07:52,-2.2,-4.44,84.84,0,NaN,-4,6,,210,10
1/12/2024 08:52,0,-1.73,88.3,0,NaN,,0,,0,10
1/12/2024 09:52,6.7,-1.19,57.48,0,NaN,4,13,,130,10
1/12/2024 10:52,8.9,-1.2,49.48,0,NaN,6,17,,130,10
1/12/2024 11:52,10,-1.2,45.96,0,NaN,8,19,33,120,10
1/12/2024 12:52,10,-1.2,45.96,0,NaN,7,20,,130,10
1/12/2024 13:52,10,-1.81,43.97,0,NaN,7,22,33,120,10
1/12/2024 14:52,9.4,-0.7,49.63,0,NaN,7,19,35,130,10
1/12/2024 15:52,9.4,-0.1,51.84,0,NaN,6,26,41,120,10
1/12/2024 16:52,9.4,1.62,58.61,0,NaN,6,28,52,130,10
1/12/2024 17:52,9.4,1.62,58.61,0,NaN,7,20,39,130,10
1/12/2024 18:52,8.3,4.35,76.43,25.4,NaN,5,20,39,130,7
1/12/2024 19:52,7.8,5.57,85.97,127,NaN,5,15,,130,9
1/12/2024 20:52,8.9,6.67,86.08,254,NaN,7,13,31,120,2
1/12/2024 21:52,9.4,7.78,89.74,914.4,NaN,9,6,,90,1.5
1/12/2024 22:52,8.9,7.79,92.81,381,NaN,,0,,0,2
1/12/2024 23:52,8.9,7.79,92.81,177.8,NaN,8,7,,300,1.5
1/13/2024 00:52,8.9,7.79,92.81,304.8,NaN,8,7,,260,2
1/13/2024 01:52,8.9,7.79,92.81,25.4,NaN,,0,,0,5
1/13/2024 02:52,8.9,7.79,92.81,0,NaN,,0,,0,10
1/13/2024 03:52,8.9,7.79,92.81,0,NaN,,0,,0,10
1/13/2024 04:52,8.3,7.19,92.78,0,NaN,6,17,,190,10
1/13/2024 05:52,8.3,7.19,92.78,0,NaN,6,17,,200,6
1/13/2024 06:52,8.3,6.68,89.65,0,NaN,5,20,,200,10
1/13/2024 07:52,8.3,6.07,86.02,0,NaN,5,22,43,200,10
1/13/2024 08:52,8.3,6.68,89.65,0,NaN,6,13,,230,10
1/13/2024 09:52,6.7,3.25,78.9,2.54,NaN,2,31,50,300,9
1/13/2024 10:52,8.9,3.23,67.92,25.4,NaN,6,24,37,290,10
1/13/2024 11:52,8.9,-3.42,42.05,0,NaN,4,44,67,290,10
1/13/2024 12:52,9.4,-4.52,37.43,0,NaN,6,30,57,270,10
1/13/2024 13:52,8.9,-5.73,35.35,2.54,NaN,5,31,67,270,10
1/13/2024 14:52,7.8,-6.23,36.66,0,NaN,3,43,65,270,10
1/13/2024 15:52,6.7,-6.23,39.52,0,NaN,2,35,52,290,10
1/13/2024 16:52,4.4,-5.72,48.17,0,NaN,,20,,300,10
1/13/2024 17:52,3.3,-6.82,47.84,0,NaN,-1,22,35,290,10
1/13/2024 18:52,1.7,-6.81,53.61,0,NaN,-2,13,,290,10
1/13/2024 19:52,1.7,-7.92,49.24,0,NaN,-2,11,,260,10
1/13/2024 20:52,1.7,-7.92,49.24,0,NaN,-2,13,,280,10
1/13/2024 21:52,1.1,-8.42,49.44,0,NaN,-1,6,,280,10
1/13/2024 22:52,-1.1,-7.29,63.18,0,NaN,,0,,0,10
1/13/2024 23:52,-1.7,-7.29,66.03,0,NaN,-4,6,,220,10
1/14/2024 00:52,-2.2,-7.28,68.52,0,NaN,-4,6,,220,10
1/14/2024 01:52,-2.2,-7.28,68.52,0,NaN,-5,7,,200,10
1/14/2024 02:52,-2.2,-7.28,68.52,0,NaN,-6,9,,190,10
1/14/2024 03:52,-2.2,-7.28,68.52,0,NaN,-6,9,,160,10
1/14/2024 04:52,-1.7,-7.29,66.03,0,NaN,-5,9,,170,10
1/14/2024 05:52,-0.6,-7.3,60.91,0,NaN,-5,17,,170,10
1/14/2024 06:52,0,-7.91,55.66,0,NaN,-4,15,,180,10
1/14/2024 07:52,-0.6,-7.3,60.91,0,NaN,-5,15,,180,10
1/14/2024 08:52,1.7,-6.21,56.13,2.54,NaN,-3,19,,180,10
1/14/2024 09:52,4.4,-5.12,50.41,0,NaN,,24,35,190,10
1/14/2024 10:52,7.8,-5.13,39.86,0,NaN,4,28,44,230,10
1/14/2024 11:52,1.7,-2.87,72,2.54,NaN,-5,33,52,290,9
1/14/2024 12:52,2.2,-5.7,56.27,2.54,NaN,-4,31,48,320,10
1/14/2024 13:52,3.3,-9.04,40.32,0,NaN,-3,35,52,290,10
1/14/2024 14:52,4.4,-10.75,32.63,0,NaN,-1,30,48,310,10
1/14/2024 15:52,3.3,-14.05,27.01,0,NaN,-2,33,54,300,10
1/14/2024 16:52,1.1,-16.86,25.04,0,NaN,-3,15,44,320,10
1/14/2024 17:52,0,-15.76,29.73,0,NaN,-5,20,,330,10
1/14/2024 18:52,-1.1,-16.86,29.39,0,NaN,-6,17,,320,10
1/14/2024 19:52,-1.7,-17.36,29.44,0,NaN,-7,19,,320,10
1/14/2024 20:52,-1.7,-16.86,30.71,0,NaN,-6,11,,350,10
1/14/2024 21:52,-1.7,-17.36,29.44,0,NaN,-7,17,,330,10
1/14/2024 22:52,-1.7,-16.26,32.29,0,NaN,-6,15,31,340,10
1/14/2024 23:52,-1.7,-16.26,32.29,0,NaN,-6,13,,350,10
1/15/2024 00:52,-1.7,-16.26,32.29,0,NaN,-6,13,,360,10
1/15/2024 01:52,-1.7,-16.26,32.29,0,NaN,-5,9,,340,10
1/15/2024 02:52,-3.9,-8.98,68.13,2.54,NaN,-7,7,,250,3
1/15/2024 03:52,-4.4,-7.25,80.76,25.4,NaN,,0,,0,3
1/15/2024 04:52,-4.4,-6.74,83.93,50.8,NaN,,0,,0,3
1/15/2024 05:52,-4.4,-6.74,83.93,2.54,NaN,,0,,0,3
1/15/2024 06:52,-4.4,-7.86,77.09,2.54,NaN,,0,,0,10
1/15/2024 07:52,-4.4,-7.25,80.76,0,NaN,,0,,0,10
1/15/2024 08:52,-3.9,-6.75,80.83,25.4,NaN,,0,,0,6
1/15/2024 09:52,-3.3,-6.76,77.28,2.54,NaN,,0,,0,7
1/15/2024 10:52,-2.8,-6.15,77.96,2.54,NaN,-5,6,,160,9
1/15/2024 11:52,-2.8,-5.65,80.99,25.4,NaN,-5,6,,150,2
1/15/2024 12:52,-2.2,-5.05,81.08,50.8,NaN,,0,,0,2
1/15/2024 13:52,-1.7,-4.44,81.77,25.4,NaN,-4,6,,130,1.5
1/15/2024 14:52,-2.2,-4.44,84.84,25.4,NaN,-4,6,,130,1.5
1/15/2024 15:52,-2.2,-4.44,84.84,50.8,NaN,-5,7,,150,0.75
1/15/2024 16:52,-1.7,-4.44,81.77,2.54,NaN,,0,,0,1.5
1/15/2024 17:52,-2.2,-4.44,84.84,25.4,NaN,-4,6,,120,0.75
1/15/2024 18:52,-2.2,-3.93,88.1,76.2,NaN,-4,6,,110,0.5
1/15/2024 19:52,-1.7,-3.94,84.9,50.8,NaN,,0,,0,0.5
1/15/2024 20:52,-2.2,-3.93,88.1,76.2,NaN,,0,,0,0.5
1/15/2024 21:52,-2.2,-3.93,88.1,203.2,NaN,-4,6,,50,0.25
1/15/2024 22:52,-2.2,-3.93,88.1,101.6,NaN,-4,6,,70,0.25
1/15/2024 23:52,-2.2,-3.93,88.1,50.8,NaN,-5,7,,60,2
1/16/2024 00:52,-2.2,-4.44,84.84,2.54,NaN,-4,6,,50,1.5
1/16/2024 01:52,-2.2,-3.93,88.1,25.4,NaN,-4,6,,40,1.5
1/16/2024 02:52,-2.2,-4.44,84.84,2.54,NaN,,0,,0,3
1/16/2024 03:52,-2.2,-3.93,88.1,25.4,NaN,-5,7,,40,3
1/16/2024 04:52,-2.2,-4.44,84.84,2.54,NaN,-6,9,,20,5
1/16/2024 05:52,-2.2,-4.44,84.84,0,NaN,-6,9,,20,8
1/16/2024 06:52,-2.2,-4.44,84.84,0,NaN,-5,7,,10,7
1/16/2024 07:52,-2.2,-4.44,84.84,2.54,NaN,-7,15,,360,3
1/16/2024 08:52,-2.2,-4.44,84.84,2.54,NaN,-7,15,,320,1.5
1/16/2024 09:52,-2.2,-3.93,88.1,2.54,NaN,-7,17,,350,0.75
1/16/2024 10:52,-2.2,-3.93,88.1,2.54,NaN,-7,17,,330,0.75
1/16/2024 11:52,-1.7,-4.44,81.77,2.54,NaN,-7,20,,320,0.75
1/16/2024 12:52,-1.7,-5.66,74.66,2.54,NaN,-8,28,41,330,10
1/16/2024 13:52,-1.1,-6.18,68.76,0,NaN,-7,20,37,320,10
1/16/2024 14:52,-1.7,-10.12,53.05,0,NaN,-9,31,59,320,10
1/16/2024 15:52,-2.8,-10.71,54.87,0,NaN,-11,43,57,300,10
1/16/2024 16:52,-3.9,-11.82,54.55,0,NaN,-9,15,,310,10
1/16/2024 17:52,-5,-12.91,54.24,0,NaN,-11,19,,310,10
1/16/2024 18:52,-5.6,-14.02,51.9,0,NaN,-12,19,39,320,10
1/16/2024 19:52,-6.7,-14.01,56.46,0,NaN,-14,22,43,320,10
1/16/2024 20:52,-7.2,-14.51,56.31,0,NaN,-16,28,,310,10
1/16/2024 21:52,-7.8,-15.11,56.14,0,NaN,-15,19,,320,10
1/16/2024 22:52,-7.8,-15.71,53.42,0,NaN,-14,17,,320,10
1/16/2024 23:52,-8.3,-15.71,55.54,0,NaN,-16,20,,310,10
1/17/2024 00:52,-8.3,-16.82,50.65,0,NaN,-16,20,,310,10
1/17/2024 01:52,-9.4,-16.2,58.06,0,NaN,-17,19,,310,10
1/17/2024 02:52,-9.4,-16.81,55.22,0,NaN,-16,15,,310,10
1/17/2024 03:52,-10,-16.8,57.89,0,NaN,-17,15,,320,10
1/17/2024 04:52,-11.1,-17.29,60.58,0,NaN,,0,,0,10
1/17/2024 05:52,-12.8,-17.88,66.03,0,NaN,-16,6,,210,10
1/17/2024 06:52,-11.7,-17.29,63.57,0,NaN,-15,6,,200,10
1/17/2024 07:52,-11.7,-17.29,63.57,0,NaN,-17,9,,250,10
1/17/2024 08:52,-8.9,-16.81,53.09,0,NaN,-13,7,,220,10
1/17/2024 09:52,-5.6,-16.84,41.14,0,NaN,-11,13,,240,10
1/17/2024 10:52,-5,-16.85,39.3,0,NaN,-12,22,,300,10
1/17/2024 11:52,-4.4,-17.35,36.01,0,NaN,-11,19,33,280,10
1/17/2024 12:52,-3.3,-16.25,36.37,0,NaN,-9,17,,310,10
1/17/2024 13:52,-1.7,-17.36,29.44,0,NaN,,0,,0,10
1/17/2024 14:52,-1.1,-17.36,28.17,0,NaN,-5,13,,220,10
1/17/2024 15:52,-1.7,-16.26,32.29,0,NaN,-7,17,30,220,10
1/17/2024 16:52,-2.2,-14.55,38.58,0,NaN,-7,15,,200,10
1/17/2024 17:52,-5,-15.74,43.09,0,NaN,-9,9,,200,10
1/17/2024 18:52,-5.6,-15.73,45.1,0,NaN,-9,7,,210,10
1/17/2024 19:52,-6.7,-15.73,49.06,0,NaN,-11,9,,200,10
1/17/2024 20:52,-6.7,-15.73,49.06,0,NaN,-9,6,,200,10
1/17/2024 21:52,-6.7,-16.23,47.06,0,NaN,-9,6,,200,10
1/17/2024 22:52,-9.4,-15.7,60.54,0,NaN,-13,6,,170,10
1/17/2024 23:52,-7.8,-16.22,51.23,0,NaN,-12,7,,170,10
1/18/2024 00:52,-8.3,-15.71,55.54,0,NaN,-11,6,,170,10
1/18/2024 01:52,-10.6,-15.68,66.57,0,NaN,,0,,0,10
1/18/2024 02:52,-10.6,-15.07,69.97,0,NaN,,0,,0,10
1/18/2024 03:52,-11.1,-15.67,69.28,0,NaN,,0,,0,10
1/18/2024 04:52,-10.6,-15.07,69.97,0,NaN,,0,,0,10
1/18/2024 05:52,-10.6,-15.07,69.97,0,NaN,,0,,0,10
1/18/2024 06:52,-10.6,-13.96,76.6,0,NaN,,0,,0,10
1/18/2024 07:52,-10,-13.97,73.04,0,NaN,,0,,0,10
1/18/2024 08:52,-7.2,-12.28,67.38,0,NaN,,0,,0,10
1/18/2024 09:52,-3.9,-11.21,57.24,0,NaN,,0,,0,10
1/18/2024 10:52,-2.2,-10.72,52.48,0,NaN,,0,,0,10
1/18/2024 11:52,0.6,-10.13,44.85,0,NaN,,0,,0,10
1/18/2024 12:52,0,-10.13,46.84,0,NaN,-2,6,,200,10
1/18/2024 13:52,1.1,-10.14,43.26,0,NaN,-1,6,,240,10
1/18/2024 14:52,1.1,-11.24,39.63,0,NaN,-2,11,,160,10
1/18/2024 15:52,1.1,-10.74,41.25,0,NaN,-1,7,,180,10
1/18/2024 16:52,1.1,-10.14,43.26,0,NaN,,0,,0,10
1/18/2024 17:52,0.6,-9.02,48.91,0,NaN,,0,,0,10
1/18/2024 18:52,-0.6,-7.9,58.15,0,NaN,,0,,0,10
1/18/2024 19:52,-0.6,-7.3,60.91,0,NaN,-4,9,,90,10
1/18/2024 20:52,0,-8.41,53.54,0,NaN,,0,,0,10
1/18/2024 21:52,0,-7.91,55.66,0,NaN,-3,7,,350,10
1/18/2024 22:52,-1.1,-7.29,63.18,0,NaN,,0,,0,10
1/18/2024 23:52,-1.1,-6.18,68.76,0,NaN,,0,,0,10
1/19/2024 00:52,-0.6,-6.79,63.31,0,NaN,-4,9,,20,10
1/19/2024 01:52,-0.6,-7.3,60.91,0,NaN,-5,13,,350,10
1/19/2024 02:52,-0.6,-6.79,63.31,2.54,NaN,-3,6,,290,8
1/19/2024 03:52,-1.7,-3.94,84.9,50.8,NaN,-6,11,,30,3
1/19/2024 04:52,-2.2,-3.93,88.1,127,NaN,-6,9,,20,1.5
1/19/2024 05:52,-2.2,-3.93,88.1,228.6,NaN,-6,9,,10,0.75
1/19/2024 06:52,-2.2,-3.93,88.1,101.6,NaN,-6,9,,340,2.5
1/19/2024 07:52,-2.2,-4.44,84.84,50.8,NaN,-7,13,,350,3
1/19/2024 08:52,-2.2,-4.44,84.84,25.4,NaN,-6,11,,360,1.5
1/19/2024 09:52,-2.2,-4.44,84.84,25.4,NaN,-7,13,,340,1.5
1/19/2024 10:52,-1.7,-5.05,78.14,25.4,NaN,-7,17,,330,1.25
1/19/2024 11:52,-1.1,-3.95,81.24,50.8,NaN,-5,13,,330,0.75
1/19/2024 12:52,-1.1,-3.95,81.24,25.4,NaN,-6,19,,330,1
1/19/2024 13:52,-0.6,-3.95,78.32,25.4,NaN,-6,19,,320,1.5
1/19/2024 14:52,-0.6,-3.95,78.32,2.54,NaN,-6,19,,320,3
1/19/2024 15:52,-0.6,-3.95,78.32,2.54,NaN,-5,15,,320,2.5
1/19/2024 16:52,-1.1,-3.95,81.24,25.4,NaN,-6,15,,310,7
1/19/2024 17:52,-1.1,-6.18,68.76,0,NaN,-8,28,,300,10
1/19/2024 18:52,-1.7,-7.29,66.03,0,NaN,-8,26,,310,10
1/19/2024 19:52,-1.1,-7.9,60.31,0,NaN,-7,22,,310,10
1/19/2024 20:52,-2.8,-8.99,62.76,0,NaN,-8,15,,290,10
1/19/2024 21:52,-4.4,-8.97,70.75,0,NaN,-8,7,,290,10
1/19/2024 22:52,-4.4,-9.48,68.02,0,NaN,-8,7,,300,10
1/19/2024 23:52,-4.4,-9.48,68.02,0,NaN,-9,13,,310,10
1/20/2024 00:52,-3.9,-10.7,59.57,0,NaN,-11,24,,310,10
1/20/2024 01:52,-4.4,-10.7,61.86,0,NaN,-11,19,,300,10
1/20/2024 02:52,-3.9,-8.37,71.41,2.54,NaN,-10,17,,320,4
1/20/2024 03:52,-4.4,-8.36,74.15,2.54,NaN,-11,19,,320,9
1/20/2024 04:52,-6.1,-10.07,73.82,2.54,NaN,-11,13,,310,10
1/20/2024 05:52,-7.8,-11.16,77.1,0,NaN,-11,6,,270,10
1/20/2024 06:52,-9.4,-12.25,79.99,0,NaN,-13,7,,260,10
1/20/2024 07:52,-6.7,-13.4,59.29,0,NaN,-13,17,,300,10
1/20/2024 08:52,-5.6,-14.52,49.81,0,NaN,-12,19,41,320,10
1/20/2024 09:52,-6.1,-15.73,46.85,0,NaN,-14,26,48,320,10
1/20/2024 10:52,-5.6,-15.13,47.4,0,NaN,-14,30,,310,10
1/20/2024 11:52,-6.1,-15.12,49.25,0,NaN,-16,44,57,310,10
1/20/2024 12:52,-5,-15.13,45.29,0,NaN,-13,30,50,320,10
1/20/2024 13:52,-3.9,-14.54,43.8,0,NaN,-12,33,46,290,10
1/20/2024 14:52,-3.9,-14.54,43.8,0,NaN,-11,24,48,310,10
1/20/2024 15:52,-5,-15.13,45.29,0,NaN,-14,39,63,300,10
1/20/2024 16:52,-5.6,-15.13,47.4,0,NaN,-15,43,57,300,10
1/20/2024 17:52,-6.7,-15.73,49.06,0,NaN,-15,31,48,300,10
1/20/2024 18:52,-7.2,-16.22,48.91,0,NaN,-15,26,,280,10
1/20/2024 19:52,-7.8,-16.82,48.72,0,NaN,-15,22,,300,10
1/20/2024 20:52,-7.8,-16.22,51.23,0,NaN,-17,31,50,310,10
1/20/2024 21:52,-7.8,-15.71,53.42,0,NaN,-15,20,37,310,10
1/20/2024 22:52,-7.8,-15.71,53.42,0,NaN,-16,28,43,300,10
1/20/2024 23:52,-7.2,-15.12,53.59,0,NaN,-15,22,43,310,10
1/21/2024 00:52,-7.8,-15.11,56.14,0,NaN,-15,20,,310,10
1/21/2024 01:52,-6.7,-14.51,54.18,0,NaN,-15,26,39,320,10
1/21/2024 02:52,-6.7,-14.01,56.46,0,NaN,-15,28,41,310,10
1/21/2024 03:52,-6.1,-13.41,56.63,0,NaN,-14,26,43,310,10
1/21/2024 04:52,-6.1,-12.9,58.98,0,NaN,-14,26,43,310,10
1/21/2024 05:52,-6.7,-13.4,59.29,0,NaN,-15,30,44,310,10
1/21/2024 06:52,-6.7,-14.01,56.46,0,NaN,-13,17,,320,10
1/21/2024 07:52,-6.7,-14.01,56.46,0,NaN,-14,22,,320,10
1/21/2024 08:52,-5,-13.42,52.08,0,NaN,-13,31,43,300,10
1/21/2024 09:52,-4.4,-12.92,51.83,0,NaN,-12,31,56,320,10
1/21/2024 10:52,-3.3,-12.32,50.1,0,NaN,-12,46,63,310,10
1/21/2024 11:52,-2.2,-11.83,48.06,0,NaN,-9,26,44,320,10
1/21/2024 12:52,-1.1,-11.23,46.5,0,NaN,-7,26,48,320,10
1/21/2024 13:52,-0.6,-11.24,44.83,0,NaN,-7,28,37,310,10
1/21/2024 14:52,0,-10.74,44.66,0,NaN,-5,19,,310,10
1/21/2024 15:52,0,-10.74,44.66,0,NaN,-5,19,,310,10
1/21/2024 16:52,-1.1,-11.23,46.5,0,NaN,-6,17,,310,10
1/21/2024 17:52,-2.8,-11.22,52.72,0,NaN,-8,17,,300,10
1/21/2024 18:52,-4.4,-11.81,56.65,0,NaN,-10,17,,300,10
1/21/2024 19:52,-3.9,-12.32,52.4,0,NaN,-9,13,,310,10
1/21/2024 20:52,-5,-12.91,54.24,0,NaN,-10,11,,310,10
1/21/2024 21:52,-5,-12.31,56.94,0,NaN,-8,7,,330,10
1/21/2024 22:52,-5.6,-12.91,56.77,0,NaN,-9,7,,310,10
1/21/2024 23:52,-7.8,-13.39,64.56,0,NaN,-12,7,,310,10
1/22/2024 00:52,-8.3,-13.38,67.12,0,NaN,-11,6,,330,10
1/22/2024 01:52,-6.1,-12.9,58.98,0,NaN,-11,11,,340,10
1/22/2024 02:52,-10.6,-14.46,73.52,0,NaN,,0,,0,10
1/22/2024 03:52,-11.7,-15.06,76.4,0,NaN,-15,6,,230,10
1/22/2024 04:52,-12.8,-15.65,79.45,0,NaN,-16,6,,200,10
1/22/2024 05:52,-13.3,-15.64,82.74,0,NaN,-18,7,,130,10
1/22/2024 06:52,-13.9,-16.14,83.35,0,NaN,-19,7,,200,10
1/22/2024 07:52,-12.2,-14.44,83.58,0,NaN,-16,6,,160,10
1/22/2024 08:52,-8.3,-12.27,73.38,0,NaN,-13,9,,180,10
1/22/2024 09:52,-3.3,-11.82,52.16,0,NaN,-8,11,,170,10
1/22/2024 10:52,-1.1,-10.73,48.4,0,NaN,-6,15,,200,10
1/22/2024 11:52,0,-11.24,42.92,0,NaN,-4,13,,180,10
1/22/2024 12:52,1.7,-10.14,41.43,0,NaN,-2,15,,200,10
1/22/2024 13:52,2.8,-10.14,38.31,0,NaN,,11,,160,10
1/22/2024 14:52,3.3,-9.54,38.77,0,NaN,,11,,190,10
1/22/2024 15:52,3.9,-9.04,38.65,0,NaN,1,11,,200,10
1/22/2024 16:52,3.3,-9.54,38.77,0,NaN,2,6,,180,10
1/22/2024 17:52,1.1,-8.42,49.44,0,NaN,-1,6,,180,10
1/22/2024 18:52,0.6,-7.31,55.83,0,NaN,-2,7,,130,10
1/22/2024 19:52,0.6,-7.31,55.83,0,NaN,-2,9,,130,10
1/22/2024 20:52,-2.2,-7.89,65.4,0,NaN,,0,,0,10
1/22/2024 21:52,-2.8,-8.39,65.77,0,NaN,,0,,0,10
1/22/2024 22:52,-3.3,-8.38,68.27,0,NaN,,0,,0,10
1/22/2024 23:52,-4.4,-8.97,70.75,0,NaN,,0,,0,10
1/23/2024 00:52,-4.4,-8.36,74.15,0,NaN,,0,,0,10
1/23/2024 01:52,-3.9,-8.37,71.41,0,NaN,,0,,0,10
1/23/2024 02:52,-4.4,-8.36,74.15,0,NaN,,0,,0,10
1/23/2024 03:52,-5,-8.97,74.03,0,NaN,,0,,0,10
1/23/2024 04:52,-4.4,-8.97,70.75,0,NaN,,0,,0,10
1/23/2024 05:52,-5.6,-8.96,77.48,0,NaN,,0,,0,10
1/23/2024 06:52,-6.1,-9.46,77.4,0,NaN,,0,,0,10
1/23/2024 07:52,-6.1,-9.46,77.4,0,NaN,,0,,0,10
1/23/2024 08:52,-2.8,-7.27,71.64,0,NaN,-5,6,,260,10
1/23/2024 09:52,1.7,-6.81,53.61,0,NaN,,0,,0,10
1/23/2024 10:52,3.3,-7.33,46.03,0,NaN,,0,,0,10
1/23/2024 11:52,5,-6.23,44.46,0,NaN,,0,,0,10
1/23/2024 12:52,7.2,-5.13,41.53,0,NaN,,0,,0,10
1/23/2024 13:52,7.2,-4.52,43.46,0,NaN,5,11,,200,10
1/23/2024 14:52,7.8,-5.13,39.86,0,NaN,7,7,,210,10
1/23/2024 15:52,8.3,-6.83,33.84,0,NaN,,0,,0,10
1/23/2024 16:52,7.2,-5.73,39.68,0,NaN,5,13,,140,10
1/23/2024 17:52,5.6,-5.73,44.3,0,NaN,,0,,0,10
1/23/2024 18:52,3.9,-5.11,52.21,0,NaN,,0,,0,10
1/23/2024 19:52,3.9,-4.51,54.64,0,NaN,,0,,0,10
1/23/2024 20:52,3.3,-4,59.18,0,NaN,,0,,0,10
1/23/2024 21:52,3.3,-4,59.18,0,NaN,2,6,,40,10
1/23/2024 22:52,3.3,-4,59.18,0,NaN,,0,,0,10
1/23/2024 23:52,3.3,-3.39,61.9,0,NaN,1,9,,40,10
1/24/2024 00:52,2.8,-3.39,64.13,0,NaN,1,6,,30,10
1/24/2024 01:52,2.8,-2.27,69.6,0,NaN,,11,,140,10
1/24/2024 02:52,2.8,-2.88,66.57,0,NaN,,0,,0,10
1/24/2024 03:52,2.2,-2.26,72.64,0,NaN,,0,,0,10
1/24/2024 04:52,2.8,-2.27,69.6,0,NaN,1,6,,320,10
1/24/2024 05:52,2.2,-2.26,72.64,0,NaN,,0,,0,10
1/24/2024 06:52,2.8,-2.27,69.6,0,NaN,,0,,0,10
1/24/2024 07:52,2.2,-1.76,75.37,0,NaN,,0,,0,10
1/24/2024 08:52,4.4,-1.17,67.43,0,NaN,,0,,0,10
1/24/2024 09:52,5,-0.67,67.07,0,NaN,,0,,0,10
1/24/2024 10:52,7.2,1.63,68.04,0,NaN,6,7,,200,10
1/24/2024 11:52,6.7,2.75,76.16,0,NaN,,0,,0,10
1/24/2024 12:52,6.7,4.37,85.25,0,NaN,,0,,0,3
1/24/2024 13:52,6.7,4.37,85.25,0,NaN,,0,,0,3
1/24/2024 14:52,7.8,4.97,82.46,2.54,NaN,7,7,,320,5
1/24/2024 15:52,8.3,5.57,83.1,2.54,NaN,,0,,0,6
1/24/2024 16:52,7.8,5.57,85.97,0,NaN,,0,,0,7
1/24/2024 17:52,7.2,4.36,82.38,0,NaN,,0,,0,8
1/24/2024 18:52,6.7,4.37,85.25,0,NaN,,0,,0,7
1/24/2024 19:52,6.7,4.98,88.9,0,NaN,,0,,0,6
1/24/2024 20:52,6.7,4.98,88.9,0,NaN,,0,,0,7
1/24/2024 21:52,7.2,4.97,85.9,0,NaN,,0,,0,6
1/24/2024 22:52,7.2,4.97,85.9,0,NaN,,0,,0,7
1/24/2024 23:52,7.2,4.97,85.9,0,NaN,,0,,0,7
1/25/2024 00:52,7.8,5.57,85.97,0,NaN,,0,,0,7
1/25/2024 01:52,8.9,6.07,82.6,0,NaN,,0,,0,10
1/25/2024 02:52,8.3,6.07,86.02,2.54,NaN,,0,,0,6
1/25/2024 03:52,11.1,9.38,89.27,25.4,NaN,,9,,180,5
1/25/2024 04:52,12.2,10.58,89.96,25.4,NaN,,11,,200,5
1/25/2024 05:52,12.8,11.69,93.03,25.4,NaN,,9,,180,3
1/25/2024 06:52,13.9,12.18,89.49,76.2,NaN,,11,,180,4
1/25/2024 07:52,13.9,12.18,89.49,0,NaN,,11,,180,0.12
1/25/2024 08:52,15,13.29,89.58,0,NaN,,13,,200,0.12
1/25/2024 09:52,16.1,14.39,89.67,25.4,NaN,,17,,200,0.5
1/25/2024 10:52,17.2,14.99,86.92,25.4,NaN,,15,,200,5
1/25/2024 11:52,18.3,16.09,87.02,25.4,NaN,,13,,200,6
1/25/2024 12:52,18.3,16.09,87.02,25.4,NaN,,11,,210,5
1/25/2024 13:52,18.3,16.09,87.02,0,NaN,,9,,180,5
1/25/2024 14:52,19.4,16.08,81.25,0,NaN,,11,,200,10
1/25/2024 15:52,18.3,16.09,87.02,2.54,NaN,,0,,0,5
1/25/2024 16:52,17.8,16.09,89.8,25.4,NaN,,6,,180,7
1/25/2024 17:52,17.2,15.59,90.33,25.4,NaN,,6,,100,3
1/25/2024 18:52,17.2,16.09,93.26,0,NaN,,9,,100,5
1/25/2024 19:52,17.2,16.09,93.26,0,NaN,,9,,130,10
1/25/2024 20:52,17.8,16.09,89.8,0,NaN,,9,,140,10
1/25/2024 21:52,17.8,16.09,89.8,0,NaN,,9,,160,10
1/25/2024 22:52,18.3,16.69,90.41,25.4,NaN,,11,,160,7
1/25/2024 23:52,18.3,16.69,90.41,25.4,NaN,,11,,150,7
1/26/2024 00:52,18.3,16.09,87.02,0,NaN,,11,,170,10
1/26/2024 01:52,18.3,16.69,90.41,0,NaN,,15,,170,10
1/26/2024 02:52,18.3,16.69,90.41,0,NaN,,15,,180,9
1/26/2024 03:52,18.9,16.69,87.08,0,NaN,,24,,190,10
1/26/2024 04:52,18.9,16.69,87.08,50.8,NaN,,24,41,180,10
1/26/2024 05:52,18.3,17.19,93.31,25.4,NaN,,13,,200,10
1/26/2024 06:52,18.3,17.19,93.31,0,NaN,,19,,190,10
1/26/2024 07:52,18.3,16.69,90.41,0,NaN,,22,,190,10
1/26/2024 08:52,19.4,17.19,87.13,0,NaN,,19,,210,10
1/26/2024 09:52,20,17.79,87.18,0,NaN,,13,,240,10
1/26/2024 10:52,21.1,17.19,78.45,0,NaN,,13,,240,10
1/26/2024 11:52,23.9,16.69,64.14,0,NaN,,15,,250,10
1/26/2024 12:52,25,15.6,56,0,NaN,,17,,240,10
1/26/2024 13:52,25,13.9,50.19,0,NaN,,15,,240,10
1/26/2024 14:52,25,12.2,44.92,0,NaN,,11,,300,10
1/26/2024 15:52,24.4,11.69,45.04,0,NaN,,15,,290,10
1/26/2024 16:52,22.2,8.87,42.66,0,NaN,,13,,320,10
1/26/2024 17:52,20,7.75,45.31,0,NaN,,15,,320,10
1/26/2024 18:52,18.9,7.75,48.51,0,NaN,,11,,340,10
1/26/2024 19:52,17.2,7.14,51.81,0,NaN,,7,,350,10
1/26/2024 20:52,16.1,7.14,55.56,0,NaN,,6,,350,10
1/26/2024 21:52,16.7,7.74,55.71,0,NaN,,13,,340,10
1/26/2024 22:52,13.9,7.14,64,0,NaN,,7,,350,10
1/26/2024 23:52,14.4,6.64,59.87,0,NaN,,11,,340,10
1/27/2024 00:52,14.4,6.64,59.87,0,NaN,,11,,340,10
1/27/2024 01:52,12.2,6.04,66.3,0,NaN,,9,,330,10
1/27/2024 02:52,8.3,5.57,83.1,0,NaN,,0,,0,10
1/27/2024 03:52,7.2,4.97,85.9,0,NaN,,0,,0,10
1/27/2024 04:52,6.7,4.37,85.25,0,NaN,,0,,0,10
1/27/2024 05:52,5.6,3.88,88.81,0,NaN,,0,,0,10
1/27/2024 06:52,5.6,4.38,91.98,0,NaN,,0,,0,10
1/27/2024 07:52,5.6,3.88,88.81,0,NaN,5,6,,100,10
1/27/2024 08:52,8.9,6.67,86.08,0,NaN,,0,,0,10
1/27/2024 09:52,13.9,7.75,66.67,0,NaN,,0,,0,10
1/27/2024 10:52,15.6,7.14,57.36,0,NaN,,0,,0,10
1/27/2024 11:52,14.4,7.14,61.96,0,NaN,,13,,200,10
1/27/2024 12:52,15,7.14,59.61,0,NaN,,0,,0,10
1/27/2024 13:52,15,6.03,55.27,0,NaN,,6,,20,10
1/27/2024 14:52,14.4,6.04,57.45,0,NaN,,11,,40,10
1/27/2024 15:52,13.9,6.03,59.33,0,NaN,,9,,70,10
1/27/2024 16:52,13.3,6.64,64.3,0,NaN,,9,,90,10
1/27/2024 17:52,13.3,6.64,64.3,0,NaN,,9,,120,10
1/27/2024 18:52,12.8,6.64,66.43,0,NaN,,15,,110,10
1/27/2024 19:52,11.7,5.54,66.19,0,NaN,,13,,110,10
1/27/2024 20:52,11.7,5.54,66.19,2.54,NaN,,7,,100,10
1/27/2024 21:52,10,7.17,82.74,152.4,NaN,9,9,,120,6
1/27/2024 22:52,8.9,6.67,86.08,127,NaN,7,11,,110,6
1/27/2024 23:52,8.3,6.68,89.65,228.6,NaN,6,11,,110,6
1/28/2024 00:52,8.3,6.07,86.02,203.2,NaN,6,13,,130,4
1/28/2024 01:52,7.2,5.58,89.56,812.8,NaN,5,9,,80,4
1/28/2024 02:52,6.7,4.98,88.9,533.4,NaN,4,13,,70,5
1/28/2024 03:52,6.1,4.38,88.85,584.2,NaN,2,20,37,50,5
1/28/2024 04:52,5.6,3.88,88.81,685.8,NaN,2,17,,60,5
1/28/2024 05:52,5.6,3.88,88.81,177.8,NaN,,0,,0,4
1/28/2024 06:52,6.1,3.87,85.79,127,NaN,3,13,,60,10
1/28/2024 07:52,6.1,3.87,85.79,0,NaN,3,13,,30,10
1/28/2024 08:52,6.1,3.87,85.79,0,NaN,3,13,,30,10
1/28/2024 09:52,6.7,4.37,85.25,0,NaN,4,13,,30,3
1/28/2024 10:52,6.7,4.37,85.25,0,NaN,4,15,,40,4
1/28/2024 11:52,7.2,4.97,85.9,0,NaN,5,13,,30,2.5
1/28/2024 12:52,7.2,4.97,85.9,0,NaN,5,15,,30,3
1/28/2024 13:52,7.8,4.97,82.46,2.54,NaN,6,11,,10,5
1/28/2024 14:52,7.8,4.97,82.46,2.54,NaN,6,11,,10,7
1/28/2024 15:52,6.7,4.98,88.9,2.54,NaN,4,17,,330,3
1/28/2024 16:52,7.2,4.36,82.38,2.54,NaN,5,13,,350,10
1/28/2024 17:52,6.7,3.86,82.31,25.4,NaN,4,15,,360,7
1/28/2024 18:52,6.7,4.37,85.25,152.4,NaN,4,11,,350,7
1/28/2024 19:52,6.7,4.37,85.25,50.8,NaN,4,11,,340,7
1/28/2024 20:52,6.1,4.38,88.85,2.54,NaN,3,13,,350,5
1/28/2024 21:52,6.1,3.87,85.79,2.54,NaN,3,13,,350,10
1/28/2024 22:52,5.6,4.38,91.98,0,NaN,3,11,,320,10
1/28/2024 23:52,5.6,3.88,88.81,2.54,NaN,2,19,,320,7
1/29/2024 00:52,5.6,2.76,82.17,2.54,NaN,2,19,,330,10
1/29/2024 01:52,5.6,2.15,78.73,0,NaN,2,20,,320,10
1/29/2024 02:52,5.6,2.15,78.73,0,NaN,2,19,,330,10
1/29/2024 03:52,5.6,1.65,75.97,0,NaN,2,20,,330,10
1/29/2024 04:52,5,1.05,75.86,0,NaN,1,22,37,320,10
1/29/2024 05:52,5,0.54,73.18,0,NaN,1,20,37,320,10
1/29/2024 06:52,5.6,-0.07,67.2,0,NaN,1,24,,310,10
1/29/2024 07:52,5,-1.18,64.66,0,NaN,1,19,41,320,10
1/29/2024 08:52,5,-1.79,61.87,0,NaN,,33,59,330,10
1/29/2024 09:52,6.1,-1.8,57.32,0,NaN,1,33,50,340,10
1/29/2024 10:52,6.1,-1.8,57.32,0,NaN,1,33,61,330,10
1/29/2024 11:52,6.1,-2.3,55.24,0,NaN,1,35,57,340,10
1/29/2024 12:52,7.8,-1.81,51.01,0,NaN,4,24,48,340,10
1/29/2024 13:52,7.2,-1.8,53.15,0,NaN,3,26,41,340,10
1/29/2024 14:52,8.3,-1.81,49.31,0,NaN,5,28,44,340,10
1/29/2024 15:52,7.2,-1.8,53.15,0,NaN,3,28,46,320,10
1/29/2024 16:52,6.7,-2.3,53.01,0,NaN,3,20,41,330,10
1/29/2024 17:52,5.6,-2.3,57.19,0,NaN,2,19,,340,10
1/29/2024 18:52,5,-2.29,59.62,0,NaN,1,19,,330,10
1/29/2024 19:52,4.4,-2.29,62.18,0,NaN,1,17,,330,10
1/29/2024 20:52,3.9,-2.28,64.4,0,NaN,,17,,330,10
1/29/2024 21:52,2.8,-2.27,69.6,0,NaN,,11,,320,10
1/29/2024 22:52,3.9,-2.28,64.4,0,NaN,1,13,,330,10
1/29/2024 23:52,4.4,-2.29,62.18,0,NaN,2,11,,330,10
1/30/2024 00:52,4.4,-2.29,62.18,0,NaN,2,11,,330,10
1/30/2024 01:52,4.4,-2.29,62.18,0,NaN,1,13,,330,10
1/30/2024 02:52,3.9,-1.78,66.82,0,NaN,2,9,,310,10
1/30/2024 03:52,3.9,-1.78,66.82,0,NaN,2,7,,320,10
1/30/2024 04:52,3.9,-1.78,66.82,0,NaN,2,7,,330,10
1/30/2024 05:52,3.9,-1.78,66.82,0,NaN,2,7,,310,10
1/30/2024 06:52,3.3,-1.77,69.71,0,NaN,2,6,,260,10
1/30/2024 07:52,3.3,-1.16,72.85,0,NaN,,0,,0,10
1/30/2024 08:52,4.4,-1.17,67.43,0,NaN,,0,,0,10
1/30/2024 09:52,5.6,-1.18,62.02,0,NaN,3,11,,140,10
1/30/2024 10:52,5.6,-2.3,57.19,0,NaN,3,11,,150,10
1/30/2024 11:52,6.1,-1.8,57.32,0,NaN,3,13,,140,10
1/30/2024 12:52,6.1,-1.8,57.32,0,NaN,5,7,,170,10
1/30/2024 13:52,6.1,-1.8,57.32,0,NaN,4,11,,150,10
1/30/2024 14:52,6.7,-1.19,57.48,0,NaN,4,11,,150,10
1/30/2024 15:52,6.1,-1.19,59.91,0,NaN,4,11,,160,10
1/30/2024 16:52,6.1,-1.8,57.32,0,NaN,3,17,,150,10
1/30/2024 17:52,5.6,-1.18,62.02,0,NaN,3,15,,150,10
1/30/2024 18:52,5,-1.79,61.87,0,NaN,2,17,,130,10
1/30/2024 19:52,5,-2.29,59.62,0,NaN,2,17,,140,10
1/30/2024 20:52,3.9,-2.28,64.4,0,NaN,1,11,,130,10
1/30/2024 21:52,3.9,-2.28,64.4,0,NaN,1,11,,130,10
1/30/2024 22:52,3.3,-1.77,69.71,0,NaN,1,7,,140,10
1/30/2024 23:52,3.3,-1.77,69.71,0,NaN,2,6,,130,10
1/31/2024 00:52,3.3,-1.16,72.85,0,NaN,,0,,0,10
1/31/2024 01:52,3.3,-1.16,72.85,0,NaN,,0,,0,10
1/31/2024 02:52,3.3,-1.16,72.85,0,NaN,,0,,0,10
1/31/2024 03:52,3.3,-0.66,75.57,0,NaN,,0,,0,10
1/31/2024 04:52,3.3,-1.16,72.85,0,NaN,,0,,0,10
1/31/2024 05:52,3.9,-0.66,72.44,2.54,NaN,,0,,0,10
1/31/2024 06:52,3.3,-0.05,78.94,2.54,NaN,,0,,0,10
1/31/2024 07:52,3.3,-0.05,78.94,2.54,NaN,,11,,60,10
1/31/2024 08:52,2.8,0.57,85.42,2.54,NaN,,9,,60,7
1/31/2024 09:52,3.3,1.07,85.48,2.54,NaN,2,6,,90,9
1/31/2024 10:52,4.4,1.05,79.11,2.54,NaN,3,6,,30,10
1/31/2024 11:52,4.4,1.05,79.11,0,NaN,3,7,,300,10
1/31/2024 12:52,5,1.05,75.86,0,NaN,4,6,,330,10
1/31/2024 13:52,5.6,1.04,72.76,0,NaN,4,7,,310,10
1/31/2024 14:52,5.6,1.65,75.97,0,NaN,4,7,,350,10
1/31/2024 15:52,5.6,1.04,72.76,0,NaN,4,7,,320,10
1/31/2024 16:52,5.6,1.04,72.76,0,NaN,5,6,,310,10
1/31/2024 17:52,5,0.54,73.18,0,NaN,,0,,0,10
1/31/2024 18:52,1.7,-0.03,88.46,0,NaN,,0,,0,10
1/31/2024 19:52,0.6,-1.13,88.36,0,NaN,,0,,0,10
1/31/2024 20:52,0,-1.73,88.3,0,NaN,,0,,0,10
1/31/2024 21:52,-0.6,-2.23,88.9,0,NaN,,0,,0,10
1/31/2024 22:52,-1.1,-2.22,92.22,0,NaN,-3,6,,150,7
1/31/2024 23:52,-1.1,-2.83,88.2,0,NaN,-3,6,,150,7
2/1/2024 00:52,-0.6,-2.23,88.9,0,NaN,-3,6,,200,7
2/1/2024 01:52,-1.7,-3.33,88.8,0,NaN,,0,,0,7
2/1/2024 02:52,-2.2,-3.32,92.15,0,NaN,,0,,0,7
2/1/2024 03:52,-2.2,-3.93,88.1,0,NaN,,0,,0,7
2/1/2024 04:52,-1.7,-2.82,92.18,0,NaN,-4,6,,150,7
2/1/2024 05:52,-2.2,-4.44,84.84,0,NaN,-4,6,,190,7
2/1/2024 06:52,-2.2,-3.93,88.1,0,NaN,,0,,0,7
2/1/2024 07:52,-1.1,-2.22,92.22,0,NaN,-3,6,,190,7
2/1/2024 08:52,1.7,-0.03,88.46,0,NaN,-1,7,,190,7
2/1/2024 09:52,5.6,1.04,72.76,0,NaN,5,6,,190,10
2/1/2024 10:52,8.9,1.62,60.61,0,NaN,7,9,,210,10
2/1/2024 11:52,10,0.51,52.01,0,NaN,8,13,,210,10
2/1/2024 12:52,11.7,1.01,48.16,0,NaN,,17,,220,10
2/1/2024 13:52,12.2,1,46.6,0,NaN,,7,,0,10
2/1/2024 14:52,12.2,1,46.6,0,NaN,,0,,0,10
2/1/2024 15:52,12.8,0.5,43.22,0,NaN,,0,,0,10
2/1/2024 16:52,11.7,1.01,48.16,0,NaN,,11,,180,10
2/1/2024 17:52,10,0.51,52.01,0,NaN,8,11,,180,10
2/1/2024 18:52,9.4,0.51,54.15,0,NaN,8,9,,180,10
2/1/2024 19:52,8.9,1.01,58.06,0,NaN,7,9,,180,10
2/1/2024 20:52,8.3,0.51,58.32,0,NaN,7,9,,190,10
2/1/2024 21:52,8.9,1.01,58.06,0,NaN,8,7,,200,10
2/1/2024 22:52,8.3,1.62,63.13,0,NaN,8,6,,170,10
2/1/2024 23:52,7.2,1.63,68.04,0,NaN,,0,,0,10
2/2/2024 00:52,5.6,1.65,75.97,0,NaN,,0,,0,10
2/2/2024 01:52,7.2,1.03,65.17,0,NaN,6,6,,180,10
2/2/2024 02:52,6.7,3.25,78.9,2.54,NaN,6,6,,200,10
2/2/2024 03:52,6.7,2.75,76.16,0,NaN,,0,,0,10
2/2/2024 04:52,6.7,2.75,76.16,0,NaN,,0,,0,10
2/2/2024 05:52,6.1,3.26,82.23,0,NaN,,0,,0,10
2/2/2024 06:52,7.8,2.13,67.68,0,NaN,5,19,26,310,10
2/2/2024 07:52,9.4,3.23,65.67,0,NaN,8,7,,300,10
2/2/2024 08:52,9.4,3.84,68.51,2.54,NaN,7,13,,310,10
2/2/2024 09:52,10,2.72,60.89,0,NaN,8,19,,330,10
2/2/2024 10:52,10,1.62,56.3,0,NaN,7,28,44,340,10
2/2/2024 11:52,9.4,0.51,54.15,0,NaN,6,30,44,350,10
2/2/2024 12:52,9.4,0.51,54.15,0,NaN,6,24,,320,10
2/2/2024 13:52,9.4,-0.1,51.84,0,NaN,6,24,39,350,10
2/2/2024 14:52,9.4,-0.1,51.84,0,NaN,6,24,,340,10
2/2/2024 15:52,8.9,-0.09,53.62,0,NaN,6,24,,350,10
2/2/2024 16:52,8.9,-0.7,51.33,0,NaN,6,22,41,350,10
2/2/2024 17:52,8.3,-1.81,49.31,0,NaN,5,19,,360,10
2/2/2024 18:52,8.3,-1.81,49.31,0,NaN,6,13,,360,10
2/2/2024 19:52,7.8,-1.81,51.01,0,NaN,5,15,,360,10
2/2/2024 20:52,6.7,-1.8,55,0,NaN,4,13,,350,10
2/2/2024 21:52,6.7,-2.3,53.01,0,NaN,4,17,,10,10
2/2/2024 22:52,6.1,-2.3,55.24,0,NaN,2,24,37,20,10
2/2/2024 23:52,5,-3.4,54.94,0,NaN,1,22,,20,10
2/3/2024 00:52,4.4,-3.4,57.29,0,NaN,1,17,,20,10
2/3/2024 01:52,3.9,-3.39,59.34,0,NaN,1,13,,10,10
2/3/2024 02:52,3.9,-4,56.73,0,NaN,1,11,,20,10
2/3/2024 03:52,3.3,-4,59.18,0,NaN,,13,,20,10
2/3/2024 04:52,3.3,-4,59.18,0,NaN,,13,,20,10
2/3/2024 05:52,1.7,-4.49,63.87,0,NaN,-1,9,,20,10
2/3/2024 06:52,0.6,-4.48,69.13,0,NaN,-1,6,,330,10
2/3/2024 07:52,2.2,-3.99,63.99,0,NaN,,9,,330,10
2/3/2024 08:52,4.4,-3.4,57.29,0,NaN,1,15,,350,10
2/3/2024 09:52,5,-4.01,52.53,0,NaN,2,15,33,350,10
2/3/2024 10:52,6.7,-3.41,48.84,0,NaN,4,17,,340,10
2/3/2024 11:52,7.2,-3.41,47.2,0,NaN,5,13,,340,10
2/3/2024 12:52,8.9,-3.42,42.05,0,NaN,7,13,,360,10
2/3/2024 13:52,10,-3.42,39.05,0,NaN,9,9,,320,10
2/3/2024 17:52,7.8,-4.02,43.31,0,NaN,7,7,,330,10
2/3/2024 18:52,6.1,-4.01,48.67,0,NaN,5,6,,340,10
2/3/2024 19:52,1.7,-3.37,69.37,0,NaN,,0,,0,10
2/3/2024 20:52,1.7,-3.37,69.37,0,NaN,,0,,0,10
2/3/2024 21:52,0,-3.96,74.97,0,NaN,,0,,0,10
2/3/2024 22:52,-1.1,-4.45,78.24,0,NaN,,0,,0,10
2/3/2024 23:52,-1.1,-4.45,78.24,0,NaN,,0,,0,10
2/4/2024 00:52,-1.7,-4.44,81.77,0,NaN,,0,,0,10
2/4/2024 01:52,-2.2,-5.05,81.08,0,NaN,,0,,0,10
2/4/2024 02:52,-1.7,-5.05,78.14,0,NaN,,0,,0,10
2/4/2024 03:52,-1.7,-5.66,74.66,0,NaN,,0,,0,10
2/4/2024 04:52,-1.7,-5.66,74.66,0,NaN,-4,6,,300,10
2/4/2024 05:52,-2.2,-5.05,81.08,0,NaN,,0,,0,10
2/4/2024 06:52,-3.3,-6.15,80.92,0,NaN,-6,6,,340,10
2/4/2024 07:52,-0.6,-4.46,75.43,0,NaN,-3,7,,0,10
2/4/2024 08:52,3.3,-4,59.18,0,NaN,,13,,360,10
2/4/2024 09:52,6.1,-4.52,46.87,0,NaN,4,9,,350,10
2/4/2024 10:52,7.8,-5.73,38.09,0,NaN,6,9,,50,10
2/4/2024 11:52,9.4,-6.23,32.9,0,NaN,8,7,,340,10
2/4/2024 12:52,10.6,-5.12,33.01,0,NaN,,9,,280,10
2/4/2024 13:52,11.1,-5.72,30.51,0,NaN,,9,,340,10
2/4/2024 14:52,11.7,-6.82,26.95,0,NaN,,13,,300,10
2/4/2024 15:52,11.1,-5.72,30.51,0,NaN,,6,,190,10
2/4/2024 16:52,10.6,-5.73,31.54,0,NaN,,0,,0,10
2/4/2024 17:52,6.7,-3.41,48.84,0,NaN,,0,,0,10
2/4/2024 18:52,3.9,-4,56.73,0,NaN,,0,,0,10
2/4/2024 19:52,2.8,-3.99,61.32,0,NaN,,0,,0,10
2/4/2024 20:52,2.2,-3.99,63.99,0,NaN,,0,,0,10
2/4/2024 21:52,0.6,-4.48,69.13,0,NaN,,0,,0,10
2/4/2024 22:52,-0.6,-5.07,72.08,0,NaN,,0,,0,10
2/4/2024 23:52,-1.1,-5.06,74.77,0,NaN,,0,,0,10
2/5/2024 00:52,-1.7,-5.05,78.14,0,NaN,,0,,0,10
2/5/2024 01:52,-2.2,-5.66,77.47,0,NaN,,0,,0,10
2/5/2024 02:52,-2.2,-5.05,81.08,0,NaN,,0,,0,10
2/5/2024 03:52,-2.2,-5.05,81.08,0,NaN,,0,,0,10
2/5/2024 04:52,-1.1,-4.45,78.24,0,NaN,-4,7,,330,10
2/5/2024 05:52,-2.8,-5.65,80.99,0,NaN,-5,6,,330,10
2/5/2024 06:52,-2.2,-5.05,81.08,0,NaN,-4,6,,320,10
2/5/2024 07:52,1.7,-3.98,66.32,0,NaN,-1,7,,360,10
2/5/2024 08:52,3.9,-4.51,54.64,0,NaN,1,11,,20,10
2/5/2024 09:52,6.7,-5.12,42.98,0,NaN,4,11,,20,10
2/5/2024 10:52,8.3,-4.52,40.32,0,NaN,6,11,,20,10
2/5/2024 11:52,8.9,-5.13,37,0,NaN,7,9,,350,10
2/5/2024 12:52,10,-4.02,37.33,0,NaN,9,9,,330,10
2/5/2024 13:52,10.6,-4.02,35.87,0,NaN,,11,,330,10
2/5/2024 14:52,10.6,-4.02,35.87,0,NaN,,15,,10,10
2/5/2024 15:52,10,-4.02,37.33,0,NaN,8,15,,350,10
2/5/2024 16:52,8.9,-3.42,42.05,0,NaN,6,17,,20,10
2/5/2024 17:52,7.2,-3.41,47.2,0,NaN,5,13,,30,10
2/5/2024 18:52,6.7,-2.91,50.7,0,NaN,4,15,,20,10
2/5/2024 19:52,5.6,-3.41,52.7,0,NaN,2,20,,20,10
2/5/2024 20:52,3.9,-3.39,59.34,0,NaN,,19,,10,10
2/5/2024 21:52,3.3,-3.39,61.9,0,NaN,-1,17,,10,10
2/5/2024 22:52,2.8,-3.99,61.32,0,NaN,,11,,360,10
2/5/2024 23:52,2.2,-3.99,63.99,0,NaN,-1,11,,330,10
2/6/2024 00:52,0,-4.47,72.2,0,NaN,-3,9,,330,10
2/6/2024 01:52,1.7,-3.98,66.32,0,NaN,-2,13,,350,10
2/6/2024 02:52,1.1,-4.48,66.68,0,NaN,-2,11,,10,10
2/6/2024 03:52,1.1,-4.48,66.68,0,NaN,-3,13,,10,10
2/6/2024 04:52,0.6,-4.48,69.13,0,NaN,-4,17,,10,10
2/6/2024 05:52,0,-5.08,69,0,NaN,-4,13,,10,10
2/6/2024 06:52,0,-5.08,69,0,NaN,-5,19,,20,10
2/6/2024 07:52,0.6,-5.08,66.06,0,NaN,-4,17,,10,10
2/6/2024 08:52,1.7,-5.09,61.04,0,NaN,-2,15,,30,10
2/6/2024 09:52,2.8,-5.1,56.43,0,NaN,-1,17,,20,10
2/6/2024 10:52,3.9,-5.11,52.21,0,NaN,,15,,340,10
2/6/2024 11:52,5.6,-5.12,46.37,0,NaN,4,9,,360,10
2/6/2024 12:52,6.1,-6.83,39.34,0,NaN,4,11,,0,10
2/6/2024 13:52,7.2,-7.94,33.5,0,NaN,4,17,30,30,10
2/6/2024 14:52,7.2,-7.94,33.5,0,NaN,5,15,,10,10
2/6/2024 15:52,7.2,-7.94,33.5,0,NaN,5,11,,350,10
2/6/2024 16:52,6.7,-7.94,34.67,0,NaN,4,13,,30,10
2/6/2024 17:52,3.9,-8.44,40.51,0,NaN,1,13,,30,10
2/6/2024 18:52,3.3,-7.93,43.94,0,NaN,,11,,30,10
2/6/2024 19:52,2.2,-7.93,47.51,0,NaN,,9,,40,10
2/6/2024 20:52,0.6,-7.92,53.29,0,NaN,,0,,0,10
2/6/2024 21:52,-1.1,-7.29,63.18,0,NaN,-4,7,,320,10
2/6/2024 22:52,-1.1,-7.9,60.31,0,NaN,,0,,0,10
2/6/2024 23:52,-2.8,-7.88,68.38,0,NaN,,0,,0,10
2/7/2024 00:52,-3.3,-7.26,74.36,0,NaN,,0,,0,10
2/7/2024 01:52,-3.9,-7.87,74.24,0,NaN,,0,,0,10
2/7/2024 02:52,-3.9,-7.87,74.24,0,NaN,-8,9,,310,10
2/7/2024 03:52,-4.4,-7.86,77.09,0,NaN,,0,,0,10
2/7/2024 04:52,-4.4,-7.86,77.09,0,NaN,,0,,0,10
2/7/2024 05:52,-3.9,-7.87,74.24,0,NaN,-6,6,,310,10
2/7/2024 06:52,-3.3,-7.87,70.98,0,NaN,,0,,0,10
2/7/2024 07:52,-2.8,-6.76,74.45,0,NaN,,0,,0,10
2/7/2024 08:52,1.7,-4.49,63.87,0,NaN,-1,7,,320,9
2/7/2024 09:52,5,-6.23,44.46,0,NaN,3,9,,360,10
2/7/2024 10:52,7.2,-6.23,38.19,0,NaN,5,13,,360,10
2/7/2024 11:52,7.8,-6.23,36.66,0,NaN,7,6,,340,10
2/7/2024 12:52,8.9,-6.23,34.02,0,NaN,7,9,,360,10
2/7/2024 13:52,10,-5.73,32.83,0,NaN,,0,,0,10
2/7/2024 14:52,10.6,-5.73,31.54,0,NaN,,7,,20,10
2/7/2024 15:52,11.1,-5.72,30.51,0,NaN,,11,,300,10
2/7/2024 16:52,10.6,-5.73,31.54,0,NaN,,0,,0,10
2/7/2024 17:52,6.1,-4.52,46.87,0,NaN,,0,,0,10
2/7/2024 18:52,2.8,-4.5,59.05,0,NaN,,0,,0,10
2/7/2024 19:52,1.1,-4.48,66.68,0,NaN,,0,,0,10
2/7/2024 20:52,0,-5.08,69,0,NaN,,0,,0,10
2/7/2024 21:52,-0.6,-5.68,68.87,0,NaN,,0,,0,10
2/7/2024 22:52,-1.1,-5.67,71.44,0,NaN,,0,,0,10
2/7/2024 23:52,-0.6,-5.68,68.87,0,NaN,,0,,0,10
2/8/2024 00:52,-1.7,-5.05,78.14,0,NaN,,0,,0,10
2/8/2024 01:52,-0.6,-5.07,72.08,0,NaN,-3,7,,150,10
2/8/2024 02:52,-1.7,-5.66,74.66,0,NaN,,0,,0,10
2/8/2024 03:52,-2.2,-5.66,77.47,0,NaN,,0,,0,10
2/8/2024 04:52,-2.2,-5.66,77.47,0,NaN,,0,,0,10
2/8/2024 05:52,-1.7,-5.05,78.14,0,NaN,,0,,0,10
2/8/2024 06:52,-1.1,-4.45,78.24,0,NaN,-3,6,,180,10
2/8/2024 07:52,0,-2.84,81.4,0,NaN,,0,,0,10
2/8/2024 08:52,3.9,-2.89,61.59,0,NaN,3,6,,210,10
2/8/2024 09:52,6.1,-2.9,52.84,0,NaN,4,9,,210,10
2/8/2024 10:52,9.4,-3.42,40.65,0,NaN,8,11,,180,10
2/8/2024 11:52,11.7,-2.92,36.2,0,NaN,,17,,180,10
2/8/2024 12:52,12.8,-3.41,32.45,0,NaN,,15,,200,10
2/8/2024 13:52,13.9,-2.91,31.35,0,NaN,,15,,200,10
2/8/2024 14:52,14.4,-3.4,29.24,0,NaN,,13,,160,10
2/8/2024 15:52,13.9,-2.91,31.35,0,NaN,,9,,190,10
2/8/2024 16:52,13.3,-2.31,34.08,0,NaN,,13,,150,10
2/8/2024 17:52,10,-2.92,40.53,0,NaN,8,11,,140,10
2/8/2024 18:52,9.4,-2.31,44.12,0,NaN,7,13,,150,10
2/8/2024 19:52,8.9,-1.81,47.35,0,NaN,7,13,,150,10
2/8/2024 20:52,8.9,-1.2,49.48,0,NaN,7,9,,170,10
2/8/2024 21:52,8.3,-1.2,51.53,0,NaN,7,9,,170,10
2/8/2024 22:52,7.2,-0.69,57.61,0,NaN,5,13,,150,10
2/8/2024 23:52,8.3,-1.2,51.53,0,NaN,6,11,,160,10
2/9/2024 00:52,7.8,-1.2,53.31,0,NaN,7,6,,0,10
2/9/2024 01:52,7.2,-0.69,57.61,0,NaN,5,9,,150,10
2/9/2024 02:52,6.7,-1.19,57.48,0,NaN,5,9,,160,10
2/9/2024 03:52,6.7,-0.69,59.62,0,NaN,4,11,,140,10
2/9/2024 04:52,6.7,-0.69,59.62,0,NaN,4,11,,130,10
2/9/2024 05:52,5.6,-0.68,64.33,0,NaN,3,11,,130,10
2/9/2024 06:52,5,-0.67,67.07,0,NaN,,0,,0,10
2/9/2024 07:52,6.1,0.53,67.8,2.54,NaN,5,6,,40,10
2/9/2024 08:52,7.2,1.03,65.17,2.54,NaN,5,9,,140,10
2/9/2024 09:52,9.4,0.51,54.15,0,NaN,8,7,,170,10
2/9/2024 10:52,11.1,-0.1,46.28,0,NaN,,9,,180,10
2/9/2024 11:52,13.3,0.5,41.83,0,NaN,,7,,190,10
2/9/2024 12:52,15.6,0.51,36.06,0,NaN,,9,,180,10
2/9/2024 13:52,17.8,0.53,31.36,0,NaN,,13,,150,10
2/9/2024 14:52,18.9,1.04,30.35,0,NaN,,15,,180,10
2/9/2024 15:52,17.8,1.63,33.94,0,NaN,,15,,150,10
2/9/2024 16:52,16.1,1.62,37.8,0,NaN,,9,,150,10
2/9/2024 17:52,13.9,1.61,43.54,0,NaN,,9,,150,10
2/9/2024 18:52,13.3,2.11,46.92,0,NaN,,9,,150,10
2/9/2024 19:52,13.3,2.72,48.97,0,NaN,,15,,180,10
2/9/2024 20:52,12.8,2.71,50.59,0,NaN,,11,,190,10
2/9/2024 21:52,11.7,3.22,56.34,0,NaN,,11,,180,10
2/9/2024 22:52,11.7,3.83,58.78,0,NaN,,13,,190,10
2/10/2024 00:52,10.6,4.33,65.48,0,NaN,,9,,200,10
2/10/2024 01:52,10.6,4.33,65.48,0,NaN,,9,,200,10
2/10/2024 02:52,10,3.83,65.81,0,NaN,10,6,,190,10
2/10/2024 03:52,10,3.83,65.81,0,NaN,9,9,,190,10
2/10/2024 04:52,10,3.83,65.81,0,NaN,9,9,,200,10
2/10/2024 05:52,10,3.83,65.81,0,NaN,9,9,,180,10
2/10/2024 06:52,10,3.23,63.08,0,NaN,,0,,0,10
2/10/2024 07:52,10,3.23,63.08,0,NaN,,0,,0,10
2/10/2024 08:52,10.6,4.33,65.48,0,NaN,,0,,0,10
2/10/2024 09:52,11.7,4.33,60.88,0,NaN,,6,,210,10
2/10/2024 10:52,12.8,5.53,61.57,0,NaN,,0,,0,10
2/10/2024 11:52,13.9,6.03,59.33,0,NaN,,6,,210,10
2/10/2024 12:52,16.7,7.74,55.71,0,NaN,,17,,160,10
2/10/2024 13:52,17.2,7.74,53.98,0,NaN,,17,,200,10
2/10/2024 14:52,17.2,7.74,53.98,0,NaN,,13,,190,10
2/10/2024 15:52,17.8,8.25,53.77,0,NaN,,15,,210,10
2/10/2024 16:52,16.7,8.85,60.03,0,NaN,,19,,200,10
2/10/2024 17:52,15,9.36,69.2,0,NaN,,9,,200,10
2/10/2024 18:52,13.9,9.36,74.3,0,NaN,,9,,190,10
2/10/2024 19:52,13.9,9.36,74.3,0,NaN,,0,,0,10
2/10/2024 20:52,13.9,9.97,77.35,0,NaN,,7,,230,10
2/10/2024 21:52,13.9,9.97,77.35,0,NaN,,0,,0,10
2/10/2024 22:52,12.2,9.37,83.02,0,NaN,,0,,0,10
2/10/2024 23:52,11.1,8.88,86.31,0,NaN,,7,,210,10
2/11/2024 00:52,12.2,9.37,83.02,0,NaN,,0,,0,10
2/11/2024 01:52,11.1,8.88,86.31,0,NaN,,0,,0,10
2/11/2024 02:52,10.6,8.27,85.68,0,NaN,,6,,170,10
2/11/2024 03:52,11.1,8.88,86.31,0,NaN,,0,,0,10
2/11/2024 04:52,11.1,8.88,86.31,0,NaN,,7,,200,10
2/11/2024 05:52,11.1,9.38,89.27,0,NaN,,0,,0,10
2/11/2024 06:52,10.6,8.88,89.23,25.4,NaN,,0,,0,10
2/11/2024 07:52,10.6,9.39,92.29,2.54,NaN,,6,,70,4
2/11/2024 08:52,11.7,9.38,85.8,50.8,NaN,,7,,70,6
2/11/2024 09:52,12.2,9.98,86.42,50.8,NaN,,7,,50,6
2/11/2024 10:52,11.7,9.38,85.8,2.54,NaN,,13,,80,9
2/11/2024 11:52,11.1,8.27,82.88,0,NaN,,13,,70,9
2/11/2024 12:52,10,7.17,82.74,76.2,NaN,8,19,,30,2
2/11/2024 13:52,10,7.77,86.2,50.8,NaN,9,9,,20,10
2/11/2024 14:52,10.6,7.77,82.82,0,NaN,,0,,0,10
2/11/2024 15:52,11.1,7.76,80.11,0,NaN,,9,,20,10
2/11/2024 16:52,10.6,7.77,82.82,0,NaN,,9,,30,10
2/11/2024 17:52,10,6.06,76.71,2.54,NaN,8,11,,10,10
2/11/2024 18:52,10,6.66,79.95,0,NaN,,0,,0,10
2/11/2024 19:52,9.4,6.67,83.23,2.54,NaN,8,11,,300,9
2/11/2024 20:52,8.3,6.68,89.65,50.8,NaN,,0,,0,7
2/11/2024 21:52,8.3,7.19,92.78,2.54,NaN,,0,,0,10
2/11/2024 22:52,8.3,7.19,92.78,25.4,NaN,,0,,0,8
2/11/2024 23:52,8.3,7.19,92.78,25.4,NaN,,0,,0,4
2/12/2024 00:52,8.3,6.68,89.65,0,NaN,7,7,,290,4
2/12/2024 01:52,8.3,7.19,92.78,0,NaN,8,6,,340,6
2/12/2024 02:52,8.3,7.19,92.78,0,NaN,,0,,0,4
2/12/2024 03:52,8.3,7.19,92.78,0,NaN,,0,,0,4
2/12/2024 04:52,8.3,7.19,92.78,0,NaN,,0,,0,4
2/12/2024 05:52,8.9,7.18,89.09,0,NaN,,0,,0,4
2/12/2024 06:52,8.9,7.18,89.09,0,NaN,,0,,0,2
2/12/2024 07:52,8.9,7.18,89.09,0,NaN,,0,,0,2
2/12/2024 08:52,9.4,7.17,86.14,0,NaN,8,7,,130,2
2/12/2024 09:52,9.4,7.17,86.14,0,NaN,8,7,,150,2
2/12/2024 10:52,9.4,7.78,89.74,0,NaN,8,7,,130,2
2/12/2024 11:52,9.4,7.78,89.74,0,NaN,9,6,,120,1.5
2/12/2024 12:52,9.4,7.78,89.74,0,NaN,9,6,,130,2
2/12/2024 13:52,9.4,7.17,86.14,0,NaN,8,11,,120,1.5
2/12/2024 14:52,9.4,7.17,86.14,0,NaN,8,11,,150,3
2/12/2024 15:52,8.9,7.18,89.09,0,NaN,8,7,,130,5
2/12/2024 16:52,8.9,7.18,89.09,2.54,NaN,7,9,,110,1
2/12/2024 17:52,8.3,7.19,92.78,25.4,NaN,7,7,,120,1
2/12/2024 18:52,8.3,6.68,89.65,50.8,NaN,6,11,,90,1
2/12/2024 19:52,7.8,6.08,88.99,2.54,NaN,6,13,,120,2
2/12/2024 20:52,7.2,5.58,89.56,76.2,NaN,5,11,,100,1.5
2/12/2024 21:52,7.2,6.09,92.72,50.8,NaN,5,9,,110,1.5
2/12/2024 22:52,7.2,6.09,92.72,76.2,NaN,5,11,,100,2
2/12/2024 23:52,7.2,4.97,85.9,76.2,NaN,5,15,,100,2
2/13/2024 00:52,6.7,4.98,88.9,152.4,NaN,4,15,,80,2.5
2/13/2024 01:52,6.1,4.38,88.85,76.2,NaN,3,17,,60,3
2/13/2024 02:52,5.6,4.38,91.98,381,NaN,3,11,,40,3
2/13/2024 03:52,5.6,3.88,88.81,635,NaN,1,24,,30,4
2/13/2024 04:52,5.6,3.88,88.81,304.8,NaN,3,11,,10,5
2/13/2024 05:52,5,3.27,88.75,76.2,NaN,,26,,30,8
2/13/2024 06:52,3.9,2.18,88.66,2.54,NaN,-2,37,50,320,7
2/13/2024 07:52,1.1,-0.63,88.4,203.2,NaN,-5,26,,340,0.75
2/13/2024 08:52,1.1,-0.02,92.35,203.2,NaN,-4,22,,340,1
2/13/2024 09:52,2.2,0.58,89.15,50.8,NaN,-3,24,,320,7
2/13/2024 10:52,3.9,1.06,81.94,0,NaN,-1,22,,330,7
2/13/2024 11:52,5.6,1.65,75.97,0,NaN,2,22,39,320,10
2/13/2024 12:52,7.2,0.52,62.86,0,NaN,3,26,52,330,10
2/13/2024 13:52,8.3,-0.7,53.45,0,NaN,4,33,52,290,10
2/13/2024 14:52,7.2,-3.41,47.2,0,NaN,3,33,54,310,10
2/13/2024 15:52,7.8,-4.02,43.31,0,NaN,3,35,50,310,10
2/13/2024 16:52,6.7,-3.41,48.84,0,NaN,3,20,,310,10
2/13/2024 17:52,6.7,-2.91,50.7,0,NaN,4,17,,300,10
2/13/2024 18:52,6.1,-3.41,50.9,0,NaN,3,15,,290,10
2/13/2024 19:52,5,-4.01,52.53,0,NaN,3,9,,260,10
2/13/2024 20:52,2.2,-2.26,72.64,0,NaN,1,6,,220,10
2/13/2024 21:52,2.2,-1.76,75.37,0,NaN,,0,,0,10
2/13/2024 22:52,4.4,-2.29,62.18,0,NaN,,0,,0,10
2/13/2024 23:52,5,-3.4,54.94,0,NaN,2,11,,350,10
2/14/2024 00:52,2.8,-2.88,66.57,0,NaN,1,6,,120,10
2/14/2024 01:52,2.8,-2.27,69.6,0,NaN,,0,,0,10
2/14/2024 02:52,3.9,-4,56.73,0,NaN,1,11,,360,10
2/14/2024 03:52,2.8,-4.5,59.05,0,NaN,,0,,0,10
2/14/2024 04:52,3.9,-5.11,52.21,0,NaN,2,7,,330,10
2/14/2024 05:52,3.3,-5.71,52.04,0,NaN,,13,,330,10
2/14/2024 06:52,3.3,-6.22,50.09,0,NaN,,11,,310,10
2/14/2024 07:52,3.3,-6.82,47.84,0,NaN,,15,,320,10
2/14/2024 08:52,4.4,-6.22,46.36,0,NaN,,24,37,320,10
2/14/2024 09:52,3.9,-6.22,48.02,0,NaN,-1,31,37,310,10
2/14/2024 10:52,4.4,-6.22,46.36,0,NaN,,20,44,330,10
2/14/2024 11:52,5,-6.23,44.46,0,NaN,,26,37,330,10
2/14/2024 12:52,6.1,-5.73,42.79,0,NaN,2,22,44,330,10
2/14/2024 13:52,7.2,-6.23,38.19,0,NaN,4,20,35,340,10
2/14/2024 14:52,7.8,-6.23,36.66,0,NaN,4,24,,320,10
2/14/2024 15:52,7.8,-6.83,35.01,0,NaN,4,24,35,320,10
2/14/2024 16:52,7.2,-6.84,36.47,0,NaN,4,22,31,330,10
2/14/2024 17:52,5.6,-7.34,39.18,0,NaN,2,19,,340,10
2/14/2024 18:52,5,-7.33,40.85,0,NaN,2,13,,360,10
2/14/2024 19:52,3.9,-7.33,44.12,0,NaN,2,9,,350,10
2/14/2024 20:52,3.9,-7.33,44.12,0,NaN,1,11,,360,10
2/14/2024 21:52,-0.6,-6.79,63.31,0,NaN,,0,,0,10
2/14/2024 22:52,-1.7,-6.78,68.63,0,NaN,,0,,0,10
2/14/2024 23:52,-1.7,-6.17,71.86,0,NaN,,0,,0,10
2/15/2024 00:52,-1.7,-6.17,71.86,0,NaN,,0,,0,10
2/15/2024 01:52,-2.8,-6.76,74.45,0,NaN,,0,,0,10
2/15/2024 02:52,-2.2,-7.28,68.52,0,NaN,,0,,0,10
2/15/2024 03:52,-2.8,-6.76,74.45,0,NaN,,0,,0,10
2/15/2024 04:52,-3.3,-7.26,74.36,0,NaN,,0,,0,10
2/15/2024 05:52,-3.9,-7.87,74.24,0,NaN,-6,6,,130,10
2/15/2024 06:52,-4.4,-6.74,83.93,0,NaN,-7,6,,190,10
2/15/2024 07:52,-1.7,-5.66,74.66,0,NaN,-4,6,,180,10
2/15/2024 08:52,1.1,-4.48,66.68,0,NaN,,0,,0,10
2/15/2024 09:52,3.9,-6.22,48.02,0,NaN,1,11,,150,10
2/15/2024 10:52,5.6,-5.73,44.3,0,NaN,3,15,,150,10
2/15/2024 11:52,6.7,-5.12,42.98,0,NaN,4,17,33,180,10
2/15/2024 12:52,7.8,-4.52,41.71,0,NaN,4,26,39,200,10
2/15/2024 13:52,9.4,-4.02,38.87,0,NaN,6,22,41,200,10
2/15/2024 14:52,10.6,-2.92,38.94,0,NaN,,28,46,170,10
2/15/2024 15:52,11.1,-2.31,39.38,0,NaN,,30,43,200,10
2/15/2024 16:52,10.6,-1.81,42.25,0,NaN,,24,39,190,10
2/15/2024 17:52,10,-0.7,47.67,0,NaN,8,13,,200,10
2/15/2024 18:52,9.4,-0.7,49.63,0,NaN,7,13,,180,10
2/15/2024 19:52,8.3,-0.7,53.45,0,NaN,7,9,,180,10
2/15/2024 20:52,6.7,-0.08,62.29,0,NaN,,0,,0,10
2/15/2024 21:52,5,-0.67,67.07,0,NaN,,0,,0,10
2/15/2024 22:52,6.7,-0.08,62.29,0,NaN,,0,,0,10
2/15/2024 23:52,7.8,-0.69,55.3,0,NaN,6,9,,300,10
2/16/2024 00:52,8.9,-1.2,49.48,0,NaN,5,33,44,310,10
2/16/2024 01:52,7.2,-2.31,51.22,0,NaN,4,19,35,310,10
2/16/2024 02:52,6.7,-5.12,42.98,0,NaN,2,28,39,310,10
2/16/2024 03:52,5.6,-7.94,37.4,0,NaN,1,28,43,310,10
2/16/2024 04:52,5,-8.44,37.51,0,NaN,-1,41,63,310,10
2/16/2024 05:52,4.4,-8.44,39.11,0,NaN,-1,35,48,300,10
2/16/2024 06:52,3.3,-7.93,43.94,0,NaN,-2,30,43,310,10
2/16/2024 07:52,3.9,-7.93,42.12,0,NaN,,15,,310,10
2/16/2024 08:52,5,-8.44,37.51,0,NaN,2,11,,320,10
2/16/2024 09:52,5.6,-8.44,35.98,0,NaN,2,22,39,300,10
2/16/2024 10:52,5.6,-9.04,34.33,0,NaN,2,20,,320,10
2/16/2024 11:52,7.2,-8.44,32.22,0,NaN,5,13,,300,10
2/16/2024 12:52,7.8,-9.54,28.37,0,NaN,5,15,,330,10
2/16/2024 13:52,8.9,-9.54,26.33,0,NaN,7,15,,320,10
2/16/2024 14:52,9.4,-10.73,23.15,0,NaN,7,15,,340,10
2/16/2024 15:52,9.4,-10.73,23.15,0,NaN,8,9,,310,10
2/16/2024 16:52,7.8,-6.83,35.01,0,NaN,7,6,,140,10
2/16/2024 17:52,7.2,-9.04,30.74,0,NaN,6,6,,120,10
2/16/2024 18:52,6.1,-9.04,33.16,0,NaN,5,6,,110,10
2/16/2024 19:52,5,-8.44,37.51,0,NaN,3,7,,110,10
2/16/2024 20:52,5,-8.44,37.51,0,NaN,4,6,,110,10
2/16/2024 21:52,5.6,-8.44,35.98,0,NaN,4,9,,150,10
2/16/2024 22:52,5.6,-8.44,35.98,0,NaN,3,11,,130,10
2/16/2024 23:52,5,-7.33,40.85,0,NaN,4,6,,110,10
2/17/2024 00:52,2.2,-2.26,72.64,25.4,NaN,-1,11,,40,2.5
2/17/2024 01:52,0.6,-0.62,91.65,177.8,NaN,-2,7,,60,0.75
2/17/2024 02:52,1.1,-0.63,88.4,101.6,NaN,-1,7,,360,3
2/17/2024 03:52,1.1,-0.63,88.4,2.54,NaN,-3,13,,360,10
2/17/2024 04:52,1.1,-0.63,88.4,0,NaN,-2,9,,330,10
2/17/2024 05:52,1.1,-0.63,88.4,0,NaN,-3,15,,320,10
2/17/2024 06:52,1.1,-0.63,88.4,0,NaN,-3,17,,300,10
2/17/2024 07:52,1.7,-1.14,81.63,0,NaN,-3,17,,310,10
2/17/2024 08:52,1.7,-3.98,66.32,2.54,NaN,-3,22,,340,10
2/17/2024 09:52,1.7,-5.09,61.04,0,NaN,-5,35,50,310,10
2/17/2024 10:52,1.1,-7.31,53.85,0,NaN,-4,22,41,320,10
2/17/2024 11:52,1.7,-6.21,56.13,0,NaN,-4,24,,310,10
2/17/2024 12:52,1.7,-7.32,51.58,0,NaN,-5,35,,300,10
2/17/2024 13:52,3.3,-8.44,42.26,0,NaN,-2,31,44,310,10
2/17/2024 14:52,3.3,-9.54,38.77,0,NaN,-3,39,59,290,10
2/17/2024 15:52,2.8,-10.75,36.53,0,NaN,-4,41,57,310,10
2/17/2024 16:52,2.2,-12.35,33.53,0,NaN,-4,35,50,300,10
2/17/2024 17:52,0.6,-11.85,39.16,0,NaN,-5,22,,300,10
2/17/2024 18:52,0,-11.24,42.92,0,NaN,-5,17,,300,10
2/17/2024 19:52,-0.6,-11.24,44.83,0,NaN,-5,17,,290,10
2/17/2024 20:52,-0.6,-10.73,46.66,0,NaN,-6,22,,300,10
2/17/2024 21:52,-1.1,-11.23,46.5,0,NaN,-5,13,,300,10
2/17/2024 22:52,-2.2,-11.22,50.43,0,NaN,-5,7,,310,10
2/17/2024 23:52,-3.3,-11.82,52.16,0,NaN,-6,6,,250,10
2/18/2024 00:52,-5,-11.19,62.2,0,NaN,,0,,0,10
2/18/2024 01:52,-4.4,-11.2,59.44,0,NaN,,0,,0,10
2/18/2024 02:52,-5,-11.19,62.2,0,NaN,-8,7,,180,10
2/18/2024 03:52,-5.6,-10.68,67.75,0,NaN,-8,6,,200,10
2/18/2024 04:52,-5,-10.69,64.73,0,NaN,-9,9,,210,10
2/18/2024 05:52,-5.6,-10.07,71.05,0,NaN,-9,7,,190,10
2/18/2024 06:52,-5.6,-10.07,71.05,0,NaN,-10,9,,190,10
2/18/2024 07:52,-5,-9.47,71.18,0,NaN,-9,9,,190,10
2/18/2024 08:52,-1.1,-9.52,53.22,0,NaN,-5,13,,210,10
2/18/2024 09:52,1.1,-10.14,43.26,0,NaN,-3,17,,210,10
2/18/2024 10:52,3.3,-10.14,36.98,0,NaN,-1,19,,220,10
2/18/2024 11:52,5.6,-10.14,31.48,0,NaN,2,20,35,220,10
2/18/2024 12:52,6.7,-10.14,29.18,0,NaN,3,20,35,200,10
2/18/2024 13:52,7.8,-10.14,27.06,0,NaN,4,24,37,220,10
2/18/2024 14:52,8.9,-10.13,25.12,0,NaN,6,17,35,220,10
2/18/2024 15:52,10.6,-9.52,23.5,0,NaN,,17,33,200,10
2/18/2024 16:52,10,-10.73,22.24,0,NaN,8,11,,250,10
2/18/2024 17:52,7.2,-9.54,29.56,0,NaN,5,11,,210,10
2/18/2024 18:52,7.2,-10.14,28.19,0,NaN,5,11,,260,10
2/18/2024 19:52,5.6,-9.55,33,0,NaN,3,13,,330,10
2/18/2024 20:52,3.9,-9.04,38.65,0,NaN,1,13,,320,10
2/18/2024 21:52,3.9,-9.54,37.16,0,NaN,2,7,,320,10
2/18/2024 22:52,3.3,-9.04,40.32,0,NaN,-1,19,,300,10
2/18/2024 23:52,3.9,-9.54,37.16,0,NaN,1,11,,310,10
2/19/2024 00:52,-0.6,-9.02,53.36,0,NaN,,0,,0,10
2/19/2024 01:52,-1.7,-8.4,60.63,0,NaN,,0,,0,10
2/19/2024 02:52,-1.7,-8.4,60.63,0,NaN,-4,6,,200,10
2/19/2024 03:52,2.8,-8.43,43.78,0,NaN,,9,,210,10
2/19/2024 04:52,1.1,-8.42,49.44,0,NaN,-1,7,,330,10
2/19/2024 05:52,-1.7,-8.4,60.63,0,NaN,,0,,0,10
2/19/2024 06:52,-3.3,-8.38,68.27,0,NaN,,0,,0,10
2/19/2024 07:52,0.6,-6.2,60.75,0,NaN,-2,7,,0,10
2/19/2024 08:52,3.9,-6.83,45.86,0,NaN,,15,,330,10
2/19/2024 09:52,4.4,-6.83,44.28,0,NaN,1,17,,300,10
2/19/2024 10:52,6.1,-6.23,41.19,0,NaN,4,11,,0,10
2/19/2024 11:52,6.7,-6.23,39.52,0,NaN,4,11,,320,10
2/19/2024 12:52,7.8,-6.23,36.66,0,NaN,7,7,,0,10
2/19/2024 13:52,8.9,-5.73,35.35,0,NaN,,0,,0,10
2/19/2024 14:52,9.4,-6.23,32.9,0,NaN,8,11,,320,10
2/19/2024 15:52,10,-6.83,30.18,0,NaN,8,11,,280,10
2/19/2024 16:52,8.9,-6.83,32.49,0,NaN,8,7,,0,10
2/19/2024 17:52,6.1,-6.23,41.19,0,NaN,4,11,,40,10
2/19/2024 18:52,4.4,-6.83,44.28,0,NaN,2,9,,80,10
2/19/2024 19:52,2.2,-6.21,54.16,0,NaN,,7,,110,10
2/19/2024 20:52,0.6,-6.2,60.75,0,NaN,-1,6,,90,10
2/19/2024 21:52,-0.6,-6.18,66.29,0,NaN,,0,,0,10
2/19/2024 22:52,-1.1,-6.18,68.76,0,NaN,,0,,0,10
2/19/2024 23:52,-1.7,-6.17,71.86,0,NaN,-5,7,,310,10
2/20/2024 00:52,-2.8,-7.27,71.64,0,NaN,-5,6,,300,10
2/20/2024 01:52,-2.8,-7.27,71.64,0,NaN,,0,,0,10
2/20/2024 02:52,-3.9,-7.26,77.77,0,NaN,,0,,0,10
2/20/2024 03:52,-4.4,-6.74,83.93,0,NaN,,0,,0,10
2/20/2024 04:52,-4.4,-7.25,80.76,0,NaN,,0,,0,10
2/20/2024 05:52,-5,-7.24,84.5,0,NaN,,0,,0,10
2/20/2024 06:52,-4.4,-7.25,80.76,0,NaN,,0,,0,10
2/20/2024 07:52,-1.7,-5.66,74.66,0,NaN,,0,,0,10
2/20/2024 08:52,2.2,-3.99,63.99,0,NaN,-2,15,,100,10
2/20/2024 09:52,3.9,-4,56.73,0,NaN,2,7,,120,10
2/20/2024 10:52,6.1,-3.41,50.9,0,NaN,5,7,,0,10
2/20/2024 11:52,7.8,-4.52,41.71,0,NaN,6,11,,170,10
2/20/2024 12:52,8.3,-4.52,40.32,0,NaN,8,6,,90,10
2/20/2024 13:52,9.4,-4.02,38.87,0,NaN,8,9,,0,10
2/20/2024 14:52,9.4,-4.52,37.43,0,NaN,8,9,,0,10
2/20/2024 15:52,10,-4.02,37.33,0,NaN,8,11,,80,10
2/20/2024 16:52,8.9,-4.02,40.2,0,NaN,7,9,,0,10
2/20/2024 17:52,7.2,-4.02,45.12,0,NaN,6,7,,100,10
2/20/2024 18:52,6.1,-5.73,42.79,0,NaN,4,11,,110,10
2/20/2024 19:52,4.4,-5.72,48.17,0,NaN,2,9,,110,10
2/20/2024 20:52,3.3,-5.11,54.47,0,NaN,1,7,,100,10
2/20/2024 21:52,2.8,-4.5,59.05,0,NaN,,11,,110,10
2/20/2024 22:52,2.8,-3.39,64.13,0,NaN,,11,,130,10
2/20/2024 23:52,1.7,-3.37,69.37,0,NaN,,6,,150,10
2/21/2024 00:52,0.6,-3.36,75.08,0,NaN,,0,,0,10
2/21/2024 01:52,-1.1,-3.95,81.24,0,NaN,-4,7,,120,10
2/21/2024 02:52,-1.1,-3.95,81.24,0,NaN,-3,6,,120,10
2/21/2024 03:52,-2.2,-4.44,84.84,0,NaN,-5,7,,110,10
2/21/2024 04:52,-3.3,-5.64,84.07,0,NaN,-6,6,,80,10
2/21/2024 05:52,-2.8,-5.04,84.77,0,NaN,,0,,0,10
2/21/2024 06:52,-3.9,-6.14,84.64,0,NaN,,0,,0,10
2/21/2024 07:52,-0.6,-2.84,85.03,0,NaN,,0,,0,10
2/21/2024 08:52,2.8,-1.77,72.22,0,NaN,,0,,0,10
2/21/2024 09:52,4.4,-3.4,57.29,0,NaN,3,6,,180,10
2/21/2024 10:52,5.6,-5.12,46.37,0,NaN,4,7,,90,10
2/21/2024 11:52,7.2,-3.41,47.2,0,NaN,5,9,,110,10
2/21/2024 12:52,8.3,-3.42,43.79,0,NaN,7,9,,0,10
2/21/2024 13:52,9.4,-2.91,42.2,0,NaN,9,6,,160,10
2/21/2024 14:52,10,-3.42,39.05,0,NaN,9,9,,0,10
2/21/2024 15:52,10,-3.42,39.05,0,NaN,8,11,,80,10
2/21/2024 16:52,9.4,-3.42,40.65,0,NaN,7,17,,160,10
2/21/2024 17:52,7.2,-3.41,47.2,0,NaN,5,11,,150,10
2/21/2024 18:52,6.1,-4.01,48.67,0,NaN,3,13,,120,10
2/21/2024 19:52,4.4,-4,54.78,0,NaN,2,9,,120,10
2/21/2024 20:52,3.9,-4,56.73,0,NaN,2,7,,140,10
2/21/2024 21:52,2.2,-3.99,63.99,0,NaN,1,6,,120,10
2/21/2024 22:52,2.8,-2.88,66.57,0,NaN,1,6,,160,10
2/21/2024 23:52,1.7,-2.87,72,0,NaN,,6,,140,10
2/22/2024 00:52,2.8,-1.16,75.48,0,NaN,1,7,,160,10
2/22/2024 01:52,2.8,-0.65,78.29,0,NaN,,9,,0,10
2/22/2024 02:52,2.8,-0.65,78.29,0,NaN,,9,,180,10
2/22/2024 03:52,2.2,-0.64,81.7,0,NaN,,9,,160,10
2/22/2024 04:52,0.6,-1.74,84.55,0,NaN,-2,7,,140,10
2/22/2024 05:52,0.6,-1.74,84.55,0,NaN,-2,9,,160,10
2/22/2024 06:52,0.6,-1.13,88.36,0,NaN,-3,11,,140,10
2/22/2024 07:52,2.2,-0.03,85.35,0,NaN,-1,11,,160,10
2/22/2024 08:52,3.3,-0.05,78.94,0,NaN,-1,17,,180,10
2/22/2024 09:52,5.6,0.53,70.19,0,NaN,2,19,31,170,10
2/22/2024 10:52,6.1,-0.08,64.92,0,NaN,3,13,,190,10
2/22/2024 11:52,6.1,1.03,70.29,2.54,NaN,4,11,,180,7
2/22/2024 12:52,6.7,0.52,65.05,0,NaN,4,15,,140,10
2/22/2024 13:52,7.2,1.03,65.17,2.54,NaN,6,7,,20,10
2/22/2024 22:52,4.4,3.28,92.55,0,NaN,3,7,,320,6
2/22/2024 23:52,3.9,2.78,92.52,0,NaN,2,7,,320,4
2/23/2024 00:52,3.9,2.78,92.52,0,NaN,2,7,,320,3
2/23/2024 01:52,3.3,2.18,92.49,0,NaN,,0,,0,3
2/23/2024 02:52,3.3,2.18,92.49,0,NaN,,0,,0,3
2/23/2024 03:52,3.3,2.18,92.49,0,NaN,,0,,0,3
2/23/2024 04:52,4.4,2.78,89.33,0,NaN,3,7,,330,5
2/23/2024 05:52,4.4,3.28,92.55,0,NaN,3,6,,320,5
2/23/2024 06:52,5.6,3.88,88.81,0,NaN,,0,,0,6
2/23/2024 07:52,6.7,3.25,78.9,2.54,NaN,5,9,,360,7
2/23/2024 08:52,6.7,4.37,85.25,25.4,NaN,5,9,,360,4
2/23/2024 09:52,7.2,4.36,82.38,25.4,NaN,5,11,,340,5
2/23/2024 10:52,7.8,4.97,82.46,25.4,NaN,6,13,,350,4
2/23/2024 11:52,8.3,5.57,83.1,25.4,NaN,6,13,,350,5
2/23/2024 12:52,8.9,4.95,76.53,25.4,NaN,7,13,,340,6
2/23/2024 13:52,10,4.95,71.08,0,NaN,9,9,,360,10
2/23/2024 14:52,10.6,4.94,68.29,0,NaN,,11,,340,10
2/23/2024 15:52,10.6,4.94,68.29,0,NaN,,13,,350,10
2/23/2024 16:52,10,4.34,68.16,0,NaN,8,11,,340,10
2/23/2024 17:52,9.4,3.84,68.51,0,NaN,8,9,,320,10
2/23/2024 18:52,6.7,3.25,78.9,0,NaN,,0,,0,10
2/23/2024 19:52,5,2.77,85.67,0,NaN,4,6,,200,10
2/23/2024 20:52,4.4,2.78,89.33,0,NaN,,0,,0,10
2/23/2024 21:52,3.9,1.67,85.54,0,NaN,,0,,0,10
2/23/2024 22:52,4.4,2.78,89.33,0,NaN,,0,,0,10
2/23/2024 23:52,2.8,1.07,88.56,0,NaN,,9,,300,10
2/24/2024 00:52,3.3,2.18,92.49,0,NaN,,0,,0,9
2/24/2024 01:52,7.8,3.85,76.34,0,NaN,5,20,,310,10
2/24/2024 02:52,7.8,3.24,73.18,0,NaN,5,20,37,320,10
2/24/2024 03:52,6.7,3.25,78.9,2.54,NaN,4,13,,320,10
2/24/2024 04:52,6.7,3.25,78.9,0,NaN,4,15,,310,10
2/24/2024 05:52,6.1,2.15,76.05,0,NaN,3,17,,310,10
2/24/2024 06:52,5,1.05,75.86,0,NaN,2,13,,320,10
2/24/2024 07:52,6.7,0.52,65.05,0,NaN,4,11,,330,10
2/24/2024 08:52,7.2,-0.08,60.19,0,NaN,5,15,,330,10
2/24/2024 09:52,7.8,0.52,60.34,0,NaN,5,15,,320,10
2/24/2024 10:52,8.9,-1.2,49.48,0,NaN,7,15,,340,10
2/24/2024 11:52,8.9,-1.81,47.35,0,NaN,6,19,33,10,10
2/24/2024 12:52,9.4,-2.91,42.2,0,NaN,7,19,,360,10
2/24/2024 13:52,8.9,-2.31,45.63,0,NaN,6,19,,350,10
2/24/2024 14:52,7.8,-1.81,51.01,0,NaN,5,19,,340,10
2/24/2024 15:52,7.2,-3.41,47.2,0,NaN,4,17,,330,10
2/24/2024 16:52,6.1,-3.41,50.9,0,NaN,2,28,,330,10
2/24/2024 17:52,3.9,-2.89,61.59,2.54,NaN,,20,,320,7
2/24/2024 18:52,3.3,-1.77,69.71,2.54,NaN,1,9,,320,10
2/24/2024 19:52,3.3,-1.16,72.85,0,NaN,,11,,330,10
2/24/2024 20:52,2.8,-1.77,72.22,0,NaN,-1,13,,340,10
2/24/2024 21:52,1.1,-2.25,78.59,0,NaN,-1,7,,320,10
2/24/2024 22:52,0.6,-2.85,77.93,0,NaN,-3,11,,310,10
2/24/2024 23:52,0,-4.47,72.2,0,NaN,-4,11,,320,10
2/25/2024 00:52,-0.6,-5.68,68.87,0,NaN,-4,11,,330,10
2/25/2024 01:52,-1.7,-7.29,66.03,0,NaN,-6,11,,310,10
2/25/2024 02:52,-1.1,-7.29,63.18,0,NaN,-3,6,,330,10
2/25/2024 03:52,-2.2,-7.89,65.4,0,NaN,-5,7,,320,10
2/25/2024 04:52,-5,-8.36,77.59,0,NaN,,0,,0,10
2/25/2024 05:52,-5,-8.36,77.59,0,NaN,,0,,0,10
2/25/2024 06:52,-5.6,-8.96,77.48,0,NaN,,0,,0,10
2/25/2024 07:52,-2.2,-5.66,77.47,0,NaN,,0,,0,10
2/25/2024 08:52,1.1,-8.42,49.44,0,NaN,-2,9,,110,10
2/25/2024 09:52,3.9,-8.44,40.51,0,NaN,2,9,,20,10
2/25/2024 10:52,4.4,-7.93,40.67,0,NaN,2,9,,0,10
2/25/2024 11:52,5.6,-7.34,39.18,0,NaN,4,9,,0,10
2/25/2024 12:52,6.1,-7.34,37.85,0,NaN,4,9,28,180,10
2/25/2024 13:52,7.8,-5.73,38.09,0,NaN,5,15,,170,10
2/25/2024 14:52,8.9,-5.13,37,0,NaN,7,15,,190,10
2/25/2024 15:52,8.9,-5.73,35.35,0,NaN,6,20,,200,10
2/25/2024 16:52,8.9,-5.13,37,0,NaN,6,22,,200,10
2/25/2024 17:52,7.2,-5.13,41.53,0,NaN,4,17,,200,10
2/25/2024 18:52,5,-5.12,48.34,0,NaN,2,11,,180,10
2/25/2024 19:52,5.6,-5.12,46.37,0,NaN,3,11,,170,10
2/25/2024 20:52,3.9,-5.11,52.21,0,NaN,1,11,,160,10
2/25/2024 21:52,4.4,-4.51,52.75,0,NaN,2,11,,170,10
2/25/2024 22:52,4.4,-4,54.78,0,NaN,2,11,,180,10
2/25/2024 23:52,3.9,-4,56.73,0,NaN,1,11,,170,10
2/26/2024 00:52,3.9,-4,56.73,0,NaN,1,13,,180,10
2/26/2024 01:52,4.4,-3.4,57.29,0,NaN,2,11,,170,10
2/26/2024 02:52,5,-2.9,57.03,0,NaN,2,15,,190,10
2/26/2024 03:52,5.6,-2.3,57.19,0,NaN,3,11,,190,10
2/26/2024 04:52,4.4,-2.29,62.18,0,NaN,3,6,,150,10
2/26/2024 05:52,3.9,-2.89,61.59,0,NaN,3,6,,150,10
2/26/2024 06:52,0.6,-3.36,75.08,0,NaN,-2,7,,160,10
2/26/2024 07:52,5,-1.18,64.66,0,NaN,,0,,0,10
2/26/2024 08:52,7.8,-1.2,53.31,0,NaN,6,9,,200,10
2/26/2024 09:52,10,-1.2,45.96,0,NaN,10,6,,0,10
2/26/2024 10:52,12.2,-0.1,43.04,0,NaN,,7,,170,10
2/26/2024 11:52,16.1,0.51,34.92,0,NaN,,7,,140,10
2/26/2024 12:52,18.3,0.53,30.39,0,NaN,,11,,200,10
2/26/2024 13:52,19.4,0.54,28.38,0,NaN,,9,,180,10
2/26/2024 14:52,20,1.04,28.34,0,NaN,,9,,220,10
2/26/2024 15:52,20.6,1.65,28.52,0,NaN,,11,,160,10
2/26/2024 16:52,18.3,1.03,31.51,0,NaN,,13,,130,10
2/26/2024 17:52,16.7,1.62,36.39,0,NaN,,13,,140,10
2/26/2024 18:52,15.6,2.72,42.21,0,NaN,,9,,140,10
2/26/2024 19:52,13.9,2.71,47.09,0,NaN,,9,,130,10
2/26/2024 20:52,12.2,2.72,52.62,0,NaN,,9,,140,10
2/26/2024 21:52,12.2,2.11,50.42,0,NaN,,9,,160,10
2/26/2024 22:52,11.1,2.72,56.59,0,NaN,,9,,150,10
2/26/2024 23:52,11.1,3.22,58.63,0,NaN,,9,,160,10
2/27/2024 00:52,10.6,3.23,60.61,0,NaN,,7,,160,10
2/27/2024 01:52,7.2,2.74,73.59,0,NaN,6,7,,170,10
2/27/2024 02:52,7.2,2.74,73.59,0,NaN,6,6,,300,10
2/27/2024 03:52,6.1,2.76,79.37,0,NaN,,0,,0,10
2/27/2024 04:52,7.8,3.85,76.34,0,NaN,6,9,,160,10
2/27/2024 05:52,6.7,3.25,78.9,0,NaN,5,7,,140,10
2/27/2024 06:52,7.8,3.24,73.18,0,NaN,7,6,,160,10
2/27/2024 07:52,8.9,3.84,70.86,0,NaN,8,6,,160,10
2/27/2024 08:52,13.3,3.82,52.92,0,NaN,,15,,180,10
2/27/2024 09:52,15.6,4.32,47.25,0,NaN,,20,,180,10
2/27/2024 10:52,16.7,3.82,42.53,0,NaN,,22,41,190,10
2/27/2024 11:52,16.7,3.82,42.53,0,NaN,,30,46,190,10
2/27/2024 12:52,16.7,3.82,42.53,0,NaN,,22,,200,10
2/27/2024 13:52,16.1,5.53,49.76,2.54,NaN,,22,43,170,10
2/27/2024 14:52,15,8.85,66.91,2.54,NaN,,24,46,200,10
2/27/2024 15:52,14.4,9.36,71.93,0,NaN,,22,,190,10
2/27/2024 16:52,15,9.96,72.04,0,NaN,,31,43,200,10
2/27/2024 17:52,15,10.57,74.99,0,NaN,,19,37,200,10
2/27/2024 18:52,14.4,11.07,80.58,0,NaN,,15,31,210,10
2/27/2024 19:52,15,11.07,77.52,0,NaN,,22,39,210,10
2/27/2024 20:52,14.4,10.57,77.94,0,NaN,,17,,180,10
2/27/2024 21:52,15.6,11.67,77.61,0,NaN,,20,,190,10
2/27/2024 22:52,15,12.18,83.36,2.54,NaN,,11,,180,9
2/27/2024 23:52,14.4,12.79,90.12,25.4,NaN,,15,,180,9
2/28/2024 00:52,13.9,12.79,93.09,0,NaN,,11,30,180,10
2/28/2024 01:52,15,11.67,80.66,0,NaN,,17,33,190,10
2/28/2024 02:52,15.6,11.67,77.61,0,NaN,,20,39,190,10
2/28/2024 03:52,15,11.07,77.52,0,NaN,,20,37,190,10
2/28/2024 04:52,15.6,11.06,74.59,0,NaN,,22,46,190,10
2/28/2024 05:52,13.9,11.08,83.23,0,NaN,,26,43,190,10
2/28/2024 06:52,16.7,11.67,72.36,0,NaN,,26,46,190,10
2/28/2024 07:52,16.7,11.67,72.36,0,NaN,,24,39,200,10
2/28/2024 08:52,16.7,12.17,74.78,2.54,NaN,,28,48,190,10
2/28/2024 09:52,17.2,12.17,72.45,2.54,NaN,,30,43,190,10
2/28/2024 10:52,17.2,12.17,72.45,2.54,NaN,,33,46,200,10
2/28/2024 11:52,18.3,11.66,65.42,2.54,NaN,,26,46,210,7
2/28/2024 12:52,18.3,11.66,65.42,0,NaN,,28,48,220,10
2/28/2024 13:52,18.3,11.66,65.42,2.54,NaN,,30,48,210,10
2/28/2024 14:52,17.2,12.77,75.36,2.54,NaN,,26,41,210,10
2/28/2024 15:52,16.7,13.28,80.37,50.8,NaN,,24,39,190,10
2/28/2024 16:52,16.1,13.28,83.49,76.2,NaN,,24,37,190,10
2/28/2024 17:52,16.1,13.28,83.49,2.54,NaN,,15,31,210,10
2/28/2024 18:52,13.9,9.36,74.3,177.8,NaN,,43,65,290,8
2/28/2024 19:52,11.1,9.38,89.27,2.54,NaN,,39,59,300,10
2/28/2024 20:52,8.9,6.07,82.6,0,NaN,3,63,94,300,10
2/28/2024 21:52,7.2,3.86,79.54,0,NaN,2,46,61,310,10
2/28/2024 22:52,7.2,3.86,79.54,0,NaN,2,44,67,290,10
2/28/2024 23:52,5,-2.9,57.03,0,NaN,,35,50,310,10
2/29/2024 00:52,3.9,-4,56.73,0,NaN,-2,37,52,300,10
2/29/2024 01:52,2.2,-5.1,58.89,0,NaN,-4,30,46,300,10
2/29/2024 02:52,1.7,-9.03,45.19,0,NaN,-4,30,50,310,10
2/29/2024 03:52,0.6,-7.92,53.29,0,NaN,-3,13,,310,10
2/29/2024 04:52,0,-7.91,55.66,0,NaN,-7,33,57,300,10
2/29/2024 05:52,0,-7.91,55.66,0,NaN,-7,31,46,300,10
2/29/2024 06:52,-0.6,-9.02,53.36,0,NaN,-7,24,46,310,10
2/29/2024 07:52,0.6,-10.74,42.76,0,NaN,-4,19,28,320,10
2/29/2024 08:52,1.7,-10.14,41.43,0,NaN,-4,28,39,310,10
2/29/2024 09:52,2.8,-10.14,38.31,0,NaN,-3,28,39,310,10
2/29/2024 10:52,4.4,-9.54,35.88,0,NaN,,20,,320,10
2/29/2024 11:52,6.1,-9.54,31.88,0,NaN,2,26,37,290,10
2/29/2024 12:52,7.2,-10.74,26.88,0,NaN,4,20,30,330,10
2/29/2024 13:52,7.8,-11.24,24.79,0,NaN,4,30,48,310,10
2/29/2024 14:52,9.4,-11.23,22.25,0,NaN,6,26,44,310,10
2/29/2024 15:52,9.4,-11.83,21.2,0,NaN,7,20,33,300,10
2/29/2024 16:52,8.9,-12.93,20.07,0,NaN,6,20,,320,10
2/29/2024 17:52,7.8,-12.34,22.7,0,NaN,5,19,,320,10
2/29/2024 18:52,6.7,-12.94,23.31,0,NaN,4,11,,340,10
2/29/2024 19:52,5.6,-12.35,26.4,0,NaN,3,13,,330,10
2/29/2024 20:52,5,-11.85,28.66,0,NaN,2,15,,330,10
2/29/2024 21:52,3.3,-11.25,33.88,0,NaN,,11,,330,10
2/29/2024 22:52,3.9,-11.25,32.47,0,NaN,,15,,360,10
2/29/2024 23:52,2.8,-11.25,35.1,0,NaN,1,7,,20,10
3/1/2024 00:52,0,-10.13,46.84,0,NaN,,0,,0,10
3/1/2024 01:52,-0.6,-10.13,48.93,0,NaN,,0,,0,10
3/1/2024 02:52,-2.2,-9,60.02,0,NaN,,0,,0,10
3/1/2024 03:52,-2.8,-8.99,62.76,0,NaN,,0,,0,10
3/1/2024 04:52,-4.4,-9.48,68.02,0,NaN,-7,6,,160,10
3/1/2024 05:52,-3.3,-8.38,68.27,0,NaN,,0,,0,10
3/1/2024 06:52,-3.9,-8.37,71.41,0,NaN,,0,,0,10
3/1/2024 07:52,0.6,-6.8,58.02,0,NaN,,0,,0,10
3/1/2024 08:52,6.1,-9.54,31.88,0,NaN,4,9,,120,10
3/1/2024 09:52,7.8,-9.54,28.37,0,NaN,5,19,,110,10
3/1/2024 10:52,8.9,-9.54,26.33,0,NaN,6,17,30,140,10
3/1/2024 11:52,10.6,-8.43,25.61,0,NaN,,20,,180,10
3/1/2024 12:52,11.1,-7.92,25.76,0,NaN,,15,,140,10
3/1/2024 13:52,11.1,-7.92,25.76,0,NaN,,19,31,130,10
3/1/2024 14:52,11.7,-6.22,28.22,0,NaN,,19,33,170,10
3/1/2024 15:52,11.1,-4.02,34.7,0,NaN,,20,31,140,10
3/1/2024 16:52,11.1,-2.91,37.67,0,NaN,,17,31,170,10
3/1/2024 17:52,10,-0.7,47.67,0,NaN,7,22,39,150,10
3/1/2024 18:52,9.4,-0.7,49.63,0,NaN,7,19,,160,10
3/1/2024 19:52,8.9,-0.7,51.33,0,NaN,6,19,,160,10
3/1/2024 20:52,6.7,2.75,76.16,76.2,NaN,5,9,,170,10
3/1/2024 21:52,6.1,3.87,85.79,127,NaN,4,9,,160,10
3/1/2024 22:52,6.1,3.87,85.79,25.4,NaN,5,7,,150,10
3/1/2024 23:52,5.6,3.27,85.13,2.54,NaN,5,6,,120,10
3/2/2024 00:52,5.6,3.27,85.13,25.4,NaN,5,6,,110,10
3/2/2024 01:52,5.6,3.27,85.13,25.4,NaN,,0,,0,10
3/2/2024 02:52,5.6,3.88,88.81,0,NaN,4,7,,80,10
3/2/2024 03:52,6.1,3.87,85.79,2.54,NaN,4,9,,90,10
3/2/2024 04:52,5.6,3.88,88.81,76.2,NaN,3,13,,50,7
3/2/2024 05:52,5,3.88,92.59,304.8,NaN,2,11,,40,4
3/2/2024 06:52,5.6,3.88,88.81,228.6,NaN,3,13,,20,4
3/2/2024 07:52,5.6,4.38,91.98,152.4,NaN,4,9,,330,3
3/2/2024 08:52,5.6,4.38,91.98,203.2,NaN,2,17,,340,4
3/2/2024 09:52,6.1,4.38,88.85,101.6,NaN,3,17,,340,5
3/2/2024 10:52,7.2,5.58,89.56,25.4,NaN,4,20,,350,5
3/2/2024 11:52,8.3,6.68,89.65,25.4,NaN,5,20,,340,4
3/2/2024 12:52,9.4,7.17,86.14,2.54,NaN,7,20,,340,3
3/2/2024 13:52,10.6,8.88,89.23,0,NaN,,17,,330,5
3/2/2024 14:52,11.7,8.87,82.95,0,NaN,,17,,310,10
3/2/2024 15:52,11.7,8.26,79.65,0,NaN,,17,,330,10
3/2/2024 16:52,11.7,7.15,73.9,0,NaN,,17,,320,10
3/2/2024 17:52,10.6,6.66,76.81,0,NaN,,17,,330,10
3/2/2024 18:52,10,6.06,76.71,0,NaN,10,6,,350,10
3/2/2024 19:52,6.7,4.37,85.25,0,NaN,5,7,,220,10
3/2/2024 20:52,6.1,4.38,88.85,0,NaN,,0,,0,10
3/2/2024 21:52,5,3.88,92.59,0,NaN,,0,,0,10
3/2/2024 22:52,5.6,4.38,91.98,0,NaN,5,6,,200,9
3/2/2024 23:52,6.7,5.59,92.69,0,NaN,,0,,0,10
3/3/2024 00:52,6.1,4.98,92.65,0,NaN,,0,,0,10
3/3/2024 01:52,6.7,5.59,92.69,0,NaN,,0,,0,9
3/3/2024 02:52,5.6,3.88,88.81,0,NaN,5,6,,290,7
3/3/2024 03:52,3.9,2.78,92.52,0,NaN,,0,,0,4
3/3/2024 04:52,5.6,4.38,91.98,0,NaN,4,7,,350,10
3/3/2024 05:52,5,3.88,92.59,0,NaN,,0,,0,10
3/3/2024 06:52,3.9,2.78,92.52,0,NaN,,0,,0,10
3/3/2024 07:52,7.2,6.09,92.72,0,NaN,,0,,0,10
3/3/2024 08:52,11.7,8.26,79.65,0,NaN,,0,,0,10
3/3/2024 09:52,13.9,8.25,68.98,0,NaN,,0,,0,10
3/3/2024 10:52,15,7.74,62.1,0,NaN,,0,,0,10
3/3/2024 11:52,17.2,8.25,55.84,0,NaN,,6,,0,10
3/3/2024 12:52,17.2,7.74,53.98,0,NaN,,9,,230,10
3/3/2024 13:52,16.7,8.85,60.03,0,NaN,,13,,220,10
3/3/2024 14:52,17.2,9.35,60.15,0,NaN,,15,,200,10
3/3/2024 15:52,17.8,9.35,57.92,0,NaN,,9,,230,10
3/3/2024 16:52,17.2,9.35,60.15,0,NaN,,7,,210,10
3/3/2024 17:52,16.1,9.35,64.5,0,NaN,,0,,0,10
3/3/2024 18:52,11.7,9.38,85.8,0,NaN,,0,,0,10
3/3/2024 19:52,10,8.28,89.18,0,NaN,,0,,0,10
3/3/2024 20:52,9.4,7.17,86.14,0,NaN,,0,,0,10
3/3/2024 21:52,8.3,6.68,89.65,0,NaN,6,11,,130,10
3/3/2024 22:52,10.6,7.16,79.49,0,NaN,,9,,140,10
3/3/2024 23:52,8.3,6.68,89.65,0,NaN,,0,,0,10
3/4/2024 00:52,8.3,6.68,89.65,0,NaN,,0,,0,10
3/4/2024 01:52,8.9,7.18,89.09,0,NaN,8,6,,160,10
3/4/2024 02:52,10.6,7.16,79.49,0,NaN,,9,,140,10
3/4/2024 03:52,10.6,7.16,79.49,0,NaN,,0,,0,10
3/4/2024 04:52,10.6,7.16,79.49,0,NaN,,6,,150,10
3/4/2024 05:52,8.9,6.67,86.08,0,NaN,,0,,0,10
3/4/2024 06:52,9.4,6.67,83.23,0,NaN,,0,,0,10
3/4/2024 07:52,10,7.17,82.74,0,NaN,10,6,,300,10
3/4/2024 08:52,12.8,8.26,74.1,0,NaN,,0,,0,10
3/4/2024 09:52,16.1,6.64,53.68,0,NaN,,11,,100,10
3/4/2024 10:52,17.2,7.14,51.81,0,NaN,,11,,170,10
3/4/2024 11:52,17.2,8.25,55.84,0,NaN,,13,,130,10
3/4/2024 12:52,18.3,8.85,54.27,0,NaN,,11,,140,10
3/4/2024 13:52,20,8.86,48.82,0,NaN,,9,,120,10
3/4/2024 14:52,20,7.75,45.31,0,NaN,,19,,90,10
3/4/2024 15:52,20,7.75,45.31,0,NaN,,11,,130,10
3/4/2024 16:52,18.9,7.75,48.51,0,NaN,,17,,110,10
3/4/2024 17:52,17.8,7.74,51.97,0,NaN,,17,,100,10
3/4/2024 18:52,16.7,8.25,57.64,0,NaN,,13,,100,10
3/4/2024 19:52,15.6,8.25,61.82,0,NaN,,13,,90,10
3/4/2024 20:52,14.4,8.25,66.78,2.54,NaN,,17,,90,10
3/4/2024 21:52,11.7,9.98,89.32,101.6,NaN,,11,,80,4
3/4/2024 22:52,11.7,9.38,85.8,76.2,NaN,,7,,60,9
3/4/2024 23:52,10.6,8.88,89.23,76.2,NaN,,13,,40,8
3/5/2024 00:52,10.6,8.27,85.68,25.4,NaN,,13,,40,8
3/5/2024 01:52,10.6,8.27,85.68,25.4,NaN,,13,,30,10
3/5/2024 02:52,10,8.28,89.18,2.54,NaN,8,17,,20,10
3/5/2024 03:52,10,8.28,89.18,50.8,NaN,8,15,,10,9
3/5/2024 04:52,10,8.28,89.18,228.6,NaN,7,20,,350,5
3/5/2024 05:52,10,8.28,89.18,431.8,NaN,8,19,,350,3
3/5/2024 06:52,10,8.28,89.18,381,NaN,8,11,,340,3
3/5/2024 07:52,10,8.28,89.18,101.6,NaN,7,20,,360,1.5
3/5/2024 08:52,10,7.77,86.2,127,NaN,7,20,,360,5
3/5/2024 09:52,10.6,8.27,85.68,25.4,NaN,,19,,20,7
3/5/2024 10:52,11.7,7.76,76.99,2.54,NaN,,17,,20,7
3/5/2024 11:52,12.2,7.76,74.5,0,NaN,,6,,20,7
3/5/2024 12:52,13.3,7.75,69.32,0,NaN,,7,,250,7
3/5/2024 13:52,13.3,8.25,71.72,0,NaN,,0,,0,10
3/5/2024 14:52,14.4,8.85,69.55,0,NaN,,6,,0,10
3/5/2024 15:52,14.4,8.85,69.55,0,NaN,,0,,0,10
3/5/2024 16:52,14.4,9.36,71.93,0,NaN,,6,,220,10
3/5/2024 17:52,13.9,9.36,74.3,0,NaN,,11,,150,10
3/5/2024 18:52,12.2,8.87,80.27,0,NaN,,9,,120,10
3/5/2024 19:52,12.2,8.87,80.27,0,NaN,,6,,150,10
3/5/2024 20:52,11.7,8.87,82.95,0,NaN,,6,,160,10
3/5/2024 21:52,12.2,9.37,83.02,0,NaN,,7,,170,10
3/5/2024 22:52,11.1,8.88,86.31,0,NaN,,6,,170,10
3/5/2024 23:52,10.6,8.88,89.23,0,NaN,,6,,150,10
3/6/2024 00:52,10,8.28,89.18,0,NaN,,0,,0,10
3/6/2024 01:52,10.6,8.88,89.23,0,NaN,,0,,0,10
3/6/2024 02:52,10,8.89,92.87,0,NaN,9,7,,150,10
3/6/2024 03:52,10,8.89,92.87,0,NaN,,0,,0,9
3/6/2024 04:52,10.6,9.39,92.29,0,NaN,,7,,100,3
3/6/2024 05:52,10.6,9.39,92.29,0,NaN,,6,,100,2
3/6/2024 06:52,11.1,9.99,92.94,0,NaN,,9,,120,0.75
3/6/2024 07:52,11.7,10.59,92.97,0,NaN,,7,,130,0.25
3/6/2024 08:52,12.2,10.58,89.96,0,NaN,,9,,120,0.75
3/6/2024 09:52,12.2,11.09,93,0,NaN,,11,,110,3
3/6/2024 10:52,13.3,11.08,86.54,0,NaN,,9,,80,7
3/6/2024 11:52,13.3,10.57,83.71,0,NaN,,9,,50,7
3/6/2024 12:52,13.3,9.97,80.42,2.54,NaN,,15,,70,7
3/6/2024 13:52,12.8,10.58,86.49,25.4,NaN,,9,,70,6
3/6/2024 14:52,12.8,10.58,86.49,50.8,NaN,,15,,60,8
3/6/2024 15:52,12.8,10.58,86.49,2.54,NaN,,13,,40,10
3/6/2024 16:52,12.8,10.58,86.49,0,NaN,,13,,40,10
3/6/2024 17:52,12.2,10.58,89.96,50.8,NaN,,11,,20,5
3/6/2024 18:52,12.2,10.58,89.96,127,NaN,,13,,360,7
3/6/2024 19:52,12.2,10.58,89.96,50.8,NaN,,15,,360,7
3/6/2024 20:52,11.7,9.98,89.32,50.8,NaN,,13,,350,7
3/6/2024 21:52,11.7,9.98,89.32,2.54,NaN,,13,,340,7
3/6/2024 22:52,11.7,9.98,89.32,50.8,NaN,,15,,340,6
3/6/2024 23:52,11.7,9.98,89.32,152.4,NaN,,9,,330,7
3/7/2024 00:52,11.7,9.98,89.32,76.2,NaN,,9,,340,10
3/7/2024 01:52,11.1,9.99,92.94,0,NaN,,11,,310,10
3/7/2024 02:52,11.1,9.99,92.94,2.54,NaN,,11,,320,10
3/7/2024 03:52,11.1,9.99,92.94,0,NaN,,7,,310,10
3/7/2024 04:52,11.1,9.99,92.94,0,NaN,,7,,310,10
3/7/2024 05:52,11.1,9.38,89.27,0,NaN,,6,,320,10
3/7/2024 06:52,10.6,8.88,89.23,0,NaN,,9,,310,10
3/7/2024 07:52,12.2,9.98,86.42,0,NaN,,11,,330,10
3/7/2024 08:52,12.8,9.97,83.09,0,NaN,,15,,330,10
3/7/2024 09:52,13.9,9.36,74.3,0,NaN,,24,,340,10
3/7/2024 10:52,16.1,9.35,64.5,0,NaN,,22,39,350,10
3/7/2024 11:52,16.7,9.35,62.08,0,NaN,,22,35,340,10
3/7/2024 12:52,18.3,8.25,52.11,0,NaN,,20,37,360,10
3/7/2024 13:52,18.3,7.75,50.37,0,NaN,,17,41,20,10
3/7/2024 14:52,18.3,7.75,50.37,0,NaN,,15,31,30,10
3/7/2024 15:52,17.8,7.14,49.89,0,NaN,,26,,40,10
3/7/2024 16:52,17.8,6.64,48.21,0,NaN,,26,37,20,10
3/7/2024 17:52,16.1,6.03,51.51,0,NaN,,13,30,20,10
3/7/2024 18:52,15,6.03,55.27,0,NaN,,19,,40,10
3/7/2024 19:52,12.8,5.53,61.57,0,NaN,,9,,50,10
3/7/2024 20:52,10.6,5.55,71.19,0,NaN,,0,,0,10
3/7/2024 21:52,8.3,5.57,83.1,0,NaN,,0,,0,10
3/7/2024 22:52,7.8,4.97,82.46,0,NaN,7,6,,350,10
3/7/2024 23:52,7.8,4.97,82.46,0,NaN,7,7,,20,10
3/8/2024 00:52,10,4.95,71.08,0,NaN,8,13,,10,10
3/8/2024 01:52,9.4,4.95,73.99,0,NaN,7,13,,20,10
3/8/2024 02:52,8.3,4.35,76.43,0,NaN,7,9,,10,10
3/8/2024 03:52,7.2,3.86,79.54,0,NaN,5,9,,30,10
3/8/2024 04:52,7.8,3.85,76.34,0,NaN,7,6,,10,10
3/8/2024 05:52,7.2,3.86,79.54,0,NaN,6,7,,20,10
3/8/2024 06:52,7.2,3.25,76.24,0,NaN,6,7,,360,10
3/8/2024 07:52,8.3,3.85,73.79,0,NaN,7,9,,40,10
3/8/2024 08:52,10,3.83,65.81,0,NaN,9,9,,90,10
3/8/2024 09:52,11.7,4.93,63.48,0,NaN,,9,,100,10
3/8/2024 10:52,12.8,4.93,59.06,0,NaN,,7,,0,10
3/8/2024 11:52,13.9,5.53,57.32,0,NaN,,7,,80,10
3/8/2024 12:52,15,5.53,53.39,0,NaN,,6,,0,10
3/8/2024 13:52,15.6,5.53,51.37,0,NaN,,6,,0,10
3/8/2024 14:52,15.6,5.53,51.37,0,NaN,,11,,160,10
3/8/2024 15:52,15.6,5.53,51.37,0,NaN,,13,,130,10
3/8/2024 16:52,14.4,5.53,55.49,0,NaN,,11,,160,10
3/8/2024 17:52,13.3,4.93,57.16,0,NaN,,19,,120,10
3/8/2024 18:52,12.8,4.33,56.63,0,NaN,,13,28,120,10
3/8/2024 19:52,12.2,4.93,61.43,0,NaN,,15,,140,10
3/8/2024 20:52,11.1,4.94,66.05,0,NaN,,15,,150,10
3/8/2024 21:52,10.6,4.33,65.48,0,NaN,,19,,150,10
3/8/2024 22:52,9.4,4.34,70.96,0,NaN,7,19,41,140,10
3/8/2024 23:52,8.3,3.85,73.79,0,NaN,5,19,31,130,10
3/9/2024 00:52,7.8,3.24,73.18,0,NaN,5,15,,130,10
3/9/2024 01:52,7.2,2.74,73.59,0,NaN,5,13,,150,10
3/9/2024 02:52,7.2,2.74,73.59,0,NaN,5,15,,120,10
3/9/2024 03:52,6.7,2.75,76.16,2.54,NaN,4,17,,140,10
3/9/2024 04:52,6.7,3.25,78.9,25.4,NaN,4,11,,150,10
3/9/2024 05:52,6.7,3.25,78.9,2.54,NaN,4,13,,100,10
3/9/2024 06:52,6.1,3.87,85.79,25.4,NaN,5,7,,110,7
3/9/2024 07:52,6.1,3.87,85.79,50.8,NaN,4,11,,120,1
3/9/2024 08:52,6.1,4.38,88.85,76.2,NaN,3,13,,120,1.5
3/9/2024 09:52,6.7,4.98,88.9,101.6,NaN,5,9,,130,0.75
3/9/2024 10:52,7.2,4.97,85.9,50.8,NaN,5,15,,120,2.5
3/9/2024 11:52,7.8,6.08,88.99,50.8,NaN,6,11,,130,1.5
3/9/2024 12:52,8.3,6.68,89.65,101.6,NaN,7,7,,90,3
3/9/2024 13:52,8.3,6.68,89.65,304.8,NaN,7,9,,50,2
3/9/2024 14:52,8.9,7.18,89.09,177.8,NaN,7,13,,20,2
3/9/2024 15:52,9.4,7.78,89.74,304.8,NaN,8,11,,290,1.5
3/9/2024 16:52,7.8,6.69,92.75,203.2,NaN,5,15,,340,1.5
3/9/2024 17:52,7.8,6.08,88.99,381,NaN,4,22,,330,1
3/9/2024 18:52,7.8,6.08,88.99,533.4,NaN,6,11,,350,2.5
3/9/2024 19:52,7.2,6.09,92.72,76.2,NaN,5,11,,340,7
3/9/2024 20:52,7.2,5.58,89.56,2.54,NaN,4,19,,300,10
3/9/2024 21:52,7.2,5.58,89.56,2.54,NaN,5,11,,320,10
3/9/2024 22:52,6.7,4.98,88.9,50.8,NaN,4,11,,280,10
3/9/2024 23:52,6.7,4.98,88.9,2.54,NaN,5,7,,300,10
3/10/2024 00:52,6.7,4.98,88.9,2.54,NaN,5,7,,320,10
3/10/2024 01:52,6.7,4.98,88.9,0,NaN,4,11,,290,10
3/10/2024 03:52,7.8,5.57,85.97,0,NaN,5,15,,320,10
3/10/2024 04:52,8.3,4.35,76.43,0,NaN,5,24,39,310,10
3/10/2024 05:52,7.8,2.74,70.64,0,NaN,5,15,,320,10
3/10/2024 06:52,7.2,1.63,68.04,0,NaN,2,37,59,300,10
3/10/2024 07:52,7.2,-0.08,60.19,0,NaN,3,24,,310,10
3/10/2024 08:52,7.2,-0.69,57.61,0,NaN,4,17,,310,10
3/10/2024 09:52,6.7,-2.3,53.01,0,NaN,1,44,57,300,10
3/10/2024 10:52,7.2,-3.41,47.2,0,NaN,2,39,57,300,10
3/10/2024 11:52,7.2,-4.52,43.46,0,NaN,3,30,56,280,10
3/10/2024 12:52,8.3,-5.13,38.53,0,NaN,4,31,70,300,10
3/10/2024 13:52,7.8,-5.73,38.09,0,NaN,3,43,72,290,10
3/10/2024 14:52,8.3,-5.73,36.81,0,NaN,4,37,70,270,10
3/10/2024 15:52,8.3,-5.73,36.81,0,NaN,3,57,76,300,10
3/10/2024 16:52,6.7,-3.41,48.84,0,NaN,2,35,50,290,10
3/10/2024 17:52,4.4,-1.78,64.52,2.54,NaN,-1,39,67,290,10
3/10/2024 18:52,5,-4.01,52.53,0,NaN,,26,59,270,10
3/10/2024 19:52,3.9,-5.11,52.21,0,NaN,-2,33,67,280,10
3/10/2024 20:52,3.9,-4.51,54.64,0,NaN,-2,35,61,290,10
3/10/2024 21:52,3.3,-5.71,52.04,0,NaN,-4,52,74,300,10
3/10/2024 22:52,3.3,-5.11,54.47,0,NaN,-3,46,81,300,10
3/10/2024 23:52,3.3,-5.11,54.47,0,NaN,-3,37,69,300,10
3/11/2024 00:52,3.3,-4.5,57,0,NaN,-3,43,74,300,10
3/11/2024 01:52,2.8,-3.99,61.32,0,NaN,-4,41,69,310,10
3/11/2024 02:52,3.3,-5.11,54.47,0,NaN,-3,44,67,290,10
3/11/2024 03:52,3.9,-5.72,49.89,0,NaN,-1,24,43,310,10
3/11/2024 04:52,3.3,-6.22,50.09,0,NaN,-2,24,35,300,10
3/11/2024 05:52,3.3,-5.71,52.04,0,NaN,-2,26,44,310,10
3/11/2024 06:52,2.8,-5.71,53.92,0,NaN,-3,35,50,300,10
3/11/2024 07:52,3.3,-5.71,52.04,0,NaN,-1,22,44,310,10
3/11/2024 08:52,4.4,-6.22,46.36,0,NaN,-1,39,54,290,10
3/11/2024 09:52,5.6,-5.73,44.3,0,NaN,,46,69,290,10
3/11/2024 10:52,6.7,-6.23,39.52,0,NaN,2,37,69,310,10
3/11/2024 11:52,8.9,-7.34,31.26,0,NaN,4,41,57,320,10
3/11/2024 12:52,10,-7.33,29.04,0,NaN,6,31,46,300,10
3/11/2024 13:52,11.1,-7.33,26.98,0,NaN,,31,50,290,10
3/11/2024 14:52,12.2,-7.32,25.09,0,NaN,,31,52,310,10
3/11/2024 15:52,12.8,-7.91,23.03,0,NaN,,33,50,280,10
3/11/2024 16:52,13.3,-8.41,21.44,0,NaN,,31,48,310,10
3/11/2024 17:52,12.8,-8.41,22.15,0,NaN,,30,54,290,10
3/11/2024 18:52,12.2,-8.42,23.04,0,NaN,,17,30,290,10
3/11/2024 19:52,10.6,-7.93,26.63,0,NaN,,13,,270,10
3/11/2024 20:52,10,-7.93,27.72,0,NaN,8,11,,250,10
3/11/2024 21:52,8.9,-7.34,31.26,0,NaN,,0,,0,10
3/11/2024 22:52,6.1,-6.23,41.19,0,NaN,5,7,,240,10
3/11/2024 23:52,8.9,-7.94,29.84,0,NaN,7,9,,260,10
3/12/2024 00:52,4.4,-6.22,46.36,0,NaN,3,7,,210,10
3/12/2024 01:52,6.1,-6.83,39.34,0,NaN,4,11,,220,10
3/12/2024 02:52,5.6,-7.34,39.18,0,NaN,4,7,,230,10
3/12/2024 03:52,2.2,-3.99,63.99,0,NaN,,0,,0,10
3/12/2024 04:52,3.3,-5.71,52.04,0,NaN,,0,,0,10
3/12/2024 05:52,9.4,-7.93,28.86,0,NaN,7,13,,280,10
3/12/2024 06:52,10.6,-7.93,26.63,0,NaN,,17,,280,10
3/12/2024 07:52,9.4,-5.13,35.77,0,NaN,8,11,,280,10
3/12/2024 08:52,12.8,-5.11,28.55,0,NaN,,13,,250,10
3/12/2024 09:52,13.3,-3.41,31.41,0,NaN,,15,,290,10
3/12/2024 10:52,16.1,-1.19,30.86,0,NaN,,20,37,310,10
3/12/2024 11:52,17.8,-0.68,28.74,0,NaN,,17,33,280,10
3/12/2024 12:52,20,1.04,28.34,0,NaN,,17,30,270,10
3/12/2024 13:52,21.1,1.06,26.49,0,NaN,,22,35,260,10
3/12/2024 14:52,22.2,2.17,26.8,0,NaN,,17,35,260,10
3/12/2024 15:52,22.8,1.68,24.94,0,NaN,,22,44,280,10
3/12/2024 16:52,23.3,1.09,23.17,0,NaN,,19,37,280,10
3/12/2024 17:52,22.8,1.08,23.88,0,NaN,,17,31,260,10
3/12/2024 18:52,21.1,0.56,25.55,0,NaN,,13,,260,10
3/12/2024 19:52,17.8,1.02,32.51,0,NaN,,11,,310,10
3/12/2024 20:52,15,1.61,40.56,0,NaN,,9,,310,10
3/12/2024 21:52,13.9,1.01,41.71,0,NaN,,7,,340,10
3/12/2024 22:52,12.8,1,44.8,0,NaN,,7,,310,10
3/12/2024 23:52,9.4,1.62,58.61,0,NaN,,0,,0,10
3/13/2024 00:52,8.3,0.51,58.32,0,NaN,,0,,0,10
3/13/2024 01:52,7.8,0.52,60.34,0,NaN,,0,,0,10
3/13/2024 02:52,6.7,0.52,65.05,0,NaN,6,6,,170,10
3/13/2024 03:52,6.7,0.52,65.05,0,NaN,,0,,0,10
3/13/2024 04:52,5,-0.07,70.06,0,NaN,,0,,0,10
3/13/2024 05:52,4.4,-0.06,73.06,0,NaN,2,9,,190,10
3/13/2024 06:52,3.9,-0.06,75.67,0,NaN,,0,,0,10
3/13/2024 07:52,4.4,0.55,76.31,0,NaN,,0,,0,10
3/13/2024 08:52,10,4.34,68.16,0,NaN,,0,,0,10
3/13/2024 09:52,11.1,3.83,61.16,0,NaN,,6,,200,10
3/13/2024 10:52,16.7,3.82,42.53,0,NaN,,0,,0,10
3/13/2024 11:52,21.1,0.56,25.55,0,NaN,,6,,0,10
3/13/2024 12:52,22.8,-0.62,21.11,0,NaN,,9,,340,10
3/13/2024 13:52,21.7,-1.13,21.76,0,NaN,,7,,190,10
3/13/2024 14:52,22.8,-1.11,20.36,0,NaN,,0,,0,10
3/13/2024 15:52,21.7,-0.03,23.58,0,NaN,,11,,300,10
3/13/2024 16:52,22.2,-0.62,21.9,0,NaN,,0,,0,10
3/13/2024 17:52,20.6,2.75,30.84,0,NaN,,0,,0,10
3/13/2024 18:52,20,2.75,32.01,0,NaN,,6,,190,10
3/13/2024 19:52,12.8,3.22,52.42,0,NaN,,6,,140,10
3/13/2024 20:52,11.7,2.11,52.11,0,NaN,,0,,0,10
3/13/2024 21:52,10,1.01,53.92,0,NaN,,0,,0,10
3/13/2024 22:52,9.4,1.62,58.61,0,NaN,,0,,0,10
3/13/2024 23:52,7.8,1.63,65.31,0,NaN,,0,,0,10
3/14/2024 00:52,6.7,1.64,70.41,0,NaN,,0,,0,10
3/14/2024 01:52,6.7,1.03,67.44,0,NaN,,0,,0,10
3/14/2024 02:52,5.6,1.04,72.76,0,NaN,,0,,0,10
3/14/2024 03:52,5.6,1.04,72.76,0,NaN,,0,,0,10
3/14/2024 04:52,5.6,1.04,72.76,0,NaN,,0,,0,10
3/14/2024 05:52,6.7,1.03,67.44,0,NaN,,0,,0,10
3/14/2024 06:52,5.6,1.65,75.97,0,NaN,,0,,0,10
3/14/2024 07:52,5,1.65,79.2,0,NaN,,0,,0,10
3/14/2024 08:52,10,3.83,65.81,0,NaN,,0,,0,10
3/14/2024 09:52,16.7,4.93,45.94,0,NaN,,0,,0,10
3/14/2024 10:52,20.6,3.85,33.34,0,NaN,,0,,0,10
3/14/2024 11:52,24.4,3.3,25.38,0,NaN,,6,,0,10
3/14/2024 12:52,25.6,3.32,23.63,0,NaN,,6,,320,10
3/14/2024 13:52,25.6,2.82,22.81,0,NaN,,9,,0,10
3/14/2024 14:52,26.1,2.83,22.15,0,NaN,,11,28,210,10
3/14/2024 15:52,26.7,2.84,21.38,0,25.98,,17,28,240,10
3/14/2024 16:52,26.1,2.83,22.15,0,NaN,,11,28,220,10
3/14/2024 17:52,25,2.21,22.65,0,NaN,,13,,160,10
3/14/2024 18:52,23.3,2.79,26.17,0,NaN,,11,,200,10
3/14/2024 19:52,22.2,1.67,25.86,0,NaN,,9,,180,10
3/14/2024 20:52,21.7,1.07,25.54,0,NaN,,11,,170,10
3/14/2024 21:52,20,1.64,29.59,0,NaN,,11,,170,10
3/14/2024 22:52,19.4,2.14,31.83,0,NaN,,17,,190,10
3/14/2024 23:52,18.3,2.73,35.58,0,NaN,,11,,200,10
3/15/2024 00:52,18.3,2.13,34.09,0,NaN,,15,,200,10
3/15/2024 01:52,18.9,2.74,34.27,0,NaN,,15,,200,10
3/15/2024 02:52,19.4,4.34,37.19,0,NaN,,26,35,350,10
3/15/2024 03:52,17.2,9.35,60.15,0,NaN,,0,,0,10
3/15/2024 04:52,15.6,9.35,66.59,0,NaN,,7,,220,10
3/15/2024 05:52,17.2,9.35,60.15,0,NaN,,19,,190,10
3/15/2024 06:52,16.7,8.85,60.03,0,NaN,,11,,220,10
3/15/2024 07:52,16.7,8.25,57.64,0,NaN,,17,,210,10
3/15/2024 08:52,17.8,8.25,53.77,0,NaN,,17,,200,10
3/15/2024 09:52,19.4,9.36,52.41,0,NaN,,11,,190,10
3/15/2024 10:52,22.2,9.97,45.94,0,NaN,,13,,270,10
3/15/2024 11:52,22.8,11.08,47.66,0,NaN,,20,33,280,10
3/15/2024 12:52,22.8,10.57,46.1,0,NaN,,17,35,300,10
3/15/2024 13:52,23.3,10.58,44.73,0,NaN,,20,,280,10
3/15/2024 14:52,22.2,10.57,47.81,0,NaN,,24,,290,10
3/15/2024 15:52,21.7,11.07,50.96,2.54,NaN,,19,,290,10
3/15/2024 16:52,20.6,11.67,56.72,2.54,NaN,,6,,210,10
3/15/2024 17:52,19.4,12.17,63.13,2.54,NaN,,7,,210,10
3/15/2024 18:52,18.3,11.66,65.42,2.54,NaN,,19,,360,10
3/15/2024 19:52,16.1,10.56,69.89,2.54,NaN,,19,,330,10
3/15/2024 20:52,14.4,11.07,80.58,25.4,NaN,,17,33,340,10
3/15/2024 21:52,14.4,9.36,71.93,2.54,NaN,,15,,330,10
3/15/2024 22:52,13.9,6.64,61.84,0,NaN,,20,33,320,10
3/15/2024 23:52,12.8,5.53,61.57,0,NaN,,20,35,330,10
3/16/2024 00:52,12.2,4.33,58.91,0,NaN,,22,37,340,10
3/16/2024 01:52,11.1,3.83,61.16,0,NaN,,15,,330,10
3/16/2024 02:52,10.6,3.23,60.61,0,NaN,,15,,320,10
3/16/2024 03:52,11.1,2.72,56.59,0,NaN,,17,,330,10
3/16/2024 04:52,10,2.12,58.34,0,NaN,8,15,,340,10
3/16/2024 05:52,8.3,1.02,60.46,0,NaN,6,11,,320,10
3/16/2024 06:52,7.2,1.03,65.17,0,NaN,5,9,,330,10
3/16/2024 07:52,7.2,1.03,65.17,0,NaN,6,7,,330,10
3/16/2024 08:52,9.4,1.01,56.14,0,NaN,9,6,,270,10
3/16/2024 09:52,11.7,1.01,48.16,0,NaN,,20,,300,10
3/16/2024 10:52,12.8,0.5,43.22,0,NaN,,19,,330,10
3/16/2024 11:52,13.9,1.61,43.54,0,NaN,,13,,310,10
3/16/2024 12:52,15,1.61,40.56,0,NaN,,0,,0,10
3/16/2024 13:52,16.7,1.62,36.39,0,NaN,,9,,0,10
3/16/2024 14:52,17.8,1.02,32.51,0,NaN,,9,28,310,10
3/16/2024 15:52,19.4,0.54,28.38,0,NaN,,9,,330,10
3/16/2024 16:52,19.4,1.04,29.42,0,NaN,,13,,200,10
3/16/2024 17:52,19.4,0.54,28.38,0,NaN,,17,,200,10
3/16/2024 18:52,17.8,1.02,32.51,0,NaN,,13,,200,10
3/16/2024 19:52,12.2,2.11,50.42,0,NaN,,7,,150,10
3/16/2024 20:52,15,1.61,40.56,0,NaN,,13,,150,10
3/16/2024 21:52,13.9,2.11,45.13,0,NaN,,9,,170,10
3/16/2024 22:52,13.3,3.22,50.73,0,NaN,,7,,160,10
3/16/2024 23:52,13.3,4.32,54.81,0,NaN,,15,,180,10
3/17/2024 00:52,12.8,4.33,56.63,0,NaN,,13,,180,10
3/17/2024 01:52,12.8,4.33,56.63,0,NaN,,13,,190,10
3/17/2024 02:52,11.7,4.93,63.48,0,NaN,,13,,190,10
3/17/2024 03:52,11.1,4.94,66.05,0,NaN,,11,,190,10
3/17/2024 04:52,11.1,4.94,66.05,0,NaN,,11,,200,10
3/17/2024 05:52,11.1,3.22,58.63,0,NaN,,11,,220,10
3/17/2024 06:52,11.1,2.72,56.59,0,NaN,,7,,180,10
3/17/2024 07:52,11.1,3.83,61.16,0,NaN,,0,,0,10
3/17/2024 08:52,11.7,4.93,63.48,0,NaN,,7,,130,10
3/17/2024 09:52,12.8,3.82,54.68,0,NaN,,17,,30,10
3/17/2024 10:52,14.4,4.32,51.04,0,NaN,,11,,10,10
3/17/2024 11:52,16.7,4.33,44.05,0,NaN,,6,,0,10
3/17/2024 12:52,18.9,3.84,37.04,0,NaN,,0,,0,10
3/17/2024 13:52,20.6,3.25,31.96,0,NaN,,20,37,220,10
3/17/2024 14:52,21.1,-2.23,20.82,0,NaN,,20,39,260,10
3/17/2024 15:52,21.7,-1.73,20.82,0,NaN,,26,43,280,10
3/17/2024 16:52,21.7,-4.41,17.03,0,NaN,,24,39,280,10
3/17/2024 17:52,20.6,-5.02,17.41,0,NaN,,20,37,310,10
3/17/2024 18:52,17.8,-5.67,19.79,0,NaN,,19,,330,10
3/17/2024 19:52,16.1,-5.09,23.07,0,NaN,,17,,320,10
3/17/2024 20:52,15,-5.7,23.65,0,NaN,,17,,350,10
3/17/2024 21:52,13.9,-5.1,26.58,0,NaN,,13,,330,10
3/17/2024 22:52,13.3,-5.71,26.4,0,NaN,,9,,330,10
3/17/2024 23:52,10,-2.92,40.53,0,NaN,6,41,56,350,10
3/18/2024 00:52,8.9,-2.92,43.64,0,NaN,5,26,46,350,10
3/18/2024 01:52,7.8,-2.31,49.16,0,NaN,5,15,,10,10
3/18/2024 02:52,7.2,-3.41,47.2,0,NaN,4,22,33,340,10
3/18/2024 03:52,7.2,-4.02,45.12,0,NaN,5,11,28,330,10
3/18/2024 04:52,6.7,-4.52,44.97,0,NaN,4,15,,340,10
3/18/2024 05:52,5.6,-5.12,46.37,0,NaN,3,11,,320,10
3/18/2024 06:52,5.6,-4.52,48.52,0,NaN,3,13,,340,10
3/18/2024 07:52,5,-4.01,52.53,0,NaN,1,20,,320,10
3/18/2024 08:52,5.6,-5.12,46.37,0,NaN,2,20,,330,10
3/18/2024 09:52,5.6,-6.23,42.64,0,NaN,1,28,50,310,10
3/18/2024 10:52,7.2,-7.34,35.09,0,NaN,3,33,48,290,10
3/18/2024 11:52,7.8,-8.44,30.93,0,NaN,4,26,52,270,10
3/18/2024 12:52,8.3,-7.94,31.08,0,NaN,4,30,48,310,10
3/18/2024 13:52,9.4,-7.33,30.23,0,NaN,6,28,39,310,10
3/18/2024 14:52,10,-7.33,29.04,0,NaN,7,20,33,320,10
3/18/2024 15:52,10,-7.33,29.04,0,NaN,6,35,46,300,10
3/18/2024 16:52,9.4,-8.44,27.75,0,NaN,5,41,59,310,10
3/18/2024 17:52,7.8,-8.44,30.93,0,NaN,3,37,57,310,10
3/18/2024 18:52,5.6,-9.04,34.33,0,NaN,,37,59,320,10
3/18/2024 19:52,4.4,-9.04,37.32,0,NaN,-2,43,61,330,10
3/18/2024 20:52,3.3,-9.54,38.77,0,NaN,-2,31,56,310,10
3/18/2024 21:52,2.8,-10.14,38.31,0,NaN,-2,20,39,310,10
3/18/2024 22:52,2.8,-9.04,41.78,0,NaN,-1,19,,290,10
3/18/2024 23:52,1.7,-8.43,47.36,0,NaN,-3,22,,290,10
3/19/2024 00:52,1.7,-7.92,49.24,0,NaN,-3,20,,310,10
3/19/2024 01:52,1.7,-7.32,51.58,0,NaN,-3,17,,300,10
3/19/2024 02:52,1.7,-6.81,53.61,0,NaN,-3,20,,310,10
3/19/2024 03:52,1.7,-6.21,56.13,0,NaN,-3,19,,310,10
3/19/2024 04:52,2.2,-6.21,54.16,0,NaN,-3,22,,300,10
3/19/2024 05:52,2.2,-6.82,51.72,0,NaN,-2,20,39,290,10
3/19/2024 06:52,2.2,-6.82,51.72,0,NaN,-3,22,41,300,10
3/19/2024 07:52,2.2,-6.82,51.72,0,NaN,-3,22,37,310,10
3/19/2024 08:52,3.9,-7.93,42.12,0,NaN,-1,30,50,310,10
3/19/2024 09:52,3.9,-7.33,44.12,0,NaN,-2,37,52,290,10
3/19/2024 10:52,5.6,-7.94,37.4,0,NaN,1,24,,310,10
3/19/2024 11:52,5.6,-7.94,37.4,0,NaN,2,19,,290,10
3/19/2024 12:52,7.2,-8.44,32.22,0,NaN,5,11,31,300,10
3/19/2024 13:52,9.4,-7.33,30.23,0,NaN,8,7,,0,10
3/19/2024 14:52,10.6,-7.93,26.63,0,NaN,,26,41,220,10
3/19/2024 15:52,11.1,-7.33,26.98,0,NaN,,13,41,220,10
3/19/2024 16:52,11.7,-6.82,26.95,0,NaN,,24,43,200,10
3/19/2024 17:52,11.1,-8.42,24.78,0,NaN,,24,39,220,10
3/19/2024 18:52,10.6,-7.93,26.63,0,NaN,,24,37,190,10
3/19/2024 19:52,10,-7.93,27.72,0,NaN,7,24,,190,10
3/19/2024 20:52,9.4,-7.33,30.23,0,NaN,7,17,,200,10
3/19/2024 21:52,8.3,-7.94,31.08,0,NaN,8,6,,230,10
3/19/2024 22:52,7.2,-6.23,38.19,0,NaN,6,7,,180,10
3/19/2024 23:52,6.1,-5.73,42.79,0,NaN,,0,,0,10
3/20/2024 00:52,2.2,-4.49,61.63,0,NaN,,7,,190,10
3/20/2024 01:52,2.2,-5.1,58.89,0,NaN,1,6,,170,10
3/20/2024 02:52,3.3,-5.11,54.47,0,NaN,1,9,,180,10
3/20/2024 03:52,2.2,-4.49,61.63,0,NaN,-1,13,,190,10
3/20/2024 04:52,3.9,-5.11,52.21,0,NaN,1,13,,200,10
3/20/2024 05:52,3.3,-5.11,54.47,0,NaN,,15,,190,10
3/20/2024 06:52,3.3,-5.11,54.47,0,NaN,,11,,190,10
3/20/2024 07:52,5.6,-5.12,46.37,0,NaN,3,15,,200,10
3/20/2024 08:52,7.8,-4.52,41.71,0,NaN,4,22,,210,10
3/20/2024 09:52,12.2,-4.01,32.27,0,NaN,,26,35,210,10
3/20/2024 10:52,15,-3.4,28.13,0,NaN,,31,52,200,10
3/20/2024 11:52,16.1,-2.89,27.22,0,NaN,,26,44,200,10
3/20/2024 12:52,17.8,-2.28,25.55,0,NaN,,19,44,230,10
3/20/2024 13:52,19.4,-7.23,15.84,0,NaN,,43,65,290,10
3/20/2024 14:52,18.9,-6.75,16.98,0,NaN,,48,69,290,10
3/20/2024 15:52,19.4,-5.64,17.91,0,NaN,,41,59,290,10
3/20/2024 16:52,19.4,-5.64,17.91,0,NaN,,37,59,290,10
3/20/2024 17:52,17.2,-5.67,20.56,0,NaN,,33,61,300,10
3/20/2024 18:52,12.2,-1.81,38,0,NaN,,35,54,360,10
3/20/2024 19:52,10,-3.42,39.05,0,NaN,6,37,54,350,10
3/20/2024 20:52,6.7,-5.12,42.98,0,NaN,2,33,50,350,10
3/20/2024 21:52,6.1,-5.12,44.79,0,NaN,3,17,,340,10
3/20/2024 22:52,5.6,-6.23,42.64,0,NaN,1,24,41,360,10
3/20/2024 23:52,5,-6.23,44.46,0,NaN,1,19,,340,10
3/21/2024 00:52,3.9,-6.83,45.86,0,NaN,-1,24,37,340,10
3/21/2024 01:52,2.8,-7.32,47.69,0,NaN,-1,19,,10,10
3/21/2024 02:52,2.2,-9.03,43.6,0,NaN,-2,15,,340,10
3/21/2024 03:52,1.7,-9.54,43.44,0,NaN,-3,19,,350,10
3/21/2024 04:52,0.6,-10.13,44.85,0,NaN,-4,17,,330,10
3/21/2024 05:52,0,-12.34,39.29,0,NaN,-6,24,37,340,10
3/21/2024 06:52,-0.6,-12.94,39.1,0,NaN,-5,17,,340,10
3/21/2024 07:52,0,-12.95,37.42,0,NaN,-4,11,,330,10
3/21/2024 08:52,1.7,-12.35,34.75,0,NaN,-3,19,,330,10
3/21/2024 09:52,2.8,-11.85,33.45,0,NaN,-2,20,35,310,10
3/21/2024 10:52,4.4,-11.25,31.35,0,NaN,1,15,,340,10
3/21/2024 11:52,5,-11.25,30.07,0,NaN,1,22,35,290,10
3/21/2024 12:52,6.7,-11.25,26.73,0,NaN,3,26,37,320,10
3/21/2024 13:52,7.2,-11.84,24.62,0,NaN,5,13,35,300,10
3/21/2024 14:52,8.9,-11.23,23.01,0,NaN,6,22,30,340,10
3/21/2024 15:52,9.4,-11.23,22.25,0,NaN,7,19,39,320,10
3/21/2024 18:52,9.4,-12.93,19.4,0,NaN,7,13,,340,10
3/21/2024 19:52,7.8,-13.43,20.76,0,NaN,7,6,,360,10
3/21/2024 20:52,2.8,-8.43,43.78,0,NaN,,0,,0,10
3/21/2024 21:52,5.6,-11.85,27.49,0,NaN,3,13,,30,10
3/21/2024 22:52,5,-11.85,28.66,0,NaN,3,9,,20,10
3/21/2024 23:52,2.8,-10.75,36.53,0,NaN,,0,,0,10
3/22/2024 00:52,0,-9.02,51.08,0,NaN,,0,,0,10
3/22/2024 01:52,-1.1,-7.9,60.31,0,NaN,,0,,0,10
3/22/2024 02:52,-1.7,-7.89,63.03,0,NaN,,0,,0,10
3/22/2024 03:52,-1.7,-7.29,66.03,0,NaN,,0,,0,10
3/22/2024 04:52,-2.2,-8.39,62.91,0,NaN,,0,,0,10
3/22/2024 05:52,-2.2,-8.39,62.91,0,NaN,,0,,0,10
3/22/2024 06:52,-2.2,-7.89,65.4,0,NaN,,0,,0,10
3/22/2024 07:52,-1.1,-6.78,65.67,0,NaN,-3,6,,20,10
3/22/2024 08:52,3.9,-8.44,40.51,0,NaN,1,13,,80,10
3/22/2024 09:52,6.1,-8.44,34.75,0,NaN,3,17,,110,10
3/22/2024 10:52,7.2,-7.94,33.5,0,NaN,4,17,,160,10
3/22/2024 11:52,8.9,-6.83,32.49,0,NaN,6,19,,160,10
3/22/2024 12:52,8.3,-6.83,33.84,0,NaN,6,13,,150,10
3/22/2024 13:52,10,-4.52,35.96,0,NaN,7,22,,120,10
3/22/2024 14:52,11.7,-4.02,33.35,0,NaN,,22,37,140,10
3/22/2024 15:52,11.1,-2.91,37.67,0,NaN,,19,31,160,10
3/22/2024 16:52,11.1,-1.21,42.71,0,NaN,,20,,130,10
3/22/2024 17:52,10.6,-0.7,45.8,0,NaN,,17,,150,10
3/22/2024 18:52,10.6,-0.1,47.84,0,NaN,,19,,150,10
3/22/2024 19:52,9.4,-0.1,51.84,0,NaN,7,13,,140,10
3/22/2024 20:52,9.4,-0.1,51.84,0,NaN,7,15,,130,10
3/22/2024 21:52,8.9,0.51,56,0,NaN,7,15,,130,10
3/22/2024 22:52,6.7,3.86,82.31,101.6,NaN,,0,,0,7
3/22/2024 23:52,6.7,3.86,82.31,50.8,NaN,6,6,,70,10
3/23/2024 00:52,6.7,3.86,82.31,25.4,NaN,5,7,,30,9
3/23/2024 01:52,6.1,3.87,85.79,101.6,NaN,4,9,,50,8
3/23/2024 02:52,6.1,3.87,85.79,76.2,NaN,4,9,,30,8
3/23/2024 03:52,5.6,3.88,88.81,177.8,NaN,3,13,,20,7
3/23/2024 04:52,5.6,3.88,88.81,254,NaN,3,13,,360,6
3/23/2024 05:52,5.6,4.38,91.98,406.4,NaN,3,11,,10,6
3/23/2024 06:52,5.6,3.88,88.81,330.2,NaN,2,17,,10,8
3/23/2024 07:52,5.6,3.88,88.81,254,NaN,4,9,,30,6
3/23/2024 08:52,5.6,3.88,88.81,381,NaN,2,19,,350,4
3/23/2024 09:52,5.6,4.38,91.98,431.8,NaN,2,20,,350,5
3/23/2024 10:52,6.1,4.38,88.85,127,NaN,2,22,,360,10
3/23/2024 11:52,7.2,5.58,89.56,25.4,NaN,4,22,,340,10
3/23/2024 12:52,8.9,6.67,86.08,0,NaN,5,26,37,320,10
3/23/2024 13:52,10,6.06,76.71,2.54,NaN,6,35,56,320,10
3/23/2024 14:52,11.7,6.04,68.52,0,NaN,,30,46,340,10
3/23/2024 15:52,10,4.95,71.08,0,NaN,7,30,50,330,10
3/23/2024 16:52,9.4,3.84,68.51,0,NaN,7,20,50,330,10
3/23/2024 17:52,8.3,2.13,65.42,0,NaN,4,35,65,320,10
3/23/2024 18:52,7.2,-0.69,57.61,0,NaN,3,35,59,330,10
3/23/2024 19:52,5.6,-1.79,59.34,0,NaN,1,28,50,330,10
3/23/2024 20:52,5,-4.01,52.53,0,NaN,,37,56,320,10
3/23/2024 21:52,5,-4.51,50.59,0,NaN,,30,48,330,10
3/23/2024 22:52,3.9,-5.11,52.21,0,NaN,-1,26,44,340,10
3/23/2024 23:52,2.8,-7.93,45.52,0,NaN,-3,31,48,340,10
3/24/2024 00:52,2.2,-8.43,45.69,0,NaN,-3,28,48,340,10
3/24/2024 01:52,1.7,-9.03,45.19,0,NaN,-4,28,48,340,10
3/24/2024 02:52,1.1,-9.53,45.36,0,NaN,-4,20,35,340,10
3/24/2024 03:52,0.6,-9.02,48.91,0,NaN,-5,20,,340,10
3/24/2024 04:52,0.6,-9.02,48.91,0,NaN,-4,17,,340,10
3/24/2024 05:52,0,-8.41,53.54,0,NaN,-5,19,,340,10
3/24/2024 06:52,0,-8.41,53.54,0,NaN,-4,15,,340,10
3/24/2024 07:52,0.6,-7.92,53.29,0,NaN,-4,17,,350,10
3/24/2024 08:52,2.2,-7.93,47.51,0,NaN,-2,17,,350,10
3/24/2024 09:52,3.9,-7.33,44.12,0,NaN,,19,,10,10
3/24/2024 10:52,4.4,-9.04,37.32,0,NaN,,26,37,350,10
3/24/2024 11:52,6.7,-7.94,34.67,0,NaN,3,19,30,360,10
3/24/2024 12:52,7.2,-7.94,33.5,0,NaN,4,17,,20,10
3/24/2024 13:52,8.3,-9.54,27.43,0,NaN,6,11,31,30,10
3/24/2024 14:52,9.4,-8.44,27.75,0,NaN,7,13,,40,10
3/24/2024 15:52,10,-7.33,29.04,0,NaN,8,13,,360,10
3/24/2024 16:52,10.6,-7.33,27.9,0,NaN,,15,,30,10
3/24/2024 17:52,10,-7.93,27.72,0,NaN,8,11,,40,10
3/24/2024 18:52,9.4,-6.23,32.9,0,NaN,8,9,,20,10
3/24/2024 19:52,8.3,-5.73,36.81,0,NaN,6,13,,30,10
3/24/2024 20:52,7.2,-5.13,41.53,0,NaN,5,15,,30,10
3/24/2024 21:52,5.6,-4.52,48.52,0,NaN,4,9,,50,10
3/24/2024 22:52,2.8,-4.5,59.05,0,NaN,1,6,,60,10
3/24/2024 23:52,1.1,-3.37,72.42,0,NaN,,0,,0,10
3/25/2024 00:52,0.6,-3.97,71.78,0,NaN,,0,,0,10
3/25/2024 01:52,0,-3.96,74.97,0,NaN,,0,,0,10
3/25/2024 02:52,-1.1,-4.45,78.24,0,NaN,,0,,0,10
3/25/2024 03:52,-1.1,-4.45,78.24,0,NaN,,0,,0,10
3/25/2024 04:52,-1.7,-4.44,81.77,0,NaN,,0,,0,10
3/25/2024 05:52,-1.1,-5.06,74.77,0,NaN,-3,6,,310,10
3/25/2024 06:52,-1.7,-5.05,78.14,0,NaN,,0,,0,10
3/25/2024 07:52,0.6,-3.36,75.08,0,NaN,,0,,0,10
3/25/2024 08:52,5,-3.4,54.94,0,NaN,4,6,,0,10
3/25/2024 09:52,6.7,-2.3,53.01,0,NaN,5,9,,50,10
3/25/2024 10:52,8.3,-2.31,47.52,0,NaN,8,6,,0,10
3/25/2024 11:52,10.6,-2.92,38.94,0,NaN,,11,,0,10
3/25/2024 12:52,11.7,-2.92,36.2,0,NaN,,9,,20,10
3/25/2024 13:52,12.8,-3.41,32.45,0,NaN,,0,,0,10
3/25/2024 14:52,13.9,-4,28.88,0,NaN,,11,,120,10
3/25/2024 15:52,15,-4.5,25.9,0,NaN,,7,,0,10
3/25/2024 16:52,15,-4.5,25.9,0,NaN,,11,,130,10
3/25/2024 17:52,13.9,-4.51,27.81,0,NaN,,19,,100,10
3/25/2024 18:52,12.8,-5.11,28.55,0,NaN,,17,,120,10
3/25/2024 19:52,10.6,-2.92,38.94,0,NaN,,15,,110,10
3/25/2024 20:52,8.9,-1.2,49.48,0,NaN,7,11,,130,10
3/25/2024 21:52,8.3,-1.2,51.53,0,NaN,6,11,,130,10
3/25/2024 22:52,6.7,-1.8,55,0,NaN,5,7,,140,10
3/25/2024 23:52,5.6,-1.79,59.34,0,NaN,4,9,,140,10
3/26/2024 00:52,5.6,-2.3,57.19,0,NaN,4,7,,140,10
3/26/2024 01:52,3.9,-2.28,64.4,0,NaN,3,6,,200,10
3/26/2024 02:52,1.7,-2.26,75.28,0,NaN,,0,,0,10
3/26/2024 03:52,2.2,-2.26,72.64,0,NaN,,0,,0,10
3/26/2024 04:52,0,-2.84,81.4,0,NaN,,0,,0,10
3/26/2024 05:52,0,-2.84,81.4,0,NaN,-2,6,,90,10
3/26/2024 06:52,0.6,-2.85,77.93,0,NaN,,0,,0,10
3/26/2024 07:52,1.1,-2.25,78.59,0,NaN,,0,,0,10
3/26/2024 08:52,5.6,-0.68,64.33,0,NaN,,0,,0,10
3/26/2024 09:52,7.8,-2.31,49.16,0,NaN,,0,,0,10
3/26/2024 10:52,9.4,-2.31,44.12,0,NaN,,0,,0,10
3/26/2024 11:52,10,-2.31,42.38,0,NaN,9,7,,310,10
3/26/2024 12:52,11.7,-1.81,39.28,0,NaN,,0,,0,10
3/26/2024 13:52,13.3,-2.31,34.08,0,NaN,,6,,0,10
3/26/2024 14:52,15,-1.2,33.11,0,NaN,,13,,110,10
3/26/2024 15:52,16.7,-1.19,29.7,0,NaN,,15,,140,10
3/26/2024 16:52,16.7,0.52,33.62,0,NaN,,17,,110,10
3/26/2024 17:52,15,-1.8,31.68,0,NaN,,7,,0,10
3/26/2024 18:52,15,-0.09,35.88,0,NaN,,9,,150,10
3/26/2024 19:52,13.3,3.82,52.92,0,NaN,,17,,150,10
3/26/2024 20:52,11.1,6.05,71.29,25.4,NaN,,9,,160,10
3/26/2024 21:52,10.6,6.05,73.7,2.54,NaN,,13,,130,10
3/26/2024 22:52,10,4.95,71.08,0,NaN,8,17,,150,10
3/26/2024 23:52,8.9,4.95,76.53,0,NaN,7,11,,130,10
3/27/2024 00:52,8.3,5.57,83.1,0,NaN,6,13,,150,10
3/27/2024 01:52,8.3,5.57,83.1,0,NaN,6,15,,160,10
3/27/2024 02:52,8.3,5.57,83.1,0,NaN,6,13,,170,10
3/27/2024 03:52,7.8,5.57,85.97,2.54,NaN,6,9,,150,10
3/27/2024 04:52,7.8,5.57,85.97,0,NaN,6,13,,130,10
3/27/2024 05:52,7.8,4.97,82.46,0,NaN,6,13,,140,10
3/27/2024 06:52,7.8,5.57,85.97,0,NaN,7,6,,170,10
3/27/2024 07:52,7.8,5.57,85.97,0,NaN,7,7,,130,6
3/27/2024 08:52,7.8,6.08,88.99,2.54,NaN,7,6,,100,2
3/27/2024 09:52,8.3,6.68,89.65,177.8,NaN,7,7,,0,3
3/27/2024 10:52,8.3,6.68,89.65,50.8,NaN,7,7,,160,2.5
3/27/2024 11:52,9.4,6.67,83.23,101.6,NaN,8,7,,140,3
3/27/2024 12:52,8.9,7.18,89.09,152.4,NaN,,0,,0,4
3/27/2024 13:52,9.4,7.17,86.14,127,NaN,8,11,,130,2.5
3/27/2024 14:52,10,7.17,82.74,76.2,NaN,8,11,,150,7
3/27/2024 15:52,9.4,7.17,86.14,2.54,NaN,8,7,,170,10
3/27/2024 16:52,10.6,8.27,85.68,2.54,NaN,,7,,150,3
3/27/2024 17:52,10,7.77,86.2,0,NaN,10,6,,100,7
3/27/2024 18:52,10,7.77,86.2,0,NaN,9,7,,120,10
3/27/2024 19:52,9.4,7.78,89.74,0,NaN,8,7,,150,10
3/27/2024 20:52,9.4,7.78,89.74,2.54,NaN,9,6,,80,10
3/27/2024 21:52,9.4,7.78,89.74,25.4,NaN,7,13,,120,7
3/27/2024 22:52,9.4,7.78,89.74,2.54,NaN,8,9,,230,10
3/27/2024 23:52,9.4,7.78,89.74,2.54,NaN,,0,,0,10
3/28/2024 00:52,9.4,7.78,89.74,2.54,NaN,8,9,,220,10
3/28/2024 01:52,9.4,7.78,89.74,2.54,NaN,9,6,,230,10
3/28/2024 02:52,9.4,7.78,89.74,101.6,NaN,,0,,0,5
3/28/2024 03:52,9.4,7.78,89.74,50.8,NaN,,0,,0,10
3/28/2024 04:52,9.4,7.78,89.74,2.54,NaN,,0,,0,8
3/28/2024 05:52,9.4,7.78,89.74,0,NaN,8,9,,360,6
3/28/2024 06:52,9.4,7.78,89.74,0,NaN,7,13,,340,3
3/28/2024 07:52,9.4,7.78,89.74,0,NaN,8,11,,360,3
3/28/2024 08:52,10,7.77,86.2,0,NaN,8,15,,340,4
3/28/2024 09:52,10,6.06,76.71,0,NaN,8,19,,340,6
3/28/2024 10:52,10,3.83,65.81,0,NaN,7,22,,350,7
3/28/2024 11:52,10.6,3.23,60.61,0,NaN,,22,,340,10
3/28/2024 12:52,10,2.72,60.89,0,NaN,7,22,41,350,10
3/28/2024 13:52,10.6,1.61,54.09,0,NaN,,24,39,340,10
3/28/2024 14:52,11.1,-0.1,46.28,0,NaN,,28,,340,10
3/28/2024 15:52,11.7,-1.21,41.05,0,NaN,,20,39,340,10
3/28/2024 16:52,11.7,-2.31,37.85,0,NaN,,15,,360,10
3/28/2024 17:52,11.7,-1.21,41.05,0,NaN,,11,,40,10
3/28/2024 18:52,10.6,-1.21,44.15,0,NaN,,11,,50,10
3/28/2024 19:52,10,-1.2,45.96,0,NaN,9,9,,340,10
3/28/2024 20:52,10.6,-4.02,35.87,0,NaN,,19,,320,10
3/28/2024 21:52,10,-4.52,35.96,0,NaN,8,15,,320,10
3/28/2024 22:52,8.3,-4.52,40.32,0,NaN,6,13,,310,10
3/28/2024 23:52,7.2,-5.13,41.53,0,NaN,4,17,,310,10
3/29/2024 00:52,6.7,-5.12,42.98,0,NaN,4,13,,310,10
3/29/2024 01:52,6.1,-5.12,44.79,0,NaN,4,9,,320,10
3/29/2024 02:52,4.4,-5.12,50.41,0,NaN,2,9,,310,10
3/29/2024 03:52,1.7,-3.37,69.37,0,NaN,-1,7,,260,10
3/29/2024 04:52,1.1,-3.37,72.42,0,NaN,-2,9,,0,10
3/29/2024 05:52,0,-3.96,74.97,0,NaN,,0,,0,10
3/29/2024 06:52,4.4,-2.89,59.47,0,NaN,1,13,,270,10
3/29/2024 07:52,5.6,-1.18,62.02,0,NaN,4,7,,260,10
3/29/2024 08:52,9.4,1.01,56.14,0,NaN,7,19,,290,10
3/29/2024 09:52,11.1,2.11,54.22,0,NaN,,20,30,300,10
3/29/2024 10:52,11.7,0.5,46.46,0,NaN,,30,48,320,10
3/29/2024 11:52,13.3,0.5,41.83,0,NaN,,26,44,310,10
3/29/2024 12:52,13.9,-1.8,34.01,0,NaN,,46,65,300,10
3/29/2024 13:52,16.1,-2.29,28.46,0,NaN,,33,54,300,10
3/29/2024 14:52,16.7,-6.18,20.42,0,NaN,,41,57,290,10
3/29/2024 15:52,17.2,-7.86,17.36,0,NaN,,48,70,310,10
3/29/2024 16:52,17.2,-7.27,18.18,0,NaN,,39,59,320,10
3/29/2024 17:52,16.1,-7.88,18.61,0,NaN,,31,50,320,10
3/29/2024 18:52,15.6,-7.89,19.21,0,NaN,,35,50,310,10
3/29/2024 19:52,13.3,-7.91,22.29,0,NaN,,15,,320,10
3/29/2024 20:52,11.7,-7.92,24.76,0,NaN,,9,,340,10
3/29/2024 21:52,11.7,-8.42,23.81,0,NaN,,9,,330,10
3/29/2024 22:52,6.1,-5.12,44.79,0,NaN,,0,,0,10
3/29/2024 23:52,7.8,-6.23,36.66,0,NaN,6,9,,310,10
3/30/2024 00:52,7.2,-5.73,39.68,0,NaN,5,9,,340,10
3/30/2024 01:52,3.9,-4.51,54.64,0,NaN,,0,,0,10
3/30/2024 02:52,3.9,-5.11,52.21,0,NaN,2,9,,310,10
3/30/2024 03:52,0.6,-3.97,71.78,0,NaN,,0,,0,10
3/30/2024 04:52,0.6,-3.36,75.08,0,NaN,-1,6,,80,10
3/30/2024 05:52,0.6,-3.97,71.78,0,NaN,,0,,0,10
3/30/2024 06:52,0.6,-3.36,75.08,0,NaN,-1,6,,220,10
3/30/2024 07:52,3.3,-2.89,64.25,0,NaN,2,6,,220,10
3/30/2024 08:52,10,-1.81,43.97,0,NaN,,0,,0,10
3/30/2024 09:52,11.7,-2.31,37.85,0,NaN,,7,,190,10
3/30/2024 10:52,13.9,-2.3,32.78,0,NaN,,9,,190,10
3/30/2024 11:52,15,-1.8,31.68,0,NaN,,13,,190,10
3/30/2024 12:52,15.6,-0.69,33.05,0,NaN,,9,,200,10
3/30/2024 13:52,16.7,-0.08,32.19,0,NaN,,15,,190,10
3/30/2024 14:52,16.7,1.02,34.85,0,NaN,,9,,160,10
3/30/2024 15:52,18.9,1.04,30.35,0,NaN,,15,,150,10
3/30/2024 16:52,18.9,1.63,31.68,0,NaN,,11,,170,10
3/30/2024 17:52,18.9,3.23,35.5,2.54,NaN,,0,,0,10
3/30/2024 18:52,16.7,6.03,49.58,2.54,NaN,,9,,70,10
3/30/2024 19:52,13.9,6.03,59.33,2.54,NaN,,11,,120,10
3/30/2024 20:52,15,3.22,45.45,0,NaN,,11,,100,10
3/30/2024 21:52,12.8,4.93,59.06,0,NaN,,6,,200,10
3/30/2024 22:52,10.6,7.16,79.49,25.4,NaN,,7,,110,10
3/30/2024 23:52,10.6,7.16,79.49,2.54,NaN,,0,,0,10
3/31/2024 00:52,10,7.77,86.2,0,NaN,,0,,0,10
3/31/2024 01:52,9.4,7.17,86.14,0,NaN,,0,,0,10
3/31/2024 02:52,7.8,6.08,88.99,0,NaN,,0,,0,8
3/31/2024 03:52,7.2,5.58,89.56,0,NaN,6,6,,230,9
3/31/2024 04:52,6.1,4.98,92.65,0,NaN,5,6,,200,8
3/31/2024 05:52,6.7,4.98,88.9,0,NaN,,0,,0,10
3/31/2024 06:52,7.2,4.97,85.9,0,NaN,6,7,,110,10
3/31/2024 07:52,11.7,8.26,79.65,0,NaN,,9,,30,10
3/31/2024 08:52,13.3,7.75,69.32,0,NaN,,13,,10,10
3/31/2024 09:52,14.4,6.64,59.87,0,NaN,,28,,350,10
3/31/2024 10:52,15,4.93,51.21,0,NaN,,15,28,360,10
3/31/2024 11:52,15.6,5.53,51.37,0,NaN,,11,,350,10
3/31/2024 12:52,16.1,6.03,51.51,0,NaN,,11,,30,10
3/31/2024 13:52,18.3,7.14,48.35,0,NaN,,6,,0,10
3/31/2024 14:52,18.9,7.75,48.51,0,NaN,,6,,0,10
3/31/2024 15:52,17.2,8.85,58.16,0,NaN,,7,,190,10
3/31/2024 16:52,18.3,8.85,54.27,2.54,NaN,,9,,180,10
3/31/2024 17:52,18.3,8.25,52.11,0,NaN,,17,,180,10
3/31/2024 18:52,16.7,8.85,60.03,0,NaN,,9,,180,10
3/31/2024 19:52,14.4,8.85,69.55,0,NaN,,0,,0,10
3/31/2024 20:52,13.9,7.75,66.67,0,NaN,,6,,150,10
3/31/2024 21:52,13.3,7.15,66.54,0,NaN,,7,,170,10
3/31/2024 22:52,12.8,8.26,74.1,0,NaN,,9,,150,10
3/31/2024 23:52,13.3,7.75,69.32,0,NaN,,9,,180,10
4/1/2024 00:52,12.8,7.75,71.62,0,NaN,,9,,180,10
4/1/2024 01:52,12.2,7.76,74.5,0,NaN,,6,,150,10
4/1/2024 02:52,12.2,8.87,80.27,2.54,NaN,,9,,140,10
4/1/2024 03:52,11.7,9.98,89.32,76.2,NaN,,11,,140,7
4/1/2024 04:52,11.7,9.98,89.32,127,NaN,,0,,0,10
4/1/2024 05:52,11.1,9.38,89.27,0,NaN,,7,,140,10
4/1/2024 06:52,11.1,9.38,89.27,177.8,NaN,,6,,0,3
4/1/2024 07:52,11.7,9.38,85.8,50.8,NaN,,13,,160,8
4/1/2024 08:52,11.7,9.38,85.8,2.54,NaN,,9,,0,10
4/1/2024 09:52,12.2,9.98,86.42,25.4,NaN,,7,,100,9
4/1/2024 10:52,12.2,9.98,86.42,2.54,NaN,,11,,340,6
4/1/2024 11:52,12.2,10.58,89.96,76.2,NaN,,15,,30,3
4/1/2024 12:52,13.3,10.57,83.71,25.4,NaN,,11,,30,8
4/1/2024 13:52,13.9,10.57,80.51,2.54,NaN,,9,,0,10
4/1/2024 14:52,15.6,11.06,74.59,2.54,NaN,,0,,0,10
4/1/2024 15:52,13.9,10.57,80.51,0,NaN,,20,,30,10
4/1/2024 16:52,13.9,10.57,80.51,0,NaN,,13,,50,10
4/1/2024 17:52,13.3,9.97,80.42,0,NaN,,9,,80,10
4/1/2024 18:52,13.3,9.97,80.42,0,NaN,,9,,50,10
4/1/2024 19:52,13.3,9.36,77.25,0,NaN,,9,,100,10
4/1/2024 20:52,12.8,9.37,79.81,0,NaN,,11,,110,10
4/1/2024 21:52,12.2,8.87,80.27,0,NaN,,11,,90,10
4/1/2024 22:52,12.2,8.26,77.07,0,NaN,,15,,80,10
4/1/2024 23:52,11.7,8.87,82.95,0,NaN,,13,,120,10
4/2/2024 00:52,11.1,8.88,86.31,2.54,NaN,,7,,140,10
4/2/2024 01:52,11.1,8.88,86.31,25.4,NaN,,7,,200,10
4/2/2024 02:52,10.6,9.39,92.29,127,NaN,,6,,200,9
4/2/2024 03:52,10.6,8.88,89.23,2.54,NaN,,7,,160,10
4/2/2024 04:52,10.6,9.39,92.29,2.54,NaN,,6,,160,8
4/2/2024 05:52,10.6,8.88,89.23,76.2,NaN,,9,,100,10
4/2/2024 06:52,10.6,8.88,89.23,2.54,NaN,,0,,0,10
4/2/2024 07:52,10.6,8.88,89.23,0,NaN,,11,,80,9
4/2/2024 08:52,10.6,8.88,89.23,0,NaN,,20,33,90,1.5
4/2/2024 09:52,10,8.89,92.87,2.54,NaN,8,17,,110,2
4/2/2024 10:52,10,8.89,92.87,2.54,NaN,8,11,,140,2
4/2/2024 11:52,10.6,8.88,89.23,2.54,NaN,,9,,0,1.5
4/2/2024 12:52,10.6,8.88,89.23,2.54,NaN,,15,,130,4
4/2/2024 13:52,10.6,8.88,89.23,0,NaN,,13,,130,5
4/2/2024 14:52,10.6,8.88,89.23,381,NaN,,15,,110,1.5
4/2/2024 15:52,11.7,9.38,85.8,101.6,NaN,,13,,180,8
4/2/2024 16:52,11.7,9.38,85.8,0,NaN,,11,,80,10
4/2/2024 17:52,11.7,9.38,85.8,0,NaN,,11,,70,10
4/2/2024 18:52,11.1,9.38,89.27,2.54,NaN,,13,,40,2.5
4/2/2024 19:52,10,8.28,89.18,152.4,NaN,7,22,,70,5
4/2/2024 20:52,10,7.77,86.2,2.54,NaN,9,7,,100,7
4/2/2024 21:52,9.4,7.78,89.74,2.54,NaN,7,13,,60,7
4/2/2024 22:52,9.4,7.78,89.74,0,NaN,7,19,,90,7
4/2/2024 23:52,9.4,7.78,89.74,0,NaN,7,15,,90,10
4/3/2024 00:52,9.4,7.78,89.74,2.54,NaN,8,11,28,90,10
4/3/2024 01:52,9.4,7.78,89.74,0,NaN,7,15,,90,10
4/3/2024 02:52,8.9,7.18,89.09,0,NaN,6,17,31,80,5
4/3/2024 03:52,8.9,7.18,89.09,0,NaN,7,15,,70,3
4/3/2024 04:52,8.9,7.18,89.09,2.54,NaN,7,13,,70,3
4/3/2024 05:52,8.9,7.18,89.09,50.8,NaN,7,9,,70,4
4/3/2024 06:52,8.9,7.18,89.09,25.4,NaN,7,9,,90,2.5
4/3/2024 07:52,8.9,7.18,89.09,101.6,NaN,7,13,,100,2.5
4/3/2024 08:52,8.9,7.79,92.81,406.4,NaN,7,11,,50,1
4/3/2024 09:52,9.4,7.78,89.74,736.6,NaN,6,28,43,90,2
4/3/2024 10:52,10,7.77,86.2,76.2,NaN,10,6,,0,1
4/3/2024 11:52,10,8.89,92.87,177.8,NaN,9,9,,40,3
4/3/2024 13:52,10.6,8.88,89.23,50.8,NaN,,15,,50,4
4/3/2024 14:52,11.1,8.88,86.31,50.8,NaN,,9,,360,8
4/3/2024 15:52,11.1,8.88,86.31,2.54,NaN,,11,,360,6
4/3/2024 16:52,11.1,8.88,86.31,2.54,NaN,,11,,360,10
4/3/2024 17:52,10.6,8.88,89.23,2.54,NaN,,19,,320,2
4/3/2024 18:52,10.6,8.88,89.23,0,NaN,,20,37,350,10
4/3/2024 19:52,10.6,7.77,82.82,0,NaN,,22,,340,10
4/3/2024 20:52,9.4,5.56,77.15,2.54,NaN,5,39,54,330,7
4/3/2024 21:52,8.9,3.23,67.92,0,NaN,6,17,,300,10
4/3/2024 22:52,8.9,3.23,67.92,0,NaN,6,19,,300,10
4/3/2024 23:52,7.8,2.74,70.64,0,NaN,6,13,,290,10
4/4/2024 00:52,7.2,2.14,70.51,0,NaN,5,9,,340,10
4/4/2024 01:52,3.9,2.18,88.66,0,NaN,3,6,,250,10
4/4/2024 02:52,4.4,1.66,82.59,0,NaN,,0,,0,10
4/4/2024 03:52,2.2,0.58,89.15,0,NaN,,0,,0,10
4/4/2024 04:52,2.2,0.58,89.15,0,NaN,,0,,0,10
4/4/2024 05:52,1.1,-0.02,92.35,0,NaN,-2,9,,180,10
4/4/2024 06:52,2.2,1.08,92.42,0,NaN,,0,,0,10
4/4/2024 07:52,4.4,2.78,89.33,0,NaN,,0,,0,10
4/4/2024 08:52,7.8,4.36,79.07,0,NaN,7,7,,200,10
4/4/2024 09:52,10.6,4.94,68.29,0,NaN,,7,,180,10
4/4/2024 10:52,11.7,2.72,54.38,0,NaN,,6,,0,10
4/4/2024 11:52,12.8,-0.1,41.38,0,NaN,,7,,0,10
4/4/2024 12:52,12.8,-0.1,41.38,0,NaN,,7,,0,10
4/4/2024 13:52,10.6,2.12,56.05,2.54,NaN,,17,,290,8
4/4/2024 14:52,11.1,2.72,56.59,50.8,NaN,,0,,0,10
4/4/2024 15:52,8.3,4.35,76.43,101.6,NaN,5,22,,320,10
4/4/2024 16:52,8.9,2.12,62.82,0,NaN,7,13,,330,10
4/4/2024 17:52,10,2.12,58.34,0,NaN,9,9,,310,10
4/4/2024 18:52,8.9,1.01,58.06,2.54,NaN,8,7,,300,10
4/4/2024 19:52,8.3,0.51,58.32,0,NaN,7,7,,270,10
4/4/2024 20:52,7.8,-0.69,55.3,0,NaN,6,11,,280,10
4/4/2024 21:52,7.2,-0.69,57.61,0,NaN,4,17,,280,10
4/4/2024 22:52,7.2,-0.69,57.61,0,NaN,5,11,31,270,10
4/4/2024 23:52,6.1,-0.68,62.14,0,NaN,2,20,,290,10
4/5/2024 00:52,5.6,-0.68,64.33,0,NaN,4,7,,0,10
4/5/2024 01:52,4.4,-0.67,69.94,0,NaN,3,6,,220,10
4/5/2024 02:52,5,-0.67,67.07,0,NaN,3,9,,260,10
4/5/2024 03:52,4.4,-0.67,69.94,0,NaN,3,7,,240,10
4/5/2024 04:52,5,-0.67,67.07,0,NaN,3,7,,250,10
4/5/2024 05:52,3.3,-0.66,75.57,0,NaN,2,6,,210,10
4/5/2024 06:52,4.4,-0.06,73.06,0,NaN,3,7,,240,10
4/5/2024 07:52,7.2,1.03,65.17,0,NaN,5,9,,240,10
4/5/2024 08:52,9.4,1.01,56.14,0,NaN,7,19,35,260,10
4/5/2024 09:52,10.6,1.01,51.8,0,NaN,,31,48,290,10
4/5/2024 10:52,11.1,0.5,48.34,0,NaN,,31,48,290,10
4/5/2024 11:52,11.1,-0.1,46.28,0,NaN,,30,52,290,10
4/5/2024 12:52,12.8,0.5,43.22,0,NaN,,35,63,290,10
4/5/2024 13:52,12.2,-0.7,41.2,0,NaN,,39,57,290,10
4/5/2024 14:52,12.2,2.11,50.42,0,NaN,,30,48,340,10
4/5/2024 15:52,10,1.62,56.3,2.54,NaN,7,26,,310,10
4/5/2024 16:52,9.4,-1.21,47.84,2.54,NaN,6,28,44,320,10
4/5/2024 17:52,8.3,-1.2,51.53,0,NaN,4,30,50,310,10
4/5/2024 18:52,7.8,-1.81,51.01,0,NaN,4,28,41,310,10
4/5/2024 19:52,7.8,-4.02,43.31,0,NaN,5,19,37,330,10
4/5/2024 20:52,6.7,-4.02,46.7,0,NaN,2,28,,310,10
4/5/2024 21:52,6.1,-3.41,50.9,0,NaN,2,22,,300,10
4/5/2024 22:52,5.6,-3.41,52.7,0,NaN,2,17,37,320,10
4/5/2024 23:52,4.4,-2.89,59.47,0,NaN,1,17,,300,10
4/6/2024 00:52,3.9,-2.28,64.4,0,NaN,1,11,,280,10
4/6/2024 01:52,3.9,-2.89,61.59,0,NaN,1,11,,290,10
4/6/2024 02:52,3.9,-2.89,61.59,0,NaN,,17,,310,10
4/6/2024 03:52,3.3,-2.89,64.25,0,NaN,,13,,290,10
4/6/2024 04:52,3.9,-2.28,64.4,0,NaN,,17,,310,10
4/6/2024 05:52,3.9,-2.28,64.4,0,NaN,,19,,300,10
4/6/2024 06:52,4.4,-2.29,62.18,0,NaN,3,7,,320,10
4/6/2024 07:52,6.1,-1.19,59.91,0,NaN,2,20,,300,10
4/6/2024 08:52,7.2,-1.2,55.54,0,NaN,3,35,56,320,10
4/6/2024 09:52,8.3,-0.7,53.45,0,NaN,5,28,54,320,10
4/6/2024 10:52,10,-0.7,47.67,0,NaN,7,30,54,340,10
4/6/2024 11:52,11.1,-0.7,44.3,0,NaN,,31,48,340,10
4/6/2024 12:52,11.7,-1.21,41.05,0,NaN,,37,61,340,10
4/6/2024 13:52,12.2,-0.1,43.04,0,NaN,,30,44,320,10
4/6/2024 14:52,12.2,-0.1,43.04,0,NaN,,31,48,320,10
4/6/2024 15:52,12.8,-0.1,41.38,0,NaN,,33,56,310,10
4/6/2024 16:52,12.2,-0.7,41.2,0,NaN,,31,46,320,10
4/6/2024 17:52,13.3,-0.7,38.34,0,NaN,,19,41,320,10
4/6/2024 18:52,11.7,-0.1,44.48,0,NaN,,24,,300,10
4/6/2024 19:52,10,-0.1,49.8,0,NaN,8,15,,310,10
4/6/2024 20:52,8.9,-0.09,53.62,0,NaN,8,7,,290,10
4/6/2024 21:52,8.3,-0.09,55.84,0,NaN,,0,,0,10
4/6/2024 22:52,8.3,-0.09,55.84,0,NaN,6,11,,320,10
4/6/2024 23:52,7.2,-0.08,60.19,0,NaN,5,13,,300,10
4/7/2024 00:52,8.3,-0.7,53.45,0,NaN,6,15,,300,10
4/7/2024 01:52,8.3,-0.7,53.45,0,NaN,6,17,,310,10
4/7/2024 02:52,6.7,-1.19,57.48,0,NaN,4,11,,320,10
4/7/2024 03:52,6.1,-1.19,59.91,0,NaN,4,11,,320,10
4/7/2024 04:52,2.2,-1.76,75.37,0,NaN,,0,,0,10
4/7/2024 05:52,3.3,-1.77,69.71,0,NaN,,0,,0,10
4/7/2024 06:52,5,-1.18,64.66,0,NaN,4,6,,350,10
4/7/2024 07:52,6.7,0.52,65.05,0,NaN,,0,,0,10
4/7/2024 08:52,10,1.01,53.92,0,NaN,8,19,,330,10
4/7/2024 09:52,12.2,1,46.6,0,NaN,,17,,320,10
4/7/2024 10:52,13.3,0.5,41.83,0,NaN,,17,,310,10
4/7/2024 11:52,15,-0.7,34.34,0,NaN,,19,31,350,10
4/7/2024 12:52,15.6,-1.19,31.86,0,NaN,,24,35,350,10
4/7/2024 13:52,15.6,-0.69,33.05,0,NaN,,24,33,350,10
4/7/2024 14:52,17.2,-0.08,31.18,0,NaN,,22,35,330,10
4/7/2024 15:52,17.2,-0.08,31.18,0,NaN,,17,,350,10
4/7/2024 16:52,17.8,-0.07,30.03,0,NaN,,7,,350,10
4/7/2024 17:52,17.8,-0.68,28.74,0,NaN,,7,,360,10
4/7/2024 18:52,17.2,-0.68,29.85,0,NaN,,19,,40,10
4/7/2024 19:52,15.6,-0.69,33.05,0,NaN,,7,,360,10
4/7/2024 20:52,9.4,1.62,58.61,0,NaN,9,6,,210,10
4/7/2024 21:52,7.8,1.63,65.31,0,NaN,7,6,,160,10
4/7/2024 22:52,8.3,0.51,58.32,0,NaN,8,6,,140,10
4/7/2024 23:52,6.1,1.03,70.29,0,NaN,,0,,0,10
4/8/2024 00:52,5,1.65,79.2,0,NaN,,0,,0,10
4/8/2024 01:52,5,1.65,79.2,0,NaN,,0,,0,10
4/8/2024 02:52,3.9,0.55,79.03,0,NaN,,0,,0,10
4/8/2024 03:52,2.8,0.57,85.42,0,NaN,,0,,0,10
4/8/2024 04:52,2.8,0.57,85.42,0,NaN,,0,,0,10
4/8/2024 05:52,2.2,0.58,89.15,0,NaN,,0,,0,10
4/8/2024 06:52,2.8,0.57,85.42,0,NaN,,0,,0,10
4/8/2024 07:52,7.8,3.85,76.34,0,NaN,,0,,0,10
4/8/2024 08:52,10,3.23,63.08,0,NaN,,0,,0,10
4/8/2024 09:52,13.9,3.22,48.79,0,NaN,,6,,210,10
4/8/2024 10:52,16.7,2.12,37.71,0,NaN,,17,,180,10
4/8/2024 11:52,20,2.15,30.67,0,NaN,,15,31,180,10
4/8/2024 12:52,21.1,2.16,28.66,0,NaN,,15,,200,10
4/8/2024 13:52,22.2,2.17,26.8,0,NaN,,22,39,190,10
4/8/2024 14:52,22.2,2.77,27.97,0,NaN,,19,30,170,10
4/8/2024 15:52,21.7,3.26,29.87,0,NaN,,13,,200,10
4/8/2024 16:52,23.3,4.38,29.29,0,NaN,,17,33,190,10
4/8/2024 17:52,22.8,4.97,31.48,0,NaN,,15,,200,10
4/8/2024 18:52,22.2,5.57,34.04,0,NaN,,17,,200,10
4/8/2024 19:52,19.4,4.34,37.19,0,NaN,,9,,120,10
4/8/2024 20:52,17.8,4.94,42.86,0,NaN,,11,,150,10
4/8/2024 21:52,17.8,4.94,42.86,0,NaN,,11,,170,10
4/8/2024 22:52,16.7,6.03,49.58,0,NaN,,6,,150,10
4/8/2024 23:52,12.2,6.65,69.1,0,NaN,,7,,100,10
4/9/2024 00:52,11.1,6.05,71.29,0,NaN,,6,,120,10
4/9/2024 01:52,10.6,6.05,73.7,0,NaN,,0,,0,10
4/9/2024 02:52,11.1,6.05,71.29,0,NaN,,11,,330,10
4/9/2024 03:52,10,6.06,76.71,0,NaN,10,6,,320,10
4/9/2024 04:52,10.6,7.16,79.49,0,NaN,,0,,0,10
4/9/2024 05:52,9.4,6.06,79.86,0,NaN,,0,,0,10
4/9/2024 06:52,10,6.66,79.95,0,NaN,10,6,,300,10
4/9/2024 07:52,12.2,7.76,74.5,0,NaN,,0,,0,10
4/9/2024 08:52,16.7,7.74,55.71,0,NaN,,0,,0,10
4/9/2024 09:52,18.9,8.25,50.19,0,NaN,,0,,0,10
4/9/2024 10:52,21.1,9.36,47.19,0,NaN,,0,,0,10
4/9/2024 11:52,22.8,11.08,47.66,0,NaN,,0,,0,10
4/9/2024 12:52,24.4,10.59,41.88,0,NaN,,6,,0,10
4/9/2024 13:52,25.6,10.6,38.99,0,NaN,,6,,0,10
4/9/2024 14:52,25,10.6,40.41,0,NaN,,11,,150,10
4/9/2024 15:52,26.1,11.11,39.14,0,NaN,,9,,210,10
4/9/2024 16:52,25,11.69,43.46,0,NaN,,7,,200,10
4/9/2024 17:52,24.4,12.19,46.55,0,NaN,,7,,130,10
4/9/2024 18:52,23.9,11.09,44.61,0,NaN,,17,,150,10
4/9/2024 19:52,22.2,11.07,49.43,0,NaN,,11,,140,10
4/9/2024 20:52,21.1,11.07,52.86,0,NaN,,11,,160,10
4/9/2024 21:52,20.6,10.56,52.73,0,NaN,,7,,150,10
4/9/2024 22:52,20.6,9.36,48.66,0,NaN,,15,,190,10
4/9/2024 23:52,20,9.96,52.57,0,NaN,,17,,200,10
4/10/2024 00:52,19.4,10.56,56.79,0,NaN,,19,,200,10
4/10/2024 01:52,18.9,10.56,58.58,0,NaN,,11,,200,10
4/10/2024 02:52,18.3,11.06,62.87,0,NaN,,11,,200,10
4/10/2024 03:52,17.8,11.06,64.88,0,NaN,,11,,200,10
4/10/2024 04:52,17.2,11.67,70.11,0,NaN,,13,,190,10
4/10/2024 05:52,16.7,12.17,74.78,2.54,NaN,,6,,170,10
4/10/2024 06:52,16.7,12.17,74.78,0,NaN,,9,,0,10
4/10/2024 07:52,16.7,12.77,77.79,2.54,NaN,,6,,190,10
4/10/2024 08:52,17.2,12.77,75.36,2.54,NaN,,7,,230,10
4/10/2024 09:52,18.3,12.77,70.32,0,NaN,,9,,210,10
4/10/2024 10:52,21.1,12.77,59.12,0,NaN,,0,,0,10
4/10/2024 11:52,22.8,12.78,53.31,0,NaN,,7,,30,10
4/10/2024 12:52,22.8,11.68,49.59,0,NaN,,9,,0,10
4/10/2024 13:52,24.4,11.69,45.04,0,NaN,,7,,0,10
4/10/2024 14:52,26.1,12.21,42.08,0,NaN,,19,28,200,10
4/10/2024 15:52,25.6,11.7,41.94,0,NaN,,6,,0,10
4/10/2024 16:52,25.6,12.2,43.35,0,NaN,,11,,180,10
4/10/2024 17:52,25,12.2,44.92,0,NaN,,17,,190,10
4/10/2024 18:52,24.4,11.69,45.04,0,NaN,,13,,200,10
4/10/2024 19:52,22.8,11.68,49.59,0,NaN,,9,,190,10
4/10/2024 20:52,21.7,12.17,54.79,0,NaN,,11,,200,10
4/10/2024 21:52,21.7,12.77,56.99,0,NaN,,13,,180,10
4/10/2024 22:52,21.1,13.87,63.51,0,NaN,,15,35,180,10
4/10/2024 23:52,20.6,14.38,67.65,0,NaN,,13,,170,10
4/11/2024 00:52,20,13.87,67.96,0,NaN,,15,,190,10
4/11/2024 01:52,19.4,13.87,70.54,0,NaN,,11,,170,10
4/11/2024 02:52,18.9,13.87,72.77,0,NaN,,9,,170,10
4/11/2024 03:52,18.9,14.38,75.16,0,NaN,,11,,150,10
4/11/2024 04:52,18.3,14.38,78.03,0,NaN,,13,,160,10
4/11/2024 05:52,17.8,14.38,80.52,0,NaN,,11,,170,10
4/11/2024 06:52,17.8,14.38,80.52,0,NaN,,15,,160,10
4/11/2024 07:52,18.3,13.88,75.55,0,NaN,,15,31,160,10
4/11/2024 08:52,18.9,14.38,75.16,0,NaN,,20,,160,10
4/11/2024 09:52,19.4,14.38,72.86,0,NaN,,20,35,160,10
4/11/2024 10:52,20.6,14.98,70.32,0,NaN,,20,35,140,10
4/11/2024 11:52,20.6,14.98,70.32,0,NaN,,24,39,160,10
4/11/2024 12:52,21.1,16.08,73.16,0,NaN,,22,39,150,10
4/11/2024 13:52,21.7,15.58,68.31,0,NaN,,26,41,160,10
4/11/2024 14:52,20.6,14.98,70.32,2.54,NaN,,26,,150,10
4/11/2024 15:52,20,15.58,75.83,2.54,NaN,,19,35,130,9
4/11/2024 16:52,20,16.08,78.29,25.4,NaN,,26,41,140,10
4/11/2024 17:52,18.9,16.69,87.08,2.54,NaN,,20,35,130,5
4/11/2024 18:52,19.4,16.69,84.41,2.54,NaN,,24,46,130,8
4/11/2024 19:52,19.4,16.69,84.41,2.54,NaN,,26,52,130,9
4/11/2024 20:52,19.4,16.69,84.41,2.54,NaN,,22,43,130,10
4/11/2024 21:52,19.4,16.69,84.41,0,NaN,,26,43,140,9
4/11/2024 22:52,20,16.68,81.33,0,NaN,,20,37,130,10
4/11/2024 23:52,18.9,16.69,87.08,76.2,NaN,,24,44,130,10
4/12/2024 00:52,19.4,16.08,81.25,25.4,NaN,,24,39,140,10
4/12/2024 01:52,18.3,15.58,84.29,152.4,NaN,,28,46,190,10
4/12/2024 02:52,17.2,14.99,86.92,25.4,NaN,,17,,180,10
4/12/2024 03:52,16.7,14.38,86.31,2.54,NaN,,19,33,200,7
4/12/2024 04:52,16.7,14.38,86.31,0,NaN,,17,,190,10
4/12/2024 05:52,16.7,14.38,86.31,2.54,NaN,,19,,190,10
4/12/2024 06:52,16.7,14.38,86.31,76.2,NaN,,22,35,240,6
4/12/2024 07:52,16.1,11.06,72.25,2.54,NaN,,19,28,290,10
4/12/2024 08:52,15.6,7.14,57.36,2.54,NaN,,31,46,290,10
4/12/2024 09:52,15.6,6.64,55.42,2.54,NaN,,17,35,280,10
4/12/2024 10:52,17.2,4.93,44.51,0,NaN,,24,57,280,10
4/12/2024 11:52,18.3,4.34,39.83,0,NaN,,31,54,270,10
4/12/2024 12:52,18.9,4.34,38.36,0,NaN,,44,69,260,10
4/12/2024 13:52,17.8,4.33,41.1,0,NaN,,33,57,230,10
4/12/2024 14:52,18.9,4.94,40,0,NaN,,37,59,260,10
4/12/2024 15:52,18.9,3.84,37.04,0,NaN,,30,56,240,10
4/12/2024 16:52,18.9,3.84,37.04,0,NaN,,24,50,230,10
4/12/2024 17:52,18.3,3.83,38.45,0,NaN,,24,46,240,10
4/12/2024 18:52,17.2,3.23,39.5,0,NaN,,33,56,240,10
4/12/2024 19:52,16.7,2.72,39.35,0,NaN,,19,44,260,10
4/12/2024 20:52,16.1,2.72,40.88,0,NaN,,26,59,280,10
4/12/2024 21:52,15,3.22,45.45,0,NaN,,17,35,270,10
4/12/2024 22:52,14.4,3.22,47.24,0,NaN,,22,39,230,10
4/12/2024 23:52,14.4,3.82,49.28,0,NaN,,22,39,250,10
4/13/2024 00:52,14.4,3.82,49.28,0,NaN,,28,54,260,10
4/13/2024 01:52,13.9,3.82,50.9,0,NaN,,28,54,280,10
4/13/2024 02:52,13.3,2.72,48.97,0,NaN,,39,59,300,10
4/13/2024 03:52,11.7,1.61,50.28,2.54,NaN,,37,65,300,10
4/13/2024 04:52,11.7,1.01,48.16,0,NaN,,24,44,280,10
4/13/2024 05:52,11.7,2.11,52.11,0,NaN,,15,,270,10
4/13/2024 06:52,12.2,1,46.6,0,NaN,,19,37,270,10
4/13/2024 07:52,12.8,1,44.8,0,NaN,,30,52,270,10
4/13/2024 08:52,13.3,1,43.36,0,NaN,,28,54,290,10
4/13/2024 09:52,14.4,1.01,40.38,0,NaN,,35,59,280,10
4/13/2024 10:52,15,-0.09,35.88,0,NaN,,35,67,270,10
4/13/2024 11:52,15,-0.7,34.34,0,NaN,,39,70,300,10
4/13/2024 12:52,16.7,-0.08,32.19,0,NaN,,39,61,300,10
4/13/2024 13:52,17.2,-0.08,31.18,0,NaN,,48,67,310,10
4/13/2024 14:52,18.3,-0.07,29.1,0,NaN,,41,61,300,10
4/13/2024 15:52,18.9,-0.66,26.83,0,NaN,,39,61,320,10
4/13/2024 16:52,19.4,-1.16,25.07,0,NaN,,35,61,310,10
4/13/2024 17:52,18.9,-2.26,23.85,0,NaN,,35,56,310,10
4/13/2024 18:52,18.3,-1.77,25.69,0,NaN,,26,50,310,10
4/13/2024 19:52,16.7,-2.28,27.39,0,NaN,,22,37,300,10
4/13/2024 20:52,15.6,-2.29,29.38,0,NaN,,0,,0,10
4/13/2024 21:52,15,-2.3,30.53,0,NaN,,11,,270,10
4/13/2024 22:52,13.9,-1.2,35.55,0,NaN,,13,,300,10
4/13/2024 23:52,10.6,-0.7,45.8,0,NaN,,9,,270,10
4/14/2024 00:52,10,-0.7,47.67,0,NaN,10,6,,260,10
4/14/2024 01:52,7.8,-0.09,57.77,0,NaN,6,9,,200,10
4/14/2024 02:52,8.9,0.51,56,0,NaN,7,9,,220,10
4/14/2024 03:52,7.2,-0.08,60.19,0,NaN,6,7,,180,10
4/14/2024 04:52,7.2,-0.08,60.19,0,NaN,6,7,,190,10
4/14/2024 05:52,7.8,-0.69,55.3,0,NaN,6,9,,180,10
4/14/2024 06:52,7.8,-0.09,57.77,0,NaN,6,9,,180,10
4/14/2024 07:52,11.1,1.61,52.32,0,NaN,,9,,200,10
4/14/2024 08:52,15,1.61,40.56,0,NaN,,17,,200,10
4/14/2024 09:52,18.3,2.13,34.09,0,NaN,,20,39,200,10
4/14/2024 10:52,21.1,3.26,30.99,0,NaN,,24,39,190,10
4/14/2024 11:52,22.8,3.88,29.15,0,NaN,,28,43,200,10
4/14/2024 12:52,24.4,5,28.6,0,NaN,,30,43,180,10
4/14/2024 13:52,26.1,6.12,27.9,0,NaN,,30,46,200,10
4/14/2024 14:52,26.7,6.13,26.93,0,26.13,,33,52,210,10
4/14/2024 15:52,27.8,7.24,27.24,0,26.84,,31,57,190,10
4/14/2024 16:52,28.3,7.85,27.56,0,27.21,,37,61,200,10
4/14/2024 17:52,28.3,7.85,27.56,0,27.21,,26,54,190,10
4/14/2024 18:52,27.8,8.34,29.36,0,26.92,,37,56,210,10
4/14/2024 19:52,26.1,8.31,32.43,0,NaN,,24,41,210,10
4/14/2024 20:52,23.9,8.28,36.97,0,NaN,,15,,210,10
4/14/2024 21:52,23.3,8.28,38.33,0,NaN,,15,,210,10
4/14/2024 22:52,20.6,8.86,47.05,0,NaN,,11,,200,10
4/14/2024 23:52,21.7,8.86,43.98,0,NaN,,15,,200,10
4/15/2024 00:52,20,8.86,48.82,0,NaN,,13,,200,10
4/15/2024 01:52,18.9,8.85,52.27,0,NaN,,0,,0,10
4/15/2024 02:52,16.7,9.35,62.08,0,NaN,,7,,310,10
4/15/2024 03:52,19.4,9.36,52.41,0,NaN,,20,,20,10
4/15/2024 04:52,19.4,9.36,52.41,0,NaN,,15,,130,10
4/15/2024 05:52,17.2,9.35,60.15,2.54,NaN,,6,,230,10
4/15/2024 06:52,16.1,9.35,64.5,0,NaN,,6,,210,10
4/15/2024 07:52,16.7,10.56,67.27,0,NaN,,6,,340,10
4/15/2024 08:52,20,10.56,54.71,0,NaN,,6,,350,10
4/15/2024 09:52,23.3,10.58,44.73,0,NaN,,0,,0,10
4/15/2024 10:52,26.7,10.02,35.11,0,26.34,,0,,0,10
4/15/2024 11:52,27.8,10.03,32.92,0,27.09,,6,,0,10
4/15/2024 12:52,28.3,12.23,37,0,27.72,,7,,0,10
4/15/2024 13:52,28.3,10.64,33.28,0,27.49,,7,,0,10
4/15/2024 14:52,24.4,13.29,50.03,2.54,NaN,,41,67,360,8
4/15/2024 15:52,27.8,13.92,42.56,2.54,27.66,,15,,30,10
4/15/2024 16:52,28.9,13.34,38.41,0,28.37,,9,,330,10
4/15/2024 17:52,28.9,12.24,35.74,0,28.16,,19,,310,10
4/15/2024 18:52,27.8,11.13,35.42,0,27.22,,15,,320,10
4/15/2024 19:52,26.1,10.61,37.86,0,NaN,,13,,350,10
4/15/2024 20:52,26.1,10.01,36.37,0,NaN,,11,,10,10
4/15/2024 21:52,25,9.4,37.29,0,NaN,,13,,360,10
4/15/2024 22:52,24.4,7.79,34.68,0,NaN,,26,37,350,10
4/15/2024 23:52,23.3,6.68,34.36,0,NaN,,19,,360,10
4/16/2024 00:52,21.7,5.56,35.09,0,NaN,,19,,340,10
4/16/2024 01:52,20,3.84,34.59,0,NaN,,22,,350,10
4/16/2024 02:52,18.9,2.74,34.27,0,NaN,,17,,30,10
4/16/2024 03:52,16.1,1.62,37.8,0,NaN,,17,,30,10
4/16/2024 04:52,13.9,1.01,41.71,0,NaN,,11,,30,10
4/16/2024 05:52,13.9,0.51,40.23,0,NaN,,7,,20,10
4/16/2024 06:52,9.4,2.12,60.74,0,NaN,,0,,0,10
4/16/2024 07:52,16.1,2.12,39.18,0,NaN,,6,,20,10
4/16/2024 08:52,17.8,1.02,32.51,0,NaN,,6,,0,10
4/16/2024 09:52,18.9,1.04,30.35,0,NaN,,7,,100,10
4/16/2024 10:52,20.6,2.15,29.56,0,NaN,,6,,80,10
4/16/2024 11:52,21.7,2.76,28.83,0,NaN,,7,,0,10
4/16/2024 12:52,23.3,3.28,27.11,0,NaN,,6,,20,10
4/16/2024 13:52,23.9,3.89,27.28,0,NaN,,7,,0,10
4/16/2024 14:52,24.4,4.4,27.42,0,NaN,,11,,190,10
4/16/2024 15:52,25,5,27.59,0,NaN,,11,,200,10
4/16/2024 16:52,25,5.6,28.77,0,NaN,,11,,230,10
4/16/2024 17:52,24.4,6.09,30.86,0,NaN,,9,,220,10
4/16/2024 18:52,23.3,6.08,32.97,0,NaN,,9,,160,10
4/16/2024 19:52,21.7,4.96,33.66,0,NaN,,11,,170,10
4/16/2024 20:52,19.4,4.94,38.78,0,NaN,,11,,160,10
4/16/2024 21:52,18.9,4.94,40,0,NaN,,13,,160,10
4/16/2024 22:52,17.2,6.04,48.04,0,NaN,,7,,150,10
4/16/2024 23:52,17.2,7.14,51.81,0,NaN,,9,,160,10
4/17/2024 00:52,17.2,7.14,51.81,0,NaN,,13,,170,10
4/17/2024 01:52,17.2,6.04,48.04,0,NaN,,15,,170,10
4/17/2024 02:52,16.7,4.33,44.05,0,NaN,,17,,170,10
4/17/2024 03:52,16.1,3.22,42.36,0,NaN,,13,,180,10
4/17/2024 04:52,16.1,1.62,37.8,0,NaN,,13,,180,10
4/17/2024 05:52,16.1,0.51,34.92,0,NaN,,13,,180,10
4/17/2024 06:52,15,1.01,38.85,0,NaN,,9,,170,10
4/17/2024 07:52,16.1,1.62,37.8,0,NaN,,11,,170,10
4/17/2024 08:52,16.1,2.72,40.88,0,NaN,,11,,190,10
4/17/2024 09:52,16.1,4.33,45.77,0,NaN,,7,,190,10
4/17/2024 10:52,16.7,5.53,47.9,2.54,NaN,,7,,160,10
4/17/2024 11:52,19.4,6.65,43.62,2.54,NaN,,11,,180,10
4/17/2024 12:52,20.6,8.26,45.18,0,NaN,,0,,0,10
4/17/2024 13:52,21.1,9.36,47.19,0,NaN,,15,,130,10
4/17/2024 14:52,21.7,10.57,49.29,0,NaN,,19,28,140,10
4/17/2024 15:52,22.2,11.07,49.43,0,NaN,,15,,140,10
4/17/2024 16:52,22.8,12.18,51.25,0,NaN,,13,,130,10
4/17/2024 17:52,22.2,13.28,57.12,0,NaN,,11,,170,10
4/17/2024 18:52,21.7,13.88,61.23,0,NaN,,13,,150,10
4/17/2024 19:52,21.1,14.38,65.6,0,NaN,,9,,140,10
4/17/2024 20:52,20,14.38,70.2,0,NaN,,13,,140,10
4/17/2024 21:52,19.4,14.38,72.86,0,NaN,,13,,130,10
4/17/2024 22:52,18.9,14.38,75.16,0,NaN,,13,,120,10
4/17/2024 23:52,17.8,14.38,80.52,0,NaN,,0,,0,10
4/18/2024 00:52,17.8,14.38,80.52,0,NaN,,20,,350,10
4/18/2024 01:52,15.6,13.28,86.2,0,NaN,,6,,60,10
4/18/2024 02:52,15,12.78,86.7,0,NaN,,6,,340,8
4/18/2024 03:52,15.6,13.28,86.2,0,NaN,,0,,0,9
4/18/2024 04:52,14.4,12.79,90.12,0,NaN,,0,,0,9
4/18/2024 05:52,14.4,11.68,83.84,0,NaN,,6,,280,10
4/18/2024 06:52,12.2,10.58,89.96,0,NaN,,0,,0,10
4/18/2024 07:52,15.6,13.28,86.2,0,NaN,,0,,0,10
4/18/2024 08:52,20,12.77,63.26,0,NaN,,0,,0,10
4/18/2024 09:52,21.7,11.07,50.96,0,NaN,,17,39,300,10
4/18/2024 10:52,22.2,8.87,42.66,2.54,NaN,,28,41,310,10
4/18/2024 11:52,23.3,9.38,41.28,2.54,NaN,,30,44,320,10
4/18/2024 12:52,23.3,9.38,41.28,0,NaN,,26,39,310,10
4/18/2024 13:52,25,8.9,36.05,0,NaN,,24,44,320,10
4/18/2024 14:52,25.6,9.4,35.98,0,NaN,,15,31,350,10
4/18/2024 15:52,25.6,10.6,38.99,0,NaN,,20,28,330,10
4/18/2024 16:52,25,10.6,40.41,0,NaN,,11,31,0,10
4/18/2024 17:52,25,10,38.82,0,NaN,,13,28,10,10
4/18/2024 18:52,23.9,9.99,41.46,0,NaN,,15,,350,10
4/18/2024 19:52,22.2,9.37,44.12,0,NaN,,13,,20,10
4/18/2024 20:52,19.4,9.96,54.56,0,NaN,,9,,40,10
4/18/2024 21:52,17.2,11.06,67.38,0,NaN,,19,,80,10
4/18/2024 22:52,15.6,11.06,74.59,0,NaN,,19,,110,10
4/18/2024 23:52,13.9,9.36,74.3,0,NaN,,11,,100,10
4/19/2024 00:52,13.9,9.36,74.3,0,NaN,,9,,90,10
4/19/2024 01:52,13.9,9.36,74.3,0,NaN,,7,,90,10
4/19/2024 02:52,13.3,9.36,77.25,0,NaN,,13,,110,10
4/19/2024 03:52,12.8,9.37,79.81,0,NaN,,9,,130,10
4/19/2024 04:52,12.8,9.37,79.81,0,NaN,,11,,130,10
4/19/2024 05:52,12.2,9.37,83.02,0,NaN,,11,,120,10
4/19/2024 06:52,12.2,8.87,80.27,0,NaN,,15,,110,10
4/19/2024 07:52,11.7,8.87,82.95,0,NaN,,17,,110,7
4/19/2024 08:52,11.7,8.87,82.95,0,NaN,,17,,110,7
4/19/2024 09:52,12.2,8.26,77.07,0,NaN,,19,,110,10
4/19/2024 10:52,12.2,8.26,77.07,0,NaN,,20,,150,7
4/19/2024 11:52,12.2,8.87,80.27,0,NaN,,15,,140,7
4/19/2024 12:52,12.8,8.86,77.17,0,NaN,,11,,180,10
4/19/2024 13:52,12.2,9.37,83.02,2.54,NaN,,9,,160,10
4/19/2024 14:52,12.8,9.37,79.81,2.54,NaN,,13,,150,7
4/19/2024 15:52,12.8,9.97,83.09,25.4,NaN,,15,,150,10
4/19/2024 16:52,12.8,9.37,79.81,0,NaN,,13,,160,10
4/19/2024 17:52,13.3,9.97,80.42,0,NaN,,11,,180,10
4/19/2024 18:52,12.8,9.97,83.09,0,NaN,,11,,170,10
4/19/2024 19:52,12.8,9.97,83.09,0,NaN,,11,,170,10
4/19/2024 20:52,12.8,9.97,83.09,0,NaN,,9,,160,10
4/19/2024 21:52,12.8,9.97,83.09,0,NaN,,7,,160,10
4/19/2024 22:52,12.8,10.58,86.49,0,NaN,,7,,160,10
4/19/2024 23:52,12.8,10.58,86.49,0,NaN,,0,,0,10
4/20/2024 00:52,12.8,10.58,86.49,0,NaN,,0,,0,10
4/20/2024 01:52,13.3,11.08,86.54,2.54,NaN,,0,,0,10
4/20/2024 02:52,12.8,11.08,89.41,25.4,NaN,,0,,0,10
4/20/2024 03:52,12.8,11.08,89.41,2.54,NaN,,6,,270,10
4/20/2024 04:52,12.8,11.08,89.41,0,NaN,,0,,0,10
4/20/2024 05:52,12.8,11.69,93.03,0,NaN,,0,,0,10
4/20/2024 06:52,12.8,11.69,93.03,0,NaN,,0,,0,10
4/20/2024 07:52,13.3,11.68,90.04,0,NaN,,6,,330,7
4/20/2024 08:52,13.9,11.68,86.6,0,NaN,,0,,0,8
4/20/2024 09:52,15.6,11.67,77.61,0,NaN,,9,,340,10
4/20/2024 10:52,17.8,7.74,51.97,0,NaN,,19,,330,10
4/20/2024 11:52,18.3,3.23,36.86,0,NaN,,13,31,310,10
4/20/2024 12:52,19.4,2.74,33.22,0,NaN,,11,35,270,10
4/20/2024 13:52,22.2,5.57,34.04,0,NaN,,9,,0,10
4/20/2024 14:52,22.2,0.57,23.89,0,NaN,,22,44,320,10
4/20/2024 15:52,22.8,-1.11,20.36,0,NaN,,33,48,290,10
4/20/2024 16:52,22.8,-2.21,18.77,0,NaN,,33,50,310,10
4/20/2024 17:52,22.2,-1.72,20.2,0,NaN,,24,,310,10
4/20/2024 18:52,20.6,-2.84,20.53,0,NaN,,22,44,310,10
4/20/2024 19:52,18.3,-2.27,24.76,0,NaN,,17,,320,10
4/20/2024 20:52,17.2,-2.28,26.54,0,NaN,,17,,350,10
4/20/2024 21:52,16.1,-1.79,29.53,0,NaN,,30,41,350,10
4/20/2024 22:52,15,-3.4,28.13,0,NaN,,28,48,350,10
4/20/2024 23:52,12.8,-1.81,36.54,0,NaN,,28,39,350,10
4/21/2024 00:52,11.7,-1.81,39.28,0,NaN,,15,,10,10
4/21/2024 01:52,10.6,-2.31,40.72,0,NaN,,17,31,360,10
4/21/2024 02:52,10,-2.92,40.53,0,NaN,8,15,,340,10
4/21/2024 03:52,9.4,-2.91,42.2,0,NaN,7,13,,360,10
4/21/2024 04:52,8.3,-3.42,43.79,0,NaN,6,11,,330,10
4/21/2024 05:52,7.8,-4.02,43.31,0,NaN,6,9,,330,10
4/21/2024 06:52,7.8,-3.42,45.3,0,NaN,6,13,,350,10
4/21/2024 07:52,8.3,-4.02,41.86,0,NaN,7,7,,10,10
4/21/2024 08:52,8.9,-3.42,42.05,0,NaN,8,7,,40,10
4/21/2024 09:52,9.4,-3.42,40.65,0,NaN,8,9,,20,10
4/21/2024 10:52,10,-2.92,40.53,0,NaN,,0,,0,10
4/21/2024 11:52,10.6,-4.02,35.87,0,NaN,,6,,270,10
4/21/2024 12:52,11.7,-2.31,37.85,0,NaN,,9,,0,10
4/21/2024 13:52,11.7,-2.92,36.2,0,NaN,,7,,0,10
4/21/2024 14:52,12.2,-1.81,38,0,NaN,,6,,0,10
4/21/2024 15:52,12.2,-2.31,36.63,0,NaN,,11,,0,10
4/21/2024 16:52,11.7,-1.81,39.28,0,NaN,,7,,310,10
4/21/2024 17:52,11.7,-2.31,37.85,0,NaN,,11,,340,10
4/21/2024 18:52,11.7,-2.31,37.85,0,NaN,,9,,330,10
4/21/2024 19:52,10.6,-1.81,42.25,0,NaN,,7,,350,10
4/21/2024 20:52,7.2,-0.08,60.19,0,NaN,6,6,,300,10
4/21/2024 21:52,9.4,-2.31,44.12,0,NaN,7,13,,330,10
4/21/2024 22:52,7.8,-1.81,51.01,0,NaN,6,9,,320,10
4/21/2024 23:52,7.8,-2.91,47.02,0,NaN,6,9,,340,10
4/22/2024 00:52,7.2,-2.91,48.99,0,NaN,5,11,,330,10
4/22/2024 01:52,5.6,-2.9,54.7,0,NaN,4,9,,320,6
4/22/2024 02:52,5.6,-2.9,54.7,0,NaN,3,11,,330,9
4/22/2024 03:52,4.4,-2.89,59.47,0,NaN,2,9,,320,10
4/22/2024 04:52,5,-3.4,54.94,0,NaN,2,11,,340,10
4/22/2024 05:52,3.9,-3.39,59.34,0,NaN,2,9,,340,10
4/22/2024 06:52,4.4,-3.4,57.29,0,NaN,3,6,,320,10
4/22/2024 07:52,6.7,-2.91,50.7,0,NaN,5,7,,310,7
4/22/2024 08:52,9.4,-2.31,44.12,0,NaN,7,13,,320,10
4/22/2024 09:52,11.7,-2.31,37.85,0,NaN,,0,,0,10
4/22/2024 10:52,12.8,-2.31,35.21,0,NaN,,15,,30,10
4/22/2024 11:52,14.4,-1.8,32.93,0,NaN,,9,,360,10
4/22/2024 12:52,15.6,-1.79,30.48,0,NaN,,17,28,310,10
4/22/2024 13:52,15.6,-2.89,28.1,0,NaN,,11,,0,10
4/22/2024 14:52,17.2,-3.38,24.45,0,NaN,,9,26,310,10
4/22/2024 15:52,17.8,-3.37,23.55,0,NaN,,13,,330,10
4/22/2024 16:52,17.8,-3.37,23.55,0,NaN,,11,,350,10
4/22/2024 17:52,17.8,-3.37,23.55,0,NaN,,0,,0,10
4/22/2024 18:52,17.2,-4.48,22.51,0,NaN,,13,,320,10
4/22/2024 19:52,16.1,-5.09,23.07,0,NaN,,6,,120,10
4/22/2024 20:52,9.4,-0.7,49.63,0,NaN,9,6,,150,10
4/22/2024 21:52,7.2,-0.69,57.61,0,NaN,,0,,0,10
4/22/2024 22:52,6.7,-0.69,59.62,0,NaN,,0,,0,10
4/22/2024 23:52,5.6,-0.07,67.2,0,NaN,,0,,0,10
4/23/2024 00:52,6.1,0.53,67.8,0,NaN,5,6,,150,10
4/23/2024 01:52,4.4,-0.06,73.06,0,NaN,,0,,0,10
4/23/2024 02:52,3.3,-0.05,78.94,0,NaN,,0,,0,10
4/23/2024 03:52,2.8,-0.65,78.29,0,NaN,,0,,0,10
4/23/2024 04:52,2.2,-0.03,85.35,0,NaN,1,6,,290,10
4/23/2024 05:52,1.1,-0.63,88.4,0,NaN,,0,,0,10
4/23/2024 06:52,1.7,-0.03,88.46,0,NaN,,0,,0,10
4/23/2024 07:52,7.8,2.13,67.68,0,NaN,,0,,0,7
4/23/2024 08:52,12.2,3.22,54.52,0,NaN,,0,,0,10
4/23/2024 09:52,16.1,2.12,39.18,0,NaN,,7,,190,10
4/23/2024 10:52,18.9,-0.66,26.83,0,NaN,,20,,200,10
4/23/2024 11:52,20,-1.75,23.12,0,NaN,,22,35,170,10
4/23/2024 12:52,21.1,-0.64,23.42,0,NaN,,20,33,200,10
4/23/2024 13:52,22.2,-1.12,21.11,0,NaN,,13,39,210,10
4/23/2024 14:52,22.8,-0.01,22.06,0,NaN,,22,31,190,10
4/23/2024 15:52,23.3,-0.6,20.49,2.54,NaN,,20,39,190,10
4/23/2024 16:52,23.3,-0.6,20.49,0,NaN,,20,35,210,10
4/23/2024 17:52,23.3,-0.01,21.4,0,NaN,,19,35,200,10
4/23/2024 18:52,22.2,0.57,23.89,0,NaN,,20,33,190,10
4/23/2024 19:52,20.6,0.55,26.35,0,NaN,,15,,170,10
4/23/2024 20:52,19.4,0.54,28.38,0,NaN,,15,,160,10
4/23/2024 21:52,18.9,1.04,30.35,0,NaN,,17,35,170,10
4/23/2024 22:52,18.3,2.13,34.09,0,NaN,,22,37,180,10
4/23/2024 23:52,17.8,2.73,36.71,0,NaN,,17,33,170,10
4/24/2024 00:52,18.3,3.83,38.45,0,NaN,,22,35,190,10
4/24/2024 01:52,17.2,4.33,42.68,0,NaN,,15,,220,10
4/24/2024 02:52,16.1,4.93,47.72,0,NaN,,9,,200,10
4/24/2024 03:52,16.7,4.93,45.94,0,NaN,,9,,200,10
4/24/2024 04:52,15.6,5.53,51.37,0,NaN,,13,,190,10
4/24/2024 05:52,15,5.53,53.39,0,NaN,,17,,210,10
4/24/2024 06:52,13.9,6.03,59.33,0,NaN,,7,,210,10
4/24/2024 07:52,17.2,6.04,48.04,0,NaN,,11,,280,10
4/24/2024 08:52,17.8,6.64,48.21,0,NaN,,19,41,290,10
4/24/2024 09:52,18.9,6.64,45,0,NaN,,26,,290,10
4/24/2024 10:52,20,7.15,43.49,2.54,NaN,,17,30,280,10
4/24/2024 11:52,20,6.05,40.33,0,NaN,,22,,310,10
4/24/2024 12:52,21.7,4.96,33.66,0,NaN,,31,46,300,10
4/24/2024 13:52,22.2,3.87,30.23,0,NaN,,22,41,280,10
4/24/2024 14:52,22.8,2.78,26.97,0,NaN,,20,56,300,10
4/24/2024 15:52,22.8,3.28,27.94,0,NaN,,17,41,340,10
4/24/2024 16:52,23.3,2.79,26.17,0,NaN,,20,35,310,10
4/24/2024 17:52,22.2,2.77,27.97,0,NaN,,17,,320,10
4/24/2024 18:52,21.1,2.16,28.66,0,NaN,,19,,330,10
4/24/2024 19:52,18.9,2.14,32.84,0,NaN,,7,,330,10
4/24/2024 20:52,17.8,2.13,35.18,0,NaN,,11,,350,10
4/24/2024 21:52,17.2,3.23,39.5,0,NaN,,17,,20,10
4/24/2024 22:52,16.7,3.82,42.53,0,NaN,,17,,10,10
4/24/2024 23:52,15,4.32,49.1,0,NaN,,19,28,360,10
4/25/2024 00:52,13.9,4.32,52.72,0,NaN,,20,,330,10
4/25/2024 01:52,13.3,3.82,52.92,0,NaN,,15,31,360,10
4/25/2024 02:52,12.2,3.22,54.52,0,NaN,,19,,350,10
4/25/2024 03:52,11.7,4.93,63.48,0,NaN,,17,,20,10
4/25/2024 04:52,10.6,4.94,68.29,0,NaN,,19,,350,10
4/25/2024 05:52,10.6,4.33,65.48,0,NaN,,13,,20,10
4/25/2024 06:52,10,4.34,68.16,0,NaN,8,15,,10,10
4/25/2024 07:52,9.4,3.84,68.51,0,NaN,6,22,,20,10
4/25/2024 08:52,10,3.23,63.08,0,NaN,8,19,,20,10
4/25/2024 09:52,10.6,3.23,60.61,0,NaN,,13,,20,10
4/25/2024 10:52,11.1,2.72,56.59,0,NaN,,17,,360,10
4/25/2024 11:52,13.3,3.82,52.92,0,NaN,,9,26,30,10
4/25/2024 12:52,14.4,3.82,49.28,0,NaN,,6,,320,10
4/25/2024 13:52,15.6,3.82,45.62,0,NaN,,9,,0,10
4/25/2024 14:52,15.6,3.82,45.62,0,NaN,,6,,0,10
4/25/2024 15:52,15.6,4.32,47.25,0,NaN,,0,,0,10
4/25/2024 16:52,15.6,4.93,49.27,0,NaN,,13,,110,10
4/25/2024 17:52,15,4.93,51.21,0,NaN,,15,,80,10
4/25/2024 18:52,13.9,5.53,57.32,0,NaN,,17,,100,10
4/25/2024 19:52,12.8,5.53,61.57,0,NaN,,11,,110,10
4/25/2024 20:52,10.6,5.55,71.19,0,NaN,,6,,100,10
4/25/2024 21:52,10.6,5.55,71.19,0,NaN,,7,,140,10
4/25/2024 22:52,9.4,4.95,73.99,0,NaN,8,7,,130,10
4/25/2024 23:52,10,4.95,71.08,0,NaN,10,6,,130,10
4/26/2024 00:52,9.4,4.95,73.99,0,NaN,8,7,,130,10
4/26/2024 01:52,8.3,4.35,76.43,0,NaN,8,6,,130,10
4/26/2024 02:52,7.2,3.86,79.54,0,NaN,,0,,0,10
4/26/2024 03:52,5,3.27,88.75,0,NaN,,0,,0,10
4/26/2024 04:52,4.4,2.78,89.33,0,NaN,3,6,,90,10
4/26/2024 05:52,6.1,3.87,85.79,0,NaN,4,9,,90,10
4/26/2024 06:52,7.2,4.36,82.38,0,NaN,6,6,,90,10
4/26/2024 07:52,9.4,4.34,70.96,0,NaN,,0,,0,10
4/26/2024 08:52,10.6,3.23,60.61,0,NaN,,0,,0,10
4/26/2024 09:52,11.7,2.11,52.11,0,NaN,,9,,140,10
4/26/2024 10:52,13.9,-1.8,34.01,0,NaN,,15,,110,10
4/26/2024 11:52,15.6,-2.89,28.1,0,NaN,,17,,110,10
4/26/2024 12:52,16.7,-2.88,26.2,0,NaN,,19,,130,10
4/26/2024 13:52,17.8,-3.97,22.51,0,NaN,,0,,0,10
4/26/2024 14:52,18.3,-3.37,22.82,0,NaN,,9,,0,10
4/26/2024 15:52,19.4,-1.16,25.07,0,NaN,,17,28,120,10
4/26/2024 16:52,18.3,-0.07,29.1,0,NaN,,15,,160,10
4/26/2024 17:52,17.8,1.02,32.51,0,NaN,,13,,160,10
4/26/2024 18:52,16.7,1.62,36.39,0,NaN,,17,,170,10
4/26/2024 19:52,15.6,0.51,36.06,0,NaN,,13,,150,10
4/26/2024 20:52,14.4,-0.7,35.7,0,NaN,,17,,150,10
4/26/2024 21:52,13.9,-2.3,32.78,0,NaN,,17,,140,10
4/26/2024 22:52,13.3,-0.7,38.34,0,NaN,,13,,150,10
4/26/2024 23:52,12.8,0.5,43.22,0,NaN,,15,,150,10
4/27/2024 00:52,12.2,2.11,50.42,0,NaN,,13,,150,10
4/27/2024 01:52,11.7,3.22,56.34,0,NaN,,13,,150,10
4/27/2024 02:52,11.7,3.83,58.78,0,NaN,,9,,150,10
4/27/2024 03:52,11.1,4.33,63.34,0,NaN,,13,,150,10
4/27/2024 04:52,11.1,3.83,61.16,0,NaN,,11,,150,10
4/27/2024 05:52,11.1,4.33,63.34,0,NaN,,11,,150,10
4/27/2024 06:52,11.1,4.94,66.05,0,NaN,,9,,160,10
4/27/2024 07:52,11.7,5.54,66.19,0,NaN,,11,,150,10
4/27/2024 08:52,11.7,5.54,66.19,0,NaN,,9,,170,10
4/27/2024 09:52,11.7,6.65,71.41,0,NaN,,11,,160,10
4/27/2024 10:52,11.7,7.76,76.99,2.54,NaN,,9,,160,10
4/27/2024 11:52,12.2,8.26,77.07,2.54,NaN,,11,,150,10
4/27/2024 12:52,11.7,9.38,85.8,177.8,NaN,,7,,160,4
4/27/2024 13:52,12.2,9.98,86.42,50.8,NaN,,7,,170,10
4/27/2024 14:52,12.2,9.98,86.42,152.4,NaN,,11,,170,6
4/27/2024 15:52,12.8,10.58,86.49,2.54,NaN,,11,,170,8
4/27/2024 16:52,13.9,11.08,83.23,2.54,NaN,,13,,170,10
4/27/2024 17:52,13.9,11.08,83.23,0,NaN,,17,,160,10
4/27/2024 18:52,13.9,11.68,86.6,0,NaN,,9,,170,10
4/27/2024 19:52,13.9,11.68,86.6,0,NaN,,9,,170,10
4/27/2024 20:52,14.4,12.18,86.65,0,NaN,,7,,180,10
4/27/2024 21:52,14.4,12.18,86.65,0,NaN,,9,,160,10
4/27/2024 22:52,14.4,12.18,86.65,0,NaN,,9,,170,10
4/27/2024 23:52,13.9,12.18,89.49,0,NaN,,6,,140,10
4/28/2024 00:52,13.9,11.68,86.6,0,NaN,,6,,150,10
4/28/2024 01:52,13.3,11.68,90.04,2.54,NaN,,6,,170,10
4/28/2024 02:52,13.3,11.68,90.04,2.54,NaN,,7,,150,10
4/28/2024 03:52,13.3,11.68,90.04,2.54,NaN,,0,,0,10
4/28/2024 04:52,12.2,11.09,93,0,NaN,,0,,0,3
4/28/2024 05:52,12.2,11.09,93,0,NaN,,0,,0,3
4/28/2024 06:52,12.8,12.19,96.14,0,NaN,,0,,0,0.75
4/28/2024 07:52,13.3,12.19,93.05,0,NaN,,0,,0,0.75
4/28/2024 08:52,13.9,12.79,93.09,0,NaN,,7,,0,1.5
4/28/2024 09:52,15.6,12.78,83.43,0,NaN,,0,,0,8
4/28/2024 10:52,17.8,14.38,80.52,0,NaN,,7,,190,10
4/28/2024 11:52,21.1,14.98,68.19,0,NaN,,7,,0,10
4/28/2024 12:52,23.9,14.99,57.54,0,NaN,,9,,210,10
4/28/2024 13:52,26.7,15.61,50.64,0,27.18,,13,,190,10
4/28/2024 14:52,28.3,15.03,44.39,0,28.28,,13,,180,10
4/28/2024 15:52,29.4,15.64,43.29,0,29.37,,19,28,210,10
4/28/2024 16:52,29.4,15.64,43.29,0,29.37,,20,28,190,10
4/28/2024 17:52,29.4,14.44,40.07,0,29.03,,17,,170,10
4/28/2024 18:52,28.3,14.43,42.7,0,28.14,,11,,180,10
4/28/2024 19:52,25.6,14.4,50.03,0,NaN,,9,,190,10
4/28/2024 20:52,23.9,14.39,55.36,0,NaN,,7,,160,10
4/28/2024 21:52,23.3,14.38,57.39,0,NaN,,7,,160,10
4/28/2024 22:52,21.7,14.98,65.73,0,NaN,,9,,160,10
4/28/2024 23:52,22.2,14.98,63.76,0,NaN,,13,,180,10
4/29/2024 00:52,21.1,14.98,68.19,0,NaN,,15,,190,10
4/29/2024 01:52,20,14.38,70.2,0,NaN,,9,,180,10
4/29/2024 02:52,19.4,14.38,72.86,0,NaN,,15,,190,10
4/29/2024 03:52,18.9,14.38,75.16,0,NaN,,11,,180,10
4/29/2024 04:52,18.3,13.88,75.55,0,NaN,,0,,0,10
4/29/2024 05:52,15.6,13.28,86.2,0,NaN,,0,,0,10
4/29/2024 06:52,15,13.29,89.58,0,NaN,,0,,0,10
4/29/2024 07:52,19.4,15.58,78.7,0,NaN,,6,,180,10
4/29/2024 08:52,23.3,16.09,64.01,0,NaN,,0,,0,10
4/29/2024 09:52,25.6,16.7,57.96,0,NaN,,0,,0,10
4/29/2024 10:52,28.9,16.73,47.79,0,29.28,,0,,0,10
4/29/2024 11:52,31.1,15.67,39.28,0,30.94,,9,,0,10
4/29/2024 12:52,31.1,15.67,39.28,0,30.94,,7,,0,10
4/29/2024 13:52,30.6,14.46,37.41,0,30.08,,7,,40,10
4/29/2024 14:52,32.2,15.09,35.52,0,31.81,,11,,0,10
4/29/2024 15:52,32.8,15.69,35.68,0,32.64,,17,31,190,10
4/29/2024 16:52,32.8,14,31.98,0,32.04,,17,,240,10
4/29/2024 17:52,31.7,13.99,34.03,0,30.96,,15,,210,10
4/29/2024 18:52,30.6,14.46,37.41,0,30.08,,11,,160,10
4/29/2024 19:52,28.9,15.04,42.87,0,28.77,,9,,160,10
4/29/2024 20:52,27.2,15.61,49.18,0,27.56,,13,,160,10
4/29/2024 21:52,26.1,16.11,54.17,0,NaN,,13,,170,10
4/29/2024 22:52,25.6,15.6,54.04,0,NaN,,19,,190,10
4/29/2024 23:52,23.9,13.89,53.6,0,NaN,,11,,170,10
4/30/2024 00:52,23.3,12.78,51.72,0,NaN,,17,31,180,10
4/30/2024 01:52,22.2,12.17,53.15,0,NaN,,17,,180,10
4/30/2024 02:52,20.6,12.17,58.61,0,NaN,,13,,200,10
4/30/2024 03:52,18.3,11.66,65.42,0,NaN,,9,,210,10
4/30/2024 04:52,17.8,11.06,64.88,0,NaN,,11,,200,10
4/30/2024 05:52,16.7,11.06,69.55,0,NaN,,15,,190,10
4/30/2024 06:52,17.8,11.66,67.51,0,NaN,,15,,190,10
4/30/2024 07:52,19.4,12.17,63.13,0,NaN,,17,,200,10
4/30/2024 08:52,21.1,12.17,56.84,0,NaN,,19,,210,10
4/30/2024 09:52,22.2,13.28,57.12,0,NaN,,13,,200,10
4/30/2024 10:52,25.6,13.9,48.43,0,NaN,,13,,170,10
4/30/2024 11:52,27.8,14.42,43.96,0,27.76,,11,,0,10
4/30/2024 12:52,29.4,13.95,38.8,0,28.91,,11,,0,10
4/30/2024 13:52,29.4,14.44,40.07,0,29.03,,9,,0,10
4/30/2024 14:52,29.4,14.44,40.07,0,29.03,,9,,0,10
4/30/2024 15:52,30.6,13.96,36.22,0,29.94,,19,28,210,10
4/30/2024 16:52,28.9,13.94,39.93,0,28.5,,19,,220,10
4/30/2024 17:52,27.2,13.92,44.08,0,27.24,,17,,210,10
4/30/2024 18:52,26.7,13.91,45.39,0,26.61,,19,,200,10
4/30/2024 19:52,25.6,13.9,48.43,0,NaN,,9,,250,10
4/30/2024 20:52,21.7,14.98,65.73,0,NaN,,20,,320,10
4/30/2024 21:52,20,16.68,81.33,25.4,NaN,,7,,310,8
4/30/2024 22:52,18.9,17.19,89.88,330.2,NaN,,0,,0,3
4/30/2024 23:52,18.3,17.19,93.31,2.54,NaN,,0,,0,10
5/1/2024 00:52,17.8,16.69,93.29,0,NaN,,0,,0,9
5/1/2024 01:52,18.3,16.69,90.41,0,NaN,,0,,0,10
5/1/2024 02:52,18.3,16.69,90.41,0,NaN,,6,,320,10
5/1/2024 03:52,17.8,16.09,89.8,0,NaN,,7,,310,10
5/1/2024 04:52,17.8,15.59,86.98,0,NaN,,7,,310,10
5/1/2024 05:52,15.6,14.39,92.58,0,NaN,,6,,280,10
5/1/2024 06:52,15.6,14.39,92.58,0,NaN,,0,,0,10
5/1/2024 07:52,19.4,14.98,75.73,0,NaN,,7,,310,10
5/1/2024 08:52,21.7,14.98,65.73,0,NaN,,7,,320,10
5/1/2024 09:52,22.8,14.98,61.48,0,NaN,,13,,340,10
5/1/2024 10:52,24.4,13.89,52.02,0,NaN,,9,,310,10
5/1/2024 11:52,25.6,11.7,41.94,0,NaN,,13,,300,10
5/1/2024 12:52,26.1,11.71,40.72,0,NaN,,9,30,300,10
5/1/2024 13:52,27.2,11.12,36.69,0,26.84,,17,,290,10
5/1/2024 14:52,28.3,10.64,33.28,0,27.49,,11,,0,10
5/1/2024 15:52,28.9,11.14,33.23,0,27.99,,17,28,310,10
5/1/2024 16:52,28.9,8.35,27.54,0,27.66,,9,,300,10
5/1/2024 17:52,28.9,6.76,24.69,0,27.54,,11,,290,10
5/1/2024 18:52,28.9,7.26,25.56,0,27.57,,0,,0,10
5/1/2024 19:52,23.9,10.58,43.15,0,NaN,,6,,160,10
5/1/2024 20:52,21.7,9.37,45.49,0,NaN,,11,,130,10
5/1/2024 21:52,18.3,9.95,58.43,0,NaN,,7,,160,10
5/1/2024 22:52,17.8,11.06,64.88,0,NaN,,0,,0,10
5/1/2024 23:52,17.2,11.67,70.11,0,NaN,,6,,180,10
5/2/2024 00:52,15.6,11.06,74.59,0,NaN,,0,,0,10
5/2/2024 01:52,16.7,11.67,72.36,0,NaN,,0,,0,10
5/2/2024 02:52,13.9,11.68,86.6,0,NaN,,6,,150,10
5/2/2024 03:52,15,12.78,86.7,0,NaN,,6,,160,10
5/2/2024 04:52,15,12.78,86.7,0,NaN,,0,,0,10
5/2/2024 05:52,13.9,12.18,89.49,0,NaN,,0,,0,10
5/2/2024 06:52,13.9,12.79,93.09,0,NaN,,0,,0,10
5/2/2024 07:52,18.3,13.88,75.55,0,NaN,,0,,0,10
5/2/2024 08:52,22.2,14.38,61.34,0,NaN,,0,,0,10
5/2/2024 09:52,25.6,15,52,0,NaN,,0,,0,10
5/2/2024 10:52,28.9,13.34,38.41,0,28.37,,9,,0,10
5/2/2024 11:52,29.4,14.44,40.07,0,29.03,,15,,330,10
5/2/2024 12:52,29.4,13.35,37.31,0,28.77,,15,,240,10
5/2/2024 13:52,31.1,14.47,36.36,0,30.54,,9,,0,10
5/2/2024 14:52,32.2,14.49,34.17,0,31.6,,11,,0,10
5/2/2024 15:52,31.7,13.99,34.03,0,30.96,,15,,250,10
5/2/2024 16:52,32.2,13.4,31.82,0,31.27,,6,,0,10
5/2/2024 17:52,32.2,13.4,31.82,0,31.27,,7,,230,10
5/2/2024 18:52,30.6,13.96,36.22,0,29.94,,7,,190,10
5/2/2024 19:52,27.8,14.42,43.96,0,27.76,,6,,210,10
5/2/2024 20:52,24.4,13.89,52.02,0,NaN,,7,,190,10
5/2/2024 21:52,22.2,13.88,59.39,0,NaN,,0,,0,10
5/2/2024 22:52,20.6,13.87,65.49,0,NaN,,0,,0,10
5/2/2024 23:52,18.9,13.87,72.77,0,NaN,,6,,160,10
5/3/2024 00:52,19.4,13.87,70.54,0,NaN,,0,,0,10
5/3/2024 01:52,20,13.87,67.96,0,NaN,,0,,0,10
5/3/2024 02:52,17.2,13.88,80.96,0,NaN,,0,,0,10
5/3/2024 03:52,20,14.98,72.97,0,NaN,,9,,20,10
5/3/2024 04:52,18.9,14.38,75.16,0,NaN,,9,,20,10
5/3/2024 05:52,19.4,14.38,72.86,0,NaN,,9,,30,10
5/3/2024 06:52,19.4,12.77,65.66,0,NaN,,15,,60,10
5/3/2024 07:52,20.6,11.67,56.72,0,NaN,,20,30,80,10
5/3/2024 08:52,21.1,11.67,55,0,NaN,,13,,80,10
5/3/2024 09:52,21.7,12.17,54.79,0,NaN,,15,,70,10
5/3/2024 10:52,22.8,13.28,55.08,0,NaN,,13,,80,10
5/3/2024 11:52,23.3,13.28,53.44,0,NaN,,13,28,90,10
5/3/2024 12:52,23.9,13.29,51.55,0,NaN,,15,,110,10
5/3/2024 13:52,24.4,13.89,52.02,0,NaN,,9,28,100,10
5/3/2024 14:52,25,13.9,50.19,0,NaN,,19,31,110,10
5/3/2024 15:52,25,13.9,50.19,0,NaN,,22,37,130,10
5/3/2024 16:52,23.9,13.29,51.55,0,NaN,,22,37,130,10
5/3/2024 17:52,21.7,12.77,56.99,0,NaN,,26,41,90,10
5/3/2024 18:52,20,11.66,58.85,0,NaN,,20,,140,10
5/3/2024 19:52,17.8,10.56,62.76,0,NaN,,13,,110,10
5/3/2024 20:52,16.7,9.95,64.63,0,NaN,,15,,100,10
5/3/2024 21:52,15.6,9.96,69.32,0,NaN,,19,,110,10
5/3/2024 22:52,14.4,9.36,71.93,0,NaN,,17,,80,10
5/3/2024 23:52,12.8,9.97,83.09,1016,NaN,,13,,100,2.5
5/4/2024 00:52,12.2,9.98,86.42,25.4,NaN,,9,,100,7
5/4/2024 01:52,12.2,9.98,86.42,25.4,NaN,,13,,130,7
5/4/2024 02:52,11.7,9.98,89.32,279.4,NaN,,9,,80,3
5/4/2024 03:52,11.1,9.38,89.27,76.2,NaN,,11,,80,4
5/4/2024 04:52,11.1,9.38,89.27,76.2,NaN,,11,,100,4
5/4/2024 05:52,11.1,9.38,89.27,50.8,NaN,,9,,90,5
5/4/2024 06:52,11.7,9.98,89.32,101.6,NaN,,7,,80,7
5/4/2024 07:52,11.7,9.98,89.32,2.54,NaN,,0,,0,10
5/4/2024 08:52,11.7,9.98,89.32,76.2,NaN,,7,,120,4
5/4/2024 09:52,11.7,9.98,89.32,965.2,NaN,,11,,80,3
5/4/2024 10:52,11.7,9.98,89.32,254,NaN,,9,,100,4
5/4/2024 11:52,12.2,10.58,89.96,76.2,NaN,,11,,100,6
5/4/2024 12:52,12.2,10.58,89.96,25.4,NaN,,11,,100,1.75
5/4/2024 13:52,12.8,11.08,89.41,2.54,NaN,,9,,90,3
5/4/2024 14:52,12.8,11.08,89.41,25.4,NaN,,9,,100,10
5/4/2024 15:52,12.8,10.58,86.49,2.54,NaN,,13,,100,10
5/4/2024 16:52,12.2,10.58,89.96,2.54,NaN,,9,,110,5
5/4/2024 17:52,12.2,10.58,89.96,2.54,NaN,,15,,110,6
5/4/2024 18:52,12.2,10.58,89.96,0,NaN,,15,,100,4
5/4/2024 19:52,11.7,10.59,92.97,0,NaN,,11,,110,2
5/4/2024 20:52,11.7,9.98,89.32,0,NaN,,11,,110,3
5/4/2024 21:52,11.7,10.59,92.97,0,NaN,,6,,90,2.5
5/4/2024 22:52,11.7,9.98,89.32,0,NaN,,9,,90,2.5
5/4/2024 23:52,11.7,10.59,92.97,2.54,NaN,,0,,0,2
5/5/2024 00:52,11.7,10.59,92.97,76.2,NaN,,7,,60,2.5
5/5/2024 01:52,11.7,10.59,92.97,76.2,NaN,,9,,50,2.5
5/5/2024 02:52,11.7,10.59,92.97,152.4,NaN,,0,,0,10
5/5/2024 03:52,11.7,10.59,92.97,101.6,NaN,,7,,20,7
5/5/2024 04:52,11.7,10.59,92.97,50.8,NaN,,6,,20,9
5/5/2024 05:52,11.7,10.59,92.97,50.8,NaN,,7,,30,5
5/5/2024 06:52,12.2,11.09,93,101.6,NaN,,7,,30,10
5/5/2024 07:52,12.8,11.08,89.41,25.4,NaN,,7,,50,9
5/5/2024 08:52,13.3,11.68,90.04,25.4,NaN,,9,,0,10
5/5/2024 09:52,13.9,12.18,89.49,25.4,NaN,,9,,0,8
5/5/2024 10:52,15,12.78,86.7,2.54,NaN,,6,,340,10
5/5/2024 11:52,15.6,13.28,86.2,0,NaN,,0,,0,3
5/5/2024 12:52,15.6,13.89,89.63,2.54,NaN,,0,,0,3
5/5/2024 13:52,17.2,14.99,86.92,2.54,NaN,,0,,0,7
5/5/2024 14:52,17.8,15.59,86.98,0,NaN,,0,,0,9
5/5/2024 15:52,19.4,16.69,84.41,0,NaN,,7,,0,10
5/5/2024 16:52,20,17.19,83.95,0,NaN,,7,,170,10
5/5/2024 17:52,20,17.19,83.95,0,NaN,,7,,260,10
5/5/2024 18:52,20.6,17.79,84.02,0,NaN,,0,,0,10
5/5/2024 19:52,19.4,17.79,90.49,0,NaN,,0,,0,10
5/5/2024 20:52,18.3,17.19,93.31,0,NaN,,0,,0,10
5/5/2024 21:52,18.9,17.79,93.34,2.54,NaN,,0,,0,10
5/5/2024 22:52,18.9,17.19,89.88,0,NaN,,0,,0,10
5/5/2024 23:52,18.9,17.19,89.88,0,NaN,,0,,0,10
5/6/2024 00:52,18.9,17.19,89.88,0,NaN,,0,,0,10
5/6/2024 01:52,18.3,17.19,93.31,0,NaN,,0,,0,10
5/6/2024 02:52,17.2,16.09,93.26,0,NaN,,0,,0,7
5/6/2024 03:52,17.2,16.09,93.26,0,NaN,,9,,300,6
5/6/2024 04:52,17.2,16.09,93.26,0,NaN,,0,,0,6
5/6/2024 05:52,17.2,16.09,93.26,0,NaN,,6,,320,8
5/6/2024 06:52,17.2,16.09,93.26,0,NaN,,0,,0,6
5/6/2024 07:52,18.3,16.69,90.41,0,NaN,,7,,300,6
5/6/2024 08:52,18.9,17.19,89.88,0,NaN,,0,,0,2
5/6/2024 09:52,20,17.19,83.95,0,NaN,,0,,0,7
5/6/2024 10:52,20.6,17.19,80.9,0,NaN,,6,,180,7
5/6/2024 11:52,22.2,17.79,76.19,0,NaN,,6,,140,10
5/6/2024 12:52,22.8,17.79,73.46,0,NaN,,0,,0,7
5/6/2024 13:52,22.8,17.79,73.46,0,NaN,,6,,0,7
5/6/2024 14:52,24.4,17.79,66.73,0,NaN,,0,,0,10
5/6/2024 15:52,24.4,18.29,68.85,0,NaN,,6,,110,10
5/6/2024 16:52,25,18.3,66.43,0,NaN,,11,,60,10
5/6/2024 17:52,23.9,18.29,70.95,0,NaN,,9,,110,10
5/6/2024 18:52,22.8,17.79,73.46,0,NaN,,9,,110,10
5/6/2024 19:52,22.2,18.29,78.61,2.54,NaN,,7,,90,10
5/6/2024 20:52,21.1,18.29,84.07,2.54,NaN,,6,,140,10
5/6/2024 21:52,20.6,18.89,90.01,50.8,NaN,,6,,60,10
5/6/2024 22:52,20.6,18.89,90.01,2.54,NaN,,0,,0,9
5/6/2024 23:52,20,18.9,93.4,2.54,NaN,,0,,0,9
5/7/2024 00:52,20,18.9,93.4,0,NaN,,0,,0,7
5/7/2024 01:52,20.6,18.89,90.01,0,NaN,,0,,0,10
5/7/2024 02:52,20,18.9,93.4,0,NaN,,0,,0,7
5/7/2024 03:52,19.4,18.29,93.37,0,NaN,,6,,140,7
5/7/2024 04:52,19.4,18.29,93.37,0,NaN,,0,,0,7
5/7/2024 05:52,18.9,18.3,96.32,2.54,NaN,,0,,0,7
5/7/2024 06:52,19.4,18.29,93.37,0,NaN,,7,,310,4
5/7/2024 07:52,20.6,18.89,90.01,0,NaN,,6,,310,4
5/7/2024 08:52,21.1,18.89,87.29,0,NaN,,0,,0,6
5/7/2024 09:52,23.3,18.89,76.36,0,NaN,,7,,10,9
5/7/2024 10:52,23.3,18.89,76.36,0,NaN,,15,,310,7
5/7/2024 11:52,25,18.3,66.43,0,NaN,,6,,0,10
5/7/2024 12:52,26.1,18.3,62.24,0,NaN,,0,,0,10
5/7/2024 13:52,25.6,17.8,62.13,0,NaN,,0,,0,10
5/7/2024 14:52,25,18.9,68.97,0,NaN,,15,,130,10
5/7/2024 15:52,26.7,19.41,64.35,0,27.98,,15,,170,10
5/7/2024 16:52,25,17.8,64.38,0,NaN,,13,,170,10
5/7/2024 17:52,24.4,18.29,68.85,0,NaN,,13,,160,10
5/7/2024 18:52,25,18.3,66.43,0,NaN,,11,,180,10
5/7/2024 19:52,23.3,18.29,73.55,0,NaN,,7,,160,10
5/7/2024 20:52,22.2,18.29,78.61,0,NaN,,7,,170,10
5/7/2024 21:52,21.7,18.89,84.14,0,NaN,,9,,170,10
5/7/2024 22:52,21.7,18.89,84.14,0,NaN,,7,,180,10
5/7/2024 23:52,21.1,18.29,84.07,0,NaN,,9,,190,10
5/8/2024 00:52,21.1,18.29,84.07,0,NaN,,7,,180,10
5/8/2024 01:52,20.6,17.79,84.02,0,NaN,,7,,160,10
5/8/2024 02:52,20.6,18.29,86.69,0,NaN,,7,,190,10
5/8/2024 03:52,21.1,17.79,81.48,0,NaN,,13,,200,10
5/8/2024 04:52,20,17.79,87.18,0,NaN,,0,,0,10
5/8/2024 05:52,20,17.79,87.18,0,NaN,,6,,180,10
5/8/2024 06:52,20.6,18.29,86.69,0,NaN,,15,,200,10
5/8/2024 07:52,21.7,18.89,84.14,0,NaN,,11,,200,10
5/8/2024 08:52,22.8,18.89,78.7,0,NaN,,15,,200,10
5/8/2024 09:52,25.6,19.4,68.66,0,NaN,,9,,180,10
5/8/2024 10:52,28.3,18.92,56.82,0,29.52,,11,,190,10
5/8/2024 11:52,27.8,15.62,47.49,0,28.03,,19,35,280,10
5/8/2024 12:52,28.3,13.33,39.76,0,27.91,,19,41,290,10
5/8/2024 13:52,28.9,14.44,41.25,0,28.62,,13,,280,10
5/8/2024 14:52,29.4,15.04,41.65,0,29.19,,17,33,270,10
5/8/2024 15:52,29.4,16.14,44.69,0,29.53,,11,,0,10
5/8/2024 16:52,28.9,16.73,47.79,0,29.28,,13,,220,10
5/8/2024 17:52,28.9,17.23,49.32,0,29.45,,9,,230,10
5/8/2024 18:52,27.8,17.82,54.6,0,28.63,,9,,230,10
5/8/2024 19:52,26.7,17.21,56.07,0,27.48,,6,,260,10
5/8/2024 20:52,25.6,13.9,48.43,0,NaN,,7,,270,10
5/8/2024 21:52,24.4,12.79,48.42,0,NaN,,7,,320,10
5/8/2024 22:52,23.9,12.19,47.97,0,NaN,,15,,300,10
5/8/2024 23:52,22.8,12.18,51.25,0,NaN,,0,,0,10
5/9/2024 00:52,18.9,13.27,69.98,0,NaN,,0,,0,10
5/9/2024 01:52,17.2,13.27,77.86,0,NaN,,0,,0,10
5/9/2024 02:52,16.1,12.78,80.81,0,NaN,,0,,0,10
5/9/2024 03:52,18.3,13.27,72.66,0,NaN,,6,,20,10
5/9/2024 04:52,18.3,13.27,72.66,0,NaN,,6,,330,10
5/9/2024 05:52,17.8,13.27,74.97,0,NaN,,6,,50,10
5/9/2024 06:52,18.3,13.88,75.55,0,NaN,,6,,40,10
5/9/2024 07:52,20,13.87,67.96,0,NaN,,11,,150,10
5/9/2024 08:52,21.1,14.38,65.6,0,NaN,,0,,0,10
5/9/2024 09:52,20.6,13.87,65.49,0,NaN,,7,,330,7
5/9/2024 10:52,21.7,11.67,53.02,2.54,NaN,,9,,20,10
5/9/2024 11:52,20.6,13.27,62.99,2.54,NaN,,13,,30,10
5/9/2024 12:52,21.1,12.17,56.84,0,NaN,,17,,60,10
5/9/2024 13:52,21.1,12.77,59.12,0,NaN,,15,,40,10
5/9/2024 14:52,22.2,12.77,55.28,0,NaN,,13,,60,10
5/9/2024 15:52,22.2,12.17,53.15,0,NaN,,15,,100,10
5/9/2024 16:52,21.7,12.17,54.79,0,NaN,,11,,70,10
5/9/2024 17:52,21.7,12.17,54.79,0,NaN,,13,,90,10
5/9/2024 18:52,21.1,12.17,56.84,0,NaN,,13,,50,10
5/9/2024 19:52,20.6,12.17,58.61,0,NaN,,11,,80,10
5/9/2024 20:52,18.9,12.77,67.74,0,NaN,,11,,100,10
5/9/2024 21:52,18.3,13.27,72.66,0,NaN,,11,,90,10
5/9/2024 22:52,17.2,13.88,80.96,50.8,NaN,,11,,110,10
5/9/2024 23:52,16.7,12.77,77.79,0,NaN,,24,35,320,10
5/10/2024 00:52,16.1,12.78,80.81,0,NaN,,11,,110,10
5/10/2024 01:52,16.1,12.78,80.81,0,NaN,,9,,60,10
5/10/2024 02:52,15.6,12.17,80.21,0,NaN,,11,,60,10
5/10/2024 03:52,14.4,11.68,83.84,0,NaN,,11,,90,10
5/10/2024 04:52,15,12.18,83.36,0,NaN,,0,,0,10
5/10/2024 05:52,14.4,11.68,83.84,0,NaN,,11,,80,10
5/10/2024 06:52,14.4,12.18,86.65,0,NaN,,9,,0,10
5/10/2024 07:52,14.4,12.18,86.65,0,NaN,,6,,70,7
5/10/2024 08:52,14.4,12.79,90.12,0,NaN,,0,,0,3
5/10/2024 09:52,14.4,12.79,90.12,0,NaN,,0,,0,4
5/10/2024 10:52,15,13.29,89.58,0,NaN,,7,,180,10
5/10/2024 11:52,16.7,13.88,83.56,0,NaN,,9,,0,9
5/10/2024 12:52,16.1,13.28,83.49,0,NaN,,11,,80,10
5/10/2024 13:52,15,12.18,83.36,2.54,NaN,,11,,70,9
5/10/2024 14:52,14.4,11.68,83.84,2.54,NaN,,15,,80,10
5/10/2024 15:52,13.9,11.08,83.23,2.54,NaN,,15,,60,4
5/10/2024 16:52,13.3,11.08,86.54,2.54,NaN,,15,,60,5
5/10/2024 17:52,12.8,10.58,86.49,25.4,NaN,,9,,40,2
5/10/2024 18:52,12.2,9.98,86.42,25.4,NaN,,17,,60,2.5
5/10/2024 19:52,11.7,9.98,89.32,25.4,NaN,,15,,50,1.5
5/10/2024 20:52,11.1,9.38,89.27,2.54,NaN,,13,,70,3
5/10/2024 21:52,11.1,9.38,89.27,2.54,NaN,,13,,30,7
5/10/2024 22:52,11.1,8.88,86.31,0,NaN,,13,,40,10
5/10/2024 23:52,11.1,8.88,86.31,2.54,NaN,,7,,90,7
5/11/2024 00:52,10.6,8.88,89.23,101.6,NaN,,9,,60,9
5/11/2024 01:52,10,7.77,86.2,25.4,NaN,9,7,,80,10
5/11/2024 02:52,10,7.77,86.2,2.54,NaN,9,7,,40,10
5/11/2024 03:52,10,7.17,82.74,0,NaN,9,7,,30,10
5/11/2024 04:52,9.4,7.17,86.14,0,NaN,9,6,,30,10
5/11/2024 05:52,8.3,6.68,89.65,0,NaN,,0,,0,10
5/11/2024 06:52,9.4,7.78,89.74,0,NaN,,0,,0,10
5/11/2024 07:52,12.2,7.15,71.51,0,NaN,,0,,0,10
5/11/2024 08:52,13.3,6.04,61.69,0,NaN,,0,,0,10
5/11/2024 09:52,14.4,6.04,57.45,0,NaN,,7,,0,10
5/11/2024 10:52,16.1,6.64,53.68,0,NaN,,9,,0,10
5/11/2024 11:52,16.7,6.03,49.58,0,NaN,,7,,200,10
5/11/2024 12:52,16.7,6.03,49.58,0,NaN,,7,,0,10
5/11/2024 13:52,17.2,6.64,50.06,0,NaN,,11,,120,10
5/11/2024 14:52,19.4,7.75,47.03,0,NaN,,9,,0,10
5/11/2024 15:52,17.8,6.64,48.21,0,NaN,,9,,160,10
5/11/2024 16:52,17.8,7.14,49.89,0,NaN,,13,,140,10
5/11/2024 17:52,14.4,9.96,74.88,76.2,NaN,,9,,230,4
5/11/2024 18:52,13.3,11.08,86.54,177.8,NaN,,7,,230,4
5/11/2024 19:52,13.3,10.57,83.71,76.2,NaN,,7,,160,10
5/11/2024 20:52,12.2,10.58,89.96,0,NaN,,7,,150,10
5/11/2024 21:52,12.8,9.97,83.09,0,NaN,,9,,160,10
5/11/2024 22:52,12.2,9.98,86.42,0,NaN,,13,,170,10
5/11/2024 23:52,8.9,7.18,89.09,609.6,NaN,8,6,,40,8
5/12/2024 00:52,9.4,7.78,89.74,50.8,NaN,8,9,,170,10
5/12/2024 01:52,9.4,7.78,89.74,0,NaN,,0,,0,10
5/12/2024 02:52,9.4,8.29,92.84,0,NaN,9,6,,160,10
5/12/2024 03:52,10,8.28,89.18,0,NaN,,0,,0,10
5/12/2024 04:52,10,8.89,92.87,0,NaN,9,9,,190,10
5/12/2024 05:52,10.6,9.39,92.29,127,NaN,,0,,0,10
5/12/2024 06:52,10,8.89,92.87,0,NaN,,0,,0,10
5/12/2024 07:52,12.8,10.58,86.49,0,NaN,,6,,240,10
5/12/2024 08:52,15.6,9.96,69.32,0,NaN,,11,,240,10
5/12/2024 09:52,16.1,8.25,59.88,0,NaN,,20,35,260,10
5/12/2024 10:52,16.7,7.74,55.71,0,NaN,,20,,300,10
5/12/2024 11:52,16.7,6.64,51.67,0,NaN,,30,39,290,10
5/12/2024 12:52,17.8,6.64,48.21,0,NaN,,26,46,310,10
5/12/2024 13:52,19.4,7.15,45.14,0,NaN,,31,44,310,10
5/12/2024 14:52,17.8,6.04,46.25,0,NaN,,28,44,310,10
5/12/2024 15:52,18.3,6.64,46.72,0,NaN,,17,,310,10
5/12/2024 16:52,18.9,6.04,43.18,0,NaN,,26,41,310,10
5/12/2024 17:52,18.3,6.64,46.72,0,NaN,,19,,320,10
5/12/2024 18:52,18.9,6.04,43.18,0,NaN,,15,,320,10
5/12/2024 19:52,18.3,6.04,44.83,0,NaN,,13,,330,10
5/12/2024 20:52,16.7,6.03,49.58,0,NaN,,9,,340,10
5/12/2024 21:52,12.2,7.15,71.51,0,NaN,,9,,0,10
5/12/2024 22:52,10,6.66,79.95,0,NaN,,0,,0,10
5/12/2024 23:52,11.7,8.26,79.65,0,NaN,,11,,120,10
5/13/2024 00:52,11.7,8.87,82.95,0,NaN,,6,,170,10
5/13/2024 01:52,9.4,7.78,89.74,0,NaN,,0,,0,10
5/13/2024 02:52,8.3,7.19,92.78,0,NaN,,0,,0,10
5/13/2024 03:52,7.8,6.69,92.75,0,NaN,7,6,,140,10
5/13/2024 04:52,7.8,6.69,92.75,0,NaN,7,6,,100,10
5/13/2024 05:52,7.2,6.09,92.72,0,NaN,6,6,,80,6
5/13/2024 06:52,8.9,7.79,92.81,0,NaN,,0,,0,6
5/13/2024 07:52,12.2,9.98,86.42,0,NaN,,6,,190,10
5/13/2024 08:52,15.6,8.85,64.38,0,NaN,,13,,200,10
5/13/2024 09:52,18.9,9.35,54.06,0,NaN,,19,,200,10
5/13/2024 10:52,21.1,9.36,47.19,0,NaN,,19,,200,10
5/13/2024 11:52,22.2,9.37,44.12,0,NaN,,19,,190,10
5/13/2024 12:52,23.3,10.58,44.73,0,NaN,,22,33,190,10
5/13/2024 13:52,24.4,10.59,41.88,0,NaN,,9,,0,10
5/13/2024 14:52,25,10.6,40.41,0,NaN,,13,,180,10
5/13/2024 15:52,25.6,10,37.46,0,NaN,,17,,190,10
5/13/2024 16:52,25.6,8.9,34.79,0,NaN,,20,,170,10
5/13/2024 17:52,25.6,8.9,34.79,0,NaN,,19,,180,10
5/13/2024 18:52,24.4,9.39,38.65,0,NaN,,17,,180,10
5/13/2024 19:52,22.8,9.38,42.55,0,NaN,,13,,170,10
5/13/2024 20:52,21.7,8.86,43.98,0,NaN,,11,,170,10
5/13/2024 21:52,20.6,9.36,48.66,0,NaN,,13,,170,10
5/13/2024 22:52,20,9.36,50.49,0,NaN,,11,,160,10
5/13/2024 23:52,18.9,9.96,56.28,0,NaN,,9,,160,10
5/14/2024 00:52,17.2,9.96,62.62,0,NaN,,9,,160,10
5/14/2024 01:52,16.7,10.56,67.27,0,NaN,,9,,150,10
5/14/2024 02:52,16.1,11.06,72.25,0,NaN,,11,,150,10
5/14/2024 03:52,15.6,11.67,77.61,0,NaN,,13,,160,10
5/14/2024 04:52,16.7,11.67,72.36,0,NaN,,13,,170,10
5/14/2024 05:52,16.7,12.17,74.78,0,NaN,,9,,170,10
5/14/2024 06:52,17.2,12.77,75.36,0,NaN,,13,,190,10
5/14/2024 07:52,17.8,12.77,72.57,0,NaN,,15,,200,10
5/14/2024 08:52,17.8,13.88,77.95,2.54,NaN,,9,,210,10
5/14/2024 09:52,18.3,14.38,78.03,2.54,NaN,,9,,190,10
5/14/2024 10:52,18.9,14.38,75.16,2.54,NaN,,11,,180,10
5/14/2024 11:52,18.3,14.38,78.03,2.54,NaN,,9,,170,5
5/14/2024 12:52,18.3,16.09,87.02,25.4,NaN,,11,,130,5
5/14/2024 13:52,17.8,15.59,86.98,76.2,NaN,,11,,170,10
5/14/2024 14:52,18.3,15.58,84.29,0,NaN,,9,,150,10
5/14/2024 15:52,18.3,16.09,87.02,2.54,NaN,,9,,130,10
5/14/2024 16:52,18.9,16.69,87.08,0,NaN,,11,,130,10
5/14/2024 17:52,18.9,17.19,89.88,2.54,NaN,,0,,0,6
5/14/2024 18:52,18.9,17.19,89.88,76.2,NaN,,17,31,170,3
5/14/2024 19:52,17.2,15.59,90.33,330.2,NaN,,13,,170,3
5/14/2024 20:52,17.2,15.59,90.33,76.2,NaN,,17,,170,7
5/14/2024 21:52,16.7,14.99,89.71,127,NaN,,11,,190,8
5/14/2024 22:52,16.1,14.99,93.2,152.4,NaN,,0,,0,9
5/14/2024 23:52,16.7,15.59,93.23,2.54,NaN,,0,,0,10
5/15/2024 00:52,16.7,14.99,89.71,25.4,NaN,,13,,120,10
5/15/2024 01:52,16.7,14.38,86.31,2.54,NaN,,7,,100,10
5/15/2024 02:52,16.1,14.39,89.67,0,NaN,,13,,80,10
5/15/2024 03:52,15.6,14.39,92.58,2.54,NaN,,6,,80,5
5/15/2024 04:52,15.6,13.89,89.63,25.4,NaN,,7,,70,6
5/15/2024 05:52,15.6,13.89,89.63,2.54,NaN,,7,,50,10
5/15/2024 06:52,15.6,13.89,89.63,2.54,NaN,,7,,20,10
5/15/2024 07:52,15.6,14.39,92.58,25.4,NaN,,11,,20,7
5/15/2024 08:52,16.1,14.99,93.2,25.4,NaN,,11,,30,1.75
5/15/2024 09:52,16.7,14.99,89.71,50.8,NaN,,9,,60,6
5/15/2024 10:52,17.2,14.99,86.92,25.4,NaN,,13,,40,3
5/15/2024 11:52,17.2,14.99,86.92,2.54,NaN,,11,,40,5
5/15/2024 12:52,17.8,15.59,86.98,2.54,NaN,,15,,20,8
5/15/2024 13:52,18.9,16.08,83.82,2.54,NaN,,11,,30,7
5/15/2024 14:52,18.3,15.58,84.29,2.54,NaN,,13,,10,9
5/15/2024 15:52,19.4,14.98,75.73,2.54,NaN,,7,,40,10
5/15/2024 16:52,18.3,16.09,87.02,25.4,NaN,,9,,40,6
5/15/2024 17:52,17.8,15.59,86.98,25.4,NaN,,9,,40,9
5/15/2024 18:52,18.3,15.58,84.29,0,NaN,,6,,50,10
5/15/2024 19:52,18.3,14.98,81.11,0,NaN,,11,,10,10
5/15/2024 20:52,18.3,14.98,81.11,0,NaN,,11,,360,10
5/15/2024 21:52,18.3,14.38,78.03,0,NaN,,15,,10,10
5/15/2024 22:52,17.8,14.98,83.69,0,NaN,,9,,320,10
5/15/2024 23:52,16.7,14.38,86.31,0,NaN,,11,,330,10
5/16/2024 00:52,15,13.29,89.58,0,NaN,,6,,340,10
5/16/2024 01:52,13.9,12.79,93.09,0,NaN,,0,,0,7
5/16/2024 02:52,13.9,12.79,93.09,0,NaN,,6,,280,7
5/16/2024 03:52,13.9,12.79,93.09,0,NaN,,0,,0,9
5/16/2024 04:52,13.3,12.8,96.79,0,NaN,,6,,320,7
5/16/2024 05:52,14.4,13.29,93.11,0,NaN,,13,,320,6
5/16/2024 06:52,15.6,13.89,89.63,0,NaN,,9,,330,6
5/16/2024 07:52,17.8,14.38,80.52,0,NaN,,7,,330,10
5/16/2024 08:52,20.6,14.98,70.32,0,NaN,,13,,320,10
5/16/2024 09:52,21.1,13.87,63.51,0,NaN,,15,,340,10
5/16/2024 10:52,23.3,13.88,55.57,0,NaN,,20,33,320,10
5/16/2024 11:52,23.9,13.89,53.6,0,NaN,,17,,350,10
5/16/2024 12:52,25,14.4,51.84,0,NaN,,20,35,330,10
5/16/2024 13:52,25.6,13.9,48.43,0,NaN,,26,35,320,10
5/16/2024 14:52,26.1,13.9,47.02,0,NaN,,20,44,350,10
5/16/2024 15:52,26.1,13.3,45.22,0,NaN,,26,35,350,10
5/16/2024 16:52,25,13.3,48.27,0,NaN,,17,,340,10
5/16/2024 17:52,26.7,13.91,45.39,0,26.61,,17,,360,10
5/16/2024 18:52,25.6,13.3,46.58,0,NaN,,17,,30,10
5/16/2024 19:52,23.9,13.29,51.55,0,NaN,,15,,30,10
5/16/2024 20:52,21.7,13.27,58.88,0,NaN,,13,,30,10
5/16/2024 21:52,20.6,13.27,62.99,0,NaN,,11,,40,10
5/16/2024 22:52,19.4,13.27,67.84,0,NaN,,9,,60,10
5/16/2024 23:52,19.4,13.87,70.54,0,NaN,,15,,80,10
5/17/2024 00:52,18.3,13.88,75.55,0,NaN,,11,,80,10
5/17/2024 01:52,17.2,13.88,80.96,0,NaN,,9,,40,10
5/17/2024 02:52,16.7,13.28,80.37,0,NaN,,0,,0,10
5/17/2024 03:52,16.1,13.28,83.49,0,NaN,,9,,30,10
5/17/2024 04:52,15,13.29,89.58,0,NaN,,7,,70,10
5/17/2024 05:52,16.7,13.88,83.56,0,NaN,,6,,320,10
5/17/2024 06:52,17.2,13.88,80.96,0,NaN,,9,,320,10
5/17/2024 07:52,18.3,14.38,78.03,0,NaN,,9,,60,10
5/17/2024 08:52,18.9,14.38,75.16,0,NaN,,9,,50,10
5/17/2024 09:52,19.4,13.87,70.54,0,NaN,,7,,80,10
5/17/2024 10:52,20,13.87,67.96,0,NaN,,0,,0,10
5/17/2024 11:52,21.1,13.87,63.51,0,NaN,,0,,0,10
5/17/2024 12:52,20.6,14.38,67.65,0,NaN,,9,,0,10
5/17/2024 13:52,21.7,14.98,65.73,0,NaN,,0,,0,10
5/17/2024 14:52,21.1,14.98,68.19,0,NaN,,7,,140,10
5/17/2024 15:52,20.6,14.98,70.32,0,NaN,,6,,170,10
5/17/2024 16:52,20,15.58,75.83,2.54,NaN,,13,,110,10
5/17/2024 17:52,20,14.98,72.97,2.54,NaN,,13,,110,10
5/17/2024 18:52,19.4,15.58,78.7,0,NaN,,17,,110,10
5/17/2024 19:52,18.9,14.38,75.16,0,NaN,,11,,120,10
5/17/2024 20:52,18.3,14.38,78.03,0,NaN,,9,,170,10
5/17/2024 21:52,17.8,13.88,77.95,2.54,NaN,,6,,160,10
5/17/2024 22:52,17.8,13.88,77.95,0,NaN,,9,,150,10
5/17/2024 23:52,17.8,13.88,77.95,0,NaN,,11,,160,10
5/18/2024 00:52,17.2,14.38,83.62,0,NaN,,9,,160,10
5/18/2024 01:52,17.2,14.38,83.62,2.54,NaN,,7,,170,10
5/18/2024 02:52,16.7,14.99,89.71,2.54,NaN,,0,,0,10
5/18/2024 03:52,16.7,15.59,93.23,101.6,NaN,,0,,0,10
5/18/2024 04:52,16.7,14.99,89.71,2.54,NaN,,6,,200,10
5/18/2024 05:52,16.1,14.99,93.2,76.2,NaN,,0,,0,9
5/18/2024 06:52,16.1,14.99,93.2,127,NaN,,7,,100,6
5/18/2024 07:52,16.7,14.99,89.71,254,NaN,,9,,90,4
5/18/2024 08:52,16.1,14.39,89.67,101.6,NaN,,11,,130,10
5/18/2024 09:52,16.7,14.38,86.31,0,NaN,,11,,130,10
5/18/2024 10:52,17.2,13.88,80.96,2.54,NaN,,11,,150,10
5/18/2024 11:52,17.2,14.38,83.62,0,NaN,,7,,130,8
5/18/2024 12:52,17.2,15.59,90.33,76.2,NaN,,6,,160,3
5/18/2024 13:52,16.7,14.99,89.71,228.6,NaN,,0,,0,2
5/18/2024 14:52,16.7,14.99,89.71,330.2,NaN,,9,,0,2
5/18/2024 15:52,17.2,15.59,90.33,177.8,NaN,,6,,120,3
5/18/2024 16:52,17.2,15.59,90.33,152.4,NaN,,7,,100,2
5/18/2024 17:52,17.2,15.59,90.33,101.6,NaN,,6,,130,2
5/18/2024 18:52,17.2,15.59,90.33,25.4,NaN,,11,,110,4
5/18/2024 19:52,17.2,15.59,90.33,0,NaN,,7,,120,7
5/18/2024 20:52,16.7,14.99,89.71,0,NaN,,6,,150,10
5/18/2024 21:52,16.7,14.99,89.71,0,NaN,,0,,0,10
5/18/2024 22:52,16.1,14.99,93.2,0,NaN,,0,,0,10
5/18/2024 23:52,16.1,14.99,93.2,0,NaN,,0,,0,10
5/19/2024 00:52,16.1,14.99,93.2,0,NaN,,0,,0,7
5/19/2024 01:52,16.7,14.99,89.71,0,NaN,,7,,330,10
5/19/2024 02:52,16.7,14.99,89.71,0,NaN,,0,,0,10
5/19/2024 03:52,16.7,14.99,89.71,0,NaN,,0,,0,10
5/19/2024 04:52,16.7,14.99,89.71,0,NaN,,0,,0,10
5/19/2024 05:52,16.7,14.99,89.71,0,NaN,,6,,30,10
5/19/2024 06:52,17.2,14.99,86.92,0,NaN,,0,,0,10
5/19/2024 07:52,18.3,15.58,84.29,0,NaN,,0,,0,10
5/19/2024 08:52,20.6,14.38,67.65,0,NaN,,7,,40,10
5/19/2024 09:52,19.4,14.38,72.86,0,NaN,,7,,60,10
5/19/2024 10:52,20.6,14.38,67.65,0,NaN,,6,,30,10
5/19/2024 11:52,21.7,14.38,63.24,0,NaN,,6,,330,10
5/19/2024 12:52,21.7,14.38,63.24,0,NaN,,0,,0,10
5/19/2024 13:52,21.7,14.98,65.73,0,NaN,,0,,0,10
5/19/2024 14:52,22.2,14.98,63.76,0,NaN,,0,,0,10
5/19/2024 15:52,22.2,14.98,63.76,0,NaN,,0,,0,10
5/19/2024 16:52,23.3,15.59,62,0,NaN,,9,,260,10
5/19/2024 17:52,24.4,15.59,58.04,0,NaN,,9,,300,10
5/19/2024 18:52,24.4,15.59,58.04,0,NaN,,9,,350,10
5/19/2024 19:52,22.8,14.98,61.48,0,NaN,,0,,0,10
5/19/2024 20:52,18.3,15.58,84.29,0,NaN,,6,,240,10
5/19/2024 21:52,16.7,14.99,89.71,0,NaN,,0,,0,10
5/19/2024 22:52,15.6,13.89,89.63,0,NaN,,0,,0,10
5/19/2024 23:52,15.6,13.89,89.63,0,NaN,,0,,0,10
5/20/2024 00:52,14.4,13.29,93.11,0,NaN,,0,,0,10
5/20/2024 01:52,13.9,12.79,93.09,0,NaN,,7,,140,7
5/20/2024 02:52,13.9,12.79,93.09,0,NaN,,0,,0,7
5/20/2024 03:52,13.3,12.19,93.05,0,NaN,,0,,0,7
5/20/2024 04:52,13.3,12.19,93.05,0,NaN,,7,,90,7
5/20/2024 05:52,15,13.89,93.14,0,NaN,,6,,130,0.12
5/20/2024 06:52,15.6,15,96.23,2.54,NaN,,0,,0,0.12
5/20/2024 07:52,16.1,14.99,93.2,0,NaN,,0,,0,0.12
5/20/2024 08:52,16.1,14.99,93.2,0,NaN,,7,,160,0.25
5/20/2024 09:52,17.2,15.59,90.33,0,NaN,,7,,130,3
5/20/2024 10:52,18.3,15.58,84.29,0,NaN,,6,,120,5
5/20/2024 11:52,20,16.08,78.29,0,NaN,,6,,0,5
5/20/2024 12:52,21.1,16.08,73.16,0,NaN,,6,,60,7
5/20/2024 13:52,23.9,17.19,66.2,0,NaN,,9,,50,10
5/20/2024 14:52,25.6,16.7,57.96,0,NaN,,9,,10,10
5/20/2024 15:52,26.7,16.11,52.29,0,27.27,,0,,0,10
5/20/2024 16:52,27.2,15.61,49.18,0,27.56,,7,,170,10
5/20/2024 17:52,26.7,16.11,52.29,0,27.27,,9,,190,10
5/20/2024 18:52,26.1,16.11,54.17,0,NaN,,7,,190,10
5/20/2024 19:52,23.9,16.69,64.14,0,NaN,,9,,160,10
5/20/2024 20:52,22.2,16.68,71.07,0,NaN,,9,,160,10
5/20/2024 21:52,20.6,16.08,75.44,0,NaN,,7,,170,10
5/20/2024 22:52,18.9,16.08,83.82,0,NaN,,6,,180,10
5/20/2024 23:52,18.9,16.69,87.08,0,NaN,,9,,180,10
5/21/2024 00:52,17.8,16.09,89.8,0,NaN,,6,,190,10
5/21/2024 01:52,17.2,15.59,90.33,0,NaN,,0,,0,8
5/21/2024 02:52,16.1,15.6,96.86,0,NaN,,6,,160,10
5/21/2024 03:52,16.1,14.99,93.2,0,NaN,,9,,170,10
5/21/2024 04:52,17.2,15.59,90.33,0,NaN,,7,,180,10
5/21/2024 05:52,16.1,14.99,93.2,0,NaN,,0,,0,7
5/21/2024 06:52,15.6,15,96.23,0,NaN,,0,,0,5
5/21/2024 07:52,19.4,16.69,84.41,0,NaN,,9,,180,10
5/21/2024 08:52,21.7,17.19,75.63,0,NaN,,7,,200,10
5/21/2024 09:52,23.9,17.79,68.75,0,NaN,,11,,190,10
5/21/2024 10:52,26.1,17.8,60.32,0,NaN,,11,,180,10
5/21/2024 11:52,27.2,15.01,47.32,0,27.44,,9,,220,10
5/21/2024 12:52,28.3,13.93,41.34,0,28.03,,9,,0,10
5/21/2024 13:52,28.9,13.34,38.41,0,28.37,,13,,130,10
5/21/2024 14:52,28.9,13.34,38.41,0,28.37,,13,28,160,10
5/21/2024 15:52,30,13.95,37.48,0,29.41,,17,,190,10
5/21/2024 16:52,29.4,15.64,43.29,0,29.37,,13,,160,10
5/21/2024 17:52,28.9,16.13,46,0,29.08,,15,,170,10
5/21/2024 18:52,27.8,15.62,47.49,0,28.03,,17,,170,10
5/21/2024 19:52,25,16.1,57.81,0,NaN,,11,,160,10
5/21/2024 20:52,23.3,15.59,62,0,NaN,,11,,160,10
5/21/2024 21:52,22.8,15.59,63.9,0,NaN,,11,,160,10
5/21/2024 22:52,21.7,14.98,65.73,0,NaN,,11,,160,10
5/21/2024 23:52,21.1,15.58,70.86,0,NaN,,13,,170,10
5/22/2024 00:52,20,15.58,75.83,0,NaN,,9,,170,10
5/22/2024 01:52,19.4,15.58,78.7,0,NaN,,9,,190,10
5/22/2024 02:52,18.9,15.58,81.19,0,NaN,,7,,160,10
5/22/2024 03:52,18.3,15.58,84.29,0,NaN,,9,,180,10
5/22/2024 04:52,17.8,15.59,86.98,0,NaN,,7,,180,10
5/22/2024 05:52,18.3,15.58,84.29,0,NaN,,9,,170,10
5/22/2024 06:52,18.3,16.09,87.02,0,NaN,,0,,0,10
5/22/2024 07:52,20.6,16.68,78.38,0,NaN,,11,,200,10
5/22/2024 08:52,22.8,17.19,70.74,0,NaN,,9,,190,10
5/22/2024 09:52,24.4,17.19,64.25,0,NaN,,0,,0,10
5/22/2024 10:52,26.7,18.31,60.08,0,27.72,,9,,0,10
5/22/2024 11:52,28.9,18.93,54.88,0,30.14,,11,,240,10
5/22/2024 12:52,30,18.94,51.51,0,31.29,,9,,0,10
5/22/2024 13:52,31.7,19.46,48.24,0,33.43,,15,,200,10
5/22/2024 14:52,32.2,18.97,45.46,0,33.67,,13,,210,10
5/22/2024 15:52,31.7,20.65,51.95,0,34.27,,15,,170,10
5/22/2024 16:52,29.4,20.03,57.09,0,31.24,,13,,170,10
5/22/2024 17:52,31.1,20.05,51.8,0,33.15,,13,,160,10
5/22/2024 18:52,29.4,20.03,57.09,0,31.24,,9,,180,10
5/22/2024 19:52,28.9,20.03,58.76,0,30.68,,13,,170,10
5/22/2024 20:52,27.2,20.01,64.86,0,28.74,,9,,170,10
5/22/2024 21:52,27.2,19.41,62.49,0,28.54,,17,,180,10
5/22/2024 22:52,27.2,19.41,62.49,0,28.54,,15,,200,10
5/22/2024 23:52,26.1,18.9,64.62,0,NaN,,17,,210,10
5/23/2024 00:52,25,18.9,68.97,0,NaN,,13,,210,10
5/23/2024 01:52,24.4,18.89,71.48,0,NaN,,17,,200,10
5/23/2024 02:52,23.3,18.29,73.55,0,NaN,,13,,200,10
5/23/2024 03:52,22.8,18.29,75.81,0,NaN,,6,,240,10
5/23/2024 04:52,22.2,18.29,78.61,0,NaN,,7,,220,10
5/23/2024 05:52,21.7,18.29,81.04,0,NaN,,0,,0,10
5/23/2024 06:52,21.7,18.89,84.14,2.54,NaN,,0,,0,10
5/23/2024 07:52,22.8,19.39,81.19,2.54,NaN,,6,,260,10
5/23/2024 08:52,23.3,18.29,73.55,25.4,NaN,,9,,280,7
5/23/2024 09:52,23.3,18.89,76.36,101.6,NaN,,7,,290,7
5/23/2024 10:52,23.3,19.39,78.77,2.54,NaN,,9,,280,7
5/23/2024 11:52,24.4,19.39,73.74,2.54,NaN,,13,,320,7
5/23/2024 12:52,26.7,18.31,60.08,0,27.72,,11,,350,10
5/23/2024 13:52,28.3,16.13,47.63,0,28.57,,6,,280,10
5/23/2024 14:52,29.4,18.34,51.36,0,30.38,,9,,320,10
5/23/2024 15:52,30,18.34,49.62,0,30.99,,7,,240,10
5/23/2024 16:52,28.9,17.83,51.23,0,29.68,,6,,0,10
5/23/2024 17:52,28.9,17.83,51.23,0,29.68,,11,,200,10
5/23/2024 18:52,26.7,17.81,58.23,0,27.61,,11,,210,10
5/23/2024 19:52,22.8,17.19,70.74,2.54,NaN,,15,,70,10
5/23/2024 20:52,22.2,17.19,73.36,2.54,NaN,,0,,0,10
5/23/2024 21:52,20,17.19,83.95,0,NaN,,0,,0,10
5/23/2024 22:52,21.7,17.19,75.63,0,NaN,,0,,0,10
5/23/2024 23:52,20.6,17.79,84.02,0,NaN,,0,,0,10
5/24/2024 00:52,20,17.79,87.18,0,NaN,,0,,0,10
5/24/2024 01:52,19.4,17.79,90.49,0,NaN,,0,,0,10
5/24/2024 02:52,20.6,18.29,86.69,0,NaN,,7,,30,10
5/24/2024 03:52,19.4,17.79,90.49,0,NaN,,0,,0,10
5/24/2024 04:52,20,17.79,87.18,0,NaN,,0,,0,10
5/24/2024 05:52,20,18.29,89.96,0,NaN,,0,,0,10
5/24/2024 06:52,20.6,17.79,84.02,0,NaN,,6,,320,10
5/24/2024 07:52,22.2,18.29,78.61,0,NaN,,9,,340,10
5/24/2024 08:52,23.3,17.79,71.28,0,NaN,,9,,300,10
5/24/2024 09:52,23.9,18.29,70.95,0,NaN,,6,,340,10
5/24/2024 10:52,26.1,18.3,62.24,0,NaN,,9,,360,10
5/24/2024 11:52,27.8,15.62,47.49,0,28.03,,17,,20,10
5/24/2024 12:52,27.8,16.12,49.03,0,28.15,,6,,50,10
5/24/2024 13:52,28.3,16.73,49.48,0,28.74,,7,,30,10
5/24/2024 14:52,28.3,16.73,49.48,0,28.74,,7,,140,10
5/24/2024 15:52,30,16.15,43.18,0,30.08,,0,,0,10
5/24/2024 16:52,30,15.65,41.82,0,29.91,,0,,0,10
5/24/2024 17:52,28.3,15.63,46.13,0,28.43,,6,,260,10
5/24/2024 18:52,27.2,17.21,54.45,0,27.92,,7,,180,10
5/24/2024 19:52,25.6,16.7,57.96,0,NaN,,7,,160,10
5/24/2024 20:52,23.9,16.69,64.14,0,NaN,,7,,180,10
5/24/2024 21:52,22.2,17.19,73.36,0,NaN,,6,,210,10
5/24/2024 22:52,20.6,16.68,78.38,0,NaN,,7,,190,10
5/24/2024 23:52,20.6,16.68,78.38,0,NaN,,9,,170,10
5/25/2024 00:52,20.6,17.79,84.02,0,NaN,,7,,200,10
5/25/2024 01:52,20.6,17.79,84.02,0,NaN,,0,,0,10
5/25/2024 02:52,18.9,17.19,89.88,0,NaN,,6,,130,10
5/25/2024 03:52,17.8,16.69,93.29,0,NaN,,0,,0,10
5/25/2024 04:52,18.3,17.19,93.31,0,NaN,,0,,0,10
5/25/2024 05:52,17.2,16.09,93.26,0,NaN,,0,,0,10
5/25/2024 06:52,18.3,17.19,93.31,0,NaN,,0,,0,10
5/25/2024 07:52,21.7,18.89,84.14,0,NaN,,0,,0,10
5/25/2024 08:52,25,19.4,71.15,0,NaN,,7,,220,10
5/25/2024 09:52,25.6,20,71.26,0,NaN,,9,,190,10
5/25/2024 10:52,27.8,19.42,60.34,0,29.19,,15,,180,10
5/25/2024 11:52,29.4,17.84,49.77,0,30.16,,15,28,160,10
5/25/2024 12:52,30,16.75,44.86,0,30.3,,20,31,190,10
5/25/2024 13:52,31.1,16.76,42.13,0,31.37,,17,,160,10
5/25/2024 14:52,31.1,16.76,42.13,0,31.37,,19,,210,10
5/25/2024 15:52,31.1,16.76,42.13,0,31.37,,11,30,220,10
5/25/2024 16:52,30.6,16.76,43.35,0,30.88,,15,,180,10
5/25/2024 17:52,29.4,16.14,44.69,0,29.53,,15,,180,10
5/25/2024 18:52,28.3,16.73,49.48,0,28.74,,17,,210,10
5/25/2024 19:52,26.7,17.81,58.23,2.54,27.61,,9,,160,10
5/25/2024 20:52,22.8,19.39,81.19,685.8,NaN,,9,,130,10
5/25/2024 21:52,23.3,19.99,81.76,0,NaN,,19,,10,10
5/25/2024 22:52,20.6,19.4,92.85,787.4,NaN,,0,,0,3
5/25/2024 23:52,20.6,18.89,90.01,254,NaN,,6,,170,10
5/26/2024 00:52,20.6,18.29,86.69,0,NaN,,6,,190,10
5/26/2024 01:52,20,18.29,89.96,0,NaN,,0,,0,10
5/26/2024 02:52,20,18.9,93.4,0,NaN,,6,,310,9
5/26/2024 03:52,20.6,18.89,90.01,0,NaN,,6,,340,10
5/26/2024 04:52,20,18.9,93.4,0,NaN,,9,,320,10
5/26/2024 05:52,20,18.29,89.96,0,NaN,,0,,0,10
5/26/2024 06:52,20,18.29,89.96,0,NaN,,6,,40,10
5/26/2024 07:52,22.8,18.29,75.81,0,NaN,,9,,360,10
5/26/2024 08:52,23.9,18.29,70.95,0,NaN,,11,,360,10
5/26/2024 09:52,25.6,18.9,66.56,0,NaN,,13,,10,10
5/26/2024 10:52,26.7,19.41,64.35,0,27.98,,11,,0,10
5/26/2024 11:52,27.8,18.92,58.49,0,29.01,,9,,10,10
5/26/2024 12:52,29.4,18.93,53.32,0,30.66,,7,,0,10
5/26/2024 13:52,28.9,17.83,51.23,0,29.68,,9,,0,10
5/26/2024 14:52,29.4,17.84,49.77,0,30.16,,11,,70,10
5/26/2024 15:52,30,18.34,49.62,0,30.99,,7,,180,10
5/26/2024 16:52,29.4,18.93,53.32,0,30.66,,17,,160,10
5/26/2024 17:52,29.4,18.93,53.32,0,30.66,,11,,150,10
5/26/2024 18:52,28.9,18.93,54.88,0,30.14,,11,,150,10
5/26/2024 19:52,27.8,20.02,62.63,0,29.44,,22,33,160,10
5/26/2024 20:52,26.1,19.4,66.66,0,NaN,,13,,170,10
5/26/2024 21:52,25,20,73.85,0,NaN,,13,,170,10
5/26/2024 22:52,21.1,17.79,81.48,25.4,NaN,,15,33,190,10
5/26/2024 23:52,20,18.29,89.96,254,NaN,,6,,280,9
5/27/2024 00:52,20,18.9,93.4,25.4,NaN,,6,,220,10
5/27/2024 01:52,19.4,18.29,93.37,0,NaN,,6,,200,10
5/27/2024 02:52,19.4,17.79,90.49,0,NaN,,9,,150,10
5/27/2024 03:52,19.4,17.79,90.49,0,NaN,,11,,170,10
5/27/2024 04:52,18.9,17.79,93.34,0,NaN,,13,,170,10
5/27/2024 05:52,18.9,17.19,89.88,0,NaN,,9,,170,10
5/27/2024 06:52,18.9,17.79,93.34,0,NaN,,9,,190,10
5/27/2024 07:52,20.6,17.79,84.02,0,NaN,,15,,170,10
5/27/2024 08:52,21.1,18.29,84.07,0,NaN,,13,,170,10
5/27/2024 09:52,22.8,18.29,75.81,0,NaN,,15,30,170,10
5/27/2024 10:52,22.8,18.29,75.81,0,NaN,,22,41,180,10
5/27/2024 11:52,24.4,18.89,71.48,0,NaN,,24,43,190,10
5/27/2024 12:52,23.9,19.39,75.98,2.54,NaN,,20,37,200,10
5/27/2024 13:52,23.9,19.39,75.98,2.54,NaN,,13,,220,7
5/27/2024 14:52,26.7,20.01,66.79,0,28.14,,19,,190,10
5/27/2024 15:52,28.3,20.62,63.13,0,30.3,,19,,180,10
5/27/2024 16:52,27.8,20.61,64.99,0,29.7,,11,31,180,10
5/27/2024 17:52,28.9,20.03,58.76,0,30.68,,19,31,190,10
5/27/2024 18:52,27.2,20.01,64.86,0,28.74,,24,31,180,10
5/27/2024 19:52,23.9,18.29,70.95,2.54,NaN,,15,30,20,10
5/27/2024 20:52,21.7,18.89,84.14,2.54,NaN,,6,,150,10
5/27/2024 21:52,21.1,17.19,78.45,0,NaN,,0,,0,10
5/27/2024 22:52,20,17.19,83.95,0,NaN,,7,,210,10
5/27/2024 23:52,17.8,16.09,89.8,0,NaN,,7,,130,10
5/28/2024 00:52,19.4,17.19,87.13,0,NaN,,0,,0,10
5/28/2024 01:52,20,17.79,87.18,0,NaN,,11,,200,10
5/28/2024 02:52,18.9,16.08,83.82,0,NaN,,6,,200,10
5/28/2024 03:52,20.6,14.38,67.65,0,NaN,,9,,320,10
5/28/2024 04:52,18.9,14.38,75.16,0,NaN,,6,,300,10
5/28/2024 05:52,19.4,12.77,65.66,0,NaN,,19,35,310,10
5/28/2024 06:52,19.4,12.77,65.66,0,NaN,,7,,280,10
5/28/2024 07:52,22.2,12.17,53.15,0,NaN,,9,,330,10
5/28/2024 08:52,23.3,12.18,49.73,0,NaN,,11,,0,10
5/28/2024 09:52,24.4,13.29,50.03,0,NaN,,11,,280,10
5/28/2024 10:52,26.1,12.81,43.77,0,NaN,,26,41,290,10
5/28/2024 11:52,25.6,12.2,43.35,0,NaN,,17,39,290,10
5/28/2024 12:52,27.2,12.82,41.03,0,27.07,,15,28,280,10
5/28/2024 13:52,25.6,12.2,43.35,0,NaN,,9,,280,10
5/28/2024 14:52,27.8,12.23,38.09,0,27.37,,13,,220,10
5/28/2024 15:52,27.8,12.83,39.62,2.54,27.47,,11,,290,10
5/28/2024 16:52,23.3,16.09,64.01,2.54,NaN,,17,,200,10
5/28/2024 17:52,24.4,14.39,53.73,2.54,NaN,,11,,210,10
5/28/2024 18:52,23.9,16.09,61.74,0,NaN,,11,,180,10
5/28/2024 19:52,21.7,16.08,70.53,0,NaN,,6,,230,10
5/28/2024 20:52,16.7,14.38,86.31,254,NaN,,6,,190,10
5/28/2024 21:52,16.7,13.88,83.56,0,NaN,,0,,0,10
5/28/2024 22:52,16.7,13.88,83.56,0,NaN,,0,,0,10
5/28/2024 23:52,16.7,12.17,74.78,0,NaN,,9,,310,10
5/29/2024 00:52,17.2,12.77,75.36,0,NaN,,11,,280,10
5/29/2024 01:52,16.7,12.17,74.78,0,NaN,,6,,270,10
5/29/2024 02:52,13.9,11.68,86.6,0,NaN,,0,,0,10
5/29/2024 03:52,13.3,11.68,90.04,0,NaN,,0,,0,10
5/29/2024 04:52,12.8,11.08,89.41,0,NaN,,0,,0,10
5/29/2024 05:52,13.3,11.08,86.54,0,NaN,,0,,0,10
5/29/2024 06:52,16.7,11.67,72.36,0,NaN,,6,,310,10
5/29/2024 07:52,19.4,12.77,65.66,0,NaN,,6,,330,10
5/29/2024 08:52,21.7,12.77,56.99,0,NaN,,9,,340,10
5/29/2024 09:52,22.8,12.78,53.31,0,NaN,,7,,250,10
5/29/2024 10:52,23.9,13.89,53.6,0,NaN,,7,,0,10
5/29/2024 11:52,25.6,12.8,45.08,0,NaN,,9,,330,10
5/29/2024 12:52,23.3,12.78,51.72,0,NaN,,13,,350,10
5/29/2024 13:52,22.8,13.88,57.27,2.54,NaN,,7,,30,10
5/29/2024 14:52,16.1,13.28,83.49,50.8,NaN,,17,,290,7
5/29/2024 15:52,16.1,13.88,86.81,228.6,NaN,,11,,80,8
5/29/2024 16:52,16.7,14.38,86.31,2.54,NaN,,6,,0,10
5/29/2024 17:52,17.8,14.38,80.52,0,NaN,,9,,200,10
5/29/2024 18:52,17.2,14.99,86.92,0,NaN,,9,,290,10
5/29/2024 19:52,18.9,13.87,72.77,2.54,NaN,,15,,350,10
5/29/2024 20:52,17.2,11.06,67.38,0,NaN,,7,,330,10
5/29/2024 21:52,15,12.18,83.36,0,NaN,,0,,0,10
5/29/2024 22:52,13.9,11.08,83.23,0,NaN,,0,,0,10
5/29/2024 23:52,15.6,10.56,72.16,0,NaN,,9,,290,10
5/30/2024 00:52,15,10.57,74.99,0,NaN,,7,,270,10
5/30/2024 01:52,13.9,10.57,80.51,0,NaN,,13,,310,10
5/30/2024 02:52,15,10.57,74.99,0,NaN,,7,,0,10
5/30/2024 03:52,13.9,9.97,77.35,0,NaN,,9,,320,10
5/30/2024 04:52,13.9,10.57,80.51,0,NaN,,15,,330,10
5/30/2024 05:52,14.4,9.96,74.88,0,NaN,,9,,330,10
5/30/2024 06:52,15,10.57,74.99,2.54,NaN,,20,,330,10
5/30/2024 07:52,16.7,10.56,67.27,0,NaN,,15,,330,10
5/30/2024 08:52,18.3,10.56,60.82,0,NaN,,20,31,340,10
5/30/2024 09:52,19.4,8.85,50.67,0,NaN,,15,,360,10
5/30/2024 10:52,19.4,8.25,48.65,0,NaN,,9,,0,10
5/30/2024 11:52,21.7,9.37,45.49,0,NaN,,0,,0,10
5/30/2024 12:52,22.8,8.87,41.14,0,NaN,,22,35,330,10
5/30/2024 13:52,21.7,8.26,42.23,0,NaN,,7,,0,10
5/30/2024 14:52,22.2,9.37,44.12,0,NaN,,13,,330,10
5/30/2024 15:52,23.3,9.38,41.28,0,NaN,,28,39,300,10
5/30/2024 16:52,23.9,6.68,33.14,0,NaN,,30,50,300,10
5/30/2024 17:52,23.9,5.59,30.72,0,NaN,,28,41,310,10
5/30/2024 18:52,22.2,3.27,28.98,0,NaN,,19,33,320,10
5/30/2024 19:52,21.1,3.26,30.99,0,NaN,,19,,310,10
5/30/2024 20:52,17.8,4.94,42.86,0,NaN,,11,,290,10
5/30/2024 21:52,16.7,5.53,47.9,0,NaN,,11,,310,10
5/30/2024 22:52,16.7,4.93,45.94,0,NaN,,13,,300,10
5/30/2024 23:52,14.4,6.04,57.45,0,NaN,,11,,300,10
5/31/2024 00:52,13.3,6.04,61.69,0,NaN,,7,,310,10
5/31/2024 01:52,13.3,5.53,59.6,0,NaN,,7,,330,10
5/31/2024 02:52,13.3,4.93,57.16,0,NaN,,9,,320,10
5/31/2024 03:52,12.2,4.93,61.43,0,NaN,,7,,320,10
5/31/2024 04:52,11.7,4.93,63.48,0,NaN,,9,,310,10
5/31/2024 05:52,10,4.95,71.08,0,NaN,10,6,,310,10
5/31/2024 06:52,11.7,6.04,68.52,0,NaN,,9,,290,10
5/31/2024 07:52,15,6.03,55.27,0,NaN,,15,,320,10
5/31/2024 08:52,17.8,5.54,44.68,0,NaN,,19,,310,10
5/31/2024 09:52,19.4,4.34,37.19,0,NaN,,17,35,340,10
5/31/2024 10:52,20,4.35,35.83,0,NaN,,24,37,320,10
5/31/2024 11:52,21.1,4.35,33.48,0,NaN,,15,35,320,10
5/31/2024 12:52,21.7,4.36,32.28,0,NaN,,19,33,10,10
5/31/2024 13:52,22.8,4.97,31.48,0,NaN,,11,30,300,10
5/31/2024 14:52,23.3,6.08,32.97,0,NaN,,13,35,30,10
5/31/2024 15:52,24.4,5,28.6,0,NaN,,17,35,10,10
5/31/2024 16:52,24.4,4.4,27.42,0,NaN,,20,30,340,10
5/31/2024 17:52,24.4,6.09,30.86,0,NaN,,15,,310,10
5/31/2024 18:52,23.9,4.39,28.26,0,NaN,,11,,340,10
5/31/2024 19:52,22.2,6.07,35.24,0,NaN,,9,,310,10
5/31/2024 20:52,17.8,7.74,51.97,0,NaN,,0,,0,10
5/31/2024 21:52,14.4,7.75,64.55,0,NaN,,6,,180,10
5/31/2024 22:52,13.3,7.75,69.32,0,NaN,,6,,180,10
5/31/2024 23:52,13.3,7.75,69.32,0,NaN,,0,,0,10
6/1/2024 00:52,12.2,7.76,74.5,0,NaN,,0,,0,10
6/1/2024 01:52,11.7,7.76,76.99,0,NaN,,0,,0,10
6/1/2024 02:52,10.6,7.77,82.82,0,NaN,,0,,0,10
6/1/2024 03:52,9.4,7.17,86.14,0,NaN,,0,,0,10
6/1/2024 04:52,9.4,7.78,89.74,0,NaN,,0,,0,10
6/1/2024 05:52,8.9,7.18,89.09,0,NaN,,0,,0,10
6/1/2024 06:52,12.2,9.37,83.02,0,NaN,,0,,0,10
6/1/2024 07:52,17.2,8.85,58.16,0,NaN,,0,,0,10
6/1/2024 08:52,20,8.86,48.82,0,NaN,,7,,310,10
6/1/2024 09:52,23.3,8.88,39.92,0,NaN,,0,,0,10
6/1/2024 10:52,25,8.9,36.05,0,NaN,,0,,0,10
6/1/2024 11:52,26.1,6.72,29.08,0,NaN,,11,,340,10
6/1/2024 12:52,26.7,8.32,31.31,0,26.24,,13,,160,10
6/1/2024 13:52,27.8,7.84,28.38,0,26.88,,7,,230,10
6/1/2024 14:52,27.8,8.34,29.36,0,26.92,,15,,240,10
6/1/2024 15:52,28.3,8.94,29.7,0,27.3,,9,,0,10
6/1/2024 16:52,27.8,8.94,30.58,0,26.98,,15,,190,10
6/1/2024 17:52,27.8,8.34,29.36,0,26.92,,13,,210,10
6/1/2024 18:52,25.6,10,37.46,0,NaN,,9,,210,10
6/1/2024 19:52,23.9,9.38,39.82,0,NaN,,11,,180,10
6/1/2024 20:52,22.8,9.38,42.55,0,NaN,,9,,170,10
6/1/2024 21:52,21.7,9.97,47.36,0,NaN,,9,,170,10
6/1/2024 22:52,21.1,10.56,51.13,0,NaN,,9,,170,10
6/1/2024 23:52,20.6,11.67,56.72,0,NaN,,9,,170,10
6/2/2024 00:52,20,11.66,58.85,0,NaN,,9,,190,10
6/2/2024 01:52,18.3,11.06,62.87,0,NaN,,7,,180,10
6/2/2024 02:52,17.2,11.06,67.38,0,NaN,,7,,150,10
6/2/2024 03:52,17.2,11.06,67.38,0,NaN,,9,,150,10
6/2/2024 04:52,15.6,11.06,74.59,0,NaN,,0,,0,10
6/2/2024 05:52,16.1,11.06,72.25,0,NaN,,9,,180,10
6/2/2024 06:52,17.2,12.17,72.45,0,NaN,,7,,170,10
6/2/2024 07:52,18.3,12.17,67.61,0,NaN,,9,,180,10
6/2/2024 08:52,19.4,12.77,65.66,0,NaN,,13,,200,10
6/2/2024 09:52,21.7,13.88,61.23,0,NaN,,13,,220,10
6/2/2024 10:52,25.6,13.9,48.43,0,NaN,,11,,220,10
6/2/2024 11:52,27.8,13.92,42.56,0,27.66,,7,,190,10
6/2/2024 12:52,27.2,12.82,41.03,0,27.07,,17,30,180,10
6/2/2024 13:52,27.8,13.92,42.56,0,27.66,,15,,200,10
6/2/2024 14:52,26.7,12.81,42.25,0,26.53,,20,35,210,10
6/2/2024 15:52,26.1,15.6,52.46,0,NaN,,19,,230,10
6/2/2024 16:52,26.1,15.6,52.46,0,NaN,,17,30,230,10
6/2/2024 17:52,26.1,15,50.48,0,NaN,,22,,220,10
6/2/2024 18:52,25.6,15.6,54.04,0,NaN,,13,,220,10
6/2/2024 19:52,24.4,16.09,59.92,0,NaN,,7,,230,10
6/2/2024 21:52,21.1,19.39,90.04,2.54,NaN,,6,,160,10
6/2/2024 22:52,21.1,17.19,78.45,0,NaN,,7,,210,8
6/2/2024 23:52,22.2,17.19,73.36,0,NaN,,9,,200,7
6/3/2024 00:52,22.2,17.19,73.36,0,NaN,,11,,200,7
6/3/2024 01:52,21.7,17.19,75.63,0,NaN,,11,,200,7
6/3/2024 02:52,21.1,17.19,78.45,2.54,NaN,,7,,210,7
6/3/2024 03:52,20.6,17.79,84.02,2.54,NaN,,0,,0,7
6/3/2024 04:52,20,17.79,87.18,0,NaN,,0,,0,10
6/3/2024 05:52,20,17.19,83.95,0,NaN,,0,,0,10
6/3/2024 06:52,20.6,18.29,86.69,0,NaN,,6,,190,10
6/3/2024 07:52,22.2,18.29,78.61,0,NaN,,0,,0,10
6/3/2024 08:52,23.9,17.79,68.75,0,NaN,,7,,320,10
6/3/2024 09:52,25,17.8,64.38,0,NaN,,13,,320,10
6/3/2024 10:52,26.7,17.21,56.07,0,27.48,,13,,350,10
6/3/2024 11:52,27.8,17.82,54.6,0,28.63,,0,,0,10
6/3/2024 12:52,28.3,18.32,54.73,0,29.29,,9,,80,10
6/3/2024 13:52,28.3,17.22,51.07,0,28.9,,0,,0,10
6/3/2024 14:52,28.9,17.23,49.32,0,29.45,,0,,0,10
6/3/2024 15:52,28.9,17.23,49.32,0,29.45,,0,,0,10
6/3/2024 16:52,28.3,17.22,51.07,0,28.9,,9,,90,10
6/3/2024 17:52,28.9,17.23,49.32,0,29.45,,6,,0,10
6/3/2024 18:52,28.3,17.22,51.07,0,28.9,,7,,120,10
6/3/2024 19:52,26.1,16.7,56.27,0,NaN,,9,,110,10
6/3/2024 20:52,23.3,17.19,68.63,0,NaN,,0,,0,10
6/3/2024 21:52,20.6,16.68,78.38,0,NaN,,0,,0,10
6/3/2024 22:52,19.4,16.08,81.25,0,NaN,,6,,110,10
6/3/2024 23:52,20,16.08,78.29,0,NaN,,0,,0,10
6/4/2024 00:52,18.3,15.58,84.29,0,NaN,,0,,0,10
6/4/2024 01:52,18.9,16.08,83.82,0,NaN,,0,,0,10
6/4/2024 02:52,17.8,16.09,89.8,0,NaN,,0,,0,10
6/4/2024 03:52,17.2,15.59,90.33,0,NaN,,0,,0,10
6/4/2024 04:52,17.8,15.59,86.98,0,NaN,,0,,0,9
6/4/2024 05:52,17.8,16.09,89.8,0,NaN,,0,,0,10
6/4/2024 06:52,20.6,17.19,80.9,0,NaN,,7,,320,10
6/4/2024 07:52,23.9,17.79,68.75,0,NaN,,0,,0,10
6/4/2024 08:52,26.1,18.3,62.24,0,NaN,,0,,0,10
6/4/2024 09:52,28.3,18.32,54.73,0,29.29,,0,,0,10
6/4/2024 10:52,29.4,17.24,47.92,0,29.92,,6,,0,10
6/4/2024 11:52,30.6,17.85,46.46,0,31.36,,11,,150,10
6/4/2024 12:52,30.6,16.76,43.35,0,30.88,,7,,0,10
6/4/2024 13:52,31.1,18.36,46.6,0,32.13,,7,,0,10
6/4/2024 14:52,30,18.34,49.62,0,30.99,,9,,0,10
6/4/2024 15:52,31.1,17.86,45.16,0,31.87,,13,,170,10
6/4/2024 16:52,31.7,17.27,42.03,0,32.2,,11,,150,10
6/4/2024 17:52,30.6,18.35,47.95,0,31.61,,11,,160,10
6/4/2024 18:52,29.4,17.84,49.77,0,30.16,,13,,140,10
6/4/2024 19:52,28.3,18.32,54.73,0,29.29,,15,,150,10
6/4/2024 20:52,25.6,18.9,66.56,0,NaN,,11,,120,10
6/4/2024 21:52,25,20,73.85,0,NaN,,13,28,130,10
6/4/2024 22:52,25,19.4,71.15,0,NaN,,13,,140,10
6/4/2024 23:52,24.4,19.39,73.74,0,NaN,,9,,150,10
6/5/2024 00:52,23.9,19.99,78.86,0,NaN,,11,,150,10
6/5/2024 01:52,23.3,19.99,81.76,0,NaN,,0,,0,10
6/5/2024 02:52,22.2,19.99,87.39,76.2,NaN,,9,,130,6
6/5/2024 03:52,22.2,19.99,87.39,2.54,NaN,,7,,160,10
6/5/2024 04:52,22.2,19.99,87.39,0,NaN,,11,,130,10
6/5/2024 05:52,21.7,20,90.09,0,NaN,,9,,140,10
6/5/2024 06:52,22.8,19.99,84.26,0,NaN,,11,,150,9
6/5/2024 07:52,22.8,20.6,87.44,0,NaN,,9,,150,7
6/5/2024 08:52,23.9,20.6,81.83,0,NaN,,9,,150,10
6/5/2024 09:52,25,20.6,76.63,0,NaN,,15,,190,7
6/5/2024 10:52,26.1,21.1,74.03,0,NaN,,11,,130,10
6/5/2024 11:52,26.7,21.11,71.47,0,28.46,,15,,150,10
6/5/2024 12:52,27.8,21.11,67.01,0,29.93,,13,,160,10
6/5/2024 13:52,27.2,21.11,69.4,0,29.14,,17,,140,10
6/5/2024 18:52,26.1,22.8,82.11,0,NaN,,19,30,180,10
6/5/2024 19:52,26.1,22.2,79.18,0,NaN,,15,,190,10
6/5/2024 20:52,25.6,21.7,79.1,0,NaN,,17,,200,10
6/5/2024 21:52,25,21.1,79.02,0,NaN,,15,,210,10
6/5/2024 22:52,25,21.7,81.97,0,NaN,,13,,200,10
6/5/2024 23:52,24.4,21.7,84.96,0,NaN,,15,,210,10
6/6/2024 00:52,24.4,21.7,84.96,0,NaN,,17,,200,10
6/6/2024 01:52,24.4,21.7,84.96,2.54,NaN,,9,,190,9
6/6/2024 02:52,23.9,21.7,87.54,0,NaN,,11,,210,8
6/6/2024 03:52,23.9,21.1,84.39,0,NaN,,11,,210,10
6/6/2024 04:52,23.3,20.6,84.84,0,NaN,,11,,190,10
6/6/2024 05:52,23.3,19.99,81.76,0,NaN,,15,,200,10
6/6/2024 06:52,23.3,19.99,81.76,0,NaN,,17,,200,10
6/6/2024 07:52,23.3,20.6,84.84,0,NaN,,17,,190,10
6/6/2024 08:52,24.4,20.6,79.42,0,NaN,,15,,200,10
6/6/2024 09:52,24.4,21.1,81.9,25.4,NaN,,13,,210,7
6/6/2024 10:52,26.7,21.71,74.14,2.54,28.65,,19,,200,10
6/6/2024 11:52,27.2,21.71,72,2.54,29.39,,30,39,220,10
6/6/2024 12:52,27.2,21.71,72,0,29.39,,28,,200,10
6/6/2024 13:52,27.8,21.71,69.52,0,30.23,,20,,190,10
6/6/2024 14:52,28.3,21.72,67.53,0,30.9,,22,,210,10
6/6/2024 15:52,29.4,21.73,63.37,0,32.33,,22,41,210,10
6/6/2024 16:52,30.6,21.14,57.03,0,33.36,,26,41,210,10
6/6/2024 17:52,30.6,21.14,57.03,0,33.36,,17,,210,10
6/6/2024 18:52,30,21.13,59.02,0,32.64,,15,,210,10
6/6/2024 19:52,28.3,20.62,63.13,0,30.3,,9,,220,10
6/6/2024 20:52,26.1,21.1,74.03,0,NaN,,13,,210,10
6/6/2024 21:52,25.6,21.1,76.26,0,NaN,,6,,250,9
6/6/2024 22:52,25.6,18.3,64.11,0,NaN,,15,,330,9
6/6/2024 23:52,24.4,16.09,59.92,0,NaN,,7,,320,10
6/7/2024 00:52,21.7,15.58,68.31,0,NaN,,0,,0,10
6/7/2024 01:52,23.3,15.59,62,0,NaN,,7,,0,7
6/7/2024 02:52,21.7,17.19,75.63,25.4,NaN,,6,,300,7
6/7/2024 03:52,21.7,16.08,70.53,2.54,NaN,,6,,300,10
6/7/2024 04:52,20.6,16.08,75.44,0,NaN,,0,,0,10
6/7/2024 05:52,18.9,14.98,78.12,0,NaN,,0,,0,10
6/7/2024 06:52,20.6,15.58,73.07,0,NaN,,0,,0,10
6/7/2024 07:52,24.4,15.59,58.04,0,NaN,,7,,240,10
6/7/2024 08:52,26.1,13.9,47.02,0,NaN,,15,,250,10
6/7/2024 09:52,27.8,11.73,36.86,0,27.3,,19,,280,10
6/7/2024 10:52,27.8,11.73,36.86,0,27.3,,19,35,240,10
6/7/2024 11:52,28.3,11.14,34.41,0,27.56,,19,39,290,10
6/7/2024 12:52,27.2,10.62,35.49,0,26.79,,20,,270,10
6/7/2024 13:52,28.3,10.04,31.98,0,27.42,,19,35,270,10
6/7/2024 14:52,29.4,9.46,28.83,0,28.14,,17,41,280,10
6/7/2024 15:52,29.4,9.46,28.83,0,28.14,,17,35,290,10
6/7/2024 16:52,29.4,10.06,30.01,0,28.21,,22,43,310,10
6/7/2024 17:52,27.2,10.02,34.09,0,26.72,,28,44,310,10
6/7/2024 18:52,26.1,9.41,34.94,0,NaN,,24,46,310,10
6/7/2024 19:52,25,7.2,32.12,0,NaN,,28,46,310,10
6/7/2024 20:52,23.3,7.78,37.05,0,NaN,,20,35,300,10
6/7/2024 21:52,21.7,8.26,42.23,0,NaN,,15,,290,10
6/7/2024 22:52,20.6,8.26,45.18,0,NaN,,13,,290,10
6/7/2024 23:52,18.3,8.85,54.27,0,NaN,,6,,200,10
6/8/2024 00:52,15.6,9.96,69.32,0,NaN,,6,,190,10
6/8/2024 01:52,15.6,9.35,66.59,0,NaN,,0,,0,10
6/8/2024 02:52,16.1,9.35,64.5,0,NaN,,0,,0,10
6/8/2024 03:52,15,9.96,72.04,0,NaN,,0,,0,10
6/8/2024 04:52,15.6,9.35,66.59,0,NaN,,0,,0,10
6/8/2024 05:52,14.4,9.96,74.88,0,NaN,,0,,0,10
6/8/2024 06:52,18.3,10.56,60.82,0,NaN,,11,,290,10
6/8/2024 07:52,21.7,11.07,50.96,0,NaN,,19,,290,10
6/8/2024 08:52,23.3,10.58,44.73,0,NaN,,20,,300,10
6/8/2024 09:52,23.9,10.58,43.15,0,NaN,,15,,290,10
6/8/2024 10:52,25,10.6,40.41,0,NaN,,20,33,290,10
6/8/2024 11:52,26.1,11.71,40.72,0,NaN,,9,,290,10
6/8/2024 12:52,27.2,10.62,35.49,0,26.79,,15,,320,10
6/8/2024 13:52,27.8,11.13,35.42,0,27.22,,13,,290,10
6/8/2024 14:52,30,11.17,31.2,0,28.84,,15,,320,10
6/8/2024 15:52,30,10.67,30.18,0,28.77,,9,,0,10
6/8/2024 16:52,30,10.67,30.18,0,28.77,,15,,310,10
6/8/2024 17:52,29.4,12.85,36.12,0,28.67,,11,,200,10
6/8/2024 18:52,28.3,11.73,35.8,0,27.64,,11,,230,10
6/8/2024 19:52,27.8,11.73,36.86,0,27.3,,9,,230,10
6/8/2024 20:52,24.4,10.59,41.88,0,NaN,,7,,230,10
6/8/2024 21:52,22.8,11.68,49.59,0,NaN,,6,,230,10
6/8/2024 22:52,23.3,11.08,46.25,0,NaN,,7,,270,10
6/8/2024 23:52,17.2,12.17,72.45,0,NaN,,0,,0,10
6/9/2024 00:52,18.9,12.77,67.74,0,NaN,,6,,150,10
6/9/2024 01:52,20,11.66,58.85,0,NaN,,0,,0,10
6/9/2024 02:52,18.3,12.17,67.61,0,NaN,,9,,160,10
6/9/2024 03:52,20,11.66,58.85,0,NaN,,9,,190,10
6/9/2024 04:52,21.1,12.77,59.12,0,NaN,,13,,190,10
6/9/2024 05:52,20.6,12.17,58.61,0,NaN,,15,,190,10
6/9/2024 06:52,21.1,11.67,55,0,NaN,,15,,200,10
6/9/2024 07:52,22.2,12.17,53.15,0,NaN,,15,,200,10
6/9/2024 08:52,22.8,13.28,55.08,0,NaN,,11,,200,10
6/9/2024 09:52,23.9,13.29,51.55,0,NaN,,9,,250,10
6/9/2024 10:52,27.8,15.02,45.7,0,27.89,,22,35,290,10
6/9/2024 11:52,28.9,15.63,44.55,0,28.93,,26,46,260,10
6/9/2024 12:52,20,16.68,81.33,127,NaN,,20,48,320,3
6/9/2024 13:52,23.3,17.79,71.28,2.54,NaN,,17,,310,10
6/9/2024 14:52,25.6,15,52,0,NaN,,24,,310,10
6/9/2024 15:52,26.7,12.21,40.62,0,26.49,,33,46,320,10
6/9/2024 16:52,27.2,10.62,35.49,0,26.79,,20,37,340,10
6/9/2024 17:52,26.7,9.42,33.72,0,26.31,,26,37,320,10
6/9/2024 18:52,25.6,8.31,33.41,0,NaN,,24,35,320,10
6/9/2024 19:52,25,8.9,36.05,0,NaN,,19,,310,10
6/9/2024 20:52,22.2,8.87,42.66,0,NaN,,9,,280,10
6/9/2024 21:52,21.1,8.86,45.63,0,NaN,,0,,0,10
6/9/2024 22:52,22.2,8.87,42.66,0,NaN,,13,,280,10
6/9/2024 23:52,17.2,9.35,60.15,0,NaN,,7,,240,10
6/10/2024 00:52,20.6,9.36,48.66,0,NaN,,11,,280,10
6/10/2024 01:52,17.8,9.95,60.29,0,NaN,,0,,0,10
6/10/2024 02:52,16.7,9.95,64.63,0,NaN,,6,,210,10
6/10/2024 03:52,16.7,9.95,64.63,0,NaN,,0,,0,10
6/10/2024 04:52,16.1,9.35,64.5,0,NaN,,9,,350,10
6/10/2024 05:52,15,9.36,69.2,0,NaN,,9,,170,10
6/10/2024 06:52,16.7,11.06,69.55,0,NaN,,6,,170,10
6/10/2024 07:52,20,11.66,58.85,0,NaN,,0,,0,10
6/10/2024 08:52,23.3,9.98,42.98,0,NaN,,17,,310,10
6/10/2024 09:52,23.9,9.99,41.46,0,NaN,,22,35,300,10
6/10/2024 10:52,25,10.6,40.41,0,NaN,,20,30,280,10
6/10/2024 11:52,25.6,10,37.46,0,NaN,,22,35,330,10
6/10/2024 12:52,26.7,10.61,36.54,0,26.38,,13,33,290,10
6/10/2024 13:52,27.2,10.02,34.09,0,26.72,,15,33,280,10
6/10/2024 14:52,25.6,10.6,38.99,0,NaN,,7,,250,10
6/10/2024 15:52,25.6,11.7,41.94,0,NaN,,9,,200,10
6/10/2024 16:52,26.1,10.61,37.86,0,NaN,,9,,210,10
6/10/2024 17:52,25,10.6,40.41,0,NaN,,6,,310,10
6/10/2024 18:52,24.4,11.69,45.04,0,NaN,,9,,10,10
6/10/2024 19:52,21.7,12.17,54.79,0,NaN,,19,35,350,10
6/10/2024 20:52,21.7,12.17,54.79,0,NaN,,13,,20,10
6/10/2024 21:52,18.3,14.38,78.03,25.4,NaN,,17,,330,7
6/10/2024 22:52,18.9,13.87,72.77,25.4,NaN,,11,,310,10
6/10/2024 23:52,18.3,14.38,78.03,2.54,NaN,,7,,330,10
6/11/2024 00:52,18.3,13.88,75.55,2.54,NaN,,11,,310,10
6/11/2024 01:52,17.8,13.88,77.95,0,NaN,,7,,330,10
6/11/2024 02:52,17.2,13.88,80.96,0,NaN,,9,,330,10
6/11/2024 03:52,17.2,13.27,77.86,0,NaN,,11,,320,10
6/11/2024 04:52,17.2,12.77,75.36,0,NaN,,11,,330,10
6/11/2024 05:52,16.7,11.06,69.55,0,NaN,,13,,340,10
6/11/2024 06:52,17.2,11.06,67.38,0,NaN,,11,,340,10
6/11/2024 07:52,17.8,10.56,62.76,0,NaN,,15,,340,10
6/11/2024 08:52,18.3,10.56,60.82,0,NaN,,15,,330,10
6/11/2024 09:52,20,10.56,54.71,0,NaN,,13,,10,10
6/11/2024 10:52,21.1,11.07,52.86,0,NaN,,13,31,340,10
6/11/2024 11:52,22.2,10.57,47.81,0,NaN,,24,37,320,10
6/11/2024 12:52,22.2,10.57,47.81,0,NaN,,20,31,350,10
6/11/2024 13:52,23.3,10.58,44.73,0,NaN,,20,,340,10
6/11/2024 14:52,22.8,10.57,46.1,0,NaN,,22,30,330,10
6/11/2024 15:52,23.3,10.58,44.73,0,NaN,,9,,360,10
6/11/2024 16:52,22.8,10.57,46.1,0,NaN,,13,,340,10
6/11/2024 17:52,23.3,10.58,44.73,0,NaN,,15,,350,10
6/11/2024 18:52,22.8,9.98,44.3,0,NaN,,13,,360,10
6/11/2024 19:52,21.1,10.56,51.13,0,NaN,,13,,60,10
6/11/2024 20:52,18.9,10.56,58.58,0,NaN,,7,,60,10
6/11/2024 21:52,17.8,9.95,60.29,0,NaN,,7,,50,10
6/11/2024 22:52,15,10.57,74.99,0,NaN,,0,,0,10
6/11/2024 23:52,14.4,10.57,77.94,0,NaN,,0,,0,10
6/12/2024 00:52,13.3,10.57,83.71,0,NaN,,0,,0,10
6/12/2024 01:52,12.2,9.98,86.42,0,NaN,,0,,0,10
6/12/2024 02:52,12.2,10.58,89.96,0,NaN,,7,,40,10
6/12/2024 03:52,12.2,9.98,86.42,0,NaN,,9,,260,10
6/12/2024 04:52,12.2,10.58,89.96,0,NaN,,0,,0,10
6/12/2024 05:52,12.8,10.58,86.49,0,NaN,,0,,0,10
6/12/2024 06:52,15,11.67,80.66,0,NaN,,0,,0,10
6/12/2024 07:52,18.9,12.17,65.12,0,NaN,,0,,0,10
6/12/2024 08:52,21.1,11.67,55,0,NaN,,0,,0,10
6/12/2024 09:52,22.2,11.07,49.43,0,NaN,,0,,0,10
6/12/2024 10:52,23.9,12.19,47.97,0,NaN,,0,,0,10
6/12/2024 11:52,25.6,11.7,41.94,0,NaN,,7,,0,10
6/12/2024 12:52,25,11.1,41.77,0,NaN,,9,,0,10
6/12/2024 13:52,27.2,11.72,38.17,0,26.92,,13,,300,10
6/12/2024 14:52,26.7,11.12,37.78,0,26.41,,6,,0,10
6/12/2024 15:52,28.3,12.23,37,0,27.72,,11,,0,10
6/12/2024 16:52,28.3,12.23,37,0,27.72,,6,,0,10
6/12/2024 17:52,28.3,12.23,37,0,27.72,,7,,0,10
6/12/2024 18:52,27.8,13.92,42.56,0,27.66,,13,,200,10
6/12/2024 19:52,26.7,13.91,45.39,0,26.61,,9,,180,10
6/12/2024 20:52,25,14.99,53.88,0,NaN,,9,,170,10
6/12/2024 21:52,22.8,14.98,61.48,0,NaN,,7,,160,10
6/12/2024 22:52,22.2,16.08,68.41,0,NaN,,7,,170,10
6/12/2024 23:52,21.7,16.08,70.53,0,NaN,,6,,170,10
6/13/2024 00:52,18.9,15.58,81.19,0,NaN,,6,,110,10
6/13/2024 01:52,20,16.68,81.33,0,NaN,,9,,180,10
6/13/2024 02:52,21.1,17.19,78.45,0,NaN,,7,,180,10
6/13/2024 03:52,18.9,16.69,87.08,0,NaN,,6,,140,10
6/13/2024 04:52,18.9,16.69,87.08,0,NaN,,6,,140,10
6/13/2024 05:52,17.8,15.59,86.98,0,NaN,,6,,290,9
6/13/2024 06:52,19.4,17.19,87.13,0,NaN,,0,,0,9
6/13/2024 07:52,22.8,17.79,73.46,0,NaN,,9,,180,10
6/13/2024 08:52,24.4,18.29,68.85,0,NaN,,9,,230,10
6/13/2024 09:52,26.7,18.31,60.08,0,27.72,,9,,0,10
6/13/2024 10:52,28.3,18.92,56.82,0,29.52,,11,,0,10
6/13/2024 11:52,30,18.94,51.51,0,31.29,,19,30,180,10
6/13/2024 12:52,30,18.94,51.51,0,31.29,,13,,170,10
6/13/2024 13:52,31.1,18.95,48.38,0,32.47,,13,,170,10
6/13/2024 14:52,31.7,17.87,43.65,0,32.5,,15,37,220,10
6/13/2024 15:52,31.7,17.87,43.65,0,32.5,,22,33,210,10
6/13/2024 16:52,32.2,17.28,40.86,0,32.73,,19,,210,10
6/13/2024 17:52,31.1,17.86,45.16,0,31.87,,19,,180,10
6/13/2024 18:52,30.6,17.85,46.46,0,31.36,,19,31,180,10
6/13/2024 19:52,28.9,17.83,51.23,0,29.68,,15,,180,10
6/13/2024 20:52,27.8,17.82,54.6,0,28.63,,11,,160,10
6/13/2024 21:52,27.2,18.31,58.35,0,28.21,,13,,160,10
6/13/2024 22:52,27.2,18.31,58.35,0,28.21,,19,33,170,10
6/13/2024 23:52,26.1,18.3,62.24,0,NaN,,6,,230,10
6/14/2024 00:52,25,18.3,66.43,2.54,NaN,,15,,190,10
6/14/2024 01:52,23.9,17.79,68.75,0,NaN,,15,,190,10
6/14/2024 02:52,23.9,17.79,68.75,0,NaN,,15,,190,10
6/14/2024 03:52,22.8,17.79,73.46,0,NaN,,15,,190,10
6/14/2024 04:52,21.7,17.19,75.63,0,NaN,,6,,170,10
6/14/2024 05:52,21.1,17.19,78.45,0,NaN,,7,,180,10
6/14/2024 06:52,22.2,17.79,76.19,0,NaN,,7,,190,10
6/14/2024 07:52,23.3,18.29,73.55,0,NaN,,9,,200,10
6/14/2024 08:52,25.6,18.9,66.56,0,NaN,,6,,0,10
6/14/2024 09:52,27.8,18.92,58.49,0,29.01,,0,,0,10
6/14/2024 10:52,30,16.15,43.18,0,30.08,,15,,320,10
6/14/2024 11:52,31.1,16.16,40.55,0,31.12,,7,,0,10
6/14/2024 12:52,31.1,15.07,37.8,0,30.73,,7,,230,10
6/14/2024 13:52,32.8,15.1,34.34,0,32.41,,7,,0,10
6/14/2024 14:52,31.7,14.48,35.15,0,31.11,,19,,310,10
6/14/2024 15:52,31.1,15.07,37.8,0,30.73,,13,,320,10
6/14/2024 16:52,31.1,16.16,40.55,0,31.12,,13,,300,10
6/14/2024 17:52,30,17.24,46.3,0,30.5,,11,,320,10
6/14/2024 18:52,30,16.75,44.86,0,30.3,,9,,0,10
6/14/2024 19:52,27.2,17.81,56.55,0,28.07,,11,,50,10
6/14/2024 20:52,27.2,17.21,54.45,0,27.92,,11,,340,10
6/14/2024 21:52,22.2,18.29,78.61,25.4,NaN,,13,,10,10
6/14/2024 22:52,21.1,18.29,84.07,2.54,NaN,,9,,320,10
6/14/2024 23:52,20.6,18.29,86.69,0,NaN,,11,,320,10
6/15/2024 00:52,20.6,16.68,78.38,0,NaN,,6,,320,10
6/15/2024 01:52,19.4,17.79,90.49,0,NaN,,11,,330,10
6/15/2024 02:52,19.4,17.19,87.13,0,NaN,,9,,310,10
6/15/2024 03:52,18.9,17.19,89.88,0,NaN,,7,,330,10
6/15/2024 04:52,19.4,16.08,81.25,0,NaN,,17,,340,10
6/15/2024 05:52,18.3,16.09,87.02,0,NaN,,9,,310,10
6/15/2024 06:52,19.4,16.08,81.25,0,NaN,,9,,320,10
6/15/2024 07:52,21.7,16.68,73.27,0,NaN,,11,,330,10
6/15/2024 08:52,22.8,14.38,59.15,0,NaN,,19,,360,10
6/15/2024 09:52,24.4,13.89,52.02,0,NaN,,17,,340,10
6/15/2024 10:52,26.1,13.3,45.22,0,NaN,,13,31,340,10
6/15/2024 11:52,26.7,11.12,37.78,0,26.41,,15,,330,10
6/15/2024 12:52,26.1,11.11,39.14,0,NaN,,7,30,300,10
6/15/2024 13:52,28.3,10.04,31.98,0,27.42,,15,35,270,10
6/15/2024 14:52,28.3,11.14,34.41,0,27.56,,15,30,300,10
6/15/2024 15:52,28.3,11.73,35.8,0,27.64,,17,26,350,10
6/15/2024 16:52,28.3,11.73,35.8,0,27.64,,15,,330,10
6/15/2024 17:52,28.3,11.14,34.41,0,27.56,,13,28,360,10
6/15/2024 18:52,27.8,10.63,34.27,0,27.16,,11,,310,10
6/15/2024 19:52,26.7,10.02,35.11,0,26.34,,11,,350,10
6/15/2024 20:52,23.9,11.09,44.61,0,NaN,,0,,0,10
6/15/2024 21:52,19.4,11.66,61.08,0,NaN,,0,,0,10
6/15/2024 22:52,18.3,11.66,65.42,0,NaN,,0,,0,10
6/15/2024 23:52,17.8,11.66,67.51,0,NaN,,0,,0,10
6/16/2024 00:52,16.7,11.67,72.36,0,NaN,,0,,0,10
6/16/2024 01:52,15.6,11.67,77.61,0,NaN,,0,,0,10
6/16/2024 02:52,15,11.67,80.66,0,NaN,,0,,0,10
6/16/2024 03:52,14.4,12.18,86.65,0,NaN,,0,,0,10
6/16/2024 04:52,14.4,12.18,86.65,0,NaN,,6,,310,10
6/16/2024 05:52,13.3,11.68,90.04,0,NaN,,0,,0,10
6/16/2024 06:52,17.2,13.27,77.86,0,NaN,,0,,0,10
6/16/2024 07:52,20.6,14.38,67.65,0,NaN,,7,,320,10
6/16/2024 08:52,22.8,14.38,59.15,2.54,NaN,,9,,0,10
6/16/2024 09:52,25,14.99,53.88,0,NaN,,9,,130,10
6/16/2024 10:52,27.2,13.92,44.08,0,27.24,,9,,0,10
6/16/2024 11:52,26.7,13.31,43.66,0,26.57,,11,,150,10
6/16/2024 12:52,28.3,13.93,41.34,0,28.03,,15,33,170,10
6/16/2024 13:52,29.4,15.04,41.65,0,29.19,,19,33,180,10
6/16/2024 14:52,28.9,14.44,41.25,0,28.62,,17,30,160,10
6/16/2024 15:52,30,15.05,40.24,0,29.72,,19,31,200,10
6/16/2024 16:52,29.4,15.04,41.65,0,29.19,,17,31,160,10
6/16/2024 17:52,29.4,16.14,44.69,0,29.53,,20,30,160,10
6/16/2024 18:52,28.3,15.63,46.13,0,28.43,,17,,150,10
6/16/2024 19:52,27.2,15.61,49.18,0,27.56,,17,26,160,10
6/16/2024 20:52,26.1,15,50.48,0,NaN,,15,31,170,10
6/16/2024 21:52,25,14.4,51.84,0,NaN,,15,,160,10
6/16/2024 22:52,23.9,15.59,59.8,0,NaN,,17,,150,10
6/16/2024 23:52,23.3,16.09,64.01,0,NaN,,11,,160,10
6/17/2024 00:52,22.8,14.98,61.48,0,NaN,,11,,160,10
6/17/2024 01:52,22.2,13.88,59.39,0,NaN,,11,,160,10
6/17/2024 02:52,21.1,13.87,63.51,0,NaN,,9,,170,10
6/17/2024 03:52,20.6,13.87,65.49,0,NaN,,11,,170,10
6/17/2024 04:52,20,13.87,67.96,0,NaN,,9,,160,10
6/17/2024 05:52,20.6,13.87,65.49,0,NaN,,11,,170,10
6/17/2024 06:52,20.6,14.38,67.65,0,NaN,,11,,170,10
6/17/2024 07:52,22.2,16.08,68.41,0,NaN,,13,31,190,10
6/17/2024 08:52,23.9,16.69,64.14,0,NaN,,17,33,200,10
6/17/2024 09:52,25.6,17.2,59.82,0,NaN,,19,,210,10
6/17/2024 10:52,27.2,18.31,58.35,0,28.21,,17,,170,10
6/17/2024 11:52,28.3,18.32,54.73,0,29.29,,9,,0,10
6/17/2024 12:52,29.4,19.43,55,0,30.92,,13,,190,10
6/17/2024 13:52,30.6,20.04,53.29,0,32.59,,7,,0,10
6/17/2024 14:52,31.1,20.65,53.75,0,33.57,,11,,0,10
6/17/2024 15:52,32.2,20.06,48.67,0,34.41,,13,,170,10
6/17/2024 16:52,31.1,21.15,55.43,0,33.95,,15,,150,10
6/17/2024 17:52,31.7,21.75,55.58,0,35.18,,20,,170,10
6/17/2024 18:52,31.1,21.15,55.43,0,33.95,,15,,160,10
6/17/2024 19:52,30,20.63,57.23,0,32.3,,15,,170,10
6/17/2024 20:52,28.9,20.62,60.97,0,31.01,,13,,160,10
6/17/2024 21:52,28.3,20.62,63.13,0,30.3,,13,,160,10
6/17/2024 22:52,27.2,20.61,67.3,0,28.95,,17,,150,10
6/17/2024 23:52,25.6,20.6,73.95,0,NaN,,13,,170,10
6/18/2024 00:52,24.4,20,76.54,0,NaN,,7,,150,10
6/18/2024 01:52,23.9,19.39,75.98,0,NaN,,9,,170,10
6/18/2024 02:52,23.3,18.89,76.36,0,NaN,,9,,170,10
6/18/2024 03:52,22.8,18.89,78.7,0,NaN,,9,,160,10
6/18/2024 04:52,22.8,18.29,75.81,0,NaN,,15,,160,10
6/18/2024 05:52,22.8,17.19,70.74,0,NaN,,11,,170,10
6/18/2024 06:52,22.8,17.19,70.74,0,NaN,,11,,180,10
6/18/2024 07:52,23.9,17.19,66.2,0,NaN,,13,,190,10
6/18/2024 08:52,25,17.8,64.38,0,NaN,,17,,200,10
6/18/2024 09:52,26.1,18.9,64.62,0,NaN,,7,,180,10
6/18/2024 10:52,28.9,20.03,58.76,0,30.68,,15,,190,10
6/18/2024 11:52,30,20.63,57.23,0,32.3,,11,,200,10
6/18/2024 12:52,31.7,21.75,55.58,0,35.18,,11,,180,10
6/18/2024 13:52,32.2,21.16,52.08,0,35.27,,17,30,170,10
6/18/2024 14:52,32.8,20.67,48.83,0,35.57,,19,,160,10
6/18/2024 15:52,31.7,20.65,51.95,0,34.27,,15,37,150,10
6/18/2024 16:52,31.7,20.65,51.95,0,34.27,,13,,150,10
6/18/2024 17:52,31.7,20.65,51.95,0,34.27,,20,,130,10
6/18/2024 18:52,31.1,20.05,51.8,0,33.15,,15,,150,10
6/18/2024 19:52,28.9,19.43,56.61,0,30.38,,20,,150,10
6/18/2024 20:52,27.8,19.42,60.34,0,29.19,,13,,160,10
6/18/2024 21:52,26.7,18.91,62.38,0,27.86,,15,,150,10
6/18/2024 22:52,25.6,18.9,66.56,0,NaN,,9,,160,10
6/18/2024 23:52,25,18.3,66.43,0,NaN,,13,,160,10
6/19/2024 00:52,23.9,18.29,70.95,0,NaN,,7,,160,10
6/19/2024 01:52,23.3,17.19,68.63,0,NaN,,9,,160,10
6/19/2024 02:52,22.2,17.19,73.36,0,NaN,,7,,160,10
6/19/2024 03:52,21.1,17.19,78.45,0,NaN,,6,,150,10
6/19/2024 04:52,20.6,17.79,84.02,0,NaN,,7,,140,10
6/19/2024 05:52,20.6,17.79,84.02,0,NaN,,7,,160,10
6/19/2024 06:52,21.7,18.29,81.04,0,NaN,,7,,170,10
6/19/2024 07:52,23.3,18.29,73.55,0,NaN,,7,,180,10
6/19/2024 08:52,24.4,18.89,71.48,0,NaN,,9,,190,10
6/19/2024 09:52,26.7,19.41,64.35,0,27.98,,11,,180,10
6/19/2024 10:52,27.8,19.42,60.34,0,29.19,,7,,0,10
6/19/2024 11:52,28.9,18.93,54.88,0,30.14,,7,,0,10
6/19/2024 12:52,30.6,18.35,47.95,0,31.61,,19,26,150,10
6/19/2024 13:52,30.6,17.25,44.74,0,31.09,,19,,190,10
6/19/2024 14:52,31.1,13.38,33.86,0,30.24,,15,,130,10
6/19/2024 15:52,31.1,16.16,40.55,0,31.12,,15,,150,10
6/19/2024 16:52,31.1,15.67,39.28,0,30.94,,17,,150,10
6/19/2024 17:52,30.6,14.46,37.41,0,30.08,,7,,100,10
6/19/2024 18:52,30,15.65,41.82,0,29.91,,11,,170,10
6/19/2024 19:52,28.3,13.93,41.34,0,28.03,,9,,170,10
6/19/2024 20:52,26.7,15.01,48.73,0,27.08,,9,,160,10
6/19/2024 21:52,25.6,17.2,59.82,0,NaN,,11,,160,10
6/19/2024 22:52,25,17.8,64.38,0,NaN,,9,,160,10
6/19/2024 23:52,24.4,18.29,68.85,0,NaN,,11,,170,10
6/20/2024 00:52,23.3,18.29,73.55,0,NaN,,7,,170,10
6/20/2024 01:52,22.2,17.79,76.19,0,NaN,,0,,0,10
6/20/2024 02:52,21.1,17.79,81.48,0,NaN,,0,,0,10
6/20/2024 03:52,20,17.19,83.95,0,NaN,,7,,140,10
6/20/2024 04:52,20,17.19,83.95,0,NaN,,7,,150,10
6/20/2024 05:52,20,17.19,83.95,0,NaN,,7,,150,10
6/20/2024 06:52,21.7,18.29,81.04,0,NaN,,7,,170,10
6/20/2024 07:52,22.8,18.89,78.7,0,NaN,,7,,220,10
6/20/2024 08:52,25,18.9,68.97,0,NaN,,11,,210,10
6/20/2024 09:52,26.7,18.91,62.38,0,27.86,,11,,190,10
6/20/2024 10:52,27.8,19.42,60.34,0,29.19,,11,,170,10
6/20/2024 11:52,29.4,18.93,53.32,0,30.66,,7,,0,10
6/20/2024 12:52,29.4,18.34,51.36,0,30.38,,9,,0,10
6/20/2024 13:52,31.1,17.86,45.16,0,31.87,,9,,170,10
6/20/2024 14:52,31.1,17.86,45.16,0,31.87,,13,,190,10
6/20/2024 15:52,32.2,18.37,43.79,0,33.31,,7,,0,10
6/20/2024 16:52,31.1,17.86,45.16,0,31.87,,0,,0,10
6/20/2024 17:52,31.7,18.36,45.04,0,32.77,,19,,190,10
6/20/2024 18:52,30.6,18.35,47.95,0,31.61,,11,,160,10
6/20/2024 19:52,29.4,18.34,51.36,0,30.38,,11,,160,10
6/20/2024 20:52,27.8,17.82,54.6,0,28.63,,9,,170,10
6/20/2024 21:52,26.7,17.81,58.23,0,27.61,,11,,170,10
6/20/2024 22:52,25.6,18.3,64.11,0,NaN,,9,,170,10
6/20/2024 23:52,24.4,18.89,71.48,0,NaN,,11,,170,10
6/21/2024 00:52,23.9,19.39,75.98,0,NaN,,9,,180,10
6/21/2024 01:52,23.3,18.89,76.36,0,NaN,,9,,180,10
6/21/2024 02:52,22.8,18.89,78.7,0,NaN,,6,,170,10
6/21/2024 03:52,21.7,18.29,81.04,0,NaN,,6,,160,10
6/21/2024 04:52,21.1,18.29,84.07,0,NaN,,0,,0,10
6/21/2024 05:52,18.9,17.79,93.34,0,NaN,,0,,0,10
6/21/2024 06:52,21.7,18.89,84.14,0,NaN,,0,,0,10
6/21/2024 07:52,23.3,18.89,76.36,0,NaN,,7,,200,10
6/21/2024 08:52,26.1,18.9,64.62,0,NaN,,11,,180,10
6/21/2024 09:52,27.8,19.42,60.34,0,29.19,,0,,0,10
6/21/2024 10:52,29.4,19.43,55,0,30.92,,6,,0,10
6/21/2024 11:52,31.7,19.46,48.24,0,33.43,,7,,0,10
6/21/2024 12:52,32.8,18.98,43.95,0,34.34,,17,,200,10
6/21/2024 13:52,33.3,18.39,41.17,0,34.53,,0,,0,10
6/21/2024 14:52,33.9,17.9,38.58,0,34.91,,13,,190,10
6/21/2024 15:52,35.6,17.35,33.82,0,36.51,,9,,50,10
6/21/2024 16:52,35,16.83,33.86,0,35.55,,9,,0,10
6/21/2024 17:52,35,16.24,32.6,0,35.25,,9,,0,10
6/21/2024 18:52,34.4,16.82,35.01,0,34.87,,11,,190,10
6/21/2024 19:52,31.7,18.96,46.76,0,33.12,,15,,180,10
6/21/2024 20:52,30.6,18.35,47.95,0,31.61,,9,,170,10
6/21/2024 21:52,29.4,18.93,53.32,0,30.66,,9,,160,10
6/21/2024 22:52,27.8,18.92,58.49,0,29.01,,9,,160,10
6/21/2024 23:52,27.8,18.92,58.49,0,29.01,,9,,170,10
6/22/2024 00:52,26.7,19.41,64.35,0,27.98,,9,,160,10
6/22/2024 01:52,26.1,18.9,64.62,0,NaN,,9,,170,10
6/22/2024 02:52,25.6,18.3,64.11,0,NaN,,7,,170,10
6/22/2024 03:52,25,18.3,66.43,0,NaN,,7,,160,10
6/22/2024 04:52,24.4,18.29,68.85,0,NaN,,7,,180,10
6/22/2024 05:52,23.9,18.29,70.95,0,NaN,,9,,170,10
6/22/2024 06:52,24.4,18.89,71.48,0,NaN,,7,,180,10
6/22/2024 07:52,26.1,18.9,64.62,0,NaN,,9,,210,10
6/22/2024 08:52,27.8,19.42,60.34,0,29.19,,9,,180,10
6/22/2024 09:52,31.1,20.05,51.8,0,33.15,,9,,230,10
6/22/2024 10:52,32.2,20.66,50.51,0,34.86,,9,,190,10
6/22/2024 11:52,34.4,19.51,41.47,0,36.54,,9,,0,10
6/22/2024 12:52,35.6,20.12,40.28,0,38.45,,9,,0,10
6/22/2024 13:52,35,20.71,43.21,0,38.23,,6,,0,10
6/22/2024 14:52,35,19.52,40.12,0,37.25,,9,,230,10
6/22/2024 15:52,37.2,19.07,34.47,0,39.54,,15,,230,10
6/22/2024 16:52,37.2,17.98,32.18,0,38.76,,11,28,240,10
6/22/2024 17:52,37.2,19.07,34.47,0,39.54,,15,,230,10
6/22/2024 18:52,35,19.02,38.89,0,36.89,,15,,190,10
6/22/2024 19:52,33.9,18.4,39.81,0,35.21,,20,,190,10
6/22/2024 20:52,32.2,17.28,40.86,0,32.73,,15,,180,10
6/22/2024 21:52,32.2,16.78,39.59,0,32.49,,13,,180,10
6/22/2024 22:52,31.7,16.18,39.2,0,31.72,,13,,170,10
6/22/2024 23:52,30.6,16.76,43.35,0,30.88,,15,,190,10
6/23/2024 00:52,29.4,17.84,49.77,0,30.16,,19,,190,10
6/23/2024 01:52,28.3,18.32,54.73,0,29.29,,13,,200,10
6/23/2024 02:52,27.8,18.92,58.49,0,29.01,,17,,200,10
6/23/2024 03:52,27.2,19.41,62.49,0,28.54,,17,,200,10
6/23/2024 04:52,26.7,19.41,64.35,0,27.98,,17,,210,10
6/23/2024 05:52,26.1,20,69.19,0,NaN,,15,,200,10
6/23/2024 06:52,26.1,20,69.19,0,NaN,,15,,200,10
6/23/2024 07:52,27.2,20.61,67.3,0,28.95,,19,,200,10
6/23/2024 08:52,28.9,20.62,60.97,0,31.01,,24,,200,10
6/23/2024 09:52,31.1,20.65,53.75,0,33.57,,22,,210,10
6/23/2024 10:52,32.8,20.67,48.83,0,35.57,,22,,200,10
6/23/2024 11:52,34.4,20.1,43.04,0,37,,22,33,220,10
6/23/2024 12:52,33.9,19.5,42.64,0,35.95,,22,39,250,10
6/23/2024 13:52,34.4,20.1,43.04,0,37,,19,,220,10
6/23/2024 14:52,36.1,19.04,36.61,0,38.2,,28,46,210,10
6/23/2024 15:52,35.6,19.03,37.62,0,37.6,,24,33,220,10
6/23/2024 16:52,35,18.43,37.46,0,36.48,,24,43,230,10
6/23/2024 17:52,35.6,18.44,36.24,0,37.19,,22,37,240,10
6/23/2024 18:52,33.9,19,41.33,0,35.6,,15,31,240,10
6/23/2024 19:52,32.8,17.89,41.03,0,33.69,,17,,220,10
6/23/2024 20:52,31.1,18.36,46.6,0,32.13,,11,,210,10
6/23/2024 21:52,30.6,20.64,55.3,0,32.99,,15,,210,10
6/23/2024 22:52,28.9,20.62,60.97,0,31.01,,13,,210,10
6/23/2024 23:52,28.3,20.02,60.83,0,30.01,,11,,220,10
6/24/2024 00:52,27.8,20.02,62.63,0,29.44,,11,,210,10
6/24/2024 01:52,27.2,20.61,67.3,2.54,28.95,,9,,280,10
6/24/2024 02:52,26.7,18.31,60.08,2.54,27.72,,11,,290,10
6/24/2024 03:52,26.1,19.4,66.66,0,NaN,,15,,290,10
6/24/2024 04:52,25,19.4,71.15,0,NaN,,17,,290,10
6/24/2024 05:52,24.4,20,76.54,0,NaN,,7,,270,10
6/24/2024 06:52,25.6,18.9,66.56,0,NaN,,17,,300,10
6/24/2024 07:52,26.7,18.31,60.08,0,27.72,,19,,320,10
6/24/2024 08:52,27.8,16.72,50.94,0,28.31,,26,37,290,10
6/24/2024 09:52,27.8,16.12,49.03,0,28.15,,31,46,320,10
6/24/2024 10:52,29.4,15.04,41.65,0,29.19,,31,48,300,10
6/24/2024 11:52,30,12.86,34.89,0,29.16,,35,50,330,10
6/24/2024 12:52,30.6,12.87,33.72,0,29.67,,24,48,330,10
6/24/2024 13:52,30.6,11.78,31.37,0,29.45,,30,50,320,10
6/24/2024 14:52,31.1,12.28,31.51,0,29.98,,22,44,310,10
6/24/2024 15:52,31.1,11.19,29.3,0,29.77,,28,48,330,10
6/24/2024 16:52,30.6,11.18,30.15,0,29.34,,28,41,340,10
6/24/2024 17:52,30,10.07,28.99,0,28.68,,30,46,350,10
6/24/2024 18:52,30,10.07,28.99,0,28.68,,26,43,330,10
6/24/2024 19:52,28.9,8.96,28.69,0,27.72,,20,,340,10
6/24/2024 20:52,27.2,9.43,32.75,0,26.66,,13,,320,10
6/24/2024 21:52,25,10.6,40.41,0,NaN,,9,,300,10
6/24/2024 22:52,24.4,10.59,41.88,0,NaN,,11,,300,10
6/24/2024 23:52,23.3,11.08,46.25,0,NaN,,6,,320,10
6/25/2024 00:52,18.9,11.66,63.01,0,NaN,,0,,0,10
6/25/2024 01:52,18.9,11.66,63.01,0,NaN,,0,,0,10
6/25/2024 02:52,17.2,11.67,70.11,0,NaN,,6,,320,10
6/25/2024 03:52,16.7,12.17,74.78,0,NaN,,0,,0,10
6/25/2024 04:52,16.1,11.67,75.18,0,NaN,,0,,0,10
6/25/2024 05:52,14.4,11.68,83.84,0,NaN,,6,,160,10
6/25/2024 06:52,17.2,13.27,77.86,0,NaN,,0,,0,10
6/25/2024 07:52,22.8,12.78,53.31,0,NaN,,0,,0,10
6/25/2024 08:52,26.1,12.81,43.77,0,NaN,,9,,310,10
6/25/2024 09:52,27.8,11.73,36.86,0,27.3,,7,,150,10
6/25/2024 10:52,29.4,10.06,30.01,0,28.21,,6,,0,10
6/25/2024 11:52,30,10.07,28.99,0,28.68,,7,,0,10
6/25/2024 12:52,31.1,11.19,29.3,0,29.77,,6,,0,10
6/25/2024 13:52,31.7,11.2,28.32,0,30.31,,13,41,250,10
6/25/2024 14:52,32.2,11.81,28.65,0,30.89,,15,35,270,10
6/25/2024 15:52,32.2,12.9,30.79,0,31.14,,17,31,220,10
6/25/2024 16:52,32.2,13.4,31.82,0,31.27,,9,,220,10
6/25/2024 17:52,31.1,13.97,35.2,0,30.4,,17,,210,10
6/25/2024 18:52,30.6,14.46,37.41,0,30.08,,15,,200,10
6/25/2024 19:52,29.4,14.44,40.07,0,29.03,,13,,170,10
6/25/2024 20:52,28.3,15.03,44.39,0,28.28,,9,,170,10
6/25/2024 21:52,26.7,15.61,50.64,0,27.18,,9,,160,10
6/25/2024 22:52,26.1,15.6,52.46,0,NaN,,11,,180,10
6/25/2024 23:52,26.1,15.6,52.46,0,NaN,,11,,180,10
6/26/2024 00:52,25.6,16.1,55.79,0,NaN,,13,,190,10
6/26/2024 01:52,25,16.1,57.81,0,NaN,,15,,200,10
6/26/2024 02:52,24.4,16.69,62.25,0,NaN,,19,,190,10
6/26/2024 03:52,24.4,17.19,64.25,0,NaN,,19,,200,10
6/26/2024 04:52,23.9,17.79,68.75,0,NaN,,19,,200,10
6/26/2024 05:52,23.3,17.79,71.28,0,NaN,,13,,190,10
6/26/2024 06:52,23.9,18.29,70.95,0,NaN,,9,,200,10
6/26/2024 07:52,25.6,18.9,66.56,0,NaN,,11,,210,10
6/26/2024 08:52,27.8,18.92,58.49,0,29.01,,7,,210,10
6/26/2024 09:52,30.6,19.45,51.35,0,32.22,,9,,180,10
6/26/2024 10:52,32.2,17.28,40.86,0,32.73,,15,26,270,10
6/26/2024 11:52,35,16.83,33.86,0,35.55,,17,,320,10
6/26/2024 12:52,35,16.83,33.86,0,35.55,,11,35,330,10
6/26/2024 13:52,35.6,17.35,33.82,0,36.51,,13,,200,10
6/26/2024 14:52,35.6,16.25,31.54,0,35.92,,20,31,260,10
6/26/2024 15:52,36.1,15.77,29.72,0,36.25,,17,,290,10
6/26/2024 16:52,35,17.33,34.95,0,35.82,,19,,220,10
6/26/2024 17:52,33.3,17.89,39.89,0,34.24,,20,39,200,10
6/26/2024 18:52,32.8,17.29,39.51,0,33.37,,15,,200,10
6/26/2024 19:52,30,18.34,49.62,0,30.99,,11,,190,10
6/26/2024 20:52,28.9,19.43,56.61,0,30.38,,6,,170,10
6/26/2024 21:52,22.8,19.99,84.26,279.4,NaN,,26,44,250,7
6/26/2024 22:52,21.1,20,93.45,381,NaN,,11,,170,7
6/26/2024 23:52,21.7,20.6,93.48,152.4,NaN,,17,,300,10
6/27/2024 00:52,21.7,20,90.09,101.6,NaN,,15,,210,10
6/27/2024 01:52,22.2,19.99,87.39,2.54,NaN,,6,,320,10
6/27/2024 02:52,22.2,19.99,87.39,2.54,NaN,,7,,320,10
6/27/2024 03:52,21.7,20,90.09,0,NaN,,6,,330,10
6/27/2024 04:52,21.1,20.6,96.98,0,NaN,,0,,0,10
6/27/2024 05:52,21.1,20,93.45,0,NaN,,6,,220,10
6/27/2024 06:52,22.2,19.99,87.39,0,NaN,,9,,300,10
6/27/2024 07:52,22.8,18.89,78.7,0,NaN,,11,,310,10
6/27/2024 08:52,24.4,18.29,68.85,0,NaN,,17,,320,10
6/27/2024 09:52,23.3,17.79,71.28,0,NaN,,17,,300,10
6/27/2024 10:52,24.4,17.19,64.25,0,NaN,,11,,310,10
6/27/2024 11:52,27.8,16.72,50.94,0,28.31,,11,,0,10
6/27/2024 12:52,30,16.75,44.86,0,30.3,,15,,280,10
6/27/2024 13:52,29.4,15.04,41.65,0,29.19,,15,,340,10
6/27/2024 14:52,30,14.45,38.72,0,29.55,,9,,0,10
6/27/2024 15:52,31.1,13.97,35.2,0,30.4,,9,,0,10
6/27/2024 16:52,31.7,13.99,34.03,0,30.96,,9,,320,10
6/27/2024 17:52,31.7,13.39,32.73,0,30.8,,19,30,340,10
6/27/2024 18:52,31.7,13.39,32.73,0,30.8,,15,,290,10
6/27/2024 19:52,30.6,13.37,34.84,0,29.79,,9,,340,10
6/27/2024 20:52,28.9,13.34,38.41,0,28.37,,11,,330,10
6/27/2024 21:52,27.8,13.33,40.94,0,27.55,,15,,350,10
6/27/2024 22:52,27.2,14.42,45.53,0,27.33,,19,,10,10
6/27/2024 23:52,25.6,13.9,48.43,0,NaN,,19,33,20,10
6/28/2024 01:52,22.8,13.88,57.27,0,NaN,,15,,30,10
6/28/2024 02:52,22.2,13.88,59.39,0,NaN,,11,,20,10
6/28/2024 03:52,21.1,13.27,61.08,0,NaN,,15,,30,10
6/28/2024 04:52,20.6,13.27,62.99,0,NaN,,15,,40,10
6/28/2024 05:52,20,11.06,56.56,0,NaN,,13,,30,10
6/28/2024 06:52,20.6,11.06,54.51,0,NaN,,11,,40,10
6/28/2024 07:52,21.1,11.67,55,0,NaN,,11,,30,10
6/28/2024 08:52,22.8,11.68,49.59,0,NaN,,9,,0,10
6/28/2024 09:52,23.9,9.38,39.82,0,NaN,,15,28,100,10
6/28/2024 10:52,24.4,9.39,38.65,0,NaN,,17,,80,10
6/28/2024 11:52,25.6,10,37.46,0,NaN,,11,,110,10
6/28/2024 12:52,26.7,10.61,36.54,0,26.38,,7,,0,10
6/28/2024 13:52,27.8,12.83,39.62,0,27.47,,15,28,130,10
6/28/2024 14:52,27.2,13.92,44.08,0,27.24,,7,26,0,10
6/28/2024 15:52,28.3,15.03,44.39,0,28.28,,17,30,120,10
6/28/2024 16:52,28.3,16.73,49.48,0,28.74,,11,33,0,10
6/28/2024 17:52,27.8,16.72,50.94,0,28.31,,20,30,150,10
6/28/2024 18:52,27.2,17.81,56.55,0,28.07,,22,,130,10
6/28/2024 19:52,26.1,17.8,60.32,0,NaN,,15,,170,10
6/28/2024 20:52,25,17.8,64.38,0,NaN,,13,,170,10
6/28/2024 21:52,23.9,17.79,68.75,0,NaN,,17,31,150,10
6/28/2024 22:52,23.3,17.79,71.28,0,NaN,,17,,140,10
6/28/2024 23:52,22.2,17.79,76.19,0,NaN,,9,30,150,10
6/29/2024 00:52,21.7,18.29,81.04,0,NaN,,13,,150,10
6/29/2024 01:52,21.1,18.89,87.29,0,NaN,,11,,160,10
6/29/2024 02:52,21.7,18.89,84.14,0,NaN,,6,,170,10
6/29/2024 03:52,21.7,19.39,86.8,0,NaN,,9,,160,10
6/29/2024 04:52,22.2,19.99,87.39,0,NaN,,9,,160,10
6/29/2024 05:52,22.2,19.99,87.39,0,NaN,,13,,160,10
6/29/2024 06:52,22.8,20.6,87.44,0,NaN,,15,,170,10
6/29/2024 07:52,23.3,21.1,87.49,0,NaN,,17,,190,10
6/29/2024 08:52,24.4,21.7,84.96,0,NaN,,19,30,180,10
6/29/2024 09:52,26.1,21.7,76.8,0,NaN,,17,,200,10
6/29/2024 10:52,26.7,21.71,74.14,0,28.65,,17,,170,10
6/29/2024 11:52,27.8,21.71,69.52,0,30.23,,20,31,180,10
6/29/2024 12:52,30.6,21.74,59.16,0,33.82,,26,46,210,10
6/29/2024 13:52,30,21.13,59.02,0,32.64,,20,33,180,10
6/29/2024 14:52,31.7,21.75,55.58,0,35.18,,22,37,180,10
6/29/2024 15:52,32.8,22.26,53.85,0,37.01,,28,39,200,10
6/29/2024 16:52,32.2,21.76,54.03,0,35.79,,26,43,200,10
6/29/2024 17:52,32.8,21.77,52.24,0,36.53,,26,39,190,10
6/29/2024 18:52,31.7,21.75,55.58,0,35.18,,26,41,190,10
6/29/2024 19:52,31.7,21.75,55.58,0,35.18,,17,39,180,10
6/29/2024 20:52,30.6,21.74,59.16,0,33.82,,13,,180,10
6/29/2024 21:52,30,21.73,61.22,0,33.08,,17,,180,10
6/29/2024 22:52,30,21.73,61.22,0,33.08,,13,,180,10
6/29/2024 23:52,28.3,21.72,67.53,0,30.9,,11,,100,10
6/30/2024 00:52,27.8,21.71,69.52,0,30.23,,9,,140,10
6/30/2024 01:52,26.7,22.21,76.43,25.4,28.82,,7,,160,7
6/30/2024 02:52,25,23.9,93.64,101.6,NaN,,0,,0,10
6/30/2024 03:52,25,23.3,90.32,0,NaN,,7,,140,10
6/30/2024 04:52,25,23.3,90.32,0,NaN,,11,,330,10
6/30/2024 05:52,24.4,23.3,93.61,2.54,NaN,,0,,0,10
6/30/2024 06:52,25,23.3,90.32,2.54,NaN,,0,,0,10
6/30/2024 07:52,25.6,23.3,87.16,2.54,NaN,,7,,210,10
6/30/2024 08:52,26.7,23.3,81.69,0,29.22,,7,,220,10
6/30/2024 09:52,28.9,23.92,74.51,0,33.35,,9,,0,10
6/30/2024 10:52,30.6,23.33,65.19,0,35.27,,13,,220,10
6/30/2024 11:52,30.6,23.33,65.19,0,35.27,,15,,200,10
6/30/2024 12:52,32.8,22.26,53.85,0,37.01,,9,,290,10
6/30/2024 13:52,32.8,21.77,52.24,0,36.53,,13,,240,10
6/30/2024 14:52,34.4,22.29,49.25,0,39.02,,19,,210,10
6/30/2024 15:52,34.4,22.29,49.25,0,39.02,,11,,260,10
6/30/2024 16:52,33.9,22.28,50.64,2.54,38.39,,6,,230,10
6/30/2024 17:52,35.6,21.82,44.72,0,40.02,,15,,270,10
6/30/2024 18:52,35.6,19.53,38.81,0,37.97,,19,,300,10
6/30/2024 19:52,33.9,18.4,39.81,0,35.21,,19,,310,10
6/30/2024 20:52,31.7,19.46,48.24,0,33.43,,24,39,340,10
6/30/2024 21:52,29.4,17.24,47.92,0,29.92,,30,44,350,10
6/30/2024 22:52,27.8,13.92,42.56,0,27.66,,24,39,350,10
6/30/2024 23:52,25.6,11.1,40.31,0,NaN,,31,43,350,10
7/1/2024 00:52,23.3,11.68,48.12,0,NaN,,22,41,340,10
7/1/2024 01:52,20.6,11.06,54.51,0,NaN,,28,44,340,10
7/1/2024 02:52,19.4,9.96,54.56,0,NaN,,24,41,340,10
7/1/2024 03:52,18.9,9.35,54.06,0,NaN,,22,,330,10
7/1/2024 04:52,17.8,9.35,57.92,0,NaN,,20,35,330,10
7/1/2024 05:52,17.2,9.96,62.62,0,NaN,,9,,350,10
7/1/2024 06:52,17.8,9.95,60.29,0,NaN,,13,31,340,10
7/1/2024 07:52,18.9,10.56,58.58,0,NaN,,22,,340,10
7/1/2024 08:52,20,9.96,52.57,0,NaN,,28,44,340,10
7/1/2024 09:52,19.4,9.36,52.41,0,NaN,,24,39,20,10
7/1/2024 10:52,20.6,9.36,48.66,0,NaN,,19,37,360,10
7/1/2024 11:52,22.2,9.37,44.12,0,NaN,,20,48,360,10
7/1/2024 12:52,23.9,9.38,39.82,0,NaN,,28,44,20,10
7/1/2024 13:52,25.6,10,37.46,0,NaN,,19,37,20,10
7/1/2024 14:52,25,10,38.82,0,NaN,,26,39,350,10
7/1/2024 15:52,26.1,10.01,36.37,0,NaN,,19,39,10,10
7/1/2024 16:52,26.7,10.02,35.11,0,26.34,,19,,360,10
7/1/2024 17:52,26.7,10.02,35.11,0,26.34,,17,37,350,10
7/1/2024 18:52,25,10.6,40.41,0,NaN,,19,35,40,10
7/1/2024 19:52,24.4,10.59,41.88,0,NaN,,20,,40,10
7/1/2024 20:52,22.8,10.57,46.1,0,NaN,,19,,30,10
7/1/2024 21:52,21.1,10.56,51.13,0,NaN,,11,,50,10
7/1/2024 22:52,20.6,10.56,52.73,0,NaN,,11,,40,10
7/1/2024 23:52,19.4,11.06,58.71,0,NaN,,6,,40,10
7/2/2024 00:52,16.7,11.06,69.55,0,NaN,,0,,0,10
7/2/2024 01:52,15,11.07,77.52,0,NaN,,6,,280,10
7/2/2024 02:52,14.4,11.07,80.58,0,NaN,,6,,300,10
7/2/2024 03:52,16.1,11.67,75.18,0,NaN,,6,,310,10
7/2/2024 04:52,16.1,11.67,75.18,0,NaN,,9,,320,10
7/2/2024 05:52,15.6,11.67,77.61,0,NaN,,11,,320,10
7/2/2024 06:52,17.2,12.17,72.45,0,NaN,,7,,330,10
7/2/2024 07:52,21.1,12.17,56.84,0,NaN,,11,,360,10
7/2/2024 08:52,22.2,12.77,55.28,0,NaN,,7,,20,10
7/2/2024 09:52,23.9,13.89,53.6,0,NaN,,7,,110,10
7/2/2024 10:52,26.1,14.41,48.57,0,NaN,,7,,0,10
7/2/2024 11:52,26.1,13.3,45.22,0,NaN,,9,,210,10
7/2/2024 12:52,28.3,13.33,39.76,0,27.91,,11,,0,10
7/2/2024 13:52,28.3,12.83,38.49,0,27.82,,13,,190,10
7/2/2024 14:52,29.4,12.25,34.72,0,28.55,,9,,90,10
7/2/2024 15:52,28.9,12.24,35.74,0,28.16,,13,,130,10
7/2/2024 16:52,27.8,12.23,38.09,0,27.37,,13,,130,10
7/2/2024 17:52,28.9,12.84,37.17,0,28.27,,15,,200,10
7/2/2024 18:52,28.3,12.83,38.49,0,27.82,,13,,170,10
7/2/2024 19:52,27.2,10.62,35.49,0,26.79,,9,,160,10
7/2/2024 20:52,25,11.69,43.46,0,NaN,,9,,160,10
7/2/2024 21:52,24.4,13.29,50.03,0,NaN,,11,,160,10
7/2/2024 22:52,23.3,14.38,57.39,0,NaN,,15,,150,10
7/2/2024 23:52,21.7,14.98,65.73,0,NaN,,9,,150,10
7/3/2024 00:52,21.7,15.58,68.31,0,NaN,,11,,180,10
7/3/2024 01:52,20.6,15.58,73.07,0,NaN,,9,,160,10
7/3/2024 02:52,20.6,16.08,75.44,0,NaN,,9,,170,10
7/3/2024 03:52,20.6,16.68,78.38,0,NaN,,11,,190,10
7/3/2024 04:52,19.4,16.69,84.41,0,NaN,,9,,180,10
7/3/2024 05:52,18.9,16.69,87.08,0,NaN,,7,,170,10
7/3/2024 06:52,20,17.19,83.95,0,NaN,,9,,160,10
7/3/2024 07:52,21.7,17.19,75.63,0,NaN,,9,,180,10
7/3/2024 08:52,23.9,17.79,68.75,0,NaN,,13,,180,10
7/3/2024 09:52,25.6,17.2,59.82,0,NaN,,20,,180,10
7/3/2024 10:52,27.2,16.71,52.75,0,27.8,,22,30,190,10
7/3/2024 11:52,28.3,16.73,49.48,0,28.74,,20,,140,10
7/3/2024 12:52,29.4,16.74,46.43,0,29.73,,19,35,190,10
7/3/2024 13:52,30,17.24,46.3,0,30.5,,13,33,160,10
7/3/2024 14:52,31.1,17.26,43.48,0,31.59,,13,35,210,10
7/3/2024 15:52,31.1,17.86,45.16,0,31.87,,17,35,190,10
7/3/2024 16:52,30,17.84,48.09,0,30.76,,20,33,190,10
7/3/2024 17:52,30.6,18.35,47.95,0,31.61,,20,,180,10
7/3/2024 18:52,30,18.34,49.62,0,30.99,,15,30,170,10
7/3/2024 19:52,28.3,18.32,54.73,0,29.29,,19,33,160,10
7/3/2024 20:52,26.7,18.31,60.08,0,27.72,,19,,150,10
7/3/2024 21:52,25.6,17.8,62.13,0,NaN,,11,,160,10
7/3/2024 22:52,25,18.3,66.43,0,NaN,,9,,150,10
7/3/2024 23:52,24.4,18.89,71.48,0,NaN,,11,,170,10
7/4/2024 00:52,23.9,18.89,73.66,0,NaN,,11,,170,10
7/4/2024 01:52,23.9,18.29,70.95,0,NaN,,11,,170,10
7/4/2024 02:52,23.3,18.29,73.55,0,NaN,,13,,170,10
7/4/2024 03:52,22.8,18.29,75.81,0,NaN,,11,,180,10
7/4/2024 04:52,22.8,18.29,75.81,0,NaN,,6,,170,10
7/4/2024 05:52,22.2,17.79,76.19,0,NaN,,7,,170,10
7/4/2024 06:52,23.3,18.29,73.55,0,NaN,,9,,180,10
7/4/2024 08:52,27.2,18.91,60.58,0,28.38,,0,,0,10
7/4/2024 09:52,29.4,19.43,55,0,30.92,,0,,0,10
7/4/2024 10:52,32.8,20.67,48.83,0,35.57,,9,,0,10
7/4/2024 11:52,33.9,21.19,47.35,0,37.32,,9,,0,10
7/4/2024 12:52,33.3,20.68,47.48,0,36.17,,6,,360,10
7/4/2024 13:52,33.3,20.68,47.48,0,36.17,,11,,0,10
7/4/2024 14:52,33.3,21.78,50.8,0,37.15,,15,30,60,10
7/4/2024 15:52,30.6,22.83,63.25,101.6,34.78,,7,,100,6
7/4/2024 16:52,25,23.9,93.64,1574.8,NaN,,22,,150,1.25
7/4/2024 17:52,25.6,23.9,90.36,50.8,NaN,,11,,180,10
7/4/2024 18:52,27.2,24.4,84.74,0,30.71,,11,,210,10
7/4/2024 19:52,26.1,24.4,90.4,0,NaN,,7,,190,10
7/4/2024 20:52,25.6,23.9,90.36,0,NaN,,7,,170,10
7/4/2024 21:52,25.6,24.4,93.11,0,NaN,,9,,190,8
7/4/2024 22:52,25.6,23.9,90.36,0,NaN,,11,,190,7
7/4/2024 23:52,25.6,24.4,93.11,0,NaN,,13,,200,6
7/5/2024 00:52,25,23.9,93.64,0,NaN,,0,,0,7
7/5/2024 01:52,24.4,23.9,97.05,0,NaN,,6,,170,7
7/5/2024 02:52,24.4,23.3,93.61,0,NaN,,6,,190,5
7/5/2024 03:52,23.9,23.3,96.46,0,NaN,,6,,150,6
7/5/2024 04:52,23.9,23.3,96.46,0,NaN,,6,,170,7
7/5/2024 05:52,23.9,22.8,93.59,0,NaN,,6,,150,6
7/5/2024 06:52,23.9,23.3,96.46,0,NaN,,6,,180,5
7/5/2024 07:52,25.6,23.9,90.36,0,NaN,,7,,140,10
7/5/2024 08:52,26.1,23.9,87.73,0,NaN,,6,,200,10
7/5/2024 09:52,28.9,23.92,74.51,0,33.35,,9,,170,10
7/5/2024 10:52,31.1,23.93,65.68,0,36.59,,7,,0,10
7/5/2024 11:52,33.3,23.37,55.97,0,38.84,,9,,200,10
7/5/2024 12:52,34.4,22.89,51.08,0,39.68,,11,,0,10
7/5/2024 13:52,35,21.8,46.22,0,39.26,,9,,260,10
7/5/2024 14:52,35.6,21.22,43.1,0,39.42,,15,,200,10
7/5/2024 15:52,35,21.8,46.22,0,39.26,,11,,210,10
7/5/2024 16:52,35.6,21.22,43.1,0,39.42,,7,,150,10
7/5/2024 17:52,35.6,21.82,44.72,0,40.02,,7,,0,10
7/5/2024 18:52,35,22.3,47.65,0,39.78,,15,,200,10
7/5/2024 19:52,33.3,22.27,52.37,0,37.64,,13,,200,10
7/5/2024 20:52,32.2,22.85,57.76,0,36.86,,9,,180,10
7/5/2024 21:52,31.1,23.34,63.36,0,35.94,,9,,160,10
7/5/2024 22:52,31.1,23.34,63.36,0,35.94,,9,,180,10
7/5/2024 23:52,30,23.92,69.94,0,35.02,,11,,190,10
7/6/2024 00:52,30,23.33,67.46,0,34.44,,11,,200,10
7/6/2024 01:52,28.9,22.82,69.73,0,32.46,,11,,210,10
7/6/2024 02:52,27.2,22.81,76.97,0,29.87,,9,,210,10
7/6/2024 03:52,26.7,22.21,76.43,0,28.82,,6,,210,10
7/6/2024 04:52,26.1,22.2,79.18,0,NaN,,0,,0,10
7/6/2024 05:52,25,22.2,84.51,0,NaN,,9,,210,10
7/6/2024 06:52,26.1,22.2,79.18,0,NaN,,6,,220,10
7/6/2024 07:52,27.8,22.21,71.67,0,30.49,,6,,320,10
7/6/2024 08:52,30.6,20.64,55.3,0,32.99,,11,,330,10
7/6/2024 09:52,31.7,20.06,50.07,0,33.84,,11,,300,10
7/6/2024 10:52,32.8,20.08,47.06,0,35.11,,17,26,320,10
7/6/2024 11:52,32.8,20.08,47.06,0,35.11,,19,26,320,10
7/6/2024 12:52,33.9,20.09,44.25,0,36.4,,17,26,330,10
7/6/2024 13:52,33.9,19.5,42.64,0,35.95,,7,,360,10
7/6/2024 14:52,35,19.52,40.12,0,37.25,,9,,0,10
7/6/2024 15:52,35,19.02,38.89,0,36.89,,6,,230,10
7/6/2024 16:52,35.6,20.12,40.28,0,38.45,,15,,160,10
7/6/2024 17:52,36.7,17.97,33.07,0,38.17,,9,,0,10
7/6/2024 18:52,34.4,20.7,44.66,0,37.49,,9,,0,10
7/6/2024 19:52,33.3,19.49,44.09,0,35.25,,9,,250,10
7/6/2024 20:52,29.4,21.13,61.09,0,31.92,,0,,0,10
7/6/2024 21:52,31.1,20.05,51.8,0,33.15,,9,,0,10
7/6/2024 22:52,31.7,15.68,37.97,0,31.53,,13,,330,10
7/6/2024 23:52,30,15.65,41.82,0,29.91,,7,,320,10
7/7/2024 00:52,29.4,15.64,43.29,0,29.37,,11,,330,10
7/7/2024 01:52,29.4,16.14,44.69,0,29.53,,19,,350,10
7/7/2024 02:52,28.9,16.13,46,0,29.08,,19,,350,10
7/7/2024 03:52,27.8,16.12,49.03,0,28.15,,11,,330,10
7/7/2024 04:52,26.7,16.11,52.29,0,27.27,,13,,330,10
7/7/2024 05:52,26.1,16.7,56.27,0,NaN,,11,,330,10
7/7/2024 06:52,26.1,16.7,56.27,0,NaN,,9,,330,10
7/7/2024 07:52,27.2,17.21,54.45,0,27.92,,9,,320,10
7/7/2024 08:52,28.3,17.22,51.07,0,28.9,,9,,330,10
7/7/2024 09:52,30,16.75,44.86,0,30.3,,13,,20,10
7/7/2024 10:52,31.7,16.77,40.72,0,31.98,,9,,0,10
7/7/2024 11:52,32.2,15.69,36.91,0,32.03,,11,,0,10
7/7/2024 12:52,32.2,15.69,36.91,0,32.03,,0,,0,10
7/7/2024 13:52,33.3,15.11,33.39,0,32.93,,7,,330,10
7/7/2024 14:52,35,15.14,30.38,0,34.75,,7,,0,10
7/7/2024 15:52,34.4,13.44,28.13,0,33.49,,7,,220,10
7/7/2024 16:52,35,14.55,29.23,0,34.52,,7,,0,10
7/7/2024 17:52,33.3,16.2,35.82,0,33.38,,15,,110,10
7/7/2024 18:52,32.2,16.78,39.59,0,32.49,,9,,120,10
7/7/2024 19:52,31.7,16.18,39.2,0,31.72,,9,,60,10
7/7/2024 20:52,29.4,16.74,46.43,0,29.73,,6,,140,10
7/7/2024 21:52,27.2,17.81,56.55,0,28.07,,6,,130,10
7/7/2024 22:52,25,18.3,66.43,0,NaN,,0,,0,10
7/7/2024 23:52,25.6,18.3,64.11,0,NaN,,0,,0,10
7/8/2024 00:52,25,18.3,66.43,0,NaN,,6,,100,10
7/8/2024 01:52,23.9,18.29,70.95,0,NaN,,0,,0,10
7/8/2024 02:52,23.3,18.89,76.36,0,NaN,,0,,0,10
7/8/2024 03:52,22.2,18.89,81.62,0,NaN,,0,,0,10
7/8/2024 04:52,22.2,18.89,81.62,0,NaN,,0,,0,10
7/8/2024 05:52,21.7,18.29,81.04,0,NaN,,0,,0,10
7/8/2024 06:52,23.9,19.99,78.86,0,NaN,,6,,310,10
7/8/2024 07:52,26.7,20.61,69.31,0,28.31,,0,,0,10
7/8/2024 08:52,28.9,20.62,60.97,0,31.01,,0,,0,10
7/8/2024 09:52,30.6,20.64,55.3,0,32.99,,6,,130,10
7/8/2024 10:52,32.2,20.66,50.51,0,34.86,,9,,80,10
7/8/2024 11:52,33.3,20.08,45.76,0,35.69,,7,,0,10
7/8/2024 12:52,34.4,20.1,43.04,0,37,,7,,0,10
7/8/2024 13:52,34.4,20.1,43.04,0,37,,22,30,110,10
7/8/2024 14:52,33.9,19.5,42.64,0,35.95,,7,,0,10
7/8/2024 15:52,34.4,20.7,44.66,0,37.49,,9,,0,10
7/8/2024 16:52,33.9,21.78,49.12,0,37.89,,11,,0,10
7/8/2024 17:52,34.4,21.2,46.06,0,37.94,,15,,160,10
7/8/2024 18:52,33.3,21.78,50.8,0,37.15,,15,,160,10
7/8/2024 19:52,31.7,22.25,57.29,0,35.63,,20,35,150,10
7/8/2024 20:52,30,22.83,65.45,0,33.98,,20,33,180,10
7/8/2024 21:52,28.9,22.22,67.24,0,32.03,,13,,170,10
7/8/2024 22:52,28.3,22.81,72.19,0,31.59,,9,,170,10
7/8/2024 23:52,27.8,22.81,74.32,0,30.83,,7,,170,10
7/9/2024 00:52,27.2,22.81,76.97,0,29.87,,9,,160,10
7/9/2024 01:52,26.7,22.8,79.26,0,29.03,,9,,170,10
7/9/2024 02:52,25.6,22.8,84.57,0,NaN,,7,,160,10
7/9/2024 03:52,25,22.2,84.51,0,NaN,,6,,150,10
7/9/2024 04:52,24.4,22.2,87.58,0,NaN,,7,,160,10
7/9/2024 05:52,24.4,22.8,90.83,0,NaN,,6,,170,10
7/9/2024 06:52,25,23.3,90.32,0,NaN,,6,,180,10
7/9/2024 07:52,26.7,23.3,81.69,0,29.22,,0,,0,10
7/9/2024 08:52,27.8,23.31,76.6,0,31.13,,7,,190,10
7/9/2024 09:52,30,23.92,69.94,0,35.02,,7,,180,10
7/9/2024 10:52,32.2,23.35,59.53,0,37.4,,0,,0,10
7/9/2024 11:52,33.9,23.38,54.13,0,39.62,,6,,0,10
7/9/2024 12:52,33.9,22.28,50.64,0,38.39,,9,,0,10
7/9/2024 13:52,35.6,22.31,46.1,0,40.54,,9,26,170,10
7/9/2024 14:52,35.6,22.31,46.1,0,40.54,,13,,140,10
7/9/2024 15:52,36.1,21.83,43.51,0,40.65,,15,,200,10
7/9/2024 16:52,36.1,21.23,41.94,0,40.05,,17,,160,10
7/9/2024 17:52,35,20.11,41.64,0,37.72,,13,,150,10
7/9/2024 18:52,33.9,20.69,45.92,0,36.89,,9,,160,10
7/9/2024 19:52,33.9,21.78,49.12,0,37.89,,15,,160,10
7/9/2024 20:52,32.2,22.85,57.76,0,36.86,,11,,160,10
7/9/2024 21:52,30.6,23.93,67.58,0,35.89,,11,,160,10
7/9/2024 22:52,30,24.42,72.06,0,35.54,,9,,160,10
7/9/2024 23:52,29.4,24.42,74.59,0,34.61,,9,,180,10
7/10/2024 00:52,28.9,24.41,76.77,0,33.8,,15,,170,10
7/10/2024 01:52,28.3,23.91,77.14,0,32.38,,9,,170,10
7/10/2024 02:52,27.8,23.91,79.41,0,31.52,,11,,170,10
7/10/2024 03:52,27.8,23.91,79.41,0,31.52,,9,,170,10
7/10/2024 04:52,27.2,23.9,82.24,0,30.43,,11,,160,10
7/10/2024 05:52,26.7,23.3,81.69,0,29.22,,13,,160,10
7/10/2024 06:52,27.2,23.9,82.24,0,30.43,,13,,180,10
7/10/2024 07:52,28.3,23.91,77.14,0,32.38,,19,,180,10
7/10/2024 08:52,29.4,23.92,72.39,0,34.13,,20,,190,10
7/10/2024 09:52,31.1,24.43,67.68,0,37.17,,19,,150,10
7/10/2024 10:52,31.1,24.43,67.68,0,37.17,,15,33,160,10
7/10/2024 11:52,31.1,24.43,67.68,0,37.17,,20,37,190,10
7/10/2024 12:52,32.2,24.45,63.6,0,38.72,,19,,220,10
7/10/2024 13:52,31.7,24.44,65.42,0,38.02,,19,,170,10
7/10/2024 14:52,33.3,24.46,59.79,0,40.21,,22,41,160,10
7/10/2024 15:52,34.4,24.48,56.24,0,41.69,,20,43,160,10
7/10/2024 16:52,33.3,23.96,58.03,0,39.57,,26,44,170,10
7/10/2024 17:52,32.2,23.95,61.72,0,38.09,,26,41,160,10
7/10/2024 18:52,27.8,25.01,84.81,2.54,32.31,,22,46,280,2
7/10/2024 19:52,26.1,24.4,90.4,965.2,NaN,,19,,170,8
7/10/2024 20:52,26.1,24.4,90.4,0,NaN,,15,,190,10
7/10/2024 21:52,26.1,25,93.69,0,NaN,,0,,0,10
7/10/2024 22:52,26.1,25,93.69,0,NaN,,7,,220,10
7/10/2024 23:52,26.1,18.9,64.62,0,NaN,,13,,300,10
7/11/2024 00:52,25,19.4,71.15,0,NaN,,7,,310,10
7/11/2024 01:52,23.9,19.39,75.98,0,NaN,,0,,0,10
7/11/2024 02:52,25.6,16.1,55.79,0,NaN,,19,,300,10
7/11/2024 03:52,24.4,16.09,59.92,0,NaN,,9,,330,10
7/11/2024 04:52,23.3,15.59,62,0,NaN,,9,,280,10
7/11/2024 05:52,18.9,16.69,87.08,0,NaN,,0,,0,10
7/11/2024 06:52,23.3,15.59,62,0,NaN,,9,,320,10
7/11/2024 07:52,25,14.99,53.88,0,NaN,,19,,300,10
7/11/2024 08:52,26.7,15.61,50.64,0,27.18,,15,,290,10
7/11/2024 09:52,27.8,15.62,47.49,0,28.03,,19,33,320,10
7/11/2024 10:52,28.9,15.63,44.55,0,28.93,,20,41,310,10
7/11/2024 11:52,29.4,15.64,43.29,0,29.37,,11,46,0,10
7/11/2024 12:52,30.6,16.16,41.72,0,30.64,,11,,0,10
7/11/2024 13:52,31.1,16.16,40.55,0,31.12,,9,,0,10
7/11/2024 14:52,32.2,16.78,39.59,0,32.49,,13,,310,10
7/11/2024 15:52,31.7,16.18,39.2,0,31.72,,9,,300,10
7/11/2024 16:52,31.7,16.77,40.72,0,31.98,,9,,330,10
7/11/2024 17:52,31.7,16.18,39.2,0,31.72,,9,,320,10
7/11/2024 18:52,30.6,17.25,44.74,0,31.09,,19,,30,10
7/11/2024 19:52,29.4,17.24,47.92,0,29.92,,20,,360,10
7/11/2024 20:52,28.3,16.73,49.48,0,28.74,,17,,30,10
7/11/2024 21:52,27.2,16.12,50.78,0,27.66,,17,,30,10
7/11/2024 22:52,25.6,16.7,57.96,0,NaN,,11,,60,10
7/11/2024 23:52,25,17.2,61.99,0,NaN,,7,,40,10
7/12/2024 00:52,24.4,17.19,64.25,0,NaN,,7,,40,10
7/12/2024 01:52,23.9,17.19,66.2,0,NaN,,6,,10,10
7/12/2024 02:52,22.8,17.79,73.46,0,NaN,,0,,0,10
7/12/2024 03:52,23.9,17.79,68.75,0,NaN,,6,,10,10
7/12/2024 04:52,23.3,17.79,71.28,0,NaN,,9,,330,10
7/12/2024 05:52,22.8,18.89,78.7,2.54,NaN,,6,,50,10
7/12/2024 06:52,22.8,18.29,75.81,2.54,NaN,,7,,40,10
7/12/2024 07:52,21.7,19.39,86.8,76.2,NaN,,6,,0,5
7/12/2024 08:52,22.2,19.99,87.39,381,NaN,,9,,10,7
7/12/2024 09:52,23.9,19.99,78.86,2.54,NaN,,6,,20,7
7/12/2024 10:52,22.2,20.6,90.68,152.4,NaN,,6,,290,2.5
7/12/2024 11:52,22.8,21.1,90.17,76.2,NaN,,20,,50,4
7/12/2024 12:52,23.9,21.1,84.39,2.54,NaN,,9,,70,7
7/12/2024 13:52,24.4,21.1,81.9,25.4,NaN,,0,,0,7
7/12/2024 14:52,25,21.7,81.97,2.54,NaN,,7,,120,10
7/12/2024 15:52,26.1,21.7,76.8,2.54,NaN,,6,,0,10
7/12/2024 16:52,26.7,21.71,74.14,0,28.65,,7,,160,10
7/12/2024 17:52,26.1,21.7,76.8,0,NaN,,9,,160,10
7/12/2024 18:52,26.1,22.2,79.18,2.54,NaN,,6,,220,10
7/12/2024 19:52,24.4,22.8,90.83,25.4,NaN,,6,,290,10
7/12/2024 20:52,23.9,22.8,93.59,76.2,NaN,,7,,250,9
7/12/2024 21:52,23.9,22.8,93.59,863.6,NaN,,9,,90,3
7/12/2024 22:52,23.9,22.8,93.59,50.8,NaN,,0,,0,10
7/12/2024 23:52,23.9,22.8,93.59,0,NaN,,9,,110,10
7/13/2024 00:52,22.8,21.7,93.54,0,NaN,,9,,160,10
7/13/2024 01:52,22.8,21.7,93.54,0,NaN,,13,,180,10
7/13/2024 02:52,22.8,21.7,93.54,0,NaN,,0,,0,10
7/13/2024 03:52,22.8,21.7,93.54,0,NaN,,6,,0,10
7/13/2024 04:52,22.8,21.7,93.54,0,NaN,,0,,0,10
7/13/2024 05:52,22.8,22.2,96.43,0,NaN,,0,,0,2.5
7/13/2024 06:52,23.3,22.2,93.56,0,NaN,,0,,0,5
7/13/2024 07:52,23.3,22.2,93.56,0,NaN,,6,,80,10
7/13/2024 08:52,25,22.8,87.64,0,NaN,,6,,0,10
7/13/2024 09:52,26.7,22.8,79.26,0,29.03,,6,,10,10
7/13/2024 10:52,28.9,22.22,67.24,0,32.03,,0,,0,10
7/13/2024 11:52,28.9,22.22,67.24,0,32.03,,0,,0,10
7/13/2024 12:52,30.6,21.74,59.16,0,33.82,,0,,0,10
7/13/2024 13:52,31.7,21.15,53.57,0,34.67,,0,,0,10
7/13/2024 14:52,32.2,20.66,50.51,0,34.86,,0,,0,10
7/13/2024 15:52,33.3,20.68,47.48,0,36.17,,0,,0,10
7/13/2024 16:52,33.3,20.68,47.48,0,36.17,,7,,60,10
7/13/2024 17:52,32.8,20.08,47.06,0,35.11,,0,,0,10
7/13/2024 18:52,32.2,20.66,50.51,0,34.86,,9,,110,10
7/13/2024 19:52,30.6,20.64,55.3,0,32.99,,9,,120,10
7/13/2024 20:52,29.4,20.63,59.24,0,31.6,,0,,0,10
7/13/2024 21:52,28.3,20.62,63.13,0,30.3,,9,,120,10
7/13/2024 22:52,27.2,22.81,76.97,0,29.87,,9,,150,10
7/13/2024 23:52,27.2,23.31,79.33,0,30.12,,7,,160,10
7/14/2024 00:52,26.7,23.3,81.69,0,29.22,,7,,150,10
7/14/2024 01:52,26.1,23.3,84.63,0,NaN,,7,,170,10
7/14/2024 02:52,25,22.8,87.64,0,NaN,,0,,0,10
7/14/2024 03:52,24.4,22.2,87.58,0,NaN,,0,,0,10
7/14/2024 04:52,24.4,22.8,90.83,0,NaN,,0,,0,10
7/14/2024 05:52,24.4,22.2,87.58,0,NaN,,0,,0,10
7/14/2024 06:52,25,22.8,87.64,0,NaN,,0,,0,10
7/14/2024 07:52,26.7,22.8,79.26,0,29.03,,6,,190,10
7/14/2024 08:52,28.3,22.81,72.19,0,31.59,,7,,200,10
7/14/2024 09:52,31.1,22.84,61.47,0,35.44,,6,,0,10
7/14/2024 10:52,32.8,21.17,50.36,0,35.99,,6,,290,10
7/14/2024 11:52,34.4,20.7,44.66,0,37.49,,7,,0,10
7/14/2024 12:52,33.3,18.99,42.74,0,34.91,,9,,310,10
7/14/2024 13:52,35.6,18.44,36.24,0,37.19,,15,,300,10
7/14/2024 14:52,36.1,17.35,32.9,0,37.09,,9,,0,10
7/14/2024 15:52,36.1,16.86,31.88,0,36.81,,15,,230,10
7/14/2024 16:52,36.1,16.86,31.88,0,36.81,,17,,230,10
7/14/2024 17:52,35,17.93,36.3,0,36.17,,19,,210,10
7/14/2024 18:52,34.4,18.41,38.72,0,35.78,,15,,200,10
7/14/2024 19:52,32.8,19.48,45.34,0,34.67,,13,,180,10
7/14/2024 20:52,31.1,19.45,49.91,0,32.77,,9,,180,10
7/14/2024 21:52,28.9,20.62,60.97,0,31.01,,9,,150,10
7/14/2024 22:52,29.4,20.63,59.24,0,31.6,,11,,200,10
7/14/2024 23:52,28.3,20.62,63.13,0,30.3,,7,,200,10
7/15/2024 00:52,27.2,21.11,69.4,0,29.14,,6,,170,10
7/15/2024 01:52,26.7,21.71,74.14,0,28.65,,9,,190,10
7/15/2024 02:52,26.1,21.7,76.8,0,NaN,,9,,210,10
7/15/2024 03:52,25.6,21.7,79.1,0,NaN,,0,,0,10
7/15/2024 04:52,23.9,21.7,87.54,0,NaN,,0,,0,9
7/15/2024 05:52,26.7,18.31,60.08,0,27.72,,11,,330,10
7/15/2024 06:52,27.2,17.81,56.55,0,28.07,,9,,320,10
7/15/2024 07:52,28.9,18.33,52.86,0,29.88,,9,,310,10
7/15/2024 08:52,30,18.34,49.62,0,30.99,,15,,330,10
7/15/2024 09:52,32.2,18.97,45.46,0,33.67,,20,28,320,10
7/15/2024 10:52,33.3,20.08,45.76,0,35.69,,17,31,310,10
7/15/2024 11:52,34.4,19.51,41.47,0,36.54,,11,30,310,10
7/15/2024 12:52,35,19.52,40.12,0,37.25,,6,30,0,10
7/15/2024 13:52,35.6,19.03,37.62,0,37.6,,13,,240,10
7/15/2024 14:52,36.1,19.54,37.76,0,38.58,,19,,190,10
7/15/2024 15:52,36.7,20.15,37.93,0,39.8,,19,35,200,10
7/15/2024 16:52,35,19.02,38.89,0,36.89,,22,,210,10
7/15/2024 17:52,28.3,17.82,53.04,0,29.1,,19,,100,10
7/15/2024 18:52,30.6,19.45,51.35,0,32.22,,13,,150,10
7/15/2024 19:52,29.4,18.93,53.32,0,30.66,,17,,200,10
7/15/2024 20:52,27.2,18.91,60.58,0,28.38,,9,,190,10
7/15/2024 21:52,26.7,19.41,64.35,0,27.98,,9,,180,10
7/15/2024 22:52,26.7,20.01,66.79,0,28.14,,11,,190,10
7/15/2024 23:52,26.1,20,69.19,0,NaN,,9,,190,10
7/16/2024 00:52,26.1,20.6,71.8,0,NaN,,13,,190,10
7/16/2024 01:52,25.6,20.6,73.95,0,NaN,,0,,0,10
7/16/2024 02:52,25,20.6,76.63,0,NaN,,9,,200,10
7/16/2024 03:52,22.8,20.6,87.44,0,NaN,,0,,0,10
7/16/2024 04:52,23.3,20.6,84.84,0,NaN,,0,,0,10
7/16/2024 05:52,23.3,21.1,87.49,0,NaN,,9,,150,10
7/16/2024 06:52,25,21.7,81.97,0,NaN,,7,,190,10
7/16/2024 07:52,26.1,21.7,76.8,0,NaN,,7,,190,10
7/16/2024 08:52,29.4,21.73,63.37,0,32.33,,11,,190,10
7/16/2024 09:52,32.2,22.26,55.7,0,36.26,,15,,200,10
7/16/2024 10:52,34.4,21.79,47.78,0,38.51,,19,,190,10
7/16/2024 11:52,35.6,21.22,43.1,0,39.42,,20,,190,10
7/16/2024 12:52,36.1,21.23,41.94,0,40.05,,15,37,190,10
7/16/2024 13:52,37.2,20.75,38.3,0,40.96,,20,44,210,10
7/16/2024 14:52,37.8,20.17,35.73,0,41.17,,13,35,230,10
7/16/2024 15:52,37.8,21.26,38.23,0,42.2,,17,35,210,10
7/16/2024 16:52,36.7,21.24,40.59,0,40.81,,19,,210,10
7/16/2024 17:52,37.2,21.25,39.5,0,41.44,,26,31,200,10
7/16/2024 18:52,35.6,21.22,43.1,0,39.42,,24,39,200,10
7/16/2024 19:52,33.9,21.78,49.12,0,37.89,,19,,190,10
7/16/2024 20:52,29.4,21.13,61.09,0,31.92,,30,54,320,10
7/16/2024 21:52,26.7,21.11,71.47,0,28.46,,7,,200,10
7/16/2024 22:52,27.8,21.11,67.01,0,29.93,,7,,310,10
7/16/2024 23:52,26.7,20.61,69.31,0,28.31,,7,,310,10
7/17/2024 00:52,26.7,20.61,69.31,0,28.31,,0,,0,10
7/17/2024 01:52,25,21.1,79.02,0,NaN,,0,,0,10
7/17/2024 02:52,26.1,21.1,74.03,0,NaN,,0,,0,10
7/17/2024 03:52,25.6,21.7,79.1,0,NaN,,0,,0,10
7/17/2024 04:52,25.6,21.7,79.1,0,NaN,,0,,0,10
7/17/2024 05:52,24.4,21.7,84.96,0,NaN,,0,,0,10
7/17/2024 06:52,25.6,21.7,79.1,0,NaN,,0,,0,10
7/17/2024 07:52,27.8,21.71,69.52,0,30.23,,0,,0,10
7/17/2024 08:52,30.6,21.74,59.16,0,33.82,,0,,0,10
7/17/2024 09:52,32.2,18.97,45.46,0,33.67,,7,,0,10
7/17/2024 10:52,33.3,19.49,44.09,0,35.25,,7,,0,10
7/17/2024 11:52,34.4,19.51,41.47,0,36.54,,9,,230,10
7/17/2024 12:52,35.6,19.03,37.62,0,37.6,,11,,270,10
7/17/2024 13:52,35,19.52,40.12,0,37.25,,11,,250,10
7/17/2024 14:52,35.6,19.53,38.81,0,37.97,,17,33,180,10
7/17/2024 15:52,35.6,20.12,40.28,0,38.45,,19,31,180,10
7/17/2024 16:52,33.3,20.08,45.76,0,35.69,,11,28,180,10
7/17/2024 17:52,23.9,22.8,93.59,914.4,NaN,,7,,100,3
7/17/2024 18:52,25.6,23.9,90.36,2.54,NaN,,7,,190,10
7/17/2024 19:52,25.6,23.3,87.16,0,NaN,,6,,160,10
7/17/2024 20:52,25,23.3,90.32,0,NaN,,0,,0,10
7/17/2024 21:52,25.6,23.9,90.36,0,NaN,,0,,0,10
7/17/2024 22:52,25.6,23.9,90.36,2.54,NaN,,13,,320,10
7/17/2024 23:52,26.1,23.3,84.63,2.54,NaN,,9,,330,10
7/18/2024 00:52,24.4,22.8,90.83,0,NaN,,9,,280,10
7/18/2024 01:52,23.9,21.7,87.54,0,NaN,,11,,300,10
7/18/2024 02:52,23.9,21.1,84.39,0,NaN,,11,,330,10
7/18/2024 03:52,23.9,19.99,78.86,0,NaN,,11,,340,10
7/18/2024 04:52,23.3,19.99,81.76,0,NaN,,6,,300,10
7/18/2024 05:52,23.9,19.39,75.98,0,NaN,,9,,340,10
7/18/2024 06:52,23.3,19.39,78.77,0,NaN,,7,,320,10
7/18/2024 07:52,23.9,19.39,75.98,0,NaN,,9,,310,10
7/18/2024 08:52,23.9,19.39,75.98,0,NaN,,11,,320,10
7/18/2024 09:52,25,19.4,71.15,0,NaN,,11,,350,10
7/18/2024 10:52,26.1,19.4,66.66,0,NaN,,13,,10,10
7/18/2024 11:52,26.7,19.41,64.35,0,27.98,,13,,360,10
7/18/2024 12:52,27.8,19.42,60.34,0,29.19,,17,,10,10
7/18/2024 13:52,28.3,18.32,54.73,0,29.29,,13,,10,10
7/18/2024 14:52,27.8,17.82,54.6,0,28.63,,15,,350,10
7/18/2024 15:52,28.9,17.83,51.23,0,29.68,,11,,340,10
7/18/2024 16:52,28.3,17.82,53.04,0,29.1,,7,,40,10
7/18/2024 17:52,28.9,17.83,51.23,0,29.68,,0,,0,10
7/18/2024 18:52,28.3,18.32,54.73,0,29.29,,11,,50,10
7/18/2024 19:52,27.8,17.82,54.6,0,28.63,,9,,60,10
7/18/2024 20:52,26.1,18.3,62.24,0,NaN,,9,,100,10
7/18/2024 21:52,25,18.3,66.43,0,NaN,,6,,110,10
7/18/2024 22:52,23.9,19.39,75.98,0,NaN,,0,,0,10
7/18/2024 23:52,22.2,18.89,81.62,0,NaN,,0,,0,10
7/19/2024 00:52,22.2,18.89,81.62,0,NaN,,0,,0,10
7/19/2024 01:52,21.7,18.89,84.14,0,NaN,,6,,320,10
7/19/2024 02:52,22.8,19.39,81.19,0,NaN,,6,,310,10
7/19/2024 03:52,23.9,17.19,66.2,0,NaN,,13,,20,10
7/19/2024 04:52,23.3,14.99,59.66,0,NaN,,19,,20,10
7/19/2024 05:52,22.2,14.98,63.76,0,NaN,,17,,10,10
7/19/2024 06:52,22.2,14.98,63.76,0,NaN,,15,,20,10
7/19/2024 07:52,22.2,14.98,63.76,0,NaN,,15,,40,10
7/19/2024 08:52,22.8,15.59,63.9,0,NaN,,11,,50,10
7/19/2024 09:52,23.3,14.99,59.66,0,NaN,,13,,40,10
7/19/2024 10:52,25,14.99,53.88,0,NaN,,13,,90,10
7/19/2024 11:52,26.1,15,50.48,0,NaN,,15,,100,10
7/19/2024 12:52,26.7,15.61,50.64,0,27.18,,11,,110,10
7/19/2024 13:52,28.3,16.73,49.48,0,28.74,,7,,0,10
7/19/2024 14:52,29.4,17.24,47.92,0,29.92,,0,,0,10
7/19/2024 15:52,29.4,17.24,47.92,0,29.92,,9,,190,10
7/19/2024 16:52,28.9,16.73,47.79,0,29.28,,9,,0,10
7/19/2024 17:52,30,17.24,46.3,0,30.5,,9,,70,10
7/19/2024 18:52,29.4,16.74,46.43,0,29.73,,13,,90,10
7/19/2024 19:52,27.8,17.22,52.57,0,28.45,,9,,170,10
7/19/2024 20:52,26.1,17.8,60.32,0,NaN,,9,,150,10
7/19/2024 21:52,25,17.8,64.38,0,NaN,,9,,160,10
7/19/2024 22:52,24.4,17.79,66.73,0,NaN,,9,,160,10
7/19/2024 23:52,25,18.9,68.97,0,NaN,,9,,150,10
7/20/2024 00:52,24.4,18.89,71.48,0,NaN,,9,,170,10
7/20/2024 01:52,23.9,18.89,73.66,0,NaN,,11,,190,10
7/20/2024 02:52,23.9,19.39,75.98,0,NaN,,7,,180,10
7/20/2024 03:52,23.3,19.99,81.76,0,NaN,,9,,180,10
7/20/2024 04:52,22.8,19.99,84.26,0,NaN,,6,,170,10
7/20/2024 05:52,21.7,20,90.09,0,NaN,,7,,150,10
7/20/2024 06:52,22.8,21.1,90.17,0,NaN,,6,,170,10
7/20/2024 07:52,23.3,21.7,90.75,0,NaN,,11,,190,10
7/20/2024 08:52,25,21.7,81.97,0,NaN,,9,,180,10
7/20/2024 09:52,25.6,21.1,76.26,0,NaN,,11,,170,10
7/20/2024 10:52,27.2,21.11,69.4,0,29.14,,9,,0,10
7/20/2024 11:52,28.3,20.62,63.13,0,30.3,,17,,130,10
7/20/2024 12:52,28.3,20.02,60.83,0,30.01,,15,,180,10
7/20/2024 13:52,27.8,20.61,64.99,0,29.7,,11,,150,10
7/20/2024 14:52,25,20.6,76.63,0,NaN,,11,,130,10
7/20/2024 15:52,24.4,21.7,84.96,0,NaN,,13,,150,8
7/20/2024 16:52,24.4,21.7,84.96,0,NaN,,9,,0,10
7/20/2024 17:52,24.4,19.39,73.74,0,NaN,,6,,160,10
7/20/2024 18:52,25,20,73.85,0,NaN,,11,,160,10
7/20/2024 19:52,24.4,21.1,81.9,0,NaN,,11,,200,10
7/20/2024 20:52,23.3,20.6,84.84,0,NaN,,7,,170,10
7/20/2024 21:52,22.8,19.99,84.26,0,NaN,,0,,0,10
7/20/2024 22:52,21.7,20,90.09,0,NaN,,7,,170,10
7/20/2024 23:52,21.1,20,93.45,0,NaN,,0,,0,10
7/21/2024 00:52,20.6,19.4,92.85,0,NaN,,0,,0,10
7/21/2024 01:52,20,18.9,93.4,0,NaN,,0,,0,10
7/21/2024 02:52,20,18.9,93.4,0,NaN,,0,,0,10
7/21/2024 03:52,20,18.9,93.4,0,NaN,,0,,0,10
7/21/2024 04:52,19.4,18.9,96.94,0,NaN,,0,,0,10
7/21/2024 05:52,20,18.9,93.4,0,NaN,,0,,0,10
7/21/2024 06:52,20.6,19.4,92.85,0,NaN,,0,,0,10
7/21/2024 07:52,23.3,20.6,84.84,0,NaN,,0,,0,10
7/21/2024 08:52,25.6,21.1,76.26,0,NaN,,0,,0,10
7/21/2024 09:52,26.7,21.11,71.47,0,28.46,,9,,40,10
7/21/2024 10:52,28.9,20.03,58.76,0,30.68,,0,,0,10
7/21/2024 11:52,30.6,19.45,51.35,0,32.22,,9,,0,10
7/21/2024 12:52,31.7,15.68,37.97,0,31.53,,7,,0,10
7/21/2024 13:52,31.1,17.26,43.48,0,31.59,,6,,0,10
7/21/2024 14:52,31.7,17.27,42.03,0,32.2,,9,,270,10
7/21/2024 15:52,31.7,18.36,45.04,0,32.77,,11,,170,10
7/21/2024 16:52,32.2,18.37,43.79,0,33.31,,9,,170,10
7/21/2024 17:52,31.7,18.36,45.04,0,32.77,,11,,190,10
7/21/2024 18:52,31.1,18.95,48.38,0,32.47,,11,,150,10
7/21/2024 19:52,29.4,18.93,53.32,0,30.66,,7,,160,10
7/21/2024 20:52,28.9,19.43,56.61,0,30.38,,11,,170,10
7/21/2024 21:52,28.3,20.62,63.13,0,30.3,,11,,170,10
7/21/2024 22:52,27.2,21.11,69.4,0,29.14,,15,,190,10
7/21/2024 23:52,26.7,21.11,71.47,0,28.46,,11,,170,10
7/22/2024 00:52,26.1,21.7,76.8,0,NaN,,9,,170,10
7/22/2024 01:52,25,21.7,81.97,0,NaN,,9,,150,10
7/22/2024 02:52,25,21.7,81.97,0,NaN,,7,,170,10
7/22/2024 03:52,25,21.7,81.97,0,NaN,,11,,170,10
7/22/2024 04:52,24.4,22.2,87.58,0,NaN,,7,,150,10
7/22/2024 05:52,24.4,22.2,87.58,2.54,NaN,,6,,160,10
7/22/2024 06:52,24.4,22.8,90.83,2.54,NaN,,7,,160,7
7/22/2024 07:52,24.4,22.8,90.83,2.54,NaN,,9,,160,7
7/22/2024 08:52,25,22.8,87.64,2.54,NaN,,11,,150,10
7/22/2024 09:52,26.1,21.7,76.8,0,NaN,,9,,170,10
7/22/2024 10:52,25,22.2,84.51,25.4,NaN,,6,,190,10
7/22/2024 11:52,25.6,22.2,81.55,2.54,NaN,,7,,150,10
7/22/2024 12:52,27.2,21.71,72,2.54,29.39,,11,,200,10
7/22/2024 13:52,28.3,21.12,65.09,0,30.56,,19,,190,10
7/22/2024 14:52,28.9,21.12,62.87,0,31.31,,15,,190,10
7/22/2024 15:52,30,20.63,57.23,0,32.3,,17,,130,10
7/22/2024 16:52,28.3,21.72,67.53,0,30.9,,17,,110,10
7/22/2024 17:52,28.3,21.12,65.09,0,30.56,,15,,150,10
7/22/2024 18:52,27.8,21.11,67.01,0,29.93,,13,,150,10
7/22/2024 19:52,26.7,22.21,76.43,0,28.82,,13,,120,10
7/22/2024 20:52,25,22.2,84.51,0,NaN,,11,,140,10
7/22/2024 21:52,25.6,22.2,81.55,0,NaN,,9,,160,10
7/22/2024 22:52,22.8,21.1,90.17,152.4,NaN,,17,,200,10
7/22/2024 23:52,22.2,20.6,90.68,2.54,NaN,,11,,200,10
7/23/2024 00:52,21.7,20.6,93.48,0,NaN,,6,,190,10
7/23/2024 01:52,21.7,20.6,93.48,0,NaN,,6,,300,10
7/23/2024 02:52,21.1,20,93.45,0,NaN,,0,,0,10
7/23/2024 03:52,20.6,20,96.37,0,NaN,,0,,0,10
7/23/2024 04:52,20,19.4,96.35,0,NaN,,0,,0,7
7/23/2024 05:52,20.6,19.4,92.85,0,NaN,,0,,0,7
7/23/2024 06:52,22.2,19.39,84.2,0,NaN,,7,,330,10
7/23/2024 07:52,22.8,18.89,78.7,0,NaN,,17,,310,10
7/23/2024 08:52,25,18.9,68.97,0,NaN,,7,,0,10
7/23/2024 09:52,26.7,18.31,60.08,0,27.72,,15,,280,10
7/23/2024 11:52,27.8,18.32,56.34,0,28.8,,11,,300,10
7/23/2024 12:52,28.3,18.32,54.73,0,29.29,,0,,0,10
7/23/2024 13:52,28.9,17.83,51.23,0,29.68,,11,,310,10
7/23/2024 14:52,30.6,17.85,46.46,0,31.36,,9,,0,10
7/23/2024 15:52,32.2,17.88,42.44,0,33.04,,7,,0,10
7/23/2024 16:52,31.7,16.77,40.72,0,31.98,,9,,260,10
7/23/2024 17:52,32.2,18.37,43.79,0,33.31,,7,,310,10
7/23/2024 18:52,30.6,18.95,49.78,0,31.93,,11,,160,10
7/23/2024 19:52,29.4,19.43,55,0,30.92,,13,,170,10
7/23/2024 20:52,28.3,19.42,58.61,2.54,29.73,,13,,160,10
7/23/2024 21:52,25,22.8,87.64,101.6,NaN,,13,,200,8
7/23/2024 22:52,23.9,22.2,90.25,152.4,NaN,,13,,200,7
7/23/2024 23:52,23.3,22.2,93.56,50.8,NaN,,6,,210,10
7/24/2024 00:52,23.3,22.2,93.56,2.54,NaN,,6,,180,10
7/24/2024 01:52,23.3,22.2,93.56,25.4,NaN,,0,,0,10
7/24/2024 02:52,22.8,22.2,96.43,0,NaN,,0,,0,10
7/24/2024 03:52,23.3,22.2,93.56,2.54,NaN,,7,,150,10
7/24/2024 04:52,23.3,22.2,93.56,2.54,NaN,,7,,150,10
7/24/2024 05:52,22.8,21.7,93.54,2.54,NaN,,0,,0,10
7/24/2024 06:52,23.3,22.2,93.56,0,NaN,,0,,0,10
7/24/2024 07:52,23.3,22.2,93.56,0,NaN,,7,,220,10
7/24/2024 08:52,23.9,22.8,93.59,0,NaN,,6,,180,10
7/24/2024 09:52,25,22.8,87.64,0,NaN,,0,,0,10
7/24/2024 10:52,26.1,22.8,82.11,0,NaN,,6,,300,10
7/24/2024 11:52,28.9,22.22,67.24,0,32.03,,6,,340,10
7/24/2024 12:52,28.3,21.12,65.09,0,30.56,,6,,190,10
7/24/2024 13:52,30,21.13,59.02,0,32.64,,9,,230,10
7/24/2024 14:52,30,21.13,59.02,0,32.64,,9,,190,10
7/24/2024 15:52,27.2,21.11,69.4,0,29.14,,20,,350,10
7/24/2024 16:52,24.4,22.8,90.83,533.4,NaN,,0,,0,7
7/24/2024 17:52,25,22.2,84.51,2.54,NaN,,0,,0,10
7/24/2024 18:52,25,23.3,90.32,2.54,NaN,,7,,180,10
7/24/2024 19:52,25,23.3,90.32,2.54,NaN,,7,,190,10
7/24/2024 20:52,24.4,22.8,90.83,0,NaN,,0,,0,10
7/24/2024 21:52,23.3,22.2,93.56,0,NaN,,0,,0,10
7/24/2024 22:52,23.3,22.2,93.56,0,NaN,,0,,0,10
7/24/2024 23:52,22.8,21.7,93.54,0,NaN,,0,,0,10
7/25/2024 00:52,22.8,22.2,96.43,0,NaN,,7,,160,10
7/25/2024 01:52,22.2,21.7,97,0,NaN,,0,,0,7
7/25/2024 02:52,22.8,21.7,93.54,0,NaN,,0,,0,8
7/25/2024 03:52,23.3,22.8,97.03,2.54,NaN,,6,,180,10
7/25/2024 04:52,23.9,22.8,93.59,2.54,NaN,,6,,200,10
7/25/2024 05:52,23.3,22.2,93.56,0,NaN,,7,,190,10
7/25/2024 06:52,23.3,22.2,93.56,0,NaN,,9,,170,10
7/25/2024 07:52,23.9,22.2,90.25,2.54,NaN,,6,,290,10
7/25/2024 08:52,25.6,21.7,79.1,0,NaN,,6,,310,10
7/25/2024 09:52,27.2,20.61,67.3,0,28.95,,7,,270,10
7/25/2024 10:52,27.8,19.42,60.34,0,29.19,,9,,320,10
7/25/2024 11:52,29.4,19.43,55,0,30.92,,15,,330,10
7/25/2024 12:52,29.4,18.93,53.32,0,30.66,,9,,0,10
7/25/2024 13:52,29.4,18.93,53.32,0,30.66,,11,,330,10
7/25/2024 14:52,28.3,19.42,58.61,0,29.73,,11,,300,10
7/25/2024 15:52,28.9,19.43,56.61,0,30.38,,9,,280,10
7/25/2024 16:52,28.3,19.42,58.61,0,29.73,,6,,0,10
7/25/2024 17:52,28.3,19.42,58.61,0,29.73,,0,,0,10
7/25/2024 18:52,27.8,19.42,60.34,0,29.19,,13,,150,10
7/25/2024 19:52,25.6,22.8,84.57,2.54,NaN,,7,,190,7
7/25/2024 20:52,24.4,22.2,87.58,2.54,NaN,,7,,170,10
7/25/2024 21:52,23.9,21.7,87.54,0,NaN,,7,,190,10
7/25/2024 22:52,23.3,21.7,90.75,0,NaN,,0,,0,8
7/25/2024 23:52,22.2,21.1,93.51,0,NaN,,7,,220,7
7/26/2024 00:52,23.3,21.1,87.49,0,NaN,,6,,340,10
7/26/2024 01:52,23.3,20.6,84.84,0,NaN,,11,,350,10
7/26/2024 02:52,22.8,19.99,84.26,0,NaN,,6,,300,10
7/26/2024 03:52,23.3,19.39,78.77,0,NaN,,17,,10,10
7/26/2024 04:52,22.8,17.79,73.46,0,NaN,,15,,20,10
7/26/2024 05:52,21.7,14.98,65.73,0,NaN,,11,,40,10
7/26/2024 06:52,21.7,13.88,61.23,0,NaN,,13,,30,10
7/26/2024 07:52,22.2,14.98,63.76,0,NaN,,15,,40,10
7/26/2024 08:52,23.3,13.88,55.57,0,NaN,,19,,50,10
7/26/2024 09:52,23.9,12.79,49.89,0,NaN,,15,,40,10
7/26/2024 10:52,25.6,12.8,45.08,0,NaN,,17,,40,10
7/26/2024 11:52,26.7,11.72,39.31,0,26.45,,9,,0,10
7/26/2024 12:52,27.2,10.62,35.49,0,26.79,,17,,40,10
7/26/2024 13:52,27.8,11.73,36.86,0,27.3,,15,,50,10
7/26/2024 14:52,28.9,13.34,38.41,0,28.37,,9,,0,10
7/26/2024 15:52,28.3,12.83,38.49,0,27.82,,13,,150,10
7/26/2024 16:52,28.3,13.33,39.76,0,27.91,,0,,0,10
7/26/2024 17:52,27.8,13.33,40.94,0,27.55,,9,,0,10
7/26/2024 18:52,27.2,13.92,44.08,0,27.24,,9,,80,10
7/26/2024 19:52,26.1,13.9,47.02,0,NaN,,9,,80,10
7/26/2024 20:52,24.4,13.29,50.03,0,NaN,,6,,0,10
7/26/2024 21:52,23.3,14.38,57.39,0,NaN,,7,,180,10
7/26/2024 22:52,20.6,14.98,70.32,0,NaN,,6,,200,10
7/26/2024 23:52,19.4,15.58,78.7,0,NaN,,0,,0,10
7/27/2024 00:52,18.9,15.58,81.19,0,NaN,,0,,0,10
7/27/2024 01:52,17.8,14.98,83.69,0,NaN,,0,,0,10
7/27/2024 02:52,16.7,14.99,89.71,0,NaN,,0,,0,10
7/27/2024 03:52,16.1,14.99,93.2,0,NaN,,0,,0,10
7/27/2024 04:52,16.7,14.99,89.71,0,NaN,,6,,330,10
7/27/2024 05:52,17.8,14.98,83.69,0,NaN,,7,,310,10
7/27/2024 06:52,18.3,15.58,84.29,0,NaN,,7,,320,10
7/27/2024 07:52,20.6,16.08,75.44,0,NaN,,9,,300,10
7/27/2024 08:52,24.4,14.39,53.73,0,NaN,,11,,0,10
7/27/2024 09:52,26.7,13.91,45.39,0,26.61,,9,,40,10
7/27/2024 10:52,28.3,14.43,42.7,0,28.14,,9,,0,10
7/27/2024 11:52,28.9,13.34,38.41,0,28.37,,9,,0,10
7/27/2024 12:52,29.4,13.35,37.31,0,28.77,,15,,70,10
7/27/2024 13:52,30,12.26,33.55,0,29.04,,11,,80,10
7/27/2024 14:52,31.1,12.28,31.51,0,29.98,,6,,0,10
7/27/2024 15:52,30,12.26,33.55,0,29.04,,9,,90,10
7/27/2024 16:52,30.6,11.78,31.37,0,29.45,,11,,80,10
7/27/2024 17:52,30.6,11.78,31.37,0,29.45,,0,,0,10
7/27/2024 18:52,29.4,12.25,34.72,0,28.55,,11,,60,10
7/27/2024 19:52,28.3,12.23,37,0,27.72,,15,,50,10
7/27/2024 20:52,26.1,12.81,43.77,0,NaN,,11,,70,10
7/27/2024 21:52,24.4,13.89,52.02,0,NaN,,11,,130,10
7/27/2024 22:52,22.2,14.98,63.76,0,NaN,,6,,140,10
7/27/2024 23:52,22.8,14.98,61.48,0,NaN,,7,,160,10
7/28/2024 00:52,20,14.98,72.97,0,NaN,,0,,0,10
7/28/2024 01:52,17.8,14.98,83.69,0,NaN,,0,,0,10
7/28/2024 02:52,18.9,15.58,81.19,0,NaN,,0,,0,10
7/28/2024 03:52,17.2,15.59,90.33,0,NaN,,0,,0,10
7/28/2024 04:52,17.2,14.99,86.92,0,NaN,,0,,0,10
7/28/2024 05:52,17.2,14.99,86.92,0,NaN,,6,,300,10
7/28/2024 06:52,17.2,15.59,90.33,0,NaN,,0,,0,10
7/28/2024 07:52,21.7,16.68,73.27,0,NaN,,0,,0,10
7/28/2024 08:52,25.6,16.7,57.96,0,NaN,,0,,0,10
7/28/2024 09:52,27.8,16.72,50.94,0,28.31,,0,,0,10
7/28/2024 10:52,28.9,16.13,46,0,29.08,,7,,0,10
7/28/2024 11:52,30.6,15.66,40.41,0,30.46,,7,,200,10
7/28/2024 12:52,31.1,16.16,40.55,0,31.12,,9,,0,10
7/28/2024 13:52,31.1,15.67,39.28,0,30.94,,9,,100,10
7/28/2024 14:52,32.2,14.49,34.17,0,31.6,,13,,110,10
7/28/2024 15:52,31.7,15.68,37.97,0,31.53,,19,,150,10
7/28/2024 16:52,32.2,15.69,36.91,0,32.03,,11,28,140,10
7/28/2024 17:52,31.7,15.68,37.97,0,31.53,,9,,150,10
7/28/2024 18:52,31.1,15.67,39.28,0,30.94,,13,,180,10
7/28/2024 19:52,29.4,15.64,43.29,0,29.37,,19,,200,10
7/28/2024 20:52,27.8,16.12,49.03,0,28.15,,11,,170,10
7/28/2024 21:52,26.1,16.7,56.27,0,NaN,,13,,160,10
7/28/2024 22:52,26.1,17.2,58.08,0,NaN,,15,,180,10
7/28/2024 23:52,25,17.2,61.99,0,NaN,,9,,170,10
7/29/2024 00:52,24.4,17.79,66.73,0,NaN,,13,,180,10
7/29/2024 01:52,24.4,17.79,66.73,0,NaN,,11,,160,10
7/29/2024 02:52,23.9,17.79,68.75,0,NaN,,11,,190,10
7/29/2024 03:52,23.3,17.79,71.28,0,NaN,,7,,180,10
7/29/2024 04:52,21.7,17.79,78.54,0,NaN,,6,,150,10
7/29/2024 05:52,21.1,17.79,81.48,0,NaN,,6,,140,10
7/29/2024 06:52,21.1,17.79,81.48,0,NaN,,0,,0,10
7/29/2024 07:52,23.3,18.29,73.55,0,NaN,,11,,190,10
7/29/2024 08:52,24.4,18.89,71.48,0,NaN,,9,,180,10
7/29/2024 09:52,27.2,19.41,62.49,0,28.54,,6,,190,10
7/29/2024 10:52,30,18.94,51.51,0,31.29,,6,,0,10
7/29/2024 11:52,31.7,18.36,45.04,0,32.77,,7,,0,10
7/29/2024 12:52,33.3,18.99,42.74,0,34.91,,7,,200,10
7/29/2024 13:52,33.3,18.99,42.74,0,34.91,,9,,0,10
7/29/2024 14:52,33.9,18.4,39.81,0,35.21,,9,28,170,10
7/29/2024 15:52,35,17.93,36.3,0,36.17,,17,31,250,10
7/29/2024 16:52,32.8,18.98,43.95,0,34.34,,24,,200,10
7/29/2024 17:52,31.1,18.95,48.38,0,32.47,,22,37,220,10
7/29/2024 18:52,30,19.44,53.14,0,31.56,,19,,190,10
7/29/2024 19:52,28.3,20.62,63.13,0,30.3,,19,,200,10
7/29/2024 20:52,27.2,21.11,69.4,0,29.14,,13,,190,10
7/29/2024 21:52,26.7,21.71,74.14,0,28.65,,19,,200,10
7/29/2024 22:52,26.1,21.7,76.8,0,NaN,,22,,190,10
7/29/2024 23:52,25.6,21.1,76.26,0,NaN,,20,,190,10
7/30/2024 00:52,24.4,20.6,79.42,0,NaN,,24,35,200,10
7/30/2024 01:52,23.9,20.6,81.83,0,NaN,,20,,200,10
7/30/2024 02:52,23.9,20.6,81.83,0,NaN,,17,,200,10
7/30/2024 03:52,23.9,20.6,81.83,0,NaN,,19,,200,10
7/30/2024 04:52,23.9,21.1,84.39,0,NaN,,13,,180,10
7/30/2024 05:52,23.9,21.1,84.39,2.54,NaN,,11,,180,10
7/30/2024 06:52,23.9,21.1,84.39,2.54,NaN,,15,,190,10
7/30/2024 07:52,23.9,21.1,84.39,0,NaN,,13,,190,10
7/30/2024 08:52,24.4,21.1,81.9,0,NaN,,11,,190,10
7/30/2024 09:52,25,21.1,79.02,0,NaN,,15,,190,10
7/30/2024 10:52,25.6,21.1,76.26,0,NaN,,13,,190,10
7/30/2024 11:52,26.7,21.71,74.14,0,28.65,,17,,170,10
7/30/2024 12:52,28.3,21.12,65.09,0,30.56,,17,,200,10
7/30/2024 13:52,29.4,21.13,61.09,0,31.92,,17,33,170,10
7/30/2024 14:52,30,21.13,59.02,0,32.64,,22,37,160,10
7/30/2024 15:52,31.1,21.15,55.43,0,33.95,,22,35,170,10
7/30/2024 16:52,30,21.73,61.22,0,33.08,,17,,190,10
7/30/2024 17:52,28.9,22.22,67.24,2.54,32.03,,26,50,160,2
7/30/2024 18:52,26.7,23.3,81.69,304.8,29.22,,11,,200,10
7/30/2024 19:52,25,20.6,76.63,0,NaN,,9,,190,10
7/30/2024 20:52,25,20,73.85,0,NaN,,11,,180,10
7/30/2024 21:52,24.4,20,76.54,0,NaN,,7,,200,10
7/30/2024 22:52,23.9,20.6,81.83,0,NaN,,11,,200,10
7/30/2024 23:52,23.9,21.1,84.39,0,NaN,,6,,190,10
7/31/2024 00:52,23.3,21.1,87.49,2.54,NaN,,9,,150,10
7/31/2024 01:52,23.3,21.1,87.49,0,NaN,,9,,180,10
7/31/2024 02:52,23.3,21.7,90.75,0,NaN,,9,,190,10
7/31/2024 03:52,23.3,21.7,90.75,2.54,NaN,,7,,220,10
7/31/2024 04:52,22.8,21.7,93.54,0,NaN,,9,,210,10
7/31/2024 05:52,22.8,21.7,93.54,0,NaN,,7,,240,9
7/31/2024 06:52,22.8,22.2,96.43,0,NaN,,6,,180,1
7/31/2024 07:52,22.8,22.2,96.43,0,NaN,,0,,0,4
7/31/2024 08:52,25.6,22.2,81.55,0,NaN,,7,,200,6
7/31/2024 09:52,28.9,21.72,65.22,0,31.69,,0,,0,10
7/31/2024 10:52,30.6,21.74,59.16,0,33.82,,6,,0,10
7/31/2024 11:52,32.8,20.67,48.83,0,35.57,,7,,0,10
7/31/2024 12:52,33.9,20.09,44.25,0,36.4,,13,28,280,10
7/31/2024 13:52,34.4,19.51,41.47,0,36.54,,11,28,290,10
7/31/2024 14:52,33.9,19.5,42.64,0,35.95,,15,,230,10
7/31/2024 15:52,35.6,19.53,38.81,0,37.97,,17,,280,10
7/31/2024 16:52,34.4,19.01,40.2,0,36.18,,17,30,260,10
7/31/2024 17:52,34.4,19.51,41.47,0,36.54,,15,,260,10
7/31/2024 18:52,31.1,21.74,57.5,0,34.44,,9,,160,10
7/31/2024 19:52,30,21.13,59.02,0,32.64,,15,,160,10
